<?xml version="1.0" encoding="UTF-8"?>
<!-- Created with BasicAirData GPS Logger for Android - ver. 3.3.0 -->
<!-- Track 87 = 2094 TrackPoints + 0 Placemarks -->

<!-- Track Statistics (based on Total Time | Time in Movement): -->
<!--  Distance = 17.0 km -->
<!--  Duration = 36:17 | 29:03 -->
<!--  Altitude Gap = 8 m -->
<!--  Max Speed = 131 km/h -->
<!--  Avg Speed = 28.2 | 35.2 km/h -->
<!--  Direction = WNW -->
<!--  Activity = car -->
<!--  Altitudes = Raw -->

<gpx version="1.0"
     creator="BasicAirData GPS Logger 3.3.0"
     xmlns="http://www.topografix.com/GPX/1/0"
     xmlns:xsi="http://www.w3.org/2001/XMLSchema-instance"
     xsi:schemaLocation="http://www.topografix.com/GPX/1/0 http://www.topografix.com/GPX/1/0/gpx.xsd">
<name>GPS Logger 20261008-160132</name>
<time>2026-10-08T21:50:11Z</time>
<keywords>car</keywords>
<bounds minlat="41.67597550" minlon="26.34591856" maxlat="41.71876502" maxlon="26.53781183" />

<trk>
 <name>Track 20261008-160132</name>
 <trkseg>
  <trkpt lat="41.67676048" lon="26.53781183"><ele>74.897</ele><time>2026-10-08T13:01:32Z</time><speed>14.220</speed><sat>36</sat></trkpt>
  <trkpt lat="41.67664847" lon="26.53769322"><ele>74.606</ele><time>2026-10-08T13:01:33Z</time><speed>14.170</speed><sat>36</sat></trkpt>
  <trkpt lat="41.67656502" lon="26.53751969"><ele>74.260</ele><time>2026-10-08T13:01:34Z</time><speed>16.990</speed><sat>36</sat></trkpt>
  <trkpt lat="41.67645112" lon="26.53736574"><ele>74.483</ele><time>2026-10-08T13:01:35Z</time><speed>18.040</speed><sat>36</sat></trkpt>
  <trkpt lat="41.67636056" lon="26.53719077"><ele>73.318</ele><time>2026-10-08T13:01:36Z</time><speed>17.890</speed><sat>37</sat></trkpt>
  <trkpt lat="41.67627014" lon="26.53701231"><ele>72.712</ele><time>2026-10-08T13:01:37Z</time><speed>18.110</speed><sat>37</sat></trkpt>
  <trkpt lat="41.67617628" lon="26.53683423"><ele>72.081</ele><time>2026-10-08T13:01:38Z</time><speed>18.130</speed><sat>36</sat></trkpt>
  <trkpt lat="41.67612537" lon="26.53660371"><ele>73.525</ele><time>2026-10-08T13:01:39Z</time><speed>18.900</speed><sat>36</sat></trkpt>
  <trkpt lat="41.67606955" lon="26.53639216"><ele>73.328</ele><time>2026-10-08T13:01:40Z</time><speed>19.160</speed><sat>37</sat></trkpt>
  <trkpt lat="41.67603200" lon="26.53617802"><ele>73.549</ele><time>2026-10-08T13:01:41Z</time><speed>19.110</speed><sat>37</sat></trkpt>
  <trkpt lat="41.67599786" lon="26.53594436"><ele>73.169</ele><time>2026-10-08T13:01:42Z</time><speed>19.840</speed><sat>37</sat></trkpt>
  <trkpt lat="41.67597550" lon="26.53571291"><ele>73.389</ele><time>2026-10-08T13:01:43Z</time><speed>19.630</speed><sat>37</sat></trkpt>
  <trkpt lat="41.67599560" lon="26.53548090"><ele>73.477</ele><time>2026-10-08T13:01:44Z</time><speed>19.240</speed><sat>36</sat></trkpt>
  <trkpt lat="41.67602039" lon="26.53525643"><ele>74.468</ele><time>2026-10-08T13:01:45Z</time><speed>19.330</speed><sat>34</sat></trkpt>
  <trkpt lat="41.67602035" lon="26.53501715"><ele>75.302</ele><time>2026-10-08T13:01:46Z</time><speed>19.830</speed><sat>31</sat></trkpt>
  <trkpt lat="41.67602629" lon="26.53478177"><ele>76.047</ele><time>2026-10-08T13:01:47Z</time><speed>19.800</speed><sat>30</sat></trkpt>
  <trkpt lat="41.67602845" lon="26.53453715"><ele>76.357</ele><time>2026-10-08T13:01:48Z</time><speed>19.910</speed><sat>33</sat></trkpt>
  <trkpt lat="41.67603317" lon="26.53429184"><ele>76.419</ele><time>2026-10-08T13:01:49Z</time><speed>20.030</speed><sat>34</sat></trkpt>
  <trkpt lat="41.67603001" lon="26.53404835"><ele>75.323</ele><time>2026-10-08T13:01:50Z</time><speed>20.210</speed><sat>33</sat></trkpt>
  <trkpt lat="41.67603235" lon="26.53380633"><ele>75.637</ele><time>2026-10-08T13:01:51Z</time><speed>19.890</speed><sat>35</sat></trkpt>
  <trkpt lat="41.67604447" lon="26.53356410"><ele>75.261</ele><time>2026-10-08T13:01:52Z</time><speed>20.400</speed><sat>37</sat></trkpt>
  <trkpt lat="41.67605868" lon="26.53331972"><ele>75.041</ele><time>2026-10-08T13:01:53Z</time><speed>20.440</speed><sat>37</sat></trkpt>
  <trkpt lat="41.67606727" lon="26.53306999"><ele>74.692</ele><time>2026-10-08T13:01:54Z</time><speed>20.780</speed><sat>37</sat></trkpt>
  <trkpt lat="41.67608593" lon="26.53285613"><ele>74.397</ele><time>2026-10-08T13:01:55Z</time><speed>18.510</speed><sat>37</sat></trkpt>
  <trkpt lat="41.67609432" lon="26.53258900"><ele>75.374</ele><time>2026-10-08T13:01:56Z</time><speed>21.280</speed><sat>36</sat></trkpt>
  <trkpt lat="41.67610824" lon="26.53234146"><ele>76.590</ele><time>2026-10-08T13:01:57Z</time><speed>20.510</speed><sat>35</sat></trkpt>
  <trkpt lat="41.67612455" lon="26.53210749"><ele>77.961</ele><time>2026-10-08T13:01:58Z</time><speed>20.270</speed><sat>29</sat></trkpt>
  <trkpt lat="41.67613901" lon="26.53185870"><ele>79.241</ele><time>2026-10-08T13:01:59Z</time><speed>20.940</speed><sat>28</sat></trkpt>
  <trkpt lat="41.67616166" lon="26.53162882"><ele>79.729</ele><time>2026-10-08T13:02:00Z</time><speed>19.540</speed><sat>28</sat></trkpt>
  <trkpt lat="41.67618836" lon="26.53137695"><ele>78.790</ele><time>2026-10-08T13:02:01Z</time><speed>20.110</speed><sat>31</sat></trkpt>
  <trkpt lat="41.67619819" lon="26.53116243"><ele>78.752</ele><time>2026-10-08T13:02:02Z</time><speed>17.840</speed><sat>33</sat></trkpt>
  <trkpt lat="41.67621178" lon="26.53094092"><ele>77.481</ele><time>2026-10-08T13:02:03Z</time><speed>18.430</speed><sat>33</sat></trkpt>
  <trkpt lat="41.67623609" lon="26.53072655"><ele>78.502</ele><time>2026-10-08T13:02:04Z</time><speed>18.090</speed><sat>35</sat></trkpt>
  <trkpt lat="41.67625640" lon="26.53050932"><ele>78.953</ele><time>2026-10-08T13:02:05Z</time><speed>18.230</speed><sat>34</sat></trkpt>
  <trkpt lat="41.67628066" lon="26.53030232"><ele>78.983</ele><time>2026-10-08T13:02:06Z</time><speed>18.290</speed><sat>34</sat></trkpt>
  <trkpt lat="41.67631027" lon="26.53009055"><ele>78.703</ele><time>2026-10-08T13:02:07Z</time><speed>18.170</speed><sat>34</sat></trkpt>
  <trkpt lat="41.67634200" lon="26.52987731"><ele>77.953</ele><time>2026-10-08T13:02:08Z</time><speed>18.200</speed><sat>34</sat></trkpt>
  <trkpt lat="41.67637410" lon="26.52966642"><ele>78.267</ele><time>2026-10-08T13:02:09Z</time><speed>18.180</speed><sat>35</sat></trkpt>
  <trkpt lat="41.67641112" lon="26.52944757"><ele>77.866</ele><time>2026-10-08T13:02:10Z</time><speed>18.180</speed><sat>34</sat></trkpt>
  <trkpt lat="41.67644472" lon="26.52923565"><ele>77.540</ele><time>2026-10-08T13:02:11Z</time><speed>18.280</speed><sat>34</sat></trkpt>
  <trkpt lat="41.67646877" lon="26.52902196"><ele>77.831</ele><time>2026-10-08T13:02:12Z</time><speed>18.020</speed><sat>34</sat></trkpt>
  <trkpt lat="41.67650195" lon="26.52880695"><ele>77.919</ele><time>2026-10-08T13:02:13Z</time><speed>18.370</speed><sat>32</sat></trkpt>
  <trkpt lat="41.67653195" lon="26.52858213"><ele>77.954</ele><time>2026-10-08T13:02:14Z</time><speed>18.760</speed><sat>30</sat></trkpt>
  <trkpt lat="41.67656130" lon="26.52835418"><ele>77.940</ele><time>2026-10-08T13:02:15Z</time><speed>18.860</speed><sat>30</sat></trkpt>
  <trkpt lat="41.67692224" lon="26.52585681"><ele>80.249</ele><time>2026-10-08T13:02:26Z</time><speed>19.030</speed><sat>11</sat></trkpt>
  <trkpt lat="41.67702665" lon="26.52573176"><ele>81.238</ele><time>2026-10-08T13:02:27Z</time><speed>17.110</speed><sat>12</sat></trkpt>
  <trkpt lat="41.67710887" lon="26.52558069"><ele>81.854</ele><time>2026-10-08T13:02:28Z</time><speed>15.860</speed><sat>13</sat></trkpt>
  <trkpt lat="41.67719657" lon="26.52549719"><ele>81.739</ele><time>2026-10-08T13:02:29Z</time><speed>14.020</speed><sat>13</sat></trkpt>
  <trkpt lat="41.67727003" lon="26.52540661"><ele>81.454</ele><time>2026-10-08T13:02:30Z</time><speed>13.170</speed><sat>13</sat></trkpt>
  <trkpt lat="41.67731356" lon="26.52526362"><ele>81.434</ele><time>2026-10-08T13:02:31Z</time><speed>12.290</speed><sat>12</sat></trkpt>
  <trkpt lat="41.67736613" lon="26.52516641"><ele>80.372</ele><time>2026-10-08T13:02:32Z</time><speed>11.380</speed><sat>13</sat></trkpt>
  <trkpt lat="41.67739410" lon="26.52504728"><ele>79.508</ele><time>2026-10-08T13:02:33Z</time><speed>10.340</speed><sat>12</sat></trkpt>
  <trkpt lat="41.67742562" lon="26.52494583"><ele>80.522</ele><time>2026-10-08T13:02:34Z</time><speed>8.840</speed><sat>15</sat></trkpt>
  <trkpt lat="41.67746675" lon="26.52488330"><ele>77.421</ele><time>2026-10-08T13:02:35Z</time><speed>7.810</speed><sat>17</sat></trkpt>
  <trkpt lat="41.67750067" lon="26.52481223"><ele>79.094</ele><time>2026-10-08T13:02:36Z</time><speed>7.540</speed><sat>20</sat></trkpt>
  <trkpt lat="41.67751925" lon="26.52472332"><ele>78.146</ele><time>2026-10-08T13:02:37Z</time><speed>7.370</speed><sat>24</sat></trkpt>
  <trkpt lat="41.67755405" lon="26.52463565"><ele>77.927</ele><time>2026-10-08T13:02:38Z</time><speed>7.590</speed><sat>25</sat></trkpt>
  <trkpt lat="41.67759424" lon="26.52455290"><ele>76.631</ele><time>2026-10-08T13:02:39Z</time><speed>8.170</speed><sat>26</sat></trkpt>
  <trkpt lat="41.67762694" lon="26.52446432"><ele>76.264</ele><time>2026-10-08T13:02:40Z</time><speed>8.140</speed><sat>25</sat></trkpt>
  <trkpt lat="41.67766675" lon="26.52435996"><ele>76.894</ele><time>2026-10-08T13:02:41Z</time><speed>8.750</speed><sat>23</sat></trkpt>
  <trkpt lat="41.67771504" lon="26.52423272"><ele>76.136</ele><time>2026-10-08T13:02:42Z</time><speed>10.540</speed><sat>20</sat></trkpt>
  <trkpt lat="41.67775831" lon="26.52411976"><ele>77.109</ele><time>2026-10-08T13:02:43Z</time><speed>10.780</speed><sat>20</sat></trkpt>
  <trkpt lat="41.67780339" lon="26.52395894"><ele>77.374</ele><time>2026-10-08T13:02:44Z</time><speed>12.550</speed><sat>13</sat></trkpt>
  <trkpt lat="41.67785498" lon="26.52381637"><ele>77.269</ele><time>2026-10-08T13:02:45Z</time><speed>12.850</speed><sat>14</sat></trkpt>
  <trkpt lat="41.67789989" lon="26.52367656"><ele>77.352</ele><time>2026-10-08T13:02:46Z</time><speed>12.840</speed><sat>13</sat></trkpt>
  <trkpt lat="41.67795331" lon="26.52352486"><ele>77.165</ele><time>2026-10-08T13:02:47Z</time><speed>13.160</speed><sat>15</sat></trkpt>
  <trkpt lat="41.67798249" lon="26.52340666"><ele>77.552</ele><time>2026-10-08T13:02:48Z</time><speed>12.340</speed><sat>20</sat></trkpt>
  <trkpt lat="41.67804869" lon="26.52321578"><ele>78.065</ele><time>2026-10-08T13:02:49Z</time><speed>13.800</speed><sat>20</sat></trkpt>
  <trkpt lat="41.67811688" lon="26.52304888"><ele>79.005</ele><time>2026-10-08T13:02:50Z</time><speed>14.430</speed><sat>24</sat></trkpt>
  <trkpt lat="41.67821598" lon="26.52282174"><ele>78.997</ele><time>2026-10-08T13:02:51Z</time><speed>16.620</speed><sat>23</sat></trkpt>
  <trkpt lat="41.67952958" lon="26.52007982"><ele>80.458</ele><time>2026-10-08T13:03:03Z</time><speed>20.980</speed><sat>7</sat></trkpt>
  <trkpt lat="41.67974457" lon="26.51978038"><ele>81.449</ele><time>2026-10-08T13:03:04Z</time><speed>24.380</speed><sat>8</sat></trkpt>
  <trkpt lat="41.67992715" lon="26.51942766"><ele>80.113</ele><time>2026-10-08T13:03:05Z</time><speed>25.380</speed><sat>7</sat></trkpt>
  <trkpt lat="41.68006072" lon="26.51917340"><ele>79.734</ele><time>2026-10-08T13:03:06Z</time><speed>24.890</speed><sat>9</sat></trkpt>
  <trkpt lat="41.68037640" lon="26.51921580"><ele>86.194</ele><time>2026-10-08T13:03:07Z</time><speed>26.320</speed><sat>9</sat></trkpt>
  <trkpt lat="41.68048222" lon="26.51876337"><ele>84.263</ele><time>2026-10-08T13:03:08Z</time><speed>27.390</speed><sat>13</sat></trkpt>
  <trkpt lat="41.68063165" lon="26.51847259"><ele>85.513</ele><time>2026-10-08T13:03:09Z</time><speed>27.540</speed><sat>18</sat></trkpt>
  <trkpt lat="41.68079050" lon="26.51821470"><ele>85.084</ele><time>2026-10-08T13:03:10Z</time><speed>27.580</speed><sat>19</sat></trkpt>
  <trkpt lat="41.68094625" lon="26.51796262"><ele>85.032</ele><time>2026-10-08T13:03:11Z</time><speed>27.060</speed><sat>21</sat></trkpt>
  <trkpt lat="41.68110297" lon="26.51770987"><ele>84.906</ele><time>2026-10-08T13:03:12Z</time><speed>27.220</speed><sat>22</sat></trkpt>
  <trkpt lat="41.68124750" lon="26.51741343"><ele>89.053</ele><time>2026-10-08T13:03:13Z</time><speed>27.490</speed><sat>24</sat></trkpt>
  <trkpt lat="41.68139796" lon="26.51714989"><ele>88.026</ele><time>2026-10-08T13:03:14Z</time><speed>27.310</speed><sat>24</sat></trkpt>
  <trkpt lat="41.68154864" lon="26.51688724"><ele>87.283</ele><time>2026-10-08T13:03:15Z</time><speed>27.100</speed><sat>23</sat></trkpt>
  <trkpt lat="41.68170116" lon="26.51663334"><ele>87.126</ele><time>2026-10-08T13:03:16Z</time><speed>27.180</speed><sat>28</sat></trkpt>
  <trkpt lat="41.68185364" lon="26.51637884"><ele>86.571</ele><time>2026-10-08T13:03:17Z</time><speed>27.330</speed><sat>27</sat></trkpt>
  <trkpt lat="41.68201096" lon="26.51611931"><ele>84.157</ele><time>2026-10-08T13:03:18Z</time><speed>27.700</speed><sat>29</sat></trkpt>
  <trkpt lat="41.68216070" lon="26.51584688"><ele>82.979</ele><time>2026-10-08T13:03:19Z</time><speed>27.830</speed><sat>29</sat></trkpt>
  <trkpt lat="41.68231083" lon="26.51555968"><ele>82.895</ele><time>2026-10-08T13:03:20Z</time><speed>27.490</speed><sat>31</sat></trkpt>
  <trkpt lat="41.68245224" lon="26.51529721"><ele>82.273</ele><time>2026-10-08T13:03:21Z</time><speed>27.270</speed><sat>32</sat></trkpt>
  <trkpt lat="41.68258092" lon="26.51503267"><ele>81.078</ele><time>2026-10-08T13:03:22Z</time><speed>26.620</speed><sat>32</sat></trkpt>
  <trkpt lat="41.68268838" lon="26.51474152"><ele>80.280</ele><time>2026-10-08T13:03:23Z</time><speed>27.890</speed><sat>32</sat></trkpt>
  <trkpt lat="41.68280069" lon="26.51442755"><ele>79.273</ele><time>2026-10-08T13:03:24Z</time><speed>28.470</speed><sat>32</sat></trkpt>
  <trkpt lat="41.68290385" lon="26.51410932"><ele>78.705</ele><time>2026-10-08T13:03:25Z</time><speed>29.290</speed><sat>32</sat></trkpt>
  <trkpt lat="41.68298827" lon="26.51377423"><ele>78.273</ele><time>2026-10-08T13:03:26Z</time><speed>29.790</speed><sat>31</sat></trkpt>
  <trkpt lat="41.68307061" lon="26.51342754"><ele>78.303</ele><time>2026-10-08T13:03:27Z</time><speed>30.390</speed><sat>32</sat></trkpt>
  <trkpt lat="41.68314721" lon="26.51308192"><ele>78.658</ele><time>2026-10-08T13:03:28Z</time><speed>30.130</speed><sat>32</sat></trkpt>
  <trkpt lat="41.68321052" lon="26.51272658"><ele>77.585</ele><time>2026-10-08T13:03:29Z</time><speed>30.210</speed><sat>32</sat></trkpt>
  <trkpt lat="41.68326689" lon="26.51237485"><ele>78.444</ele><time>2026-10-08T13:03:30Z</time><speed>29.650</speed><sat>32</sat></trkpt>
  <trkpt lat="41.68332915" lon="26.51202311"><ele>77.933</ele><time>2026-10-08T13:03:31Z</time><speed>29.710</speed><sat>32</sat></trkpt>
  <trkpt lat="41.68338848" lon="26.51167415"><ele>77.905</ele><time>2026-10-08T13:03:32Z</time><speed>29.730</speed><sat>30</sat></trkpt>
  <trkpt lat="41.68344418" lon="26.51132792"><ele>77.562</ele><time>2026-10-08T13:03:33Z</time><speed>29.710</speed><sat>30</sat></trkpt>
  <trkpt lat="41.68349881" lon="26.51098036"><ele>77.111</ele><time>2026-10-08T13:03:34Z</time><speed>29.760</speed><sat>29</sat></trkpt>
  <trkpt lat="41.68356454" lon="26.51062525"><ele>77.226</ele><time>2026-10-08T13:03:35Z</time><speed>30.190</speed><sat>30</sat></trkpt>
  <trkpt lat="41.68362617" lon="26.51027442"><ele>77.496</ele><time>2026-10-08T13:03:36Z</time><speed>30.030</speed><sat>28</sat></trkpt>
  <trkpt lat="41.68368757" lon="26.50992080"><ele>78.490</ele><time>2026-10-08T13:03:37Z</time><speed>30.320</speed><sat>27</sat></trkpt>
  <trkpt lat="41.68375282" lon="26.50956598"><ele>78.148</ele><time>2026-10-08T13:03:38Z</time><speed>30.650</speed><sat>24</sat></trkpt>
  <trkpt lat="41.68382862" lon="26.50918455"><ele>76.971</ele><time>2026-10-08T13:03:39Z</time><speed>31.930</speed><sat>24</sat></trkpt>
  <trkpt lat="41.68390926" lon="26.50880434"><ele>76.437</ele><time>2026-10-08T13:03:40Z</time><speed>32.690</speed><sat>24</sat></trkpt>
  <trkpt lat="41.68396280" lon="26.50841675"><ele>76.671</ele><time>2026-10-08T13:03:41Z</time><speed>33.210</speed><sat>23</sat></trkpt>
  <trkpt lat="41.68400610" lon="26.50803781"><ele>77.769</ele><time>2026-10-08T13:03:42Z</time><speed>33.430</speed><sat>23</sat></trkpt>
  <trkpt lat="41.68410248" lon="26.50769632"><ele>78.266</ele><time>2026-10-08T13:03:43Z</time><speed>33.000</speed><sat>20</sat></trkpt>
  <trkpt lat="41.68417260" lon="26.50730021"><ele>79.969</ele><time>2026-10-08T13:03:44Z</time><speed>33.920</speed><sat>21</sat></trkpt>
  <trkpt lat="41.68419064" lon="26.50696930"><ele>79.923</ele><time>2026-10-08T13:03:45Z</time><speed>32.360</speed><sat>20</sat></trkpt>
  <trkpt lat="41.68427345" lon="26.50661714"><ele>79.656</ele><time>2026-10-08T13:03:46Z</time><speed>31.440</speed><sat>18</sat></trkpt>
  <trkpt lat="41.68433810" lon="26.50626168"><ele>79.362</ele><time>2026-10-08T13:03:47Z</time><speed>31.280</speed><sat>21</sat></trkpt>
  <trkpt lat="41.68439955" lon="26.50589852"><ele>78.632</ele><time>2026-10-08T13:03:48Z</time><speed>31.530</speed><sat>21</sat></trkpt>
  <trkpt lat="41.68445836" lon="26.50553842"><ele>78.773</ele><time>2026-10-08T13:03:49Z</time><speed>31.270</speed><sat>21</sat></trkpt>
  <trkpt lat="41.68452575" lon="26.50517758"><ele>78.315</ele><time>2026-10-08T13:03:50Z</time><speed>31.080</speed><sat>20</sat></trkpt>
  <trkpt lat="41.68457833" lon="26.50481998"><ele>78.235</ele><time>2026-10-08T13:03:51Z</time><speed>30.910</speed><sat>21</sat></trkpt>
  <trkpt lat="41.68464258" lon="26.50445563"><ele>77.018</ele><time>2026-10-08T13:03:52Z</time><speed>31.230</speed><sat>21</sat></trkpt>
  <trkpt lat="41.68470119" lon="26.50409439"><ele>76.763</ele><time>2026-10-08T13:03:53Z</time><speed>31.490</speed><sat>20</sat></trkpt>
  <trkpt lat="41.68475363" lon="26.50372075"><ele>75.877</ele><time>2026-10-08T13:03:54Z</time><speed>30.970</speed><sat>20</sat></trkpt>
  <trkpt lat="41.68480371" lon="26.50336004"><ele>76.128</ele><time>2026-10-08T13:03:55Z</time><speed>30.810</speed><sat>21</sat></trkpt>
  <trkpt lat="41.68483403" lon="26.50301011"><ele>75.813</ele><time>2026-10-08T13:03:56Z</time><speed>30.160</speed><sat>23</sat></trkpt>
  <trkpt lat="41.68487883" lon="26.50265096"><ele>75.643</ele><time>2026-10-08T13:03:57Z</time><speed>30.680</speed><sat>23</sat></trkpt>
  <trkpt lat="41.68493232" lon="26.50229273"><ele>75.711</ele><time>2026-10-08T13:03:58Z</time><speed>30.780</speed><sat>22</sat></trkpt>
  <trkpt lat="41.68497652" lon="26.50192946"><ele>75.199</ele><time>2026-10-08T13:03:59Z</time><speed>30.850</speed><sat>21</sat></trkpt>
  <trkpt lat="41.68500883" lon="26.50155601"><ele>76.011</ele><time>2026-10-08T13:04:00Z</time><speed>31.510</speed><sat>20</sat></trkpt>
  <trkpt lat="41.68500864" lon="26.50121592"><ele>76.619</ele><time>2026-10-08T13:04:01Z</time><speed>29.120</speed><sat>24</sat></trkpt>
  <trkpt lat="41.68501680" lon="26.50089229"><ele>75.422</ele><time>2026-10-08T13:04:02Z</time><speed>28.640</speed><sat>27</sat></trkpt>
  <trkpt lat="41.68505706" lon="26.50054204"><ele>74.792</ele><time>2026-10-08T13:04:03Z</time><speed>29.430</speed><sat>30</sat></trkpt>
  <trkpt lat="41.68507780" lon="26.50019733"><ele>74.373</ele><time>2026-10-08T13:04:04Z</time><speed>28.590</speed><sat>31</sat></trkpt>
  <trkpt lat="41.68509162" lon="26.49986098"><ele>73.746</ele><time>2026-10-08T13:04:05Z</time><speed>28.270</speed><sat>31</sat></trkpt>
  <trkpt lat="41.68510495" lon="26.49951925"><ele>73.556</ele><time>2026-10-08T13:04:06Z</time><speed>28.030</speed><sat>30</sat></trkpt>
  <trkpt lat="41.68512916" lon="26.49919775"><ele>73.615</ele><time>2026-10-08T13:04:07Z</time><speed>26.710</speed><sat>31</sat></trkpt>
  <trkpt lat="41.68514684" lon="26.49888780"><ele>73.103</ele><time>2026-10-08T13:04:08Z</time><speed>26.050</speed><sat>32</sat></trkpt>
  <trkpt lat="41.68516518" lon="26.49857018"><ele>72.796</ele><time>2026-10-08T13:04:09Z</time><speed>27.230</speed><sat>29</sat></trkpt>
  <trkpt lat="41.68519581" lon="26.49827045"><ele>72.749</ele><time>2026-10-08T13:04:10Z</time><speed>25.780</speed><sat>28</sat></trkpt>
  <trkpt lat="41.68521531" lon="26.49796086"><ele>72.811</ele><time>2026-10-08T13:04:11Z</time><speed>26.230</speed><sat>27</sat></trkpt>
  <trkpt lat="41.68523168" lon="26.49765181"><ele>71.473</ele><time>2026-10-08T13:04:12Z</time><speed>25.280</speed><sat>27</sat></trkpt>
  <trkpt lat="41.68523267" lon="26.49735786"><ele>71.491</ele><time>2026-10-08T13:04:13Z</time><speed>24.520</speed><sat>27</sat></trkpt>
  <trkpt lat="41.68525000" lon="26.49706076"><ele>71.226</ele><time>2026-10-08T13:04:14Z</time><speed>24.870</speed><sat>28</sat></trkpt>
  <trkpt lat="41.68525896" lon="26.49677090"><ele>71.623</ele><time>2026-10-08T13:04:15Z</time><speed>24.710</speed><sat>27</sat></trkpt>
  <trkpt lat="41.68527570" lon="26.49648118"><ele>70.244</ele><time>2026-10-08T13:04:16Z</time><speed>24.350</speed><sat>26</sat></trkpt>
  <trkpt lat="41.68529547" lon="26.49619591"><ele>69.295</ele><time>2026-10-08T13:04:17Z</time><speed>24.210</speed><sat>27</sat></trkpt>
  <trkpt lat="41.68530679" lon="26.49591169"><ele>69.091</ele><time>2026-10-08T13:04:18Z</time><speed>23.290</speed><sat>26</sat></trkpt>
  <trkpt lat="41.68532247" lon="26.49561827"><ele>68.648</ele><time>2026-10-08T13:04:19Z</time><speed>24.510</speed><sat>26</sat></trkpt>
  <trkpt lat="41.68533387" lon="26.49532413"><ele>68.628</ele><time>2026-10-08T13:04:20Z</time><speed>24.500</speed><sat>26</sat></trkpt>
  <trkpt lat="41.68536615" lon="26.49501130"><ele>68.049</ele><time>2026-10-08T13:04:21Z</time><speed>26.620</speed><sat>26</sat></trkpt>
  <trkpt lat="41.68538315" lon="26.49468700"><ele>67.931</ele><time>2026-10-08T13:04:22Z</time><speed>27.110</speed><sat>26</sat></trkpt>
  <trkpt lat="41.68539550" lon="26.49434189"><ele>67.669</ele><time>2026-10-08T13:04:23Z</time><speed>28.940</speed><sat>24</sat></trkpt>
  <trkpt lat="41.68540259" lon="26.49398305"><ele>67.528</ele><time>2026-10-08T13:04:24Z</time><speed>29.230</speed><sat>23</sat></trkpt>
  <trkpt lat="41.68541779" lon="26.49362534"><ele>68.063</ele><time>2026-10-08T13:04:25Z</time><speed>29.510</speed><sat>19</sat></trkpt>
  <trkpt lat="41.68543751" lon="26.49327212"><ele>68.435</ele><time>2026-10-08T13:04:26Z</time><speed>29.840</speed><sat>19</sat></trkpt>
  <trkpt lat="41.68545913" lon="26.49290379"><ele>68.420</ele><time>2026-10-08T13:04:27Z</time><speed>30.600</speed><sat>20</sat></trkpt>
  <trkpt lat="41.68548758" lon="26.49254843"><ele>67.957</ele><time>2026-10-08T13:04:28Z</time><speed>30.470</speed><sat>19</sat></trkpt>
  <trkpt lat="41.68550760" lon="26.49217866"><ele>67.787</ele><time>2026-10-08T13:04:29Z</time><speed>30.530</speed><sat>18</sat></trkpt>
  <trkpt lat="41.68551932" lon="26.49184178"><ele>69.187</ele><time>2026-10-08T13:04:30Z</time><speed>29.470</speed><sat>18</sat></trkpt>
  <trkpt lat="41.68554736" lon="26.49149432"><ele>68.083</ele><time>2026-10-08T13:04:31Z</time><speed>29.140</speed><sat>18</sat></trkpt>
  <trkpt lat="41.68554058" lon="26.49114739"><ele>67.798</ele><time>2026-10-08T13:04:32Z</time><speed>28.850</speed><sat>18</sat></trkpt>
  <trkpt lat="41.68557235" lon="26.49076343"><ele>68.129</ele><time>2026-10-08T13:04:33Z</time><speed>28.010</speed><sat>21</sat></trkpt>
  <trkpt lat="41.68559552" lon="26.49042325"><ele>66.617</ele><time>2026-10-08T13:04:34Z</time><speed>27.930</speed><sat>26</sat></trkpt>
  <trkpt lat="41.68558518" lon="26.49009142"><ele>67.454</ele><time>2026-10-08T13:04:35Z</time><speed>26.950</speed><sat>26</sat></trkpt>
  <trkpt lat="41.68556996" lon="26.48976818"><ele>68.332</ele><time>2026-10-08T13:04:36Z</time><speed>26.700</speed><sat>27</sat></trkpt>
  <trkpt lat="41.68555289" lon="26.48944388"><ele>70.831</ele><time>2026-10-08T13:04:37Z</time><speed>26.640</speed><sat>27</sat></trkpt>
  <trkpt lat="41.68554432" lon="26.48913148"><ele>70.578</ele><time>2026-10-08T13:04:38Z</time><speed>25.820</speed><sat>27</sat></trkpt>
  <trkpt lat="41.68550014" lon="26.48881528"><ele>71.965</ele><time>2026-10-08T13:04:39Z</time><speed>26.050</speed><sat>27</sat></trkpt>
  <trkpt lat="41.68546898" lon="26.48851157"><ele>71.649</ele><time>2026-10-08T13:04:40Z</time><speed>25.390</speed><sat>28</sat></trkpt>
  <trkpt lat="41.68541698" lon="26.48819297"><ele>70.692</ele><time>2026-10-08T13:04:41Z</time><speed>26.840</speed><sat>28</sat></trkpt>
  <trkpt lat="41.68536270" lon="26.48788375"><ele>71.107</ele><time>2026-10-08T13:04:42Z</time><speed>26.370</speed><sat>28</sat></trkpt>
  <trkpt lat="41.68530849" lon="26.48757962"><ele>70.685</ele><time>2026-10-08T13:04:43Z</time><speed>25.780</speed><sat>30</sat></trkpt>
  <trkpt lat="41.68523744" lon="26.48728452"><ele>70.749</ele><time>2026-10-08T13:04:44Z</time><speed>25.550</speed><sat>30</sat></trkpt>
  <trkpt lat="41.68517678" lon="26.48700815"><ele>70.816</ele><time>2026-10-08T13:04:45Z</time><speed>24.780</speed><sat>31</sat></trkpt>
  <trkpt lat="41.68509971" lon="26.48673210"><ele>72.904</ele><time>2026-10-08T13:04:46Z</time><speed>24.600</speed><sat>30</sat></trkpt>
  <trkpt lat="41.68505606" lon="26.48645476"><ele>73.186</ele><time>2026-10-08T13:04:47Z</time><speed>23.290</speed><sat>29</sat></trkpt>
  <trkpt lat="41.68502873" lon="26.48620955"><ele>70.858</ele><time>2026-10-08T13:04:48Z</time><speed>23.170</speed><sat>27</sat></trkpt>
  <trkpt lat="41.68499790" lon="26.48597631"><ele>70.914</ele><time>2026-10-08T13:04:49Z</time><speed>22.450</speed><sat>24</sat></trkpt>
  <trkpt lat="41.68494788" lon="26.48571008"><ele>70.916</ele><time>2026-10-08T13:04:50Z</time><speed>22.680</speed><sat>28</sat></trkpt>
  <trkpt lat="41.68490057" lon="26.48543135"><ele>72.464</ele><time>2026-10-08T13:04:51Z</time><speed>21.900</speed><sat>26</sat></trkpt>
  <trkpt lat="41.68484978" lon="26.48515987"><ele>72.106</ele><time>2026-10-08T13:04:52Z</time><speed>23.120</speed><sat>25</sat></trkpt>
  <trkpt lat="41.68483435" lon="26.48490391"><ele>70.859</ele><time>2026-10-08T13:04:53Z</time><speed>21.400</speed><sat>26</sat></trkpt>
  <trkpt lat="41.68482016" lon="26.48464206"><ele>70.919</ele><time>2026-10-08T13:04:54Z</time><speed>22.320</speed><sat>27</sat></trkpt>
  <trkpt lat="41.68472784" lon="26.48434527"><ele>70.525</ele><time>2026-10-08T13:04:55Z</time><speed>23.530</speed><sat>27</sat></trkpt>
  <trkpt lat="41.68478526" lon="26.48412231"><ele>71.904</ele><time>2026-10-08T13:04:56Z</time><speed>21.090</speed><sat>27</sat></trkpt>
  <trkpt lat="41.68479764" lon="26.48389185"><ele>73.868</ele><time>2026-10-08T13:04:57Z</time><speed>20.950</speed><sat>28</sat></trkpt>
  <trkpt lat="41.68478902" lon="26.48363686"><ele>73.586</ele><time>2026-10-08T13:04:58Z</time><speed>20.710</speed><sat>25</sat></trkpt>
  <trkpt lat="41.68481186" lon="26.48340101"><ele>74.468</ele><time>2026-10-08T13:04:59Z</time><speed>20.260</speed><sat>25</sat></trkpt>
  <trkpt lat="41.68482129" lon="26.48316011"><ele>75.947</ele><time>2026-10-08T13:05:00Z</time><speed>20.020</speed><sat>24</sat></trkpt>
  <trkpt lat="41.68484271" lon="26.48292913"><ele>74.542</ele><time>2026-10-08T13:05:01Z</time><speed>20.150</speed><sat>25</sat></trkpt>
  <trkpt lat="41.68486092" lon="26.48268464"><ele>75.453</ele><time>2026-10-08T13:05:02Z</time><speed>19.870</speed><sat>26</sat></trkpt>
  <trkpt lat="41.68489334" lon="26.48244728"><ele>75.370</ele><time>2026-10-08T13:05:03Z</time><speed>19.860</speed><sat>25</sat></trkpt>
  <trkpt lat="41.68492332" lon="26.48221100"><ele>75.065</ele><time>2026-10-08T13:05:04Z</time><speed>19.570</speed><sat>25</sat></trkpt>
  <trkpt lat="41.68495081" lon="26.48198230"><ele>76.265</ele><time>2026-10-08T13:05:05Z</time><speed>19.430</speed><sat>27</sat></trkpt>
  <trkpt lat="41.68499126" lon="26.48176394"><ele>77.288</ele><time>2026-10-08T13:05:06Z</time><speed>18.770</speed><sat>28</sat></trkpt>
  <trkpt lat="41.68503235" lon="26.48154669"><ele>78.383</ele><time>2026-10-08T13:05:07Z</time><speed>18.190</speed><sat>29</sat></trkpt>
  <trkpt lat="41.68507571" lon="26.48132911"><ele>79.379</ele><time>2026-10-08T13:05:08Z</time><speed>18.260</speed><sat>29</sat></trkpt>
  <trkpt lat="41.68511668" lon="26.48111256"><ele>81.043</ele><time>2026-10-08T13:05:09Z</time><speed>18.140</speed><sat>30</sat></trkpt>
  <trkpt lat="41.68517057" lon="26.48090284"><ele>82.462</ele><time>2026-10-08T13:05:10Z</time><speed>18.120</speed><sat>30</sat></trkpt>
  <trkpt lat="41.68521467" lon="26.48069507"><ele>83.242</ele><time>2026-10-08T13:05:11Z</time><speed>17.300</speed><sat>30</sat></trkpt>
  <trkpt lat="41.68525984" lon="26.48049996"><ele>84.479</ele><time>2026-10-08T13:05:12Z</time><speed>16.740</speed><sat>30</sat></trkpt>
  <trkpt lat="41.68530189" lon="26.48031522"><ele>85.540</ele><time>2026-10-08T13:05:13Z</time><speed>15.770</speed><sat>29</sat></trkpt>
  <trkpt lat="41.68534368" lon="26.48013591"><ele>85.914</ele><time>2026-10-08T13:05:14Z</time><speed>15.120</speed><sat>29</sat></trkpt>
  <trkpt lat="41.68538718" lon="26.47996287"><ele>86.611</ele><time>2026-10-08T13:05:15Z</time><speed>15.380</speed><sat>30</sat></trkpt>
  <trkpt lat="41.68543368" lon="26.47978851"><ele>86.838</ele><time>2026-10-08T13:05:16Z</time><speed>15.730</speed><sat>31</sat></trkpt>
  <trkpt lat="41.68547866" lon="26.47961422"><ele>86.153</ele><time>2026-10-08T13:05:17Z</time><speed>15.120</speed><sat>31</sat></trkpt>
  <trkpt lat="41.68552760" lon="26.47943746"><ele>86.205</ele><time>2026-10-08T13:05:18Z</time><speed>15.800</speed><sat>31</sat></trkpt>
  <trkpt lat="41.68556912" lon="26.47925122"><ele>86.906</ele><time>2026-10-08T13:05:19Z</time><speed>16.680</speed><sat>31</sat></trkpt>
  <trkpt lat="41.68561345" lon="26.47905736"><ele>87.290</ele><time>2026-10-08T13:05:20Z</time><speed>17.220</speed><sat>31</sat></trkpt>
  <trkpt lat="41.68565639" lon="26.47886328"><ele>87.226</ele><time>2026-10-08T13:05:21Z</time><speed>17.600</speed><sat>32</sat></trkpt>
  <trkpt lat="41.68570409" lon="26.47865615"><ele>88.227</ele><time>2026-10-08T13:05:22Z</time><speed>17.900</speed><sat>32</sat></trkpt>
  <trkpt lat="41.68575528" lon="26.47844687"><ele>88.164</ele><time>2026-10-08T13:05:23Z</time><speed>18.270</speed><sat>32</sat></trkpt>
  <trkpt lat="41.68580910" lon="26.47823942"><ele>88.063</ele><time>2026-10-08T13:05:24Z</time><speed>18.740</speed><sat>34</sat></trkpt>
  <trkpt lat="41.68586481" lon="26.47802747"><ele>88.987</ele><time>2026-10-08T13:05:25Z</time><speed>19.140</speed><sat>34</sat></trkpt>
  <trkpt lat="41.68591619" lon="26.47780018"><ele>88.670</ele><time>2026-10-08T13:05:26Z</time><speed>20.180</speed><sat>33</sat></trkpt>
  <trkpt lat="41.68597036" lon="26.47754796"><ele>88.069</ele><time>2026-10-08T13:05:27Z</time><speed>22.110</speed><sat>32</sat></trkpt>
  <trkpt lat="41.68603093" lon="26.47728784"><ele>87.360</ele><time>2026-10-08T13:05:28Z</time><speed>23.390</speed><sat>31</sat></trkpt>
  <trkpt lat="41.68608963" lon="26.47703234"><ele>87.215</ele><time>2026-10-08T13:05:29Z</time><speed>22.480</speed><sat>31</sat></trkpt>
  <trkpt lat="41.68616560" lon="26.47676723"><ele>86.952</ele><time>2026-10-08T13:05:30Z</time><speed>23.480</speed><sat>29</sat></trkpt>
  <trkpt lat="41.68622960" lon="26.47651661"><ele>87.709</ele><time>2026-10-08T13:05:31Z</time><speed>22.790</speed><sat>29</sat></trkpt>
  <trkpt lat="41.68625554" lon="26.47625986"><ele>88.183</ele><time>2026-10-08T13:05:32Z</time><speed>22.170</speed><sat>33</sat></trkpt>
  <trkpt lat="41.68627523" lon="26.47600387"><ele>87.075</ele><time>2026-10-08T13:05:33Z</time><speed>21.690</speed><sat>35</sat></trkpt>
  <trkpt lat="41.68627817" lon="26.47574994"><ele>87.457</ele><time>2026-10-08T13:05:34Z</time><speed>21.160</speed><sat>35</sat></trkpt>
  <trkpt lat="41.68626307" lon="26.47550133"><ele>87.759</ele><time>2026-10-08T13:05:35Z</time><speed>21.150</speed><sat>35</sat></trkpt>
  <trkpt lat="41.68624655" lon="26.47525853"><ele>87.552</ele><time>2026-10-08T13:05:36Z</time><speed>20.760</speed><sat>34</sat></trkpt>
  <trkpt lat="41.68622585" lon="26.47501450"><ele>88.285</ele><time>2026-10-08T13:05:37Z</time><speed>20.330</speed><sat>35</sat></trkpt>
  <trkpt lat="41.68619926" lon="26.47478411"><ele>88.357</ele><time>2026-10-08T13:05:38Z</time><speed>19.750</speed><sat>35</sat></trkpt>
  <trkpt lat="41.68616935" lon="26.47454441"><ele>88.427</ele><time>2026-10-08T13:05:39Z</time><speed>19.360</speed><sat>34</sat></trkpt>
  <trkpt lat="41.68614883" lon="26.47431654"><ele>88.663</ele><time>2026-10-08T13:05:40Z</time><speed>18.810</speed><sat>31</sat></trkpt>
  <trkpt lat="41.68613725" lon="26.47409596"><ele>89.792</ele><time>2026-10-08T13:05:41Z</time><speed>18.280</speed><sat>31</sat></trkpt>
  <trkpt lat="41.68613588" lon="26.47388393"><ele>89.303</ele><time>2026-10-08T13:05:42Z</time><speed>17.920</speed><sat>30</sat></trkpt>
  <trkpt lat="41.68613970" lon="26.47367772"><ele>88.929</ele><time>2026-10-08T13:05:43Z</time><speed>17.710</speed><sat>30</sat></trkpt>
  <trkpt lat="41.68614995" lon="26.47346721"><ele>88.429</ele><time>2026-10-08T13:05:44Z</time><speed>17.830</speed><sat>32</sat></trkpt>
  <trkpt lat="41.68617263" lon="26.47326153"><ele>88.376</ele><time>2026-10-08T13:05:45Z</time><speed>17.670</speed><sat>34</sat></trkpt>
  <trkpt lat="41.68619825" lon="26.47304734"><ele>88.528</ele><time>2026-10-08T13:05:46Z</time><speed>17.390</speed><sat>35</sat></trkpt>
  <trkpt lat="41.68623120" lon="26.47285074"><ele>88.893</ele><time>2026-10-08T13:05:47Z</time><speed>16.900</speed><sat>35</sat></trkpt>
  <trkpt lat="41.68626990" lon="26.47265860"><ele>88.928</ele><time>2026-10-08T13:05:48Z</time><speed>16.660</speed><sat>35</sat></trkpt>
  <trkpt lat="41.68631197" lon="26.47247569"><ele>88.836</ele><time>2026-10-08T13:05:49Z</time><speed>16.250</speed><sat>35</sat></trkpt>
  <trkpt lat="41.68635868" lon="26.47229576"><ele>88.480</ele><time>2026-10-08T13:05:50Z</time><speed>15.820</speed><sat>35</sat></trkpt>
  <trkpt lat="41.68639735" lon="26.47211825"><ele>88.250</ele><time>2026-10-08T13:05:51Z</time><speed>15.500</speed><sat>34</sat></trkpt>
  <trkpt lat="41.68643592" lon="26.47194642"><ele>87.855</ele><time>2026-10-08T13:05:52Z</time><speed>15.150</speed><sat>34</sat></trkpt>
  <trkpt lat="41.68647334" lon="26.47177838"><ele>87.863</ele><time>2026-10-08T13:05:53Z</time><speed>14.810</speed><sat>33</sat></trkpt>
  <trkpt lat="41.68650920" lon="26.47159648"><ele>88.026</ele><time>2026-10-08T13:05:54Z</time><speed>14.990</speed><sat>33</sat></trkpt>
  <trkpt lat="41.68654512" lon="26.47141507"><ele>88.434</ele><time>2026-10-08T13:05:55Z</time><speed>15.240</speed><sat>33</sat></trkpt>
  <trkpt lat="41.68657876" lon="26.47124235"><ele>88.316</ele><time>2026-10-08T13:05:56Z</time><speed>14.950</speed><sat>34</sat></trkpt>
  <trkpt lat="41.68662038" lon="26.47106128"><ele>88.671</ele><time>2026-10-08T13:05:57Z</time><speed>15.430</speed><sat>33</sat></trkpt>
  <trkpt lat="41.68666599" lon="26.47086235"><ele>89.135</ele><time>2026-10-08T13:05:58Z</time><speed>17.010</speed><sat>33</sat></trkpt>
  <trkpt lat="41.68671753" lon="26.47064166"><ele>89.009</ele><time>2026-10-08T13:05:59Z</time><speed>18.770</speed><sat>34</sat></trkpt>
  <trkpt lat="41.68676184" lon="26.47041645"><ele>89.134</ele><time>2026-10-08T13:06:00Z</time><speed>19.200</speed><sat>33</sat></trkpt>
  <trkpt lat="41.68680741" lon="26.47019026"><ele>89.067</ele><time>2026-10-08T13:06:01Z</time><speed>19.740</speed><sat>33</sat></trkpt>
  <trkpt lat="41.68685861" lon="26.46994486"><ele>88.543</ele><time>2026-10-08T13:06:02Z</time><speed>20.890</speed><sat>31</sat></trkpt>
  <trkpt lat="41.68692136" lon="26.46968774"><ele>88.272</ele><time>2026-10-08T13:06:03Z</time><speed>22.190</speed><sat>33</sat></trkpt>
  <trkpt lat="41.68698712" lon="26.46941933"><ele>88.385</ele><time>2026-10-08T13:06:04Z</time><speed>23.300</speed><sat>34</sat></trkpt>
  <trkpt lat="41.68706246" lon="26.46913373"><ele>87.758</ele><time>2026-10-08T13:06:05Z</time><speed>24.410</speed><sat>34</sat></trkpt>
  <trkpt lat="41.68713261" lon="26.46884107"><ele>87.720</ele><time>2026-10-08T13:06:06Z</time><speed>25.520</speed><sat>33</sat></trkpt>
  <trkpt lat="41.68720850" lon="26.46853802"><ele>87.168</ele><time>2026-10-08T13:06:07Z</time><speed>26.540</speed><sat>34</sat></trkpt>
  <trkpt lat="41.68728103" lon="26.46824206"><ele>87.609</ele><time>2026-10-08T13:06:08Z</time><speed>26.510</speed><sat>34</sat></trkpt>
  <trkpt lat="41.68735103" lon="26.46794440"><ele>87.552</ele><time>2026-10-08T13:06:09Z</time><speed>26.510</speed><sat>33</sat></trkpt>
  <trkpt lat="41.68742199" lon="26.46763027"><ele>87.197</ele><time>2026-10-08T13:06:10Z</time><speed>26.870</speed><sat>33</sat></trkpt>
  <trkpt lat="41.68749720" lon="26.46732092"><ele>87.630</ele><time>2026-10-08T13:06:11Z</time><speed>27.080</speed><sat>34</sat></trkpt>
  <trkpt lat="41.68756991" lon="26.46700725"><ele>87.820</ele><time>2026-10-08T13:06:12Z</time><speed>27.200</speed><sat>34</sat></trkpt>
  <trkpt lat="41.68764709" lon="26.46669390"><ele>87.614</ele><time>2026-10-08T13:06:13Z</time><speed>27.300</speed><sat>35</sat></trkpt>
  <trkpt lat="41.68772110" lon="26.46637919"><ele>87.547</ele><time>2026-10-08T13:06:14Z</time><speed>27.380</speed><sat>35</sat></trkpt>
  <trkpt lat="41.68779747" lon="26.46606735"><ele>87.952</ele><time>2026-10-08T13:06:15Z</time><speed>27.540</speed><sat>35</sat></trkpt>
  <trkpt lat="41.68787544" lon="26.46575253"><ele>87.702</ele><time>2026-10-08T13:06:16Z</time><speed>27.700</speed><sat>35</sat></trkpt>
  <trkpt lat="41.68795359" lon="26.46543590"><ele>87.844</ele><time>2026-10-08T13:06:17Z</time><speed>27.760</speed><sat>33</sat></trkpt>
  <trkpt lat="41.68803245" lon="26.46512009"><ele>87.275</ele><time>2026-10-08T13:06:18Z</time><speed>27.990</speed><sat>32</sat></trkpt>
  <trkpt lat="41.68810781" lon="26.46479847"><ele>87.552</ele><time>2026-10-08T13:06:19Z</time><speed>28.150</speed><sat>30</sat></trkpt>
  <trkpt lat="41.68819144" lon="26.46447742"><ele>87.330</ele><time>2026-10-08T13:06:20Z</time><speed>28.390</speed><sat>31</sat></trkpt>
  <trkpt lat="41.68827310" lon="26.46415604"><ele>87.106</ele><time>2026-10-08T13:06:21Z</time><speed>28.620</speed><sat>31</sat></trkpt>
  <trkpt lat="41.68835634" lon="26.46383174"><ele>86.977</ele><time>2026-10-08T13:06:22Z</time><speed>28.780</speed><sat>31</sat></trkpt>
  <trkpt lat="41.68843690" lon="26.46349840"><ele>86.328</ele><time>2026-10-08T13:06:23Z</time><speed>28.930</speed><sat>32</sat></trkpt>
  <trkpt lat="41.68851656" lon="26.46316677"><ele>86.240</ele><time>2026-10-08T13:06:24Z</time><speed>29.050</speed><sat>34</sat></trkpt>
  <trkpt lat="41.68859669" lon="26.46283640"><ele>86.178</ele><time>2026-10-08T13:06:25Z</time><speed>29.140</speed><sat>34</sat></trkpt>
  <trkpt lat="41.68867125" lon="26.46250220"><ele>85.942</ele><time>2026-10-08T13:06:26Z</time><speed>29.270</speed><sat>34</sat></trkpt>
  <trkpt lat="41.68874321" lon="26.46216577"><ele>85.659</ele><time>2026-10-08T13:06:27Z</time><speed>29.360</speed><sat>34</sat></trkpt>
  <trkpt lat="41.68882467" lon="26.46182748"><ele>85.544</ele><time>2026-10-08T13:06:28Z</time><speed>29.490</speed><sat>35</sat></trkpt>
  <trkpt lat="41.68890346" lon="26.46149040"><ele>85.548</ele><time>2026-10-08T13:06:29Z</time><speed>29.600</speed><sat>34</sat></trkpt>
  <trkpt lat="41.68898379" lon="26.46114983"><ele>85.418</ele><time>2026-10-08T13:06:30Z</time><speed>29.620</speed><sat>34</sat></trkpt>
  <trkpt lat="41.68906690" lon="26.46081531"><ele>85.579</ele><time>2026-10-08T13:06:31Z</time><speed>29.370</speed><sat>32</sat></trkpt>
  <trkpt lat="41.68914811" lon="26.46048610"><ele>84.936</ele><time>2026-10-08T13:06:32Z</time><speed>28.860</speed><sat>32</sat></trkpt>
  <trkpt lat="41.68922667" lon="26.46016066"><ele>85.325</ele><time>2026-10-08T13:06:33Z</time><speed>28.380</speed><sat>32</sat></trkpt>
  <trkpt lat="41.68930703" lon="26.45984342"><ele>85.841</ele><time>2026-10-08T13:06:34Z</time><speed>27.920</speed><sat>30</sat></trkpt>
  <trkpt lat="41.68938719" lon="26.45952590"><ele>85.375</ele><time>2026-10-08T13:06:35Z</time><speed>27.530</speed><sat>30</sat></trkpt>
  <trkpt lat="41.68946937" lon="26.45921902"><ele>85.014</ele><time>2026-10-08T13:06:36Z</time><speed>27.130</speed><sat>30</sat></trkpt>
  <trkpt lat="41.68954635" lon="26.45891395"><ele>84.935</ele><time>2026-10-08T13:06:37Z</time><speed>26.790</speed><sat>30</sat></trkpt>
  <trkpt lat="41.68962130" lon="26.45860880"><ele>84.302</ele><time>2026-10-08T13:06:38Z</time><speed>27.050</speed><sat>30</sat></trkpt>
  <trkpt lat="41.68970095" lon="26.45829952"><ele>83.954</ele><time>2026-10-08T13:06:39Z</time><speed>27.290</speed><sat>30</sat></trkpt>
  <trkpt lat="41.68978396" lon="26.45798245"><ele>83.443</ele><time>2026-10-08T13:06:40Z</time><speed>27.530</speed><sat>29</sat></trkpt>
  <trkpt lat="41.68986568" lon="26.45766898"><ele>83.389</ele><time>2026-10-08T13:06:41Z</time><speed>27.680</speed><sat>30</sat></trkpt>
  <trkpt lat="41.68994301" lon="26.45735533"><ele>83.057</ele><time>2026-10-08T13:06:42Z</time><speed>27.470</speed><sat>30</sat></trkpt>
  <trkpt lat="41.69002286" lon="26.45704234"><ele>82.717</ele><time>2026-10-08T13:06:43Z</time><speed>27.030</speed><sat>29</sat></trkpt>
  <trkpt lat="41.69009525" lon="26.45673786"><ele>82.348</ele><time>2026-10-08T13:06:44Z</time><speed>26.670</speed><sat>30</sat></trkpt>
  <trkpt lat="41.69017205" lon="26.45644114"><ele>82.488</ele><time>2026-10-08T13:06:45Z</time><speed>26.260</speed><sat>30</sat></trkpt>
  <trkpt lat="41.69024988" lon="26.45615222"><ele>82.972</ele><time>2026-10-08T13:06:46Z</time><speed>26.110</speed><sat>33</sat></trkpt>
  <trkpt lat="41.69032391" lon="26.45585666"><ele>83.303</ele><time>2026-10-08T13:06:47Z</time><speed>26.080</speed><sat>32</sat></trkpt>
  <trkpt lat="41.69040215" lon="26.45556533"><ele>82.718</ele><time>2026-10-08T13:06:48Z</time><speed>25.710</speed><sat>32</sat></trkpt>
  <trkpt lat="41.69047069" lon="26.45528458"><ele>82.486</ele><time>2026-10-08T13:06:49Z</time><speed>25.390</speed><sat>32</sat></trkpt>
  <trkpt lat="41.69054348" lon="26.45499762"><ele>81.948</ele><time>2026-10-08T13:06:50Z</time><speed>25.470</speed><sat>31</sat></trkpt>
  <trkpt lat="41.69061853" lon="26.45470011"><ele>82.167</ele><time>2026-10-08T13:06:51Z</time><speed>25.780</speed><sat>31</sat></trkpt>
  <trkpt lat="41.69069500" lon="26.45440132"><ele>82.217</ele><time>2026-10-08T13:06:52Z</time><speed>25.960</speed><sat>29</sat></trkpt>
  <trkpt lat="41.69076965" lon="26.45409978"><ele>81.740</ele><time>2026-10-08T13:06:53Z</time><speed>26.230</speed><sat>31</sat></trkpt>
  <trkpt lat="41.69084707" lon="26.45380116"><ele>82.243</ele><time>2026-10-08T13:06:54Z</time><speed>26.480</speed><sat>31</sat></trkpt>
  <trkpt lat="41.69091827" lon="26.45348143"><ele>81.961</ele><time>2026-10-08T13:06:55Z</time><speed>27.120</speed><sat>31</sat></trkpt>
  <trkpt lat="41.69099026" lon="26.45316119"><ele>82.202</ele><time>2026-10-08T13:06:56Z</time><speed>27.880</speed><sat>32</sat></trkpt>
  <trkpt lat="41.69106426" lon="26.45282207"><ele>82.996</ele><time>2026-10-08T13:06:57Z</time><speed>28.620</speed><sat>33</sat></trkpt>
  <trkpt lat="41.69114122" lon="26.45248674"><ele>83.045</ele><time>2026-10-08T13:06:58Z</time><speed>29.310</speed><sat>34</sat></trkpt>
  <trkpt lat="41.69122347" lon="26.45214255"><ele>83.773</ele><time>2026-10-08T13:06:59Z</time><speed>29.920</speed><sat>34</sat></trkpt>
  <trkpt lat="41.69130361" lon="26.45179275"><ele>84.294</ele><time>2026-10-08T13:07:00Z</time><speed>30.600</speed><sat>35</sat></trkpt>
  <trkpt lat="41.69139275" lon="26.45142893"><ele>84.238</ele><time>2026-10-08T13:07:01Z</time><speed>31.240</speed><sat>35</sat></trkpt>
  <trkpt lat="41.69147642" lon="26.45106092"><ele>84.436</ele><time>2026-10-08T13:07:02Z</time><speed>31.820</speed><sat>35</sat></trkpt>
  <trkpt lat="41.69156690" lon="26.45068227"><ele>84.511</ele><time>2026-10-08T13:07:03Z</time><speed>32.810</speed><sat>34</sat></trkpt>
  <trkpt lat="41.69165726" lon="26.45030077"><ele>84.724</ele><time>2026-10-08T13:07:04Z</time><speed>33.410</speed><sat>35</sat></trkpt>
  <trkpt lat="41.69174934" lon="26.44991809"><ele>85.197</ele><time>2026-10-08T13:07:05Z</time><speed>33.960</speed><sat>36</sat></trkpt>
  <trkpt lat="41.69184503" lon="26.44953202"><ele>85.239</ele><time>2026-10-08T13:07:06Z</time><speed>34.320</speed><sat>35</sat></trkpt>
  <trkpt lat="41.69194333" lon="26.44913678"><ele>86.013</ele><time>2026-10-08T13:07:07Z</time><speed>34.810</speed><sat>35</sat></trkpt>
  <trkpt lat="41.69204211" lon="26.44873705"><ele>86.216</ele><time>2026-10-08T13:07:08Z</time><speed>35.240</speed><sat>36</sat></trkpt>
  <trkpt lat="41.69214509" lon="26.44833493"><ele>87.072</ele><time>2026-10-08T13:07:09Z</time><speed>35.620</speed><sat>36</sat></trkpt>
  <trkpt lat="41.69225058" lon="26.44793017"><ele>87.605</ele><time>2026-10-08T13:07:10Z</time><speed>35.870</speed><sat>35</sat></trkpt>
  <trkpt lat="41.69236017" lon="26.44753103"><ele>88.133</ele><time>2026-10-08T13:07:11Z</time><speed>35.100</speed><sat>34</sat></trkpt>
  <trkpt lat="41.69247028" lon="26.44714304"><ele>88.428</ele><time>2026-10-08T13:07:12Z</time><speed>34.190</speed><sat>35</sat></trkpt>
  <trkpt lat="41.69258656" lon="26.44676852"><ele>88.424</ele><time>2026-10-08T13:07:13Z</time><speed>33.710</speed><sat>35</sat></trkpt>
  <trkpt lat="41.69269956" lon="26.44640336"><ele>87.848</ele><time>2026-10-08T13:07:14Z</time><speed>32.940</speed><sat>36</sat></trkpt>
  <trkpt lat="41.69281662" lon="26.44603992"><ele>87.538</ele><time>2026-10-08T13:07:15Z</time><speed>32.510</speed><sat>36</sat></trkpt>
  <trkpt lat="41.69293903" lon="26.44568870"><ele>87.294</ele><time>2026-10-08T13:07:16Z</time><speed>31.850</speed><sat>35</sat></trkpt>
  <trkpt lat="41.69305853" lon="26.44535348"><ele>86.570</ele><time>2026-10-08T13:07:17Z</time><speed>30.420</speed><sat>32</sat></trkpt>
  <trkpt lat="41.69317652" lon="26.44502564"><ele>85.587</ele><time>2026-10-08T13:07:18Z</time><speed>29.290</speed><sat>31</sat></trkpt>
  <trkpt lat="41.69328962" lon="26.44472657"><ele>84.905</ele><time>2026-10-08T13:07:19Z</time><speed>28.150</speed><sat>31</sat></trkpt>
  <trkpt lat="41.69340906" lon="26.44443185"><ele>84.575</ele><time>2026-10-08T13:07:20Z</time><speed>27.400</speed><sat>31</sat></trkpt>
  <trkpt lat="41.69352692" lon="26.44413902"><ele>84.436</ele><time>2026-10-08T13:07:21Z</time><speed>27.310</speed><sat>33</sat></trkpt>
  <trkpt lat="41.69364680" lon="26.44386081"><ele>83.418</ele><time>2026-10-08T13:07:22Z</time><speed>27.200</speed><sat>34</sat></trkpt>
  <trkpt lat="41.69376559" lon="26.44356828"><ele>82.582</ele><time>2026-10-08T13:07:23Z</time><speed>27.600</speed><sat>35</sat></trkpt>
  <trkpt lat="41.69389148" lon="26.44327408"><ele>82.216</ele><time>2026-10-08T13:07:24Z</time><speed>28.290</speed><sat>35</sat></trkpt>
  <trkpt lat="41.69401894" lon="26.44297879"><ele>82.300</ele><time>2026-10-08T13:07:25Z</time><speed>28.750</speed><sat>35</sat></trkpt>
  <trkpt lat="41.69415039" lon="26.44267970"><ele>82.017</ele><time>2026-10-08T13:07:26Z</time><speed>29.050</speed><sat>36</sat></trkpt>
  <trkpt lat="41.69428319" lon="26.44237511"><ele>81.905</ele><time>2026-10-08T13:07:27Z</time><speed>29.600</speed><sat>36</sat></trkpt>
  <trkpt lat="41.69442083" lon="26.44205585"><ele>82.221</ele><time>2026-10-08T13:07:28Z</time><speed>30.710</speed><sat>35</sat></trkpt>
  <trkpt lat="41.69455048" lon="26.44172445"><ele>82.035</ele><time>2026-10-08T13:07:29Z</time><speed>31.430</speed><sat>36</sat></trkpt>
  <trkpt lat="41.69469197" lon="26.44139336"><ele>81.839</ele><time>2026-10-08T13:07:30Z</time><speed>31.760</speed><sat>36</sat></trkpt>
  <trkpt lat="41.69482878" lon="26.44106885"><ele>81.829</ele><time>2026-10-08T13:07:31Z</time><speed>30.810</speed><sat>36</sat></trkpt>
  <trkpt lat="41.69496448" lon="26.44074977"><ele>81.928</ele><time>2026-10-08T13:07:32Z</time><speed>30.320</speed><sat>36</sat></trkpt>
  <trkpt lat="41.69510481" lon="26.44042399"><ele>81.945</ele><time>2026-10-08T13:07:33Z</time><speed>31.120</speed><sat>36</sat></trkpt>
  <trkpt lat="41.69524669" lon="26.44009715"><ele>82.272</ele><time>2026-10-08T13:07:34Z</time><speed>31.980</speed><sat>36</sat></trkpt>
  <trkpt lat="41.69538697" lon="26.43975013"><ele>82.041</ele><time>2026-10-08T13:07:35Z</time><speed>32.720</speed><sat>35</sat></trkpt>
  <trkpt lat="41.69553892" lon="26.43941231"><ele>82.242</ele><time>2026-10-08T13:07:36Z</time><speed>33.120</speed><sat>35</sat></trkpt>
  <trkpt lat="41.69569233" lon="26.43906671"><ele>82.589</ele><time>2026-10-08T13:07:37Z</time><speed>33.800</speed><sat>34</sat></trkpt>
  <trkpt lat="41.69584355" lon="26.43871809"><ele>82.852</ele><time>2026-10-08T13:07:38Z</time><speed>33.840</speed><sat>31</sat></trkpt>
  <trkpt lat="41.69599163" lon="26.43838109"><ele>83.603</ele><time>2026-10-08T13:07:39Z</time><speed>32.530</speed><sat>31</sat></trkpt>
  <trkpt lat="41.69613883" lon="26.43803923"><ele>84.117</ele><time>2026-10-08T13:07:40Z</time><speed>32.200</speed><sat>32</sat></trkpt>
  <trkpt lat="41.69628586" lon="26.43770206"><ele>84.822</ele><time>2026-10-08T13:07:41Z</time><speed>32.140</speed><sat>33</sat></trkpt>
  <trkpt lat="41.69643066" lon="26.43736586"><ele>85.127</ele><time>2026-10-08T13:07:42Z</time><speed>32.210</speed><sat>33</sat></trkpt>
  <trkpt lat="41.69657448" lon="26.43703071"><ele>85.210</ele><time>2026-10-08T13:07:43Z</time><speed>32.320</speed><sat>34</sat></trkpt>
  <trkpt lat="41.69672383" lon="26.43669010"><ele>86.207</ele><time>2026-10-08T13:07:44Z</time><speed>32.470</speed><sat>33</sat></trkpt>
  <trkpt lat="41.69686897" lon="26.43634846"><ele>87.200</ele><time>2026-10-08T13:07:45Z</time><speed>32.560</speed><sat>34</sat></trkpt>
  <trkpt lat="41.69701040" lon="26.43601158"><ele>87.624</ele><time>2026-10-08T13:07:46Z</time><speed>32.600</speed><sat>34</sat></trkpt>
  <trkpt lat="41.69714826" lon="26.43566851"><ele>88.174</ele><time>2026-10-08T13:07:47Z</time><speed>32.600</speed><sat>33</sat></trkpt>
  <trkpt lat="41.69729393" lon="26.43532189"><ele>88.581</ele><time>2026-10-08T13:07:48Z</time><speed>32.780</speed><sat>33</sat></trkpt>
  <trkpt lat="41.69744116" lon="26.43497800"><ele>89.069</ele><time>2026-10-08T13:07:49Z</time><speed>32.860</speed><sat>33</sat></trkpt>
  <trkpt lat="41.69758232" lon="26.43463332"><ele>89.439</ele><time>2026-10-08T13:07:50Z</time><speed>32.940</speed><sat>34</sat></trkpt>
  <trkpt lat="41.69771492" lon="26.43427596"><ele>89.746</ele><time>2026-10-08T13:07:51Z</time><speed>33.110</speed><sat>34</sat></trkpt>
  <trkpt lat="41.69783924" lon="26.43392339"><ele>89.669</ele><time>2026-10-08T13:07:52Z</time><speed>33.290</speed><sat>35</sat></trkpt>
  <trkpt lat="41.69796037" lon="26.43354867"><ele>89.566</ele><time>2026-10-08T13:07:53Z</time><speed>33.390</speed><sat>36</sat></trkpt>
  <trkpt lat="41.69806900" lon="26.43317753"><ele>89.676</ele><time>2026-10-08T13:07:54Z</time><speed>33.500</speed><sat>36</sat></trkpt>
  <trkpt lat="41.69816668" lon="26.43279553"><ele>89.942</ele><time>2026-10-08T13:07:55Z</time><speed>33.480</speed><sat>36</sat></trkpt>
  <trkpt lat="41.69825506" lon="26.43240505"><ele>89.862</ele><time>2026-10-08T13:07:56Z</time><speed>33.720</speed><sat>36</sat></trkpt>
  <trkpt lat="41.69833782" lon="26.43201535"><ele>89.584</ele><time>2026-10-08T13:07:57Z</time><speed>33.790</speed><sat>36</sat></trkpt>
  <trkpt lat="41.69841992" lon="26.43162357"><ele>89.508</ele><time>2026-10-08T13:07:58Z</time><speed>34.090</speed><sat>36</sat></trkpt>
  <trkpt lat="41.69849757" lon="26.43122860"><ele>89.644</ele><time>2026-10-08T13:07:59Z</time><speed>34.160</speed><sat>35</sat></trkpt>
  <trkpt lat="41.69857531" lon="26.43083109"><ele>89.781</ele><time>2026-10-08T13:08:00Z</time><speed>34.380</speed><sat>35</sat></trkpt>
  <trkpt lat="41.69864609" lon="26.43043577"><ele>89.267</ele><time>2026-10-08T13:08:01Z</time><speed>33.910</speed><sat>33</sat></trkpt>
  <trkpt lat="41.69872218" lon="26.43002742"><ele>88.583</ele><time>2026-10-08T13:08:02Z</time><speed>35.040</speed><sat>33</sat></trkpt>
  <trkpt lat="41.69879517" lon="26.42962430"><ele>88.289</ele><time>2026-10-08T13:08:03Z</time><speed>34.560</speed><sat>33</sat></trkpt>
  <trkpt lat="41.69887397" lon="26.42921882"><ele>88.182</ele><time>2026-10-08T13:08:04Z</time><speed>34.480</speed><sat>34</sat></trkpt>
  <trkpt lat="41.69895168" lon="26.42881468"><ele>88.035</ele><time>2026-10-08T13:08:05Z</time><speed>34.220</speed><sat>31</sat></trkpt>
  <trkpt lat="41.69902534" lon="26.42841848"><ele>88.376</ele><time>2026-10-08T13:08:06Z</time><speed>33.600</speed><sat>33</sat></trkpt>
  <trkpt lat="41.69909941" lon="26.42802470"><ele>88.078</ele><time>2026-10-08T13:08:07Z</time><speed>33.580</speed><sat>33</sat></trkpt>
  <trkpt lat="41.69917236" lon="26.42763583"><ele>88.154</ele><time>2026-10-08T13:08:08Z</time><speed>33.490</speed><sat>33</sat></trkpt>
  <trkpt lat="41.69925109" lon="26.42724078"><ele>87.847</ele><time>2026-10-08T13:08:09Z</time><speed>33.190</speed><sat>31</sat></trkpt>
  <trkpt lat="41.69932807" lon="26.42685605"><ele>87.540</ele><time>2026-10-08T13:08:10Z</time><speed>32.990</speed><sat>31</sat></trkpt>
  <trkpt lat="41.69939828" lon="26.42648401"><ele>87.384</ele><time>2026-10-08T13:08:11Z</time><speed>32.110</speed><sat>31</sat></trkpt>
  <trkpt lat="41.69946829" lon="26.42613455"><ele>87.056</ele><time>2026-10-08T13:08:12Z</time><speed>29.910</speed><sat>33</sat></trkpt>
  <trkpt lat="41.69953690" lon="26.42579568"><ele>86.935</ele><time>2026-10-08T13:08:13Z</time><speed>28.370</speed><sat>33</sat></trkpt>
  <trkpt lat="41.69960232" lon="26.42546710"><ele>86.871</ele><time>2026-10-08T13:08:14Z</time><speed>27.200</speed><sat>34</sat></trkpt>
  <trkpt lat="41.69966205" lon="26.42515582"><ele>86.479</ele><time>2026-10-08T13:08:15Z</time><speed>26.180</speed><sat>34</sat></trkpt>
  <trkpt lat="41.69972388" lon="26.42485367"><ele>86.191</ele><time>2026-10-08T13:08:16Z</time><speed>26.060</speed><sat>34</sat></trkpt>
  <trkpt lat="41.69978326" lon="26.42454779"><ele>85.741</ele><time>2026-10-08T13:08:17Z</time><speed>25.610</speed><sat>34</sat></trkpt>
  <trkpt lat="41.69984124" lon="26.42425826"><ele>85.097</ele><time>2026-10-08T13:08:18Z</time><speed>25.240</speed><sat>33</sat></trkpt>
  <trkpt lat="41.69989408" lon="26.42396654"><ele>85.186</ele><time>2026-10-08T13:08:19Z</time><speed>24.960</speed><sat>33</sat></trkpt>
  <trkpt lat="41.69994954" lon="26.42367453"><ele>85.225</ele><time>2026-10-08T13:08:20Z</time><speed>24.850</speed><sat>33</sat></trkpt>
  <trkpt lat="41.70000170" lon="26.42338708"><ele>85.043</ele><time>2026-10-08T13:08:21Z</time><speed>24.650</speed><sat>33</sat></trkpt>
  <trkpt lat="41.70005892" lon="26.42310191"><ele>85.207</ele><time>2026-10-08T13:08:22Z</time><speed>24.260</speed><sat>32</sat></trkpt>
  <trkpt lat="41.70011154" lon="26.42282801"><ele>85.132</ele><time>2026-10-08T13:08:23Z</time><speed>23.830</speed><sat>31</sat></trkpt>
  <trkpt lat="41.70016666" lon="26.42255465"><ele>84.274</ele><time>2026-10-08T13:08:24Z</time><speed>24.180</speed><sat>32</sat></trkpt>
  <trkpt lat="41.70021966" lon="26.42227379"><ele>84.234</ele><time>2026-10-08T13:08:25Z</time><speed>24.070</speed><sat>31</sat></trkpt>
  <trkpt lat="41.70026917" lon="26.42199613"><ele>84.321</ele><time>2026-10-08T13:08:26Z</time><speed>23.620</speed><sat>31</sat></trkpt>
  <trkpt lat="41.70032358" lon="26.42170221"><ele>83.487</ele><time>2026-10-08T13:08:27Z</time><speed>24.150</speed><sat>30</sat></trkpt>
  <trkpt lat="41.70037481" lon="26.42143515"><ele>83.715</ele><time>2026-10-08T13:08:28Z</time><speed>23.270</speed><sat>33</sat></trkpt>
  <trkpt lat="41.70043186" lon="26.42116407"><ele>83.878</ele><time>2026-10-08T13:08:29Z</time><speed>23.440</speed><sat>34</sat></trkpt>
  <trkpt lat="41.70049020" lon="26.42089474"><ele>84.049</ele><time>2026-10-08T13:08:30Z</time><speed>23.030</speed><sat>34</sat></trkpt>
  <trkpt lat="41.70054456" lon="26.42063525"><ele>84.024</ele><time>2026-10-08T13:08:31Z</time><speed>22.690</speed><sat>33</sat></trkpt>
  <trkpt lat="41.70059190" lon="26.42037525"><ele>83.434</ele><time>2026-10-08T13:08:32Z</time><speed>22.460</speed><sat>34</sat></trkpt>
  <trkpt lat="41.70063936" lon="26.42010834"><ele>83.407</ele><time>2026-10-08T13:08:33Z</time><speed>22.440</speed><sat>34</sat></trkpt>
  <trkpt lat="41.70069056" lon="26.41984540"><ele>82.642</ele><time>2026-10-08T13:08:34Z</time><speed>22.620</speed><sat>35</sat></trkpt>
  <trkpt lat="41.70074238" lon="26.41958416"><ele>82.462</ele><time>2026-10-08T13:08:35Z</time><speed>22.420</speed><sat>35</sat></trkpt>
  <trkpt lat="41.70079323" lon="26.41933242"><ele>82.150</ele><time>2026-10-08T13:08:36Z</time><speed>22.010</speed><sat>35</sat></trkpt>
  <trkpt lat="41.70084841" lon="26.41908384"><ele>82.051</ele><time>2026-10-08T13:08:37Z</time><speed>21.790</speed><sat>35</sat></trkpt>
  <trkpt lat="41.70089904" lon="26.41882501"><ele>82.170</ele><time>2026-10-08T13:08:38Z</time><speed>22.050</speed><sat>35</sat></trkpt>
  <trkpt lat="41.70094688" lon="26.41856945"><ele>82.069</ele><time>2026-10-08T13:08:39Z</time><speed>21.380</speed><sat>35</sat></trkpt>
  <trkpt lat="41.70098834" lon="26.41832008"><ele>83.795</ele><time>2026-10-08T13:08:40Z</time><speed>21.530</speed><sat>35</sat></trkpt>
  <trkpt lat="41.70103349" lon="26.41807283"><ele>83.823</ele><time>2026-10-08T13:08:41Z</time><speed>21.260</speed><sat>35</sat></trkpt>
  <trkpt lat="41.70108248" lon="26.41782331"><ele>83.488</ele><time>2026-10-08T13:08:42Z</time><speed>21.080</speed><sat>36</sat></trkpt>
  <trkpt lat="41.70113019" lon="26.41758282"><ele>83.580</ele><time>2026-10-08T13:08:43Z</time><speed>20.460</speed><sat>36</sat></trkpt>
  <trkpt lat="41.70117368" lon="26.41734672"><ele>83.374</ele><time>2026-10-08T13:08:44Z</time><speed>19.900</speed><sat>36</sat></trkpt>
  <trkpt lat="41.70121972" lon="26.41711250"><ele>83.738</ele><time>2026-10-08T13:08:45Z</time><speed>19.640</speed><sat>36</sat></trkpt>
  <trkpt lat="41.70126097" lon="26.41687505"><ele>83.627</ele><time>2026-10-08T13:08:46Z</time><speed>19.660</speed><sat>36</sat></trkpt>
  <trkpt lat="41.70130498" lon="26.41665008"><ele>84.830</ele><time>2026-10-08T13:08:47Z</time><speed>19.380</speed><sat>36</sat></trkpt>
  <trkpt lat="41.70135063" lon="26.41642573"><ele>84.938</ele><time>2026-10-08T13:08:48Z</time><speed>19.030</speed><sat>36</sat></trkpt>
  <trkpt lat="41.70139094" lon="26.41620662"><ele>84.783</ele><time>2026-10-08T13:08:49Z</time><speed>18.870</speed><sat>35</sat></trkpt>
  <trkpt lat="41.70143265" lon="26.41598626"><ele>84.909</ele><time>2026-10-08T13:08:50Z</time><speed>18.580</speed><sat>35</sat></trkpt>
  <trkpt lat="41.70147705" lon="26.41577499"><ele>85.085</ele><time>2026-10-08T13:08:51Z</time><speed>18.320</speed><sat>35</sat></trkpt>
  <trkpt lat="41.70151301" lon="26.41555996"><ele>85.563</ele><time>2026-10-08T13:08:52Z</time><speed>18.240</speed><sat>35</sat></trkpt>
  <trkpt lat="41.70155392" lon="26.41534322"><ele>84.898</ele><time>2026-10-08T13:08:53Z</time><speed>18.210</speed><sat>35</sat></trkpt>
  <trkpt lat="41.70159286" lon="26.41513369"><ele>84.503</ele><time>2026-10-08T13:08:54Z</time><speed>18.210</speed><sat>35</sat></trkpt>
  <trkpt lat="41.70163315" lon="26.41492275"><ele>84.628</ele><time>2026-10-08T13:08:55Z</time><speed>18.200</speed><sat>33</sat></trkpt>
  <trkpt lat="41.70167545" lon="26.41470686"><ele>85.133</ele><time>2026-10-08T13:08:56Z</time><speed>18.180</speed><sat>33</sat></trkpt>
  <trkpt lat="41.70171755" lon="26.41450139"><ele>85.929</ele><time>2026-10-08T13:08:57Z</time><speed>17.910</speed><sat>33</sat></trkpt>
  <trkpt lat="41.70175680" lon="26.41429815"><ele>85.042</ele><time>2026-10-08T13:08:58Z</time><speed>17.580</speed><sat>33</sat></trkpt>
  <trkpt lat="41.70179361" lon="26.41408831"><ele>85.076</ele><time>2026-10-08T13:08:59Z</time><speed>18.160</speed><sat>32</sat></trkpt>
  <trkpt lat="41.70183099" lon="26.41387836"><ele>85.117</ele><time>2026-10-08T13:09:00Z</time><speed>18.320</speed><sat>31</sat></trkpt>
  <trkpt lat="41.70187190" lon="26.41365816"><ele>86.034</ele><time>2026-10-08T13:09:01Z</time><speed>19.430</speed><sat>32</sat></trkpt>
  <trkpt lat="41.70192275" lon="26.41342657"><ele>87.001</ele><time>2026-10-08T13:09:02Z</time><speed>20.540</speed><sat>32</sat></trkpt>
  <trkpt lat="41.70197664" lon="26.41318089"><ele>87.142</ele><time>2026-10-08T13:09:03Z</time><speed>21.440</speed><sat>33</sat></trkpt>
  <trkpt lat="41.70202842" lon="26.41293010"><ele>87.839</ele><time>2026-10-08T13:09:04Z</time><speed>22.250</speed><sat>32</sat></trkpt>
  <trkpt lat="41.70208542" lon="26.41266563"><ele>88.005</ele><time>2026-10-08T13:09:05Z</time><speed>23.440</speed><sat>31</sat></trkpt>
  <trkpt lat="41.70214076" lon="26.41239580"><ele>87.701</ele><time>2026-10-08T13:09:06Z</time><speed>24.070</speed><sat>33</sat></trkpt>
  <trkpt lat="41.70219737" lon="26.41210775"><ele>89.023</ele><time>2026-10-08T13:09:07Z</time><speed>25.100</speed><sat>32</sat></trkpt>
  <trkpt lat="41.70225788" lon="26.41180785"><ele>88.094</ele><time>2026-10-08T13:09:08Z</time><speed>25.760</speed><sat>32</sat></trkpt>
  <trkpt lat="41.70231050" lon="26.41148981"><ele>87.802</ele><time>2026-10-08T13:09:09Z</time><speed>26.740</speed><sat>32</sat></trkpt>
  <trkpt lat="41.70237037" lon="26.41117331"><ele>87.702</ele><time>2026-10-08T13:09:10Z</time><speed>27.440</speed><sat>34</sat></trkpt>
  <trkpt lat="41.70242772" lon="26.41084041"><ele>87.015</ele><time>2026-10-08T13:09:11Z</time><speed>28.380</speed><sat>34</sat></trkpt>
  <trkpt lat="41.70248974" lon="26.41050012"><ele>87.286</ele><time>2026-10-08T13:09:12Z</time><speed>29.150</speed><sat>33</sat></trkpt>
  <trkpt lat="41.70255481" lon="26.41015720"><ele>87.869</ele><time>2026-10-08T13:09:13Z</time><speed>29.900</speed><sat>32</sat></trkpt>
  <trkpt lat="41.70261360" lon="26.40980495"><ele>87.944</ele><time>2026-10-08T13:09:14Z</time><speed>30.180</speed><sat>31</sat></trkpt>
  <trkpt lat="41.70268007" lon="26.40943950"><ele>88.120</ele><time>2026-10-08T13:09:15Z</time><speed>30.830</speed><sat>32</sat></trkpt>
  <trkpt lat="41.70274748" lon="26.40906520"><ele>88.222</ele><time>2026-10-08T13:09:16Z</time><speed>31.460</speed><sat>32</sat></trkpt>
  <trkpt lat="41.70282067" lon="26.40868785"><ele>87.961</ele><time>2026-10-08T13:09:17Z</time><speed>32.100</speed><sat>33</sat></trkpt>
  <trkpt lat="41.70289970" lon="26.40831512"><ele>87.805</ele><time>2026-10-08T13:09:18Z</time><speed>32.590</speed><sat>33</sat></trkpt>
  <trkpt lat="41.70296852" lon="26.40792518"><ele>87.751</ele><time>2026-10-08T13:09:19Z</time><speed>33.290</speed><sat>33</sat></trkpt>
  <trkpt lat="41.70304912" lon="26.40753652"><ele>87.995</ele><time>2026-10-08T13:09:20Z</time><speed>33.810</speed><sat>32</sat></trkpt>
  <trkpt lat="41.70312453" lon="26.40712788"><ele>87.515</ele><time>2026-10-08T13:09:21Z</time><speed>34.070</speed><sat>33</sat></trkpt>
  <trkpt lat="41.70319723" lon="26.40674033"><ele>87.742</ele><time>2026-10-08T13:09:22Z</time><speed>33.810</speed><sat>33</sat></trkpt>
  <trkpt lat="41.70328059" lon="26.40634543"><ele>88.215</ele><time>2026-10-08T13:09:23Z</time><speed>33.990</speed><sat>32</sat></trkpt>
  <trkpt lat="41.70335248" lon="26.40594229"><ele>87.451</ele><time>2026-10-08T13:09:24Z</time><speed>33.920</speed><sat>32</sat></trkpt>
  <trkpt lat="41.70341872" lon="26.40554157"><ele>87.284</ele><time>2026-10-08T13:09:25Z</time><speed>33.560</speed><sat>33</sat></trkpt>
  <trkpt lat="41.70349726" lon="26.40516163"><ele>86.470</ele><time>2026-10-08T13:09:26Z</time><speed>33.890</speed><sat>35</sat></trkpt>
  <trkpt lat="41.70357200" lon="26.40476275"><ele>86.162</ele><time>2026-10-08T13:09:27Z</time><speed>34.040</speed><sat>33</sat></trkpt>
  <trkpt lat="41.70365202" lon="26.40436614"><ele>86.078</ele><time>2026-10-08T13:09:28Z</time><speed>33.970</speed><sat>35</sat></trkpt>
  <trkpt lat="41.70371979" lon="26.40396781"><ele>86.839</ele><time>2026-10-08T13:09:29Z</time><speed>33.980</speed><sat>35</sat></trkpt>
  <trkpt lat="41.70380513" lon="26.40356887"><ele>86.547</ele><time>2026-10-08T13:09:30Z</time><speed>34.260</speed><sat>36</sat></trkpt>
  <trkpt lat="41.70388314" lon="26.40318063"><ele>87.020</ele><time>2026-10-08T13:09:31Z</time><speed>33.720</speed><sat>35</sat></trkpt>
  <trkpt lat="41.70395264" lon="26.40278449"><ele>87.104</ele><time>2026-10-08T13:09:32Z</time><speed>34.020</speed><sat>35</sat></trkpt>
  <trkpt lat="41.70402591" lon="26.40239209"><ele>86.865</ele><time>2026-10-08T13:09:33Z</time><speed>33.750</speed><sat>36</sat></trkpt>
  <trkpt lat="41.70410778" lon="26.40199709"><ele>85.798</ele><time>2026-10-08T13:09:34Z</time><speed>33.940</speed><sat>36</sat></trkpt>
  <trkpt lat="41.70418253" lon="26.40161788"><ele>85.552</ele><time>2026-10-08T13:09:35Z</time><speed>32.400</speed><sat>35</sat></trkpt>
  <trkpt lat="41.70425508" lon="26.40124007"><ele>86.044</ele><time>2026-10-08T13:09:36Z</time><speed>32.470</speed><sat>36</sat></trkpt>
  <trkpt lat="41.70432985" lon="26.40086294"><ele>86.631</ele><time>2026-10-08T13:09:37Z</time><speed>32.450</speed><sat>36</sat></trkpt>
  <trkpt lat="41.70440584" lon="26.40048966"><ele>87.780</ele><time>2026-10-08T13:09:38Z</time><speed>32.380</speed><sat>36</sat></trkpt>
  <trkpt lat="41.70448776" lon="26.40012077"><ele>87.247</ele><time>2026-10-08T13:09:39Z</time><speed>31.910</speed><sat>36</sat></trkpt>
  <trkpt lat="41.70457389" lon="26.39975515"><ele>85.896</ele><time>2026-10-08T13:09:40Z</time><speed>32.300</speed><sat>36</sat></trkpt>
  <trkpt lat="41.70465894" lon="26.39938970"><ele>85.436</ele><time>2026-10-08T13:09:41Z</time><speed>32.280</speed><sat>36</sat></trkpt>
  <trkpt lat="41.70475328" lon="26.39902289"><ele>84.998</ele><time>2026-10-08T13:09:42Z</time><speed>32.330</speed><sat>36</sat></trkpt>
  <trkpt lat="41.70484599" lon="26.39866364"><ele>84.903</ele><time>2026-10-08T13:09:43Z</time><speed>32.370</speed><sat>36</sat></trkpt>
  <trkpt lat="41.70495075" lon="26.39828801"><ele>84.694</ele><time>2026-10-08T13:09:44Z</time><speed>33.020</speed><sat>36</sat></trkpt>
  <trkpt lat="41.70507468" lon="26.39791187"><ele>85.352</ele><time>2026-10-08T13:09:45Z</time><speed>33.720</speed><sat>36</sat></trkpt>
  <trkpt lat="41.70518389" lon="26.39753851"><ele>84.549</ele><time>2026-10-08T13:09:46Z</time><speed>33.500</speed><sat>36</sat></trkpt>
  <trkpt lat="41.70526213" lon="26.39712376"><ele>84.362</ele><time>2026-10-08T13:09:47Z</time><speed>34.150</speed><sat>35</sat></trkpt>
  <trkpt lat="41.70538735" lon="26.39668563"><ele>84.965</ele><time>2026-10-08T13:09:48Z</time><speed>36.080</speed><sat>34</sat></trkpt>
  <trkpt lat="41.70550426" lon="26.39627472"><ele>83.694</ele><time>2026-10-08T13:09:49Z</time><speed>36.290</speed><sat>34</sat></trkpt>
  <trkpt lat="41.70561364" lon="26.39592163"><ele>83.649</ele><time>2026-10-08T13:09:50Z</time><speed>34.220</speed><sat>31</sat></trkpt>
  <trkpt lat="41.70571802" lon="26.39553156"><ele>82.685</ele><time>2026-10-08T13:09:51Z</time><speed>33.430</speed><sat>31</sat></trkpt>
  <trkpt lat="41.70580909" lon="26.39516349"><ele>83.077</ele><time>2026-10-08T13:09:52Z</time><speed>32.810</speed><sat>28</sat></trkpt>
  <trkpt lat="41.70590332" lon="26.39481051"><ele>83.265</ele><time>2026-10-08T13:09:53Z</time><speed>32.200</speed><sat>27</sat></trkpt>
  <trkpt lat="41.70600160" lon="26.39445458"><ele>83.324</ele><time>2026-10-08T13:09:54Z</time><speed>31.790</speed><sat>27</sat></trkpt>
  <trkpt lat="41.70610292" lon="26.39410703"><ele>84.320</ele><time>2026-10-08T13:09:55Z</time><speed>31.160</speed><sat>27</sat></trkpt>
  <trkpt lat="41.70619282" lon="26.39375612"><ele>84.957</ele><time>2026-10-08T13:09:56Z</time><speed>30.640</speed><sat>28</sat></trkpt>
  <trkpt lat="41.70628014" lon="26.39341141"><ele>85.902</ele><time>2026-10-08T13:09:57Z</time><speed>30.210</speed><sat>28</sat></trkpt>
  <trkpt lat="41.70636705" lon="26.39306605"><ele>86.278</ele><time>2026-10-08T13:09:58Z</time><speed>30.190</speed><sat>31</sat></trkpt>
  <trkpt lat="41.70645108" lon="26.39274235"><ele>87.782</ele><time>2026-10-08T13:09:59Z</time><speed>28.320</speed><sat>31</sat></trkpt>
  <trkpt lat="41.70653271" lon="26.39241717"><ele>88.603</ele><time>2026-10-08T13:10:00Z</time><speed>27.980</speed><sat>31</sat></trkpt>
  <trkpt lat="41.70661099" lon="26.39210229"><ele>89.326</ele><time>2026-10-08T13:10:01Z</time><speed>27.220</speed><sat>32</sat></trkpt>
  <trkpt lat="41.70669314" lon="26.39179569"><ele>90.606</ele><time>2026-10-08T13:10:02Z</time><speed>26.900</speed><sat>32</sat></trkpt>
  <trkpt lat="41.70677394" lon="26.39149604"><ele>90.909</ele><time>2026-10-08T13:10:03Z</time><speed>26.090</speed><sat>32</sat></trkpt>
  <trkpt lat="41.70685064" lon="26.39120011"><ele>91.003</ele><time>2026-10-08T13:10:04Z</time><speed>25.320</speed><sat>32</sat></trkpt>
  <trkpt lat="41.70692870" lon="26.39091250"><ele>91.727</ele><time>2026-10-08T13:10:05Z</time><speed>24.270</speed><sat>32</sat></trkpt>
  <trkpt lat="41.70698964" lon="26.39064189"><ele>92.969</ele><time>2026-10-08T13:10:06Z</time><speed>23.720</speed><sat>32</sat></trkpt>
  <trkpt lat="41.70706831" lon="26.39037147"><ele>93.662</ele><time>2026-10-08T13:10:07Z</time><speed>24.090</speed><sat>32</sat></trkpt>
  <trkpt lat="41.70714662" lon="26.39013250"><ele>93.640</ele><time>2026-10-08T13:10:08Z</time><speed>22.070</speed><sat>31</sat></trkpt>
  <trkpt lat="41.70721099" lon="26.38985576"><ele>93.748</ele><time>2026-10-08T13:10:09Z</time><speed>23.590</speed><sat>31</sat></trkpt>
  <trkpt lat="41.70727800" lon="26.38958681"><ele>93.925</ele><time>2026-10-08T13:10:10Z</time><speed>24.050</speed><sat>34</sat></trkpt>
  <trkpt lat="41.70736213" lon="26.38930560"><ele>93.653</ele><time>2026-10-08T13:10:11Z</time><speed>23.820</speed><sat>33</sat></trkpt>
  <trkpt lat="41.70744126" lon="26.38903043"><ele>92.615</ele><time>2026-10-08T13:10:12Z</time><speed>23.770</speed><sat>33</sat></trkpt>
  <trkpt lat="41.70750946" lon="26.38876907"><ele>92.902</ele><time>2026-10-08T13:10:13Z</time><speed>22.960</speed><sat>34</sat></trkpt>
  <trkpt lat="41.70758379" lon="26.38849107"><ele>92.426</ele><time>2026-10-08T13:10:14Z</time><speed>24.150</speed><sat>35</sat></trkpt>
  <trkpt lat="41.70766204" lon="26.38822335"><ele>93.200</ele><time>2026-10-08T13:10:15Z</time><speed>23.910</speed><sat>35</sat></trkpt>
  <trkpt lat="41.70773699" lon="26.38795479"><ele>93.139</ele><time>2026-10-08T13:10:16Z</time><speed>23.950</speed><sat>35</sat></trkpt>
  <trkpt lat="41.70781589" lon="26.38768329"><ele>92.793</ele><time>2026-10-08T13:10:17Z</time><speed>24.050</speed><sat>35</sat></trkpt>
  <trkpt lat="41.70789559" lon="26.38741324"><ele>93.228</ele><time>2026-10-08T13:10:18Z</time><speed>24.340</speed><sat>35</sat></trkpt>
  <trkpt lat="41.70798189" lon="26.38714639"><ele>93.034</ele><time>2026-10-08T13:10:19Z</time><speed>23.930</speed><sat>35</sat></trkpt>
  <trkpt lat="41.70806316" lon="26.38687166"><ele>93.535</ele><time>2026-10-08T13:10:20Z</time><speed>24.570</speed><sat>35</sat></trkpt>
  <trkpt lat="41.70813532" lon="26.38659427"><ele>93.131</ele><time>2026-10-08T13:10:21Z</time><speed>24.710</speed><sat>35</sat></trkpt>
  <trkpt lat="41.70820983" lon="26.38631154"><ele>93.081</ele><time>2026-10-08T13:10:22Z</time><speed>24.910</speed><sat>35</sat></trkpt>
  <trkpt lat="41.70829500" lon="26.38605026"><ele>92.045</ele><time>2026-10-08T13:10:23Z</time><speed>24.070</speed><sat>36</sat></trkpt>
  <trkpt lat="41.70837363" lon="26.38577894"><ele>93.342</ele><time>2026-10-08T13:10:24Z</time><speed>24.510</speed><sat>36</sat></trkpt>
  <trkpt lat="41.70845506" lon="26.38549930"><ele>91.368</ele><time>2026-10-08T13:10:25Z</time><speed>24.560</speed><sat>36</sat></trkpt>
  <trkpt lat="41.70853230" lon="26.38521830"><ele>91.519</ele><time>2026-10-08T13:10:26Z</time><speed>24.620</speed><sat>36</sat></trkpt>
  <trkpt lat="41.70860911" lon="26.38494662"><ele>92.102</ele><time>2026-10-08T13:10:27Z</time><speed>24.770</speed><sat>35</sat></trkpt>
  <trkpt lat="41.70868643" lon="26.38467391"><ele>91.974</ele><time>2026-10-08T13:10:28Z</time><speed>24.600</speed><sat>36</sat></trkpt>
  <trkpt lat="41.70876478" lon="26.38439684"><ele>92.540</ele><time>2026-10-08T13:10:29Z</time><speed>24.740</speed><sat>36</sat></trkpt>
  <trkpt lat="41.70884446" lon="26.38412298"><ele>92.586</ele><time>2026-10-08T13:10:30Z</time><speed>24.710</speed><sat>36</sat></trkpt>
  <trkpt lat="41.70892721" lon="26.38384630"><ele>92.904</ele><time>2026-10-08T13:10:31Z</time><speed>24.370</speed><sat>36</sat></trkpt>
  <trkpt lat="41.70900297" lon="26.38357016"><ele>92.193</ele><time>2026-10-08T13:10:32Z</time><speed>24.210</speed><sat>36</sat></trkpt>
  <trkpt lat="41.70908013" lon="26.38329877"><ele>92.223</ele><time>2026-10-08T13:10:33Z</time><speed>24.120</speed><sat>36</sat></trkpt>
  <trkpt lat="41.70915685" lon="26.38302136"><ele>90.840</ele><time>2026-10-08T13:10:34Z</time><speed>24.160</speed><sat>36</sat></trkpt>
  <trkpt lat="41.70923931" lon="26.38275864"><ele>90.471</ele><time>2026-10-08T13:10:35Z</time><speed>23.470</speed><sat>36</sat></trkpt>
  <trkpt lat="41.70931657" lon="26.38250207"><ele>91.107</ele><time>2026-10-08T13:10:36Z</time><speed>23.100</speed><sat>36</sat></trkpt>
  <trkpt lat="41.70938882" lon="26.38224080"><ele>90.171</ele><time>2026-10-08T13:10:37Z</time><speed>22.780</speed><sat>36</sat></trkpt>
  <trkpt lat="41.70946323" lon="26.38198717"><ele>90.163</ele><time>2026-10-08T13:10:38Z</time><speed>22.420</speed><sat>36</sat></trkpt>
  <trkpt lat="41.70953607" lon="26.38174030"><ele>90.167</ele><time>2026-10-08T13:10:39Z</time><speed>21.960</speed><sat>36</sat></trkpt>
  <trkpt lat="41.70961182" lon="26.38149513"><ele>89.774</ele><time>2026-10-08T13:10:40Z</time><speed>21.870</speed><sat>36</sat></trkpt>
  <trkpt lat="41.70968133" lon="26.38125366"><ele>90.075</ele><time>2026-10-08T13:10:41Z</time><speed>21.450</speed><sat>36</sat></trkpt>
  <trkpt lat="41.70975256" lon="26.38101239"><ele>90.017</ele><time>2026-10-08T13:10:42Z</time><speed>21.180</speed><sat>36</sat></trkpt>
  <trkpt lat="41.70981760" lon="26.38077493"><ele>89.649</ele><time>2026-10-08T13:10:43Z</time><speed>20.830</speed><sat>36</sat></trkpt>
  <trkpt lat="41.70988098" lon="26.38054540"><ele>89.582</ele><time>2026-10-08T13:10:44Z</time><speed>20.680</speed><sat>36</sat></trkpt>
  <trkpt lat="41.70994438" lon="26.38030377"><ele>88.906</ele><time>2026-10-08T13:10:45Z</time><speed>20.860</speed><sat>36</sat></trkpt>
  <trkpt lat="41.71000970" lon="26.38006320"><ele>88.500</ele><time>2026-10-08T13:10:46Z</time><speed>21.240</speed><sat>36</sat></trkpt>
  <trkpt lat="41.71007752" lon="26.37981857"><ele>88.215</ele><time>2026-10-08T13:10:47Z</time><speed>21.780</speed><sat>36</sat></trkpt>
  <trkpt lat="41.71014496" lon="26.37957215"><ele>88.002</ele><time>2026-10-08T13:10:48Z</time><speed>22.240</speed><sat>36</sat></trkpt>
  <trkpt lat="41.71022068" lon="26.37932184"><ele>88.164</ele><time>2026-10-08T13:10:49Z</time><speed>22.520</speed><sat>36</sat></trkpt>
  <trkpt lat="41.71029563" lon="26.37906615"><ele>88.167</ele><time>2026-10-08T13:10:50Z</time><speed>22.670</speed><sat>35</sat></trkpt>
  <trkpt lat="41.71037171" lon="26.37881478"><ele>87.354</ele><time>2026-10-08T13:10:51Z</time><speed>22.920</speed><sat>35</sat></trkpt>
  <trkpt lat="41.71044870" lon="26.37855938"><ele>86.790</ele><time>2026-10-08T13:10:52Z</time><speed>22.890</speed><sat>35</sat></trkpt>
  <trkpt lat="41.71052344" lon="26.37830220"><ele>87.018</ele><time>2026-10-08T13:10:53Z</time><speed>22.710</speed><sat>35</sat></trkpt>
  <trkpt lat="41.71060347" lon="26.37804401"><ele>86.570</ele><time>2026-10-08T13:10:54Z</time><speed>23.010</speed><sat>35</sat></trkpt>
  <trkpt lat="41.71068005" lon="26.37778749"><ele>86.250</ele><time>2026-10-08T13:10:55Z</time><speed>22.920</speed><sat>35</sat></trkpt>
  <trkpt lat="41.71075715" lon="26.37754290"><ele>85.516</ele><time>2026-10-08T13:10:56Z</time><speed>22.620</speed><sat>35</sat></trkpt>
  <trkpt lat="41.71082883" lon="26.37728395"><ele>85.875</ele><time>2026-10-08T13:10:57Z</time><speed>22.860</speed><sat>36</sat></trkpt>
  <trkpt lat="41.71090804" lon="26.37703974"><ele>86.352</ele><time>2026-10-08T13:10:58Z</time><speed>22.200</speed><sat>36</sat></trkpt>
  <trkpt lat="41.71098283" lon="26.37679239"><ele>86.240</ele><time>2026-10-08T13:10:59Z</time><speed>22.060</speed><sat>36</sat></trkpt>
  <trkpt lat="41.71105271" lon="26.37654863"><ele>85.902</ele><time>2026-10-08T13:11:00Z</time><speed>21.470</speed><sat>36</sat></trkpt>
  <trkpt lat="41.71112222" lon="26.37630640"><ele>86.328</ele><time>2026-10-08T13:11:01Z</time><speed>21.510</speed><sat>36</sat></trkpt>
  <trkpt lat="41.71119123" lon="26.37606340"><ele>86.216</ele><time>2026-10-08T13:11:02Z</time><speed>21.570</speed><sat>36</sat></trkpt>
  <trkpt lat="41.71126028" lon="26.37582374"><ele>86.012</ele><time>2026-10-08T13:11:03Z</time><speed>21.440</speed><sat>36</sat></trkpt>
  <trkpt lat="41.71132967" lon="26.37558550"><ele>86.281</ele><time>2026-10-08T13:11:04Z</time><speed>21.170</speed><sat>36</sat></trkpt>
  <trkpt lat="41.71140021" lon="26.37535045"><ele>86.704</ele><time>2026-10-08T13:11:05Z</time><speed>20.970</speed><sat>35</sat></trkpt>
  <trkpt lat="41.71147860" lon="26.37511476"><ele>85.994</ele><time>2026-10-08T13:11:06Z</time><speed>21.180</speed><sat>36</sat></trkpt>
  <trkpt lat="41.71154599" lon="26.37487776"><ele>85.886</ele><time>2026-10-08T13:11:07Z</time><speed>21.150</speed><sat>36</sat></trkpt>
  <trkpt lat="41.71161666" lon="26.37466806"><ele>85.416</ele><time>2026-10-08T13:11:08Z</time><speed>19.860</speed><sat>35</sat></trkpt>
  <trkpt lat="41.71167630" lon="26.37444827"><ele>86.133</ele><time>2026-10-08T13:11:09Z</time><speed>19.740</speed><sat>34</sat></trkpt>
  <trkpt lat="41.71174027" lon="26.37422463"><ele>85.995</ele><time>2026-10-08T13:11:10Z</time><speed>20.040</speed><sat>34</sat></trkpt>
  <trkpt lat="41.71180328" lon="26.37399955"><ele>85.649</ele><time>2026-10-08T13:11:11Z</time><speed>20.240</speed><sat>34</sat></trkpt>
  <trkpt lat="41.71186668" lon="26.37377329"><ele>85.809</ele><time>2026-10-08T13:11:12Z</time><speed>20.340</speed><sat>34</sat></trkpt>
  <trkpt lat="41.71193490" lon="26.37353864"><ele>85.724</ele><time>2026-10-08T13:11:13Z</time><speed>21.440</speed><sat>30</sat></trkpt>
  <trkpt lat="41.71200889" lon="26.37329748"><ele>86.050</ele><time>2026-10-08T13:11:14Z</time><speed>22.350</speed><sat>32</sat></trkpt>
  <trkpt lat="41.71208277" lon="26.37304391"><ele>85.628</ele><time>2026-10-08T13:11:15Z</time><speed>23.070</speed><sat>35</sat></trkpt>
  <trkpt lat="41.71215302" lon="26.37279372"><ele>85.663</ele><time>2026-10-08T13:11:16Z</time><speed>22.200</speed><sat>34</sat></trkpt>
  <trkpt lat="41.71221972" lon="26.37254306"><ele>86.060</ele><time>2026-10-08T13:11:17Z</time><speed>22.540</speed><sat>34</sat></trkpt>
  <trkpt lat="41.71229070" lon="26.37228723"><ele>85.962</ele><time>2026-10-08T13:11:18Z</time><speed>23.820</speed><sat>34</sat></trkpt>
  <trkpt lat="41.71236924" lon="26.37202057"><ele>85.719</ele><time>2026-10-08T13:11:19Z</time><speed>23.880</speed><sat>34</sat></trkpt>
  <trkpt lat="41.71243703" lon="26.37176246"><ele>85.920</ele><time>2026-10-08T13:11:20Z</time><speed>23.100</speed><sat>35</sat></trkpt>
  <trkpt lat="41.71250136" lon="26.37149836"><ele>86.440</ele><time>2026-10-08T13:11:21Z</time><speed>22.630</speed><sat>36</sat></trkpt>
  <trkpt lat="41.71257127" lon="26.37124468"><ele>85.981</ele><time>2026-10-08T13:11:22Z</time><speed>22.240</speed><sat>36</sat></trkpt>
  <trkpt lat="41.71264026" lon="26.37098822"><ele>85.862</ele><time>2026-10-08T13:11:23Z</time><speed>21.860</speed><sat>35</sat></trkpt>
  <trkpt lat="41.71271148" lon="26.37074451"><ele>85.936</ele><time>2026-10-08T13:11:24Z</time><speed>21.510</speed><sat>35</sat></trkpt>
  <trkpt lat="41.71278070" lon="26.37050938"><ele>85.752</ele><time>2026-10-08T13:11:25Z</time><speed>21.140</speed><sat>35</sat></trkpt>
  <trkpt lat="41.71285097" lon="26.37028172"><ele>86.028</ele><time>2026-10-08T13:11:26Z</time><speed>20.760</speed><sat>34</sat></trkpt>
  <trkpt lat="41.71291662" lon="26.37004787"><ele>85.842</ele><time>2026-10-08T13:11:27Z</time><speed>20.200</speed><sat>33</sat></trkpt>
  <trkpt lat="41.71297898" lon="26.36982752"><ele>85.700</ele><time>2026-10-08T13:11:28Z</time><speed>18.640</speed><sat>35</sat></trkpt>
  <trkpt lat="41.71303679" lon="26.36963305"><ele>85.985</ele><time>2026-10-08T13:11:29Z</time><speed>16.980</speed><sat>36</sat></trkpt>
  <trkpt lat="41.71308599" lon="26.36945153"><ele>86.234</ele><time>2026-10-08T13:11:30Z</time><speed>14.870</speed><sat>36</sat></trkpt>
  <trkpt lat="41.71312965" lon="26.36929823"><ele>86.143</ele><time>2026-10-08T13:11:31Z</time><speed>12.740</speed><sat>36</sat></trkpt>
  <trkpt lat="41.71316700" lon="26.36916953"><ele>86.039</ele><time>2026-10-08T13:11:32Z</time><speed>10.940</speed><sat>36</sat></trkpt>
  <trkpt lat="41.71320525" lon="26.36904240"><ele>85.873</ele><time>2026-10-08T13:11:33Z</time><speed>10.730</speed><sat>36</sat></trkpt>
  <trkpt lat="41.71324238" lon="26.36891977"><ele>85.690</ele><time>2026-10-08T13:11:34Z</time><speed>10.850</speed><sat>36</sat></trkpt>
  <trkpt lat="41.71327948" lon="26.36879244"><ele>85.792</ele><time>2026-10-08T13:11:35Z</time><speed>11.380</speed><sat>36</sat></trkpt>
  <trkpt lat="41.71332012" lon="26.36865781"><ele>86.118</ele><time>2026-10-08T13:11:36Z</time><speed>12.520</speed><sat>36</sat></trkpt>
  <trkpt lat="41.71336377" lon="26.36851738"><ele>86.626</ele><time>2026-10-08T13:11:37Z</time><speed>13.530</speed><sat>36</sat></trkpt>
  <trkpt lat="41.71340917" lon="26.36836962"><ele>85.698</ele><time>2026-10-08T13:11:38Z</time><speed>13.850</speed><sat>36</sat></trkpt>
  <trkpt lat="41.71345881" lon="26.36819958"><ele>85.339</ele><time>2026-10-08T13:11:39Z</time><speed>14.670</speed><sat>36</sat></trkpt>
  <trkpt lat="41.71350317" lon="26.36804089"><ele>85.675</ele><time>2026-10-08T13:11:40Z</time><speed>14.100</speed><sat>35</sat></trkpt>
  <trkpt lat="41.71354962" lon="26.36787843"><ele>85.650</ele><time>2026-10-08T13:11:41Z</time><speed>14.320</speed><sat>36</sat></trkpt>
  <trkpt lat="41.71359722" lon="26.36770584"><ele>84.363</ele><time>2026-10-08T13:11:42Z</time><speed>14.820</speed><sat>36</sat></trkpt>
  <trkpt lat="41.71364021" lon="26.36753853"><ele>83.916</ele><time>2026-10-08T13:11:43Z</time><speed>14.180</speed><sat>35</sat></trkpt>
  <trkpt lat="41.71368489" lon="26.36737103"><ele>84.497</ele><time>2026-10-08T13:11:44Z</time><speed>13.710</speed><sat>36</sat></trkpt>
  <trkpt lat="41.71371466" lon="26.36722222"><ele>85.103</ele><time>2026-10-08T13:11:45Z</time><speed>13.260</speed><sat>36</sat></trkpt>
  <trkpt lat="41.71375109" lon="26.36707215"><ele>84.930</ele><time>2026-10-08T13:11:46Z</time><speed>12.450</speed><sat>36</sat></trkpt>
  <trkpt lat="41.71377880" lon="26.36695191"><ele>86.182</ele><time>2026-10-08T13:11:47Z</time><speed>10.320</speed><sat>36</sat></trkpt>
  <trkpt lat="41.71379894" lon="26.36683212"><ele>86.033</ele><time>2026-10-08T13:11:48Z</time><speed>9.080</speed><sat>36</sat></trkpt>
  <trkpt lat="41.71381888" lon="26.36674043"><ele>86.074</ele><time>2026-10-08T13:11:49Z</time><speed>7.920</speed><sat>36</sat></trkpt>
  <trkpt lat="41.71383960" lon="26.36665053"><ele>85.499</ele><time>2026-10-08T13:11:50Z</time><speed>7.370</speed><sat>36</sat></trkpt>
  <trkpt lat="41.71385804" lon="26.36657115"><ele>85.448</ele><time>2026-10-08T13:11:51Z</time><speed>6.380</speed><sat>35</sat></trkpt>
  <trkpt lat="41.71386720" lon="26.36650354"><ele>85.541</ele><time>2026-10-08T13:11:52Z</time><speed>5.550</speed><sat>36</sat></trkpt>
  <trkpt lat="41.71388350" lon="26.36644292"><ele>85.835</ele><time>2026-10-08T13:11:53Z</time><speed>5.880</speed><sat>36</sat></trkpt>
  <trkpt lat="41.71389563" lon="26.36637360"><ele>85.312</ele><time>2026-10-08T13:11:54Z</time><speed>5.640</speed><sat>36</sat></trkpt>
  <trkpt lat="41.71390641" lon="26.36630735"><ele>85.208</ele><time>2026-10-08T13:11:55Z</time><speed>5.380</speed><sat>36</sat></trkpt>
  <trkpt lat="41.71392151" lon="26.36623381"><ele>85.118</ele><time>2026-10-08T13:11:56Z</time><speed>5.940</speed><sat>36</sat></trkpt>
  <trkpt lat="41.71392963" lon="26.36615440"><ele>85.306</ele><time>2026-10-08T13:11:57Z</time><speed>6.680</speed><sat>35</sat></trkpt>
  <trkpt lat="41.71393849" lon="26.36607453"><ele>85.438</ele><time>2026-10-08T13:11:58Z</time><speed>7.150</speed><sat>36</sat></trkpt>
  <trkpt lat="41.71395230" lon="26.36598675"><ele>85.453</ele><time>2026-10-08T13:11:59Z</time><speed>7.810</speed><sat>36</sat></trkpt>
  <trkpt lat="41.71396761" lon="26.36588608"><ele>85.576</ele><time>2026-10-08T13:12:00Z</time><speed>8.490</speed><sat>36</sat></trkpt>
  <trkpt lat="41.71399102" lon="26.36578430"><ele>86.063</ele><time>2026-10-08T13:12:01Z</time><speed>9.260</speed><sat>36</sat></trkpt>
  <trkpt lat="41.71401894" lon="26.36566595"><ele>85.749</ele><time>2026-10-08T13:12:02Z</time><speed>10.000</speed><sat>36</sat></trkpt>
  <trkpt lat="41.71404726" lon="26.36554584"><ele>84.748</ele><time>2026-10-08T13:12:03Z</time><speed>10.800</speed><sat>36</sat></trkpt>
  <trkpt lat="41.71408165" lon="26.36541234"><ele>85.304</ele><time>2026-10-08T13:12:04Z</time><speed>11.810</speed><sat>35</sat></trkpt>
  <trkpt lat="41.71411369" lon="26.36525523"><ele>84.014</ele><time>2026-10-08T13:12:05Z</time><speed>12.650</speed><sat>35</sat></trkpt>
  <trkpt lat="41.71416456" lon="26.36511797"><ele>82.669</ele><time>2026-10-08T13:12:06Z</time><speed>12.670</speed><sat>35</sat></trkpt>
  <trkpt lat="41.71419604" lon="26.36500337"><ele>83.702</ele><time>2026-10-08T13:12:07Z</time><speed>11.110</speed><sat>35</sat></trkpt>
  <trkpt lat="41.71423810" lon="26.36485941"><ele>82.878</ele><time>2026-10-08T13:12:08Z</time><speed>12.790</speed><sat>35</sat></trkpt>
  <trkpt lat="41.71428348" lon="26.36472262"><ele>83.034</ele><time>2026-10-08T13:12:09Z</time><speed>12.350</speed><sat>34</sat></trkpt>
  <trkpt lat="41.71432700" lon="26.36457865"><ele>83.583</ele><time>2026-10-08T13:12:10Z</time><speed>12.500</speed><sat>36</sat></trkpt>
  <trkpt lat="41.71436258" lon="26.36443942"><ele>83.501</ele><time>2026-10-08T13:12:11Z</time><speed>12.340</speed><sat>35</sat></trkpt>
  <trkpt lat="41.71440615" lon="26.36429786"><ele>83.545</ele><time>2026-10-08T13:12:12Z</time><speed>11.940</speed><sat>35</sat></trkpt>
  <trkpt lat="41.71444521" lon="26.36416406"><ele>82.857</ele><time>2026-10-08T13:12:13Z</time><speed>11.870</speed><sat>34</sat></trkpt>
  <trkpt lat="41.71447588" lon="26.36403130"><ele>82.231</ele><time>2026-10-08T13:12:14Z</time><speed>11.530</speed><sat>34</sat></trkpt>
  <trkpt lat="41.71451254" lon="26.36390121"><ele>82.248</ele><time>2026-10-08T13:12:15Z</time><speed>11.410</speed><sat>34</sat></trkpt>
  <trkpt lat="41.71454271" lon="26.36377919"><ele>82.257</ele><time>2026-10-08T13:12:16Z</time><speed>10.840</speed><sat>34</sat></trkpt>
  <trkpt lat="41.71457174" lon="26.36366189"><ele>83.009</ele><time>2026-10-08T13:12:17Z</time><speed>10.390</speed><sat>34</sat></trkpt>
  <trkpt lat="41.71460120" lon="26.36353821"><ele>82.946</ele><time>2026-10-08T13:12:18Z</time><speed>10.070</speed><sat>34</sat></trkpt>
  <trkpt lat="41.71461458" lon="26.36343807"><ele>82.815</ele><time>2026-10-08T13:12:19Z</time><speed>8.700</speed><sat>34</sat></trkpt>
  <trkpt lat="41.71462128" lon="26.36333760"><ele>82.748</ele><time>2026-10-08T13:12:20Z</time><speed>7.320</speed><sat>34</sat></trkpt>
  <trkpt lat="41.71461502" lon="26.36326278"><ele>82.632</ele><time>2026-10-08T13:12:21Z</time><speed>6.340</speed><sat>34</sat></trkpt>
  <trkpt lat="41.71461442" lon="26.36317930"><ele>82.502</ele><time>2026-10-08T13:12:22Z</time><speed>6.900</speed><sat>34</sat></trkpt>
  <trkpt lat="41.71455248" lon="26.36313180"><ele>81.493</ele><time>2026-10-08T13:12:23Z</time><speed>7.610</speed><sat>34</sat></trkpt>
  <trkpt lat="41.71450301" lon="26.36313194"><ele>83.319</ele><time>2026-10-08T13:12:24Z</time><speed>5.880</speed><sat>34</sat></trkpt>
  <trkpt lat="41.71446090" lon="26.36314376"><ele>83.945</ele><time>2026-10-08T13:12:25Z</time><speed>5.050</speed><sat>34</sat></trkpt>
  <trkpt lat="41.71442187" lon="26.36318563"><ele>85.446</ele><time>2026-10-08T13:12:26Z</time><speed>5.310</speed><sat>33</sat></trkpt>
  <trkpt lat="41.71440094" lon="26.36323462"><ele>84.946</ele><time>2026-10-08T13:12:27Z</time><speed>3.880</speed><sat>31</sat></trkpt>
  <trkpt lat="41.71438344" lon="26.36326610"><ele>84.789</ele><time>2026-10-08T13:12:28Z</time><speed>2.190</speed><sat>32</sat></trkpt>
  <trkpt lat="41.71437598" lon="26.36327913"><ele>85.192</ele><time>2026-10-08T13:12:29Z</time><speed>0.590</speed><sat>34</sat></trkpt>
  <trkpt lat="41.71437407" lon="26.36328670"><ele>84.900</ele><time>2026-10-08T13:12:30Z</time><speed>0.000</speed><sat>35</sat></trkpt>
  <trkpt lat="41.71437466" lon="26.36328812"><ele>85.161</ele><time>2026-10-08T13:12:31Z</time><speed>0.000</speed><sat>36</sat></trkpt>
  <trkpt lat="41.71437401" lon="26.36328887"><ele>84.891</ele><time>2026-10-08T13:12:32Z</time><speed>0.000</speed><sat>36</sat></trkpt>
  <trkpt lat="41.71437357" lon="26.36328903"><ele>84.827</ele><time>2026-10-08T13:12:33Z</time><speed>0.000</speed><sat>36</sat></trkpt>
  <trkpt lat="41.71437331" lon="26.36328896"><ele>84.799</ele><time>2026-10-08T13:12:34Z</time><speed>0.000</speed><sat>36</sat></trkpt>
  <trkpt lat="41.71437313" lon="26.36328890"><ele>84.784</ele><time>2026-10-08T13:12:35Z</time><speed>0.000</speed><sat>36</sat></trkpt>
  <trkpt lat="41.71437297" lon="26.36328851"><ele>84.670</ele><time>2026-10-08T13:12:36Z</time><speed>0.000</speed><sat>36</sat></trkpt>
  <trkpt lat="41.71437348" lon="26.36328956"><ele>84.846</ele><time>2026-10-08T13:12:37Z</time><speed>0.000</speed><sat>33</sat></trkpt>
  <trkpt lat="41.71437380" lon="26.36328285"><ele>84.458</ele><time>2026-10-08T13:12:38Z</time><speed>0.000</speed><sat>24</sat></trkpt>
  <trkpt lat="41.71437331" lon="26.36328331"><ele>84.747</ele><time>2026-10-08T13:12:39Z</time><speed>0.000</speed><sat>24</sat></trkpt>
  <trkpt lat="41.71437244" lon="26.36328300"><ele>84.848</ele><time>2026-10-08T13:12:40Z</time><speed>0.000</speed><sat>26</sat></trkpt>
  <trkpt lat="41.71437347" lon="26.36328268"><ele>84.780</ele><time>2026-10-08T13:12:41Z</time><speed>0.000</speed><sat>28</sat></trkpt>
  <trkpt lat="41.71437131" lon="26.36328354"><ele>85.065</ele><time>2026-10-08T13:12:42Z</time><speed>0.000</speed><sat>29</sat></trkpt>
  <trkpt lat="41.71436970" lon="26.36328442"><ele>85.324</ele><time>2026-10-08T13:12:43Z</time><speed>0.000</speed><sat>29</sat></trkpt>
  <trkpt lat="41.71436920" lon="26.36328430"><ele>85.457</ele><time>2026-10-08T13:12:44Z</time><speed>0.000</speed><sat>29</sat></trkpt>
  <trkpt lat="41.71436890" lon="26.36328432"><ele>85.505</ele><time>2026-10-08T13:12:45Z</time><speed>0.000</speed><sat>28</sat></trkpt>
  <trkpt lat="41.71436878" lon="26.36328236"><ele>85.335</ele><time>2026-10-08T13:12:46Z</time><speed>0.000</speed><sat>28</sat></trkpt>
  <trkpt lat="41.71436923" lon="26.36328143"><ele>85.270</ele><time>2026-10-08T13:12:47Z</time><speed>0.000</speed><sat>28</sat></trkpt>
  <trkpt lat="41.71436947" lon="26.36328085"><ele>85.221</ele><time>2026-10-08T13:12:48Z</time><speed>0.000</speed><sat>27</sat></trkpt>
  <trkpt lat="41.71436955" lon="26.36328012"><ele>85.150</ele><time>2026-10-08T13:12:49Z</time><speed>0.000</speed><sat>28</sat></trkpt>
  <trkpt lat="41.71436957" lon="26.36328021"><ele>85.151</ele><time>2026-10-08T13:12:50Z</time><speed>0.000</speed><sat>29</sat></trkpt>
  <trkpt lat="41.71436972" lon="26.36327986"><ele>85.069</ele><time>2026-10-08T13:12:51Z</time><speed>0.000</speed><sat>29</sat></trkpt>
  <trkpt lat="41.71436971" lon="26.36327992"><ele>85.093</ele><time>2026-10-08T13:12:52Z</time><speed>0.000</speed><sat>27</sat></trkpt>
  <trkpt lat="41.71437026" lon="26.36327977"><ele>85.019</ele><time>2026-10-08T13:12:53Z</time><speed>0.000</speed><sat>25</sat></trkpt>
  <trkpt lat="41.71438134" lon="26.36323661"><ele>85.330</ele><time>2026-10-08T13:12:54Z</time><speed>2.600</speed><sat>26</sat></trkpt>
  <trkpt lat="41.71441085" lon="26.36322698"><ele>84.965</ele><time>2026-10-08T13:12:55Z</time><speed>1.150</speed><sat>27</sat></trkpt>
  <trkpt lat="41.71441687" lon="26.36319742"><ele>84.473</ele><time>2026-10-08T13:12:56Z</time><speed>2.420</speed><sat>26</sat></trkpt>
  <trkpt lat="41.71442184" lon="26.36316837"><ele>85.816</ele><time>2026-10-08T13:12:57Z</time><speed>1.640</speed><sat>27</sat></trkpt>
  <trkpt lat="41.71441100" lon="26.36320054"><ele>84.797</ele><time>2026-10-08T13:12:58Z</time><speed>0.000</speed><sat>27</sat></trkpt>
  <trkpt lat="41.71440608" lon="26.36321386"><ele>85.083</ele><time>2026-10-08T13:12:59Z</time><speed>0.170</speed><sat>29</sat></trkpt>
  <trkpt lat="41.71440021" lon="26.36322240"><ele>83.596</ele><time>2026-10-08T13:13:00Z</time><speed>0.300</speed><sat>31</sat></trkpt>
  <trkpt lat="41.71440171" lon="26.36321642"><ele>83.828</ele><time>2026-10-08T13:13:01Z</time><speed>0.500</speed><sat>31</sat></trkpt>
  <trkpt lat="41.71440199" lon="26.36321277"><ele>83.701</ele><time>2026-10-08T13:13:02Z</time><speed>0.000</speed><sat>31</sat></trkpt>
  <trkpt lat="41.71439975" lon="26.36321092"><ele>84.356</ele><time>2026-10-08T13:13:03Z</time><speed>0.360</speed><sat>31</sat></trkpt>
  <trkpt lat="41.71439408" lon="26.36321382"><ele>84.036</ele><time>2026-10-08T13:13:04Z</time><speed>0.540</speed><sat>31</sat></trkpt>
  <trkpt lat="41.71438545" lon="26.36322267"><ele>85.163</ele><time>2026-10-08T13:13:05Z</time><speed>1.040</speed><sat>32</sat></trkpt>
  <trkpt lat="41.71437904" lon="26.36323953"><ele>85.856</ele><time>2026-10-08T13:13:06Z</time><speed>1.540</speed><sat>32</sat></trkpt>
  <trkpt lat="41.71437488" lon="26.36324885"><ele>85.595</ele><time>2026-10-08T13:13:07Z</time><speed>0.000</speed><sat>32</sat></trkpt>
  <trkpt lat="41.71437547" lon="26.36324820"><ele>85.502</ele><time>2026-10-08T13:13:08Z</time><speed>0.000</speed><sat>34</sat></trkpt>
  <trkpt lat="41.71437522" lon="26.36324824"><ele>85.518</ele><time>2026-10-08T13:13:09Z</time><speed>0.000</speed><sat>34</sat></trkpt>
  <trkpt lat="41.71437528" lon="26.36324680"><ele>84.958</ele><time>2026-10-08T13:13:10Z</time><speed>0.000</speed><sat>34</sat></trkpt>
  <trkpt lat="41.71437722" lon="26.36324598"><ele>85.004</ele><time>2026-10-08T13:13:11Z</time><speed>0.000</speed><sat>34</sat></trkpt>
  <trkpt lat="41.71437815" lon="26.36324517"><ele>84.895</ele><time>2026-10-08T13:13:12Z</time><speed>0.000</speed><sat>35</sat></trkpt>
  <trkpt lat="41.71437856" lon="26.36324475"><ele>84.858</ele><time>2026-10-08T13:13:13Z</time><speed>0.000</speed><sat>34</sat></trkpt>
  <trkpt lat="41.71437888" lon="26.36324454"><ele>84.854</ele><time>2026-10-08T13:13:14Z</time><speed>0.000</speed><sat>33</sat></trkpt>
  <trkpt lat="41.71437905" lon="26.36324448"><ele>84.863</ele><time>2026-10-08T13:13:15Z</time><speed>0.000</speed><sat>33</sat></trkpt>
  <trkpt lat="41.71437911" lon="26.36324446"><ele>84.856</ele><time>2026-10-08T13:13:16Z</time><speed>0.000</speed><sat>34</sat></trkpt>
  <trkpt lat="41.71437919" lon="26.36324443"><ele>84.877</ele><time>2026-10-08T13:13:17Z</time><speed>0.000</speed><sat>32</sat></trkpt>
  <trkpt lat="41.71437892" lon="26.36324392"><ele>83.737</ele><time>2026-10-08T13:13:18Z</time><speed>0.340</speed><sat>32</sat></trkpt>
  <trkpt lat="41.71438109" lon="26.36324081"><ele>83.630</ele><time>2026-10-08T13:13:19Z</time><speed>0.000</speed><sat>32</sat></trkpt>
  <trkpt lat="41.71438222" lon="26.36323110"><ele>83.564</ele><time>2026-10-08T13:13:20Z</time><speed>0.000</speed><sat>32</sat></trkpt>
  <trkpt lat="41.71438079" lon="26.36321937"><ele>82.920</ele><time>2026-10-08T13:13:21Z</time><speed>0.000</speed><sat>31</sat></trkpt>
  <trkpt lat="41.71437878" lon="26.36321449"><ele>82.194</ele><time>2026-10-08T13:13:22Z</time><speed>0.000</speed><sat>31</sat></trkpt>
  <trkpt lat="41.71437667" lon="26.36321226"><ele>82.264</ele><time>2026-10-08T13:13:23Z</time><speed>0.000</speed><sat>31</sat></trkpt>
  <trkpt lat="41.71437543" lon="26.36321002"><ele>82.158</ele><time>2026-10-08T13:13:24Z</time><speed>0.740</speed><sat>32</sat></trkpt>
  <trkpt lat="41.71437479" lon="26.36320383"><ele>83.310</ele><time>2026-10-08T13:13:25Z</time><speed>0.000</speed><sat>32</sat></trkpt>
  <trkpt lat="41.71437527" lon="26.36319994"><ele>83.324</ele><time>2026-10-08T13:13:26Z</time><speed>0.000</speed><sat>33</sat></trkpt>
  <trkpt lat="41.71437748" lon="26.36319951"><ele>83.177</ele><time>2026-10-08T13:13:27Z</time><speed>0.000</speed><sat>32</sat></trkpt>
  <trkpt lat="41.71438048" lon="26.36320167"><ele>83.163</ele><time>2026-10-08T13:13:28Z</time><speed>0.000</speed><sat>33</sat></trkpt>
  <trkpt lat="41.71438446" lon="26.36320316"><ele>83.947</ele><time>2026-10-08T13:13:29Z</time><speed>0.000</speed><sat>33</sat></trkpt>
  <trkpt lat="41.71438806" lon="26.36320450"><ele>84.071</ele><time>2026-10-08T13:13:30Z</time><speed>0.000</speed><sat>33</sat></trkpt>
  <trkpt lat="41.71438947" lon="26.36320558"><ele>84.273</ele><time>2026-10-08T13:13:31Z</time><speed>0.000</speed><sat>33</sat></trkpt>
  <trkpt lat="41.71439005" lon="26.36320581"><ele>84.242</ele><time>2026-10-08T13:13:32Z</time><speed>0.000</speed><sat>34</sat></trkpt>
  <trkpt lat="41.71439044" lon="26.36320589"><ele>84.172</ele><time>2026-10-08T13:13:33Z</time><speed>0.000</speed><sat>34</sat></trkpt>
  <trkpt lat="41.71439148" lon="26.36320776"><ele>84.163</ele><time>2026-10-08T13:13:34Z</time><speed>0.000</speed><sat>34</sat></trkpt>
  <trkpt lat="41.71439198" lon="26.36320868"><ele>84.173</ele><time>2026-10-08T13:13:35Z</time><speed>0.000</speed><sat>34</sat></trkpt>
  <trkpt lat="41.71439324" lon="26.36320880"><ele>84.284</ele><time>2026-10-08T13:13:36Z</time><speed>0.000</speed><sat>32</sat></trkpt>
  <trkpt lat="41.71439423" lon="26.36320743"><ele>84.357</ele><time>2026-10-08T13:13:37Z</time><speed>0.000</speed><sat>33</sat></trkpt>
  <trkpt lat="41.71439587" lon="26.36320616"><ele>84.335</ele><time>2026-10-08T13:13:38Z</time><speed>0.000</speed><sat>34</sat></trkpt>
  <trkpt lat="41.71439664" lon="26.36320552"><ele>84.314</ele><time>2026-10-08T13:13:39Z</time><speed>0.000</speed><sat>34</sat></trkpt>
  <trkpt lat="41.71439734" lon="26.36320417"><ele>84.174</ele><time>2026-10-08T13:13:40Z</time><speed>0.000</speed><sat>34</sat></trkpt>
  <trkpt lat="41.71439783" lon="26.36320299"><ele>84.276</ele><time>2026-10-08T13:13:41Z</time><speed>0.000</speed><sat>34</sat></trkpt>
  <trkpt lat="41.71439839" lon="26.36320194"><ele>84.329</ele><time>2026-10-08T13:13:42Z</time><speed>0.000</speed><sat>35</sat></trkpt>
  <trkpt lat="41.71439527" lon="26.36318165"><ele>82.684</ele><time>2026-10-08T13:13:43Z</time><speed>1.950</speed><sat>35</sat></trkpt>
  <trkpt lat="41.71439408" lon="26.36316003"><ele>83.931</ele><time>2026-10-08T13:13:44Z</time><speed>0.790</speed><sat>36</sat></trkpt>
  <trkpt lat="41.71439530" lon="26.36314280"><ele>83.937</ele><time>2026-10-08T13:13:45Z</time><speed>1.330</speed><sat>36</sat></trkpt>
  <trkpt lat="41.71439833" lon="26.36312015"><ele>85.070</ele><time>2026-10-08T13:13:46Z</time><speed>1.170</speed><sat>36</sat></trkpt>
  <trkpt lat="41.71440690" lon="26.36310109"><ele>85.689</ele><time>2026-10-08T13:13:47Z</time><speed>0.880</speed><sat>36</sat></trkpt>
  <trkpt lat="41.71442109" lon="26.36308403"><ele>85.408</ele><time>2026-10-08T13:13:48Z</time><speed>0.000</speed><sat>34</sat></trkpt>
  <trkpt lat="41.71442782" lon="26.36307732"><ele>85.385</ele><time>2026-10-08T13:13:49Z</time><speed>0.000</speed><sat>34</sat></trkpt>
  <trkpt lat="41.71443128" lon="26.36307386"><ele>85.373</ele><time>2026-10-08T13:13:50Z</time><speed>0.000</speed><sat>34</sat></trkpt>
  <trkpt lat="41.71443360" lon="26.36307134"><ele>85.375</ele><time>2026-10-08T13:13:51Z</time><speed>0.000</speed><sat>34</sat></trkpt>
  <trkpt lat="41.71443496" lon="26.36306988"><ele>85.395</ele><time>2026-10-08T13:13:52Z</time><speed>0.000</speed><sat>34</sat></trkpt>
  <trkpt lat="41.71443557" lon="26.36306911"><ele>85.371</ele><time>2026-10-08T13:13:53Z</time><speed>0.000</speed><sat>31</sat></trkpt>
  <trkpt lat="41.71443866" lon="26.36306615"><ele>85.401</ele><time>2026-10-08T13:13:54Z</time><speed>0.000</speed><sat>29</sat></trkpt>
  <trkpt lat="41.71443760" lon="26.36306453"><ele>85.285</ele><time>2026-10-08T13:13:55Z</time><speed>0.000</speed><sat>31</sat></trkpt>
  <trkpt lat="41.71443326" lon="26.36306142"><ele>84.461</ele><time>2026-10-08T13:13:56Z</time><speed>0.590</speed><sat>32</sat></trkpt>
  <trkpt lat="41.71443028" lon="26.36306793"><ele>85.764</ele><time>2026-10-08T13:13:57Z</time><speed>1.140</speed><sat>35</sat></trkpt>
  <trkpt lat="41.71442773" lon="26.36308077"><ele>85.427</ele><time>2026-10-08T13:13:58Z</time><speed>0.830</speed><sat>35</sat></trkpt>
  <trkpt lat="41.71442798" lon="26.36308821"><ele>84.699</ele><time>2026-10-08T13:13:59Z</time><speed>0.430</speed><sat>35</sat></trkpt>
  <trkpt lat="41.71443039" lon="26.36308680"><ele>84.424</ele><time>2026-10-08T13:14:00Z</time><speed>0.000</speed><sat>34</sat></trkpt>
  <trkpt lat="41.71443208" lon="26.36308654"><ele>84.305</ele><time>2026-10-08T13:14:01Z</time><speed>0.000</speed><sat>34</sat></trkpt>
  <trkpt lat="41.71443282" lon="26.36308481"><ele>84.414</ele><time>2026-10-08T13:14:02Z</time><speed>0.000</speed><sat>32</sat></trkpt>
  <trkpt lat="41.71443319" lon="26.36308389"><ele>84.409</ele><time>2026-10-08T13:14:03Z</time><speed>0.000</speed><sat>34</sat></trkpt>
  <trkpt lat="41.71443341" lon="26.36308349"><ele>84.449</ele><time>2026-10-08T13:14:04Z</time><speed>0.000</speed><sat>34</sat></trkpt>
  <trkpt lat="41.71443332" lon="26.36308333"><ele>84.469</ele><time>2026-10-08T13:14:05Z</time><speed>0.000</speed><sat>34</sat></trkpt>
  <trkpt lat="41.71443366" lon="26.36308319"><ele>84.495</ele><time>2026-10-08T13:14:06Z</time><speed>0.000</speed><sat>32</sat></trkpt>
  <trkpt lat="41.71443459" lon="26.36308445"><ele>84.786</ele><time>2026-10-08T13:14:07Z</time><speed>0.000</speed><sat>31</sat></trkpt>
  <trkpt lat="41.71443596" lon="26.36308843"><ele>85.096</ele><time>2026-10-08T13:14:08Z</time><speed>0.560</speed><sat>33</sat></trkpt>
  <trkpt lat="41.71443790" lon="26.36309014"><ele>85.267</ele><time>2026-10-08T13:14:09Z</time><speed>0.000</speed><sat>34</sat></trkpt>
  <trkpt lat="41.71443781" lon="26.36309116"><ele>85.656</ele><time>2026-10-08T13:14:10Z</time><speed>0.200</speed><sat>34</sat></trkpt>
  <trkpt lat="41.71443769" lon="26.36309283"><ele>86.075</ele><time>2026-10-08T13:14:11Z</time><speed>0.000</speed><sat>34</sat></trkpt>
  <trkpt lat="41.71443350" lon="26.36309449"><ele>86.235</ele><time>2026-10-08T13:14:12Z</time><speed>0.000</speed><sat>34</sat></trkpt>
  <trkpt lat="41.71443083" lon="26.36309616"><ele>86.651</ele><time>2026-10-08T13:14:13Z</time><speed>0.000</speed><sat>34</sat></trkpt>
  <trkpt lat="41.71442966" lon="26.36309801"><ele>86.923</ele><time>2026-10-08T13:14:14Z</time><speed>0.000</speed><sat>35</sat></trkpt>
  <trkpt lat="41.71442816" lon="26.36309910"><ele>87.134</ele><time>2026-10-08T13:14:15Z</time><speed>0.000</speed><sat>37</sat></trkpt>
  <trkpt lat="41.71442645" lon="26.36310021"><ele>87.447</ele><time>2026-10-08T13:14:16Z</time><speed>0.000</speed><sat>37</sat></trkpt>
  <trkpt lat="41.71442570" lon="26.36310085"><ele>87.463</ele><time>2026-10-08T13:14:17Z</time><speed>0.000</speed><sat>37</sat></trkpt>
  <trkpt lat="41.71442507" lon="26.36310110"><ele>87.361</ele><time>2026-10-08T13:14:18Z</time><speed>0.000</speed><sat>37</sat></trkpt>
  <trkpt lat="41.71442480" lon="26.36310179"><ele>87.381</ele><time>2026-10-08T13:14:19Z</time><speed>0.000</speed><sat>37</sat></trkpt>
  <trkpt lat="41.71442460" lon="26.36310198"><ele>87.351</ele><time>2026-10-08T13:14:20Z</time><speed>0.000</speed><sat>37</sat></trkpt>
  <trkpt lat="41.71442452" lon="26.36310171"><ele>87.378</ele><time>2026-10-08T13:14:21Z</time><speed>0.000</speed><sat>36</sat></trkpt>
  <trkpt lat="41.71442467" lon="26.36310139"><ele>87.408</ele><time>2026-10-08T13:14:22Z</time><speed>0.000</speed><sat>36</sat></trkpt>
  <trkpt lat="41.71442330" lon="26.36310019"><ele>87.869</ele><time>2026-10-08T13:14:23Z</time><speed>0.320</speed><sat>36</sat></trkpt>
  <trkpt lat="41.71442344" lon="26.36310034"><ele>88.222</ele><time>2026-10-08T13:14:24Z</time><speed>0.000</speed><sat>35</sat></trkpt>
  <trkpt lat="41.71442549" lon="26.36310406"><ele>89.548</ele><time>2026-10-08T13:14:25Z</time><speed>0.000</speed><sat>35</sat></trkpt>
  <trkpt lat="41.71442613" lon="26.36310684"><ele>89.746</ele><time>2026-10-08T13:14:26Z</time><speed>0.000</speed><sat>34</sat></trkpt>
  <trkpt lat="41.71442596" lon="26.36310813"><ele>89.937</ele><time>2026-10-08T13:14:27Z</time><speed>0.000</speed><sat>34</sat></trkpt>
  <trkpt lat="41.71442468" lon="26.36310951"><ele>89.898</ele><time>2026-10-08T13:14:28Z</time><speed>0.600</speed><sat>34</sat></trkpt>
  <trkpt lat="41.71442516" lon="26.36311261"><ele>90.099</ele><time>2026-10-08T13:14:29Z</time><speed>0.340</speed><sat>34</sat></trkpt>
  <trkpt lat="41.71443227" lon="26.36311848"><ele>90.221</ele><time>2026-10-08T13:14:30Z</time><speed>0.000</speed><sat>34</sat></trkpt>
  <trkpt lat="41.71443554" lon="26.36312138"><ele>90.324</ele><time>2026-10-08T13:14:31Z</time><speed>0.000</speed><sat>34</sat></trkpt>
  <trkpt lat="41.71443647" lon="26.36312240"><ele>89.560</ele><time>2026-10-08T13:14:32Z</time><speed>0.000</speed><sat>34</sat></trkpt>
  <trkpt lat="41.71443934" lon="26.36312301"><ele>89.435</ele><time>2026-10-08T13:14:33Z</time><speed>0.000</speed><sat>34</sat></trkpt>
  <trkpt lat="41.71443833" lon="26.36312299"><ele>89.003</ele><time>2026-10-08T13:14:34Z</time><speed>0.000</speed><sat>34</sat></trkpt>
  <trkpt lat="41.71443555" lon="26.36312267"><ele>88.857</ele><time>2026-10-08T13:14:35Z</time><speed>0.000</speed><sat>34</sat></trkpt>
  <trkpt lat="41.71443545" lon="26.36312140"><ele>88.875</ele><time>2026-10-08T13:14:36Z</time><speed>0.160</speed><sat>34</sat></trkpt>
  <trkpt lat="41.71443524" lon="26.36311863"><ele>88.352</ele><time>2026-10-08T13:14:37Z</time><speed>0.000</speed><sat>35</sat></trkpt>
  <trkpt lat="41.71443547" lon="26.36311592"><ele>88.744</ele><time>2026-10-08T13:14:38Z</time><speed>0.000</speed><sat>35</sat></trkpt>
  <trkpt lat="41.71443653" lon="26.36311191"><ele>88.481</ele><time>2026-10-08T13:14:39Z</time><speed>0.180</speed><sat>35</sat></trkpt>
  <trkpt lat="41.71443669" lon="26.36310623"><ele>88.261</ele><time>2026-10-08T13:14:40Z</time><speed>0.230</speed><sat>35</sat></trkpt>
  <trkpt lat="41.71443603" lon="26.36310107"><ele>88.071</ele><time>2026-10-08T13:14:41Z</time><speed>0.000</speed><sat>35</sat></trkpt>
  <trkpt lat="41.71443422" lon="26.36309143"><ele>87.816</ele><time>2026-10-08T13:14:42Z</time><speed>0.000</speed><sat>36</sat></trkpt>
  <trkpt lat="41.71443370" lon="26.36308722"><ele>87.698</ele><time>2026-10-08T13:14:43Z</time><speed>0.000</speed><sat>35</sat></trkpt>
  <trkpt lat="41.71443427" lon="26.36308515"><ele>87.776</ele><time>2026-10-08T13:14:44Z</time><speed>0.000</speed><sat>35</sat></trkpt>
  <trkpt lat="41.71443628" lon="26.36307986"><ele>87.643</ele><time>2026-10-08T13:14:45Z</time><speed>0.760</speed><sat>35</sat></trkpt>
  <trkpt lat="41.71443771" lon="26.36307490"><ele>87.633</ele><time>2026-10-08T13:14:46Z</time><speed>0.000</speed><sat>34</sat></trkpt>
  <trkpt lat="41.71443924" lon="26.36307378"><ele>87.638</ele><time>2026-10-08T13:14:47Z</time><speed>0.320</speed><sat>33</sat></trkpt>
  <trkpt lat="41.71443931" lon="26.36307773"><ele>88.189</ele><time>2026-10-08T13:14:48Z</time><speed>0.560</speed><sat>32</sat></trkpt>
  <trkpt lat="41.71443837" lon="26.36308180"><ele>88.472</ele><time>2026-10-08T13:14:49Z</time><speed>0.000</speed><sat>33</sat></trkpt>
  <trkpt lat="41.71443631" lon="26.36308376"><ele>88.494</ele><time>2026-10-08T13:14:50Z</time><speed>0.000</speed><sat>33</sat></trkpt>
  <trkpt lat="41.71443503" lon="26.36308509"><ele>88.492</ele><time>2026-10-08T13:14:51Z</time><speed>0.000</speed><sat>34</sat></trkpt>
  <trkpt lat="41.71443403" lon="26.36308581"><ele>88.362</ele><time>2026-10-08T13:14:52Z</time><speed>0.000</speed><sat>34</sat></trkpt>
  <trkpt lat="41.71443315" lon="26.36308600"><ele>88.267</ele><time>2026-10-08T13:14:53Z</time><speed>0.000</speed><sat>34</sat></trkpt>
  <trkpt lat="41.71443260" lon="26.36308593"><ele>88.249</ele><time>2026-10-08T13:14:54Z</time><speed>0.000</speed><sat>34</sat></trkpt>
  <trkpt lat="41.71443203" lon="26.36308613"><ele>88.208</ele><time>2026-10-08T13:14:55Z</time><speed>0.000</speed><sat>34</sat></trkpt>
  <trkpt lat="41.71443133" lon="26.36308633"><ele>88.055</ele><time>2026-10-08T13:14:56Z</time><speed>0.000</speed><sat>35</sat></trkpt>
  <trkpt lat="41.71443088" lon="26.36308632"><ele>88.006</ele><time>2026-10-08T13:14:57Z</time><speed>0.000</speed><sat>35</sat></trkpt>
  <trkpt lat="41.71443099" lon="26.36308629"><ele>88.005</ele><time>2026-10-08T13:14:58Z</time><speed>0.000</speed><sat>35</sat></trkpt>
  <trkpt lat="41.71443084" lon="26.36308636"><ele>87.998</ele><time>2026-10-08T13:14:59Z</time><speed>0.000</speed><sat>35</sat></trkpt>
  <trkpt lat="41.71443078" lon="26.36308640"><ele>87.962</ele><time>2026-10-08T13:15:00Z</time><speed>0.000</speed><sat>35</sat></trkpt>
  <trkpt lat="41.71443088" lon="26.36308642"><ele>87.935</ele><time>2026-10-08T13:15:01Z</time><speed>0.000</speed><sat>35</sat></trkpt>
  <trkpt lat="41.71443097" lon="26.36308642"><ele>87.914</ele><time>2026-10-08T13:15:02Z</time><speed>0.000</speed><sat>35</sat></trkpt>
  <trkpt lat="41.71443104" lon="26.36308643"><ele>87.907</ele><time>2026-10-08T13:15:03Z</time><speed>0.000</speed><sat>35</sat></trkpt>
  <trkpt lat="41.71443107" lon="26.36308645"><ele>87.906</ele><time>2026-10-08T13:15:04Z</time><speed>0.000</speed><sat>35</sat></trkpt>
  <trkpt lat="41.71443109" lon="26.36308647"><ele>87.907</ele><time>2026-10-08T13:15:05Z</time><speed>0.000</speed><sat>35</sat></trkpt>
  <trkpt lat="41.71443235" lon="26.36308520"><ele>87.804</ele><time>2026-10-08T13:15:06Z</time><speed>0.190</speed><sat>35</sat></trkpt>
  <trkpt lat="41.71443393" lon="26.36308418"><ele>87.628</ele><time>2026-10-08T13:15:07Z</time><speed>0.000</speed><sat>36</sat></trkpt>
  <trkpt lat="41.71443390" lon="26.36308358"><ele>87.495</ele><time>2026-10-08T13:15:08Z</time><speed>0.000</speed><sat>36</sat></trkpt>
  <trkpt lat="41.71443390" lon="26.36308323"><ele>87.490</ele><time>2026-10-08T13:15:09Z</time><speed>0.000</speed><sat>36</sat></trkpt>
  <trkpt lat="41.71443435" lon="26.36308254"><ele>87.315</ele><time>2026-10-08T13:15:10Z</time><speed>0.000</speed><sat>36</sat></trkpt>
  <trkpt lat="41.71443471" lon="26.36307684"><ele>87.271</ele><time>2026-10-08T13:15:11Z</time><speed>0.610</speed><sat>36</sat></trkpt>
  <trkpt lat="41.71443470" lon="26.36307347"><ele>87.412</ele><time>2026-10-08T13:15:12Z</time><speed>0.000</speed><sat>36</sat></trkpt>
  <trkpt lat="41.71443359" lon="26.36307285"><ele>87.669</ele><time>2026-10-08T13:15:13Z</time><speed>0.000</speed><sat>35</sat></trkpt>
  <trkpt lat="41.71443292" lon="26.36307184"><ele>87.859</ele><time>2026-10-08T13:15:14Z</time><speed>0.000</speed><sat>35</sat></trkpt>
  <trkpt lat="41.71443274" lon="26.36307124"><ele>87.881</ele><time>2026-10-08T13:15:15Z</time><speed>0.000</speed><sat>35</sat></trkpt>
  <trkpt lat="41.71443241" lon="26.36307099"><ele>87.916</ele><time>2026-10-08T13:15:16Z</time><speed>0.000</speed><sat>35</sat></trkpt>
  <trkpt lat="41.71443382" lon="26.36306380"><ele>87.896</ele><time>2026-10-08T13:15:17Z</time><speed>0.820</speed><sat>35</sat></trkpt>
  <trkpt lat="41.71443894" lon="26.36305116"><ele>87.606</ele><time>2026-10-08T13:15:18Z</time><speed>1.240</speed><sat>34</sat></trkpt>
  <trkpt lat="41.71444405" lon="26.36304383"><ele>87.893</ele><time>2026-10-08T13:15:19Z</time><speed>0.420</speed><sat>35</sat></trkpt>
  <trkpt lat="41.71444725" lon="26.36304357"><ele>88.323</ele><time>2026-10-08T13:15:20Z</time><speed>0.190</speed><sat>34</sat></trkpt>
  <trkpt lat="41.71445741" lon="26.36303485"><ele>88.301</ele><time>2026-10-08T13:15:21Z</time><speed>2.370</speed><sat>34</sat></trkpt>
  <trkpt lat="41.71446728" lon="26.36302291"><ele>88.215</ele><time>2026-10-08T13:15:22Z</time><speed>0.950</speed><sat>35</sat></trkpt>
  <trkpt lat="41.71447314" lon="26.36301203"><ele>88.215</ele><time>2026-10-08T13:15:23Z</time><speed>1.450</speed><sat>35</sat></trkpt>
  <trkpt lat="41.71447672" lon="26.36299942"><ele>87.837</ele><time>2026-10-08T13:15:24Z</time><speed>0.980</speed><sat>35</sat></trkpt>
  <trkpt lat="41.71447830" lon="26.36299025"><ele>88.376</ele><time>2026-10-08T13:15:25Z</time><speed>0.560</speed><sat>35</sat></trkpt>
  <trkpt lat="41.71447193" lon="26.36296920"><ele>88.195</ele><time>2026-10-08T13:15:26Z</time><speed>2.840</speed><sat>35</sat></trkpt>
  <trkpt lat="41.71446404" lon="26.36294969"><ele>88.824</ele><time>2026-10-08T13:15:27Z</time><speed>0.890</speed><sat>35</sat></trkpt>
  <trkpt lat="41.71445644" lon="26.36294030"><ele>87.212</ele><time>2026-10-08T13:15:28Z</time><speed>1.380</speed><sat>34</sat></trkpt>
  <trkpt lat="41.71444805" lon="26.36293181"><ele>87.181</ele><time>2026-10-08T13:15:29Z</time><speed>1.070</speed><sat>35</sat></trkpt>
  <trkpt lat="41.71444626" lon="26.36292698"><ele>87.766</ele><time>2026-10-08T13:15:30Z</time><speed>0.620</speed><sat>35</sat></trkpt>
  <trkpt lat="41.71445086" lon="26.36291741"><ele>88.786</ele><time>2026-10-08T13:15:31Z</time><speed>0.940</speed><sat>35</sat></trkpt>
  <trkpt lat="41.71446601" lon="26.36291194"><ele>88.795</ele><time>2026-10-08T13:15:32Z</time><speed>1.680</speed><sat>34</sat></trkpt>
  <trkpt lat="41.71448636" lon="26.36291404"><ele>89.227</ele><time>2026-10-08T13:15:33Z</time><speed>1.390</speed><sat>35</sat></trkpt>
  <trkpt lat="41.71450766" lon="26.36292282"><ele>88.893</ele><time>2026-10-08T13:15:34Z</time><speed>1.970</speed><sat>35</sat></trkpt>
  <trkpt lat="41.71453005" lon="26.36293654"><ele>89.022</ele><time>2026-10-08T13:15:35Z</time><speed>2.180</speed><sat>35</sat></trkpt>
  <trkpt lat="41.71454977" lon="26.36294613"><ele>88.493</ele><time>2026-10-08T13:15:36Z</time><speed>1.520</speed><sat>35</sat></trkpt>
  <trkpt lat="41.71456383" lon="26.36295283"><ele>89.411</ele><time>2026-10-08T13:15:37Z</time><speed>1.090</speed><sat>35</sat></trkpt>
  <trkpt lat="41.71457450" lon="26.36295672"><ele>88.678</ele><time>2026-10-08T13:15:38Z</time><speed>0.930</speed><sat>34</sat></trkpt>
  <trkpt lat="41.71458654" lon="26.36295853"><ele>88.335</ele><time>2026-10-08T13:15:39Z</time><speed>1.480</speed><sat>34</sat></trkpt>
  <trkpt lat="41.71459817" lon="26.36296212"><ele>88.221</ele><time>2026-10-08T13:15:40Z</time><speed>1.290</speed><sat>33</sat></trkpt>
  <trkpt lat="41.71460551" lon="26.36296491"><ele>88.955</ele><time>2026-10-08T13:15:41Z</time><speed>0.620</speed><sat>33</sat></trkpt>
  <trkpt lat="41.71460980" lon="26.36296547"><ele>89.044</ele><time>2026-10-08T13:15:42Z</time><speed>0.510</speed><sat>31</sat></trkpt>
  <trkpt lat="41.71461527" lon="26.36296341"><ele>89.301</ele><time>2026-10-08T13:15:43Z</time><speed>0.750</speed><sat>32</sat></trkpt>
  <trkpt lat="41.71462319" lon="26.36295835"><ele>88.689</ele><time>2026-10-08T13:15:44Z</time><speed>0.890</speed><sat>32</sat></trkpt>
  <trkpt lat="41.71463566" lon="26.36294988"><ele>87.934</ele><time>2026-10-08T13:15:45Z</time><speed>1.690</speed><sat>32</sat></trkpt>
  <trkpt lat="41.71464845" lon="26.36293695"><ele>88.807</ele><time>2026-10-08T13:15:46Z</time><speed>1.320</speed><sat>33</sat></trkpt>
  <trkpt lat="41.71465523" lon="26.36292826"><ele>89.227</ele><time>2026-10-08T13:15:47Z</time><speed>0.600</speed><sat>33</sat></trkpt>
  <trkpt lat="41.71466108" lon="26.36292262"><ele>90.124</ele><time>2026-10-08T13:15:48Z</time><speed>0.630</speed><sat>34</sat></trkpt>
  <trkpt lat="41.71466308" lon="26.36291916"><ele>90.102</ele><time>2026-10-08T13:15:49Z</time><speed>0.000</speed><sat>34</sat></trkpt>
  <trkpt lat="41.71466761" lon="26.36291768"><ele>90.480</ele><time>2026-10-08T13:15:50Z</time><speed>0.470</speed><sat>33</sat></trkpt>
  <trkpt lat="41.71467582" lon="26.36291991"><ele>89.618</ele><time>2026-10-08T13:15:51Z</time><speed>0.820</speed><sat>31</sat></trkpt>
  <trkpt lat="41.71468821" lon="26.36292220"><ele>89.442</ele><time>2026-10-08T13:15:52Z</time><speed>1.240</speed><sat>31</sat></trkpt>
  <trkpt lat="41.71470381" lon="26.36291935"><ele>90.481</ele><time>2026-10-08T13:15:53Z</time><speed>1.140</speed><sat>29</sat></trkpt>
  <trkpt lat="41.71471904" lon="26.36291247"><ele>90.173</ele><time>2026-10-08T13:15:54Z</time><speed>1.250</speed><sat>29</sat></trkpt>
  <trkpt lat="41.71473015" lon="26.36290202"><ele>90.064</ele><time>2026-10-08T13:15:55Z</time><speed>0.830</speed><sat>29</sat></trkpt>
  <trkpt lat="41.71473767" lon="26.36289415"><ele>90.418</ele><time>2026-10-08T13:15:56Z</time><speed>0.710</speed><sat>29</sat></trkpt>
  <trkpt lat="41.71473985" lon="26.36288465"><ele>90.142</ele><time>2026-10-08T13:15:57Z</time><speed>0.590</speed><sat>29</sat></trkpt>
  <trkpt lat="41.71473807" lon="26.36287031"><ele>89.110</ele><time>2026-10-08T13:15:58Z</time><speed>0.870</speed><sat>26</sat></trkpt>
  <trkpt lat="41.71473182" lon="26.36284794"><ele>88.136</ele><time>2026-10-08T13:15:59Z</time><speed>1.340</speed><sat>25</sat></trkpt>
  <trkpt lat="41.71472820" lon="26.36281798"><ele>86.715</ele><time>2026-10-08T13:16:00Z</time><speed>1.740</speed><sat>25</sat></trkpt>
  <trkpt lat="41.71472632" lon="26.36278826"><ele>85.859</ele><time>2026-10-08T13:16:01Z</time><speed>1.500</speed><sat>24</sat></trkpt>
  <trkpt lat="41.71472907" lon="26.36275993"><ele>85.583</ele><time>2026-10-08T13:16:02Z</time><speed>1.690</speed><sat>24</sat></trkpt>
  <trkpt lat="41.71473170" lon="26.36273413"><ele>84.342</ele><time>2026-10-08T13:16:03Z</time><speed>1.460</speed><sat>22</sat></trkpt>
  <trkpt lat="41.71473582" lon="26.36271216"><ele>83.082</ele><time>2026-10-08T13:16:04Z</time><speed>1.500</speed><sat>23</sat></trkpt>
  <trkpt lat="41.71473846" lon="26.36268893"><ele>82.266</ele><time>2026-10-08T13:16:05Z</time><speed>1.550</speed><sat>22</sat></trkpt>
  <trkpt lat="41.71473878" lon="26.36266399"><ele>81.702</ele><time>2026-10-08T13:16:06Z</time><speed>1.750</speed><sat>18</sat></trkpt>
  <trkpt lat="41.71473213" lon="26.36264999"><ele>81.718</ele><time>2026-10-08T13:16:07Z</time><speed>0.000</speed><sat>15</sat></trkpt>
  <trkpt lat="41.71473005" lon="26.36264969"><ele>81.852</ele><time>2026-10-08T13:16:08Z</time><speed>0.000</speed><sat>15</sat></trkpt>
  <trkpt lat="41.71473074" lon="26.36264422"><ele>81.117</ele><time>2026-10-08T13:16:09Z</time><speed>0.000</speed><sat>13</sat></trkpt>
  <trkpt lat="41.71473519" lon="26.36264208"><ele>80.547</ele><time>2026-10-08T13:16:10Z</time><speed>0.000</speed><sat>12</sat></trkpt>
  <trkpt lat="41.71473904" lon="26.36263950"><ele>80.498</ele><time>2026-10-08T13:16:11Z</time><speed>0.000</speed><sat>12</sat></trkpt>
  <trkpt lat="41.71474096" lon="26.36263823"><ele>80.497</ele><time>2026-10-08T13:16:12Z</time><speed>0.000</speed><sat>14</sat></trkpt>
  <trkpt lat="41.71473841" lon="26.36263856"><ele>79.759</ele><time>2026-10-08T13:16:13Z</time><speed>0.160</speed><sat>16</sat></trkpt>
  <trkpt lat="41.71473898" lon="26.36263843"><ele>79.330</ele><time>2026-10-08T13:16:14Z</time><speed>0.000</speed><sat>16</sat></trkpt>
  <trkpt lat="41.71474355" lon="26.36262373"><ele>78.191</ele><time>2026-10-08T13:16:15Z</time><speed>1.360</speed><sat>16</sat></trkpt>
  <trkpt lat="41.71474942" lon="26.36260405"><ele>78.356</ele><time>2026-10-08T13:16:16Z</time><speed>1.390</speed><sat>16</sat></trkpt>
  <trkpt lat="41.71475653" lon="26.36259065"><ele>78.556</ele><time>2026-10-08T13:16:17Z</time><speed>1.100</speed><sat>16</sat></trkpt>
  <trkpt lat="41.71476528" lon="26.36258171"><ele>78.773</ele><time>2026-10-08T13:16:18Z</time><speed>1.350</speed><sat>15</sat></trkpt>
  <trkpt lat="41.71477754" lon="26.36257835"><ele>76.998</ele><time>2026-10-08T13:16:19Z</time><speed>1.470</speed><sat>15</sat></trkpt>
  <trkpt lat="41.71478321" lon="26.36258827"><ele>76.877</ele><time>2026-10-08T13:16:20Z</time><speed>0.000</speed><sat>16</sat></trkpt>
  <trkpt lat="41.71478280" lon="26.36259830"><ele>77.159</ele><time>2026-10-08T13:16:21Z</time><speed>0.820</speed><sat>17</sat></trkpt>
  <trkpt lat="41.71477999" lon="26.36260635"><ele>77.255</ele><time>2026-10-08T13:16:22Z</time><speed>0.000</speed><sat>17</sat></trkpt>
  <trkpt lat="41.71477813" lon="26.36260468"><ele>76.722</ele><time>2026-10-08T13:16:23Z</time><speed>0.620</speed><sat>17</sat></trkpt>
  <trkpt lat="41.71477420" lon="26.36259033"><ele>77.552</ele><time>2026-10-08T13:16:24Z</time><speed>1.810</speed><sat>16</sat></trkpt>
  <trkpt lat="41.71477066" lon="26.36256901"><ele>78.161</ele><time>2026-10-08T13:16:25Z</time><speed>1.790</speed><sat>16</sat></trkpt>
  <trkpt lat="41.71476866" lon="26.36254894"><ele>77.944</ele><time>2026-10-08T13:16:26Z</time><speed>1.700</speed><sat>17</sat></trkpt>
  <trkpt lat="41.71476497" lon="26.36252539"><ele>78.149</ele><time>2026-10-08T13:16:27Z</time><speed>2.000</speed><sat>16</sat></trkpt>
  <trkpt lat="41.71476182" lon="26.36250023"><ele>78.718</ele><time>2026-10-08T13:16:28Z</time><speed>1.910</speed><sat>16</sat></trkpt>
  <trkpt lat="41.71476224" lon="26.36247272"><ele>79.317</ele><time>2026-10-08T13:16:29Z</time><speed>2.380</speed><sat>16</sat></trkpt>
  <trkpt lat="41.71476343" lon="26.36244264"><ele>80.387</ele><time>2026-10-08T13:16:30Z</time><speed>2.450</speed><sat>15</sat></trkpt>
  <trkpt lat="41.71476496" lon="26.36241864"><ele>81.038</ele><time>2026-10-08T13:16:31Z</time><speed>2.010</speed><sat>22</sat></trkpt>
  <trkpt lat="41.71476869" lon="26.36239246"><ele>81.828</ele><time>2026-10-08T13:16:32Z</time><speed>2.740</speed><sat>24</sat></trkpt>
  <trkpt lat="41.71477506" lon="26.36237180"><ele>82.624</ele><time>2026-10-08T13:16:33Z</time><speed>1.750</speed><sat>24</sat></trkpt>
  <trkpt lat="41.71478262" lon="26.36235863"><ele>82.791</ele><time>2026-10-08T13:16:34Z</time><speed>1.690</speed><sat>26</sat></trkpt>
  <trkpt lat="41.71478966" lon="26.36234788"><ele>83.411</ele><time>2026-10-08T13:16:35Z</time><speed>1.450</speed><sat>26</sat></trkpt>
  <trkpt lat="41.71479481" lon="26.36234180"><ele>84.005</ele><time>2026-10-08T13:16:36Z</time><speed>1.160</speed><sat>26</sat></trkpt>
  <trkpt lat="41.71479847" lon="26.36233405"><ele>84.541</ele><time>2026-10-08T13:16:37Z</time><speed>1.260</speed><sat>26</sat></trkpt>
  <trkpt lat="41.71480108" lon="26.36232413"><ele>84.434</ele><time>2026-10-08T13:16:38Z</time><speed>1.260</speed><sat>26</sat></trkpt>
  <trkpt lat="41.71480400" lon="26.36231129"><ele>85.412</ele><time>2026-10-08T13:16:39Z</time><speed>1.310</speed><sat>27</sat></trkpt>
  <trkpt lat="41.71480339" lon="26.36229853"><ele>84.441</ele><time>2026-10-08T13:16:40Z</time><speed>1.290</speed><sat>28</sat></trkpt>
  <trkpt lat="41.71480402" lon="26.36228519"><ele>84.065</ele><time>2026-10-08T13:16:41Z</time><speed>1.080</speed><sat>28</sat></trkpt>
  <trkpt lat="41.71480677" lon="26.36227116"><ele>84.752</ele><time>2026-10-08T13:16:42Z</time><speed>1.260</speed><sat>30</sat></trkpt>
  <trkpt lat="41.71481146" lon="26.36225394"><ele>84.917</ele><time>2026-10-08T13:16:43Z</time><speed>1.560</speed><sat>31</sat></trkpt>
  <trkpt lat="41.71481985" lon="26.36223489"><ele>84.779</ele><time>2026-10-08T13:16:44Z</time><speed>1.860</speed><sat>33</sat></trkpt>
  <trkpt lat="41.71483035" lon="26.36221663"><ele>85.649</ele><time>2026-10-08T13:16:45Z</time><speed>1.710</speed><sat>33</sat></trkpt>
  <trkpt lat="41.71484187" lon="26.36220219"><ele>85.009</ele><time>2026-10-08T13:16:46Z</time><speed>1.590</speed><sat>33</sat></trkpt>
  <trkpt lat="41.71485243" lon="26.36218514"><ele>84.964</ele><time>2026-10-08T13:16:47Z</time><speed>1.730</speed><sat>33</sat></trkpt>
  <trkpt lat="41.71485996" lon="26.36216830"><ele>84.628</ele><time>2026-10-08T13:16:48Z</time><speed>1.440</speed><sat>34</sat></trkpt>
  <trkpt lat="41.71486786" lon="26.36215098"><ele>85.602</ele><time>2026-10-08T13:16:49Z</time><speed>1.720</speed><sat>34</sat></trkpt>
  <trkpt lat="41.71487700" lon="26.36213383"><ele>86.312</ele><time>2026-10-08T13:16:50Z</time><speed>1.510</speed><sat>33</sat></trkpt>
  <trkpt lat="41.71488759" lon="26.36212030"><ele>86.982</ele><time>2026-10-08T13:16:51Z</time><speed>1.410</speed><sat>33</sat></trkpt>
  <trkpt lat="41.71489940" lon="26.36210573"><ele>87.344</ele><time>2026-10-08T13:16:52Z</time><speed>1.560</speed><sat>34</sat></trkpt>
  <trkpt lat="41.71490730" lon="26.36209105"><ele>87.514</ele><time>2026-10-08T13:16:53Z</time><speed>1.280</speed><sat>34</sat></trkpt>
  <trkpt lat="41.71490854" lon="26.36208059"><ele>86.401</ele><time>2026-10-08T13:16:54Z</time><speed>0.990</speed><sat>34</sat></trkpt>
  <trkpt lat="41.71490797" lon="26.36206802"><ele>85.769</ele><time>2026-10-08T13:16:55Z</time><speed>1.150</speed><sat>34</sat></trkpt>
  <trkpt lat="41.71490763" lon="26.36205118"><ele>85.835</ele><time>2026-10-08T13:16:56Z</time><speed>1.450</speed><sat>34</sat></trkpt>
  <trkpt lat="41.71490917" lon="26.36203012"><ele>86.776</ele><time>2026-10-08T13:16:57Z</time><speed>1.550</speed><sat>34</sat></trkpt>
  <trkpt lat="41.71491105" lon="26.36201022"><ele>86.732</ele><time>2026-10-08T13:16:58Z</time><speed>1.400</speed><sat>34</sat></trkpt>
  <trkpt lat="41.71491288" lon="26.36199011"><ele>86.351</ele><time>2026-10-08T13:16:59Z</time><speed>1.490</speed><sat>34</sat></trkpt>
  <trkpt lat="41.71491700" lon="26.36196709"><ele>86.224</ele><time>2026-10-08T13:17:00Z</time><speed>1.780</speed><sat>35</sat></trkpt>
  <trkpt lat="41.71492008" lon="26.36194488"><ele>86.324</ele><time>2026-10-08T13:17:01Z</time><speed>1.390</speed><sat>35</sat></trkpt>
  <trkpt lat="41.71492189" lon="26.36192805"><ele>86.130</ele><time>2026-10-08T13:17:02Z</time><speed>1.060</speed><sat>35</sat></trkpt>
  <trkpt lat="41.71492534" lon="26.36190782"><ele>86.848</ele><time>2026-10-08T13:17:03Z</time><speed>1.670</speed><sat>35</sat></trkpt>
  <trkpt lat="41.71493026" lon="26.36188645"><ele>86.451</ele><time>2026-10-08T13:17:04Z</time><speed>1.390</speed><sat>35</sat></trkpt>
  <trkpt lat="41.71493653" lon="26.36186724"><ele>85.822</ele><time>2026-10-08T13:17:05Z</time><speed>1.430</speed><sat>35</sat></trkpt>
  <trkpt lat="41.71494274" lon="26.36184675"><ele>86.602</ele><time>2026-10-08T13:17:06Z</time><speed>1.550</speed><sat>35</sat></trkpt>
  <trkpt lat="41.71494757" lon="26.36182620"><ele>86.491</ele><time>2026-10-08T13:17:07Z</time><speed>1.550</speed><sat>35</sat></trkpt>
  <trkpt lat="41.71495229" lon="26.36180489"><ele>85.856</ele><time>2026-10-08T13:17:08Z</time><speed>1.650</speed><sat>34</sat></trkpt>
  <trkpt lat="41.71495597" lon="26.36178376"><ele>85.847</ele><time>2026-10-08T13:17:09Z</time><speed>1.450</speed><sat>34</sat></trkpt>
  <trkpt lat="41.71495928" lon="26.36176283"><ele>86.031</ele><time>2026-10-08T13:17:10Z</time><speed>1.630</speed><sat>34</sat></trkpt>
  <trkpt lat="41.71496283" lon="26.36174238"><ele>86.395</ele><time>2026-10-08T13:17:11Z</time><speed>1.530</speed><sat>33</sat></trkpt>
  <trkpt lat="41.71496703" lon="26.36172483"><ele>87.017</ele><time>2026-10-08T13:17:12Z</time><speed>1.450</speed><sat>34</sat></trkpt>
  <trkpt lat="41.71497299" lon="26.36170645"><ele>87.108</ele><time>2026-10-08T13:17:13Z</time><speed>1.560</speed><sat>34</sat></trkpt>
  <trkpt lat="41.71497887" lon="26.36168422"><ele>87.570</ele><time>2026-10-08T13:17:14Z</time><speed>1.760</speed><sat>33</sat></trkpt>
  <trkpt lat="41.71497976" lon="26.36166250"><ele>85.717</ele><time>2026-10-08T13:17:15Z</time><speed>1.580</speed><sat>33</sat></trkpt>
  <trkpt lat="41.71498196" lon="26.36164272"><ele>84.567</ele><time>2026-10-08T13:17:16Z</time><speed>1.430</speed><sat>33</sat></trkpt>
  <trkpt lat="41.71498588" lon="26.36162612"><ele>83.750</ele><time>2026-10-08T13:17:17Z</time><speed>1.140</speed><sat>30</sat></trkpt>
  <trkpt lat="41.71499219" lon="26.36161233"><ele>82.082</ele><time>2026-10-08T13:17:18Z</time><speed>1.160</speed><sat>30</sat></trkpt>
  <trkpt lat="41.71500223" lon="26.36159360"><ele>81.362</ele><time>2026-10-08T13:17:19Z</time><speed>2.020</speed><sat>31</sat></trkpt>
  <trkpt lat="41.71501637" lon="26.36156826"><ele>81.303</ele><time>2026-10-08T13:17:20Z</time><speed>2.320</speed><sat>32</sat></trkpt>
  <trkpt lat="41.71503123" lon="26.36154471"><ele>82.387</ele><time>2026-10-08T13:17:21Z</time><speed>2.060</speed><sat>33</sat></trkpt>
  <trkpt lat="41.71504447" lon="26.36152702"><ele>82.190</ele><time>2026-10-08T13:17:22Z</time><speed>1.670</speed><sat>33</sat></trkpt>
  <trkpt lat="41.71505642" lon="26.36151060"><ele>81.694</ele><time>2026-10-08T13:17:23Z</time><speed>1.780</speed><sat>33</sat></trkpt>
  <trkpt lat="41.71506804" lon="26.36149630"><ele>82.406</ele><time>2026-10-08T13:17:24Z</time><speed>1.590</speed><sat>34</sat></trkpt>
  <trkpt lat="41.71507865" lon="26.36148014"><ele>81.968</ele><time>2026-10-08T13:17:25Z</time><speed>1.700</speed><sat>33</sat></trkpt>
  <trkpt lat="41.71508866" lon="26.36146292"><ele>82.507</ele><time>2026-10-08T13:17:26Z</time><speed>1.670</speed><sat>34</sat></trkpt>
  <trkpt lat="41.71509788" lon="26.36144539"><ele>81.857</ele><time>2026-10-08T13:17:27Z</time><speed>1.700</speed><sat>35</sat></trkpt>
  <trkpt lat="41.71510582" lon="26.36142657"><ele>81.883</ele><time>2026-10-08T13:17:28Z</time><speed>1.700</speed><sat>35</sat></trkpt>
  <trkpt lat="41.71511218" lon="26.36140662"><ele>82.843</ele><time>2026-10-08T13:17:29Z</time><speed>1.710</speed><sat>35</sat></trkpt>
  <trkpt lat="41.71511788" lon="26.36138653"><ele>83.138</ele><time>2026-10-08T13:17:30Z</time><speed>1.670</speed><sat>35</sat></trkpt>
  <trkpt lat="41.71512562" lon="26.36136836"><ele>83.741</ele><time>2026-10-08T13:17:31Z</time><speed>1.590</speed><sat>35</sat></trkpt>
  <trkpt lat="41.71513429" lon="26.36135161"><ele>83.113</ele><time>2026-10-08T13:17:32Z</time><speed>1.520</speed><sat>35</sat></trkpt>
  <trkpt lat="41.71514280" lon="26.36133527"><ele>83.254</ele><time>2026-10-08T13:17:33Z</time><speed>1.590</speed><sat>35</sat></trkpt>
  <trkpt lat="41.71515019" lon="26.36131754"><ele>83.522</ele><time>2026-10-08T13:17:34Z</time><speed>1.610</speed><sat>35</sat></trkpt>
  <trkpt lat="41.71515640" lon="26.36130016"><ele>82.414</ele><time>2026-10-08T13:17:35Z</time><speed>1.390</speed><sat>35</sat></trkpt>
  <trkpt lat="41.71516120" lon="26.36128220"><ele>82.624</ele><time>2026-10-08T13:17:36Z</time><speed>1.490</speed><sat>34</sat></trkpt>
  <trkpt lat="41.71516590" lon="26.36126413"><ele>82.941</ele><time>2026-10-08T13:17:37Z</time><speed>1.480</speed><sat>35</sat></trkpt>
  <trkpt lat="41.71516932" lon="26.36124453"><ele>83.927</ele><time>2026-10-08T13:17:38Z</time><speed>1.510</speed><sat>35</sat></trkpt>
  <trkpt lat="41.71517446" lon="26.36122553"><ele>83.579</ele><time>2026-10-08T13:17:39Z</time><speed>1.610</speed><sat>35</sat></trkpt>
  <trkpt lat="41.71517933" lon="26.36120560"><ele>83.855</ele><time>2026-10-08T13:17:40Z</time><speed>1.610</speed><sat>35</sat></trkpt>
  <trkpt lat="41.71518281" lon="26.36118606"><ele>83.928</ele><time>2026-10-08T13:17:41Z</time><speed>1.540</speed><sat>34</sat></trkpt>
  <trkpt lat="41.71518668" lon="26.36116639"><ele>84.882</ele><time>2026-10-08T13:17:42Z</time><speed>1.620</speed><sat>34</sat></trkpt>
  <trkpt lat="41.71519147" lon="26.36114578"><ele>85.738</ele><time>2026-10-08T13:17:43Z</time><speed>1.570</speed><sat>34</sat></trkpt>
  <trkpt lat="41.71519862" lon="26.36112770"><ele>85.294</ele><time>2026-10-08T13:17:44Z</time><speed>1.550</speed><sat>34</sat></trkpt>
  <trkpt lat="41.71520666" lon="26.36110987"><ele>86.136</ele><time>2026-10-08T13:17:45Z</time><speed>1.580</speed><sat>34</sat></trkpt>
  <trkpt lat="41.71521124" lon="26.36109071"><ele>86.503</ele><time>2026-10-08T13:17:46Z</time><speed>1.570</speed><sat>34</sat></trkpt>
  <trkpt lat="41.71521655" lon="26.36107150"><ele>86.470</ele><time>2026-10-08T13:17:47Z</time><speed>1.670</speed><sat>35</sat></trkpt>
  <trkpt lat="41.71522279" lon="26.36105405"><ele>86.252</ele><time>2026-10-08T13:17:48Z</time><speed>1.520</speed><sat>33</sat></trkpt>
  <trkpt lat="41.71523083" lon="26.36103715"><ele>86.801</ele><time>2026-10-08T13:17:49Z</time><speed>1.610</speed><sat>33</sat></trkpt>
  <trkpt lat="41.71524015" lon="26.36102115"><ele>87.309</ele><time>2026-10-08T13:17:50Z</time><speed>1.630</speed><sat>34</sat></trkpt>
  <trkpt lat="41.71524798" lon="26.36100572"><ele>87.368</ele><time>2026-10-08T13:17:51Z</time><speed>1.620</speed><sat>34</sat></trkpt>
  <trkpt lat="41.71525554" lon="26.36099087"><ele>86.493</ele><time>2026-10-08T13:17:52Z</time><speed>1.510</speed><sat>34</sat></trkpt>
  <trkpt lat="41.71526355" lon="26.36097719"><ele>86.732</ele><time>2026-10-08T13:17:53Z</time><speed>1.540</speed><sat>34</sat></trkpt>
  <trkpt lat="41.71526983" lon="26.36096089"><ele>87.305</ele><time>2026-10-08T13:17:54Z</time><speed>1.540</speed><sat>35</sat></trkpt>
  <trkpt lat="41.71527638" lon="26.36094327"><ele>87.377</ele><time>2026-10-08T13:17:55Z</time><speed>1.580</speed><sat>35</sat></trkpt>
  <trkpt lat="41.71528255" lon="26.36092590"><ele>86.928</ele><time>2026-10-08T13:17:56Z</time><speed>1.550</speed><sat>35</sat></trkpt>
  <trkpt lat="41.71528948" lon="26.36090902"><ele>86.475</ele><time>2026-10-08T13:17:57Z</time><speed>1.590</speed><sat>35</sat></trkpt>
  <trkpt lat="41.71529823" lon="26.36089220"><ele>86.410</ele><time>2026-10-08T13:17:58Z</time><speed>1.610</speed><sat>35</sat></trkpt>
  <trkpt lat="41.71530828" lon="26.36087707"><ele>86.787</ele><time>2026-10-08T13:17:59Z</time><speed>1.620</speed><sat>35</sat></trkpt>
  <trkpt lat="41.71531818" lon="26.36085903"><ele>86.066</ele><time>2026-10-08T13:18:00Z</time><speed>1.830</speed><sat>34</sat></trkpt>
  <trkpt lat="41.71532801" lon="26.36084057"><ele>85.866</ele><time>2026-10-08T13:18:01Z</time><speed>1.690</speed><sat>35</sat></trkpt>
  <trkpt lat="41.71533600" lon="26.36082083"><ele>86.046</ele><time>2026-10-08T13:18:02Z</time><speed>1.660</speed><sat>35</sat></trkpt>
  <trkpt lat="41.71534199" lon="26.36080099"><ele>86.621</ele><time>2026-10-08T13:18:03Z</time><speed>1.620</speed><sat>35</sat></trkpt>
  <trkpt lat="41.71534687" lon="26.36078132"><ele>87.101</ele><time>2026-10-08T13:18:04Z</time><speed>1.550</speed><sat>35</sat></trkpt>
  <trkpt lat="41.71534994" lon="26.36076388"><ele>87.005</ele><time>2026-10-08T13:18:05Z</time><speed>1.400</speed><sat>35</sat></trkpt>
  <trkpt lat="41.71535247" lon="26.36074618"><ele>87.674</ele><time>2026-10-08T13:18:06Z</time><speed>1.490</speed><sat>35</sat></trkpt>
  <trkpt lat="41.71535577" lon="26.36072933"><ele>87.611</ele><time>2026-10-08T13:18:07Z</time><speed>1.440</speed><sat>35</sat></trkpt>
  <trkpt lat="41.71535957" lon="26.36071234"><ele>87.675</ele><time>2026-10-08T13:18:08Z</time><speed>1.470</speed><sat>34</sat></trkpt>
  <trkpt lat="41.71536818" lon="26.36069617"><ele>86.642</ele><time>2026-10-08T13:18:09Z</time><speed>1.700</speed><sat>35</sat></trkpt>
  <trkpt lat="41.71537762" lon="26.36067938"><ele>86.423</ele><time>2026-10-08T13:18:10Z</time><speed>1.660</speed><sat>35</sat></trkpt>
  <trkpt lat="41.71538723" lon="26.36066070"><ele>86.344</ele><time>2026-10-08T13:18:11Z</time><speed>1.850</speed><sat>34</sat></trkpt>
  <trkpt lat="41.71539536" lon="26.36064058"><ele>86.664</ele><time>2026-10-08T13:18:12Z</time><speed>1.820</speed><sat>34</sat></trkpt>
  <trkpt lat="41.71540182" lon="26.36061962"><ele>86.539</ele><time>2026-10-08T13:18:13Z</time><speed>1.830</speed><sat>34</sat></trkpt>
  <trkpt lat="41.71540621" lon="26.36059827"><ele>86.181</ele><time>2026-10-08T13:18:14Z</time><speed>1.820</speed><sat>35</sat></trkpt>
  <trkpt lat="41.71540990" lon="26.36057970"><ele>85.098</ele><time>2026-10-08T13:18:15Z</time><speed>1.600</speed><sat>33</sat></trkpt>
  <trkpt lat="41.71541430" lon="26.36056086"><ele>85.201</ele><time>2026-10-08T13:18:16Z</time><speed>1.720</speed><sat>33</sat></trkpt>
  <trkpt lat="41.71541996" lon="26.36054068"><ele>85.555</ele><time>2026-10-08T13:18:17Z</time><speed>1.760</speed><sat>33</sat></trkpt>
  <trkpt lat="41.71542773" lon="26.36051922"><ele>86.411</ele><time>2026-10-08T13:18:18Z</time><speed>1.820</speed><sat>35</sat></trkpt>
  <trkpt lat="41.71543553" lon="26.36050008"><ele>86.085</ele><time>2026-10-08T13:18:19Z</time><speed>1.730</speed><sat>35</sat></trkpt>
  <trkpt lat="41.71544442" lon="26.36048223"><ele>85.679</ele><time>2026-10-08T13:18:20Z</time><speed>1.780</speed><sat>34</sat></trkpt>
  <trkpt lat="41.71545343" lon="26.36046308"><ele>84.875</ele><time>2026-10-08T13:18:21Z</time><speed>1.820</speed><sat>34</sat></trkpt>
  <trkpt lat="41.71546133" lon="26.36044391"><ele>84.405</ele><time>2026-10-08T13:18:22Z</time><speed>1.780</speed><sat>34</sat></trkpt>
  <trkpt lat="41.71546814" lon="26.36042419"><ele>83.757</ele><time>2026-10-08T13:18:23Z</time><speed>1.800</speed><sat>34</sat></trkpt>
  <trkpt lat="41.71547543" lon="26.36040462"><ele>83.857</ele><time>2026-10-08T13:18:24Z</time><speed>1.790</speed><sat>35</sat></trkpt>
  <trkpt lat="41.71548084" lon="26.36038661"><ele>83.863</ele><time>2026-10-08T13:18:25Z</time><speed>1.670</speed><sat>35</sat></trkpt>
  <trkpt lat="41.71548573" lon="26.36036919"><ele>85.295</ele><time>2026-10-08T13:18:26Z</time><speed>1.690</speed><sat>35</sat></trkpt>
  <trkpt lat="41.71548800" lon="26.36035066"><ele>85.136</ele><time>2026-10-08T13:18:27Z</time><speed>1.750</speed><sat>35</sat></trkpt>
  <trkpt lat="41.71549065" lon="26.36033694"><ele>85.316</ele><time>2026-10-08T13:18:28Z</time><speed>1.180</speed><sat>35</sat></trkpt>
  <trkpt lat="41.71549403" lon="26.36032611"><ele>85.106</ele><time>2026-10-08T13:18:29Z</time><speed>1.210</speed><sat>35</sat></trkpt>
  <trkpt lat="41.71549892" lon="26.36031948"><ele>85.638</ele><time>2026-10-08T13:18:30Z</time><speed>0.500</speed><sat>35</sat></trkpt>
  <trkpt lat="41.71550557" lon="26.36031276"><ele>85.703</ele><time>2026-10-08T13:18:31Z</time><speed>1.250</speed><sat>35</sat></trkpt>
  <trkpt lat="41.71551351" lon="26.36030394"><ele>85.417</ele><time>2026-10-08T13:18:32Z</time><speed>1.290</speed><sat>35</sat></trkpt>
  <trkpt lat="41.71552046" lon="26.36029278"><ele>85.540</ele><time>2026-10-08T13:18:33Z</time><speed>1.400</speed><sat>35</sat></trkpt>
  <trkpt lat="41.71552668" lon="26.36028011"><ele>85.307</ele><time>2026-10-08T13:18:34Z</time><speed>1.470</speed><sat>35</sat></trkpt>
  <trkpt lat="41.71553391" lon="26.36026375"><ele>85.395</ele><time>2026-10-08T13:18:35Z</time><speed>1.830</speed><sat>35</sat></trkpt>
  <trkpt lat="41.71554017" lon="26.36024535"><ele>85.551</ele><time>2026-10-08T13:18:36Z</time><speed>1.750</speed><sat>34</sat></trkpt>
  <trkpt lat="41.71554441" lon="26.36022773"><ele>85.419</ele><time>2026-10-08T13:18:37Z</time><speed>1.560</speed><sat>36</sat></trkpt>
  <trkpt lat="41.71554710" lon="26.36021072"><ele>85.276</ele><time>2026-10-08T13:18:38Z</time><speed>1.640</speed><sat>36</sat></trkpt>
  <trkpt lat="41.71555087" lon="26.36019409"><ele>85.280</ele><time>2026-10-08T13:18:39Z</time><speed>1.670</speed><sat>36</sat></trkpt>
  <trkpt lat="41.71555597" lon="26.36017594"><ele>85.436</ele><time>2026-10-08T13:18:40Z</time><speed>1.910</speed><sat>36</sat></trkpt>
  <trkpt lat="41.71556089" lon="26.36015714"><ele>85.045</ele><time>2026-10-08T13:18:41Z</time><speed>1.720</speed><sat>36</sat></trkpt>
  <trkpt lat="41.71556511" lon="26.36013707"><ele>85.357</ele><time>2026-10-08T13:18:42Z</time><speed>1.730</speed><sat>36</sat></trkpt>
  <trkpt lat="41.71556698" lon="26.36011615"><ele>85.462</ele><time>2026-10-08T13:18:43Z</time><speed>1.760</speed><sat>35</sat></trkpt>
  <trkpt lat="41.71556775" lon="26.36009575"><ele>85.205</ele><time>2026-10-08T13:18:44Z</time><speed>1.720</speed><sat>35</sat></trkpt>
  <trkpt lat="41.71556550" lon="26.36007538"><ele>85.934</ele><time>2026-10-08T13:18:45Z</time><speed>1.680</speed><sat>35</sat></trkpt>
  <trkpt lat="41.71555945" lon="26.36005611"><ele>85.895</ele><time>2026-10-08T13:18:46Z</time><speed>1.860</speed><sat>35</sat></trkpt>
  <trkpt lat="41.71554785" lon="26.36003873"><ele>85.456</ele><time>2026-10-08T13:18:47Z</time><speed>1.950</speed><sat>35</sat></trkpt>
  <trkpt lat="41.71553685" lon="26.36002129"><ele>85.948</ele><time>2026-10-08T13:18:48Z</time><speed>1.790</speed><sat>36</sat></trkpt>
  <trkpt lat="41.71552685" lon="26.36000910"><ele>85.575</ele><time>2026-10-08T13:18:49Z</time><speed>1.450</speed><sat>36</sat></trkpt>
  <trkpt lat="41.71552496" lon="26.36001155"><ele>85.971</ele><time>2026-10-08T13:18:50Z</time><speed>0.000</speed><sat>36</sat></trkpt>
  <trkpt lat="41.71552593" lon="26.36001569"><ele>85.971</ele><time>2026-10-08T13:18:51Z</time><speed>0.000</speed><sat>36</sat></trkpt>
  <trkpt lat="41.71552611" lon="26.36001733"><ele>85.493</ele><time>2026-10-08T13:18:52Z</time><speed>0.370</speed><sat>36</sat></trkpt>
  <trkpt lat="41.71552864" lon="26.36002359"><ele>85.322</ele><time>2026-10-08T13:18:53Z</time><speed>0.000</speed><sat>36</sat></trkpt>
  <trkpt lat="41.71553043" lon="26.36002759"><ele>85.400</ele><time>2026-10-08T13:18:54Z</time><speed>0.000</speed><sat>36</sat></trkpt>
  <trkpt lat="41.71553237" lon="26.36003049"><ele>86.163</ele><time>2026-10-08T13:18:55Z</time><speed>0.000</speed><sat>36</sat></trkpt>
  <trkpt lat="41.71553284" lon="26.36003386"><ele>86.515</ele><time>2026-10-08T13:18:56Z</time><speed>0.200</speed><sat>36</sat></trkpt>
  <trkpt lat="41.71553239" lon="26.36003815"><ele>86.298</ele><time>2026-10-08T13:18:57Z</time><speed>0.000</speed><sat>36</sat></trkpt>
  <trkpt lat="41.71553167" lon="26.36004304"><ele>86.357</ele><time>2026-10-08T13:18:58Z</time><speed>0.170</speed><sat>36</sat></trkpt>
  <trkpt lat="41.71553132" lon="26.36004681"><ele>86.020</ele><time>2026-10-08T13:18:59Z</time><speed>0.000</speed><sat>36</sat></trkpt>
  <trkpt lat="41.71553098" lon="26.36004747"><ele>85.770</ele><time>2026-10-08T13:19:00Z</time><speed>0.150</speed><sat>36</sat></trkpt>
  <trkpt lat="41.71553141" lon="26.36004909"><ele>86.010</ele><time>2026-10-08T13:19:01Z</time><speed>0.240</speed><sat>36</sat></trkpt>
  <trkpt lat="41.71553682" lon="26.36005332"><ele>86.152</ele><time>2026-10-08T13:19:02Z</time><speed>0.790</speed><sat>36</sat></trkpt>
  <trkpt lat="41.71554468" lon="26.36005672"><ele>85.254</ele><time>2026-10-08T13:19:03Z</time><speed>0.890</speed><sat>36</sat></trkpt>
  <trkpt lat="41.71555567" lon="26.36005782"><ele>86.133</ele><time>2026-10-08T13:19:04Z</time><speed>1.360</speed><sat>36</sat></trkpt>
  <trkpt lat="41.71556839" lon="26.36005480"><ele>86.571</ele><time>2026-10-08T13:19:05Z</time><speed>1.510</speed><sat>36</sat></trkpt>
  <trkpt lat="41.71558223" lon="26.36004703"><ele>87.450</ele><time>2026-10-08T13:19:06Z</time><speed>1.600</speed><sat>37</sat></trkpt>
  <trkpt lat="41.71559627" lon="26.36003535"><ele>88.072</ele><time>2026-10-08T13:19:07Z</time><speed>1.720</speed><sat>35</sat></trkpt>
  <trkpt lat="41.71560856" lon="26.36002166"><ele>88.341</ele><time>2026-10-08T13:19:08Z</time><speed>1.620</speed><sat>36</sat></trkpt>
  <trkpt lat="41.71561874" lon="26.36000784"><ele>88.148</ele><time>2026-10-08T13:19:09Z</time><speed>1.500</speed><sat>36</sat></trkpt>
  <trkpt lat="41.71562679" lon="26.35999435"><ele>87.116</ele><time>2026-10-08T13:19:10Z</time><speed>1.390</speed><sat>36</sat></trkpt>
  <trkpt lat="41.71563371" lon="26.35997980"><ele>87.311</ele><time>2026-10-08T13:19:11Z</time><speed>1.370</speed><sat>36</sat></trkpt>
  <trkpt lat="41.71564054" lon="26.35996212"><ele>88.353</ele><time>2026-10-08T13:19:12Z</time><speed>1.470</speed><sat>35</sat></trkpt>
  <trkpt lat="41.71564647" lon="26.35993952"><ele>88.280</ele><time>2026-10-08T13:19:13Z</time><speed>1.910</speed><sat>35</sat></trkpt>
  <trkpt lat="41.71564675" lon="26.35992310"><ele>88.598</ele><time>2026-10-08T13:19:14Z</time><speed>0.460</speed><sat>35</sat></trkpt>
  <trkpt lat="41.71564495" lon="26.35991029"><ele>89.155</ele><time>2026-10-08T13:19:15Z</time><speed>0.930</speed><sat>35</sat></trkpt>
  <trkpt lat="41.71564312" lon="26.35989275"><ele>88.815</ele><time>2026-10-08T13:19:16Z</time><speed>1.260</speed><sat>35</sat></trkpt>
  <trkpt lat="41.71564188" lon="26.35987472"><ele>88.572</ele><time>2026-10-08T13:19:17Z</time><speed>1.200</speed><sat>35</sat></trkpt>
  <trkpt lat="41.71563911" lon="26.35985813"><ele>88.056</ele><time>2026-10-08T13:19:18Z</time><speed>1.050</speed><sat>34</sat></trkpt>
  <trkpt lat="41.71563738" lon="26.35984460"><ele>87.949</ele><time>2026-10-08T13:19:19Z</time><speed>0.720</speed><sat>35</sat></trkpt>
  <trkpt lat="41.71563691" lon="26.35983226"><ele>88.184</ele><time>2026-10-08T13:19:20Z</time><speed>0.670</speed><sat>35</sat></trkpt>
  <trkpt lat="41.71563531" lon="26.35981846"><ele>88.138</ele><time>2026-10-08T13:19:21Z</time><speed>1.080</speed><sat>35</sat></trkpt>
  <trkpt lat="41.71563205" lon="26.35979945"><ele>87.633</ele><time>2026-10-08T13:19:22Z</time><speed>1.440</speed><sat>34</sat></trkpt>
  <trkpt lat="41.71562435" lon="26.35977301"><ele>87.195</ele><time>2026-10-08T13:19:23Z</time><speed>2.180</speed><sat>33</sat></trkpt>
  <trkpt lat="41.71561969" lon="26.35974582"><ele>87.470</ele><time>2026-10-08T13:19:24Z</time><speed>1.760</speed><sat>31</sat></trkpt>
  <trkpt lat="41.71562104" lon="26.35971936"><ele>87.811</ele><time>2026-10-08T13:19:25Z</time><speed>1.980</speed><sat>28</sat></trkpt>
  <trkpt lat="41.71561980" lon="26.35969462"><ele>85.800</ele><time>2026-10-08T13:19:26Z</time><speed>1.550</speed><sat>23</sat></trkpt>
  <trkpt lat="41.71561651" lon="26.35967478"><ele>85.742</ele><time>2026-10-08T13:19:27Z</time><speed>1.520</speed><sat>23</sat></trkpt>
  <trkpt lat="41.71561084" lon="26.35965425"><ele>86.202</ele><time>2026-10-08T13:19:28Z</time><speed>1.600</speed><sat>23</sat></trkpt>
  <trkpt lat="41.71560404" lon="26.35963510"><ele>86.614</ele><time>2026-10-08T13:19:29Z</time><speed>1.660</speed><sat>23</sat></trkpt>
  <trkpt lat="41.71560095" lon="26.35961607"><ele>85.699</ele><time>2026-10-08T13:19:30Z</time><speed>1.510</speed><sat>23</sat></trkpt>
  <trkpt lat="41.71560387" lon="26.35959744"><ele>86.364</ele><time>2026-10-08T13:19:31Z</time><speed>1.560</speed><sat>27</sat></trkpt>
  <trkpt lat="41.71561129" lon="26.35957920"><ele>86.466</ele><time>2026-10-08T13:19:32Z</time><speed>1.480</speed><sat>27</sat></trkpt>
  <trkpt lat="41.71562085" lon="26.35956361"><ele>86.007</ele><time>2026-10-08T13:19:33Z</time><speed>1.430</speed><sat>27</sat></trkpt>
  <trkpt lat="41.71562483" lon="26.35954685"><ele>86.533</ele><time>2026-10-08T13:19:34Z</time><speed>1.790</speed><sat>27</sat></trkpt>
  <trkpt lat="41.71562255" lon="26.35953169"><ele>87.383</ele><time>2026-10-08T13:19:35Z</time><speed>1.530</speed><sat>30</sat></trkpt>
  <trkpt lat="41.71561733" lon="26.35951742"><ele>86.722</ele><time>2026-10-08T13:19:36Z</time><speed>1.640</speed><sat>29</sat></trkpt>
  <trkpt lat="41.71561434" lon="26.35950349"><ele>87.138</ele><time>2026-10-08T13:19:37Z</time><speed>1.370</speed><sat>30</sat></trkpt>
  <trkpt lat="41.71561471" lon="26.35948812"><ele>87.745</ele><time>2026-10-08T13:19:38Z</time><speed>1.510</speed><sat>32</sat></trkpt>
  <trkpt lat="41.71561404" lon="26.35947135"><ele>87.511</ele><time>2026-10-08T13:19:39Z</time><speed>1.490</speed><sat>34</sat></trkpt>
  <trkpt lat="41.71561344" lon="26.35945415"><ele>86.304</ele><time>2026-10-08T13:19:40Z</time><speed>1.520</speed><sat>31</sat></trkpt>
  <trkpt lat="41.71561412" lon="26.35943777"><ele>86.749</ele><time>2026-10-08T13:19:41Z</time><speed>1.500</speed><sat>31</sat></trkpt>
  <trkpt lat="41.71561472" lon="26.35942436"><ele>87.887</ele><time>2026-10-08T13:19:42Z</time><speed>1.360</speed><sat>31</sat></trkpt>
  <trkpt lat="41.71561599" lon="26.35941310"><ele>87.731</ele><time>2026-10-08T13:19:43Z</time><speed>1.130</speed><sat>32</sat></trkpt>
  <trkpt lat="41.71561932" lon="26.35940157"><ele>88.171</ele><time>2026-10-08T13:19:44Z</time><speed>1.250</speed><sat>31</sat></trkpt>
  <trkpt lat="41.71562426" lon="26.35938939"><ele>88.718</ele><time>2026-10-08T13:19:45Z</time><speed>1.090</speed><sat>30</sat></trkpt>
  <trkpt lat="41.71562961" lon="26.35937602"><ele>88.818</ele><time>2026-10-08T13:19:46Z</time><speed>1.180</speed><sat>32</sat></trkpt>
  <trkpt lat="41.71563360" lon="26.35935846"><ele>88.747</ele><time>2026-10-08T13:19:47Z</time><speed>1.640</speed><sat>33</sat></trkpt>
  <trkpt lat="41.71563692" lon="26.35934218"><ele>88.978</ele><time>2026-10-08T13:19:48Z</time><speed>1.310</speed><sat>33</sat></trkpt>
  <trkpt lat="41.71563828" lon="26.35932855"><ele>89.192</ele><time>2026-10-08T13:19:49Z</time><speed>1.360</speed><sat>32</sat></trkpt>
  <trkpt lat="41.71564052" lon="26.35931394"><ele>89.646</ele><time>2026-10-08T13:19:50Z</time><speed>1.370</speed><sat>32</sat></trkpt>
  <trkpt lat="41.71564383" lon="26.35930141"><ele>90.441</ele><time>2026-10-08T13:19:51Z</time><speed>0.710</speed><sat>33</sat></trkpt>
  <trkpt lat="41.71565049" lon="26.35929354"><ele>90.098</ele><time>2026-10-08T13:19:52Z</time><speed>0.340</speed><sat>33</sat></trkpt>
  <trkpt lat="41.71565753" lon="26.35928341"><ele>89.522</ele><time>2026-10-08T13:19:53Z</time><speed>0.750</speed><sat>34</sat></trkpt>
  <trkpt lat="41.71566195" lon="26.35926680"><ele>89.399</ele><time>2026-10-08T13:19:54Z</time><speed>1.460</speed><sat>35</sat></trkpt>
  <trkpt lat="41.71566676" lon="26.35925062"><ele>88.775</ele><time>2026-10-08T13:19:55Z</time><speed>1.060</speed><sat>36</sat></trkpt>
  <trkpt lat="41.71567268" lon="26.35923311"><ele>88.626</ele><time>2026-10-08T13:19:56Z</time><speed>1.440</speed><sat>36</sat></trkpt>
  <trkpt lat="41.71568174" lon="26.35921808"><ele>87.993</ele><time>2026-10-08T13:19:57Z</time><speed>0.970</speed><sat>37</sat></trkpt>
  <trkpt lat="41.71569282" lon="26.35920617"><ele>87.475</ele><time>2026-10-08T13:19:58Z</time><speed>0.710</speed><sat>37</sat></trkpt>
  <trkpt lat="41.71570227" lon="26.35919452"><ele>87.297</ele><time>2026-10-08T13:19:59Z</time><speed>0.580</speed><sat>36</sat></trkpt>
  <trkpt lat="41.71571186" lon="26.35917932"><ele>87.085</ele><time>2026-10-08T13:20:00Z</time><speed>1.170</speed><sat>35</sat></trkpt>
  <trkpt lat="41.71572136" lon="26.35916285"><ele>87.427</ele><time>2026-10-08T13:20:01Z</time><speed>0.990</speed><sat>35</sat></trkpt>
  <trkpt lat="41.71573089" lon="26.35914491"><ele>88.006</ele><time>2026-10-08T13:20:02Z</time><speed>1.310</speed><sat>34</sat></trkpt>
  <trkpt lat="41.71574110" lon="26.35912748"><ele>88.142</ele><time>2026-10-08T13:20:03Z</time><speed>0.690</speed><sat>33</sat></trkpt>
  <trkpt lat="41.71574654" lon="26.35910931"><ele>88.169</ele><time>2026-10-08T13:20:04Z</time><speed>1.220</speed><sat>34</sat></trkpt>
  <trkpt lat="41.71574998" lon="26.35909469"><ele>88.060</ele><time>2026-10-08T13:20:05Z</time><speed>0.360</speed><sat>34</sat></trkpt>
  <trkpt lat="41.71575256" lon="26.35908507"><ele>87.658</ele><time>2026-10-08T13:20:06Z</time><speed>0.450</speed><sat>33</sat></trkpt>
  <trkpt lat="41.71575381" lon="26.35907478"><ele>89.019</ele><time>2026-10-08T13:20:07Z</time><speed>0.490</speed><sat>33</sat></trkpt>
  <trkpt lat="41.71574907" lon="26.35906138"><ele>88.558</ele><time>2026-10-08T13:20:08Z</time><speed>1.340</speed><sat>33</sat></trkpt>
  <trkpt lat="41.71574519" lon="26.35904743"><ele>88.555</ele><time>2026-10-08T13:20:09Z</time><speed>0.580</speed><sat>33</sat></trkpt>
  <trkpt lat="41.71574204" lon="26.35903513"><ele>88.054</ele><time>2026-10-08T13:20:10Z</time><speed>0.430</speed><sat>31</sat></trkpt>
  <trkpt lat="41.71573296" lon="26.35901797"><ele>88.505</ele><time>2026-10-08T13:20:11Z</time><speed>1.580</speed><sat>32</sat></trkpt>
  <trkpt lat="41.71572260" lon="26.35900074"><ele>88.288</ele><time>2026-10-08T13:20:12Z</time><speed>1.110</speed><sat>31</sat></trkpt>
  <trkpt lat="41.71571890" lon="26.35899072"><ele>88.770</ele><time>2026-10-08T13:20:13Z</time><speed>0.160</speed><sat>31</sat></trkpt>
  <trkpt lat="41.71572131" lon="26.35898140"><ele>89.130</ele><time>2026-10-08T13:20:14Z</time><speed>0.730</speed><sat>31</sat></trkpt>
  <trkpt lat="41.71572877" lon="26.35897016"><ele>88.506</ele><time>2026-10-08T13:20:15Z</time><speed>0.580</speed><sat>31</sat></trkpt>
  <trkpt lat="41.71573859" lon="26.35895834"><ele>88.433</ele><time>2026-10-08T13:20:16Z</time><speed>0.000</speed><sat>31</sat></trkpt>
  <trkpt lat="41.71574232" lon="26.35895316"><ele>88.410</ele><time>2026-10-08T13:20:17Z</time><speed>0.000</speed><sat>28</sat></trkpt>
  <trkpt lat="41.71574430" lon="26.35895059"><ele>88.388</ele><time>2026-10-08T13:20:18Z</time><speed>0.000</speed><sat>28</sat></trkpt>
  <trkpt lat="41.71574536" lon="26.35894934"><ele>88.368</ele><time>2026-10-08T13:20:19Z</time><speed>0.000</speed><sat>28</sat></trkpt>
  <trkpt lat="41.71574596" lon="26.35894880"><ele>88.350</ele><time>2026-10-08T13:20:20Z</time><speed>0.000</speed><sat>27</sat></trkpt>
  <trkpt lat="41.71574634" lon="26.35894855"><ele>88.348</ele><time>2026-10-08T13:20:21Z</time><speed>0.000</speed><sat>24</sat></trkpt>
  <trkpt lat="41.71574655" lon="26.35894850"><ele>88.354</ele><time>2026-10-08T13:20:22Z</time><speed>0.000</speed><sat>23</sat></trkpt>
  <trkpt lat="41.71574723" lon="26.35894556"><ele>88.295</ele><time>2026-10-08T13:20:23Z</time><speed>0.320</speed><sat>26</sat></trkpt>
  <trkpt lat="41.71574788" lon="26.35894406"><ele>88.430</ele><time>2026-10-08T13:20:24Z</time><speed>0.000</speed><sat>26</sat></trkpt>
  <trkpt lat="41.71574635" lon="26.35894080"><ele>87.953</ele><time>2026-10-08T13:20:25Z</time><speed>0.400</speed><sat>26</sat></trkpt>
  <trkpt lat="41.71574281" lon="26.35893488"><ele>87.908</ele><time>2026-10-08T13:20:26Z</time><speed>0.580</speed><sat>29</sat></trkpt>
  <trkpt lat="41.71573941" lon="26.35892346"><ele>87.825</ele><time>2026-10-08T13:20:27Z</time><speed>1.210</speed><sat>27</sat></trkpt>
  <trkpt lat="41.71573563" lon="26.35890779"><ele>87.718</ele><time>2026-10-08T13:20:28Z</time><speed>1.260</speed><sat>26</sat></trkpt>
  <trkpt lat="41.71573229" lon="26.35889185"><ele>87.799</ele><time>2026-10-08T13:20:29Z</time><speed>1.270</speed><sat>15</sat></trkpt>
  <trkpt lat="41.71572840" lon="26.35887623"><ele>87.605</ele><time>2026-10-08T13:20:30Z</time><speed>1.310</speed><sat>15</sat></trkpt>
  <trkpt lat="41.71572110" lon="26.35886453"><ele>87.456</ele><time>2026-10-08T13:20:31Z</time><speed>1.200</speed><sat>14</sat></trkpt>
  <trkpt lat="41.71571394" lon="26.35885337"><ele>87.409</ele><time>2026-10-08T13:20:32Z</time><speed>1.240</speed><sat>12</sat></trkpt>
  <trkpt lat="41.71570754" lon="26.35884097"><ele>87.346</ele><time>2026-10-08T13:20:33Z</time><speed>1.330</speed><sat>14</sat></trkpt>
  <trkpt lat="41.71570249" lon="26.35882872"><ele>87.446</ele><time>2026-10-08T13:20:34Z</time><speed>1.300</speed><sat>13</sat></trkpt>
  <trkpt lat="41.71569539" lon="26.35881824"><ele>87.391</ele><time>2026-10-08T13:20:35Z</time><speed>1.380</speed><sat>16</sat></trkpt>
  <trkpt lat="41.71569181" lon="26.35881269"><ele>87.413</ele><time>2026-10-08T13:20:36Z</time><speed>0.000</speed><sat>16</sat></trkpt>
  <trkpt lat="41.71569659" lon="26.35880177"><ele>87.048</ele><time>2026-10-08T13:20:37Z</time><speed>0.700</speed><sat>14</sat></trkpt>
  <trkpt lat="41.71570235" lon="26.35878475"><ele>87.037</ele><time>2026-10-08T13:20:38Z</time><speed>1.300</speed><sat>14</sat></trkpt>
  <trkpt lat="41.71570814" lon="26.35877343"><ele>87.001</ele><time>2026-10-08T13:20:39Z</time><speed>0.000</speed><sat>12</sat></trkpt>
  <trkpt lat="41.71571157" lon="26.35876943"><ele>86.999</ele><time>2026-10-08T13:20:40Z</time><sat>10</sat></trkpt>
  <trkpt lat="41.71571431" lon="26.35876623"><ele>86.997</ele><time>2026-10-08T13:20:41Z</time><sat>7</sat></trkpt>
  <trkpt lat="41.71570699" lon="26.35879188"><ele>86.848</ele><time>2026-10-08T13:20:42Z</time><speed>3.410</speed><sat>5</sat></trkpt>
  <trkpt lat="41.71569573" lon="26.35881608"><ele>86.845</ele><time>2026-10-08T13:20:43Z</time><speed>1.940</speed><sat>8</sat></trkpt>
  <trkpt lat="41.71569573" lon="26.35881460"><ele>86.873</ele><time>2026-10-08T13:20:44Z</time><speed>0.000</speed><sat>5</sat></trkpt>
  <trkpt lat="41.71569926" lon="26.35879897"><ele>86.944</ele><time>2026-10-08T13:20:45Z</time><speed>1.030</speed><sat>6</sat></trkpt>
  <trkpt lat="41.71570332" lon="26.35878938"><ele>86.843</ele><time>2026-10-08T13:20:46Z</time><speed>0.670</speed><sat>7</sat></trkpt>
  <trkpt lat="41.71571137" lon="26.35877803"><ele>86.675</ele><time>2026-10-08T13:20:47Z</time><sat>7</sat></trkpt>
  <trkpt lat="41.71572169" lon="26.35875771"><ele>86.362</ele><time>2026-10-08T13:20:48Z</time><sat>7</sat></trkpt>
  <trkpt lat="41.71573517" lon="26.35873780"><ele>86.053</ele><time>2026-10-08T13:20:49Z</time><sat>5</sat></trkpt>
  <trkpt lat="41.71576027" lon="26.35872102"><ele>85.767</ele><time>2026-10-08T13:20:50Z</time><speed>2.620</speed><sat>6</sat></trkpt>
  <trkpt lat="41.71577601" lon="26.35870038"><ele>86.456</ele><time>2026-10-08T13:20:51Z</time><speed>2.820</speed><sat>6</sat></trkpt>
  <trkpt lat="41.71578535" lon="26.35868176"><ele>86.783</ele><time>2026-10-08T13:20:52Z</time><speed>2.420</speed><sat>5</sat></trkpt>
  <trkpt lat="41.71579396" lon="26.35865156"><ele>86.817</ele><time>2026-10-08T13:20:53Z</time><speed>2.390</speed><sat>6</sat></trkpt>
  <trkpt lat="41.71581661" lon="26.35862693"><ele>85.443</ele><time>2026-10-08T13:20:54Z</time><speed>2.360</speed><sat>7</sat></trkpt>
  <trkpt lat="41.71583636" lon="26.35862701"><ele>83.538</ele><time>2026-10-08T13:20:55Z</time><speed>2.110</speed><sat>9</sat></trkpt>
  <trkpt lat="41.71585014" lon="26.35861676"><ele>82.998</ele><time>2026-10-08T13:20:56Z</time><speed>1.420</speed><sat>12</sat></trkpt>
  <trkpt lat="41.71586353" lon="26.35858821"><ele>83.606</ele><time>2026-10-08T13:20:57Z</time><speed>1.040</speed><sat>13</sat></trkpt>
  <trkpt lat="41.71587385" lon="26.35855209"><ele>84.817</ele><time>2026-10-08T13:20:58Z</time><speed>0.660</speed><sat>21</sat></trkpt>
  <trkpt lat="41.71588705" lon="26.35851886"><ele>87.211</ele><time>2026-10-08T13:20:59Z</time><speed>0.530</speed><sat>25</sat></trkpt>
  <trkpt lat="41.71589920" lon="26.35849017"><ele>88.090</ele><time>2026-10-08T13:21:00Z</time><speed>0.770</speed><sat>27</sat></trkpt>
  <trkpt lat="41.71591586" lon="26.35846432"><ele>87.730</ele><time>2026-10-08T13:21:01Z</time><speed>0.990</speed><sat>27</sat></trkpt>
  <trkpt lat="41.71593365" lon="26.35844047"><ele>88.196</ele><time>2026-10-08T13:21:02Z</time><speed>0.970</speed><sat>29</sat></trkpt>
  <trkpt lat="41.71595261" lon="26.35842419"><ele>90.149</ele><time>2026-10-08T13:21:03Z</time><speed>1.150</speed><sat>29</sat></trkpt>
  <trkpt lat="41.71597319" lon="26.35841679"><ele>92.684</ele><time>2026-10-08T13:21:04Z</time><speed>1.370</speed><sat>31</sat></trkpt>
  <trkpt lat="41.71598669" lon="26.35841264"><ele>90.777</ele><time>2026-10-08T13:21:05Z</time><speed>1.410</speed><sat>32</sat></trkpt>
  <trkpt lat="41.71600018" lon="26.35840947"><ele>91.669</ele><time>2026-10-08T13:21:06Z</time><speed>1.560</speed><sat>30</sat></trkpt>
  <trkpt lat="41.71601258" lon="26.35840788"><ele>91.277</ele><time>2026-10-08T13:21:07Z</time><speed>1.700</speed><sat>32</sat></trkpt>
  <trkpt lat="41.71602935" lon="26.35840760"><ele>91.241</ele><time>2026-10-08T13:21:08Z</time><speed>2.010</speed><sat>32</sat></trkpt>
  <trkpt lat="41.71604288" lon="26.35840566"><ele>90.288</ele><time>2026-10-08T13:21:09Z</time><speed>1.560</speed><sat>31</sat></trkpt>
  <trkpt lat="41.71604666" lon="26.35839905"><ele>88.852</ele><time>2026-10-08T13:21:10Z</time><speed>0.310</speed><sat>31</sat></trkpt>
  <trkpt lat="41.71604857" lon="26.35839205"><ele>89.776</ele><time>2026-10-08T13:21:11Z</time><speed>0.520</speed><sat>31</sat></trkpt>
  <trkpt lat="41.71604881" lon="26.35838119"><ele>90.563</ele><time>2026-10-08T13:21:12Z</time><speed>0.240</speed><sat>31</sat></trkpt>
  <trkpt lat="41.71604741" lon="26.35836443"><ele>90.300</ele><time>2026-10-08T13:21:13Z</time><speed>0.780</speed><sat>32</sat></trkpt>
  <trkpt lat="41.71604858" lon="26.35834234"><ele>91.021</ele><time>2026-10-08T13:21:14Z</time><speed>1.160</speed><sat>33</sat></trkpt>
  <trkpt lat="41.71605045" lon="26.35831950"><ele>90.892</ele><time>2026-10-08T13:21:15Z</time><speed>1.310</speed><sat>33</sat></trkpt>
  <trkpt lat="41.71605220" lon="26.35830304"><ele>90.635</ele><time>2026-10-08T13:21:16Z</time><speed>0.220</speed><sat>31</sat></trkpt>
  <trkpt lat="41.71605671" lon="26.35828831"><ele>90.346</ele><time>2026-10-08T13:21:17Z</time><speed>0.950</speed><sat>32</sat></trkpt>
  <trkpt lat="41.71606723" lon="26.35827546"><ele>90.001</ele><time>2026-10-08T13:21:18Z</time><speed>1.450</speed><sat>31</sat></trkpt>
  <trkpt lat="41.71608216" lon="26.35826302"><ele>89.307</ele><time>2026-10-08T13:21:19Z</time><speed>1.910</speed><sat>27</sat></trkpt>
  <trkpt lat="41.71609626" lon="26.35824555"><ele>88.673</ele><time>2026-10-08T13:21:20Z</time><speed>1.750</speed><sat>26</sat></trkpt>
  <trkpt lat="41.71610764" lon="26.35823194"><ele>88.240</ele><time>2026-10-08T13:21:21Z</time><speed>1.350</speed><sat>25</sat></trkpt>
  <trkpt lat="41.71611404" lon="26.35821197"><ele>86.827</ele><time>2026-10-08T13:21:22Z</time><speed>1.120</speed><sat>25</sat></trkpt>
  <trkpt lat="41.71612109" lon="26.35818580"><ele>86.914</ele><time>2026-10-08T13:21:23Z</time><speed>2.090</speed><sat>27</sat></trkpt>
  <trkpt lat="41.71612721" lon="26.35815584"><ele>86.961</ele><time>2026-10-08T13:21:24Z</time><speed>1.860</speed><sat>26</sat></trkpt>
  <trkpt lat="41.71613131" lon="26.35812776"><ele>86.777</ele><time>2026-10-08T13:21:25Z</time><speed>1.880</speed><sat>26</sat></trkpt>
  <trkpt lat="41.71613933" lon="26.35810594"><ele>87.744</ele><time>2026-10-08T13:21:26Z</time><speed>1.410</speed><sat>26</sat></trkpt>
  <trkpt lat="41.71614270" lon="26.35809081"><ele>86.062</ele><time>2026-10-08T13:21:27Z</time><speed>1.050</speed><sat>28</sat></trkpt>
  <trkpt lat="41.71614611" lon="26.35806994"><ele>85.618</ele><time>2026-10-08T13:21:28Z</time><speed>2.160</speed><sat>29</sat></trkpt>
  <trkpt lat="41.71615118" lon="26.35804184"><ele>85.669</ele><time>2026-10-08T13:21:29Z</time><speed>2.380</speed><sat>27</sat></trkpt>
  <trkpt lat="41.71615509" lon="26.35801601"><ele>85.243</ele><time>2026-10-08T13:21:30Z</time><speed>1.990</speed><sat>27</sat></trkpt>
  <trkpt lat="41.71615539" lon="26.35799611"><ele>85.054</ele><time>2026-10-08T13:21:31Z</time><speed>1.570</speed><sat>27</sat></trkpt>
  <trkpt lat="41.71615669" lon="26.35798003"><ele>85.709</ele><time>2026-10-08T13:21:32Z</time><speed>0.440</speed><sat>27</sat></trkpt>
  <trkpt lat="41.71615603" lon="26.35796672"><ele>86.152</ele><time>2026-10-08T13:21:33Z</time><speed>0.840</speed><sat>27</sat></trkpt>
  <trkpt lat="41.71615484" lon="26.35795191"><ele>85.982</ele><time>2026-10-08T13:21:34Z</time><speed>1.100</speed><sat>29</sat></trkpt>
  <trkpt lat="41.71615842" lon="26.35793591"><ele>86.606</ele><time>2026-10-08T13:21:35Z</time><speed>1.440</speed><sat>29</sat></trkpt>
  <trkpt lat="41.71615999" lon="26.35791567"><ele>85.921</ele><time>2026-10-08T13:21:36Z</time><speed>1.470</speed><sat>29</sat></trkpt>
  <trkpt lat="41.71616145" lon="26.35789464"><ele>85.949</ele><time>2026-10-08T13:21:37Z</time><speed>1.640</speed><sat>29</sat></trkpt>
  <trkpt lat="41.71616474" lon="26.35787821"><ele>85.729</ele><time>2026-10-08T13:21:38Z</time><speed>1.110</speed><sat>29</sat></trkpt>
  <trkpt lat="41.71616236" lon="26.35786365"><ele>83.008</ele><time>2026-10-08T13:21:39Z</time><speed>1.280</speed><sat>27</sat></trkpt>
  <trkpt lat="41.71616452" lon="26.35784941"><ele>82.849</ele><time>2026-10-08T13:21:40Z</time><speed>1.180</speed><sat>26</sat></trkpt>
  <trkpt lat="41.71616857" lon="26.35783715"><ele>82.602</ele><time>2026-10-08T13:21:41Z</time><speed>1.050</speed><sat>27</sat></trkpt>
  <trkpt lat="41.71617316" lon="26.35783024"><ele>84.124</ele><time>2026-10-08T13:21:42Z</time><speed>0.340</speed><sat>28</sat></trkpt>
  <trkpt lat="41.71617832" lon="26.35782535"><ele>83.982</ele><time>2026-10-08T13:21:43Z</time><speed>0.590</speed><sat>30</sat></trkpt>
  <trkpt lat="41.71618884" lon="26.35781316"><ele>83.814</ele><time>2026-10-08T13:21:44Z</time><speed>1.860</speed><sat>30</sat></trkpt>
  <trkpt lat="41.71619871" lon="26.35779466"><ele>84.298</ele><time>2026-10-08T13:21:45Z</time><speed>1.760</speed><sat>30</sat></trkpt>
  <trkpt lat="41.71620667" lon="26.35777323"><ele>84.429</ele><time>2026-10-08T13:21:46Z</time><speed>2.020</speed><sat>30</sat></trkpt>
  <trkpt lat="41.71621280" lon="26.35775046"><ele>84.512</ele><time>2026-10-08T13:21:47Z</time><speed>1.940</speed><sat>30</sat></trkpt>
  <trkpt lat="41.71621679" lon="26.35773106"><ele>84.325</ele><time>2026-10-08T13:21:48Z</time><speed>1.510</speed><sat>29</sat></trkpt>
  <trkpt lat="41.71621785" lon="26.35770544"><ele>82.284</ele><time>2026-10-08T13:21:49Z</time><speed>1.460</speed><sat>27</sat></trkpt>
  <trkpt lat="41.71622090" lon="26.35768129"><ele>84.456</ele><time>2026-10-08T13:21:50Z</time><speed>1.320</speed><sat>27</sat></trkpt>
  <trkpt lat="41.71622185" lon="26.35765967"><ele>85.022</ele><time>2026-10-08T13:21:51Z</time><speed>1.230</speed><sat>31</sat></trkpt>
  <trkpt lat="41.71622167" lon="26.35763931"><ele>84.457</ele><time>2026-10-08T13:21:52Z</time><speed>1.180</speed><sat>31</sat></trkpt>
  <trkpt lat="41.71622423" lon="26.35762392"><ele>84.813</ele><time>2026-10-08T13:21:53Z</time><speed>1.000</speed><sat>31</sat></trkpt>
  <trkpt lat="41.71622714" lon="26.35760952"><ele>84.272</ele><time>2026-10-08T13:21:54Z</time><speed>0.980</speed><sat>32</sat></trkpt>
  <trkpt lat="41.71623016" lon="26.35759581"><ele>84.278</ele><time>2026-10-08T13:21:55Z</time><speed>0.550</speed><sat>32</sat></trkpt>
  <trkpt lat="41.71623567" lon="26.35758225"><ele>84.296</ele><time>2026-10-08T13:21:56Z</time><speed>0.820</speed><sat>32</sat></trkpt>
  <trkpt lat="41.71624073" lon="26.35756385"><ele>84.395</ele><time>2026-10-08T13:21:57Z</time><speed>1.450</speed><sat>33</sat></trkpt>
  <trkpt lat="41.71624205" lon="26.35754206"><ele>84.317</ele><time>2026-10-08T13:21:58Z</time><speed>1.450</speed><sat>33</sat></trkpt>
  <trkpt lat="41.71623972" lon="26.35752195"><ele>84.342</ele><time>2026-10-08T13:21:59Z</time><speed>1.430</speed><sat>33</sat></trkpt>
  <trkpt lat="41.71623652" lon="26.35750342"><ele>84.186</ele><time>2026-10-08T13:22:00Z</time><speed>1.410</speed><sat>33</sat></trkpt>
  <trkpt lat="41.71623181" lon="26.35748157"><ele>83.008</ele><time>2026-10-08T13:22:01Z</time><speed>1.670</speed><sat>33</sat></trkpt>
  <trkpt lat="41.71622676" lon="26.35745787"><ele>82.733</ele><time>2026-10-08T13:22:02Z</time><speed>1.860</speed><sat>32</sat></trkpt>
  <trkpt lat="41.71622257" lon="26.35744083"><ele>83.488</ele><time>2026-10-08T13:22:03Z</time><speed>1.430</speed><sat>32</sat></trkpt>
  <trkpt lat="41.71622368" lon="26.35742976"><ele>83.392</ele><time>2026-10-08T13:22:04Z</time><speed>0.450</speed><sat>32</sat></trkpt>
  <trkpt lat="41.71623052" lon="26.35741701"><ele>84.561</ele><time>2026-10-08T13:22:05Z</time><speed>0.900</speed><sat>33</sat></trkpt>
  <trkpt lat="41.71624210" lon="26.35740285"><ele>85.365</ele><time>2026-10-08T13:22:06Z</time><speed>1.000</speed><sat>34</sat></trkpt>
  <trkpt lat="41.71625165" lon="26.35738736"><ele>84.289</ele><time>2026-10-08T13:22:07Z</time><speed>1.070</speed><sat>35</sat></trkpt>
  <trkpt lat="41.71626172" lon="26.35737258"><ele>84.453</ele><time>2026-10-08T13:22:08Z</time><speed>0.740</speed><sat>35</sat></trkpt>
  <trkpt lat="41.71626846" lon="26.35735513"><ele>84.655</ele><time>2026-10-08T13:22:09Z</time><speed>1.170</speed><sat>35</sat></trkpt>
  <trkpt lat="41.71627618" lon="26.35733993"><ele>85.564</ele><time>2026-10-08T13:22:10Z</time><speed>1.070</speed><sat>34</sat></trkpt>
  <trkpt lat="41.71628883" lon="26.35732664"><ele>87.120</ele><time>2026-10-08T13:22:11Z</time><speed>1.320</speed><sat>34</sat></trkpt>
  <trkpt lat="41.71630110" lon="26.35731631"><ele>86.777</ele><time>2026-10-08T13:22:12Z</time><speed>1.020</speed><sat>35</sat></trkpt>
  <trkpt lat="41.71631167" lon="26.35730828"><ele>86.606</ele><time>2026-10-08T13:22:13Z</time><speed>1.010</speed><sat>33</sat></trkpt>
  <trkpt lat="41.71631800" lon="26.35729450"><ele>86.947</ele><time>2026-10-08T13:22:14Z</time><speed>1.200</speed><sat>33</sat></trkpt>
  <trkpt lat="41.71632406" lon="26.35728376"><ele>87.682</ele><time>2026-10-08T13:22:15Z</time><speed>0.590</speed><sat>33</sat></trkpt>
  <trkpt lat="41.71633094" lon="26.35727923"><ele>87.561</ele><time>2026-10-08T13:22:16Z</time><speed>0.490</speed><sat>33</sat></trkpt>
  <trkpt lat="41.71633671" lon="26.35727683"><ele>87.652</ele><time>2026-10-08T13:22:17Z</time><speed>0.200</speed><sat>34</sat></trkpt>
  <trkpt lat="41.71634067" lon="26.35727550"><ele>88.291</ele><time>2026-10-08T13:22:18Z</time><speed>0.200</speed><sat>34</sat></trkpt>
  <trkpt lat="41.71634408" lon="26.35727439"><ele>88.609</ele><time>2026-10-08T13:22:19Z</time><speed>0.000</speed><sat>34</sat></trkpt>
  <trkpt lat="41.71634897" lon="26.35727252"><ele>88.639</ele><time>2026-10-08T13:22:20Z</time><speed>0.000</speed><sat>34</sat></trkpt>
  <trkpt lat="41.71635115" lon="26.35726959"><ele>88.715</ele><time>2026-10-08T13:22:21Z</time><speed>0.000</speed><sat>34</sat></trkpt>
  <trkpt lat="41.71635593" lon="26.35726660"><ele>89.023</ele><time>2026-10-08T13:22:22Z</time><speed>0.390</speed><sat>34</sat></trkpt>
  <trkpt lat="41.71636270" lon="26.35725934"><ele>89.119</ele><time>2026-10-08T13:22:23Z</time><speed>0.910</speed><sat>34</sat></trkpt>
  <trkpt lat="41.71636925" lon="26.35725170"><ele>89.446</ele><time>2026-10-08T13:22:24Z</time><speed>0.620</speed><sat>33</sat></trkpt>
  <trkpt lat="41.71637683" lon="26.35724133"><ele>89.885</ele><time>2026-10-08T13:22:25Z</time><speed>1.370</speed><sat>33</sat></trkpt>
  <trkpt lat="41.71638284" lon="26.35722587"><ele>89.314</ele><time>2026-10-08T13:22:26Z</time><speed>1.150</speed><sat>33</sat></trkpt>
  <trkpt lat="41.71639057" lon="26.35721291"><ele>89.049</ele><time>2026-10-08T13:22:27Z</time><speed>1.300</speed><sat>33</sat></trkpt>
  <trkpt lat="41.71639871" lon="26.35720304"><ele>88.827</ele><time>2026-10-08T13:22:28Z</time><speed>0.730</speed><sat>33</sat></trkpt>
  <trkpt lat="41.71640423" lon="26.35719488"><ele>88.496</ele><time>2026-10-08T13:22:29Z</time><speed>0.600</speed><sat>33</sat></trkpt>
  <trkpt lat="41.71640960" lon="26.35718421"><ele>88.577</ele><time>2026-10-08T13:22:30Z</time><speed>0.810</speed><sat>33</sat></trkpt>
  <trkpt lat="41.71641477" lon="26.35717291"><ele>88.827</ele><time>2026-10-08T13:22:31Z</time><speed>0.640</speed><sat>33</sat></trkpt>
  <trkpt lat="41.71641778" lon="26.35716206"><ele>89.180</ele><time>2026-10-08T13:22:32Z</time><speed>0.390</speed><sat>33</sat></trkpt>
  <trkpt lat="41.71641600" lon="26.35715257"><ele>88.936</ele><time>2026-10-08T13:22:33Z</time><speed>0.220</speed><sat>33</sat></trkpt>
  <trkpt lat="41.71640858" lon="26.35714365"><ele>89.112</ele><time>2026-10-08T13:22:34Z</time><speed>0.510</speed><sat>33</sat></trkpt>
  <trkpt lat="41.71639772" lon="26.35713230"><ele>89.085</ele><time>2026-10-08T13:22:35Z</time><speed>0.770</speed><sat>33</sat></trkpt>
  <trkpt lat="41.71638766" lon="26.35712064"><ele>89.604</ele><time>2026-10-08T13:22:36Z</time><speed>0.570</speed><sat>33</sat></trkpt>
  <trkpt lat="41.71637996" lon="26.35710955"><ele>90.172</ele><time>2026-10-08T13:22:37Z</time><speed>0.600</speed><sat>28</sat></trkpt>
  <trkpt lat="41.71637276" lon="26.35709340"><ele>88.605</ele><time>2026-10-08T13:22:38Z</time><speed>1.270</speed><sat>28</sat></trkpt>
  <trkpt lat="41.71636789" lon="26.35707355"><ele>88.414</ele><time>2026-10-08T13:22:39Z</time><speed>1.280</speed><sat>26</sat></trkpt>
  <trkpt lat="41.71636568" lon="26.35705471"><ele>88.486</ele><time>2026-10-08T13:22:40Z</time><speed>1.180</speed><sat>25</sat></trkpt>
  <trkpt lat="41.71636241" lon="26.35703188"><ele>87.674</ele><time>2026-10-08T13:22:41Z</time><speed>1.750</speed><sat>25</sat></trkpt>
  <trkpt lat="41.71635953" lon="26.35700766"><ele>88.352</ele><time>2026-10-08T13:22:42Z</time><speed>1.550</speed><sat>24</sat></trkpt>
  <trkpt lat="41.71635591" lon="26.35698533"><ele>88.631</ele><time>2026-10-08T13:22:43Z</time><speed>1.510</speed><sat>26</sat></trkpt>
  <trkpt lat="41.71635389" lon="26.35696170"><ele>88.697</ele><time>2026-10-08T13:22:44Z</time><speed>1.830</speed><sat>26</sat></trkpt>
  <trkpt lat="41.71635196" lon="26.35693774"><ele>88.763</ele><time>2026-10-08T13:22:45Z</time><speed>1.760</speed><sat>26</sat></trkpt>
  <trkpt lat="41.71634872" lon="26.35691905"><ele>88.016</ele><time>2026-10-08T13:22:46Z</time><speed>1.140</speed><sat>26</sat></trkpt>
  <trkpt lat="41.71634370" lon="26.35690067"><ele>87.591</ele><time>2026-10-08T13:22:47Z</time><speed>1.530</speed><sat>25</sat></trkpt>
  <trkpt lat="41.71633792" lon="26.35688076"><ele>86.522</ele><time>2026-10-08T13:22:48Z</time><speed>1.580</speed><sat>25</sat></trkpt>
  <trkpt lat="41.71632981" lon="26.35686582"><ele>86.015</ele><time>2026-10-08T13:22:49Z</time><speed>1.500</speed><sat>22</sat></trkpt>
  <trkpt lat="41.71632668" lon="26.35684942"><ele>84.888</ele><time>2026-10-08T13:22:50Z</time><speed>1.460</speed><sat>22</sat></trkpt>
  <trkpt lat="41.71632380" lon="26.35682686"><ele>86.031</ele><time>2026-10-08T13:22:51Z</time><speed>1.800</speed><sat>22</sat></trkpt>
  <trkpt lat="41.71632455" lon="26.35680113"><ele>86.016</ele><time>2026-10-08T13:22:52Z</time><speed>1.860</speed><sat>21</sat></trkpt>
  <trkpt lat="41.71632797" lon="26.35677840"><ele>87.657</ele><time>2026-10-08T13:22:53Z</time><speed>1.670</speed><sat>22</sat></trkpt>
  <trkpt lat="41.71633338" lon="26.35675878"><ele>87.355</ele><time>2026-10-08T13:22:54Z</time><speed>1.500</speed><sat>22</sat></trkpt>
  <trkpt lat="41.71633956" lon="26.35673899"><ele>87.661</ele><time>2026-10-08T13:22:55Z</time><speed>1.670</speed><sat>21</sat></trkpt>
  <trkpt lat="41.71634690" lon="26.35672422"><ele>87.843</ele><time>2026-10-08T13:22:56Z</time><speed>1.020</speed><sat>21</sat></trkpt>
  <trkpt lat="41.71635376" lon="26.35670988"><ele>87.644</ele><time>2026-10-08T13:22:57Z</time><speed>1.490</speed><sat>21</sat></trkpt>
  <trkpt lat="41.71636032" lon="26.35669332"><ele>87.560</ele><time>2026-10-08T13:22:58Z</time><speed>1.490</speed><sat>21</sat></trkpt>
  <trkpt lat="41.71636615" lon="26.35667333"><ele>87.360</ele><time>2026-10-08T13:22:59Z</time><speed>1.800</speed><sat>20</sat></trkpt>
  <trkpt lat="41.71637547" lon="26.35664923"><ele>87.005</ele><time>2026-10-08T13:23:00Z</time><speed>2.350</speed><sat>20</sat></trkpt>
  <trkpt lat="41.71638472" lon="26.35662477"><ele>87.357</ele><time>2026-10-08T13:23:01Z</time><speed>1.770</speed><sat>20</sat></trkpt>
  <trkpt lat="41.71638953" lon="26.35660309"><ele>87.227</ele><time>2026-10-08T13:23:02Z</time><speed>1.730</speed><sat>20</sat></trkpt>
  <trkpt lat="41.71639299" lon="26.35658073"><ele>87.968</ele><time>2026-10-08T13:23:03Z</time><speed>1.930</speed><sat>22</sat></trkpt>
  <trkpt lat="41.71639184" lon="26.35655847"><ele>87.981</ele><time>2026-10-08T13:23:04Z</time><speed>1.990</speed><sat>23</sat></trkpt>
  <trkpt lat="41.71638670" lon="26.35653785"><ele>87.749</ele><time>2026-10-08T13:23:05Z</time><speed>2.050</speed><sat>24</sat></trkpt>
  <trkpt lat="41.71637704" lon="26.35652009"><ele>86.744</ele><time>2026-10-08T13:23:06Z</time><speed>2.140</speed><sat>24</sat></trkpt>
  <trkpt lat="41.71636645" lon="26.35650391"><ele>86.055</ele><time>2026-10-08T13:23:07Z</time><speed>2.250</speed><sat>24</sat></trkpt>
  <trkpt lat="41.71635527" lon="26.35648843"><ele>85.442</ele><time>2026-10-08T13:23:08Z</time><speed>2.240</speed><sat>24</sat></trkpt>
  <trkpt lat="41.71635439" lon="26.35647470"><ele>86.428</ele><time>2026-10-08T13:23:09Z</time><speed>1.400</speed><sat>23</sat></trkpt>
  <trkpt lat="41.71635601" lon="26.35646033"><ele>86.638</ele><time>2026-10-08T13:23:10Z</time><speed>1.630</speed><sat>23</sat></trkpt>
  <trkpt lat="41.71636509" lon="26.35644553"><ele>87.253</ele><time>2026-10-08T13:23:11Z</time><speed>1.560</speed><sat>23</sat></trkpt>
  <trkpt lat="41.71637456" lon="26.35642648"><ele>85.655</ele><time>2026-10-08T13:23:12Z</time><speed>1.740</speed><sat>23</sat></trkpt>
  <trkpt lat="41.71638281" lon="26.35640395"><ele>86.385</ele><time>2026-10-08T13:23:13Z</time><speed>2.010</speed><sat>23</sat></trkpt>
  <trkpt lat="41.71638529" lon="26.35637997"><ele>86.303</ele><time>2026-10-08T13:23:14Z</time><speed>2.190</speed><sat>23</sat></trkpt>
  <trkpt lat="41.71638396" lon="26.35635648"><ele>86.088</ele><time>2026-10-08T13:23:15Z</time><speed>2.100</speed><sat>23</sat></trkpt>
  <trkpt lat="41.71638048" lon="26.35633380"><ele>86.005</ele><time>2026-10-08T13:23:16Z</time><speed>2.130</speed><sat>23</sat></trkpt>
  <trkpt lat="41.71637757" lon="26.35631082"><ele>85.861</ele><time>2026-10-08T13:23:17Z</time><speed>2.120</speed><sat>23</sat></trkpt>
  <trkpt lat="41.71637653" lon="26.35628795"><ele>85.620</ele><time>2026-10-08T13:23:18Z</time><speed>2.080</speed><sat>23</sat></trkpt>
  <trkpt lat="41.71637572" lon="26.35626690"><ele>85.259</ele><time>2026-10-08T13:23:19Z</time><speed>1.980</speed><sat>23</sat></trkpt>
  <trkpt lat="41.71637278" lon="26.35624503"><ele>84.846</ele><time>2026-10-08T13:23:20Z</time><speed>2.060</speed><sat>21</sat></trkpt>
  <trkpt lat="41.71637055" lon="26.35622371"><ele>84.505</ele><time>2026-10-08T13:23:21Z</time><speed>2.020</speed><sat>21</sat></trkpt>
  <trkpt lat="41.71637817" lon="26.35621136"><ele>85.313</ele><time>2026-10-08T13:23:22Z</time><speed>1.100</speed><sat>21</sat></trkpt>
  <trkpt lat="41.71638301" lon="26.35619867"><ele>84.799</ele><time>2026-10-08T13:23:23Z</time><speed>1.550</speed><sat>22</sat></trkpt>
  <trkpt lat="41.71638654" lon="26.35618158"><ele>85.073</ele><time>2026-10-08T13:23:24Z</time><speed>1.590</speed><sat>21</sat></trkpt>
  <trkpt lat="41.71639022" lon="26.35616300"><ele>84.906</ele><time>2026-10-08T13:23:25Z</time><speed>1.650</speed><sat>20</sat></trkpt>
  <trkpt lat="41.71639931" lon="26.35614269"><ele>85.355</ele><time>2026-10-08T13:23:26Z</time><speed>1.810</speed><sat>19</sat></trkpt>
  <trkpt lat="41.71641381" lon="26.35612384"><ele>85.692</ele><time>2026-10-08T13:23:27Z</time><speed>1.620</speed><sat>19</sat></trkpt>
  <trkpt lat="41.71643871" lon="26.35610965"><ele>85.146</ele><time>2026-10-08T13:23:28Z</time><speed>2.150</speed><sat>19</sat></trkpt>
  <trkpt lat="41.71645809" lon="26.35609706"><ele>85.064</ele><time>2026-10-08T13:23:29Z</time><speed>1.510</speed><sat>17</sat></trkpt>
  <trkpt lat="41.71648007" lon="26.35608724"><ele>87.281</ele><time>2026-10-08T13:23:30Z</time><speed>2.010</speed><sat>17</sat></trkpt>
  <trkpt lat="41.71650249" lon="26.35607675"><ele>85.142</ele><time>2026-10-08T13:23:31Z</time><speed>1.940</speed><sat>20</sat></trkpt>
  <trkpt lat="41.71651772" lon="26.35606802"><ele>85.037</ele><time>2026-10-08T13:23:32Z</time><speed>1.320</speed><sat>24</sat></trkpt>
  <trkpt lat="41.71652639" lon="26.35605865"><ele>85.262</ele><time>2026-10-08T13:23:33Z</time><speed>1.490</speed><sat>24</sat></trkpt>
  <trkpt lat="41.71653170" lon="26.35604751"><ele>84.940</ele><time>2026-10-08T13:23:34Z</time><speed>1.460</speed><sat>24</sat></trkpt>
  <trkpt lat="41.71653518" lon="26.35603599"><ele>84.604</ele><time>2026-10-08T13:23:35Z</time><speed>1.460</speed><sat>25</sat></trkpt>
  <trkpt lat="41.71654277" lon="26.35602334"><ele>85.452</ele><time>2026-10-08T13:23:36Z</time><speed>1.920</speed><sat>25</sat></trkpt>
  <trkpt lat="41.71655250" lon="26.35601141"><ele>85.683</ele><time>2026-10-08T13:23:37Z</time><speed>1.610</speed><sat>27</sat></trkpt>
  <trkpt lat="41.71656059" lon="26.35600094"><ele>85.320</ele><time>2026-10-08T13:23:38Z</time><speed>1.540</speed><sat>26</sat></trkpt>
  <trkpt lat="41.71657028" lon="26.35598830"><ele>84.940</ele><time>2026-10-08T13:23:39Z</time><speed>1.860</speed><sat>26</sat></trkpt>
  <trkpt lat="41.71658185" lon="26.35597591"><ele>84.947</ele><time>2026-10-08T13:23:40Z</time><speed>1.710</speed><sat>27</sat></trkpt>
  <trkpt lat="41.71659782" lon="26.35596246"><ele>86.735</ele><time>2026-10-08T13:23:41Z</time><speed>1.810</speed><sat>27</sat></trkpt>
  <trkpt lat="41.71660702" lon="26.35594872"><ele>85.045</ele><time>2026-10-08T13:23:42Z</time><speed>1.860</speed><sat>28</sat></trkpt>
  <trkpt lat="41.71661115" lon="26.35593553"><ele>84.911</ele><time>2026-10-08T13:23:43Z</time><speed>1.660</speed><sat>28</sat></trkpt>
  <trkpt lat="41.71661233" lon="26.35592145"><ele>85.301</ele><time>2026-10-08T13:23:44Z</time><speed>1.740</speed><sat>28</sat></trkpt>
  <trkpt lat="41.71661624" lon="26.35591243"><ele>85.903</ele><time>2026-10-08T13:23:45Z</time><speed>0.980</speed><sat>29</sat></trkpt>
  <trkpt lat="41.71662239" lon="26.35590071"><ele>84.631</ele><time>2026-10-08T13:23:46Z</time><speed>1.680</speed><sat>29</sat></trkpt>
  <trkpt lat="41.71662935" lon="26.35588476"><ele>84.285</ele><time>2026-10-08T13:23:47Z</time><speed>1.630</speed><sat>29</sat></trkpt>
  <trkpt lat="41.71663440" lon="26.35586898"><ele>84.370</ele><time>2026-10-08T13:23:48Z</time><speed>1.630</speed><sat>29</sat></trkpt>
  <trkpt lat="41.71664120" lon="26.35585367"><ele>83.362</ele><time>2026-10-08T13:23:49Z</time><speed>1.480</speed><sat>28</sat></trkpt>
  <trkpt lat="41.71664679" lon="26.35583549"><ele>83.052</ele><time>2026-10-08T13:23:50Z</time><speed>1.930</speed><sat>27</sat></trkpt>
  <trkpt lat="41.71664897" lon="26.35581573"><ele>82.901</ele><time>2026-10-08T13:23:51Z</time><speed>1.850</speed><sat>27</sat></trkpt>
  <trkpt lat="41.71665034" lon="26.35579955"><ele>82.578</ele><time>2026-10-08T13:23:52Z</time><speed>1.470</speed><sat>27</sat></trkpt>
  <trkpt lat="41.71665419" lon="26.35578633"><ele>83.293</ele><time>2026-10-08T13:23:53Z</time><speed>1.240</speed><sat>26</sat></trkpt>
  <trkpt lat="41.71666160" lon="26.35577793"><ele>84.600</ele><time>2026-10-08T13:23:54Z</time><speed>0.970</speed><sat>28</sat></trkpt>
  <trkpt lat="41.71666892" lon="26.35576582"><ele>83.926</ele><time>2026-10-08T13:23:55Z</time><speed>1.610</speed><sat>29</sat></trkpt>
  <trkpt lat="41.71667701" lon="26.35574914"><ele>83.883</ele><time>2026-10-08T13:23:56Z</time><speed>1.680</speed><sat>30</sat></trkpt>
  <trkpt lat="41.71668318" lon="26.35573079"><ele>84.627</ele><time>2026-10-08T13:23:57Z</time><speed>1.790</speed><sat>31</sat></trkpt>
  <trkpt lat="41.71668294" lon="26.35571058"><ele>84.189</ele><time>2026-10-08T13:23:58Z</time><speed>2.230</speed><sat>31</sat></trkpt>
  <trkpt lat="41.71667955" lon="26.35569029"><ele>85.286</ele><time>2026-10-08T13:23:59Z</time><speed>2.010</speed><sat>31</sat></trkpt>
  <trkpt lat="41.71667449" lon="26.35567287"><ele>84.584</ele><time>2026-10-08T13:24:00Z</time><speed>1.820</speed><sat>31</sat></trkpt>
  <trkpt lat="41.71667131" lon="26.35565784"><ele>84.462</ele><time>2026-10-08T13:24:01Z</time><speed>1.750</speed><sat>31</sat></trkpt>
  <trkpt lat="41.71667179" lon="26.35564052"><ele>85.275</ele><time>2026-10-08T13:24:02Z</time><speed>1.810</speed><sat>31</sat></trkpt>
  <trkpt lat="41.71667427" lon="26.35562301"><ele>85.269</ele><time>2026-10-08T13:24:03Z</time><speed>1.700</speed><sat>30</sat></trkpt>
  <trkpt lat="41.71668091" lon="26.35560694"><ele>85.098</ele><time>2026-10-08T13:24:04Z</time><speed>1.680</speed><sat>30</sat></trkpt>
  <trkpt lat="41.71668838" lon="26.35558834"><ele>84.472</ele><time>2026-10-08T13:24:05Z</time><speed>1.810</speed><sat>28</sat></trkpt>
  <trkpt lat="41.71669615" lon="26.35556844"><ele>83.439</ele><time>2026-10-08T13:24:06Z</time><speed>1.870</speed><sat>28</sat></trkpt>
  <trkpt lat="41.71670205" lon="26.35555088"><ele>83.296</ele><time>2026-10-08T13:24:07Z</time><speed>1.700</speed><sat>28</sat></trkpt>
  <trkpt lat="41.71670642" lon="26.35553327"><ele>83.549</ele><time>2026-10-08T13:24:08Z</time><speed>1.650</speed><sat>28</sat></trkpt>
  <trkpt lat="41.71671212" lon="26.35551022"><ele>83.256</ele><time>2026-10-08T13:24:09Z</time><speed>2.340</speed><sat>27</sat></trkpt>
  <trkpt lat="41.71671979" lon="26.35548759"><ele>84.118</ele><time>2026-10-08T13:24:10Z</time><speed>1.860</speed><sat>28</sat></trkpt>
  <trkpt lat="41.71672855" lon="26.35547095"><ele>84.175</ele><time>2026-10-08T13:24:11Z</time><speed>1.460</speed><sat>29</sat></trkpt>
  <trkpt lat="41.71673744" lon="26.35545551"><ele>85.188</ele><time>2026-10-08T13:24:12Z</time><speed>1.580</speed><sat>29</sat></trkpt>
  <trkpt lat="41.71674457" lon="26.35543919"><ele>86.640</ele><time>2026-10-08T13:24:13Z</time><speed>1.500</speed><sat>29</sat></trkpt>
  <trkpt lat="41.71675013" lon="26.35542719"><ele>86.607</ele><time>2026-10-08T13:24:14Z</time><speed>0.730</speed><sat>29</sat></trkpt>
  <trkpt lat="41.71675468" lon="26.35541299"><ele>86.451</ele><time>2026-10-08T13:24:15Z</time><speed>1.610</speed><sat>29</sat></trkpt>
  <trkpt lat="41.71676056" lon="26.35539593"><ele>87.002</ele><time>2026-10-08T13:24:16Z</time><speed>1.320</speed><sat>28</sat></trkpt>
  <trkpt lat="41.71676770" lon="26.35538059"><ele>86.713</ele><time>2026-10-08T13:24:17Z</time><speed>1.320</speed><sat>28</sat></trkpt>
  <trkpt lat="41.71677456" lon="26.35536678"><ele>86.895</ele><time>2026-10-08T13:24:18Z</time><speed>1.200</speed><sat>28</sat></trkpt>
  <trkpt lat="41.71678356" lon="26.35535274"><ele>87.325</ele><time>2026-10-08T13:24:19Z</time><speed>1.310</speed><sat>28</sat></trkpt>
  <trkpt lat="41.71678997" lon="26.35533745"><ele>86.802</ele><time>2026-10-08T13:24:20Z</time><speed>1.230</speed><sat>28</sat></trkpt>
  <trkpt lat="41.71679524" lon="26.35531986"><ele>87.020</ele><time>2026-10-08T13:24:21Z</time><speed>1.480</speed><sat>28</sat></trkpt>
  <trkpt lat="41.71679797" lon="26.35530101"><ele>86.979</ele><time>2026-10-08T13:24:22Z</time><speed>1.500</speed><sat>28</sat></trkpt>
  <trkpt lat="41.71679999" lon="26.35528519"><ele>86.579</ele><time>2026-10-08T13:24:23Z</time><speed>1.270</speed><sat>28</sat></trkpt>
  <trkpt lat="41.71680139" lon="26.35526908"><ele>86.448</ele><time>2026-10-08T13:24:24Z</time><speed>1.350</speed><sat>28</sat></trkpt>
  <trkpt lat="41.71680545" lon="26.35525078"><ele>86.886</ele><time>2026-10-08T13:24:25Z</time><speed>1.480</speed><sat>28</sat></trkpt>
  <trkpt lat="41.71681180" lon="26.35523172"><ele>87.017</ele><time>2026-10-08T13:24:26Z</time><speed>1.460</speed><sat>28</sat></trkpt>
  <trkpt lat="41.71681806" lon="26.35521216"><ele>86.596</ele><time>2026-10-08T13:24:27Z</time><speed>1.510</speed><sat>28</sat></trkpt>
  <trkpt lat="41.71682187" lon="26.35518921"><ele>87.701</ele><time>2026-10-08T13:24:28Z</time><speed>1.630</speed><sat>28</sat></trkpt>
  <trkpt lat="41.71682280" lon="26.35516654"><ele>87.485</ele><time>2026-10-08T13:24:29Z</time><speed>1.550</speed><sat>28</sat></trkpt>
  <trkpt lat="41.71682645" lon="26.35514577"><ele>86.819</ele><time>2026-10-08T13:24:30Z</time><speed>1.660</speed><sat>28</sat></trkpt>
  <trkpt lat="41.71683083" lon="26.35512530"><ele>86.810</ele><time>2026-10-08T13:24:31Z</time><speed>1.560</speed><sat>28</sat></trkpt>
  <trkpt lat="41.71684188" lon="26.35510565"><ele>87.107</ele><time>2026-10-08T13:24:32Z</time><speed>1.840</speed><sat>29</sat></trkpt>
  <trkpt lat="41.71685170" lon="26.35508822"><ele>86.994</ele><time>2026-10-08T13:24:33Z</time><speed>1.400</speed><sat>29</sat></trkpt>
  <trkpt lat="41.71685927" lon="26.35507220"><ele>86.993</ele><time>2026-10-08T13:24:34Z</time><speed>1.470</speed><sat>29</sat></trkpt>
  <trkpt lat="41.71686120" lon="26.35505268"><ele>86.720</ele><time>2026-10-08T13:24:35Z</time><speed>1.750</speed><sat>29</sat></trkpt>
  <trkpt lat="41.71686152" lon="26.35502991"><ele>86.699</ele><time>2026-10-08T13:24:36Z</time><speed>1.880</speed><sat>29</sat></trkpt>
  <trkpt lat="41.71686373" lon="26.35500877"><ele>86.143</ele><time>2026-10-08T13:24:37Z</time><speed>1.730</speed><sat>29</sat></trkpt>
  <trkpt lat="41.71686287" lon="26.35499047"><ele>83.899</ele><time>2026-10-08T13:24:38Z</time><speed>1.830</speed><sat>28</sat></trkpt>
  <trkpt lat="41.71685986" lon="26.35497051"><ele>83.912</ele><time>2026-10-08T13:24:39Z</time><speed>1.930</speed><sat>28</sat></trkpt>
  <trkpt lat="41.71685835" lon="26.35495765"><ele>84.744</ele><time>2026-10-08T13:24:40Z</time><speed>0.960</speed><sat>29</sat></trkpt>
  <trkpt lat="41.71685509" lon="26.35494941"><ele>84.240</ele><time>2026-10-08T13:24:41Z</time><speed>1.190</speed><sat>29</sat></trkpt>
  <trkpt lat="41.71685049" lon="26.35494004"><ele>84.352</ele><time>2026-10-08T13:24:42Z</time><speed>1.300</speed><sat>30</sat></trkpt>
  <trkpt lat="41.71684687" lon="26.35493069"><ele>84.116</ele><time>2026-10-08T13:24:43Z</time><speed>0.740</speed><sat>31</sat></trkpt>
  <trkpt lat="41.71684249" lon="26.35491892"><ele>83.515</ele><time>2026-10-08T13:24:44Z</time><speed>1.300</speed><sat>31</sat></trkpt>
  <trkpt lat="41.71683656" lon="26.35490423"><ele>83.992</ele><time>2026-10-08T13:24:45Z</time><speed>1.380</speed><sat>31</sat></trkpt>
  <trkpt lat="41.71683206" lon="26.35489012"><ele>84.152</ele><time>2026-10-08T13:24:46Z</time><speed>1.050</speed><sat>29</sat></trkpt>
  <trkpt lat="41.71682702" lon="26.35487402"><ele>84.071</ele><time>2026-10-08T13:24:47Z</time><speed>1.580</speed><sat>29</sat></trkpt>
  <trkpt lat="41.71681955" lon="26.35485541"><ele>84.315</ele><time>2026-10-08T13:24:48Z</time><speed>1.760</speed><sat>28</sat></trkpt>
  <trkpt lat="41.71681201" lon="26.35483539"><ele>84.638</ele><time>2026-10-08T13:24:49Z</time><speed>1.950</speed><sat>27</sat></trkpt>
  <trkpt lat="41.71680484" lon="26.35481498"><ele>84.983</ele><time>2026-10-08T13:24:50Z</time><speed>1.860</speed><sat>27</sat></trkpt>
  <trkpt lat="41.71680791" lon="26.35479041"><ele>84.870</ele><time>2026-10-08T13:24:51Z</time><speed>2.020</speed><sat>28</sat></trkpt>
  <trkpt lat="41.71681500" lon="26.35476792"><ele>84.657</ele><time>2026-10-08T13:24:52Z</time><speed>1.360</speed><sat>30</sat></trkpt>
  <trkpt lat="41.71682396" lon="26.35474930"><ele>84.458</ele><time>2026-10-08T13:24:53Z</time><speed>1.460</speed><sat>31</sat></trkpt>
  <trkpt lat="41.71683422" lon="26.35472949"><ele>84.681</ele><time>2026-10-08T13:24:54Z</time><speed>1.550</speed><sat>31</sat></trkpt>
  <trkpt lat="41.71684559" lon="26.35470649"><ele>84.598</ele><time>2026-10-08T13:24:55Z</time><speed>1.840</speed><sat>31</sat></trkpt>
  <trkpt lat="41.71685557" lon="26.35468237"><ele>85.078</ele><time>2026-10-08T13:24:56Z</time><speed>2.010</speed><sat>31</sat></trkpt>
  <trkpt lat="41.71686111" lon="26.35466222"><ele>85.096</ele><time>2026-10-08T13:24:57Z</time><speed>1.450</speed><sat>31</sat></trkpt>
  <trkpt lat="41.71685933" lon="26.35464704"><ele>84.273</ele><time>2026-10-08T13:24:58Z</time><speed>1.750</speed><sat>31</sat></trkpt>
  <trkpt lat="41.71685483" lon="26.35463499"><ele>85.330</ele><time>2026-10-08T13:24:59Z</time><speed>1.350</speed><sat>31</sat></trkpt>
  <trkpt lat="41.71684946" lon="26.35462797"><ele>85.052</ele><time>2026-10-08T13:25:00Z</time><speed>1.290</speed><sat>31</sat></trkpt>
  <trkpt lat="41.71684309" lon="26.35461834"><ele>85.311</ele><time>2026-10-08T13:25:01Z</time><speed>1.480</speed><sat>31</sat></trkpt>
  <trkpt lat="41.71683698" lon="26.35460723"><ele>85.580</ele><time>2026-10-08T13:25:02Z</time><speed>1.400</speed><sat>31</sat></trkpt>
  <trkpt lat="41.71683024" lon="26.35459659"><ele>85.369</ele><time>2026-10-08T13:25:03Z</time><speed>1.430</speed><sat>31</sat></trkpt>
  <trkpt lat="41.71681858" lon="26.35459024"><ele>84.552</ele><time>2026-10-08T13:25:04Z</time><speed>1.750</speed><sat>31</sat></trkpt>
  <trkpt lat="41.71680625" lon="26.35458520"><ele>83.289</ele><time>2026-10-08T13:25:05Z</time><speed>1.530</speed><sat>31</sat></trkpt>
  <trkpt lat="41.71679466" lon="26.35458324"><ele>82.920</ele><time>2026-10-08T13:25:06Z</time><speed>1.480</speed><sat>31</sat></trkpt>
  <trkpt lat="41.71678680" lon="26.35457590"><ele>82.343</ele><time>2026-10-08T13:25:07Z</time><speed>1.210</speed><sat>31</sat></trkpt>
  <trkpt lat="41.71678287" lon="26.35456449"><ele>82.196</ele><time>2026-10-08T13:25:08Z</time><speed>1.020</speed><sat>27</sat></trkpt>
  <trkpt lat="41.71678400" lon="26.35455560"><ele>82.833</ele><time>2026-10-08T13:25:09Z</time><speed>0.190</speed><sat>28</sat></trkpt>
  <trkpt lat="41.71679301" lon="26.35454525"><ele>82.768</ele><time>2026-10-08T13:25:10Z</time><speed>0.000</speed><sat>29</sat></trkpt>
  <trkpt lat="41.71679771" lon="26.35454012"><ele>82.797</ele><time>2026-10-08T13:25:11Z</time><speed>0.000</speed><sat>30</sat></trkpt>
  <trkpt lat="41.71680008" lon="26.35453711"><ele>82.832</ele><time>2026-10-08T13:25:12Z</time><speed>0.000</speed><sat>32</sat></trkpt>
  <trkpt lat="41.71680126" lon="26.35453561"><ele>82.831</ele><time>2026-10-08T13:25:13Z</time><speed>0.000</speed><sat>31</sat></trkpt>
  <trkpt lat="41.71680183" lon="26.35453446"><ele>82.860</ele><time>2026-10-08T13:25:14Z</time><speed>0.000</speed><sat>31</sat></trkpt>
  <trkpt lat="41.71680208" lon="26.35453346"><ele>82.892</ele><time>2026-10-08T13:25:15Z</time><speed>0.000</speed><sat>31</sat></trkpt>
  <trkpt lat="41.71680262" lon="26.35452600"><ele>83.985</ele><time>2026-10-08T13:25:16Z</time><speed>0.000</speed><sat>31</sat></trkpt>
  <trkpt lat="41.71680332" lon="26.35451836"><ele>84.046</ele><time>2026-10-08T13:25:17Z</time><speed>0.000</speed><sat>31</sat></trkpt>
  <trkpt lat="41.71680384" lon="26.35451441"><ele>84.072</ele><time>2026-10-08T13:25:18Z</time><speed>0.000</speed><sat>31</sat></trkpt>
  <trkpt lat="41.71680409" lon="26.35451204"><ele>84.096</ele><time>2026-10-08T13:25:19Z</time><speed>0.000</speed><sat>30</sat></trkpt>
  <trkpt lat="41.71680416" lon="26.35451037"><ele>84.131</ele><time>2026-10-08T13:25:20Z</time><speed>0.000</speed><sat>31</sat></trkpt>
  <trkpt lat="41.71680420" lon="26.35450954"><ele>84.129</ele><time>2026-10-08T13:25:21Z</time><speed>0.000</speed><sat>30</sat></trkpt>
  <trkpt lat="41.71680416" lon="26.35450855"><ele>84.167</ele><time>2026-10-08T13:25:22Z</time><speed>0.000</speed><sat>29</sat></trkpt>
  <trkpt lat="41.71680413" lon="26.35450744"><ele>84.210</ele><time>2026-10-08T13:25:23Z</time><speed>0.000</speed><sat>30</sat></trkpt>
  <trkpt lat="41.71680011" lon="26.35450245"><ele>84.558</ele><time>2026-10-08T13:25:24Z</time><speed>0.480</speed><sat>31</sat></trkpt>
  <trkpt lat="41.71679092" lon="26.35448515"><ele>85.614</ele><time>2026-10-08T13:25:25Z</time><speed>1.560</speed><sat>33</sat></trkpt>
  <trkpt lat="41.71678181" lon="26.35446914"><ele>84.621</ele><time>2026-10-08T13:25:26Z</time><speed>1.240</speed><sat>33</sat></trkpt>
  <trkpt lat="41.71677355" lon="26.35445494"><ele>84.698</ele><time>2026-10-08T13:25:27Z</time><speed>1.410</speed><sat>33</sat></trkpt>
  <trkpt lat="41.71676448" lon="26.35444005"><ele>84.722</ele><time>2026-10-08T13:25:28Z</time><speed>1.550</speed><sat>33</sat></trkpt>
  <trkpt lat="41.71675453" lon="26.35441949"><ele>84.995</ele><time>2026-10-08T13:25:29Z</time><speed>1.780</speed><sat>33</sat></trkpt>
  <trkpt lat="41.71674590" lon="26.35440005"><ele>85.711</ele><time>2026-10-08T13:25:30Z</time><speed>1.700</speed><sat>35</sat></trkpt>
  <trkpt lat="41.71674277" lon="26.35438191"><ele>84.570</ele><time>2026-10-08T13:25:31Z</time><speed>1.200</speed><sat>35</sat></trkpt>
  <trkpt lat="41.71674218" lon="26.35436223"><ele>84.857</ele><time>2026-10-08T13:25:32Z</time><speed>1.510</speed><sat>35</sat></trkpt>
  <trkpt lat="41.71674121" lon="26.35433958"><ele>84.181</ele><time>2026-10-08T13:25:33Z</time><speed>1.630</speed><sat>35</sat></trkpt>
  <trkpt lat="41.71674111" lon="26.35432297"><ele>84.233</ele><time>2026-10-08T13:25:34Z</time><speed>0.730</speed><sat>35</sat></trkpt>
  <trkpt lat="41.71674305" lon="26.35431014"><ele>84.231</ele><time>2026-10-08T13:25:35Z</time><speed>0.990</speed><sat>35</sat></trkpt>
  <trkpt lat="41.71674611" lon="26.35429543"><ele>84.271</ele><time>2026-10-08T13:25:36Z</time><speed>1.170</speed><sat>33</sat></trkpt>
  <trkpt lat="41.71674968" lon="26.35428025"><ele>84.390</ele><time>2026-10-08T13:25:37Z</time><speed>0.990</speed><sat>33</sat></trkpt>
  <trkpt lat="41.71675344" lon="26.35426629"><ele>85.301</ele><time>2026-10-08T13:25:38Z</time><speed>0.950</speed><sat>33</sat></trkpt>
  <trkpt lat="41.71675542" lon="26.35425517"><ele>85.854</ele><time>2026-10-08T13:25:39Z</time><speed>0.550</speed><sat>32</sat></trkpt>
  <trkpt lat="41.71675700" lon="26.35424489"><ele>86.124</ele><time>2026-10-08T13:25:40Z</time><speed>0.630</speed><sat>33</sat></trkpt>
  <trkpt lat="41.71675797" lon="26.35423408"><ele>86.096</ele><time>2026-10-08T13:25:41Z</time><speed>0.620</speed><sat>33</sat></trkpt>
  <trkpt lat="41.71675915" lon="26.35422143"><ele>85.850</ele><time>2026-10-08T13:25:42Z</time><speed>1.280</speed><sat>34</sat></trkpt>
  <trkpt lat="41.71676090" lon="26.35421032"><ele>85.818</ele><time>2026-10-08T13:25:43Z</time><speed>0.600</speed><sat>35</sat></trkpt>
  <trkpt lat="41.71676316" lon="26.35420150"><ele>85.061</ele><time>2026-10-08T13:25:44Z</time><speed>0.680</speed><sat>35</sat></trkpt>
  <trkpt lat="41.71676642" lon="26.35418947"><ele>84.985</ele><time>2026-10-08T13:25:45Z</time><speed>1.300</speed><sat>35</sat></trkpt>
  <trkpt lat="41.71676825" lon="26.35417673"><ele>84.047</ele><time>2026-10-08T13:25:46Z</time><speed>1.140</speed><sat>35</sat></trkpt>
  <trkpt lat="41.71676965" lon="26.35416536"><ele>83.150</ele><time>2026-10-08T13:25:47Z</time><speed>1.080</speed><sat>35</sat></trkpt>
  <trkpt lat="41.71677177" lon="26.35416062"><ele>81.912</ele><time>2026-10-08T13:25:48Z</time><speed>0.000</speed><sat>35</sat></trkpt>
  <trkpt lat="41.71677685" lon="26.35415740"><ele>80.887</ele><time>2026-10-08T13:25:49Z</time><speed>0.650</speed><sat>31</sat></trkpt>
  <trkpt lat="41.71678334" lon="26.35415212"><ele>80.044</ele><time>2026-10-08T13:25:50Z</time><speed>0.550</speed><sat>25</sat></trkpt>
  <trkpt lat="41.71678890" lon="26.35414690"><ele>79.103</ele><time>2026-10-08T13:25:51Z</time><speed>0.600</speed><sat>23</sat></trkpt>
  <trkpt lat="41.71679168" lon="26.35414178"><ele>80.132</ele><time>2026-10-08T13:25:52Z</time><speed>0.250</speed><sat>24</sat></trkpt>
  <trkpt lat="41.71679363" lon="26.35413774"><ele>79.350</ele><time>2026-10-08T13:25:53Z</time><speed>0.460</speed><sat>24</sat></trkpt>
  <trkpt lat="41.71679490" lon="26.35413184"><ele>78.794</ele><time>2026-10-08T13:25:54Z</time><speed>0.460</speed><sat>25</sat></trkpt>
  <trkpt lat="41.71679656" lon="26.35412542"><ele>78.682</ele><time>2026-10-08T13:25:55Z</time><speed>0.600</speed><sat>28</sat></trkpt>
  <trkpt lat="41.71679851" lon="26.35411749"><ele>77.924</ele><time>2026-10-08T13:25:56Z</time><speed>0.670</speed><sat>29</sat></trkpt>
  <trkpt lat="41.71679783" lon="26.35411652"><ele>78.059</ele><time>2026-10-08T13:25:57Z</time><speed>0.000</speed><sat>28</sat></trkpt>
  <trkpt lat="41.71679699" lon="26.35411798"><ele>78.051</ele><time>2026-10-08T13:25:58Z</time><speed>0.000</speed><sat>27</sat></trkpt>
  <trkpt lat="41.71679660" lon="26.35411892"><ele>78.022</ele><time>2026-10-08T13:25:59Z</time><speed>0.000</speed><sat>27</sat></trkpt>
  <trkpt lat="41.71679663" lon="26.35411930"><ele>77.954</ele><time>2026-10-08T13:26:00Z</time><speed>0.210</speed><sat>24</sat></trkpt>
  <trkpt lat="41.71679802" lon="26.35411972"><ele>77.401</ele><time>2026-10-08T13:26:01Z</time><speed>0.000</speed><sat>22</sat></trkpt>
  <trkpt lat="41.71679816" lon="26.35412152"><ele>77.316</ele><time>2026-10-08T13:26:02Z</time><speed>0.000</speed><sat>21</sat></trkpt>
  <trkpt lat="41.71680141" lon="26.35412364"><ele>77.294</ele><time>2026-10-08T13:26:03Z</time><speed>0.170</speed><sat>22</sat></trkpt>
  <trkpt lat="41.71680394" lon="26.35412348"><ele>76.182</ele><time>2026-10-08T13:26:04Z</time><speed>0.430</speed><sat>23</sat></trkpt>
  <trkpt lat="41.71680676" lon="26.35411493"><ele>76.110</ele><time>2026-10-08T13:26:05Z</time><speed>1.440</speed><sat>24</sat></trkpt>
  <trkpt lat="41.71681116" lon="26.35410863"><ele>76.302</ele><time>2026-10-08T13:26:06Z</time><speed>0.690</speed><sat>26</sat></trkpt>
  <trkpt lat="41.71681373" lon="26.35410793"><ele>76.040</ele><time>2026-10-08T13:26:07Z</time><speed>0.290</speed><sat>27</sat></trkpt>
  <trkpt lat="41.71681690" lon="26.35410089"><ele>75.406</ele><time>2026-10-08T13:26:08Z</time><speed>1.500</speed><sat>27</sat></trkpt>
  <trkpt lat="41.71681995" lon="26.35408180"><ele>74.690</ele><time>2026-10-08T13:26:09Z</time><speed>1.450</speed><sat>29</sat></trkpt>
  <trkpt lat="41.71682358" lon="26.35405907"><ele>74.336</ele><time>2026-10-08T13:26:10Z</time><speed>1.740</speed><sat>30</sat></trkpt>
  <trkpt lat="41.71683010" lon="26.35403640"><ele>73.219</ele><time>2026-10-08T13:26:11Z</time><speed>1.560</speed><sat>31</sat></trkpt>
  <trkpt lat="41.71683545" lon="26.35401929"><ele>74.536</ele><time>2026-10-08T13:26:12Z</time><speed>1.390</speed><sat>31</sat></trkpt>
  <trkpt lat="41.71684077" lon="26.35400562"><ele>76.798</ele><time>2026-10-08T13:26:13Z</time><speed>0.960</speed><sat>30</sat></trkpt>
  <trkpt lat="41.71684712" lon="26.35399248"><ele>76.360</ele><time>2026-10-08T13:26:14Z</time><speed>1.310</speed><sat>29</sat></trkpt>
  <trkpt lat="41.71685223" lon="26.35397952"><ele>76.689</ele><time>2026-10-08T13:26:15Z</time><speed>0.690</speed><sat>28</sat></trkpt>
  <trkpt lat="41.71685657" lon="26.35396831"><ele>77.029</ele><time>2026-10-08T13:26:16Z</time><speed>1.030</speed><sat>29</sat></trkpt>
  <trkpt lat="41.71686011" lon="26.35395532"><ele>76.823</ele><time>2026-10-08T13:26:17Z</time><speed>1.150</speed><sat>28</sat></trkpt>
  <trkpt lat="41.71686317" lon="26.35394190"><ele>77.788</ele><time>2026-10-08T13:26:18Z</time><speed>1.080</speed><sat>27</sat></trkpt>
  <trkpt lat="41.71686907" lon="26.35392306"><ele>78.476</ele><time>2026-10-08T13:26:19Z</time><speed>1.730</speed><sat>28</sat></trkpt>
  <trkpt lat="41.71687488" lon="26.35390574"><ele>80.254</ele><time>2026-10-08T13:26:20Z</time><speed>1.240</speed><sat>27</sat></trkpt>
  <trkpt lat="41.71687861" lon="26.35389262"><ele>81.113</ele><time>2026-10-08T13:26:21Z</time><speed>0.650</speed><sat>27</sat></trkpt>
  <trkpt lat="41.71688093" lon="26.35387982"><ele>79.535</ele><time>2026-10-08T13:26:22Z</time><speed>0.760</speed><sat>28</sat></trkpt>
  <trkpt lat="41.71688284" lon="26.35386286"><ele>80.234</ele><time>2026-10-08T13:26:23Z</time><speed>1.370</speed><sat>30</sat></trkpt>
  <trkpt lat="41.71688493" lon="26.35384329"><ele>81.942</ele><time>2026-10-08T13:26:24Z</time><speed>1.120</speed><sat>31</sat></trkpt>
  <trkpt lat="41.71688812" lon="26.35381932"><ele>84.217</ele><time>2026-10-08T13:26:25Z</time><speed>1.660</speed><sat>31</sat></trkpt>
  <trkpt lat="41.71689191" lon="26.35379550"><ele>83.483</ele><time>2026-10-08T13:26:26Z</time><speed>1.520</speed><sat>31</sat></trkpt>
  <trkpt lat="41.71689471" lon="26.35377299"><ele>84.802</ele><time>2026-10-08T13:26:27Z</time><speed>1.460</speed><sat>32</sat></trkpt>
  <trkpt lat="41.71689849" lon="26.35374714"><ele>84.400</ele><time>2026-10-08T13:26:28Z</time><speed>2.080</speed><sat>31</sat></trkpt>
  <trkpt lat="41.71690204" lon="26.35371886"><ele>84.579</ele><time>2026-10-08T13:26:29Z</time><speed>1.910</speed><sat>32</sat></trkpt>
  <trkpt lat="41.71690298" lon="26.35369040"><ele>85.132</ele><time>2026-10-08T13:26:30Z</time><speed>2.020</speed><sat>33</sat></trkpt>
  <trkpt lat="41.71690145" lon="26.35366241"><ele>84.573</ele><time>2026-10-08T13:26:31Z</time><speed>1.980</speed><sat>33</sat></trkpt>
  <trkpt lat="41.71689981" lon="26.35364013"><ele>84.210</ele><time>2026-10-08T13:26:32Z</time><speed>1.480</speed><sat>33</sat></trkpt>
  <trkpt lat="41.71689884" lon="26.35362284"><ele>84.566</ele><time>2026-10-08T13:26:33Z</time><speed>1.300</speed><sat>33</sat></trkpt>
  <trkpt lat="41.71690105" lon="26.35360569"><ele>84.574</ele><time>2026-10-08T13:26:34Z</time><speed>1.430</speed><sat>32</sat></trkpt>
  <trkpt lat="41.71690411" lon="26.35358936"><ele>83.511</ele><time>2026-10-08T13:26:35Z</time><speed>1.450</speed><sat>31</sat></trkpt>
  <trkpt lat="41.71690830" lon="26.35357155"><ele>84.768</ele><time>2026-10-08T13:26:36Z</time><speed>1.510</speed><sat>30</sat></trkpt>
  <trkpt lat="41.71691420" lon="26.35355712"><ele>84.299</ele><time>2026-10-08T13:26:37Z</time><speed>1.440</speed><sat>32</sat></trkpt>
  <trkpt lat="41.71691914" lon="26.35354076"><ele>83.690</ele><time>2026-10-08T13:26:38Z</time><speed>1.510</speed><sat>32</sat></trkpt>
  <trkpt lat="41.71692545" lon="26.35352429"><ele>84.409</ele><time>2026-10-08T13:26:39Z</time><speed>1.440</speed><sat>32</sat></trkpt>
  <trkpt lat="41.71693071" lon="26.35350974"><ele>83.761</ele><time>2026-10-08T13:26:40Z</time><speed>1.220</speed><sat>32</sat></trkpt>
  <trkpt lat="41.71693595" lon="26.35349529"><ele>84.056</ele><time>2026-10-08T13:26:41Z</time><speed>1.300</speed><sat>33</sat></trkpt>
  <trkpt lat="41.71694357" lon="26.35347792"><ele>84.056</ele><time>2026-10-08T13:26:42Z</time><speed>1.680</speed><sat>33</sat></trkpt>
  <trkpt lat="41.71695091" lon="26.35345813"><ele>83.958</ele><time>2026-10-08T13:26:43Z</time><speed>1.650</speed><sat>33</sat></trkpt>
  <trkpt lat="41.71695574" lon="26.35343865"><ele>84.785</ele><time>2026-10-08T13:26:44Z</time><speed>1.450</speed><sat>33</sat></trkpt>
  <trkpt lat="41.71696020" lon="26.35341901"><ele>84.424</ele><time>2026-10-08T13:26:45Z</time><speed>1.680</speed><sat>33</sat></trkpt>
  <trkpt lat="41.71696546" lon="26.35339764"><ele>84.888</ele><time>2026-10-08T13:26:46Z</time><speed>1.790</speed><sat>33</sat></trkpt>
  <trkpt lat="41.71697150" lon="26.35337252"><ele>84.082</ele><time>2026-10-08T13:26:47Z</time><speed>2.110</speed><sat>32</sat></trkpt>
  <trkpt lat="41.71697608" lon="26.35334747"><ele>84.501</ele><time>2026-10-08T13:26:48Z</time><speed>1.970</speed><sat>32</sat></trkpt>
  <trkpt lat="41.71697874" lon="26.35332348"><ele>84.175</ele><time>2026-10-08T13:26:49Z</time><speed>1.940</speed><sat>32</sat></trkpt>
  <trkpt lat="41.71698035" lon="26.35329823"><ele>84.691</ele><time>2026-10-08T13:26:50Z</time><speed>2.010</speed><sat>32</sat></trkpt>
  <trkpt lat="41.71698165" lon="26.35327294"><ele>84.623</ele><time>2026-10-08T13:26:51Z</time><speed>1.950</speed><sat>32</sat></trkpt>
  <trkpt lat="41.71698266" lon="26.35324924"><ele>85.016</ele><time>2026-10-08T13:26:52Z</time><speed>1.940</speed><sat>32</sat></trkpt>
  <trkpt lat="41.71698308" lon="26.35322907"><ele>84.699</ele><time>2026-10-08T13:26:53Z</time><speed>1.720</speed><sat>33</sat></trkpt>
  <trkpt lat="41.71698440" lon="26.35321016"><ele>85.249</ele><time>2026-10-08T13:26:54Z</time><speed>1.790</speed><sat>33</sat></trkpt>
  <trkpt lat="41.71698712" lon="26.35319290"><ele>84.980</ele><time>2026-10-08T13:26:55Z</time><speed>1.360</speed><sat>34</sat></trkpt>
  <trkpt lat="41.71698928" lon="26.35317489"><ele>84.044</ele><time>2026-10-08T13:26:56Z</time><speed>1.760</speed><sat>34</sat></trkpt>
  <trkpt lat="41.71699149" lon="26.35316034"><ele>84.089</ele><time>2026-10-08T13:26:57Z</time><speed>1.090</speed><sat>34</sat></trkpt>
  <trkpt lat="41.71699363" lon="26.35314804"><ele>84.461</ele><time>2026-10-08T13:26:58Z</time><speed>1.130</speed><sat>34</sat></trkpt>
  <trkpt lat="41.71699785" lon="26.35313318"><ele>84.187</ele><time>2026-10-08T13:26:59Z</time><speed>1.600</speed><sat>34</sat></trkpt>
  <trkpt lat="41.71700426" lon="26.35311495"><ele>83.863</ele><time>2026-10-08T13:27:00Z</time><speed>1.700</speed><sat>34</sat></trkpt>
  <trkpt lat="41.71701073" lon="26.35309997"><ele>83.231</ele><time>2026-10-08T13:27:01Z</time><speed>1.340</speed><sat>34</sat></trkpt>
  <trkpt lat="41.71701681" lon="26.35308278"><ele>83.487</ele><time>2026-10-08T13:27:02Z</time><speed>1.770</speed><sat>34</sat></trkpt>
  <trkpt lat="41.71702135" lon="26.35306303"><ele>83.072</ele><time>2026-10-08T13:27:03Z</time><speed>1.600</speed><sat>34</sat></trkpt>
  <trkpt lat="41.71702300" lon="26.35304820"><ele>83.571</ele><time>2026-10-08T13:27:04Z</time><speed>1.010</speed><sat>34</sat></trkpt>
  <trkpt lat="41.71702332" lon="26.35303057"><ele>84.959</ele><time>2026-10-08T13:27:05Z</time><speed>1.570</speed><sat>34</sat></trkpt>
  <trkpt lat="41.71702643" lon="26.35301281"><ele>84.621</ele><time>2026-10-08T13:27:06Z</time><speed>1.250</speed><sat>34</sat></trkpt>
  <trkpt lat="41.71703098" lon="26.35299890"><ele>85.095</ele><time>2026-10-08T13:27:07Z</time><speed>0.970</speed><sat>34</sat></trkpt>
  <trkpt lat="41.71703581" lon="26.35298424"><ele>85.217</ele><time>2026-10-08T13:27:08Z</time><speed>1.260</speed><sat>35</sat></trkpt>
  <trkpt lat="41.71703999" lon="26.35297314"><ele>85.782</ele><time>2026-10-08T13:27:09Z</time><speed>0.430</speed><sat>35</sat></trkpt>
  <trkpt lat="41.71704267" lon="26.35296352"><ele>85.890</ele><time>2026-10-08T13:27:10Z</time><speed>0.550</speed><sat>35</sat></trkpt>
  <trkpt lat="41.71704894" lon="26.35295182"><ele>86.227</ele><time>2026-10-08T13:27:11Z</time><speed>1.230</speed><sat>35</sat></trkpt>
  <trkpt lat="41.71705495" lon="26.35293926"><ele>86.826</ele><time>2026-10-08T13:27:12Z</time><speed>0.740</speed><sat>35</sat></trkpt>
  <trkpt lat="41.71706286" lon="26.35292495"><ele>86.451</ele><time>2026-10-08T13:27:13Z</time><speed>1.590</speed><sat>35</sat></trkpt>
  <trkpt lat="41.71706973" lon="26.35290717"><ele>86.305</ele><time>2026-10-08T13:27:14Z</time><speed>1.240</speed><sat>35</sat></trkpt>
  <trkpt lat="41.71707492" lon="26.35288833"><ele>85.726</ele><time>2026-10-08T13:27:15Z</time><speed>1.420</speed><sat>35</sat></trkpt>
  <trkpt lat="41.71707834" lon="26.35287038"><ele>86.028</ele><time>2026-10-08T13:27:16Z</time><speed>1.020</speed><sat>35</sat></trkpt>
  <trkpt lat="41.71708057" lon="26.35285167"><ele>86.646</ele><time>2026-10-08T13:27:17Z</time><speed>1.350</speed><sat>35</sat></trkpt>
  <trkpt lat="41.71708522" lon="26.35283280"><ele>87.053</ele><time>2026-10-08T13:27:18Z</time><speed>1.260</speed><sat>35</sat></trkpt>
  <trkpt lat="41.71708904" lon="26.35281957"><ele>87.077</ele><time>2026-10-08T13:27:19Z</time><speed>0.460</speed><sat>35</sat></trkpt>
  <trkpt lat="41.71709251" lon="26.35280963"><ele>86.819</ele><time>2026-10-08T13:27:20Z</time><speed>0.470</speed><sat>35</sat></trkpt>
  <trkpt lat="41.71709590" lon="26.35279822"><ele>85.970</ele><time>2026-10-08T13:27:21Z</time><speed>0.620</speed><sat>35</sat></trkpt>
  <trkpt lat="41.71709848" lon="26.35278754"><ele>85.760</ele><time>2026-10-08T13:27:22Z</time><speed>0.230</speed><sat>35</sat></trkpt>
  <trkpt lat="41.71710037" lon="26.35277481"><ele>85.764</ele><time>2026-10-08T13:27:23Z</time><speed>0.000</speed><sat>35</sat></trkpt>
  <trkpt lat="41.71710110" lon="26.35276905"><ele>85.770</ele><time>2026-10-08T13:27:24Z</time><speed>0.000</speed><sat>35</sat></trkpt>
  <trkpt lat="41.71710147" lon="26.35276615"><ele>85.771</ele><time>2026-10-08T13:27:25Z</time><speed>0.000</speed><sat>35</sat></trkpt>
  <trkpt lat="41.71710166" lon="26.35276469"><ele>85.772</ele><time>2026-10-08T13:27:26Z</time><speed>0.000</speed><sat>35</sat></trkpt>
  <trkpt lat="41.71710177" lon="26.35276394"><ele>85.775</ele><time>2026-10-08T13:27:27Z</time><speed>0.000</speed><sat>35</sat></trkpt>
  <trkpt lat="41.71710183" lon="26.35276351"><ele>85.780</ele><time>2026-10-08T13:27:28Z</time><speed>0.000</speed><sat>35</sat></trkpt>
  <trkpt lat="41.71710230" lon="26.35275529"><ele>84.989</ele><time>2026-10-08T13:27:29Z</time><speed>0.980</speed><sat>34</sat></trkpt>
  <trkpt lat="41.71710227" lon="26.35275000"><ele>84.975</ele><time>2026-10-08T13:27:30Z</time><speed>0.000</speed><sat>35</sat></trkpt>
  <trkpt lat="41.71710176" lon="26.35275023"><ele>84.978</ele><time>2026-10-08T13:27:31Z</time><speed>0.000</speed><sat>35</sat></trkpt>
  <trkpt lat="41.71710148" lon="26.35275030"><ele>84.981</ele><time>2026-10-08T13:27:32Z</time><speed>0.000</speed><sat>35</sat></trkpt>
  <trkpt lat="41.71710136" lon="26.35275034"><ele>84.993</ele><time>2026-10-08T13:27:33Z</time><speed>0.000</speed><sat>35</sat></trkpt>
  <trkpt lat="41.71710074" lon="26.35274703"><ele>85.278</ele><time>2026-10-08T13:27:34Z</time><speed>0.310</speed><sat>35</sat></trkpt>
  <trkpt lat="41.71709957" lon="26.35274455"><ele>85.212</ele><time>2026-10-08T13:27:35Z</time><speed>0.000</speed><sat>35</sat></trkpt>
  <trkpt lat="41.71709636" lon="26.35274290"><ele>85.659</ele><time>2026-10-08T13:27:36Z</time><speed>0.390</speed><sat>35</sat></trkpt>
  <trkpt lat="41.71709279" lon="26.35274234"><ele>85.788</ele><time>2026-10-08T13:27:37Z</time><speed>0.000</speed><sat>35</sat></trkpt>
  <trkpt lat="41.71709178" lon="26.35274261"><ele>85.790</ele><time>2026-10-08T13:27:38Z</time><speed>0.000</speed><sat>35</sat></trkpt>
  <trkpt lat="41.71709127" lon="26.35274273"><ele>85.787</ele><time>2026-10-08T13:27:39Z</time><speed>0.000</speed><sat>35</sat></trkpt>
  <trkpt lat="41.71709102" lon="26.35274278"><ele>85.786</ele><time>2026-10-08T13:27:40Z</time><speed>0.000</speed><sat>35</sat></trkpt>
  <trkpt lat="41.71709090" lon="26.35274278"><ele>85.785</ele><time>2026-10-08T13:27:41Z</time><speed>0.000</speed><sat>34</sat></trkpt>
  <trkpt lat="41.71709085" lon="26.35274277"><ele>85.783</ele><time>2026-10-08T13:27:42Z</time><speed>0.000</speed><sat>34</sat></trkpt>
  <trkpt lat="41.71708915" lon="26.35274228"><ele>85.548</ele><time>2026-10-08T13:27:43Z</time><speed>0.200</speed><sat>35</sat></trkpt>
  <trkpt lat="41.71708798" lon="26.35274179"><ele>85.514</ele><time>2026-10-08T13:27:44Z</time><speed>0.000</speed><sat>35</sat></trkpt>
  <trkpt lat="41.71708771" lon="26.35274193"><ele>85.375</ele><time>2026-10-08T13:27:45Z</time><speed>0.000</speed><sat>34</sat></trkpt>
  <trkpt lat="41.71708531" lon="26.35274290"><ele>85.608</ele><time>2026-10-08T13:27:46Z</time><speed>0.300</speed><sat>34</sat></trkpt>
  <trkpt lat="41.71708450" lon="26.35274299"><ele>85.902</ele><time>2026-10-08T13:27:47Z</time><speed>0.000</speed><sat>34</sat></trkpt>
  <trkpt lat="41.71708404" lon="26.35274191"><ele>85.609</ele><time>2026-10-08T13:27:48Z</time><speed>0.000</speed><sat>34</sat></trkpt>
  <trkpt lat="41.71708364" lon="26.35273929"><ele>85.525</ele><time>2026-10-08T13:27:49Z</time><speed>0.000</speed><sat>34</sat></trkpt>
  <trkpt lat="41.71708384" lon="26.35273552"><ele>85.500</ele><time>2026-10-08T13:27:50Z</time><speed>0.000</speed><sat>35</sat></trkpt>
  <trkpt lat="41.71708492" lon="26.35272522"><ele>84.795</ele><time>2026-10-08T13:27:51Z</time><speed>0.820</speed><sat>35</sat></trkpt>
  <trkpt lat="41.71708592" lon="26.35271255"><ele>84.781</ele><time>2026-10-08T13:27:52Z</time><speed>0.000</speed><sat>35</sat></trkpt>
  <trkpt lat="41.71708607" lon="26.35270866"><ele>84.783</ele><time>2026-10-08T13:27:53Z</time><speed>0.000</speed><sat>35</sat></trkpt>
  <trkpt lat="41.71708614" lon="26.35270672"><ele>84.786</ele><time>2026-10-08T13:27:54Z</time><speed>0.000</speed><sat>35</sat></trkpt>
  <trkpt lat="41.71708617" lon="26.35270575"><ele>84.785</ele><time>2026-10-08T13:27:55Z</time><speed>0.000</speed><sat>35</sat></trkpt>
  <trkpt lat="41.71708619" lon="26.35270529"><ele>84.795</ele><time>2026-10-08T13:27:56Z</time><speed>0.000</speed><sat>34</sat></trkpt>
  <trkpt lat="41.71708620" lon="26.35270507"><ele>84.802</ele><time>2026-10-08T13:27:57Z</time><speed>0.000</speed><sat>34</sat></trkpt>
  <trkpt lat="41.71708620" lon="26.35270499"><ele>84.804</ele><time>2026-10-08T13:27:58Z</time><speed>0.000</speed><sat>34</sat></trkpt>
  <trkpt lat="41.71708622" lon="26.35270496"><ele>84.812</ele><time>2026-10-08T13:27:59Z</time><speed>0.000</speed><sat>35</sat></trkpt>
  <trkpt lat="41.71708626" lon="26.35270493"><ele>84.824</ele><time>2026-10-08T13:28:00Z</time><speed>0.000</speed><sat>35</sat></trkpt>
  <trkpt lat="41.71708629" lon="26.35270493"><ele>84.843</ele><time>2026-10-08T13:28:01Z</time><speed>0.000</speed><sat>35</sat></trkpt>
  <trkpt lat="41.71708634" lon="26.35270492"><ele>84.853</ele><time>2026-10-08T13:28:02Z</time><speed>0.000</speed><sat>35</sat></trkpt>
  <trkpt lat="41.71708637" lon="26.35270489"><ele>84.862</ele><time>2026-10-08T13:28:03Z</time><speed>0.000</speed><sat>35</sat></trkpt>
  <trkpt lat="41.71708639" lon="26.35270486"><ele>84.864</ele><time>2026-10-08T13:28:04Z</time><speed>0.000</speed><sat>35</sat></trkpt>
  <trkpt lat="41.71708643" lon="26.35270484"><ele>84.868</ele><time>2026-10-08T13:28:05Z</time><speed>0.000</speed><sat>35</sat></trkpt>
  <trkpt lat="41.71708647" lon="26.35270483"><ele>84.873</ele><time>2026-10-08T13:28:06Z</time><speed>0.000</speed><sat>35</sat></trkpt>
  <trkpt lat="41.71708650" lon="26.35270483"><ele>84.873</ele><time>2026-10-08T13:28:07Z</time><speed>0.000</speed><sat>35</sat></trkpt>
  <trkpt lat="41.71708651" lon="26.35270482"><ele>84.870</ele><time>2026-10-08T13:28:08Z</time><speed>0.000</speed><sat>35</sat></trkpt>
  <trkpt lat="41.71708652" lon="26.35270481"><ele>84.870</ele><time>2026-10-08T13:28:09Z</time><speed>0.000</speed><sat>35</sat></trkpt>
  <trkpt lat="41.71708651" lon="26.35270481"><ele>84.869</ele><time>2026-10-08T13:28:10Z</time><speed>0.000</speed><sat>35</sat></trkpt>
  <trkpt lat="41.71708649" lon="26.35270481"><ele>84.870</ele><time>2026-10-08T13:28:11Z</time><speed>0.000</speed><sat>35</sat></trkpt>
  <trkpt lat="41.71708541" lon="26.35270639"><ele>85.079</ele><time>2026-10-08T13:28:12Z</time><speed>0.180</speed><sat>35</sat></trkpt>
  <trkpt lat="41.71708548" lon="26.35270361"><ele>84.998</ele><time>2026-10-08T13:28:13Z</time><speed>0.480</speed><sat>34</sat></trkpt>
  <trkpt lat="41.71708790" lon="26.35269354"><ele>85.149</ele><time>2026-10-08T13:28:14Z</time><speed>1.370</speed><sat>34</sat></trkpt>
  <trkpt lat="41.71708836" lon="26.35268680"><ele>84.282</ele><time>2026-10-08T13:28:15Z</time><speed>0.290</speed><sat>35</sat></trkpt>
  <trkpt lat="41.71708711" lon="26.35268649"><ele>84.314</ele><time>2026-10-08T13:28:16Z</time><speed>0.180</speed><sat>35</sat></trkpt>
  <trkpt lat="41.71708875" lon="26.35267846"><ele>84.608</ele><time>2026-10-08T13:28:17Z</time><speed>1.560</speed><sat>35</sat></trkpt>
  <trkpt lat="41.71709277" lon="26.35266119"><ele>85.556</ele><time>2026-10-08T13:28:18Z</time><speed>1.840</speed><sat>35</sat></trkpt>
  <trkpt lat="41.71709715" lon="26.35264149"><ele>85.624</ele><time>2026-10-08T13:28:19Z</time><speed>1.930</speed><sat>35</sat></trkpt>
  <trkpt lat="41.71710168" lon="26.35262227"><ele>85.680</ele><time>2026-10-08T13:28:20Z</time><speed>1.750</speed><sat>35</sat></trkpt>
  <trkpt lat="41.71710643" lon="26.35260352"><ele>85.713</ele><time>2026-10-08T13:28:21Z</time><speed>1.830</speed><sat>35</sat></trkpt>
  <trkpt lat="41.71711172" lon="26.35258308"><ele>85.207</ele><time>2026-10-08T13:28:22Z</time><speed>1.920</speed><sat>35</sat></trkpt>
  <trkpt lat="41.71711617" lon="26.35256797"><ele>84.434</ele><time>2026-10-08T13:28:23Z</time><speed>1.300</speed><sat>34</sat></trkpt>
  <trkpt lat="41.71711879" lon="26.35256029"><ele>83.669</ele><time>2026-10-08T13:28:24Z</time><speed>0.620</speed><sat>34</sat></trkpt>
  <trkpt lat="41.71712129" lon="26.35255223"><ele>83.709</ele><time>2026-10-08T13:28:25Z</time><speed>1.240</speed><sat>34</sat></trkpt>
  <trkpt lat="41.71712589" lon="26.35253875"><ele>83.904</ele><time>2026-10-08T13:28:26Z</time><speed>1.480</speed><sat>33</sat></trkpt>
  <trkpt lat="41.71712959" lon="26.35252371"><ele>84.163</ele><time>2026-10-08T13:28:27Z</time><speed>1.380</speed><sat>32</sat></trkpt>
  <trkpt lat="41.71713313" lon="26.35250914"><ele>84.052</ele><time>2026-10-08T13:28:28Z</time><speed>1.450</speed><sat>32</sat></trkpt>
  <trkpt lat="41.71713756" lon="26.35249439"><ele>84.278</ele><time>2026-10-08T13:28:29Z</time><speed>1.410</speed><sat>33</sat></trkpt>
  <trkpt lat="41.71714353" lon="26.35247856"><ele>85.269</ele><time>2026-10-08T13:28:30Z</time><speed>1.560</speed><sat>33</sat></trkpt>
  <trkpt lat="41.71715094" lon="26.35246203"><ele>84.641</ele><time>2026-10-08T13:28:31Z</time><speed>1.530</speed><sat>35</sat></trkpt>
  <trkpt lat="41.71715833" lon="26.35244491"><ele>84.161</ele><time>2026-10-08T13:28:32Z</time><speed>1.680</speed><sat>35</sat></trkpt>
  <trkpt lat="41.71716496" lon="26.35242858"><ele>83.954</ele><time>2026-10-08T13:28:33Z</time><speed>1.520</speed><sat>34</sat></trkpt>
  <trkpt lat="41.71717350" lon="26.35241185"><ele>83.323</ele><time>2026-10-08T13:28:34Z</time><speed>1.930</speed><sat>34</sat></trkpt>
  <trkpt lat="41.71718291" lon="26.35239475"><ele>83.782</ele><time>2026-10-08T13:28:35Z</time><speed>1.650</speed><sat>34</sat></trkpt>
  <trkpt lat="41.71719267" lon="26.35238101"><ele>83.303</ele><time>2026-10-08T13:28:36Z</time><speed>1.490</speed><sat>35</sat></trkpt>
  <trkpt lat="41.71720312" lon="26.35236670"><ele>82.844</ele><time>2026-10-08T13:28:37Z</time><speed>1.920</speed><sat>35</sat></trkpt>
  <trkpt lat="41.71721420" lon="26.35234924"><ele>83.744</ele><time>2026-10-08T13:28:38Z</time><speed>1.920</speed><sat>35</sat></trkpt>
  <trkpt lat="41.71722540" lon="26.35233169"><ele>84.563</ele><time>2026-10-08T13:28:39Z</time><speed>1.830</speed><sat>35</sat></trkpt>
  <trkpt lat="41.71723504" lon="26.35231546"><ele>83.963</ele><time>2026-10-08T13:28:40Z</time><speed>1.660</speed><sat>35</sat></trkpt>
  <trkpt lat="41.71724283" lon="26.35229858"><ele>83.343</ele><time>2026-10-08T13:28:41Z</time><speed>1.590</speed><sat>35</sat></trkpt>
  <trkpt lat="41.71725182" lon="26.35227818"><ele>82.593</ele><time>2026-10-08T13:28:42Z</time><speed>2.250</speed><sat>33</sat></trkpt>
  <trkpt lat="41.71726253" lon="26.35225545"><ele>82.737</ele><time>2026-10-08T13:28:43Z</time><speed>2.160</speed><sat>33</sat></trkpt>
  <trkpt lat="41.71727121" lon="26.35223675"><ele>82.521</ele><time>2026-10-08T13:28:44Z</time><speed>1.810</speed><sat>33</sat></trkpt>
  <trkpt lat="41.71727867" lon="26.35222093"><ele>81.756</ele><time>2026-10-08T13:28:45Z</time><speed>1.750</speed><sat>34</sat></trkpt>
  <trkpt lat="41.71728582" lon="26.35220534"><ele>82.061</ele><time>2026-10-08T13:28:46Z</time><speed>1.760</speed><sat>34</sat></trkpt>
  <trkpt lat="41.71729196" lon="26.35218839"><ele>82.091</ele><time>2026-10-08T13:28:47Z</time><speed>1.740</speed><sat>34</sat></trkpt>
  <trkpt lat="41.71729676" lon="26.35216988"><ele>82.108</ele><time>2026-10-08T13:28:48Z</time><speed>1.750</speed><sat>34</sat></trkpt>
  <trkpt lat="41.71730282" lon="26.35215082"><ele>81.282</ele><time>2026-10-08T13:28:49Z</time><speed>1.770</speed><sat>34</sat></trkpt>
  <trkpt lat="41.71730776" lon="26.35213185"><ele>80.619</ele><time>2026-10-08T13:28:50Z</time><speed>1.700</speed><sat>34</sat></trkpt>
  <trkpt lat="41.71731472" lon="26.35211400"><ele>80.244</ele><time>2026-10-08T13:28:51Z</time><speed>1.620</speed><sat>35</sat></trkpt>
  <trkpt lat="41.71732033" lon="26.35209858"><ele>81.070</ele><time>2026-10-08T13:28:52Z</time><speed>1.340</speed><sat>35</sat></trkpt>
  <trkpt lat="41.71732494" lon="26.35208414"><ele>81.195</ele><time>2026-10-08T13:28:53Z</time><speed>1.400</speed><sat>35</sat></trkpt>
  <trkpt lat="41.71732969" lon="26.35206968"><ele>81.315</ele><time>2026-10-08T13:28:54Z</time><speed>1.340</speed><sat>35</sat></trkpt>
  <trkpt lat="41.71733601" lon="26.35205581"><ele>81.489</ele><time>2026-10-08T13:28:55Z</time><speed>1.390</speed><sat>35</sat></trkpt>
  <trkpt lat="41.71734379" lon="26.35203808"><ele>81.611</ele><time>2026-10-08T13:28:56Z</time><speed>1.600</speed><sat>35</sat></trkpt>
  <trkpt lat="41.71735123" lon="26.35202048"><ele>82.116</ele><time>2026-10-08T13:28:57Z</time><speed>1.490</speed><sat>35</sat></trkpt>
  <trkpt lat="41.71735949" lon="26.35200158"><ele>81.022</ele><time>2026-10-08T13:28:58Z</time><speed>1.610</speed><sat>35</sat></trkpt>
  <trkpt lat="41.71736876" lon="26.35198226"><ele>81.305</ele><time>2026-10-08T13:28:59Z</time><speed>1.620</speed><sat>35</sat></trkpt>
  <trkpt lat="41.71737809" lon="26.35196314"><ele>82.065</ele><time>2026-10-08T13:29:00Z</time><speed>1.670</speed><sat>35</sat></trkpt>
  <trkpt lat="41.71738800" lon="26.35194379"><ele>82.261</ele><time>2026-10-08T13:29:01Z</time><speed>1.710</speed><sat>35</sat></trkpt>
  <trkpt lat="41.71739726" lon="26.35192482"><ele>82.482</ele><time>2026-10-08T13:29:02Z</time><speed>1.710</speed><sat>35</sat></trkpt>
  <trkpt lat="41.71740863" lon="26.35190484"><ele>83.027</ele><time>2026-10-08T13:29:03Z</time><speed>1.810</speed><sat>35</sat></trkpt>
  <trkpt lat="41.71741918" lon="26.35188491"><ele>82.949</ele><time>2026-10-08T13:29:04Z</time><speed>1.770</speed><sat>35</sat></trkpt>
  <trkpt lat="41.71742860" lon="26.35186496"><ele>81.738</ele><time>2026-10-08T13:29:05Z</time><speed>1.610</speed><sat>35</sat></trkpt>
  <trkpt lat="41.71743720" lon="26.35184523"><ele>81.721</ele><time>2026-10-08T13:29:06Z</time><speed>1.780</speed><sat>35</sat></trkpt>
  <trkpt lat="41.71744371" lon="26.35182523"><ele>81.444</ele><time>2026-10-08T13:29:07Z</time><speed>1.560</speed><sat>35</sat></trkpt>
  <trkpt lat="41.71745013" lon="26.35180636"><ele>80.518</ele><time>2026-10-08T13:29:08Z</time><speed>1.580</speed><sat>35</sat></trkpt>
  <trkpt lat="41.71745614" lon="26.35178988"><ele>80.188</ele><time>2026-10-08T13:29:09Z</time><speed>1.260</speed><sat>35</sat></trkpt>
  <trkpt lat="41.71746314" lon="26.35177587"><ele>80.340</ele><time>2026-10-08T13:29:10Z</time><speed>1.390</speed><sat>35</sat></trkpt>
  <trkpt lat="41.71747097" lon="26.35176226"><ele>79.798</ele><time>2026-10-08T13:29:11Z</time><speed>1.300</speed><sat>35</sat></trkpt>
  <trkpt lat="41.71747904" lon="26.35174831"><ele>79.761</ele><time>2026-10-08T13:29:12Z</time><speed>1.300</speed><sat>35</sat></trkpt>
  <trkpt lat="41.71748623" lon="26.35173526"><ele>80.118</ele><time>2026-10-08T13:29:13Z</time><speed>1.270</speed><sat>35</sat></trkpt>
  <trkpt lat="41.71749482" lon="26.35171784"><ele>80.345</ele><time>2026-10-08T13:29:14Z</time><speed>1.720</speed><sat>34</sat></trkpt>
  <trkpt lat="41.71750106" lon="26.35170039"><ele>81.124</ele><time>2026-10-08T13:29:15Z</time><speed>1.290</speed><sat>34</sat></trkpt>
  <trkpt lat="41.71750515" lon="26.35168150"><ele>81.459</ele><time>2026-10-08T13:29:16Z</time><speed>1.590</speed><sat>34</sat></trkpt>
  <trkpt lat="41.71750554" lon="26.35165424"><ele>82.326</ele><time>2026-10-08T13:29:17Z</time><speed>2.440</speed><sat>34</sat></trkpt>
  <trkpt lat="41.71750278" lon="26.35162704"><ele>84.079</ele><time>2026-10-08T13:29:18Z</time><speed>1.800</speed><sat>34</sat></trkpt>
  <trkpt lat="41.71750270" lon="26.35160502"><ele>84.236</ele><time>2026-10-08T13:29:19Z</time><speed>1.730</speed><sat>35</sat></trkpt>
  <trkpt lat="41.71750458" lon="26.35158333"><ele>84.531</ele><time>2026-10-08T13:29:20Z</time><speed>1.830</speed><sat>35</sat></trkpt>
  <trkpt lat="41.71750987" lon="26.35156112"><ele>85.096</ele><time>2026-10-08T13:29:21Z</time><speed>1.900</speed><sat>35</sat></trkpt>
  <trkpt lat="41.71751582" lon="26.35153950"><ele>84.909</ele><time>2026-10-08T13:29:22Z</time><speed>1.840</speed><sat>35</sat></trkpt>
  <trkpt lat="41.71752087" lon="26.35151900"><ele>84.740</ele><time>2026-10-08T13:29:23Z</time><speed>1.700</speed><sat>35</sat></trkpt>
  <trkpt lat="41.71752554" lon="26.35149923"><ele>84.589</ele><time>2026-10-08T13:29:24Z</time><speed>1.720</speed><sat>35</sat></trkpt>
  <trkpt lat="41.71752889" lon="26.35148049"><ele>84.752</ele><time>2026-10-08T13:29:25Z</time><speed>1.590</speed><sat>34</sat></trkpt>
  <trkpt lat="41.71753238" lon="26.35146254"><ele>84.616</ele><time>2026-10-08T13:29:26Z</time><speed>1.610</speed><sat>35</sat></trkpt>
  <trkpt lat="41.71753595" lon="26.35144552"><ele>84.817</ele><time>2026-10-08T13:29:27Z</time><speed>1.480</speed><sat>35</sat></trkpt>
  <trkpt lat="41.71753900" lon="26.35142939"><ele>84.829</ele><time>2026-10-08T13:29:28Z</time><speed>1.510</speed><sat>35</sat></trkpt>
  <trkpt lat="41.71754203" lon="26.35141400"><ele>85.951</ele><time>2026-10-08T13:29:29Z</time><speed>1.400</speed><sat>35</sat></trkpt>
  <trkpt lat="41.71754492" lon="26.35139893"><ele>86.195</ele><time>2026-10-08T13:29:30Z</time><speed>1.520</speed><sat>35</sat></trkpt>
  <trkpt lat="41.71754954" lon="26.35138256"><ele>86.481</ele><time>2026-10-08T13:29:31Z</time><speed>1.670</speed><sat>35</sat></trkpt>
  <trkpt lat="41.71755519" lon="26.35136664"><ele>86.949</ele><time>2026-10-08T13:29:32Z</time><speed>1.570</speed><sat>35</sat></trkpt>
  <trkpt lat="41.71755903" lon="26.35135429"><ele>86.943</ele><time>2026-10-08T13:29:33Z</time><speed>1.050</speed><sat>35</sat></trkpt>
  <trkpt lat="41.71755933" lon="26.35134785"><ele>86.618</ele><time>2026-10-08T13:29:34Z</time><speed>0.530</speed><sat>35</sat></trkpt>
  <trkpt lat="41.71755704" lon="26.35134232"><ele>84.940</ele><time>2026-10-08T13:29:35Z</time><speed>0.640</speed><sat>34</sat></trkpt>
  <trkpt lat="41.71755296" lon="26.35133128"><ele>84.527</ele><time>2026-10-08T13:29:36Z</time><speed>1.310</speed><sat>34</sat></trkpt>
  <trkpt lat="41.71755214" lon="26.35131369"><ele>85.175</ele><time>2026-10-08T13:29:37Z</time><speed>1.590</speed><sat>33</sat></trkpt>
  <trkpt lat="41.71755456" lon="26.35129513"><ele>85.478</ele><time>2026-10-08T13:29:38Z</time><speed>1.340</speed><sat>33</sat></trkpt>
  <trkpt lat="41.71756134" lon="26.35127902"><ele>86.007</ele><time>2026-10-08T13:29:39Z</time><speed>1.210</speed><sat>31</sat></trkpt>
  <trkpt lat="41.71756920" lon="26.35126357"><ele>85.918</ele><time>2026-10-08T13:29:40Z</time><speed>1.400</speed><sat>31</sat></trkpt>
  <trkpt lat="41.71757751" lon="26.35124637"><ele>86.179</ele><time>2026-10-08T13:29:41Z</time><speed>1.620</speed><sat>27</sat></trkpt>
  <trkpt lat="41.71758415" lon="26.35122851"><ele>86.783</ele><time>2026-10-08T13:29:42Z</time><speed>1.450</speed><sat>29</sat></trkpt>
  <trkpt lat="41.71758898" lon="26.35121087"><ele>87.367</ele><time>2026-10-08T13:29:43Z</time><speed>1.480</speed><sat>30</sat></trkpt>
  <trkpt lat="41.71759285" lon="26.35119224"><ele>86.891</ele><time>2026-10-08T13:29:44Z</time><speed>1.620</speed><sat>29</sat></trkpt>
  <trkpt lat="41.71759698" lon="26.35117295"><ele>85.979</ele><time>2026-10-08T13:29:45Z</time><speed>1.570</speed><sat>28</sat></trkpt>
  <trkpt lat="41.71760130" lon="26.35115396"><ele>86.017</ele><time>2026-10-08T13:29:46Z</time><speed>1.640</speed><sat>28</sat></trkpt>
  <trkpt lat="41.71760483" lon="26.35113449"><ele>85.832</ele><time>2026-10-08T13:29:47Z</time><speed>1.690</speed><sat>28</sat></trkpt>
  <trkpt lat="41.71760884" lon="26.35111350"><ele>85.514</ele><time>2026-10-08T13:29:48Z</time><speed>1.770</speed><sat>27</sat></trkpt>
  <trkpt lat="41.71761309" lon="26.35109219"><ele>85.180</ele><time>2026-10-08T13:29:49Z</time><speed>1.750</speed><sat>25</sat></trkpt>
  <trkpt lat="41.71761810" lon="26.35107149"><ele>85.138</ele><time>2026-10-08T13:29:50Z</time><speed>1.840</speed><sat>25</sat></trkpt>
  <trkpt lat="41.71762334" lon="26.35105039"><ele>85.410</ele><time>2026-10-08T13:29:51Z</time><speed>1.840</speed><sat>24</sat></trkpt>
  <trkpt lat="41.71762826" lon="26.35103003"><ele>85.252</ele><time>2026-10-08T13:29:52Z</time><speed>1.760</speed><sat>24</sat></trkpt>
  <trkpt lat="41.71763054" lon="26.35101147"><ele>85.178</ele><time>2026-10-08T13:29:53Z</time><speed>1.640</speed><sat>24</sat></trkpt>
  <trkpt lat="41.71763176" lon="26.35099236"><ele>84.925</ele><time>2026-10-08T13:29:54Z</time><speed>1.630</speed><sat>25</sat></trkpt>
  <trkpt lat="41.71763411" lon="26.35097379"><ele>84.896</ele><time>2026-10-08T13:29:55Z</time><speed>1.590</speed><sat>27</sat></trkpt>
  <trkpt lat="41.71763762" lon="26.35095715"><ele>85.006</ele><time>2026-10-08T13:29:56Z</time><speed>1.460</speed><sat>27</sat></trkpt>
  <trkpt lat="41.71764141" lon="26.35094086"><ele>84.132</ele><time>2026-10-08T13:29:57Z</time><speed>1.510</speed><sat>27</sat></trkpt>
  <trkpt lat="41.71764443" lon="26.35092477"><ele>83.229</ele><time>2026-10-08T13:29:58Z</time><speed>1.560</speed><sat>26</sat></trkpt>
  <trkpt lat="41.71764819" lon="26.35090760"><ele>83.843</ele><time>2026-10-08T13:29:59Z</time><speed>1.590</speed><sat>31</sat></trkpt>
  <trkpt lat="41.71765228" lon="26.35089042"><ele>83.954</ele><time>2026-10-08T13:30:00Z</time><speed>1.620</speed><sat>33</sat></trkpt>
  <trkpt lat="41.71765728" lon="26.35087371"><ele>83.954</ele><time>2026-10-08T13:30:01Z</time><speed>1.610</speed><sat>34</sat></trkpt>
  <trkpt lat="41.71766135" lon="26.35085590"><ele>84.081</ele><time>2026-10-08T13:30:02Z</time><speed>1.640</speed><sat>34</sat></trkpt>
  <trkpt lat="41.71766468" lon="26.35083839"><ele>83.686</ele><time>2026-10-08T13:30:03Z</time><speed>1.620</speed><sat>34</sat></trkpt>
  <trkpt lat="41.71766459" lon="26.35081908"><ele>85.462</ele><time>2026-10-08T13:30:04Z</time><speed>1.660</speed><sat>34</sat></trkpt>
  <trkpt lat="41.71766471" lon="26.35080015"><ele>86.062</ele><time>2026-10-08T13:30:05Z</time><speed>1.720</speed><sat>32</sat></trkpt>
  <trkpt lat="41.71766461" lon="26.35078043"><ele>86.448</ele><time>2026-10-08T13:30:06Z</time><speed>1.810</speed><sat>33</sat></trkpt>
  <trkpt lat="41.71766481" lon="26.35076100"><ele>86.537</ele><time>2026-10-08T13:30:07Z</time><speed>1.730</speed><sat>33</sat></trkpt>
  <trkpt lat="41.71766658" lon="26.35074151"><ele>87.442</ele><time>2026-10-08T13:30:08Z</time><speed>1.780</speed><sat>33</sat></trkpt>
  <trkpt lat="41.71766953" lon="26.35072153"><ele>86.904</ele><time>2026-10-08T13:30:09Z</time><speed>1.750</speed><sat>33</sat></trkpt>
  <trkpt lat="41.71767244" lon="26.35070097"><ele>86.521</ele><time>2026-10-08T13:30:10Z</time><speed>1.860</speed><sat>33</sat></trkpt>
  <trkpt lat="41.71767594" lon="26.35068044"><ele>87.265</ele><time>2026-10-08T13:30:11Z</time><speed>1.720</speed><sat>33</sat></trkpt>
  <trkpt lat="41.71767577" lon="26.35066194"><ele>87.344</ele><time>2026-10-08T13:30:12Z</time><speed>1.550</speed><sat>33</sat></trkpt>
  <trkpt lat="41.71767684" lon="26.35064488"><ele>87.572</ele><time>2026-10-08T13:30:13Z</time><speed>1.400</speed><sat>33</sat></trkpt>
  <trkpt lat="41.71767914" lon="26.35062901"><ele>87.643</ele><time>2026-10-08T13:30:14Z</time><speed>1.420</speed><sat>33</sat></trkpt>
  <trkpt lat="41.71768324" lon="26.35061090"><ele>87.371</ele><time>2026-10-08T13:30:15Z</time><speed>1.600</speed><sat>33</sat></trkpt>
  <trkpt lat="41.71768421" lon="26.35058720"><ele>87.149</ele><time>2026-10-08T13:30:16Z</time><speed>2.170</speed><sat>33</sat></trkpt>
  <trkpt lat="41.71768561" lon="26.35056688"><ele>88.552</ele><time>2026-10-08T13:30:17Z</time><speed>0.980</speed><sat>33</sat></trkpt>
  <trkpt lat="41.71768537" lon="26.35055072"><ele>87.531</ele><time>2026-10-08T13:30:18Z</time><speed>1.360</speed><sat>34</sat></trkpt>
  <trkpt lat="41.71768923" lon="26.35054195"><ele>87.388</ele><time>2026-10-08T13:30:19Z</time><speed>0.000</speed><sat>35</sat></trkpt>
  <trkpt lat="41.71768809" lon="26.35053060"><ele>87.250</ele><time>2026-10-08T13:30:20Z</time><speed>1.190</speed><sat>35</sat></trkpt>
  <trkpt lat="41.71768817" lon="26.35051620"><ele>88.093</ele><time>2026-10-08T13:30:21Z</time><speed>0.950</speed><sat>35</sat></trkpt>
  <trkpt lat="41.71768915" lon="26.35050878"><ele>88.491</ele><time>2026-10-08T13:30:22Z</time><speed>0.420</speed><sat>35</sat></trkpt>
  <trkpt lat="41.71769075" lon="26.35050662"><ele>88.538</ele><time>2026-10-08T13:30:23Z</time><speed>0.000</speed><sat>35</sat></trkpt>
  <trkpt lat="41.71769147" lon="26.35050673"><ele>88.560</ele><time>2026-10-08T13:30:24Z</time><speed>0.000</speed><sat>35</sat></trkpt>
  <trkpt lat="41.71769190" lon="26.35050676"><ele>88.576</ele><time>2026-10-08T13:30:25Z</time><speed>0.000</speed><sat>35</sat></trkpt>
  <trkpt lat="41.71769213" lon="26.35050674"><ele>88.579</ele><time>2026-10-08T13:30:26Z</time><speed>0.000</speed><sat>36</sat></trkpt>
  <trkpt lat="41.71769099" lon="26.35050482"><ele>88.436</ele><time>2026-10-08T13:30:27Z</time><speed>0.000</speed><sat>36</sat></trkpt>
  <trkpt lat="41.71769129" lon="26.35050140"><ele>88.273</ele><time>2026-10-08T13:30:28Z</time><speed>0.320</speed><sat>36</sat></trkpt>
  <trkpt lat="41.71767412" lon="26.35048187"><ele>88.948</ele><time>2026-10-08T13:30:29Z</time><speed>3.610</speed><sat>36</sat></trkpt>
  <trkpt lat="41.71764643" lon="26.35044718"><ele>89.240</ele><time>2026-10-08T13:30:30Z</time><speed>3.730</speed><sat>36</sat></trkpt>
  <trkpt lat="41.71762869" lon="26.35042074"><ele>88.480</ele><time>2026-10-08T13:30:31Z</time><speed>2.240</speed><sat>36</sat></trkpt>
  <trkpt lat="41.71762458" lon="26.35040167"><ele>87.922</ele><time>2026-10-08T13:30:32Z</time><speed>1.530</speed><sat>36</sat></trkpt>
  <trkpt lat="41.71762595" lon="26.35038593"><ele>86.890</ele><time>2026-10-08T13:30:33Z</time><speed>1.240</speed><sat>36</sat></trkpt>
  <trkpt lat="41.71763206" lon="26.35037211"><ele>86.159</ele><time>2026-10-08T13:30:34Z</time><speed>0.680</speed><sat>35</sat></trkpt>
  <trkpt lat="41.71764100" lon="26.35035790"><ele>86.171</ele><time>2026-10-08T13:30:35Z</time><speed>1.190</speed><sat>35</sat></trkpt>
  <trkpt lat="41.71765025" lon="26.35034001"><ele>85.237</ele><time>2026-10-08T13:30:36Z</time><speed>1.310</speed><sat>34</sat></trkpt>
  <trkpt lat="41.71765841" lon="26.35031982"><ele>84.986</ele><time>2026-10-08T13:30:37Z</time><speed>1.490</speed><sat>34</sat></trkpt>
  <trkpt lat="41.71766418" lon="26.35030163"><ele>84.766</ele><time>2026-10-08T13:30:38Z</time><speed>1.130</speed><sat>32</sat></trkpt>
  <trkpt lat="41.71767024" lon="26.35028448"><ele>85.103</ele><time>2026-10-08T13:30:39Z</time><speed>1.270</speed><sat>32</sat></trkpt>
  <trkpt lat="41.71767464" lon="26.35026214"><ele>84.414</ele><time>2026-10-08T13:30:40Z</time><speed>1.850</speed><sat>32</sat></trkpt>
  <trkpt lat="41.71767964" lon="26.35024148"><ele>84.343</ele><time>2026-10-08T13:30:41Z</time><speed>1.400</speed><sat>32</sat></trkpt>
  <trkpt lat="41.71768665" lon="26.35022277"><ele>83.478</ele><time>2026-10-08T13:30:42Z</time><speed>1.640</speed><sat>32</sat></trkpt>
  <trkpt lat="41.71769423" lon="26.35020206"><ele>83.368</ele><time>2026-10-08T13:30:43Z</time><speed>1.780</speed><sat>33</sat></trkpt>
  <trkpt lat="41.71770154" lon="26.35018213"><ele>83.355</ele><time>2026-10-08T13:30:44Z</time><speed>1.560</speed><sat>33</sat></trkpt>
  <trkpt lat="41.71770449" lon="26.35016504"><ele>83.010</ele><time>2026-10-08T13:30:45Z</time><speed>1.310</speed><sat>33</sat></trkpt>
  <trkpt lat="41.71770481" lon="26.35014743"><ele>83.544</ele><time>2026-10-08T13:30:46Z</time><speed>1.470</speed><sat>33</sat></trkpt>
  <trkpt lat="41.71770467" lon="26.35013052"><ele>83.898</ele><time>2026-10-08T13:30:47Z</time><speed>1.240</speed><sat>33</sat></trkpt>
  <trkpt lat="41.71770462" lon="26.35011315"><ele>84.239</ele><time>2026-10-08T13:30:48Z</time><speed>1.350</speed><sat>32</sat></trkpt>
  <trkpt lat="41.71770623" lon="26.35009251"><ele>84.549</ele><time>2026-10-08T13:30:49Z</time><speed>1.670</speed><sat>29</sat></trkpt>
  <trkpt lat="41.71771093" lon="26.35006786"><ele>84.969</ele><time>2026-10-08T13:30:50Z</time><speed>2.100</speed><sat>29</sat></trkpt>
  <trkpt lat="41.71771929" lon="26.35004303"><ele>84.794</ele><time>2026-10-08T13:30:51Z</time><speed>1.910</speed><sat>30</sat></trkpt>
  <trkpt lat="41.71772857" lon="26.35002225"><ele>84.503</ele><time>2026-10-08T13:30:52Z</time><speed>1.660</speed><sat>32</sat></trkpt>
  <trkpt lat="41.71773645" lon="26.35000245"><ele>84.495</ele><time>2026-10-08T13:30:53Z</time><speed>1.570</speed><sat>32</sat></trkpt>
  <trkpt lat="41.71774120" lon="26.34998561"><ele>84.283</ele><time>2026-10-08T13:30:54Z</time><speed>1.380</speed><sat>33</sat></trkpt>
  <trkpt lat="41.71774559" lon="26.34997080"><ele>83.762</ele><time>2026-10-08T13:30:55Z</time><speed>1.220</speed><sat>34</sat></trkpt>
  <trkpt lat="41.71774952" lon="26.34995684"><ele>83.393</ele><time>2026-10-08T13:30:56Z</time><speed>1.160</speed><sat>34</sat></trkpt>
  <trkpt lat="41.71775153" lon="26.34994059"><ele>84.892</ele><time>2026-10-08T13:30:57Z</time><speed>1.480</speed><sat>34</sat></trkpt>
  <trkpt lat="41.71775114" lon="26.34992242"><ele>84.044</ele><time>2026-10-08T13:30:58Z</time><speed>1.370</speed><sat>34</sat></trkpt>
  <trkpt lat="41.71774563" lon="26.34990066"><ele>83.075</ele><time>2026-10-08T13:30:59Z</time><speed>1.930</speed><sat>33</sat></trkpt>
  <trkpt lat="41.71774246" lon="26.34987555"><ele>82.885</ele><time>2026-10-08T13:31:00Z</time><speed>1.900</speed><sat>32</sat></trkpt>
  <trkpt lat="41.71774316" lon="26.34985114"><ele>83.824</ele><time>2026-10-08T13:31:01Z</time><speed>1.710</speed><sat>29</sat></trkpt>
  <trkpt lat="41.71774461" lon="26.34982905"><ele>82.638</ele><time>2026-10-08T13:31:02Z</time><speed>1.410</speed><sat>28</sat></trkpt>
  <trkpt lat="41.71774407" lon="26.34981106"><ele>82.943</ele><time>2026-10-08T13:31:03Z</time><speed>1.310</speed><sat>27</sat></trkpt>
  <trkpt lat="41.71773990" lon="26.34979356"><ele>83.882</ele><time>2026-10-08T13:31:04Z</time><speed>1.630</speed><sat>25</sat></trkpt>
  <trkpt lat="41.71772926" lon="26.34977862"><ele>83.914</ele><time>2026-10-08T13:31:05Z</time><speed>1.850</speed><sat>25</sat></trkpt>
  <trkpt lat="41.71771541" lon="26.34976486"><ele>84.947</ele><time>2026-10-08T13:31:06Z</time><speed>1.900</speed><sat>25</sat></trkpt>
  <trkpt lat="41.71770628" lon="26.34974968"><ele>85.083</ele><time>2026-10-08T13:31:07Z</time><speed>1.620</speed><sat>25</sat></trkpt>
  <trkpt lat="41.71770151" lon="26.34973296"><ele>84.133</ele><time>2026-10-08T13:31:08Z</time><speed>1.390</speed><sat>25</sat></trkpt>
  <trkpt lat="41.71770377" lon="26.34971565"><ele>84.198</ele><time>2026-10-08T13:31:09Z</time><speed>1.070</speed><sat>25</sat></trkpt>
  <trkpt lat="41.71771176" lon="26.34969556"><ele>84.561</ele><time>2026-10-08T13:31:10Z</time><speed>1.460</speed><sat>28</sat></trkpt>
  <trkpt lat="41.71772257" lon="26.34967478"><ele>85.287</ele><time>2026-10-08T13:31:11Z</time><speed>1.310</speed><sat>29</sat></trkpt>
  <trkpt lat="41.71773323" lon="26.34965457"><ele>84.891</ele><time>2026-10-08T13:31:12Z</time><speed>1.390</speed><sat>30</sat></trkpt>
  <trkpt lat="41.71774303" lon="26.34963371"><ele>83.630</ele><time>2026-10-08T13:31:13Z</time><speed>1.440</speed><sat>31</sat></trkpt>
  <trkpt lat="41.71775260" lon="26.34961275"><ele>82.701</ele><time>2026-10-08T13:31:14Z</time><speed>1.480</speed><sat>31</sat></trkpt>
  <trkpt lat="41.71776197" lon="26.34959144"><ele>82.672</ele><time>2026-10-08T13:31:15Z</time><speed>1.560</speed><sat>33</sat></trkpt>
  <trkpt lat="41.71776901" lon="26.34957477"><ele>81.206</ele><time>2026-10-08T13:31:16Z</time><speed>0.980</speed><sat>33</sat></trkpt>
  <trkpt lat="41.71777540" lon="26.34956171"><ele>82.198</ele><time>2026-10-08T13:31:17Z</time><speed>1.020</speed><sat>33</sat></trkpt>
  <trkpt lat="41.71778357" lon="26.34954502"><ele>82.599</ele><time>2026-10-08T13:31:18Z</time><speed>1.380</speed><sat>33</sat></trkpt>
  <trkpt lat="41.71779227" lon="26.34952639"><ele>83.215</ele><time>2026-10-08T13:31:19Z</time><speed>1.460</speed><sat>34</sat></trkpt>
  <trkpt lat="41.71780285" lon="26.34950673"><ele>83.332</ele><time>2026-10-08T13:31:20Z</time><speed>1.640</speed><sat>34</sat></trkpt>
  <trkpt lat="41.71781437" lon="26.34948839"><ele>83.053</ele><time>2026-10-08T13:31:21Z</time><speed>1.570</speed><sat>35</sat></trkpt>
  <trkpt lat="41.71782533" lon="26.34947154"><ele>83.341</ele><time>2026-10-08T13:31:22Z</time><speed>1.530</speed><sat>35</sat></trkpt>
  <trkpt lat="41.71783600" lon="26.34945421"><ele>83.258</ele><time>2026-10-08T13:31:23Z</time><speed>1.610</speed><sat>36</sat></trkpt>
  <trkpt lat="41.71784433" lon="26.34943495"><ele>82.648</ele><time>2026-10-08T13:31:24Z</time><speed>1.680</speed><sat>36</sat></trkpt>
  <trkpt lat="41.71785373" lon="26.34941467"><ele>83.567</ele><time>2026-10-08T13:31:25Z</time><speed>1.740</speed><sat>36</sat></trkpt>
  <trkpt lat="41.71786354" lon="26.34939445"><ele>83.208</ele><time>2026-10-08T13:31:26Z</time><speed>1.700</speed><sat>36</sat></trkpt>
  <trkpt lat="41.71787124" lon="26.34937541"><ele>82.168</ele><time>2026-10-08T13:31:27Z</time><speed>1.590</speed><sat>35</sat></trkpt>
  <trkpt lat="41.71787918" lon="26.34935691"><ele>82.426</ele><time>2026-10-08T13:31:28Z</time><speed>1.650</speed><sat>35</sat></trkpt>
  <trkpt lat="41.71788642" lon="26.34933682"><ele>83.797</ele><time>2026-10-08T13:31:29Z</time><speed>1.640</speed><sat>35</sat></trkpt>
  <trkpt lat="41.71789356" lon="26.34931509"><ele>85.241</ele><time>2026-10-08T13:31:30Z</time><speed>1.700</speed><sat>35</sat></trkpt>
  <trkpt lat="41.71789907" lon="26.34929161"><ele>86.297</ele><time>2026-10-08T13:31:31Z</time><speed>1.620</speed><sat>35</sat></trkpt>
  <trkpt lat="41.71790421" lon="26.34926980"><ele>87.948</ele><time>2026-10-08T13:31:32Z</time><speed>1.540</speed><sat>35</sat></trkpt>
  <trkpt lat="41.71790812" lon="26.34925567"><ele>88.202</ele><time>2026-10-08T13:31:33Z</time><speed>0.740</speed><sat>35</sat></trkpt>
  <trkpt lat="41.71791339" lon="26.34924542"><ele>88.227</ele><time>2026-10-08T13:31:34Z</time><speed>1.090</speed><sat>35</sat></trkpt>
  <trkpt lat="41.71792156" lon="26.34923638"><ele>87.240</ele><time>2026-10-08T13:31:35Z</time><speed>1.210</speed><sat>35</sat></trkpt>
  <trkpt lat="41.71793037" lon="26.34922555"><ele>86.860</ele><time>2026-10-08T13:31:36Z</time><speed>1.210</speed><sat>34</sat></trkpt>
  <trkpt lat="41.71793942" lon="26.34921116"><ele>87.252</ele><time>2026-10-08T13:31:37Z</time><speed>1.340</speed><sat>34</sat></trkpt>
  <trkpt lat="41.71794855" lon="26.34919321"><ele>85.308</ele><time>2026-10-08T13:31:38Z</time><speed>1.520</speed><sat>32</sat></trkpt>
  <trkpt lat="41.71795651" lon="26.34917363"><ele>86.055</ele><time>2026-10-08T13:31:39Z</time><speed>1.460</speed><sat>32</sat></trkpt>
  <trkpt lat="41.71796396" lon="26.34915541"><ele>85.619</ele><time>2026-10-08T13:31:40Z</time><speed>1.440</speed><sat>32</sat></trkpt>
  <trkpt lat="41.71797017" lon="26.34913791"><ele>86.184</ele><time>2026-10-08T13:31:41Z</time><speed>1.400</speed><sat>32</sat></trkpt>
  <trkpt lat="41.71797566" lon="26.34911947"><ele>86.615</ele><time>2026-10-08T13:31:42Z</time><speed>1.500</speed><sat>33</sat></trkpt>
  <trkpt lat="41.71798331" lon="26.34910063"><ele>86.858</ele><time>2026-10-08T13:31:43Z</time><speed>2.060</speed><sat>32</sat></trkpt>
  <trkpt lat="41.71799377" lon="26.34908366"><ele>86.359</ele><time>2026-10-08T13:31:44Z</time><speed>2.020</speed><sat>34</sat></trkpt>
  <trkpt lat="41.71800272" lon="26.34907319"><ele>86.638</ele><time>2026-10-08T13:31:45Z</time><speed>1.270</speed><sat>34</sat></trkpt>
  <trkpt lat="41.71800916" lon="26.34906557"><ele>86.644</ele><time>2026-10-08T13:31:46Z</time><speed>1.220</speed><sat>34</sat></trkpt>
  <trkpt lat="41.71801533" lon="26.34906477"><ele>85.900</ele><time>2026-10-08T13:31:47Z</time><speed>1.050</speed><sat>34</sat></trkpt>
  <trkpt lat="41.71802332" lon="26.34906534"><ele>84.496</ele><time>2026-10-08T13:31:48Z</time><speed>1.100</speed><sat>33</sat></trkpt>
  <trkpt lat="41.71802914" lon="26.34906967"><ele>84.702</ele><time>2026-10-08T13:31:49Z</time><speed>0.650</speed><sat>33</sat></trkpt>
  <trkpt lat="41.71803183" lon="26.34907221"><ele>83.606</ele><time>2026-10-08T13:31:50Z</time><speed>0.370</speed><sat>32</sat></trkpt>
  <trkpt lat="41.71803280" lon="26.34907453"><ele>83.397</ele><time>2026-10-08T13:31:51Z</time><speed>0.430</speed><sat>32</sat></trkpt>
  <trkpt lat="41.71803462" lon="26.34907873"><ele>83.358</ele><time>2026-10-08T13:31:52Z</time><speed>0.490</speed><sat>31</sat></trkpt>
  <trkpt lat="41.71803632" lon="26.34908226"><ele>83.262</ele><time>2026-10-08T13:31:53Z</time><speed>0.300</speed><sat>31</sat></trkpt>
  <trkpt lat="41.71803619" lon="26.34908251"><ele>82.698</ele><time>2026-10-08T13:31:54Z</time><speed>0.290</speed><sat>31</sat></trkpt>
  <trkpt lat="41.71803363" lon="26.34907935"><ele>81.961</ele><time>2026-10-08T13:31:55Z</time><speed>0.570</speed><sat>29</sat></trkpt>
  <trkpt lat="41.71802650" lon="26.34907697"><ele>81.729</ele><time>2026-10-08T13:31:56Z</time><speed>0.840</speed><sat>30</sat></trkpt>
  <trkpt lat="41.71801639" lon="26.34908327"><ele>81.502</ele><time>2026-10-08T13:31:57Z</time><speed>1.640</speed><sat>30</sat></trkpt>
  <trkpt lat="41.71800752" lon="26.34910062"><ele>83.053</ele><time>2026-10-08T13:31:58Z</time><speed>1.850</speed><sat>30</sat></trkpt>
  <trkpt lat="41.71800336" lon="26.34912371"><ele>83.883</ele><time>2026-10-08T13:31:59Z</time><speed>1.910</speed><sat>30</sat></trkpt>
  <trkpt lat="41.71800307" lon="26.34914757"><ele>84.062</ele><time>2026-10-08T13:32:00Z</time><speed>1.850</speed><sat>30</sat></trkpt>
  <trkpt lat="41.71800610" lon="26.34916562"><ele>84.132</ele><time>2026-10-08T13:32:01Z</time><speed>1.380</speed><sat>30</sat></trkpt>
  <trkpt lat="41.71801136" lon="26.34917491"><ele>83.542</ele><time>2026-10-08T13:32:02Z</time><speed>1.030</speed><sat>27</sat></trkpt>
  <trkpt lat="41.71801897" lon="26.34918118"><ele>84.420</ele><time>2026-10-08T13:32:03Z</time><speed>0.730</speed><sat>25</sat></trkpt>
  <trkpt lat="41.71802894" lon="26.34918306"><ele>85.177</ele><time>2026-10-08T13:32:04Z</time><speed>0.700</speed><sat>25</sat></trkpt>
  <trkpt lat="41.71804454" lon="26.34917754"><ele>85.078</ele><time>2026-10-08T13:32:05Z</time><speed>1.920</speed><sat>25</sat></trkpt>
  <trkpt lat="41.71806457" lon="26.34916882"><ele>84.452</ele><time>2026-10-08T13:32:06Z</time><speed>2.130</speed><sat>25</sat></trkpt>
  <trkpt lat="41.71808183" lon="26.34916030"><ele>84.738</ele><time>2026-10-08T13:32:07Z</time><speed>1.730</speed><sat>24</sat></trkpt>
  <trkpt lat="41.71809374" lon="26.34915041"><ele>84.288</ele><time>2026-10-08T13:32:08Z</time><speed>1.310</speed><sat>24</sat></trkpt>
  <trkpt lat="41.71810378" lon="26.34913955"><ele>84.482</ele><time>2026-10-08T13:32:09Z</time><speed>1.430</speed><sat>24</sat></trkpt>
  <trkpt lat="41.71811445" lon="26.34913121"><ele>83.272</ele><time>2026-10-08T13:32:10Z</time><speed>1.160</speed><sat>25</sat></trkpt>
  <trkpt lat="41.71812509" lon="26.34912735"><ele>82.921</ele><time>2026-10-08T13:32:11Z</time><speed>1.280</speed><sat>26</sat></trkpt>
  <trkpt lat="41.71813614" lon="26.34912720"><ele>83.149</ele><time>2026-10-08T13:32:12Z</time><speed>0.950</speed><sat>26</sat></trkpt>
  <trkpt lat="41.71814583" lon="26.34912746"><ele>82.004</ele><time>2026-10-08T13:32:13Z</time><speed>0.520</speed><sat>30</sat></trkpt>
  <trkpt lat="41.71815605" lon="26.34912902"><ele>81.783</ele><time>2026-10-08T13:32:14Z</time><speed>0.680</speed><sat>31</sat></trkpt>
  <trkpt lat="41.71816725" lon="26.34913496"><ele>82.425</ele><time>2026-10-08T13:32:15Z</time><speed>0.820</speed><sat>31</sat></trkpt>
  <trkpt lat="41.71818000" lon="26.34914654"><ele>82.917</ele><time>2026-10-08T13:32:16Z</time><speed>1.080</speed><sat>31</sat></trkpt>
  <trkpt lat="41.71819783" lon="26.34916458"><ele>83.258</ele><time>2026-10-08T13:32:17Z</time><speed>1.890</speed><sat>31</sat></trkpt>
  <trkpt lat="41.71821027" lon="26.34917638"><ele>82.177</ele><time>2026-10-08T13:32:18Z</time><speed>0.340</speed><sat>31</sat></trkpt>
  <trkpt lat="41.71821988" lon="26.34918116"><ele>81.028</ele><time>2026-10-08T13:32:19Z</time><speed>0.700</speed><sat>28</sat></trkpt>
  <trkpt lat="41.71822828" lon="26.34918125"><ele>80.090</ele><time>2026-10-08T13:32:20Z</time><speed>0.480</speed><sat>28</sat></trkpt>
  <trkpt lat="41.71823627" lon="26.34917248"><ele>80.508</ele><time>2026-10-08T13:32:21Z</time><speed>1.340</speed><sat>30</sat></trkpt>
  <trkpt lat="41.71824548" lon="26.34915907"><ele>80.344</ele><time>2026-10-08T13:32:22Z</time><speed>1.710</speed><sat>31</sat></trkpt>
  <trkpt lat="41.71825194" lon="26.34914109"><ele>80.258</ele><time>2026-10-08T13:32:23Z</time><speed>1.270</speed><sat>31</sat></trkpt>
  <trkpt lat="41.71825550" lon="26.34912554"><ele>79.462</ele><time>2026-10-08T13:32:24Z</time><speed>1.110</speed><sat>31</sat></trkpt>
  <trkpt lat="41.71826011" lon="26.34911245"><ele>80.642</ele><time>2026-10-08T13:32:25Z</time><speed>1.230</speed><sat>32</sat></trkpt>
  <trkpt lat="41.71826276" lon="26.34910336"><ele>80.944</ele><time>2026-10-08T13:32:26Z</time><speed>0.380</speed><sat>33</sat></trkpt>
  <trkpt lat="41.71826307" lon="26.34909153"><ele>78.975</ele><time>2026-10-08T13:32:27Z</time><speed>0.600</speed><sat>34</sat></trkpt>
  <trkpt lat="41.71826044" lon="26.34907594"><ele>78.103</ele><time>2026-10-08T13:32:28Z</time><speed>0.540</speed><sat>35</sat></trkpt>
  <trkpt lat="41.71825088" lon="26.34905333"><ele>78.411</ele><time>2026-10-08T13:32:29Z</time><speed>0.000</speed><sat>36</sat></trkpt>
  <trkpt lat="41.71824584" lon="26.34904315"><ele>78.388</ele><time>2026-10-08T13:32:30Z</time><speed>0.000</speed><sat>36</sat></trkpt>
  <trkpt lat="41.71824383" lon="26.34903673"><ele>78.263</ele><time>2026-10-08T13:32:31Z</time><speed>0.000</speed><sat>36</sat></trkpt>
  <trkpt lat="41.71824005" lon="26.34903098"><ele>78.941</ele><time>2026-10-08T13:32:32Z</time><speed>0.000</speed><sat>36</sat></trkpt>
  <trkpt lat="41.71823783" lon="26.34902770"><ele>78.954</ele><time>2026-10-08T13:32:33Z</time><speed>0.000</speed><sat>33</sat></trkpt>
  <trkpt lat="41.71823709" lon="26.34902659"><ele>78.951</ele><time>2026-10-08T13:32:34Z</time><speed>0.000</speed><sat>33</sat></trkpt>
  <trkpt lat="41.71823741" lon="26.34903502"><ele>78.589</ele><time>2026-10-08T13:32:35Z</time><speed>0.910</speed><sat>33</sat></trkpt>
  <trkpt lat="41.71823755" lon="26.34904578"><ele>77.238</ele><time>2026-10-08T13:32:36Z</time><speed>0.320</speed><sat>34</sat></trkpt>
  <trkpt lat="41.71823531" lon="26.34905673"><ele>76.064</ele><time>2026-10-08T13:32:37Z</time><speed>0.840</speed><sat>33</sat></trkpt>
  <trkpt lat="41.71823134" lon="26.34907060"><ele>75.061</ele><time>2026-10-08T13:32:38Z</time><speed>1.030</speed><sat>34</sat></trkpt>
  <trkpt lat="41.71822345" lon="26.34908770"><ele>74.658</ele><time>2026-10-08T13:32:39Z</time><speed>1.580</speed><sat>34</sat></trkpt>
  <trkpt lat="41.71821236" lon="26.34910969"><ele>74.716</ele><time>2026-10-08T13:32:40Z</time><speed>2.030</speed><sat>35</sat></trkpt>
  <trkpt lat="41.71820130" lon="26.34912799"><ele>74.852</ele><time>2026-10-08T13:32:41Z</time><speed>1.090</speed><sat>34</sat></trkpt>
  <trkpt lat="41.71819200" lon="26.34914447"><ele>76.027</ele><time>2026-10-08T13:32:42Z</time><speed>1.310</speed><sat>34</sat></trkpt>
  <trkpt lat="41.71818313" lon="26.34916472"><ele>75.615</ele><time>2026-10-08T13:32:43Z</time><speed>1.610</speed><sat>34</sat></trkpt>
  <trkpt lat="41.71817712" lon="26.34918979"><ele>75.942</ele><time>2026-10-08T13:32:44Z</time><speed>1.750</speed><sat>34</sat></trkpt>
  <trkpt lat="41.71817286" lon="26.34921109"><ele>76.361</ele><time>2026-10-08T13:32:45Z</time><speed>1.370</speed><sat>33</sat></trkpt>
  <trkpt lat="41.71817173" lon="26.34923186"><ele>78.225</ele><time>2026-10-08T13:32:46Z</time><speed>1.660</speed><sat>30</sat></trkpt>
  <trkpt lat="41.71817457" lon="26.34925170"><ele>79.430</ele><time>2026-10-08T13:32:47Z</time><speed>1.170</speed><sat>29</sat></trkpt>
  <trkpt lat="41.71817934" lon="26.34925960"><ele>80.745</ele><time>2026-10-08T13:32:48Z</time><speed>0.250</speed><sat>29</sat></trkpt>
  <trkpt lat="41.71818631" lon="26.34926008"><ele>81.036</ele><time>2026-10-08T13:32:49Z</time><speed>0.730</speed><sat>27</sat></trkpt>
  <trkpt lat="41.71819234" lon="26.34926046"><ele>81.304</ele><time>2026-10-08T13:32:50Z</time><speed>0.000</speed><sat>27</sat></trkpt>
  <trkpt lat="41.71819879" lon="26.34925304"><ele>81.033</ele><time>2026-10-08T13:32:51Z</time><speed>0.640</speed><sat>27</sat></trkpt>
  <trkpt lat="41.71820824" lon="26.34924393"><ele>80.568</ele><time>2026-10-08T13:32:52Z</time><speed>0.670</speed><sat>27</sat></trkpt>
  <trkpt lat="41.71821356" lon="26.34923562"><ele>80.226</ele><time>2026-10-08T13:32:53Z</time><speed>0.440</speed><sat>27</sat></trkpt>
  <trkpt lat="41.71821350" lon="26.34922550"><ele>80.110</ele><time>2026-10-08T13:32:54Z</time><speed>0.800</speed><sat>27</sat></trkpt>
  <trkpt lat="41.71820804" lon="26.34921406"><ele>79.820</ele><time>2026-10-08T13:32:55Z</time><speed>1.240</speed><sat>27</sat></trkpt>
  <trkpt lat="41.71819920" lon="26.34920254"><ele>79.620</ele><time>2026-10-08T13:32:56Z</time><speed>1.450</speed><sat>27</sat></trkpt>
  <trkpt lat="41.71818854" lon="26.34918925"><ele>79.419</ele><time>2026-10-08T13:32:57Z</time><speed>1.700</speed><sat>25</sat></trkpt>
  <trkpt lat="41.71818258" lon="26.34918152"><ele>79.507</ele><time>2026-10-08T13:32:58Z</time><speed>0.000</speed><sat>20</sat></trkpt>
  <trkpt lat="41.71827648" lon="26.34871953"><ele>87.134</ele><time>2026-10-08T13:34:02Z</time><speed>0.380</speed><sat>21</sat></trkpt>
  <trkpt lat="41.71831744" lon="26.34871441"><ele>82.853</ele><time>2026-10-08T13:34:03Z</time><speed>0.610</speed><sat>21</sat></trkpt>
  <trkpt lat="41.71832976" lon="26.34870802"><ele>80.473</ele><time>2026-10-08T13:34:04Z</time><speed>1.600</speed><sat>21</sat></trkpt>
  <trkpt lat="41.71834243" lon="26.34871034"><ele>77.547</ele><time>2026-10-08T13:34:05Z</time><speed>0.830</speed><sat>22</sat></trkpt>
  <trkpt lat="41.71835000" lon="26.34870752"><ele>75.174</ele><time>2026-10-08T13:34:06Z</time><speed>0.830</speed><sat>22</sat></trkpt>
  <trkpt lat="41.71835547" lon="26.34870136"><ele>71.760</ele><time>2026-10-08T13:34:07Z</time><speed>0.720</speed><sat>30</sat></trkpt>
  <trkpt lat="41.71835898" lon="26.34868679"><ele>74.218</ele><time>2026-10-08T13:34:08Z</time><speed>0.710</speed><sat>31</sat></trkpt>
  <trkpt lat="41.71835880" lon="26.34867493"><ele>75.730</ele><time>2026-10-08T13:34:09Z</time><speed>0.000</speed><sat>31</sat></trkpt>
  <trkpt lat="41.71835696" lon="26.34866636"><ele>77.658</ele><time>2026-10-08T13:34:10Z</time><speed>0.210</speed><sat>31</sat></trkpt>
  <trkpt lat="41.71836656" lon="26.34866779"><ele>80.770</ele><time>2026-10-08T13:34:11Z</time><speed>1.790</speed><sat>29</sat></trkpt>
  <trkpt lat="41.71838051" lon="26.34867829"><ele>83.095</ele><time>2026-10-08T13:34:12Z</time><speed>1.680</speed><sat>29</sat></trkpt>
  <trkpt lat="41.71838865" lon="26.34868524"><ele>83.637</ele><time>2026-10-08T13:34:13Z</time><speed>0.940</speed><sat>29</sat></trkpt>
  <trkpt lat="41.71839601" lon="26.34868436"><ele>84.569</ele><time>2026-10-08T13:34:14Z</time><speed>1.210</speed><sat>28</sat></trkpt>
  <trkpt lat="41.71840352" lon="26.34867094"><ele>84.486</ele><time>2026-10-08T13:34:15Z</time><speed>1.400</speed><sat>28</sat></trkpt>
  <trkpt lat="41.71840869" lon="26.34864934"><ele>84.659</ele><time>2026-10-08T13:34:16Z</time><speed>1.290</speed><sat>29</sat></trkpt>
  <trkpt lat="41.71841090" lon="26.34862840"><ele>85.123</ele><time>2026-10-08T13:34:17Z</time><speed>1.250</speed><sat>28</sat></trkpt>
  <trkpt lat="41.71840907" lon="26.34860476"><ele>86.849</ele><time>2026-10-08T13:34:18Z</time><speed>1.380</speed><sat>31</sat></trkpt>
  <trkpt lat="41.71840379" lon="26.34858207"><ele>86.222</ele><time>2026-10-08T13:34:19Z</time><speed>1.170</speed><sat>33</sat></trkpt>
  <trkpt lat="41.71839775" lon="26.34855815"><ele>86.532</ele><time>2026-10-08T13:34:20Z</time><speed>1.450</speed><sat>33</sat></trkpt>
  <trkpt lat="41.71839369" lon="26.34852999"><ele>87.610</ele><time>2026-10-08T13:34:21Z</time><speed>1.650</speed><sat>34</sat></trkpt>
  <trkpt lat="41.71839101" lon="26.34850796"><ele>87.596</ele><time>2026-10-08T13:34:22Z</time><speed>1.310</speed><sat>34</sat></trkpt>
  <trkpt lat="41.71838783" lon="26.34848836"><ele>87.229</ele><time>2026-10-08T13:34:23Z</time><speed>1.400</speed><sat>34</sat></trkpt>
  <trkpt lat="41.71838189" lon="26.34846821"><ele>87.883</ele><time>2026-10-08T13:34:24Z</time><speed>1.350</speed><sat>33</sat></trkpt>
  <trkpt lat="41.71837535" lon="26.34845011"><ele>88.008</ele><time>2026-10-08T13:34:25Z</time><speed>1.290</speed><sat>34</sat></trkpt>
  <trkpt lat="41.71836978" lon="26.34843373"><ele>87.830</ele><time>2026-10-08T13:34:26Z</time><speed>1.190</speed><sat>34</sat></trkpt>
  <trkpt lat="41.71836537" lon="26.34841630"><ele>87.930</ele><time>2026-10-08T13:34:27Z</time><speed>1.220</speed><sat>33</sat></trkpt>
  <trkpt lat="41.71836222" lon="26.34839810"><ele>88.077</ele><time>2026-10-08T13:34:28Z</time><speed>1.250</speed><sat>34</sat></trkpt>
  <trkpt lat="41.71835842" lon="26.34838237"><ele>87.504</ele><time>2026-10-08T13:34:29Z</time><speed>1.160</speed><sat>35</sat></trkpt>
  <trkpt lat="41.71835244" lon="26.34837163"><ele>86.066</ele><time>2026-10-08T13:34:30Z</time><speed>1.090</speed><sat>36</sat></trkpt>
  <trkpt lat="41.71834542" lon="26.34836289"><ele>85.749</ele><time>2026-10-08T13:34:31Z</time><speed>1.010</speed><sat>36</sat></trkpt>
  <trkpt lat="41.71833644" lon="26.34835438"><ele>84.873</ele><time>2026-10-08T13:34:32Z</time><speed>1.100</speed><sat>36</sat></trkpt>
  <trkpt lat="41.71832712" lon="26.34834050"><ele>85.521</ele><time>2026-10-08T13:34:33Z</time><speed>1.500</speed><sat>36</sat></trkpt>
  <trkpt lat="41.71831783" lon="26.34832340"><ele>85.975</ele><time>2026-10-08T13:34:34Z</time><speed>1.550</speed><sat>36</sat></trkpt>
  <trkpt lat="41.71831169" lon="26.34830617"><ele>85.251</ele><time>2026-10-08T13:34:35Z</time><speed>1.580</speed><sat>36</sat></trkpt>
  <trkpt lat="41.71830589" lon="26.34828851"><ele>85.412</ele><time>2026-10-08T13:34:36Z</time><speed>1.450</speed><sat>36</sat></trkpt>
  <trkpt lat="41.71830022" lon="26.34827166"><ele>85.649</ele><time>2026-10-08T13:34:37Z</time><speed>1.410</speed><sat>37</sat></trkpt>
  <trkpt lat="41.71829303" lon="26.34825692"><ele>85.444</ele><time>2026-10-08T13:34:38Z</time><speed>1.460</speed><sat>37</sat></trkpt>
  <trkpt lat="41.71828536" lon="26.34824263"><ele>85.176</ele><time>2026-10-08T13:34:39Z</time><speed>1.470</speed><sat>37</sat></trkpt>
  <trkpt lat="41.71827874" lon="26.34822711"><ele>85.575</ele><time>2026-10-08T13:34:40Z</time><speed>1.530</speed><sat>37</sat></trkpt>
  <trkpt lat="41.71827268" lon="26.34821418"><ele>85.633</ele><time>2026-10-08T13:34:41Z</time><speed>0.790</speed><sat>37</sat></trkpt>
  <trkpt lat="41.71826804" lon="26.34820413"><ele>85.864</ele><time>2026-10-08T13:34:42Z</time><speed>0.970</speed><sat>37</sat></trkpt>
  <trkpt lat="41.71826511" lon="26.34819351"><ele>85.867</ele><time>2026-10-08T13:34:43Z</time><speed>0.730</speed><sat>37</sat></trkpt>
  <trkpt lat="41.71826500" lon="26.34818110"><ele>86.063</ele><time>2026-10-08T13:34:44Z</time><speed>1.020</speed><sat>37</sat></trkpt>
  <trkpt lat="41.71826788" lon="26.34816592"><ele>86.084</ele><time>2026-10-08T13:34:45Z</time><speed>0.970</speed><sat>37</sat></trkpt>
  <trkpt lat="41.71827285" lon="26.34815130"><ele>86.181</ele><time>2026-10-08T13:34:46Z</time><speed>1.000</speed><sat>36</sat></trkpt>
  <trkpt lat="41.71828227" lon="26.34813759"><ele>86.298</ele><time>2026-10-08T13:34:47Z</time><speed>1.200</speed><sat>36</sat></trkpt>
  <trkpt lat="41.71829492" lon="26.34812693"><ele>85.536</ele><time>2026-10-08T13:34:48Z</time><speed>1.140</speed><sat>35</sat></trkpt>
  <trkpt lat="41.71831259" lon="26.34812146"><ele>85.299</ele><time>2026-10-08T13:34:49Z</time><speed>1.630</speed><sat>34</sat></trkpt>
  <trkpt lat="41.71832987" lon="26.34811792"><ele>84.104</ele><time>2026-10-08T13:34:50Z</time><speed>1.730</speed><sat>34</sat></trkpt>
  <trkpt lat="41.71834803" lon="26.34811546"><ele>83.648</ele><time>2026-10-08T13:34:51Z</time><speed>1.680</speed><sat>34</sat></trkpt>
  <trkpt lat="41.71836325" lon="26.34810388"><ele>83.403</ele><time>2026-10-08T13:34:52Z</time><speed>1.470</speed><sat>34</sat></trkpt>
  <trkpt lat="41.71837487" lon="26.34808595"><ele>81.657</ele><time>2026-10-08T13:34:53Z</time><speed>1.100</speed><sat>33</sat></trkpt>
  <trkpt lat="41.71838290" lon="26.34806552"><ele>81.721</ele><time>2026-10-08T13:34:54Z</time><speed>1.130</speed><sat>34</sat></trkpt>
  <trkpt lat="41.71838897" lon="26.34804351"><ele>81.203</ele><time>2026-10-08T13:34:55Z</time><speed>1.150</speed><sat>33</sat></trkpt>
  <trkpt lat="41.71839217" lon="26.34802142"><ele>81.965</ele><time>2026-10-08T13:34:56Z</time><speed>1.210</speed><sat>33</sat></trkpt>
  <trkpt lat="41.71839375" lon="26.34799786"><ele>81.272</ele><time>2026-10-08T13:34:57Z</time><speed>1.240</speed><sat>32</sat></trkpt>
  <trkpt lat="41.71839537" lon="26.34797821"><ele>82.019</ele><time>2026-10-08T13:34:58Z</time><speed>0.820</speed><sat>32</sat></trkpt>
  <trkpt lat="41.71839837" lon="26.34796004"><ele>81.330</ele><time>2026-10-08T13:34:59Z</time><speed>1.170</speed><sat>32</sat></trkpt>
  <trkpt lat="41.71840461" lon="26.34794050"><ele>82.213</ele><time>2026-10-08T13:35:00Z</time><speed>1.340</speed><sat>32</sat></trkpt>
  <trkpt lat="41.71841235" lon="26.34791845"><ele>82.684</ele><time>2026-10-08T13:35:01Z</time><speed>1.840</speed><sat>32</sat></trkpt>
  <trkpt lat="41.71841592" lon="26.34788788"><ele>82.269</ele><time>2026-10-08T13:35:02Z</time><speed>2.340</speed><sat>31</sat></trkpt>
  <trkpt lat="41.71841615" lon="26.34786527"><ele>80.592</ele><time>2026-10-08T13:35:03Z</time><speed>1.430</speed><sat>31</sat></trkpt>
  <trkpt lat="41.71841493" lon="26.34784738"><ele>80.865</ele><time>2026-10-08T13:35:04Z</time><speed>1.380</speed><sat>31</sat></trkpt>
  <trkpt lat="41.71841321" lon="26.34782692"><ele>81.516</ele><time>2026-10-08T13:35:05Z</time><speed>1.680</speed><sat>32</sat></trkpt>
  <trkpt lat="41.71841375" lon="26.34780784"><ele>81.361</ele><time>2026-10-08T13:35:06Z</time><speed>1.350</speed><sat>34</sat></trkpt>
  <trkpt lat="41.71841410" lon="26.34778985"><ele>82.386</ele><time>2026-10-08T13:35:07Z</time><speed>1.220</speed><sat>35</sat></trkpt>
  <trkpt lat="41.71841355" lon="26.34777118"><ele>83.255</ele><time>2026-10-08T13:35:08Z</time><speed>1.390</speed><sat>35</sat></trkpt>
  <trkpt lat="41.71840962" lon="26.34774908"><ele>84.195</ele><time>2026-10-08T13:35:09Z</time><speed>1.870</speed><sat>35</sat></trkpt>
  <trkpt lat="41.71840604" lon="26.34772937"><ele>83.659</ele><time>2026-10-08T13:35:10Z</time><speed>1.070</speed><sat>35</sat></trkpt>
  <trkpt lat="41.71840629" lon="26.34771478"><ele>84.166</ele><time>2026-10-08T13:35:11Z</time><speed>1.160</speed><sat>34</sat></trkpt>
  <trkpt lat="41.71840793" lon="26.34770374"><ele>84.750</ele><time>2026-10-08T13:35:12Z</time><speed>0.740</speed><sat>35</sat></trkpt>
  <trkpt lat="41.71841286" lon="26.34769217"><ele>84.319</ele><time>2026-10-08T13:35:13Z</time><speed>1.340</speed><sat>35</sat></trkpt>
  <trkpt lat="41.71841549" lon="26.34767518"><ele>84.469</ele><time>2026-10-08T13:35:14Z</time><speed>1.400</speed><sat>35</sat></trkpt>
  <trkpt lat="41.71841340" lon="26.34765245"><ele>85.297</ele><time>2026-10-08T13:35:15Z</time><speed>1.740</speed><sat>35</sat></trkpt>
  <trkpt lat="41.71840773" lon="26.34762951"><ele>85.661</ele><time>2026-10-08T13:35:16Z</time><speed>1.580</speed><sat>36</sat></trkpt>
  <trkpt lat="41.71840355" lon="26.34761285"><ele>84.047</ele><time>2026-10-08T13:35:17Z</time><speed>1.140</speed><sat>36</sat></trkpt>
  <trkpt lat="41.71840105" lon="26.34759403"><ele>83.852</ele><time>2026-10-08T13:35:18Z</time><speed>1.770</speed><sat>34</sat></trkpt>
  <trkpt lat="41.71840095" lon="26.34757070"><ele>84.341</ele><time>2026-10-08T13:35:19Z</time><speed>1.920</speed><sat>34</sat></trkpt>
  <trkpt lat="41.71840294" lon="26.34755252"><ele>84.224</ele><time>2026-10-08T13:35:20Z</time><speed>1.170</speed><sat>34</sat></trkpt>
  <trkpt lat="41.71840452" lon="26.34753526"><ele>84.588</ele><time>2026-10-08T13:35:21Z</time><speed>1.590</speed><sat>36</sat></trkpt>
  <trkpt lat="41.71840769" lon="26.34751740"><ele>85.127</ele><time>2026-10-08T13:35:22Z</time><speed>1.230</speed><sat>37</sat></trkpt>
  <trkpt lat="41.71840940" lon="26.34750424"><ele>85.204</ele><time>2026-10-08T13:35:23Z</time><speed>1.240</speed><sat>37</sat></trkpt>
  <trkpt lat="41.71841477" lon="26.34748874"><ele>84.754</ele><time>2026-10-08T13:35:24Z</time><speed>1.450</speed><sat>37</sat></trkpt>
  <trkpt lat="41.71842261" lon="26.34746608"><ele>84.867</ele><time>2026-10-08T13:35:25Z</time><speed>2.130</speed><sat>37</sat></trkpt>
  <trkpt lat="41.71843017" lon="26.34744112"><ele>84.473</ele><time>2026-10-08T13:35:26Z</time><speed>1.940</speed><sat>37</sat></trkpt>
  <trkpt lat="41.71843797" lon="26.34741743"><ele>84.743</ele><time>2026-10-08T13:35:27Z</time><speed>1.960</speed><sat>37</sat></trkpt>
  <trkpt lat="41.71844310" lon="26.34739613"><ele>83.591</ele><time>2026-10-08T13:35:28Z</time><speed>1.540</speed><sat>37</sat></trkpt>
  <trkpt lat="41.71844869" lon="26.34738007"><ele>83.605</ele><time>2026-10-08T13:35:29Z</time><speed>1.390</speed><sat>37</sat></trkpt>
  <trkpt lat="41.71845366" lon="26.34736266"><ele>84.089</ele><time>2026-10-08T13:35:30Z</time><speed>1.420</speed><sat>36</sat></trkpt>
  <trkpt lat="41.71845728" lon="26.34734579"><ele>84.314</ele><time>2026-10-08T13:35:31Z</time><speed>1.350</speed><sat>36</sat></trkpt>
  <trkpt lat="41.71845991" lon="26.34733008"><ele>83.647</ele><time>2026-10-08T13:35:32Z</time><speed>1.110</speed><sat>35</sat></trkpt>
  <trkpt lat="41.71846033" lon="26.34731540"><ele>82.852</ele><time>2026-10-08T13:35:33Z</time><speed>1.020</speed><sat>35</sat></trkpt>
  <trkpt lat="41.71846257" lon="26.34730383"><ele>83.963</ele><time>2026-10-08T13:35:34Z</time><speed>0.760</speed><sat>34</sat></trkpt>
  <trkpt lat="41.71846518" lon="26.34728975"><ele>83.193</ele><time>2026-10-08T13:35:35Z</time><speed>1.170</speed><sat>35</sat></trkpt>
  <trkpt lat="41.71846868" lon="26.34727600"><ele>83.283</ele><time>2026-10-08T13:35:36Z</time><speed>0.920</speed><sat>35</sat></trkpt>
  <trkpt lat="41.71847458" lon="26.34726282"><ele>82.926</ele><time>2026-10-08T13:35:37Z</time><speed>1.260</speed><sat>35</sat></trkpt>
  <trkpt lat="41.71848233" lon="26.34724985"><ele>83.343</ele><time>2026-10-08T13:35:38Z</time><speed>1.010</speed><sat>36</sat></trkpt>
  <trkpt lat="41.71849231" lon="26.34723677"><ele>83.299</ele><time>2026-10-08T13:35:39Z</time><speed>1.290</speed><sat>36</sat></trkpt>
  <trkpt lat="41.71850053" lon="26.34722086"><ele>82.643</ele><time>2026-10-08T13:35:40Z</time><speed>1.410</speed><sat>37</sat></trkpt>
  <trkpt lat="41.71850686" lon="26.34720031"><ele>81.830</ele><time>2026-10-08T13:35:41Z</time><speed>1.710</speed><sat>36</sat></trkpt>
  <trkpt lat="41.71851076" lon="26.34718300"><ele>82.550</ele><time>2026-10-08T13:35:42Z</time><speed>1.080</speed><sat>37</sat></trkpt>
  <trkpt lat="41.71851360" lon="26.34717100"><ele>83.112</ele><time>2026-10-08T13:35:43Z</time><speed>0.870</speed><sat>37</sat></trkpt>
  <trkpt lat="41.71851466" lon="26.34715599"><ele>82.091</ele><time>2026-10-08T13:35:44Z</time><speed>1.230</speed><sat>37</sat></trkpt>
  <trkpt lat="41.71851556" lon="26.34713813"><ele>83.138</ele><time>2026-10-08T13:35:45Z</time><speed>1.340</speed><sat>37</sat></trkpt>
  <trkpt lat="41.71851462" lon="26.34711976"><ele>83.366</ele><time>2026-10-08T13:35:46Z</time><speed>1.250</speed><sat>37</sat></trkpt>
  <trkpt lat="41.71851339" lon="26.34710436"><ele>82.665</ele><time>2026-10-08T13:35:47Z</time><speed>0.980</speed><sat>37</sat></trkpt>
  <trkpt lat="41.71851167" lon="26.34709316"><ele>82.221</ele><time>2026-10-08T13:35:48Z</time><speed>0.380</speed><sat>37</sat></trkpt>
  <trkpt lat="41.71851122" lon="26.34708402"><ele>81.566</ele><time>2026-10-08T13:35:49Z</time><speed>0.730</speed><sat>37</sat></trkpt>
  <trkpt lat="41.71851172" lon="26.34706788"><ele>81.008</ele><time>2026-10-08T13:35:50Z</time><speed>1.400</speed><sat>36</sat></trkpt>
  <trkpt lat="41.71851693" lon="26.34704962"><ele>81.012</ele><time>2026-10-08T13:35:51Z</time><speed>1.440</speed><sat>37</sat></trkpt>
  <trkpt lat="41.71852298" lon="26.34703386"><ele>80.903</ele><time>2026-10-08T13:35:52Z</time><speed>1.260</speed><sat>37</sat></trkpt>
  <trkpt lat="41.71853261" lon="26.34701790"><ele>80.700</ele><time>2026-10-08T13:35:53Z</time><speed>2.000</speed><sat>37</sat></trkpt>
  <trkpt lat="41.71854258" lon="26.34700040"><ele>81.601</ele><time>2026-10-08T13:35:54Z</time><speed>1.730</speed><sat>37</sat></trkpt>
  <trkpt lat="41.71854855" lon="26.34698077"><ele>82.271</ele><time>2026-10-08T13:35:55Z</time><speed>1.700</speed><sat>37</sat></trkpt>
  <trkpt lat="41.71855186" lon="26.34696079"><ele>81.588</ele><time>2026-10-08T13:35:56Z</time><speed>1.590</speed><sat>37</sat></trkpt>
  <trkpt lat="41.71855417" lon="26.34693972"><ele>82.010</ele><time>2026-10-08T13:35:57Z</time><speed>1.750</speed><sat>37</sat></trkpt>
  <trkpt lat="41.71855774" lon="26.34692111"><ele>82.432</ele><time>2026-10-08T13:35:58Z</time><speed>1.450</speed><sat>36</sat></trkpt>
  <trkpt lat="41.71856257" lon="26.34690583"><ele>83.170</ele><time>2026-10-08T13:35:59Z</time><speed>1.220</speed><sat>36</sat></trkpt>
  <trkpt lat="41.71856975" lon="26.34688791"><ele>83.063</ele><time>2026-10-08T13:36:00Z</time><speed>1.780</speed><sat>36</sat></trkpt>
  <trkpt lat="41.71857653" lon="26.34686580"><ele>82.859</ele><time>2026-10-08T13:36:01Z</time><speed>1.810</speed><sat>37</sat></trkpt>
  <trkpt lat="41.71858190" lon="26.34684738"><ele>83.419</ele><time>2026-10-08T13:36:02Z</time><speed>1.330</speed><sat>37</sat></trkpt>
  <trkpt lat="41.71858709" lon="26.34682975"><ele>82.952</ele><time>2026-10-08T13:36:03Z</time><speed>1.640</speed><sat>37</sat></trkpt>
  <trkpt lat="41.71859258" lon="26.34681073"><ele>82.743</ele><time>2026-10-08T13:36:04Z</time><speed>1.590</speed><sat>37</sat></trkpt>
  <trkpt lat="41.71859671" lon="26.34679169"><ele>83.319</ele><time>2026-10-08T13:36:05Z</time><speed>1.460</speed><sat>37</sat></trkpt>
  <trkpt lat="41.71859771" lon="26.34677010"><ele>83.770</ele><time>2026-10-08T13:36:06Z</time><speed>1.620</speed><sat>37</sat></trkpt>
  <trkpt lat="41.71859735" lon="26.34675091"><ele>83.359</ele><time>2026-10-08T13:36:07Z</time><speed>1.280</speed><sat>36</sat></trkpt>
  <trkpt lat="41.71859773" lon="26.34673445"><ele>82.836</ele><time>2026-10-08T13:36:08Z</time><speed>1.350</speed><sat>36</sat></trkpt>
  <trkpt lat="41.71860002" lon="26.34671823"><ele>82.012</ele><time>2026-10-08T13:36:09Z</time><speed>1.160</speed><sat>37</sat></trkpt>
  <trkpt lat="41.71860082" lon="26.34669983"><ele>81.955</ele><time>2026-10-08T13:36:10Z</time><speed>1.540</speed><sat>37</sat></trkpt>
  <trkpt lat="41.71860081" lon="26.34668709"><ele>83.344</ele><time>2026-10-08T13:36:11Z</time><speed>0.510</speed><sat>37</sat></trkpt>
  <trkpt lat="41.71859793" lon="26.34667830"><ele>84.019</ele><time>2026-10-08T13:36:12Z</time><speed>0.810</speed><sat>37</sat></trkpt>
  <trkpt lat="41.71859170" lon="26.34667402"><ele>83.606</ele><time>2026-10-08T13:36:13Z</time><speed>1.120</speed><sat>37</sat></trkpt>
  <trkpt lat="41.71858071" lon="26.34667472"><ele>84.481</ele><time>2026-10-08T13:36:14Z</time><speed>1.240</speed><sat>37</sat></trkpt>
  <trkpt lat="41.71857436" lon="26.34667920"><ele>84.294</ele><time>2026-10-08T13:36:15Z</time><speed>0.000</speed><sat>37</sat></trkpt>
  <trkpt lat="41.71857282" lon="26.34668412"><ele>84.477</ele><time>2026-10-08T13:36:16Z</time><speed>0.240</speed><sat>37</sat></trkpt>
  <trkpt lat="41.71856884" lon="26.34668908"><ele>84.253</ele><time>2026-10-08T13:36:17Z</time><speed>0.660</speed><sat>37</sat></trkpt>
  <trkpt lat="41.71856488" lon="26.34669412"><ele>84.351</ele><time>2026-10-08T13:36:18Z</time><speed>0.440</speed><sat>37</sat></trkpt>
  <trkpt lat="41.71856541" lon="26.34669887"><ele>84.286</ele><time>2026-10-08T13:36:19Z</time><speed>0.000</speed><sat>37</sat></trkpt>
  <trkpt lat="41.71856683" lon="26.34670069"><ele>84.570</ele><time>2026-10-08T13:36:20Z</time><speed>0.000</speed><sat>37</sat></trkpt>
  <trkpt lat="41.71856844" lon="26.34670237"><ele>84.601</ele><time>2026-10-08T13:36:21Z</time><speed>0.000</speed><sat>37</sat></trkpt>
  <trkpt lat="41.71856935" lon="26.34670310"><ele>84.619</ele><time>2026-10-08T13:36:22Z</time><speed>0.000</speed><sat>37</sat></trkpt>
  <trkpt lat="41.71856983" lon="26.34670339"><ele>84.633</ele><time>2026-10-08T13:36:23Z</time><speed>0.000</speed><sat>37</sat></trkpt>
  <trkpt lat="41.71857007" lon="26.34670351"><ele>84.647</ele><time>2026-10-08T13:36:24Z</time><speed>0.000</speed><sat>37</sat></trkpt>
  <trkpt lat="41.71857008" lon="26.34669890"><ele>84.571</ele><time>2026-10-08T13:36:25Z</time><speed>0.250</speed><sat>37</sat></trkpt>
  <trkpt lat="41.71856896" lon="26.34669053"><ele>83.553</ele><time>2026-10-08T13:36:26Z</time><speed>0.440</speed><sat>37</sat></trkpt>
  <trkpt lat="41.71856824" lon="26.34668167"><ele>83.313</ele><time>2026-10-08T13:36:27Z</time><speed>0.440</speed><sat>37</sat></trkpt>
  <trkpt lat="41.71856852" lon="26.34667351"><ele>83.404</ele><time>2026-10-08T13:36:28Z</time><speed>0.000</speed><sat>37</sat></trkpt>
  <trkpt lat="41.71856917" lon="26.34667195"><ele>84.121</ele><time>2026-10-08T13:36:29Z</time><speed>0.000</speed><sat>37</sat></trkpt>
  <trkpt lat="41.71856676" lon="26.34667074"><ele>85.022</ele><time>2026-10-08T13:36:30Z</time><speed>0.350</speed><sat>37</sat></trkpt>
  <trkpt lat="41.71856071" lon="26.34666726"><ele>85.359</ele><time>2026-10-08T13:36:31Z</time><speed>0.660</speed><sat>37</sat></trkpt>
  <trkpt lat="41.71855073" lon="26.34666311"><ele>86.984</ele><time>2026-10-08T13:36:32Z</time><speed>1.020</speed><sat>37</sat></trkpt>
  <trkpt lat="41.71854214" lon="26.34665982"><ele>86.837</ele><time>2026-10-08T13:36:33Z</time><speed>0.560</speed><sat>37</sat></trkpt>
  <trkpt lat="41.71853894" lon="26.34665923"><ele>85.942</ele><time>2026-10-08T13:36:34Z</time><speed>0.180</speed><sat>37</sat></trkpt>
  <trkpt lat="41.71853900" lon="26.34666046"><ele>86.001</ele><time>2026-10-08T13:36:35Z</time><speed>0.000</speed><sat>37</sat></trkpt>
  <trkpt lat="41.71853948" lon="26.34666120"><ele>85.992</ele><time>2026-10-08T13:36:36Z</time><speed>0.000</speed><sat>37</sat></trkpt>
  <trkpt lat="41.71853980" lon="26.34666160"><ele>85.981</ele><time>2026-10-08T13:36:37Z</time><speed>0.000</speed><sat>37</sat></trkpt>
  <trkpt lat="41.71853997" lon="26.34666184"><ele>85.978</ele><time>2026-10-08T13:36:38Z</time><speed>0.000</speed><sat>37</sat></trkpt>
  <trkpt lat="41.71854004" lon="26.34666200"><ele>85.979</ele><time>2026-10-08T13:36:39Z</time><speed>0.000</speed><sat>36</sat></trkpt>
  <trkpt lat="41.71854007" lon="26.34666215"><ele>85.982</ele><time>2026-10-08T13:36:40Z</time><speed>0.000</speed><sat>36</sat></trkpt>
  <trkpt lat="41.71854009" lon="26.34666227"><ele>85.983</ele><time>2026-10-08T13:36:41Z</time><speed>0.000</speed><sat>36</sat></trkpt>
  <trkpt lat="41.71854010" lon="26.34666237"><ele>85.988</ele><time>2026-10-08T13:36:42Z</time><speed>0.000</speed><sat>36</sat></trkpt>
  <trkpt lat="41.71854010" lon="26.34666246"><ele>85.992</ele><time>2026-10-08T13:36:43Z</time><speed>0.000</speed><sat>36</sat></trkpt>
  <trkpt lat="41.71854011" lon="26.34666254"><ele>85.995</ele><time>2026-10-08T13:36:44Z</time><speed>0.000</speed><sat>36</sat></trkpt>
  <trkpt lat="41.71854018" lon="26.34666263"><ele>85.999</ele><time>2026-10-08T13:36:45Z</time><speed>0.000</speed><sat>35</sat></trkpt>
  <trkpt lat="41.71854023" lon="26.34666269"><ele>86.004</ele><time>2026-10-08T13:36:46Z</time><speed>0.000</speed><sat>37</sat></trkpt>
  <trkpt lat="41.71854029" lon="26.34666277"><ele>86.008</ele><time>2026-10-08T13:36:47Z</time><speed>0.000</speed><sat>37</sat></trkpt>
  <trkpt lat="41.71854035" lon="26.34666282"><ele>86.013</ele><time>2026-10-08T13:36:48Z</time><speed>0.000</speed><sat>37</sat></trkpt>
  <trkpt lat="41.71854041" lon="26.34666286"><ele>86.012</ele><time>2026-10-08T13:36:49Z</time><speed>0.000</speed><sat>37</sat></trkpt>
  <trkpt lat="41.71854260" lon="26.34666382"><ele>85.703</ele><time>2026-10-08T13:36:50Z</time><speed>0.300</speed><sat>37</sat></trkpt>
  <trkpt lat="41.71854667" lon="26.34666442"><ele>85.460</ele><time>2026-10-08T13:36:51Z</time><speed>0.200</speed><sat>37</sat></trkpt>
  <trkpt lat="41.71855344" lon="26.34666683"><ele>84.968</ele><time>2026-10-08T13:36:52Z</time><speed>0.670</speed><sat>37</sat></trkpt>
  <trkpt lat="41.71855711" lon="26.34666898"><ele>85.252</ele><time>2026-10-08T13:36:53Z</time><speed>0.160</speed><sat>36</sat></trkpt>
  <trkpt lat="41.71855789" lon="26.34666802"><ele>84.935</ele><time>2026-10-08T13:36:54Z</time><speed>0.460</speed><sat>36</sat></trkpt>
  <trkpt lat="41.71855573" lon="26.34666636"><ele>85.097</ele><time>2026-10-08T13:36:55Z</time><speed>0.000</speed><sat>36</sat></trkpt>
  <trkpt lat="41.71855365" lon="26.34666538"><ele>85.094</ele><time>2026-10-08T13:36:56Z</time><speed>0.000</speed><sat>36</sat></trkpt>
  <trkpt lat="41.71855267" lon="26.34666490"><ele>85.080</ele><time>2026-10-08T13:36:57Z</time><speed>0.000</speed><sat>36</sat></trkpt>
  <trkpt lat="41.71855224" lon="26.34666469"><ele>85.077</ele><time>2026-10-08T13:36:58Z</time><speed>0.000</speed><sat>36</sat></trkpt>
  <trkpt lat="41.71855207" lon="26.34666467"><ele>85.082</ele><time>2026-10-08T13:36:59Z</time><speed>0.000</speed><sat>35</sat></trkpt>
  <trkpt lat="41.71855202" lon="26.34666475"><ele>85.097</ele><time>2026-10-08T13:37:00Z</time><speed>0.000</speed><sat>35</sat></trkpt>
  <trkpt lat="41.71855209" lon="26.34666492"><ele>85.111</ele><time>2026-10-08T13:37:01Z</time><speed>0.000</speed><sat>36</sat></trkpt>
  <trkpt lat="41.71855221" lon="26.34666511"><ele>85.126</ele><time>2026-10-08T13:37:02Z</time><speed>0.000</speed><sat>36</sat></trkpt>
  <trkpt lat="41.71855516" lon="26.34666524"><ele>84.379</ele><time>2026-10-08T13:37:03Z</time><speed>0.200</speed><sat>37</sat></trkpt>
  <trkpt lat="41.71855870" lon="26.34666487"><ele>84.349</ele><time>2026-10-08T13:37:04Z</time><speed>0.220</speed><sat>37</sat></trkpt>
  <trkpt lat="41.71856596" lon="26.34665236"><ele>83.511</ele><time>2026-10-08T13:37:05Z</time><speed>1.890</speed><sat>37</sat></trkpt>
  <trkpt lat="41.71857455" lon="26.34663153"><ele>83.438</ele><time>2026-10-08T13:37:06Z</time><speed>1.930</speed><sat>37</sat></trkpt>
  <trkpt lat="41.71857996" lon="26.34661404"><ele>83.092</ele><time>2026-10-08T13:37:07Z</time><speed>1.490</speed><sat>37</sat></trkpt>
  <trkpt lat="41.71858129" lon="26.34659567"><ele>82.900</ele><time>2026-10-08T13:37:08Z</time><speed>1.850</speed><sat>37</sat></trkpt>
  <trkpt lat="41.71857742" lon="26.34658106"><ele>82.769</ele><time>2026-10-08T13:37:09Z</time><speed>1.320</speed><sat>37</sat></trkpt>
  <trkpt lat="41.71857189" lon="26.34657402"><ele>82.154</ele><time>2026-10-08T13:37:10Z</time><speed>1.080</speed><sat>37</sat></trkpt>
  <trkpt lat="41.71856806" lon="26.34656707"><ele>82.135</ele><time>2026-10-08T13:37:11Z</time><speed>1.130</speed><sat>37</sat></trkpt>
  <trkpt lat="41.71856669" lon="26.34655380"><ele>81.430</ele><time>2026-10-08T13:37:12Z</time><speed>1.550</speed><sat>37</sat></trkpt>
  <trkpt lat="41.71856986" lon="26.34653552"><ele>82.729</ele><time>2026-10-08T13:37:13Z</time><speed>1.640</speed><sat>37</sat></trkpt>
  <trkpt lat="41.71857640" lon="26.34651696"><ele>82.102</ele><time>2026-10-08T13:37:14Z</time><speed>1.400</speed><sat>37</sat></trkpt>
  <trkpt lat="41.71858729" lon="26.34650218"><ele>81.919</ele><time>2026-10-08T13:37:15Z</time><speed>1.470</speed><sat>37</sat></trkpt>
  <trkpt lat="41.71860131" lon="26.34648426"><ele>81.031</ele><time>2026-10-08T13:37:16Z</time><speed>1.840</speed><sat>37</sat></trkpt>
  <trkpt lat="41.71861851" lon="26.34646617"><ele>80.558</ele><time>2026-10-08T13:37:17Z</time><speed>1.820</speed><sat>37</sat></trkpt>
  <trkpt lat="41.71863283" lon="26.34644971"><ele>80.093</ele><time>2026-10-08T13:37:18Z</time><speed>1.650</speed><sat>38</sat></trkpt>
  <trkpt lat="41.71864443" lon="26.34642666"><ele>79.753</ele><time>2026-10-08T13:37:19Z</time><speed>2.280</speed><sat>38</sat></trkpt>
  <trkpt lat="41.71865603" lon="26.34640932"><ele>80.413</ele><time>2026-10-08T13:37:20Z</time><speed>1.510</speed><sat>38</sat></trkpt>
  <trkpt lat="41.71866583" lon="26.34639528"><ele>81.836</ele><time>2026-10-08T13:37:21Z</time><speed>1.610</speed><sat>38</sat></trkpt>
  <trkpt lat="41.71867447" lon="26.34638109"><ele>82.196</ele><time>2026-10-08T13:37:22Z</time><speed>1.450</speed><sat>38</sat></trkpt>
  <trkpt lat="41.71868119" lon="26.34636766"><ele>82.203</ele><time>2026-10-08T13:37:23Z</time><speed>1.390</speed><sat>38</sat></trkpt>
  <trkpt lat="41.71868716" lon="26.34635248"><ele>82.325</ele><time>2026-10-08T13:37:24Z</time><speed>1.490</speed><sat>38</sat></trkpt>
  <trkpt lat="41.71869236" lon="26.34633715"><ele>82.285</ele><time>2026-10-08T13:37:25Z</time><speed>1.460</speed><sat>38</sat></trkpt>
  <trkpt lat="41.71869790" lon="26.34632216"><ele>81.752</ele><time>2026-10-08T13:37:26Z</time><speed>1.440</speed><sat>38</sat></trkpt>
  <trkpt lat="41.71870488" lon="26.34630450"><ele>81.524</ele><time>2026-10-08T13:37:27Z</time><speed>1.790</speed><sat>38</sat></trkpt>
  <trkpt lat="41.71870976" lon="26.34628217"><ele>81.570</ele><time>2026-10-08T13:37:28Z</time><speed>1.960</speed><sat>38</sat></trkpt>
  <trkpt lat="41.71871265" lon="26.34625897"><ele>80.726</ele><time>2026-10-08T13:37:29Z</time><speed>1.820</speed><sat>38</sat></trkpt>
  <trkpt lat="41.71871286" lon="26.34623997"><ele>81.394</ele><time>2026-10-08T13:37:30Z</time><speed>1.270</speed><sat>38</sat></trkpt>
  <trkpt lat="41.71871380" lon="26.34622453"><ele>80.992</ele><time>2026-10-08T13:37:31Z</time><speed>1.350</speed><sat>38</sat></trkpt>
  <trkpt lat="41.71871851" lon="26.34620844"><ele>82.614</ele><time>2026-10-08T13:37:32Z</time><speed>1.440</speed><sat>38</sat></trkpt>
  <trkpt lat="41.71872059" lon="26.34618788"><ele>82.129</ele><time>2026-10-08T13:37:33Z</time><speed>1.810</speed><sat>38</sat></trkpt>
  <trkpt lat="41.71871935" lon="26.34616662"><ele>81.662</ele><time>2026-10-08T13:37:34Z</time><speed>1.660</speed><sat>38</sat></trkpt>
  <trkpt lat="41.71871584" lon="26.34614816"><ele>80.104</ele><time>2026-10-08T13:37:35Z</time><speed>1.580</speed><sat>38</sat></trkpt>
  <trkpt lat="41.71871426" lon="26.34613177"><ele>79.785</ele><time>2026-10-08T13:37:36Z</time><speed>1.440</speed><sat>38</sat></trkpt>
  <trkpt lat="41.71871449" lon="26.34611565"><ele>79.617</ele><time>2026-10-08T13:37:37Z</time><speed>1.450</speed><sat>37</sat></trkpt>
  <trkpt lat="41.71871659" lon="26.34610084"><ele>79.846</ele><time>2026-10-08T13:37:38Z</time><speed>1.450</speed><sat>37</sat></trkpt>
  <trkpt lat="41.71872279" lon="26.34608701"><ele>78.404</ele><time>2026-10-08T13:37:39Z</time><speed>1.590</speed><sat>37</sat></trkpt>
  <trkpt lat="41.71872819" lon="26.34607043"><ele>79.426</ele><time>2026-10-08T13:37:40Z</time><speed>1.720</speed><sat>37</sat></trkpt>
  <trkpt lat="41.71873337" lon="26.34605348"><ele>80.844</ele><time>2026-10-08T13:37:41Z</time><speed>1.510</speed><sat>37</sat></trkpt>
  <trkpt lat="41.71873711" lon="26.34603659"><ele>81.133</ele><time>2026-10-08T13:37:42Z</time><speed>1.500</speed><sat>37</sat></trkpt>
  <trkpt lat="41.71874086" lon="26.34601937"><ele>81.515</ele><time>2026-10-08T13:37:43Z</time><speed>1.500</speed><sat>37</sat></trkpt>
  <trkpt lat="41.71874420" lon="26.34600250"><ele>81.009</ele><time>2026-10-08T13:37:44Z</time><speed>1.500</speed><sat>37</sat></trkpt>
  <trkpt lat="41.71874890" lon="26.34598511"><ele>82.260</ele><time>2026-10-08T13:37:45Z</time><speed>1.560</speed><sat>37</sat></trkpt>
  <trkpt lat="41.71875324" lon="26.34596809"><ele>82.657</ele><time>2026-10-08T13:37:46Z</time><speed>1.530</speed><sat>38</sat></trkpt>
  <trkpt lat="41.71875731" lon="26.34595175"><ele>82.899</ele><time>2026-10-08T13:37:47Z</time><speed>1.530</speed><sat>38</sat></trkpt>
  <trkpt lat="41.71876111" lon="26.34593517"><ele>82.923</ele><time>2026-10-08T13:37:48Z</time><speed>1.510</speed><sat>38</sat></trkpt>
  <trkpt lat="41.71876502" lon="26.34591856"><ele>82.425</ele><time>2026-10-08T13:37:49Z</time><speed>1.560</speed><sat>38</sat></trkpt>
 </trkseg>
</trk>

</gpx>
 