<?xml version="1.0" encoding="UTF-8"?>
<!-- Created with BasicAirData GPS Logger for Android - ver. 3.3.0 -->
<!-- Track 70 = 746 TrackPoints + 0 Placemarks -->

<!-- Track Statistics (based on Total Time | Time in Movement): -->
<!--  Distance = 682 m -->
<!--  Duration = 12:51 | 08:03 -->
<!--  Altitude Gap = -26 m -->
<!--  Max Speed = 23 km/h -->
<!--  Avg Speed = 3.2 | 5.1 km/h -->
<!--  Direction = N -->
<!--  Activity = walking -->
<!--  Altitudes = Raw -->

<gpx version="1.0"
     creator="BasicAirData GPS Logger 3.3.0"
     xmlns="http://www.topografix.com/GPX/1/0"
     xmlns:xsi="http://www.w3.org/2001/XMLSchema-instance"
     xsi:schemaLocation="http://www.topografix.com/GPX/1/0 http://www.topografix.com/GPX/1/0/gpx.xsd">
<name>GPS Logger 20260929-182644</name>
<time>2026-10-03T09:09:40Z</time>
<keywords>walking</keywords>
<bounds minlat="39.92166701" minlon="32.82551940" maxlat="39.92741034" maxlon="32.82644557" />

<trk>
 <name>Track 20260929-182644</name>
 <trkseg>
  <trkpt lat="39.92166801" lon="32.82639633"><ele>947.653</ele><time>2026-09-29T15:26:44Z</time><speed>0.000</speed><sat>19</sat></trkpt>
  <trkpt lat="39.92166803" lon="32.82639633"><ele>947.678</ele><time>2026-09-29T15:26:45Z</time><speed>0.000</speed><sat>19</sat></trkpt>
  <trkpt lat="39.92166803" lon="32.82639631"><ele>947.685</ele><time>2026-09-29T15:26:46Z</time><speed>0.000</speed><sat>20</sat></trkpt>
  <trkpt lat="39.92166805" lon="32.82639632"><ele>947.687</ele><time>2026-09-29T15:26:47Z</time><speed>0.000</speed><sat>20</sat></trkpt>
  <trkpt lat="39.92166768" lon="32.82639573"><ele>947.739</ele><time>2026-09-29T15:26:48Z</time><speed>0.000</speed><sat>20</sat></trkpt>
  <trkpt lat="39.92166768" lon="32.82639577"><ele>947.743</ele><time>2026-09-29T15:26:49Z</time><speed>0.000</speed><sat>20</sat></trkpt>
  <trkpt lat="39.92166769" lon="32.82639575"><ele>947.739</ele><time>2026-09-29T15:26:50Z</time><speed>0.000</speed><sat>22</sat></trkpt>
  <trkpt lat="39.92166770" lon="32.82639575"><ele>947.735</ele><time>2026-09-29T15:26:51Z</time><speed>0.000</speed><sat>22</sat></trkpt>
  <trkpt lat="39.92166771" lon="32.82639576"><ele>947.734</ele><time>2026-09-29T15:26:52Z</time><speed>0.000</speed><sat>19</sat></trkpt>
  <trkpt lat="39.92166771" lon="32.82639579"><ele>947.728</ele><time>2026-09-29T15:26:53Z</time><speed>0.000</speed><sat>19</sat></trkpt>
  <trkpt lat="39.92166770" lon="32.82639581"><ele>947.733</ele><time>2026-09-29T15:26:54Z</time><speed>0.000</speed><sat>19</sat></trkpt>
  <trkpt lat="39.92166769" lon="32.82639531"><ele>947.747</ele><time>2026-09-29T15:26:55Z</time><speed>0.000</speed><sat>19</sat></trkpt>
  <trkpt lat="39.92166770" lon="32.82639532"><ele>947.745</ele><time>2026-09-29T15:26:56Z</time><speed>0.000</speed><sat>17</sat></trkpt>
  <trkpt lat="39.92166771" lon="32.82639532"><ele>947.749</ele><time>2026-09-29T15:26:57Z</time><speed>0.000</speed><sat>15</sat></trkpt>
  <trkpt lat="39.92166771" lon="32.82639533"><ele>947.755</ele><time>2026-09-29T15:26:58Z</time><speed>0.000</speed><sat>15</sat></trkpt>
  <trkpt lat="39.92166773" lon="32.82639533"><ele>947.752</ele><time>2026-09-29T15:26:59Z</time><speed>0.000</speed><sat>15</sat></trkpt>
  <trkpt lat="39.92166774" lon="32.82639533"><ele>947.752</ele><time>2026-09-29T15:27:00Z</time><speed>0.000</speed><sat>15</sat></trkpt>
  <trkpt lat="39.92166728" lon="32.82639501"><ele>947.803</ele><time>2026-09-29T15:27:01Z</time><speed>0.000</speed><sat>15</sat></trkpt>
  <trkpt lat="39.92166729" lon="32.82639501"><ele>947.805</ele><time>2026-09-29T15:27:02Z</time><speed>0.000</speed><sat>15</sat></trkpt>
  <trkpt lat="39.92166729" lon="32.82639501"><ele>947.804</ele><time>2026-09-29T15:27:03Z</time><speed>0.000</speed><sat>14</sat></trkpt>
  <trkpt lat="39.92166730" lon="32.82639502"><ele>947.803</ele><time>2026-09-29T15:27:04Z</time><speed>0.000</speed><sat>14</sat></trkpt>
  <trkpt lat="39.92166730" lon="32.82639502"><ele>947.800</ele><time>2026-09-29T15:27:05Z</time><speed>0.000</speed><sat>14</sat></trkpt>
  <trkpt lat="39.92166702" lon="32.82639468"><ele>947.838</ele><time>2026-09-29T15:27:06Z</time><speed>0.000</speed><sat>14</sat></trkpt>
  <trkpt lat="39.92166701" lon="32.82639470"><ele>947.839</ele><time>2026-09-29T15:27:07Z</time><speed>0.000</speed><sat>14</sat></trkpt>
  <trkpt lat="39.92166703" lon="32.82639474"><ele>947.839</ele><time>2026-09-29T15:27:08Z</time><speed>0.000</speed><sat>14</sat></trkpt>
  <trkpt lat="39.92166703" lon="32.82639478"><ele>947.845</ele><time>2026-09-29T15:27:09Z</time><speed>0.000</speed><sat>14</sat></trkpt>
  <trkpt lat="39.92166704" lon="32.82639479"><ele>947.848</ele><time>2026-09-29T15:27:10Z</time><speed>0.000</speed><sat>13</sat></trkpt>
  <trkpt lat="39.92166705" lon="32.82639485"><ele>947.846</ele><time>2026-09-29T15:27:11Z</time><speed>0.000</speed><sat>13</sat></trkpt>
  <trkpt lat="39.92166705" lon="32.82639485"><ele>947.852</ele><time>2026-09-29T15:27:12Z</time><speed>0.000</speed><sat>13</sat></trkpt>
  <trkpt lat="39.92166707" lon="32.82639441"><ele>947.863</ele><time>2026-09-29T15:27:13Z</time><speed>0.000</speed><sat>13</sat></trkpt>
  <trkpt lat="39.92166709" lon="32.82639443"><ele>947.860</ele><time>2026-09-29T15:27:14Z</time><speed>0.000</speed><sat>15</sat></trkpt>
  <trkpt lat="39.92168587" lon="32.82640904"><ele>946.458</ele><time>2026-09-29T15:27:15Z</time><speed>0.600</speed><sat>16</sat></trkpt>
  <trkpt lat="39.92170713" lon="32.82643251"><ele>945.504</ele><time>2026-09-29T15:27:16Z</time><speed>1.140</speed><sat>16</sat></trkpt>
  <trkpt lat="39.92172902" lon="32.82643821"><ele>945.774</ele><time>2026-09-29T15:27:17Z</time><speed>1.050</speed><sat>16</sat></trkpt>
  <trkpt lat="39.92174187" lon="32.82644266"><ele>947.838</ele><time>2026-09-29T15:27:18Z</time><speed>1.140</speed><sat>16</sat></trkpt>
  <trkpt lat="39.92173436" lon="32.82644132"><ele>947.176</ele><time>2026-09-29T15:27:19Z</time><speed>1.490</speed><sat>16</sat></trkpt>
  <trkpt lat="39.92173539" lon="32.82644533"><ele>947.354</ele><time>2026-09-29T15:27:20Z</time><speed>0.280</speed><sat>16</sat></trkpt>
  <trkpt lat="39.92173538" lon="32.82644163"><ele>947.187</ele><time>2026-09-29T15:27:21Z</time><speed>0.000</speed><sat>15</sat></trkpt>
  <trkpt lat="39.92173440" lon="32.82643958"><ele>946.615</ele><time>2026-09-29T15:27:22Z</time><speed>0.000</speed><sat>16</sat></trkpt>
  <trkpt lat="39.92173800" lon="32.82643808"><ele>946.216</ele><time>2026-09-29T15:27:23Z</time><speed>0.000</speed><sat>16</sat></trkpt>
  <trkpt lat="39.92174249" lon="32.82643744"><ele>946.417</ele><time>2026-09-29T15:27:24Z</time><speed>0.410</speed><sat>16</sat></trkpt>
  <trkpt lat="39.92173710" lon="32.82643496"><ele>943.720</ele><time>2026-09-29T15:27:25Z</time><speed>0.000</speed><sat>16</sat></trkpt>
  <trkpt lat="39.92173052" lon="32.82643272"><ele>943.635</ele><time>2026-09-29T15:27:26Z</time><speed>0.000</speed><sat>16</sat></trkpt>
  <trkpt lat="39.92172650" lon="32.82643356"><ele>944.399</ele><time>2026-09-29T15:27:27Z</time><speed>0.000</speed><sat>16</sat></trkpt>
  <trkpt lat="39.92172787" lon="32.82643305"><ele>944.806</ele><time>2026-09-29T15:27:28Z</time><speed>0.000</speed><sat>16</sat></trkpt>
  <trkpt lat="39.92173070" lon="32.82643018"><ele>944.857</ele><time>2026-09-29T15:27:29Z</time><speed>0.000</speed><sat>16</sat></trkpt>
  <trkpt lat="39.92172993" lon="32.82643071"><ele>945.150</ele><time>2026-09-29T15:27:30Z</time><speed>0.000</speed><sat>17</sat></trkpt>
  <trkpt lat="39.92172861" lon="32.82643103"><ele>944.572</ele><time>2026-09-29T15:27:31Z</time><speed>0.000</speed><sat>17</sat></trkpt>
  <trkpt lat="39.92172190" lon="32.82643247"><ele>944.262</ele><time>2026-09-29T15:27:32Z</time><speed>0.000</speed><sat>18</sat></trkpt>
  <trkpt lat="39.92171645" lon="32.82643242"><ele>943.689</ele><time>2026-09-29T15:27:33Z</time><speed>0.000</speed><sat>18</sat></trkpt>
  <trkpt lat="39.92171381" lon="32.82643155"><ele>943.065</ele><time>2026-09-29T15:27:34Z</time><speed>0.000</speed><sat>18</sat></trkpt>
  <trkpt lat="39.92171342" lon="32.82643159"><ele>942.990</ele><time>2026-09-29T15:27:35Z</time><speed>0.000</speed><sat>18</sat></trkpt>
  <trkpt lat="39.92171060" lon="32.82643137"><ele>942.935</ele><time>2026-09-29T15:27:36Z</time><speed>0.000</speed><sat>19</sat></trkpt>
  <trkpt lat="39.92171013" lon="32.82643124"><ele>943.021</ele><time>2026-09-29T15:27:37Z</time><speed>0.000</speed><sat>19</sat></trkpt>
  <trkpt lat="39.92171008" lon="32.82643127"><ele>943.022</ele><time>2026-09-29T15:27:38Z</time><speed>0.000</speed><sat>19</sat></trkpt>
  <trkpt lat="39.92171019" lon="32.82643125"><ele>943.022</ele><time>2026-09-29T15:27:39Z</time><speed>0.000</speed><sat>19</sat></trkpt>
  <trkpt lat="39.92171654" lon="32.82643588"><ele>942.364</ele><time>2026-09-29T15:27:40Z</time><speed>0.000</speed><sat>19</sat></trkpt>
  <trkpt lat="39.92171767" lon="32.82643863"><ele>943.563</ele><time>2026-09-29T15:27:41Z</time><speed>0.260</speed><sat>22</sat></trkpt>
  <trkpt lat="39.92171930" lon="32.82643962"><ele>943.360</ele><time>2026-09-29T15:27:42Z</time><speed>0.190</speed><sat>23</sat></trkpt>
  <trkpt lat="39.92172157" lon="32.82644150"><ele>943.106</ele><time>2026-09-29T15:27:43Z</time><speed>0.220</speed><sat>23</sat></trkpt>
  <trkpt lat="39.92172406" lon="32.82644330"><ele>944.247</ele><time>2026-09-29T15:27:44Z</time><speed>0.170</speed><sat>23</sat></trkpt>
  <trkpt lat="39.92172675" lon="32.82644421"><ele>944.134</ele><time>2026-09-29T15:27:45Z</time><speed>0.150</speed><sat>23</sat></trkpt>
  <trkpt lat="39.92172929" lon="32.82644481"><ele>944.043</ele><time>2026-09-29T15:27:46Z</time><speed>0.150</speed><sat>24</sat></trkpt>
  <trkpt lat="39.92172689" lon="32.82643376"><ele>944.806</ele><time>2026-09-29T15:27:47Z</time><speed>1.970</speed><sat>24</sat></trkpt>
  <trkpt lat="39.92172200" lon="32.82642055"><ele>944.684</ele><time>2026-09-29T15:27:48Z</time><speed>0.780</speed><sat>23</sat></trkpt>
  <trkpt lat="39.92172120" lon="32.82641923"><ele>944.661</ele><time>2026-09-29T15:27:49Z</time><speed>0.200</speed><sat>23</sat></trkpt>
  <trkpt lat="39.92172351" lon="32.82642155"><ele>945.222</ele><time>2026-09-29T15:27:50Z</time><speed>0.490</speed><sat>23</sat></trkpt>
  <trkpt lat="39.92172737" lon="32.82642628"><ele>945.744</ele><time>2026-09-29T15:27:51Z</time><speed>0.390</speed><sat>23</sat></trkpt>
  <trkpt lat="39.92173292" lon="32.82643459"><ele>946.617</ele><time>2026-09-29T15:27:52Z</time><speed>0.640</speed><sat>23</sat></trkpt>
  <trkpt lat="39.92174103" lon="32.82643835"><ele>947.846</ele><time>2026-09-29T15:27:53Z</time><speed>1.010</speed><sat>23</sat></trkpt>
  <trkpt lat="39.92174784" lon="32.82643911"><ele>948.747</ele><time>2026-09-29T15:27:54Z</time><speed>0.450</speed><sat>21</sat></trkpt>
  <trkpt lat="39.92175037" lon="32.82644124"><ele>949.565</ele><time>2026-09-29T15:27:55Z</time><speed>0.200</speed><sat>21</sat></trkpt>
  <trkpt lat="39.92175410" lon="32.82644271"><ele>950.063</ele><time>2026-09-29T15:27:56Z</time><speed>0.500</speed><sat>21</sat></trkpt>
  <trkpt lat="39.92175712" lon="32.82644511"><ele>948.792</ele><time>2026-09-29T15:27:57Z</time><speed>0.430</speed><sat>22</sat></trkpt>
  <trkpt lat="39.92175755" lon="32.82644557"><ele>947.816</ele><time>2026-09-29T15:27:58Z</time><speed>0.000</speed><sat>21</sat></trkpt>
  <trkpt lat="39.92175633" lon="32.82644547"><ele>947.725</ele><time>2026-09-29T15:27:59Z</time><speed>0.000</speed><sat>19</sat></trkpt>
  <trkpt lat="39.92175782" lon="32.82644431"><ele>948.116</ele><time>2026-09-29T15:28:00Z</time><speed>0.000</speed><sat>19</sat></trkpt>
  <trkpt lat="39.92175857" lon="32.82644164"><ele>948.412</ele><time>2026-09-29T15:28:01Z</time><speed>0.000</speed><sat>19</sat></trkpt>
  <trkpt lat="39.92175894" lon="32.82643955"><ele>948.093</ele><time>2026-09-29T15:28:02Z</time><speed>0.000</speed><sat>19</sat></trkpt>
  <trkpt lat="39.92175927" lon="32.82643804"><ele>948.151</ele><time>2026-09-29T15:28:03Z</time><speed>0.000</speed><sat>19</sat></trkpt>
  <trkpt lat="39.92175953" lon="32.82643655"><ele>948.065</ele><time>2026-09-29T15:28:04Z</time><speed>0.000</speed><sat>19</sat></trkpt>
  <trkpt lat="39.92175907" lon="32.82643581"><ele>948.106</ele><time>2026-09-29T15:28:05Z</time><speed>0.000</speed><sat>19</sat></trkpt>
  <trkpt lat="39.92175835" lon="32.82643561"><ele>948.165</ele><time>2026-09-29T15:28:06Z</time><speed>0.000</speed><sat>19</sat></trkpt>
  <trkpt lat="39.92175621" lon="32.82643564"><ele>948.269</ele><time>2026-09-29T15:28:07Z</time><speed>0.000</speed><sat>19</sat></trkpt>
  <trkpt lat="39.92175418" lon="32.82643403"><ele>947.542</ele><time>2026-09-29T15:28:08Z</time><speed>0.160</speed><sat>19</sat></trkpt>
  <trkpt lat="39.92175125" lon="32.82643112"><ele>946.435</ele><time>2026-09-29T15:28:09Z</time><speed>0.000</speed><sat>18</sat></trkpt>
  <trkpt lat="39.92175017" lon="32.82642887"><ele>945.923</ele><time>2026-09-29T15:28:10Z</time><speed>0.000</speed><sat>18</sat></trkpt>
  <trkpt lat="39.92174908" lon="32.82642679"><ele>945.801</ele><time>2026-09-29T15:28:11Z</time><speed>0.000</speed><sat>20</sat></trkpt>
  <trkpt lat="39.92174865" lon="32.82642611"><ele>945.841</ele><time>2026-09-29T15:28:12Z</time><speed>0.000</speed><sat>20</sat></trkpt>
  <trkpt lat="39.92174780" lon="32.82642509"><ele>945.826</ele><time>2026-09-29T15:28:13Z</time><speed>0.000</speed><sat>20</sat></trkpt>
  <trkpt lat="39.92174815" lon="32.82642407"><ele>945.958</ele><time>2026-09-29T15:28:14Z</time><speed>0.000</speed><sat>20</sat></trkpt>
  <trkpt lat="39.92174632" lon="32.82642316"><ele>946.023</ele><time>2026-09-29T15:28:15Z</time><speed>0.000</speed><sat>20</sat></trkpt>
  <trkpt lat="39.92174365" lon="32.82642358"><ele>945.825</ele><time>2026-09-29T15:28:16Z</time><speed>0.000</speed><sat>20</sat></trkpt>
  <trkpt lat="39.92174116" lon="32.82642296"><ele>945.393</ele><time>2026-09-29T15:28:17Z</time><speed>0.000</speed><sat>19</sat></trkpt>
  <trkpt lat="39.92174012" lon="32.82642297"><ele>945.344</ele><time>2026-09-29T15:28:18Z</time><speed>0.000</speed><sat>19</sat></trkpt>
  <trkpt lat="39.92173964" lon="32.82642292"><ele>945.321</ele><time>2026-09-29T15:28:19Z</time><speed>0.000</speed><sat>20</sat></trkpt>
  <trkpt lat="39.92173888" lon="32.82642200"><ele>945.195</ele><time>2026-09-29T15:28:20Z</time><speed>0.000</speed><sat>20</sat></trkpt>
  <trkpt lat="39.92173843" lon="32.82642152"><ele>945.206</ele><time>2026-09-29T15:28:21Z</time><speed>0.000</speed><sat>20</sat></trkpt>
  <trkpt lat="39.92173706" lon="32.82642069"><ele>945.194</ele><time>2026-09-29T15:28:22Z</time><speed>0.000</speed><sat>21</sat></trkpt>
  <trkpt lat="39.92173586" lon="32.82642049"><ele>945.123</ele><time>2026-09-29T15:28:23Z</time><speed>0.000</speed><sat>21</sat></trkpt>
  <trkpt lat="39.92173492" lon="32.82642037"><ele>945.190</ele><time>2026-09-29T15:28:24Z</time><speed>0.000</speed><sat>21</sat></trkpt>
  <trkpt lat="39.92173435" lon="32.82641972"><ele>945.188</ele><time>2026-09-29T15:28:25Z</time><speed>0.000</speed><sat>21</sat></trkpt>
  <trkpt lat="39.92173407" lon="32.82641889"><ele>945.241</ele><time>2026-09-29T15:28:26Z</time><speed>0.000</speed><sat>22</sat></trkpt>
  <trkpt lat="39.92173401" lon="32.82641824"><ele>945.206</ele><time>2026-09-29T15:28:27Z</time><speed>0.000</speed><sat>22</sat></trkpt>
  <trkpt lat="39.92173367" lon="32.82641765"><ele>945.239</ele><time>2026-09-29T15:28:28Z</time><speed>0.000</speed><sat>21</sat></trkpt>
  <trkpt lat="39.92173225" lon="32.82641672"><ele>945.369</ele><time>2026-09-29T15:28:29Z</time><speed>0.000</speed><sat>21</sat></trkpt>
  <trkpt lat="39.92173145" lon="32.82641621"><ele>945.403</ele><time>2026-09-29T15:28:30Z</time><speed>0.000</speed><sat>21</sat></trkpt>
  <trkpt lat="39.92173096" lon="32.82641589"><ele>945.432</ele><time>2026-09-29T15:28:31Z</time><speed>0.000</speed><sat>21</sat></trkpt>
  <trkpt lat="39.92173094" lon="32.82641566"><ele>945.427</ele><time>2026-09-29T15:28:32Z</time><speed>0.000</speed><sat>21</sat></trkpt>
  <trkpt lat="39.92173104" lon="32.82641558"><ele>945.441</ele><time>2026-09-29T15:28:33Z</time><speed>0.000</speed><sat>21</sat></trkpt>
  <trkpt lat="39.92173129" lon="32.82641549"><ele>945.432</ele><time>2026-09-29T15:28:34Z</time><speed>0.000</speed><sat>21</sat></trkpt>
  <trkpt lat="39.92173158" lon="32.82641538"><ele>945.426</ele><time>2026-09-29T15:28:35Z</time><speed>0.000</speed><sat>20</sat></trkpt>
  <trkpt lat="39.92172989" lon="32.82641472"><ele>945.601</ele><time>2026-09-29T15:28:36Z</time><speed>0.000</speed><sat>19</sat></trkpt>
  <trkpt lat="39.92172905" lon="32.82641440"><ele>945.601</ele><time>2026-09-29T15:28:37Z</time><speed>0.000</speed><sat>19</sat></trkpt>
  <trkpt lat="39.92172863" lon="32.82641424"><ele>945.602</ele><time>2026-09-29T15:28:38Z</time><speed>0.000</speed><sat>20</sat></trkpt>
  <trkpt lat="39.92172842" lon="32.82641418"><ele>945.598</ele><time>2026-09-29T15:28:39Z</time><speed>0.000</speed><sat>20</sat></trkpt>
  <trkpt lat="39.92172825" lon="32.82641420"><ele>945.600</ele><time>2026-09-29T15:28:40Z</time><speed>0.000</speed><sat>19</sat></trkpt>
  <trkpt lat="39.92172818" lon="32.82641420"><ele>945.597</ele><time>2026-09-29T15:28:41Z</time><speed>0.000</speed><sat>19</sat></trkpt>
  <trkpt lat="39.92172814" lon="32.82641419"><ele>945.600</ele><time>2026-09-29T15:28:42Z</time><speed>0.000</speed><sat>19</sat></trkpt>
  <trkpt lat="39.92172812" lon="32.82641418"><ele>945.600</ele><time>2026-09-29T15:28:43Z</time><speed>0.000</speed><sat>16</sat></trkpt>
  <trkpt lat="39.92172811" lon="32.82641416"><ele>945.597</ele><time>2026-09-29T15:28:44Z</time><speed>0.000</speed><sat>13</sat></trkpt>
  <trkpt lat="39.92172731" lon="32.82641394"><ele>945.668</ele><time>2026-09-29T15:28:45Z</time><speed>0.000</speed><sat>15</sat></trkpt>
  <trkpt lat="39.92172693" lon="32.82641385"><ele>945.657</ele><time>2026-09-29T15:28:46Z</time><speed>0.000</speed><sat>16</sat></trkpt>
  <trkpt lat="39.92172674" lon="32.82641381"><ele>945.655</ele><time>2026-09-29T15:28:47Z</time><speed>0.000</speed><sat>15</sat></trkpt>
  <trkpt lat="39.92172665" lon="32.82641380"><ele>945.657</ele><time>2026-09-29T15:28:48Z</time><speed>0.000</speed><sat>14</sat></trkpt>
  <trkpt lat="39.92172658" lon="32.82641376"><ele>945.676</ele><time>2026-09-29T15:28:49Z</time><speed>0.000</speed><sat>19</sat></trkpt>
  <trkpt lat="39.92172657" lon="32.82641375"><ele>945.683</ele><time>2026-09-29T15:28:50Z</time><speed>0.000</speed><sat>20</sat></trkpt>
  <trkpt lat="39.92172656" lon="32.82641375"><ele>945.685</ele><time>2026-09-29T15:28:51Z</time><speed>0.000</speed><sat>21</sat></trkpt>
  <trkpt lat="39.92172643" lon="32.82641361"><ele>945.744</ele><time>2026-09-29T15:28:52Z</time><speed>0.000</speed><sat>21</sat></trkpt>
  <trkpt lat="39.92172515" lon="32.82641322"><ele>945.850</ele><time>2026-09-29T15:28:53Z</time><speed>0.000</speed><sat>22</sat></trkpt>
  <trkpt lat="39.92172451" lon="32.82641302"><ele>945.846</ele><time>2026-09-29T15:28:54Z</time><speed>0.000</speed><sat>22</sat></trkpt>
  <trkpt lat="39.92172419" lon="32.82641291"><ele>945.846</ele><time>2026-09-29T15:28:55Z</time><speed>0.000</speed><sat>21</sat></trkpt>
  <trkpt lat="39.92172403" lon="32.82641286"><ele>945.844</ele><time>2026-09-29T15:28:56Z</time><speed>0.000</speed><sat>21</sat></trkpt>
  <trkpt lat="39.92172396" lon="32.82641283"><ele>945.842</ele><time>2026-09-29T15:28:57Z</time><speed>0.000</speed><sat>22</sat></trkpt>
  <trkpt lat="39.92172394" lon="32.82641281"><ele>945.851</ele><time>2026-09-29T15:28:58Z</time><speed>0.000</speed><sat>22</sat></trkpt>
  <trkpt lat="39.92172393" lon="32.82641282"><ele>945.858</ele><time>2026-09-29T15:28:59Z</time><speed>0.000</speed><sat>19</sat></trkpt>
  <trkpt lat="39.92172242" lon="32.82641234"><ele>946.007</ele><time>2026-09-29T15:29:00Z</time><speed>0.000</speed><sat>19</sat></trkpt>
  <trkpt lat="39.92172166" lon="32.82641209"><ele>946.006</ele><time>2026-09-29T15:29:01Z</time><speed>0.000</speed><sat>19</sat></trkpt>
  <trkpt lat="39.92172129" lon="32.82641197"><ele>946.004</ele><time>2026-09-29T15:29:02Z</time><speed>0.000</speed><sat>19</sat></trkpt>
  <trkpt lat="39.92172112" lon="32.82641192"><ele>946.002</ele><time>2026-09-29T15:29:03Z</time><speed>0.000</speed><sat>19</sat></trkpt>
  <trkpt lat="39.92172104" lon="32.82641189"><ele>945.999</ele><time>2026-09-29T15:29:04Z</time><speed>0.000</speed><sat>18</sat></trkpt>
  <trkpt lat="39.92172100" lon="32.82641189"><ele>945.996</ele><time>2026-09-29T15:29:05Z</time><speed>0.000</speed><sat>20</sat></trkpt>
  <trkpt lat="39.92172098" lon="32.82641189"><ele>945.989</ele><time>2026-09-29T15:29:06Z</time><speed>0.000</speed><sat>19</sat></trkpt>
  <trkpt lat="39.92171991" lon="32.82641149"><ele>946.144</ele><time>2026-09-29T15:29:07Z</time><speed>0.000</speed><sat>18</sat></trkpt>
  <trkpt lat="39.92171938" lon="32.82641128"><ele>946.146</ele><time>2026-09-29T15:29:08Z</time><speed>0.000</speed><sat>19</sat></trkpt>
  <trkpt lat="39.92171912" lon="32.82641120"><ele>946.151</ele><time>2026-09-29T15:29:09Z</time><speed>0.000</speed><sat>20</sat></trkpt>
  <trkpt lat="39.92171892" lon="32.82641102"><ele>946.229</ele><time>2026-09-29T15:29:10Z</time><speed>0.000</speed><sat>20</sat></trkpt>
  <trkpt lat="39.92171881" lon="32.82641089"><ele>946.249</ele><time>2026-09-29T15:29:11Z</time><speed>0.000</speed><sat>18</sat></trkpt>
  <trkpt lat="39.92171867" lon="32.82641068"><ele>946.331</ele><time>2026-09-29T15:29:12Z</time><speed>0.000</speed><sat>19</sat></trkpt>
  <trkpt lat="39.92171860" lon="32.82641057"><ele>946.338</ele><time>2026-09-29T15:29:13Z</time><speed>0.000</speed><sat>20</sat></trkpt>
  <trkpt lat="39.92171734" lon="32.82641025"><ele>946.449</ele><time>2026-09-29T15:29:14Z</time><speed>0.000</speed><sat>20</sat></trkpt>
  <trkpt lat="39.92171673" lon="32.82641010"><ele>946.457</ele><time>2026-09-29T15:29:15Z</time><speed>0.000</speed><sat>19</sat></trkpt>
  <trkpt lat="39.92171645" lon="32.82641003"><ele>946.463</ele><time>2026-09-29T15:29:16Z</time><speed>0.000</speed><sat>18</sat></trkpt>
  <trkpt lat="39.92171632" lon="32.82641000"><ele>946.470</ele><time>2026-09-29T15:29:17Z</time><speed>0.000</speed><sat>19</sat></trkpt>
  <trkpt lat="39.92171610" lon="32.82640977"><ele>946.457</ele><time>2026-09-29T15:29:18Z</time><speed>0.000</speed><sat>19</sat></trkpt>
  <trkpt lat="39.92171613" lon="32.82640974"><ele>946.474</ele><time>2026-09-29T15:29:19Z</time><speed>0.000</speed><sat>18</sat></trkpt>
  <trkpt lat="39.92171617" lon="32.82640976"><ele>946.445</ele><time>2026-09-29T15:29:20Z</time><speed>0.000</speed><sat>20</sat></trkpt>
  <trkpt lat="39.92171529" lon="32.82640945"><ele>946.540</ele><time>2026-09-29T15:29:21Z</time><speed>0.000</speed><sat>20</sat></trkpt>
  <trkpt lat="39.92171485" lon="32.82640928"><ele>946.549</ele><time>2026-09-29T15:29:22Z</time><speed>0.000</speed><sat>20</sat></trkpt>
  <trkpt lat="39.92171461" lon="32.82640919"><ele>946.556</ele><time>2026-09-29T15:29:23Z</time><speed>0.000</speed><sat>21</sat></trkpt>
  <trkpt lat="39.92171458" lon="32.82640912"><ele>946.516</ele><time>2026-09-29T15:29:24Z</time><speed>0.000</speed><sat>21</sat></trkpt>
  <trkpt lat="39.92171459" lon="32.82640909"><ele>946.518</ele><time>2026-09-29T15:29:25Z</time><speed>0.000</speed><sat>22</sat></trkpt>
  <trkpt lat="39.92171452" lon="32.82640896"><ele>946.475</ele><time>2026-09-29T15:29:26Z</time><speed>0.000</speed><sat>22</sat></trkpt>
  <trkpt lat="39.92171450" lon="32.82640892"><ele>946.480</ele><time>2026-09-29T15:29:27Z</time><speed>0.000</speed><sat>22</sat></trkpt>
  <trkpt lat="39.92171362" lon="32.82640867"><ele>946.566</ele><time>2026-09-29T15:29:28Z</time><speed>0.000</speed><sat>21</sat></trkpt>
  <trkpt lat="39.92171318" lon="32.82640855"><ele>946.574</ele><time>2026-09-29T15:29:29Z</time><speed>0.000</speed><sat>20</sat></trkpt>
  <trkpt lat="39.92171297" lon="32.82640850"><ele>946.572</ele><time>2026-09-29T15:29:30Z</time><speed>0.000</speed><sat>18</sat></trkpt>
  <trkpt lat="39.92171285" lon="32.82640847"><ele>946.576</ele><time>2026-09-29T15:29:31Z</time><speed>0.000</speed><sat>16</sat></trkpt>
  <trkpt lat="39.92171282" lon="32.82640850"><ele>946.564</ele><time>2026-09-29T15:29:32Z</time><speed>0.000</speed><sat>17</sat></trkpt>
  <trkpt lat="39.92171272" lon="32.82640840"><ele>946.514</ele><time>2026-09-29T15:29:33Z</time><speed>0.000</speed><sat>19</sat></trkpt>
  <trkpt lat="39.92171262" lon="32.82640827"><ele>946.469</ele><time>2026-09-29T15:29:34Z</time><speed>0.000</speed><sat>22</sat></trkpt>
  <trkpt lat="39.92171204" lon="32.82640809"><ele>946.610</ele><time>2026-09-29T15:29:35Z</time><speed>0.000</speed><sat>23</sat></trkpt>
  <trkpt lat="39.92171175" lon="32.82640800"><ele>946.609</ele><time>2026-09-29T15:29:36Z</time><speed>0.000</speed><sat>24</sat></trkpt>
  <trkpt lat="39.92171160" lon="32.82640796"><ele>946.605</ele><time>2026-09-29T15:29:37Z</time><speed>0.000</speed><sat>24</sat></trkpt>
  <trkpt lat="39.92171155" lon="32.82640796"><ele>946.597</ele><time>2026-09-29T15:29:38Z</time><speed>0.000</speed><sat>24</sat></trkpt>
  <trkpt lat="39.92171152" lon="32.82640796"><ele>946.595</ele><time>2026-09-29T15:29:39Z</time><speed>0.000</speed><sat>26</sat></trkpt>
  <trkpt lat="39.92171150" lon="32.82640796"><ele>946.596</ele><time>2026-09-29T15:29:40Z</time><speed>0.000</speed><sat>25</sat></trkpt>
  <trkpt lat="39.92171057" lon="32.82640758"><ele>946.691</ele><time>2026-09-29T15:29:41Z</time><speed>0.000</speed><sat>24</sat></trkpt>
  <trkpt lat="39.92171011" lon="32.82640739"><ele>946.690</ele><time>2026-09-29T15:29:42Z</time><speed>0.000</speed><sat>22</sat></trkpt>
  <trkpt lat="39.92170988" lon="32.82640729"><ele>946.688</ele><time>2026-09-29T15:29:43Z</time><speed>0.000</speed><sat>22</sat></trkpt>
  <trkpt lat="39.92170976" lon="32.82640724"><ele>946.684</ele><time>2026-09-29T15:29:44Z</time><speed>0.000</speed><sat>24</sat></trkpt>
  <trkpt lat="39.92171027" lon="32.82640645"><ele>945.444</ele><time>2026-09-29T15:29:45Z</time><speed>0.190</speed><sat>20</sat></trkpt>
  <trkpt lat="39.92170963" lon="32.82640590"><ele>943.591</ele><time>2026-09-29T15:29:46Z</time><speed>0.000</speed><sat>21</sat></trkpt>
  <trkpt lat="39.92170711" lon="32.82640565"><ele>942.379</ele><time>2026-09-29T15:29:47Z</time><speed>0.000</speed><sat>21</sat></trkpt>
  <trkpt lat="39.92170109" lon="32.82640104"><ele>942.064</ele><time>2026-09-29T15:29:48Z</time><speed>0.000</speed><sat>22</sat></trkpt>
  <trkpt lat="39.92169853" lon="32.82640337"><ele>941.863</ele><time>2026-09-29T15:29:49Z</time><speed>0.000</speed><sat>23</sat></trkpt>
  <trkpt lat="39.92169632" lon="32.82640381"><ele>941.481</ele><time>2026-09-29T15:29:50Z</time><speed>0.000</speed><sat>21</sat></trkpt>
  <trkpt lat="39.92169495" lon="32.82640389"><ele>941.550</ele><time>2026-09-29T15:29:51Z</time><speed>0.000</speed><sat>21</sat></trkpt>
  <trkpt lat="39.92169435" lon="32.82640419"><ele>941.460</ele><time>2026-09-29T15:29:52Z</time><speed>0.000</speed><sat>20</sat></trkpt>
  <trkpt lat="39.92169328" lon="32.82640372"><ele>941.503</ele><time>2026-09-29T15:29:53Z</time><speed>0.000</speed><sat>18</sat></trkpt>
  <trkpt lat="39.92169242" lon="32.82640449"><ele>941.179</ele><time>2026-09-29T15:29:54Z</time><speed>0.000</speed><sat>19</sat></trkpt>
  <trkpt lat="39.92169114" lon="32.82640595"><ele>941.042</ele><time>2026-09-29T15:29:55Z</time><speed>0.000</speed><sat>20</sat></trkpt>
  <trkpt lat="39.92168992" lon="32.82640635"><ele>941.208</ele><time>2026-09-29T15:29:56Z</time><speed>0.000</speed><sat>20</sat></trkpt>
  <trkpt lat="39.92168979" lon="32.82640681"><ele>941.094</ele><time>2026-09-29T15:29:57Z</time><speed>0.000</speed><sat>20</sat></trkpt>
  <trkpt lat="39.92168866" lon="32.82640528"><ele>941.496</ele><time>2026-09-29T15:29:58Z</time><speed>0.000</speed><sat>21</sat></trkpt>
  <trkpt lat="39.92168635" lon="32.82640360"><ele>942.012</ele><time>2026-09-29T15:29:59Z</time><speed>0.000</speed><sat>21</sat></trkpt>
  <trkpt lat="39.92168046" lon="32.82640028"><ele>942.729</ele><time>2026-09-29T15:30:00Z</time><speed>0.000</speed><sat>21</sat></trkpt>
  <trkpt lat="39.92167717" lon="32.82639890"><ele>942.720</ele><time>2026-09-29T15:30:01Z</time><speed>0.000</speed><sat>22</sat></trkpt>
  <trkpt lat="39.92167549" lon="32.82639693"><ele>942.686</ele><time>2026-09-29T15:30:02Z</time><speed>0.000</speed><sat>20</sat></trkpt>
  <trkpt lat="39.92167493" lon="32.82639502"><ele>942.637</ele><time>2026-09-29T15:30:03Z</time><speed>0.000</speed><sat>21</sat></trkpt>
  <trkpt lat="39.92167258" lon="32.82639270"><ele>943.209</ele><time>2026-09-29T15:30:04Z</time><speed>0.000</speed><sat>23</sat></trkpt>
  <trkpt lat="39.92167118" lon="32.82639155"><ele>943.284</ele><time>2026-09-29T15:30:05Z</time><speed>0.000</speed><sat>25</sat></trkpt>
  <trkpt lat="39.92167046" lon="32.82639100"><ele>943.256</ele><time>2026-09-29T15:30:06Z</time><speed>0.000</speed><sat>25</sat></trkpt>
  <trkpt lat="39.92166993" lon="32.82639082"><ele>943.323</ele><time>2026-09-29T15:30:07Z</time><speed>0.000</speed><sat>24</sat></trkpt>
  <trkpt lat="39.92166949" lon="32.82639085"><ele>943.343</ele><time>2026-09-29T15:30:08Z</time><speed>0.000</speed><sat>24</sat></trkpt>
  <trkpt lat="39.92167061" lon="32.82639065"><ele>943.167</ele><time>2026-09-29T15:30:09Z</time><speed>0.000</speed><sat>24</sat></trkpt>
  <trkpt lat="39.92167151" lon="32.82639071"><ele>943.014</ele><time>2026-09-29T15:30:10Z</time><speed>0.000</speed><sat>20</sat></trkpt>
  <trkpt lat="39.92167214" lon="32.82639076"><ele>942.912</ele><time>2026-09-29T15:30:11Z</time><speed>0.000</speed><sat>16</sat></trkpt>
  <trkpt lat="39.92167246" lon="32.82639083"><ele>942.900</ele><time>2026-09-29T15:30:12Z</time><speed>0.000</speed><sat>19</sat></trkpt>
  <trkpt lat="39.92167260" lon="32.82639087"><ele>942.881</ele><time>2026-09-29T15:30:13Z</time><speed>0.000</speed><sat>19</sat></trkpt>
  <trkpt lat="39.92167269" lon="32.82639092"><ele>942.889</ele><time>2026-09-29T15:30:14Z</time><speed>0.000</speed><sat>19</sat></trkpt>
  <trkpt lat="39.92167277" lon="32.82639096"><ele>942.878</ele><time>2026-09-29T15:30:15Z</time><speed>0.000</speed><sat>20</sat></trkpt>
  <trkpt lat="39.92168643" lon="32.82639034"><ele>939.402</ele><time>2026-09-29T15:30:16Z</time><speed>0.690</speed><sat>20</sat></trkpt>
  <trkpt lat="39.92170565" lon="32.82639038"><ele>938.692</ele><time>2026-09-29T15:30:17Z</time><speed>1.880</speed><sat>20</sat></trkpt>
  <trkpt lat="39.92173231" lon="32.82638561"><ele>938.045</ele><time>2026-09-29T15:30:18Z</time><speed>2.310</speed><sat>18</sat></trkpt>
  <trkpt lat="39.92174978" lon="32.82637569"><ele>938.373</ele><time>2026-09-29T15:30:19Z</time><speed>0.800</speed><sat>18</sat></trkpt>
  <trkpt lat="39.92176079" lon="32.82636349"><ele>940.185</ele><time>2026-09-29T15:30:20Z</time><speed>0.770</speed><sat>18</sat></trkpt>
  <trkpt lat="39.92177170" lon="32.82635240"><ele>939.876</ele><time>2026-09-29T15:30:21Z</time><speed>0.180</speed><sat>18</sat></trkpt>
  <trkpt lat="39.92177814" lon="32.82634417"><ele>941.945</ele><time>2026-09-29T15:30:22Z</time><speed>0.380</speed><sat>20</sat></trkpt>
  <trkpt lat="39.92179193" lon="32.82634384"><ele>944.089</ele><time>2026-09-29T15:30:23Z</time><speed>1.200</speed><sat>21</sat></trkpt>
  <trkpt lat="39.92181161" lon="32.82634683"><ele>946.399</ele><time>2026-09-29T15:30:24Z</time><speed>1.330</speed><sat>22</sat></trkpt>
  <trkpt lat="39.92182991" lon="32.82634558"><ele>946.843</ele><time>2026-09-29T15:30:25Z</time><speed>0.910</speed><sat>22</sat></trkpt>
  <trkpt lat="39.92184400" lon="32.82634278"><ele>945.644</ele><time>2026-09-29T15:30:26Z</time><speed>0.580</speed><sat>22</sat></trkpt>
  <trkpt lat="39.92185590" lon="32.82633998"><ele>945.694</ele><time>2026-09-29T15:30:27Z</time><speed>0.490</speed><sat>22</sat></trkpt>
  <trkpt lat="39.92186693" lon="32.82634040"><ele>945.740</ele><time>2026-09-29T15:30:28Z</time><speed>0.490</speed><sat>22</sat></trkpt>
  <trkpt lat="39.92187823" lon="32.82634085"><ele>946.480</ele><time>2026-09-29T15:30:29Z</time><speed>0.620</speed><sat>21</sat></trkpt>
  <trkpt lat="39.92189026" lon="32.82634160"><ele>947.971</ele><time>2026-09-29T15:30:30Z</time><speed>0.250</speed><sat>22</sat></trkpt>
  <trkpt lat="39.92190773" lon="32.82634521"><ele>947.538</ele><time>2026-09-29T15:30:31Z</time><speed>1.540</speed><sat>23</sat></trkpt>
  <trkpt lat="39.92193259" lon="32.82635175"><ele>946.981</ele><time>2026-09-29T15:30:32Z</time><speed>1.870</speed><sat>22</sat></trkpt>
  <trkpt lat="39.92195093" lon="32.82635698"><ele>946.690</ele><time>2026-09-29T15:30:33Z</time><speed>0.750</speed><sat>22</sat></trkpt>
  <trkpt lat="39.92196634" lon="32.82635822"><ele>946.699</ele><time>2026-09-29T15:30:34Z</time><speed>1.230</speed><sat>22</sat></trkpt>
  <trkpt lat="39.92198099" lon="32.82635754"><ele>945.124</ele><time>2026-09-29T15:30:35Z</time><speed>0.970</speed><sat>22</sat></trkpt>
  <trkpt lat="39.92199199" lon="32.82635478"><ele>944.093</ele><time>2026-09-29T15:30:36Z</time><speed>0.660</speed><sat>20</sat></trkpt>
  <trkpt lat="39.92200317" lon="32.82635583"><ele>944.418</ele><time>2026-09-29T15:30:37Z</time><speed>0.950</speed><sat>20</sat></trkpt>
  <trkpt lat="39.92201332" lon="32.82635716"><ele>944.908</ele><time>2026-09-29T15:30:38Z</time><speed>0.490</speed><sat>19</sat></trkpt>
  <trkpt lat="39.92202487" lon="32.82635801"><ele>946.929</ele><time>2026-09-29T15:30:39Z</time><speed>1.460</speed><sat>20</sat></trkpt>
  <trkpt lat="39.92204810" lon="32.82635676"><ele>946.057</ele><time>2026-09-29T15:30:40Z</time><speed>2.710</speed><sat>20</sat></trkpt>
  <trkpt lat="39.92206200" lon="32.82635243"><ele>945.940</ele><time>2026-09-29T15:30:41Z</time><speed>0.670</speed><sat>18</sat></trkpt>
  <trkpt lat="39.92207142" lon="32.82634503"><ele>946.857</ele><time>2026-09-29T15:30:42Z</time><speed>1.710</speed><sat>19</sat></trkpt>
  <trkpt lat="39.92208651" lon="32.82633585"><ele>947.138</ele><time>2026-09-29T15:30:43Z</time><speed>2.100</speed><sat>18</sat></trkpt>
  <trkpt lat="39.92209741" lon="32.82632745"><ele>947.348</ele><time>2026-09-29T15:30:44Z</time><speed>1.040</speed><sat>18</sat></trkpt>
  <trkpt lat="39.92210351" lon="32.82632174"><ele>947.087</ele><time>2026-09-29T15:30:45Z</time><speed>0.900</speed><sat>18</sat></trkpt>
  <trkpt lat="39.92210815" lon="32.82631411"><ele>947.896</ele><time>2026-09-29T15:30:46Z</time><speed>0.870</speed><sat>18</sat></trkpt>
  <trkpt lat="39.92211128" lon="32.82630564"><ele>947.977</ele><time>2026-09-29T15:30:47Z</time><speed>0.720</speed><sat>19</sat></trkpt>
  <trkpt lat="39.92211424" lon="32.82629901"><ele>948.104</ele><time>2026-09-29T15:30:48Z</time><speed>0.680</speed><sat>17</sat></trkpt>
  <trkpt lat="39.92212758" lon="32.82629176"><ele>947.536</ele><time>2026-09-29T15:30:49Z</time><speed>2.200</speed><sat>16</sat></trkpt>
  <trkpt lat="39.92213948" lon="32.82628873"><ele>947.213</ele><time>2026-09-29T15:30:50Z</time><speed>1.120</speed><sat>18</sat></trkpt>
  <trkpt lat="39.92213863" lon="32.82628558"><ele>945.995</ele><time>2026-09-29T15:30:51Z</time><speed>0.270</speed><sat>17</sat></trkpt>
  <trkpt lat="39.92213815" lon="32.82628295"><ele>946.445</ele><time>2026-09-29T15:30:52Z</time><speed>0.340</speed><sat>16</sat></trkpt>
  <trkpt lat="39.92213829" lon="32.82627589"><ele>946.640</ele><time>2026-09-29T15:30:53Z</time><speed>0.800</speed><sat>15</sat></trkpt>
  <trkpt lat="39.92214148" lon="32.82626706"><ele>946.243</ele><time>2026-09-29T15:30:54Z</time><speed>0.650</speed><sat>16</sat></trkpt>
  <trkpt lat="39.92214486" lon="32.82626190"><ele>945.706</ele><time>2026-09-29T15:30:55Z</time><speed>0.180</speed><sat>16</sat></trkpt>
  <trkpt lat="39.92215118" lon="32.82625651"><ele>946.618</ele><time>2026-09-29T15:30:56Z</time><speed>0.930</speed><sat>16</sat></trkpt>
  <trkpt lat="39.92215770" lon="32.82624910"><ele>946.649</ele><time>2026-09-29T15:30:57Z</time><speed>0.680</speed><sat>17</sat></trkpt>
  <trkpt lat="39.92216795" lon="32.82624128"><ele>944.031</ele><time>2026-09-29T15:30:58Z</time><speed>0.900</speed><sat>17</sat></trkpt>
  <trkpt lat="39.92218189" lon="32.82624062"><ele>944.746</ele><time>2026-09-29T15:30:59Z</time><speed>1.270</speed><sat>17</sat></trkpt>
  <trkpt lat="39.92218883" lon="32.82624098"><ele>944.669</ele><time>2026-09-29T15:31:00Z</time><speed>0.290</speed><sat>16</sat></trkpt>
  <trkpt lat="39.92219500" lon="32.82624018"><ele>944.458</ele><time>2026-09-29T15:31:01Z</time><speed>0.300</speed><sat>13</sat></trkpt>
  <trkpt lat="39.92221778" lon="32.82626055"><ele>945.298</ele><time>2026-09-29T15:31:02Z</time><speed>3.360</speed><sat>12</sat></trkpt>
  <trkpt lat="39.92223348" lon="32.82627542"><ele>944.668</ele><time>2026-09-29T15:31:03Z</time><speed>1.160</speed><sat>12</sat></trkpt>
  <trkpt lat="39.92223402" lon="32.82627711"><ele>944.995</ele><time>2026-09-29T15:31:04Z</time><speed>1.010</speed><sat>12</sat></trkpt>
  <trkpt lat="39.92224607" lon="32.82630771"><ele>944.610</ele><time>2026-09-29T15:31:05Z</time><speed>4.110</speed><sat>11</sat></trkpt>
  <trkpt lat="39.92225233" lon="32.82633749"><ele>943.385</ele><time>2026-09-29T15:31:06Z</time><speed>2.570</speed><sat>14</sat></trkpt>
  <trkpt lat="39.92225076" lon="32.82636442"><ele>944.130</ele><time>2026-09-29T15:31:07Z</time><speed>2.770</speed><sat>14</sat></trkpt>
  <trkpt lat="39.92225241" lon="32.82637548"><ele>943.676</ele><time>2026-09-29T15:31:08Z</time><speed>1.750</speed><sat>12</sat></trkpt>
  <trkpt lat="39.92226002" lon="32.82636954"><ele>940.971</ele><time>2026-09-29T15:31:09Z</time><speed>0.820</speed><sat>13</sat></trkpt>
  <trkpt lat="39.92226870" lon="32.82634084"><ele>941.788</ele><time>2026-09-29T15:31:10Z</time><speed>0.000</speed><sat>13</sat></trkpt>
  <trkpt lat="39.92227705" lon="32.82630550"><ele>942.429</ele><time>2026-09-29T15:31:11Z</time><speed>0.440</speed><sat>17</sat></trkpt>
  <trkpt lat="39.92228695" lon="32.82626959"><ele>944.542</ele><time>2026-09-29T15:31:12Z</time><speed>0.570</speed><sat>18</sat></trkpt>
  <trkpt lat="39.92230460" lon="32.82623833"><ele>945.640</ele><time>2026-09-29T15:31:13Z</time><speed>1.250</speed><sat>18</sat></trkpt>
  <trkpt lat="39.92232073" lon="32.82620964"><ele>947.223</ele><time>2026-09-29T15:31:14Z</time><speed>0.390</speed><sat>23</sat></trkpt>
  <trkpt lat="39.92233022" lon="32.82618795"><ele>946.056</ele><time>2026-09-29T15:31:15Z</time><speed>0.500</speed><sat>22</sat></trkpt>
  <trkpt lat="39.92233765" lon="32.82617035"><ele>945.094</ele><time>2026-09-29T15:31:16Z</time><speed>0.470</speed><sat>23</sat></trkpt>
  <trkpt lat="39.92234413" lon="32.82616073"><ele>944.847</ele><time>2026-09-29T15:31:17Z</time><speed>0.650</speed><sat>23</sat></trkpt>
  <trkpt lat="39.92235916" lon="32.82615245"><ele>943.621</ele><time>2026-09-29T15:31:18Z</time><speed>1.910</speed><sat>23</sat></trkpt>
  <trkpt lat="39.92237435" lon="32.82614731"><ele>943.096</ele><time>2026-09-29T15:31:19Z</time><speed>0.940</speed><sat>25</sat></trkpt>
  <trkpt lat="39.92238727" lon="32.82614443"><ele>943.271</ele><time>2026-09-29T15:31:20Z</time><speed>1.650</speed><sat>22</sat></trkpt>
  <trkpt lat="39.92240839" lon="32.82614369"><ele>943.388</ele><time>2026-09-29T15:31:21Z</time><speed>2.370</speed><sat>23</sat></trkpt>
  <trkpt lat="39.92242356" lon="32.82614391"><ele>942.561</ele><time>2026-09-29T15:31:22Z</time><speed>0.740</speed><sat>23</sat></trkpt>
  <trkpt lat="39.92243256" lon="32.82614169"><ele>940.083</ele><time>2026-09-29T15:31:23Z</time><speed>0.640</speed><sat>22</sat></trkpt>
  <trkpt lat="39.92245056" lon="32.82613643"><ele>938.109</ele><time>2026-09-29T15:31:24Z</time><speed>1.820</speed><sat>23</sat></trkpt>
  <trkpt lat="39.92247065" lon="32.82613588"><ele>939.531</ele><time>2026-09-29T15:31:25Z</time><speed>1.480</speed><sat>21</sat></trkpt>
  <trkpt lat="39.92248915" lon="32.82613435"><ele>938.057</ele><time>2026-09-29T15:31:26Z</time><speed>1.320</speed><sat>23</sat></trkpt>
  <trkpt lat="39.92250357" lon="32.82613063"><ele>939.066</ele><time>2026-09-29T15:31:27Z</time><speed>0.840</speed><sat>23</sat></trkpt>
  <trkpt lat="39.92251593" lon="32.82612255"><ele>940.859</ele><time>2026-09-29T15:31:28Z</time><speed>1.350</speed><sat>25</sat></trkpt>
  <trkpt lat="39.92253100" lon="32.82611706"><ele>941.020</ele><time>2026-09-29T15:31:29Z</time><speed>1.700</speed><sat>27</sat></trkpt>
  <trkpt lat="39.92254876" lon="32.82611569"><ele>941.676</ele><time>2026-09-29T15:31:30Z</time><speed>1.650</speed><sat>27</sat></trkpt>
  <trkpt lat="39.92256231" lon="32.82611577"><ele>940.474</ele><time>2026-09-29T15:31:31Z</time><speed>1.010</speed><sat>27</sat></trkpt>
  <trkpt lat="39.92257193" lon="32.82611676"><ele>939.837</ele><time>2026-09-29T15:31:32Z</time><speed>0.970</speed><sat>28</sat></trkpt>
  <trkpt lat="39.92258060" lon="32.82611662"><ele>937.928</ele><time>2026-09-29T15:31:33Z</time><speed>0.820</speed><sat>28</sat></trkpt>
  <trkpt lat="39.92258917" lon="32.82611572"><ele>937.134</ele><time>2026-09-29T15:31:34Z</time><speed>0.660</speed><sat>30</sat></trkpt>
  <trkpt lat="39.92259856" lon="32.82611712"><ele>936.453</ele><time>2026-09-29T15:31:35Z</time><speed>1.260</speed><sat>28</sat></trkpt>
  <trkpt lat="39.92260898" lon="32.82612448"><ele>935.258</ele><time>2026-09-29T15:31:36Z</time><speed>1.310</speed><sat>26</sat></trkpt>
  <trkpt lat="39.92261181" lon="32.82612846"><ele>935.665</ele><time>2026-09-29T15:31:37Z</time><speed>0.820</speed><sat>24</sat></trkpt>
  <trkpt lat="39.92261578" lon="32.82613078"><ele>935.040</ele><time>2026-09-29T15:31:38Z</time><speed>1.050</speed><sat>23</sat></trkpt>
  <trkpt lat="39.92262247" lon="32.82612960"><ele>934.242</ele><time>2026-09-29T15:31:39Z</time><speed>0.960</speed><sat>23</sat></trkpt>
  <trkpt lat="39.92262958" lon="32.82612447"><ele>934.070</ele><time>2026-09-29T15:31:40Z</time><speed>0.610</speed><sat>21</sat></trkpt>
  <trkpt lat="39.92263842" lon="32.82611739"><ele>935.834</ele><time>2026-09-29T15:31:41Z</time><speed>0.670</speed><sat>21</sat></trkpt>
  <trkpt lat="39.92265094" lon="32.82611091"><ele>936.017</ele><time>2026-09-29T15:31:42Z</time><speed>1.190</speed><sat>19</sat></trkpt>
  <trkpt lat="39.92266675" lon="32.82610464"><ele>933.654</ele><time>2026-09-29T15:31:43Z</time><speed>1.420</speed><sat>22</sat></trkpt>
  <trkpt lat="39.92268156" lon="32.82609487"><ele>932.405</ele><time>2026-09-29T15:31:44Z</time><speed>1.180</speed><sat>23</sat></trkpt>
  <trkpt lat="39.92269456" lon="32.82608583"><ele>931.180</ele><time>2026-09-29T15:31:45Z</time><speed>1.010</speed><sat>25</sat></trkpt>
  <trkpt lat="39.92270570" lon="32.82607987"><ele>931.365</ele><time>2026-09-29T15:31:46Z</time><speed>0.970</speed><sat>26</sat></trkpt>
  <trkpt lat="39.92271188" lon="32.82607559"><ele>931.725</ele><time>2026-09-29T15:31:47Z</time><speed>0.400</speed><sat>26</sat></trkpt>
  <trkpt lat="39.92271506" lon="32.82606870"><ele>930.760</ele><time>2026-09-29T15:31:48Z</time><speed>0.650</speed><sat>24</sat></trkpt>
  <trkpt lat="39.92272264" lon="32.82606348"><ele>930.082</ele><time>2026-09-29T15:31:49Z</time><speed>0.730</speed><sat>22</sat></trkpt>
  <trkpt lat="39.92273252" lon="32.82605906"><ele>929.853</ele><time>2026-09-29T15:31:50Z</time><speed>0.880</speed><sat>21</sat></trkpt>
  <trkpt lat="39.92274847" lon="32.82605137"><ele>930.116</ele><time>2026-09-29T15:31:51Z</time><speed>1.750</speed><sat>21</sat></trkpt>
  <trkpt lat="39.92276453" lon="32.82604498"><ele>931.286</ele><time>2026-09-29T15:31:52Z</time><speed>1.100</speed><sat>23</sat></trkpt>
  <trkpt lat="39.92277648" lon="32.82604279"><ele>929.427</ele><time>2026-09-29T15:31:53Z</time><speed>0.890</speed><sat>23</sat></trkpt>
  <trkpt lat="39.92279237" lon="32.82604626"><ele>930.064</ele><time>2026-09-29T15:31:54Z</time><speed>1.790</speed><sat>23</sat></trkpt>
  <trkpt lat="39.92280570" lon="32.82605208"><ele>928.713</ele><time>2026-09-29T15:31:55Z</time><speed>0.890</speed><sat>22</sat></trkpt>
  <trkpt lat="39.92281010" lon="32.82605802"><ele>929.364</ele><time>2026-09-29T15:31:56Z</time><speed>0.200</speed><sat>20</sat></trkpt>
  <trkpt lat="39.92281908" lon="32.82604638"><ele>928.345</ele><time>2026-09-29T15:31:57Z</time><speed>2.160</speed><sat>18</sat></trkpt>
  <trkpt lat="39.92283056" lon="32.82603591"><ele>928.502</ele><time>2026-09-29T15:31:58Z</time><speed>1.120</speed><sat>16</sat></trkpt>
  <trkpt lat="39.92283733" lon="32.82602144"><ele>928.850</ele><time>2026-09-29T15:31:59Z</time><speed>1.400</speed><sat>16</sat></trkpt>
  <trkpt lat="39.92284863" lon="32.82601337"><ele>927.260</ele><time>2026-09-29T15:32:00Z</time><speed>1.820</speed><sat>17</sat></trkpt>
  <trkpt lat="39.92285916" lon="32.82600986"><ele>928.338</ele><time>2026-09-29T15:32:01Z</time><speed>0.950</speed><sat>16</sat></trkpt>
  <trkpt lat="39.92286412" lon="32.82600918"><ele>928.891</ele><time>2026-09-29T15:32:02Z</time><speed>0.610</speed><sat>20</sat></trkpt>
  <trkpt lat="39.92287153" lon="32.82600913"><ele>930.677</ele><time>2026-09-29T15:32:03Z</time><speed>0.800</speed><sat>21</sat></trkpt>
  <trkpt lat="39.92288394" lon="32.82600833"><ele>930.578</ele><time>2026-09-29T15:32:04Z</time><speed>1.440</speed><sat>21</sat></trkpt>
  <trkpt lat="39.92289912" lon="32.82600683"><ele>929.186</ele><time>2026-09-29T15:32:05Z</time><speed>0.960</speed><sat>20</sat></trkpt>
  <trkpt lat="39.92291464" lon="32.82600430"><ele>927.945</ele><time>2026-09-29T15:32:06Z</time><speed>1.200</speed><sat>21</sat></trkpt>
  <trkpt lat="39.92293128" lon="32.82600566"><ele>927.360</ele><time>2026-09-29T15:32:07Z</time><speed>1.300</speed><sat>21</sat></trkpt>
  <trkpt lat="39.92294373" lon="32.82602016"><ele>927.419</ele><time>2026-09-29T15:32:08Z</time><speed>1.930</speed><sat>19</sat></trkpt>
  <trkpt lat="39.92295715" lon="32.82603250"><ele>927.008</ele><time>2026-09-29T15:32:09Z</time><speed>1.170</speed><sat>17</sat></trkpt>
  <trkpt lat="39.92297044" lon="32.82603898"><ele>926.988</ele><time>2026-09-29T15:32:10Z</time><speed>1.160</speed><sat>17</sat></trkpt>
  <trkpt lat="39.92298547" lon="32.82604463"><ele>926.803</ele><time>2026-09-29T15:32:11Z</time><speed>1.400</speed><sat>15</sat></trkpt>
  <trkpt lat="39.92300740" lon="32.82605235"><ele>926.948</ele><time>2026-09-29T15:32:12Z</time><speed>2.110</speed><sat>13</sat></trkpt>
  <trkpt lat="39.92303057" lon="32.82605496"><ele>926.672</ele><time>2026-09-29T15:32:13Z</time><speed>2.070</speed><sat>13</sat></trkpt>
  <trkpt lat="39.92305820" lon="32.82605230"><ele>926.697</ele><time>2026-09-29T15:32:14Z</time><speed>2.300</speed><sat>14</sat></trkpt>
  <trkpt lat="39.92307779" lon="32.82604618"><ele>925.456</ele><time>2026-09-29T15:32:15Z</time><speed>0.850</speed><sat>16</sat></trkpt>
  <trkpt lat="39.92308858" lon="32.82604354"><ele>926.728</ele><time>2026-09-29T15:32:16Z</time><speed>0.790</speed><sat>17</sat></trkpt>
  <trkpt lat="39.92310204" lon="32.82603871"><ele>927.563</ele><time>2026-09-29T15:32:17Z</time><speed>1.580</speed><sat>18</sat></trkpt>
  <trkpt lat="39.92310868" lon="32.82603310"><ele>928.177</ele><time>2026-09-29T15:32:18Z</time><speed>0.000</speed><sat>19</sat></trkpt>
  <trkpt lat="39.92310678" lon="32.82602777"><ele>927.603</ele><time>2026-09-29T15:32:19Z</time><speed>0.440</speed><sat>19</sat></trkpt>
  <trkpt lat="39.92311779" lon="32.82602252"><ele>925.711</ele><time>2026-09-29T15:32:20Z</time><speed>1.990</speed><sat>20</sat></trkpt>
  <trkpt lat="39.92313525" lon="32.82602348"><ele>925.302</ele><time>2026-09-29T15:32:21Z</time><speed>1.650</speed><sat>20</sat></trkpt>
  <trkpt lat="39.92314829" lon="32.82602196"><ele>925.770</ele><time>2026-09-29T15:32:22Z</time><speed>1.320</speed><sat>22</sat></trkpt>
  <trkpt lat="39.92315820" lon="32.82602064"><ele>926.673</ele><time>2026-09-29T15:32:23Z</time><speed>1.010</speed><sat>20</sat></trkpt>
  <trkpt lat="39.92316697" lon="32.82601612"><ele>927.505</ele><time>2026-09-29T15:32:24Z</time><speed>1.320</speed><sat>20</sat></trkpt>
  <trkpt lat="39.92318079" lon="32.82601334"><ele>927.325</ele><time>2026-09-29T15:32:25Z</time><speed>1.830</speed><sat>21</sat></trkpt>
  <trkpt lat="39.92319546" lon="32.82601226"><ele>928.665</ele><time>2026-09-29T15:32:26Z</time><speed>1.470</speed><sat>21</sat></trkpt>
  <trkpt lat="39.92320720" lon="32.82601152"><ele>930.133</ele><time>2026-09-29T15:32:27Z</time><speed>0.910</speed><sat>21</sat></trkpt>
  <trkpt lat="39.92321203" lon="32.82600855"><ele>931.172</ele><time>2026-09-29T15:32:28Z</time><speed>0.400</speed><sat>22</sat></trkpt>
  <trkpt lat="39.92321347" lon="32.82600490"><ele>931.834</ele><time>2026-09-29T15:32:29Z</time><speed>0.200</speed><sat>22</sat></trkpt>
  <trkpt lat="39.92322130" lon="32.82600542"><ele>932.541</ele><time>2026-09-29T15:32:30Z</time><speed>1.480</speed><sat>22</sat></trkpt>
  <trkpt lat="39.92323780" lon="32.82600173"><ele>931.943</ele><time>2026-09-29T15:32:31Z</time><speed>1.890</speed><sat>21</sat></trkpt>
  <trkpt lat="39.92324837" lon="32.82599572"><ele>932.382</ele><time>2026-09-29T15:32:32Z</time><speed>0.710</speed><sat>22</sat></trkpt>
  <trkpt lat="39.92325932" lon="32.82598930"><ele>930.030</ele><time>2026-09-29T15:32:33Z</time><speed>1.260</speed><sat>22</sat></trkpt>
  <trkpt lat="39.92327442" lon="32.82598230"><ele>926.872</ele><time>2026-09-29T15:32:34Z</time><speed>1.010</speed><sat>20</sat></trkpt>
  <trkpt lat="39.92328923" lon="32.82597603"><ele>927.254</ele><time>2026-09-29T15:32:35Z</time><speed>0.620</speed><sat>21</sat></trkpt>
  <trkpt lat="39.92330725" lon="32.82596688"><ele>926.980</ele><time>2026-09-29T15:32:36Z</time><speed>1.870</speed><sat>20</sat></trkpt>
  <trkpt lat="39.92332774" lon="32.82595464"><ele>926.094</ele><time>2026-09-29T15:32:37Z</time><speed>1.760</speed><sat>20</sat></trkpt>
  <trkpt lat="39.92334447" lon="32.82594523"><ele>925.885</ele><time>2026-09-29T15:32:38Z</time><speed>1.340</speed><sat>19</sat></trkpt>
  <trkpt lat="39.92336167" lon="32.82594104"><ele>924.596</ele><time>2026-09-29T15:32:39Z</time><speed>1.540</speed><sat>18</sat></trkpt>
  <trkpt lat="39.92337924" lon="32.82593614"><ele>924.773</ele><time>2026-09-29T15:32:40Z</time><speed>1.750</speed><sat>18</sat></trkpt>
  <trkpt lat="39.92339410" lon="32.82593058"><ele>924.296</ele><time>2026-09-29T15:32:41Z</time><speed>1.130</speed><sat>16</sat></trkpt>
  <trkpt lat="39.92340540" lon="32.82592329"><ele>924.348</ele><time>2026-09-29T15:32:42Z</time><speed>1.200</speed><sat>16</sat></trkpt>
  <trkpt lat="39.92342072" lon="32.82591338"><ele>923.386</ele><time>2026-09-29T15:32:43Z</time><speed>1.680</speed><sat>15</sat></trkpt>
  <trkpt lat="39.92343379" lon="32.82590675"><ele>923.567</ele><time>2026-09-29T15:32:44Z</time><speed>0.970</speed><sat>14</sat></trkpt>
  <trkpt lat="39.92344305" lon="32.82590551"><ele>924.103</ele><time>2026-09-29T15:32:45Z</time><speed>0.710</speed><sat>15</sat></trkpt>
  <trkpt lat="39.92345656" lon="32.82590234"><ele>924.241</ele><time>2026-09-29T15:32:46Z</time><speed>2.030</speed><sat>13</sat></trkpt>
  <trkpt lat="39.92346957" lon="32.82590251"><ele>923.495</ele><time>2026-09-29T15:32:47Z</time><speed>1.090</speed><sat>13</sat></trkpt>
  <trkpt lat="39.92347922" lon="32.82590435"><ele>922.401</ele><time>2026-09-29T15:32:48Z</time><speed>1.140</speed><sat>15</sat></trkpt>
  <trkpt lat="39.92348688" lon="32.82590623"><ele>922.571</ele><time>2026-09-29T15:32:49Z</time><speed>1.390</speed><sat>15</sat></trkpt>
  <trkpt lat="39.92349266" lon="32.82590809"><ele>924.930</ele><time>2026-09-29T15:32:50Z</time><speed>1.510</speed><sat>16</sat></trkpt>
  <trkpt lat="39.92350102" lon="32.82591483"><ele>924.463</ele><time>2026-09-29T15:32:51Z</time><speed>1.610</speed><sat>16</sat></trkpt>
  <trkpt lat="39.92351071" lon="32.82592783"><ele>922.372</ele><time>2026-09-29T15:32:52Z</time><speed>2.060</speed><sat>17</sat></trkpt>
  <trkpt lat="39.92351854" lon="32.82593792"><ele>920.949</ele><time>2026-09-29T15:32:53Z</time><speed>0.970</speed><sat>18</sat></trkpt>
  <trkpt lat="39.92352597" lon="32.82594210"><ele>921.875</ele><time>2026-09-29T15:32:54Z</time><speed>1.520</speed><sat>16</sat></trkpt>
  <trkpt lat="39.92353827" lon="32.82595682"><ele>924.475</ele><time>2026-09-29T15:32:55Z</time><speed>2.460</speed><sat>17</sat></trkpt>
  <trkpt lat="39.92354797" lon="32.82596437"><ele>924.142</ele><time>2026-09-29T15:32:56Z</time><speed>1.070</speed><sat>16</sat></trkpt>
  <trkpt lat="39.92355941" lon="32.82596146"><ele>922.423</ele><time>2026-09-29T15:32:57Z</time><speed>1.690</speed><sat>16</sat></trkpt>
  <trkpt lat="39.92357610" lon="32.82595181"><ele>921.825</ele><time>2026-09-29T15:32:58Z</time><speed>2.120</speed><sat>13</sat></trkpt>
  <trkpt lat="39.92360066" lon="32.82594151"><ele>918.931</ele><time>2026-09-29T15:32:59Z</time><speed>2.380</speed><sat>12</sat></trkpt>
  <trkpt lat="39.92363333" lon="32.82593354"><ele>918.193</ele><time>2026-09-29T15:33:00Z</time><speed>3.410</speed><sat>12</sat></trkpt>
  <trkpt lat="39.92366473" lon="32.82591497"><ele>916.842</ele><time>2026-09-29T15:33:01Z</time><speed>2.980</speed><sat>13</sat></trkpt>
  <trkpt lat="39.92368016" lon="32.82589185"><ele>919.058</ele><time>2026-09-29T15:33:02Z</time><speed>0.830</speed><sat>16</sat></trkpt>
  <trkpt lat="39.92368860" lon="32.82586989"><ele>919.235</ele><time>2026-09-29T15:33:03Z</time><speed>1.230</speed><sat>19</sat></trkpt>
  <trkpt lat="39.92370003" lon="32.82585329"><ele>917.783</ele><time>2026-09-29T15:33:04Z</time><speed>1.240</speed><sat>21</sat></trkpt>
  <trkpt lat="39.92370860" lon="32.82583997"><ele>917.649</ele><time>2026-09-29T15:33:05Z</time><speed>0.980</speed><sat>21</sat></trkpt>
  <trkpt lat="39.92371969" lon="32.82582708"><ele>918.293</ele><time>2026-09-29T15:33:06Z</time><speed>1.980</speed><sat>22</sat></trkpt>
  <trkpt lat="39.92372951" lon="32.82582013"><ele>919.682</ele><time>2026-09-29T15:33:07Z</time><speed>0.790</speed><sat>25</sat></trkpt>
  <trkpt lat="39.92372958" lon="32.82581506"><ele>919.811</ele><time>2026-09-29T15:33:08Z</time><speed>0.650</speed><sat>25</sat></trkpt>
  <trkpt lat="39.92372839" lon="32.82581102"><ele>918.274</ele><time>2026-09-29T15:33:09Z</time><speed>0.330</speed><sat>25</sat></trkpt>
  <trkpt lat="39.92372844" lon="32.82580548"><ele>918.510</ele><time>2026-09-29T15:33:10Z</time><speed>0.480</speed><sat>25</sat></trkpt>
  <trkpt lat="39.92374768" lon="32.82580287"><ele>918.584</ele><time>2026-09-29T15:33:11Z</time><speed>3.330</speed><sat>25</sat></trkpt>
  <trkpt lat="39.92376830" lon="32.82580478"><ele>919.134</ele><time>2026-09-29T15:33:12Z</time><speed>1.760</speed><sat>21</sat></trkpt>
  <trkpt lat="39.92378060" lon="32.82581291"><ele>919.056</ele><time>2026-09-29T15:33:13Z</time><speed>1.720</speed><sat>16</sat></trkpt>
  <trkpt lat="39.92379386" lon="32.82582626"><ele>920.584</ele><time>2026-09-29T15:33:14Z</time><speed>2.130</speed><sat>16</sat></trkpt>
  <trkpt lat="39.92380030" lon="32.82583659"><ele>921.717</ele><time>2026-09-29T15:33:15Z</time><speed>0.750</speed><sat>18</sat></trkpt>
  <trkpt lat="39.92380627" lon="32.82584309"><ele>921.389</ele><time>2026-09-29T15:33:16Z</time><speed>0.970</speed><sat>16</sat></trkpt>
  <trkpt lat="39.92381366" lon="32.82584706"><ele>919.806</ele><time>2026-09-29T15:33:17Z</time><speed>0.790</speed><sat>16</sat></trkpt>
  <trkpt lat="39.92382382" lon="32.82585045"><ele>919.822</ele><time>2026-09-29T15:33:18Z</time><speed>1.130</speed><sat>19</sat></trkpt>
  <trkpt lat="39.92383483" lon="32.82584950"><ele>918.706</ele><time>2026-09-29T15:33:19Z</time><speed>0.660</speed><sat>20</sat></trkpt>
  <trkpt lat="39.92384082" lon="32.82584469"><ele>919.746</ele><time>2026-09-29T15:33:20Z</time><speed>0.740</speed><sat>20</sat></trkpt>
  <trkpt lat="39.92385274" lon="32.82583918"><ele>917.188</ele><time>2026-09-29T15:33:21Z</time><speed>0.910</speed><sat>22</sat></trkpt>
  <trkpt lat="39.92385915" lon="32.82582848"><ele>918.517</ele><time>2026-09-29T15:33:22Z</time><speed>1.160</speed><sat>23</sat></trkpt>
  <trkpt lat="39.92386743" lon="32.82581610"><ele>920.105</ele><time>2026-09-29T15:33:23Z</time><speed>1.270</speed><sat>25</sat></trkpt>
  <trkpt lat="39.92387818" lon="32.82580536"><ele>920.728</ele><time>2026-09-29T15:33:24Z</time><speed>1.430</speed><sat>25</sat></trkpt>
  <trkpt lat="39.92388871" lon="32.82580093"><ele>920.419</ele><time>2026-09-29T15:33:25Z</time><speed>1.020</speed><sat>26</sat></trkpt>
  <trkpt lat="39.92390242" lon="32.82579902"><ele>922.422</ele><time>2026-09-29T15:33:26Z</time><speed>1.670</speed><sat>26</sat></trkpt>
  <trkpt lat="39.92391327" lon="32.82580017"><ele>922.446</ele><time>2026-09-29T15:33:27Z</time><speed>0.890</speed><sat>24</sat></trkpt>
  <trkpt lat="39.92391916" lon="32.82579999"><ele>922.867</ele><time>2026-09-29T15:33:28Z</time><speed>0.740</speed><sat>24</sat></trkpt>
  <trkpt lat="39.92392340" lon="32.82579731"><ele>923.605</ele><time>2026-09-29T15:33:29Z</time><speed>0.680</speed><sat>23</sat></trkpt>
  <trkpt lat="39.92392793" lon="32.82579056"><ele>922.730</ele><time>2026-09-29T15:33:30Z</time><speed>0.900</speed><sat>25</sat></trkpt>
  <trkpt lat="39.92393240" lon="32.82578030"><ele>920.801</ele><time>2026-09-29T15:33:31Z</time><speed>0.820</speed><sat>24</sat></trkpt>
  <trkpt lat="39.92393518" lon="32.82577306"><ele>920.527</ele><time>2026-09-29T15:33:32Z</time><speed>0.320</speed><sat>25</sat></trkpt>
  <trkpt lat="39.92394115" lon="32.82577235"><ele>921.771</ele><time>2026-09-29T15:33:33Z</time><speed>0.940</speed><sat>26</sat></trkpt>
  <trkpt lat="39.92394901" lon="32.82578236"><ele>922.457</ele><time>2026-09-29T15:33:34Z</time><speed>1.470</speed><sat>25</sat></trkpt>
  <trkpt lat="39.92395568" lon="32.82579313"><ele>923.810</ele><time>2026-09-29T15:33:35Z</time><speed>0.690</speed><sat>25</sat></trkpt>
  <trkpt lat="39.92396357" lon="32.82580658"><ele>921.441</ele><time>2026-09-29T15:33:36Z</time><speed>1.630</speed><sat>25</sat></trkpt>
  <trkpt lat="39.92397460" lon="32.82583189"><ele>920.150</ele><time>2026-09-29T15:33:37Z</time><speed>3.060</speed><sat>25</sat></trkpt>
  <trkpt lat="39.92398518" lon="32.82585100"><ele>919.027</ele><time>2026-09-29T15:33:38Z</time><speed>1.110</speed><sat>24</sat></trkpt>
  <trkpt lat="39.92399174" lon="32.82585996"><ele>918.836</ele><time>2026-09-29T15:33:39Z</time><speed>1.190</speed><sat>20</sat></trkpt>
  <trkpt lat="39.92399878" lon="32.82586292"><ele>918.927</ele><time>2026-09-29T15:33:40Z</time><speed>0.650</speed><sat>20</sat></trkpt>
  <trkpt lat="39.92400462" lon="32.82586077"><ele>918.932</ele><time>2026-09-29T15:33:41Z</time><speed>0.440</speed><sat>19</sat></trkpt>
  <trkpt lat="39.92401470" lon="32.82585643"><ele>919.743</ele><time>2026-09-29T15:33:42Z</time><speed>0.920</speed><sat>20</sat></trkpt>
  <trkpt lat="39.92403228" lon="32.82585297"><ele>920.155</ele><time>2026-09-29T15:33:43Z</time><speed>1.390</speed><sat>21</sat></trkpt>
  <trkpt lat="39.92405431" lon="32.82585481"><ele>921.500</ele><time>2026-09-29T15:33:44Z</time><speed>2.590</speed><sat>23</sat></trkpt>
  <trkpt lat="39.92408252" lon="32.82585799"><ele>923.057</ele><time>2026-09-29T15:33:45Z</time><speed>2.570</speed><sat>24</sat></trkpt>
  <trkpt lat="39.92409972" lon="32.82586138"><ele>923.335</ele><time>2026-09-29T15:33:46Z</time><speed>0.890</speed><sat>25</sat></trkpt>
  <trkpt lat="39.92411045" lon="32.82585988"><ele>924.754</ele><time>2026-09-29T15:33:47Z</time><speed>0.610</speed><sat>26</sat></trkpt>
  <trkpt lat="39.92412878" lon="32.82585605"><ele>926.498</ele><time>2026-09-29T15:33:48Z</time><speed>2.020</speed><sat>24</sat></trkpt>
  <trkpt lat="39.92414734" lon="32.82585596"><ele>926.910</ele><time>2026-09-29T15:33:49Z</time><speed>1.380</speed><sat>24</sat></trkpt>
  <trkpt lat="39.92416179" lon="32.82585632"><ele>927.311</ele><time>2026-09-29T15:33:50Z</time><speed>0.980</speed><sat>25</sat></trkpt>
  <trkpt lat="39.92417230" lon="32.82585113"><ele>929.218</ele><time>2026-09-29T15:33:51Z</time><speed>0.380</speed><sat>26</sat></trkpt>
  <trkpt lat="39.92418229" lon="32.82585145"><ele>929.773</ele><time>2026-09-29T15:33:52Z</time><speed>0.790</speed><sat>28</sat></trkpt>
  <trkpt lat="39.92419420" lon="32.82585078"><ele>930.935</ele><time>2026-09-29T15:33:53Z</time><speed>0.540</speed><sat>29</sat></trkpt>
  <trkpt lat="39.92420725" lon="32.82584935"><ele>930.832</ele><time>2026-09-29T15:33:54Z</time><speed>0.680</speed><sat>28</sat></trkpt>
  <trkpt lat="39.92422632" lon="32.82585001"><ele>930.653</ele><time>2026-09-29T15:33:55Z</time><speed>1.210</speed><sat>28</sat></trkpt>
  <trkpt lat="39.92424708" lon="32.82585041"><ele>929.462</ele><time>2026-09-29T15:33:56Z</time><speed>1.120</speed><sat>28</sat></trkpt>
  <trkpt lat="39.92426714" lon="32.82585516"><ele>929.316</ele><time>2026-09-29T15:33:57Z</time><speed>1.730</speed><sat>28</sat></trkpt>
  <trkpt lat="39.92428684" lon="32.82585741"><ele>930.215</ele><time>2026-09-29T15:33:58Z</time><speed>1.360</speed><sat>24</sat></trkpt>
  <trkpt lat="39.92429953" lon="32.82585771"><ele>928.461</ele><time>2026-09-29T15:33:59Z</time><speed>0.490</speed><sat>20</sat></trkpt>
  <trkpt lat="39.92431384" lon="32.82585544"><ele>927.688</ele><time>2026-09-29T15:34:00Z</time><speed>1.370</speed><sat>19</sat></trkpt>
  <trkpt lat="39.92432669" lon="32.82584846"><ele>926.355</ele><time>2026-09-29T15:34:01Z</time><speed>0.510</speed><sat>18</sat></trkpt>
  <trkpt lat="39.92434008" lon="32.82584028"><ele>925.779</ele><time>2026-09-29T15:34:02Z</time><speed>1.320</speed><sat>19</sat></trkpt>
  <trkpt lat="39.92435640" lon="32.82582541"><ele>924.735</ele><time>2026-09-29T15:34:03Z</time><speed>1.550</speed><sat>18</sat></trkpt>
  <trkpt lat="39.92437374" lon="32.82581331"><ele>925.039</ele><time>2026-09-29T15:34:04Z</time><speed>1.430</speed><sat>19</sat></trkpt>
  <trkpt lat="39.92438894" lon="32.82580468"><ele>925.004</ele><time>2026-09-29T15:34:05Z</time><speed>0.910</speed><sat>22</sat></trkpt>
  <trkpt lat="39.92440558" lon="32.82579952"><ele>925.156</ele><time>2026-09-29T15:34:06Z</time><speed>1.530</speed><sat>24</sat></trkpt>
  <trkpt lat="39.92442498" lon="32.82579288"><ele>925.384</ele><time>2026-09-29T15:34:07Z</time><speed>1.800</speed><sat>25</sat></trkpt>
  <trkpt lat="39.92444229" lon="32.82578889"><ele>925.417</ele><time>2026-09-29T15:34:08Z</time><speed>1.300</speed><sat>25</sat></trkpt>
  <trkpt lat="39.92445620" lon="32.82578768"><ele>925.213</ele><time>2026-09-29T15:34:09Z</time><speed>1.400</speed><sat>26</sat></trkpt>
  <trkpt lat="39.92446704" lon="32.82578396"><ele>924.370</ele><time>2026-09-29T15:34:10Z</time><speed>0.800</speed><sat>26</sat></trkpt>
  <trkpt lat="39.92447509" lon="32.82577999"><ele>923.133</ele><time>2026-09-29T15:34:11Z</time><speed>1.230</speed><sat>26</sat></trkpt>
  <trkpt lat="39.92447769" lon="32.82577559"><ele>924.841</ele><time>2026-09-29T15:34:12Z</time><speed>0.320</speed><sat>23</sat></trkpt>
  <trkpt lat="39.92448731" lon="32.82577602"><ele>925.293</ele><time>2026-09-29T15:34:13Z</time><speed>2.000</speed><sat>23</sat></trkpt>
  <trkpt lat="39.92450461" lon="32.82578091"><ele>925.430</ele><time>2026-09-29T15:34:14Z</time><speed>2.400</speed><sat>24</sat></trkpt>
  <trkpt lat="39.92452302" lon="32.82578472"><ele>924.150</ele><time>2026-09-29T15:34:15Z</time><speed>1.700</speed><sat>24</sat></trkpt>
  <trkpt lat="39.92453197" lon="32.82578716"><ele>924.506</ele><time>2026-09-29T15:34:16Z</time><speed>0.900</speed><sat>24</sat></trkpt>
  <trkpt lat="39.92453369" lon="32.82578732"><ele>924.768</ele><time>2026-09-29T15:34:17Z</time><speed>0.380</speed><sat>24</sat></trkpt>
  <trkpt lat="39.92453579" lon="32.82578862"><ele>923.461</ele><time>2026-09-29T15:34:18Z</time><speed>0.640</speed><sat>22</sat></trkpt>
  <trkpt lat="39.92454000" lon="32.82578992"><ele>923.830</ele><time>2026-09-29T15:34:19Z</time><speed>0.790</speed><sat>19</sat></trkpt>
  <trkpt lat="39.92454931" lon="32.82579252"><ele>922.759</ele><time>2026-09-29T15:34:20Z</time><speed>1.330</speed><sat>18</sat></trkpt>
  <trkpt lat="39.92455650" lon="32.82579642"><ele>922.647</ele><time>2026-09-29T15:34:21Z</time><speed>0.670</speed><sat>17</sat></trkpt>
  <trkpt lat="39.92456008" lon="32.82580017"><ele>922.835</ele><time>2026-09-29T15:34:22Z</time><speed>0.820</speed><sat>19</sat></trkpt>
  <trkpt lat="39.92456329" lon="32.82580669"><ele>923.103</ele><time>2026-09-29T15:34:23Z</time><speed>0.930</speed><sat>21</sat></trkpt>
  <trkpt lat="39.92456559" lon="32.82581068"><ele>923.378</ele><time>2026-09-29T15:34:24Z</time><speed>0.440</speed><sat>21</sat></trkpt>
  <trkpt lat="39.92457473" lon="32.82581889"><ele>923.287</ele><time>2026-09-29T15:34:25Z</time><speed>1.410</speed><sat>22</sat></trkpt>
  <trkpt lat="39.92458561" lon="32.82582642"><ele>923.523</ele><time>2026-09-29T15:34:26Z</time><speed>0.920</speed><sat>21</sat></trkpt>
  <trkpt lat="39.92459165" lon="32.82582876"><ele>924.176</ele><time>2026-09-29T15:34:27Z</time><speed>0.440</speed><sat>22</sat></trkpt>
  <trkpt lat="39.92459992" lon="32.82583167"><ele>924.078</ele><time>2026-09-29T15:34:28Z</time><speed>0.940</speed><sat>21</sat></trkpt>
  <trkpt lat="39.92460967" lon="32.82583458"><ele>924.335</ele><time>2026-09-29T15:34:29Z</time><speed>0.640</speed><sat>19</sat></trkpt>
  <trkpt lat="39.92462483" lon="32.82583717"><ele>924.523</ele><time>2026-09-29T15:34:30Z</time><speed>1.600</speed><sat>16</sat></trkpt>
  <trkpt lat="39.92464345" lon="32.82584103"><ele>924.652</ele><time>2026-09-29T15:34:31Z</time><speed>1.680</speed><sat>15</sat></trkpt>
  <trkpt lat="39.92465828" lon="32.82584801"><ele>924.575</ele><time>2026-09-29T15:34:32Z</time><speed>1.430</speed><sat>9</sat></trkpt>
  <trkpt lat="39.92467878" lon="32.82586329"><ele>924.827</ele><time>2026-09-29T15:34:33Z</time><speed>2.570</speed><sat>7</sat></trkpt>
  <trkpt lat="39.92470101" lon="32.82588855"><ele>925.007</ele><time>2026-09-29T15:34:34Z</time><speed>2.740</speed><sat>6</sat></trkpt>
  <trkpt lat="39.92472136" lon="32.82591513"><ele>925.009</ele><time>2026-09-29T15:34:35Z</time><speed>2.740</speed><sat>7</sat></trkpt>
  <trkpt lat="39.92473991" lon="32.82594002"><ele>925.013</ele><time>2026-09-29T15:34:36Z</time><speed>2.510</speed><sat>7</sat></trkpt>
  <trkpt lat="39.92474980" lon="32.82598973"><ele>924.976</ele><time>2026-09-29T15:34:37Z</time><speed>3.720</speed><sat>7</sat></trkpt>
  <trkpt lat="39.92475949" lon="32.82604483"><ele>925.014</ele><time>2026-09-29T15:34:38Z</time><speed>3.720</speed><sat>7</sat></trkpt>
  <trkpt lat="39.92476641" lon="32.82609902"><ele>925.031</ele><time>2026-09-29T15:34:39Z</time><speed>3.720</speed><sat>7</sat></trkpt>
  <trkpt lat="39.92498227" lon="32.82606042"><ele>925.079</ele><time>2026-09-29T15:35:06Z</time><speed>1.590</speed><sat>8</sat></trkpt>
  <trkpt lat="39.92499769" lon="32.82605244"><ele>925.302</ele><time>2026-09-29T15:35:07Z</time><speed>2.080</speed><sat>8</sat></trkpt>
  <trkpt lat="39.92500621" lon="32.82604813"><ele>925.174</ele><time>2026-09-29T15:35:08Z</time><speed>0.790</speed><sat>8</sat></trkpt>
  <trkpt lat="39.92500843" lon="32.82604997"><ele>926.167</ele><time>2026-09-29T15:35:09Z</time><speed>0.400</speed><sat>8</sat></trkpt>
  <trkpt lat="39.92500786" lon="32.82604991"><ele>926.090</ele><time>2026-09-29T15:35:10Z</time><speed>0.000</speed><sat>9</sat></trkpt>
  <trkpt lat="39.92500654" lon="32.82605548"><ele>926.611</ele><time>2026-09-29T15:35:11Z</time><speed>0.250</speed><sat>10</sat></trkpt>
  <trkpt lat="39.92499896" lon="32.82606494"><ele>928.221</ele><time>2026-09-29T15:35:12Z</time><speed>1.040</speed><sat>10</sat></trkpt>
  <trkpt lat="39.92500419" lon="32.82607840"><ele>929.772</ele><time>2026-09-29T15:35:13Z</time><speed>1.570</speed><sat>11</sat></trkpt>
  <trkpt lat="39.92501993" lon="32.82609228"><ele>929.344</ele><time>2026-09-29T15:35:14Z</time><speed>1.640</speed><sat>10</sat></trkpt>
  <trkpt lat="39.92504025" lon="32.82610146"><ele>929.899</ele><time>2026-09-29T15:35:15Z</time><speed>1.530</speed><sat>11</sat></trkpt>
  <trkpt lat="39.92506057" lon="32.82611053"><ele>930.158</ele><time>2026-09-29T15:35:16Z</time><speed>1.460</speed><sat>11</sat></trkpt>
  <trkpt lat="39.92508215" lon="32.82611846"><ele>933.238</ele><time>2026-09-29T15:35:17Z</time><speed>1.670</speed><sat>11</sat></trkpt>
  <trkpt lat="39.92510514" lon="32.82612384"><ele>931.689</ele><time>2026-09-29T15:35:18Z</time><speed>1.810</speed><sat>11</sat></trkpt>
  <trkpt lat="39.92513177" lon="32.82612605"><ele>930.137</ele><time>2026-09-29T15:35:19Z</time><speed>2.290</speed><sat>11</sat></trkpt>
  <trkpt lat="39.92515654" lon="32.82612019"><ele>931.917</ele><time>2026-09-29T15:35:20Z</time><speed>2.520</speed><sat>10</sat></trkpt>
  <trkpt lat="39.92517269" lon="32.82611937"><ele>931.844</ele><time>2026-09-29T15:35:21Z</time><speed>0.660</speed><sat>9</sat></trkpt>
  <trkpt lat="39.92517872" lon="32.82612205"><ele>932.931</ele><time>2026-09-29T15:35:22Z</time><speed>1.240</speed><sat>10</sat></trkpt>
  <trkpt lat="39.92518057" lon="32.82612247"><ele>935.435</ele><time>2026-09-29T15:35:23Z</time><speed>0.270</speed><sat>10</sat></trkpt>
  <trkpt lat="39.92518715" lon="32.82612129"><ele>935.188</ele><time>2026-09-29T15:35:24Z</time><speed>1.540</speed><sat>10</sat></trkpt>
  <trkpt lat="39.92520456" lon="32.82611702"><ele>937.599</ele><time>2026-09-29T15:35:25Z</time><speed>2.500</speed><sat>12</sat></trkpt>
  <trkpt lat="39.92521916" lon="32.82610917"><ele>937.963</ele><time>2026-09-29T15:35:26Z</time><speed>1.280</speed><sat>14</sat></trkpt>
  <trkpt lat="39.92522973" lon="32.82610208"><ele>939.472</ele><time>2026-09-29T15:35:27Z</time><speed>1.670</speed><sat>15</sat></trkpt>
  <trkpt lat="39.92524254" lon="32.82609445"><ele>940.248</ele><time>2026-09-29T15:35:28Z</time><speed>1.690</speed><sat>17</sat></trkpt>
  <trkpt lat="39.92525851" lon="32.82609195"><ele>939.899</ele><time>2026-09-29T15:35:29Z</time><speed>2.110</speed><sat>17</sat></trkpt>
  <trkpt lat="39.92527631" lon="32.82608780"><ele>940.411</ele><time>2026-09-29T15:35:30Z</time><speed>2.120</speed><sat>17</sat></trkpt>
  <trkpt lat="39.92529386" lon="32.82607673"><ele>940.832</ele><time>2026-09-29T15:35:31Z</time><speed>2.110</speed><sat>15</sat></trkpt>
  <trkpt lat="39.92531245" lon="32.82606669"><ele>938.916</ele><time>2026-09-29T15:35:32Z</time><speed>2.040</speed><sat>16</sat></trkpt>
  <trkpt lat="39.92533353" lon="32.82605810"><ele>936.965</ele><time>2026-09-29T15:35:33Z</time><speed>2.040</speed><sat>15</sat></trkpt>
  <trkpt lat="39.92535002" lon="32.82605330"><ele>937.108</ele><time>2026-09-29T15:35:34Z</time><speed>1.660</speed><sat>14</sat></trkpt>
  <trkpt lat="39.92536191" lon="32.82605053"><ele>938.031</ele><time>2026-09-29T15:35:35Z</time><speed>1.530</speed><sat>16</sat></trkpt>
  <trkpt lat="39.92537025" lon="32.82604075"><ele>935.021</ele><time>2026-09-29T15:35:36Z</time><speed>1.290</speed><sat>18</sat></trkpt>
  <trkpt lat="39.92537837" lon="32.82602899"><ele>931.577</ele><time>2026-09-29T15:35:37Z</time><speed>0.980</speed><sat>20</sat></trkpt>
  <trkpt lat="39.92539454" lon="32.82602408"><ele>930.099</ele><time>2026-09-29T15:35:38Z</time><speed>1.740</speed><sat>18</sat></trkpt>
  <trkpt lat="39.92540898" lon="32.82602276"><ele>931.273</ele><time>2026-09-29T15:35:39Z</time><speed>0.590</speed><sat>21</sat></trkpt>
  <trkpt lat="39.92542171" lon="32.82602294"><ele>930.686</ele><time>2026-09-29T15:35:40Z</time><speed>1.090</speed><sat>23</sat></trkpt>
  <trkpt lat="39.92544532" lon="32.82602184"><ele>931.512</ele><time>2026-09-29T15:35:41Z</time><speed>2.420</speed><sat>22</sat></trkpt>
  <trkpt lat="39.92546518" lon="32.82601517"><ele>931.758</ele><time>2026-09-29T15:35:42Z</time><speed>1.080</speed><sat>23</sat></trkpt>
  <trkpt lat="39.92547526" lon="32.82601191"><ele>931.333</ele><time>2026-09-29T15:35:43Z</time><speed>1.200</speed><sat>25</sat></trkpt>
  <trkpt lat="39.92548374" lon="32.82600695"><ele>931.001</ele><time>2026-09-29T15:35:44Z</time><speed>1.560</speed><sat>25</sat></trkpt>
  <trkpt lat="39.92549096" lon="32.82600201"><ele>930.990</ele><time>2026-09-29T15:35:45Z</time><speed>0.940</speed><sat>24</sat></trkpt>
  <trkpt lat="39.92549472" lon="32.82599433"><ele>931.011</ele><time>2026-09-29T15:35:46Z</time><speed>0.800</speed><sat>22</sat></trkpt>
  <trkpt lat="39.92549489" lon="32.82598497"><ele>931.063</ele><time>2026-09-29T15:35:47Z</time><speed>0.510</speed><sat>24</sat></trkpt>
  <trkpt lat="39.92549196" lon="32.82597565"><ele>931.274</ele><time>2026-09-29T15:35:48Z</time><speed>0.510</speed><sat>24</sat></trkpt>
  <trkpt lat="39.92549218" lon="32.82596674"><ele>930.265</ele><time>2026-09-29T15:35:49Z</time><speed>0.490</speed><sat>23</sat></trkpt>
  <trkpt lat="39.92549512" lon="32.82595769"><ele>930.198</ele><time>2026-09-29T15:35:50Z</time><speed>0.670</speed><sat>23</sat></trkpt>
  <trkpt lat="39.92550492" lon="32.82594935"><ele>930.247</ele><time>2026-09-29T15:35:51Z</time><speed>1.190</speed><sat>22</sat></trkpt>
  <trkpt lat="39.92551837" lon="32.82594474"><ele>930.436</ele><time>2026-09-29T15:35:52Z</time><speed>1.020</speed><sat>21</sat></trkpt>
  <trkpt lat="39.92553001" lon="32.82592896"><ele>930.357</ele><time>2026-09-29T15:35:53Z</time><speed>2.040</speed><sat>18</sat></trkpt>
  <trkpt lat="39.92553934" lon="32.82590648"><ele>930.035</ele><time>2026-09-29T15:35:54Z</time><speed>1.570</speed><sat>16</sat></trkpt>
  <trkpt lat="39.92554463" lon="32.82590159"><ele>929.645</ele><time>2026-09-29T15:35:55Z</time><speed>0.660</speed><sat>17</sat></trkpt>
  <trkpt lat="39.92555270" lon="32.82590310"><ele>928.130</ele><time>2026-09-29T15:35:56Z</time><speed>0.420</speed><sat>19</sat></trkpt>
  <trkpt lat="39.92555955" lon="32.82590505"><ele>927.945</ele><time>2026-09-29T15:35:57Z</time><speed>0.160</speed><sat>19</sat></trkpt>
  <trkpt lat="39.92556449" lon="32.82591236"><ele>928.330</ele><time>2026-09-29T15:35:58Z</time><speed>0.000</speed><sat>19</sat></trkpt>
  <trkpt lat="39.92556932" lon="32.82591819"><ele>929.360</ele><time>2026-09-29T15:35:59Z</time><speed>0.220</speed><sat>18</sat></trkpt>
  <trkpt lat="39.92557067" lon="32.82592667"><ele>929.132</ele><time>2026-09-29T15:36:00Z</time><speed>0.460</speed><sat>21</sat></trkpt>
  <trkpt lat="39.92558137" lon="32.82594015"><ele>929.301</ele><time>2026-09-29T15:36:01Z</time><speed>1.680</speed><sat>20</sat></trkpt>
  <trkpt lat="39.92559072" lon="32.82594879"><ele>929.053</ele><time>2026-09-29T15:36:02Z</time><speed>0.440</speed><sat>18</sat></trkpt>
  <trkpt lat="39.92560532" lon="32.82595360"><ele>928.344</ele><time>2026-09-29T15:36:03Z</time><speed>0.820</speed><sat>19</sat></trkpt>
  <trkpt lat="39.92561996" lon="32.82595718"><ele>928.280</ele><time>2026-09-29T15:36:04Z</time><speed>0.770</speed><sat>22</sat></trkpt>
  <trkpt lat="39.92563696" lon="32.82595157"><ele>928.540</ele><time>2026-09-29T15:36:05Z</time><speed>1.610</speed><sat>21</sat></trkpt>
  <trkpt lat="39.92566162" lon="32.82593944"><ele>928.348</ele><time>2026-09-29T15:36:06Z</time><speed>2.430</speed><sat>19</sat></trkpt>
  <trkpt lat="39.92568370" lon="32.82592627"><ele>928.427</ele><time>2026-09-29T15:36:07Z</time><speed>1.770</speed><sat>20</sat></trkpt>
  <trkpt lat="39.92569794" lon="32.82591496"><ele>928.647</ele><time>2026-09-29T15:36:08Z</time><speed>1.380</speed><sat>19</sat></trkpt>
  <trkpt lat="39.92571465" lon="32.82590333"><ele>927.851</ele><time>2026-09-29T15:36:09Z</time><speed>1.430</speed><sat>14</sat></trkpt>
  <trkpt lat="39.92573368" lon="32.82588261"><ele>927.955</ele><time>2026-09-29T15:36:10Z</time><speed>2.670</speed><sat>12</sat></trkpt>
  <trkpt lat="39.92575933" lon="32.82586038"><ele>928.366</ele><time>2026-09-29T15:36:11Z</time><speed>2.980</speed><sat>13</sat></trkpt>
  <trkpt lat="39.92580503" lon="32.82584667"><ele>927.888</ele><time>2026-09-29T15:36:12Z</time><speed>3.790</speed><sat>15</sat></trkpt>
  <trkpt lat="39.92584832" lon="32.82582731"><ele>927.684</ele><time>2026-09-29T15:36:13Z</time><speed>3.820</speed><sat>13</sat></trkpt>
  <trkpt lat="39.92588717" lon="32.82580262"><ele>927.361</ele><time>2026-09-29T15:36:14Z</time><speed>4.140</speed><sat>11</sat></trkpt>
  <trkpt lat="39.92594289" lon="32.82570977"><ele>926.768</ele><time>2026-09-29T15:36:15Z</time><speed>5.740</speed><sat>9</sat></trkpt>
  <trkpt lat="39.92599166" lon="32.82570399"><ele>925.973</ele><time>2026-09-29T15:36:16Z</time><speed>5.580</speed><sat>8</sat></trkpt>
  <trkpt lat="39.92604145" lon="32.82564883"><ele>925.877</ele><time>2026-09-29T15:36:17Z</time><speed>6.310</speed><sat>8</sat></trkpt>
  <trkpt lat="39.92607837" lon="32.82559853"><ele>925.883</ele><time>2026-09-29T15:36:18Z</time><speed>6.310</speed><sat>6</sat></trkpt>
  <trkpt lat="39.92600634" lon="32.82579243"><ele>924.925</ele><time>2026-09-29T15:36:19Z</time><speed>3.230</speed><sat>6</sat></trkpt>
  <trkpt lat="39.92606336" lon="32.82574526"><ele>925.032</ele><time>2026-09-29T15:36:20Z</time><speed>4.200</speed><sat>9</sat></trkpt>
  <trkpt lat="39.92604801" lon="32.82582729"><ele>925.239</ele><time>2026-09-29T15:36:21Z</time><speed>2.670</speed><sat>10</sat></trkpt>
  <trkpt lat="39.92598374" lon="32.82584265"><ele>925.600</ele><time>2026-09-29T15:36:22Z</time><speed>0.410</speed><sat>10</sat></trkpt>
  <trkpt lat="39.92597984" lon="32.82588195"><ele>926.588</ele><time>2026-09-29T15:36:23Z</time><speed>1.570</speed><sat>9</sat></trkpt>
  <trkpt lat="39.92601390" lon="32.82591143"><ele>927.388</ele><time>2026-09-29T15:36:24Z</time><speed>2.780</speed><sat>9</sat></trkpt>
  <trkpt lat="39.92604521" lon="32.82589369"><ele>928.381</ele><time>2026-09-29T15:36:25Z</time><speed>1.670</speed><sat>11</sat></trkpt>
  <trkpt lat="39.92602658" lon="32.82589008"><ele>928.625</ele><time>2026-09-29T15:36:26Z</time><speed>2.280</speed><sat>10</sat></trkpt>
  <trkpt lat="39.92602361" lon="32.82588036"><ele>927.784</ele><time>2026-09-29T15:36:27Z</time><speed>1.450</speed><sat>10</sat></trkpt>
  <trkpt lat="39.92603716" lon="32.82586387"><ele>926.450</ele><time>2026-09-29T15:36:28Z</time><speed>1.350</speed><sat>12</sat></trkpt>
  <trkpt lat="39.92605903" lon="32.82585284"><ele>923.288</ele><time>2026-09-29T15:36:29Z</time><speed>1.380</speed><sat>18</sat></trkpt>
  <trkpt lat="39.92606377" lon="32.82585068"><ele>923.087</ele><time>2026-09-29T15:36:30Z</time><speed>2.220</speed><sat>22</sat></trkpt>
  <trkpt lat="39.92607416" lon="32.82584790"><ele>922.105</ele><time>2026-09-29T15:36:31Z</time><speed>1.540</speed><sat>22</sat></trkpt>
  <trkpt lat="39.92608551" lon="32.82584058"><ele>920.890</ele><time>2026-09-29T15:36:32Z</time><speed>1.610</speed><sat>22</sat></trkpt>
  <trkpt lat="39.92609083" lon="32.82583182"><ele>921.298</ele><time>2026-09-29T15:36:33Z</time><speed>0.930</speed><sat>22</sat></trkpt>
  <trkpt lat="39.92609509" lon="32.82582500"><ele>920.829</ele><time>2026-09-29T15:36:34Z</time><speed>0.790</speed><sat>22</sat></trkpt>
  <trkpt lat="39.92609859" lon="32.82582121"><ele>921.838</ele><time>2026-09-29T15:36:35Z</time><speed>0.640</speed><sat>23</sat></trkpt>
  <trkpt lat="39.92609671" lon="32.82582164"><ele>921.469</ele><time>2026-09-29T15:36:36Z</time><speed>0.580</speed><sat>21</sat></trkpt>
  <trkpt lat="39.92609278" lon="32.82582915"><ele>922.143</ele><time>2026-09-29T15:36:37Z</time><speed>1.010</speed><sat>21</sat></trkpt>
  <trkpt lat="39.92608770" lon="32.82583411"><ele>921.848</ele><time>2026-09-29T15:36:38Z</time><speed>0.660</speed><sat>20</sat></trkpt>
  <trkpt lat="39.92609781" lon="32.82584113"><ele>920.526</ele><time>2026-09-29T15:36:39Z</time><speed>1.610</speed><sat>16</sat></trkpt>
  <trkpt lat="39.92612017" lon="32.82584345"><ele>919.306</ele><time>2026-09-29T15:36:40Z</time><speed>1.570</speed><sat>16</sat></trkpt>
  <trkpt lat="39.92614384" lon="32.82583923"><ele>920.035</ele><time>2026-09-29T15:36:41Z</time><speed>0.960</speed><sat>16</sat></trkpt>
  <trkpt lat="39.92616791" lon="32.82583047"><ele>919.969</ele><time>2026-09-29T15:36:42Z</time><speed>1.720</speed><sat>16</sat></trkpt>
  <trkpt lat="39.92619001" lon="32.82582279"><ele>920.292</ele><time>2026-09-29T15:36:43Z</time><speed>1.220</speed><sat>16</sat></trkpt>
  <trkpt lat="39.92620871" lon="32.82581592"><ele>920.860</ele><time>2026-09-29T15:36:44Z</time><speed>1.520</speed><sat>15</sat></trkpt>
  <trkpt lat="39.92622808" lon="32.82581352"><ele>921.216</ele><time>2026-09-29T15:36:45Z</time><speed>1.070</speed><sat>16</sat></trkpt>
  <trkpt lat="39.92624754" lon="32.82580996"><ele>921.631</ele><time>2026-09-29T15:36:46Z</time><speed>1.450</speed><sat>15</sat></trkpt>
  <trkpt lat="39.92626376" lon="32.82580781"><ele>920.693</ele><time>2026-09-29T15:36:47Z</time><speed>0.780</speed><sat>16</sat></trkpt>
  <trkpt lat="39.92627474" lon="32.82580576"><ele>921.694</ele><time>2026-09-29T15:36:48Z</time><speed>0.720</speed><sat>16</sat></trkpt>
  <trkpt lat="39.92628997" lon="32.82579971"><ele>921.553</ele><time>2026-09-29T15:36:49Z</time><speed>1.720</speed><sat>18</sat></trkpt>
  <trkpt lat="39.92630675" lon="32.82579068"><ele>922.889</ele><time>2026-09-29T15:36:50Z</time><speed>1.740</speed><sat>19</sat></trkpt>
  <trkpt lat="39.92631616" lon="32.82578194"><ele>924.517</ele><time>2026-09-29T15:36:51Z</time><speed>1.120</speed><sat>18</sat></trkpt>
  <trkpt lat="39.92632812" lon="32.82577034"><ele>923.455</ele><time>2026-09-29T15:36:52Z</time><speed>1.970</speed><sat>19</sat></trkpt>
  <trkpt lat="39.92633640" lon="32.82575562"><ele>924.248</ele><time>2026-09-29T15:36:53Z</time><speed>1.390</speed><sat>19</sat></trkpt>
  <trkpt lat="39.92634230" lon="32.82573855"><ele>924.033</ele><time>2026-09-29T15:36:54Z</time><speed>1.800</speed><sat>19</sat></trkpt>
  <trkpt lat="39.92635556" lon="32.82571641"><ele>923.922</ele><time>2026-09-29T15:36:55Z</time><speed>2.460</speed><sat>19</sat></trkpt>
  <trkpt lat="39.92636769" lon="32.82569613"><ele>925.440</ele><time>2026-09-29T15:36:56Z</time><speed>1.940</speed><sat>18</sat></trkpt>
  <trkpt lat="39.92636930" lon="32.82568762"><ele>927.061</ele><time>2026-09-29T15:36:57Z</time><speed>0.480</speed><sat>18</sat></trkpt>
  <trkpt lat="39.92636576" lon="32.82568633"><ele>925.750</ele><time>2026-09-29T15:36:58Z</time><speed>0.320</speed><sat>17</sat></trkpt>
  <trkpt lat="39.92636482" lon="32.82568423"><ele>925.313</ele><time>2026-09-29T15:36:59Z</time><speed>0.600</speed><sat>21</sat></trkpt>
  <trkpt lat="39.92637520" lon="32.82568091"><ele>923.930</ele><time>2026-09-29T15:37:00Z</time><speed>1.700</speed><sat>22</sat></trkpt>
  <trkpt lat="39.92639084" lon="32.82567622"><ele>923.165</ele><time>2026-09-29T15:37:01Z</time><speed>1.500</speed><sat>22</sat></trkpt>
  <trkpt lat="39.92640561" lon="32.82567534"><ele>921.889</ele><time>2026-09-29T15:37:02Z</time><speed>1.470</speed><sat>20</sat></trkpt>
  <trkpt lat="39.92641667" lon="32.82567668"><ele>922.155</ele><time>2026-09-29T15:37:03Z</time><speed>1.060</speed><sat>20</sat></trkpt>
  <trkpt lat="39.92642714" lon="32.82567908"><ele>920.472</ele><time>2026-09-29T15:37:04Z</time><speed>1.180</speed><sat>22</sat></trkpt>
  <trkpt lat="39.92644022" lon="32.82568269"><ele>918.422</ele><time>2026-09-29T15:37:05Z</time><speed>1.340</speed><sat>23</sat></trkpt>
  <trkpt lat="39.92645478" lon="32.82568273"><ele>916.238</ele><time>2026-09-29T15:37:06Z</time><speed>1.230</speed><sat>24</sat></trkpt>
  <trkpt lat="39.92646873" lon="32.82568117"><ele>916.471</ele><time>2026-09-29T15:37:07Z</time><speed>1.270</speed><sat>26</sat></trkpt>
  <trkpt lat="39.92648383" lon="32.82568072"><ele>916.071</ele><time>2026-09-29T15:37:08Z</time><speed>1.400</speed><sat>26</sat></trkpt>
  <trkpt lat="39.92649980" lon="32.82568166"><ele>915.720</ele><time>2026-09-29T15:37:09Z</time><speed>1.340</speed><sat>26</sat></trkpt>
  <trkpt lat="39.92651440" lon="32.82568381"><ele>915.962</ele><time>2026-09-29T15:37:10Z</time><speed>1.320</speed><sat>25</sat></trkpt>
  <trkpt lat="39.92652723" lon="32.82568649"><ele>916.197</ele><time>2026-09-29T15:37:11Z</time><speed>1.280</speed><sat>22</sat></trkpt>
  <trkpt lat="39.92654125" lon="32.82568944"><ele>916.080</ele><time>2026-09-29T15:37:12Z</time><speed>1.310</speed><sat>21</sat></trkpt>
  <trkpt lat="39.92655458" lon="32.82569132"><ele>915.673</ele><time>2026-09-29T15:37:13Z</time><speed>1.310</speed><sat>23</sat></trkpt>
  <trkpt lat="39.92656535" lon="32.82569211"><ele>915.327</ele><time>2026-09-29T15:37:14Z</time><speed>1.220</speed><sat>25</sat></trkpt>
  <trkpt lat="39.92657764" lon="32.82569178"><ele>915.323</ele><time>2026-09-29T15:37:15Z</time><speed>1.260</speed><sat>24</sat></trkpt>
  <trkpt lat="39.92659154" lon="32.82568953"><ele>915.796</ele><time>2026-09-29T15:37:16Z</time><speed>1.300</speed><sat>25</sat></trkpt>
  <trkpt lat="39.92660505" lon="32.82568617"><ele>916.444</ele><time>2026-09-29T15:37:17Z</time><speed>1.160</speed><sat>26</sat></trkpt>
  <trkpt lat="39.92661615" lon="32.82568460"><ele>916.204</ele><time>2026-09-29T15:37:18Z</time><speed>1.060</speed><sat>26</sat></trkpt>
  <trkpt lat="39.92662674" lon="32.82568469"><ele>917.025</ele><time>2026-09-29T15:37:19Z</time><speed>1.100</speed><sat>25</sat></trkpt>
  <trkpt lat="39.92663641" lon="32.82568552"><ele>917.381</ele><time>2026-09-29T15:37:20Z</time><speed>1.010</speed><sat>24</sat></trkpt>
  <trkpt lat="39.92664932" lon="32.82568638"><ele>916.843</ele><time>2026-09-29T15:37:21Z</time><speed>1.270</speed><sat>25</sat></trkpt>
  <trkpt lat="39.92666230" lon="32.82568852"><ele>917.197</ele><time>2026-09-29T15:37:22Z</time><speed>1.240</speed><sat>25</sat></trkpt>
  <trkpt lat="39.92667345" lon="32.82568921"><ele>918.156</ele><time>2026-09-29T15:37:23Z</time><speed>1.000</speed><sat>25</sat></trkpt>
  <trkpt lat="39.92668731" lon="32.82568895"><ele>918.834</ele><time>2026-09-29T15:37:24Z</time><speed>1.540</speed><sat>24</sat></trkpt>
  <trkpt lat="39.92670100" lon="32.82568704"><ele>919.115</ele><time>2026-09-29T15:37:25Z</time><speed>1.420</speed><sat>23</sat></trkpt>
  <trkpt lat="39.92670954" lon="32.82568401"><ele>917.808</ele><time>2026-09-29T15:37:26Z</time><speed>0.930</speed><sat>23</sat></trkpt>
  <trkpt lat="39.92671406" lon="32.82568154"><ele>918.153</ele><time>2026-09-29T15:37:27Z</time><speed>0.620</speed><sat>23</sat></trkpt>
  <trkpt lat="39.92671921" lon="32.82567736"><ele>918.423</ele><time>2026-09-29T15:37:28Z</time><speed>0.990</speed><sat>24</sat></trkpt>
  <trkpt lat="39.92672040" lon="32.82567394"><ele>918.762</ele><time>2026-09-29T15:37:29Z</time><speed>0.260</speed><sat>24</sat></trkpt>
  <trkpt lat="39.92671243" lon="32.82567247"><ele>919.167</ele><time>2026-09-29T15:37:30Z</time><speed>0.000</speed><sat>26</sat></trkpt>
  <trkpt lat="39.92671348" lon="32.82567186"><ele>918.569</ele><time>2026-09-29T15:37:31Z</time><speed>0.540</speed><sat>25</sat></trkpt>
  <trkpt lat="39.92671070" lon="32.82566871"><ele>918.457</ele><time>2026-09-29T15:37:32Z</time><speed>0.000</speed><sat>25</sat></trkpt>
  <trkpt lat="39.92671287" lon="32.82566509"><ele>918.446</ele><time>2026-09-29T15:37:33Z</time><speed>0.660</speed><sat>25</sat></trkpt>
  <trkpt lat="39.92671736" lon="32.82566290"><ele>918.404</ele><time>2026-09-29T15:37:34Z</time><speed>0.570</speed><sat>26</sat></trkpt>
  <trkpt lat="39.92671722" lon="32.82565955"><ele>918.211</ele><time>2026-09-29T15:37:35Z</time><speed>0.000</speed><sat>26</sat></trkpt>
  <trkpt lat="39.92672081" lon="32.82565834"><ele>918.106</ele><time>2026-09-29T15:37:36Z</time><speed>0.650</speed><sat>25</sat></trkpt>
  <trkpt lat="39.92672810" lon="32.82565821"><ele>918.611</ele><time>2026-09-29T15:37:37Z</time><speed>0.860</speed><sat>26</sat></trkpt>
  <trkpt lat="39.92673674" lon="32.82565884"><ele>918.150</ele><time>2026-09-29T15:37:38Z</time><speed>0.960</speed><sat>26</sat></trkpt>
  <trkpt lat="39.92674574" lon="32.82565859"><ele>917.985</ele><time>2026-09-29T15:37:39Z</time><speed>0.830</speed><sat>24</sat></trkpt>
  <trkpt lat="39.92675485" lon="32.82565477"><ele>918.281</ele><time>2026-09-29T15:37:40Z</time><speed>1.130</speed><sat>24</sat></trkpt>
  <trkpt lat="39.92676208" lon="32.82565152"><ele>918.672</ele><time>2026-09-29T15:37:41Z</time><speed>0.600</speed><sat>24</sat></trkpt>
  <trkpt lat="39.92676837" lon="32.82564608"><ele>918.036</ele><time>2026-09-29T15:37:42Z</time><speed>0.890</speed><sat>24</sat></trkpt>
  <trkpt lat="39.92677687" lon="32.82564046"><ele>917.792</ele><time>2026-09-29T15:37:43Z</time><speed>1.010</speed><sat>24</sat></trkpt>
  <trkpt lat="39.92678486" lon="32.82563704"><ele>917.872</ele><time>2026-09-29T15:37:44Z</time><speed>0.660</speed><sat>23</sat></trkpt>
  <trkpt lat="39.92679409" lon="32.82563422"><ele>917.160</ele><time>2026-09-29T15:37:45Z</time><speed>1.160</speed><sat>22</sat></trkpt>
  <trkpt lat="39.92680473" lon="32.82563128"><ele>916.025</ele><time>2026-09-29T15:37:46Z</time><speed>1.060</speed><sat>22</sat></trkpt>
  <trkpt lat="39.92681534" lon="32.82562844"><ele>916.349</ele><time>2026-09-29T15:37:47Z</time><speed>1.090</speed><sat>22</sat></trkpt>
  <trkpt lat="39.92682477" lon="32.82562878"><ele>915.142</ele><time>2026-09-29T15:37:48Z</time><speed>0.800</speed><sat>23</sat></trkpt>
  <trkpt lat="39.92683561" lon="32.82563161"><ele>915.198</ele><time>2026-09-29T15:37:49Z</time><speed>1.290</speed><sat>22</sat></trkpt>
  <trkpt lat="39.92684736" lon="32.82563779"><ele>914.973</ele><time>2026-09-29T15:37:50Z</time><speed>1.290</speed><sat>22</sat></trkpt>
  <trkpt lat="39.92685723" lon="32.82564698"><ele>914.723</ele><time>2026-09-29T15:37:51Z</time><speed>1.260</speed><sat>23</sat></trkpt>
  <trkpt lat="39.92686587" lon="32.82565783"><ele>914.522</ele><time>2026-09-29T15:37:52Z</time><speed>1.260</speed><sat>21</sat></trkpt>
  <trkpt lat="39.92686980" lon="32.82566393"><ele>913.836</ele><time>2026-09-29T15:37:53Z</time><speed>0.210</speed><sat>20</sat></trkpt>
  <trkpt lat="39.92687148" lon="32.82566692"><ele>913.604</ele><time>2026-09-29T15:37:54Z</time><speed>0.840</speed><sat>20</sat></trkpt>
  <trkpt lat="39.92687320" lon="32.82567587"><ele>913.643</ele><time>2026-09-29T15:37:55Z</time><speed>1.020</speed><sat>15</sat></trkpt>
  <trkpt lat="39.92687304" lon="32.82568048"><ele>913.547</ele><time>2026-09-29T15:37:56Z</time><speed>0.000</speed><sat>13</sat></trkpt>
  <trkpt lat="39.92687712" lon="32.82568269"><ele>913.462</ele><time>2026-09-29T15:37:57Z</time><speed>1.290</speed><sat>7</sat></trkpt>
  <trkpt lat="39.92687665" lon="32.82570140"><ele>913.323</ele><time>2026-09-29T15:37:58Z</time><speed>3.300</speed><sat>4</sat></trkpt>
  <trkpt lat="39.92687239" lon="32.82571939"><ele>915.884</ele><time>2026-09-29T15:37:59Z</time><speed>1.010</speed><sat>6</sat></trkpt>
  <trkpt lat="39.92687131" lon="32.82572429"><ele>913.520</ele><time>2026-09-29T15:38:00Z</time><speed>1.320</speed><sat>7</sat></trkpt>
  <trkpt lat="39.92686212" lon="32.82571470"><ele>914.133</ele><time>2026-09-29T15:38:01Z</time><speed>1.080</speed><sat>9</sat></trkpt>
  <trkpt lat="39.92686202" lon="32.82570334"><ele>914.218</ele><time>2026-09-29T15:38:02Z</time><speed>0.340</speed><sat>9</sat></trkpt>
  <trkpt lat="39.92685666" lon="32.82568542"><ele>912.573</ele><time>2026-09-29T15:38:03Z</time><speed>0.560</speed><sat>10</sat></trkpt>
  <trkpt lat="39.92685374" lon="32.82567593"><ele>911.830</ele><time>2026-09-29T15:38:04Z</time><speed>0.680</speed><sat>11</sat></trkpt>
  <trkpt lat="39.92685789" lon="32.82567453"><ele>912.230</ele><time>2026-09-29T15:38:05Z</time><speed>0.930</speed><sat>12</sat></trkpt>
  <trkpt lat="39.92686973" lon="32.82567102"><ele>912.822</ele><time>2026-09-29T15:38:06Z</time><speed>1.020</speed><sat>12</sat></trkpt>
  <trkpt lat="39.92689157" lon="32.82566165"><ele>912.491</ele><time>2026-09-29T15:38:07Z</time><speed>1.320</speed><sat>11</sat></trkpt>
  <trkpt lat="39.92691301" lon="32.82565085"><ele>912.573</ele><time>2026-09-29T15:38:08Z</time><speed>0.930</speed><sat>12</sat></trkpt>
  <trkpt lat="39.92693044" lon="32.82563758"><ele>912.801</ele><time>2026-09-29T15:38:09Z</time><speed>0.880</speed><sat>12</sat></trkpt>
  <trkpt lat="39.92694832" lon="32.82562135"><ele>912.570</ele><time>2026-09-29T15:38:10Z</time><speed>1.260</speed><sat>13</sat></trkpt>
  <trkpt lat="39.92696571" lon="32.82560746"><ele>913.375</ele><time>2026-09-29T15:38:11Z</time><speed>1.130</speed><sat>11</sat></trkpt>
  <trkpt lat="39.92698378" lon="32.82559696"><ele>914.369</ele><time>2026-09-29T15:38:12Z</time><speed>1.190</speed><sat>10</sat></trkpt>
  <trkpt lat="39.92700249" lon="32.82558906"><ele>916.207</ele><time>2026-09-29T15:38:13Z</time><speed>1.210</speed><sat>13</sat></trkpt>
  <trkpt lat="39.92701942" lon="32.82558764"><ele>916.083</ele><time>2026-09-29T15:38:14Z</time><speed>0.890</speed><sat>14</sat></trkpt>
  <trkpt lat="39.92704229" lon="32.82558498"><ele>915.458</ele><time>2026-09-29T15:38:15Z</time><speed>1.170</speed><sat>14</sat></trkpt>
  <trkpt lat="39.92706439" lon="32.82558011"><ele>915.935</ele><time>2026-09-29T15:38:16Z</time><speed>1.160</speed><sat>17</sat></trkpt>
  <trkpt lat="39.92708394" lon="32.82557776"><ele>916.814</ele><time>2026-09-29T15:38:17Z</time><speed>1.060</speed><sat>17</sat></trkpt>
  <trkpt lat="39.92710057" lon="32.82557661"><ele>917.031</ele><time>2026-09-29T15:38:18Z</time><speed>1.050</speed><sat>18</sat></trkpt>
  <trkpt lat="39.92711590" lon="32.82557578"><ele>918.167</ele><time>2026-09-29T15:38:19Z</time><speed>1.070</speed><sat>20</sat></trkpt>
  <trkpt lat="39.92713209" lon="32.82557600"><ele>917.316</ele><time>2026-09-29T15:38:20Z</time><speed>0.780</speed><sat>21</sat></trkpt>
  <trkpt lat="39.92715237" lon="32.82557347"><ele>915.679</ele><time>2026-09-29T15:38:21Z</time><speed>0.980</speed><sat>24</sat></trkpt>
  <trkpt lat="39.92717471" lon="32.82557078"><ele>913.725</ele><time>2026-09-29T15:38:22Z</time><speed>1.050</speed><sat>25</sat></trkpt>
  <trkpt lat="39.92719252" lon="32.82556310"><ele>915.146</ele><time>2026-09-29T15:38:23Z</time><speed>1.140</speed><sat>26</sat></trkpt>
  <trkpt lat="39.92720868" lon="32.82555707"><ele>914.471</ele><time>2026-09-29T15:38:24Z</time><speed>0.990</speed><sat>25</sat></trkpt>
  <trkpt lat="39.92722363" lon="32.82554874"><ele>915.246</ele><time>2026-09-29T15:38:25Z</time><speed>1.200</speed><sat>24</sat></trkpt>
  <trkpt lat="39.92723925" lon="32.82554156"><ele>914.376</ele><time>2026-09-29T15:38:26Z</time><speed>0.900</speed><sat>24</sat></trkpt>
  <trkpt lat="39.92725493" lon="32.82553767"><ele>915.153</ele><time>2026-09-29T15:38:27Z</time><speed>1.050</speed><sat>23</sat></trkpt>
  <trkpt lat="39.92727202" lon="32.82553404"><ele>914.895</ele><time>2026-09-29T15:38:28Z</time><speed>1.370</speed><sat>24</sat></trkpt>
  <trkpt lat="39.92728939" lon="32.82553370"><ele>914.999</ele><time>2026-09-29T15:38:29Z</time><speed>1.120</speed><sat>23</sat></trkpt>
  <trkpt lat="39.92730247" lon="32.82553387"><ele>912.890</ele><time>2026-09-29T15:38:30Z</time><speed>1.090</speed><sat>25</sat></trkpt>
  <trkpt lat="39.92731639" lon="32.82553384"><ele>913.575</ele><time>2026-09-29T15:38:31Z</time><speed>1.060</speed><sat>22</sat></trkpt>
  <trkpt lat="39.92732660" lon="32.82553219"><ele>914.797</ele><time>2026-09-29T15:38:32Z</time><speed>0.660</speed><sat>21</sat></trkpt>
  <trkpt lat="39.92733544" lon="32.82552865"><ele>915.172</ele><time>2026-09-29T15:38:33Z</time><speed>0.690</speed><sat>25</sat></trkpt>
  <trkpt lat="39.92734540" lon="32.82552427"><ele>916.118</ele><time>2026-09-29T15:38:34Z</time><speed>0.670</speed><sat>25</sat></trkpt>
  <trkpt lat="39.92735564" lon="32.82552298"><ele>916.373</ele><time>2026-09-29T15:38:35Z</time><speed>0.600</speed><sat>26</sat></trkpt>
  <trkpt lat="39.92736362" lon="32.82552756"><ele>916.354</ele><time>2026-09-29T15:38:36Z</time><speed>0.900</speed><sat>25</sat></trkpt>
  <trkpt lat="39.92737071" lon="32.82553559"><ele>916.656</ele><time>2026-09-29T15:38:37Z</time><speed>0.790</speed><sat>23</sat></trkpt>
  <trkpt lat="39.92736696" lon="32.82553470"><ele>917.540</ele><time>2026-09-29T15:38:38Z</time><speed>0.210</speed><sat>22</sat></trkpt>
  <trkpt lat="39.92736788" lon="32.82553255"><ele>917.339</ele><time>2026-09-29T15:38:39Z</time><speed>0.520</speed><sat>21</sat></trkpt>
  <trkpt lat="39.92736909" lon="32.82553089"><ele>917.676</ele><time>2026-09-29T15:38:40Z</time><speed>0.540</speed><sat>21</sat></trkpt>
  <trkpt lat="39.92734997" lon="32.82552497"><ele>921.445</ele><time>2026-09-29T15:38:41Z</time><speed>0.000</speed><sat>21</sat></trkpt>
  <trkpt lat="39.92733921" lon="32.82552267"><ele>921.424</ele><time>2026-09-29T15:38:42Z</time><speed>0.000</speed><sat>23</sat></trkpt>
  <trkpt lat="39.92733378" lon="32.82552154"><ele>921.445</ele><time>2026-09-29T15:38:43Z</time><speed>0.000</speed><sat>24</sat></trkpt>
  <trkpt lat="39.92733105" lon="32.82552100"><ele>921.450</ele><time>2026-09-29T15:38:44Z</time><speed>0.000</speed><sat>28</sat></trkpt>
  <trkpt lat="39.92732965" lon="32.82552073"><ele>921.459</ele><time>2026-09-29T15:38:45Z</time><speed>0.000</speed><sat>28</sat></trkpt>
  <trkpt lat="39.92733392" lon="32.82552217"><ele>922.055</ele><time>2026-09-29T15:38:46Z</time><speed>0.780</speed><sat>26</sat></trkpt>
  <trkpt lat="39.92734140" lon="32.82553044"><ele>921.774</ele><time>2026-09-29T15:38:47Z</time><speed>1.190</speed><sat>28</sat></trkpt>
  <trkpt lat="39.92734876" lon="32.82554650"><ele>922.186</ele><time>2026-09-29T15:38:48Z</time><speed>1.640</speed><sat>28</sat></trkpt>
  <trkpt lat="39.92735312" lon="32.82556072"><ele>922.036</ele><time>2026-09-29T15:38:49Z</time><speed>1.050</speed><sat>28</sat></trkpt>
  <trkpt lat="39.92735544" lon="32.82556850"><ele>921.788</ele><time>2026-09-29T15:38:50Z</time><speed>0.790</speed><sat>24</sat></trkpt>
  <trkpt lat="39.92736629" lon="32.82556760"><ele>922.671</ele><time>2026-09-29T15:38:51Z</time><speed>1.770</speed><sat>21</sat></trkpt>
  <trkpt lat="39.92737904" lon="32.82556126"><ele>922.962</ele><time>2026-09-29T15:38:52Z</time><speed>1.200</speed><sat>19</sat></trkpt>
  <trkpt lat="39.92738032" lon="32.82555079"><ele>922.990</ele><time>2026-09-29T15:38:53Z</time><speed>0.000</speed><sat>15</sat></trkpt>
  <trkpt lat="39.92738467" lon="32.82553962"><ele>922.972</ele><time>2026-09-29T15:38:54Z</time><speed>1.150</speed><sat>16</sat></trkpt>
  <trkpt lat="39.92737807" lon="32.82553115"><ele>923.321</ele><time>2026-09-29T15:38:55Z</time><speed>0.000</speed><sat>16</sat></trkpt>
  <trkpt lat="39.92738703" lon="32.82551999"><ele>923.425</ele><time>2026-09-29T15:38:56Z</time><speed>1.540</speed><sat>16</sat></trkpt>
  <trkpt lat="39.92739928" lon="32.82552142"><ele>923.176</ele><time>2026-09-29T15:38:57Z</time><speed>1.320</speed><sat>15</sat></trkpt>
  <trkpt lat="39.92741034" lon="32.82552524"><ele>923.005</ele><time>2026-09-29T15:38:58Z</time><speed>1.470</speed><sat>15</sat></trkpt>
  <trkpt lat="39.92740249" lon="32.82552358"><ele>923.598</ele><time>2026-09-29T15:38:59Z</time><speed>0.000</speed><sat>13</sat></trkpt>
  <trkpt lat="39.92740425" lon="32.82552439"><ele>922.997</ele><time>2026-09-29T15:39:00Z</time><speed>0.890</speed><sat>12</sat></trkpt>
  <trkpt lat="39.92740906" lon="32.82552210"><ele>923.008</ele><time>2026-09-29T15:39:01Z</time><speed>0.840</speed><sat>11</sat></trkpt>
  <trkpt lat="39.92740971" lon="32.82551940"><ele>923.090</ele><time>2026-09-29T15:39:02Z</time><speed>0.550</speed><sat>11</sat></trkpt>
  <trkpt lat="39.92740300" lon="32.82552272"><ele>920.340</ele><time>2026-09-29T15:39:03Z</time><speed>0.000</speed><sat>11</sat></trkpt>
  <trkpt lat="39.92736116" lon="32.82553331"><ele>919.502</ele><time>2026-09-29T15:39:04Z</time><speed>0.000</speed><sat>11</sat></trkpt>
  <trkpt lat="39.92733987" lon="32.82553903"><ele>919.263</ele><time>2026-09-29T15:39:05Z</time><speed>0.000</speed><sat>14</sat></trkpt>
  <trkpt lat="39.92732925" lon="32.82554190"><ele>919.262</ele><time>2026-09-29T15:39:06Z</time><speed>0.000</speed><sat>14</sat></trkpt>
  <trkpt lat="39.92732404" lon="32.82554326"><ele>919.249</ele><time>2026-09-29T15:39:07Z</time><speed>0.000</speed><sat>17</sat></trkpt>
  <trkpt lat="39.92732145" lon="32.82554399"><ele>919.249</ele><time>2026-09-29T15:39:08Z</time><speed>0.000</speed><sat>17</sat></trkpt>
  <trkpt lat="39.92732028" lon="32.82554450"><ele>919.223</ele><time>2026-09-29T15:39:09Z</time><speed>0.000</speed><sat>17</sat></trkpt>
  <trkpt lat="39.92732041" lon="32.82555088"><ele>918.888</ele><time>2026-09-29T15:39:10Z</time><speed>0.000</speed><sat>17</sat></trkpt>
  <trkpt lat="39.92731706" lon="32.82553627"><ele>918.543</ele><time>2026-09-29T15:39:11Z</time><speed>0.000</speed><sat>13</sat></trkpt>
  <trkpt lat="39.92732190" lon="32.82553439"><ele>917.139</ele><time>2026-09-29T15:39:12Z</time><speed>0.000</speed><sat>14</sat></trkpt>
  <trkpt lat="39.92732388" lon="32.82555058"><ele>917.262</ele><time>2026-09-29T15:39:13Z</time><speed>1.930</speed><sat>14</sat></trkpt>
  <trkpt lat="39.92733105" lon="32.82557176"><ele>917.533</ele><time>2026-09-29T15:39:14Z</time><speed>1.940</speed><sat>13</sat></trkpt>
  <trkpt lat="39.92733678" lon="32.82559531"><ele>917.542</ele><time>2026-09-29T15:39:15Z</time><speed>2.150</speed><sat>13</sat></trkpt>
  <trkpt lat="39.92734200" lon="32.82561154"><ele>917.356</ele><time>2026-09-29T15:39:16Z</time><speed>1.460</speed><sat>13</sat></trkpt>
  <trkpt lat="39.92733936" lon="32.82559491"><ele>917.624</ele><time>2026-09-29T15:39:17Z</time><speed>0.000</speed><sat>13</sat></trkpt>
  <trkpt lat="39.92733558" lon="32.82559530"><ele>917.686</ele><time>2026-09-29T15:39:18Z</time><speed>0.980</speed><sat>10</sat></trkpt>
  <trkpt lat="39.92733282" lon="32.82560534"><ele>917.704</ele><time>2026-09-29T15:39:19Z</time><speed>1.090</speed><sat>11</sat></trkpt>
  <trkpt lat="39.92732293" lon="32.82560272"><ele>917.532</ele><time>2026-09-29T15:39:20Z</time><speed>0.000</speed><sat>11</sat></trkpt>
  <trkpt lat="39.92731683" lon="32.82560354"><ele>917.551</ele><time>2026-09-29T15:39:21Z</time><speed>0.000</speed><sat>12</sat></trkpt>
  <trkpt lat="39.92731365" lon="32.82560620"><ele>917.525</ele><time>2026-09-29T15:39:22Z</time><speed>0.000</speed><sat>11</sat></trkpt>
  <trkpt lat="39.92731195" lon="32.82560860"><ele>917.527</ele><time>2026-09-29T15:39:23Z</time><speed>0.000</speed><sat>7</sat></trkpt>
  <trkpt lat="39.92731138" lon="32.82560940"><ele>917.527</ele><time>2026-09-29T15:39:24Z</time><speed>0.000</speed><sat>7</sat></trkpt>
  <trkpt lat="39.92731021" lon="32.82561533"><ele>917.078</ele><time>2026-09-29T15:39:25Z</time><speed>0.000</speed><sat>4</sat></trkpt>
  <trkpt lat="39.92730838" lon="32.82562920"><ele>915.875</ele><time>2026-09-29T15:39:26Z</time><speed>0.840</speed><sat>4</sat></trkpt>
  <trkpt lat="39.92730710" lon="32.82564588"><ele>916.667</ele><time>2026-09-29T15:39:27Z</time><speed>0.000</speed><sat>2</sat></trkpt>
  <trkpt lat="39.92727336" lon="32.82567081"><ele>922.327</ele><time>2026-09-29T15:39:28Z</time><speed>0.000</speed><sat>3</sat></trkpt>
  <trkpt lat="39.92725189" lon="32.82565173"><ele>921.835</ele><time>2026-09-29T15:39:29Z</time><speed>0.000</speed><sat>4</sat></trkpt>
  <trkpt lat="39.92724277" lon="32.82564570"><ele>921.839</ele><time>2026-09-29T15:39:30Z</time><speed>0.000</speed><sat>4</sat></trkpt>
  <trkpt lat="39.92723720" lon="32.82564223"><ele>921.844</ele><time>2026-09-29T15:39:31Z</time><sat>6</sat></trkpt>
  <trkpt lat="39.92723469" lon="32.82563975"><ele>921.833</ele><time>2026-09-29T15:39:32Z</time><sat>6</sat></trkpt>
  <trkpt lat="39.92723274" lon="32.82563785"><ele>921.834</ele><time>2026-09-29T15:39:33Z</time><sat>6</sat></trkpt>
  <trkpt lat="39.92723127" lon="32.82563583"><ele>921.835</ele><time>2026-09-29T15:39:34Z</time><sat>5</sat></trkpt>
  <trkpt lat="39.92722833" lon="32.82563178"><ele>921.834</ele><time>2026-09-29T15:39:35Z</time><speed>0.000</speed><sat>4</sat></trkpt>
 </trkseg>
</trk>

</gpx>
 