<?xml version="1.0" encoding="UTF-8"?>
<!-- Created with BasicAirData GPS Logger for Android - ver. 3.3.0 -->
<!-- Track 45 = 785 TrackPoints + 0 Placemarks -->

<!-- Track Statistics (based on Total Time | Time in Movement): -->
<!--  Distance = 5.82 km -->
<!--  Duration = 13:04 | 10:01 -->
<!--  Altitude Gap = 13 m -->
<!--  Max Speed = 81 km/h -->
<!--  Avg Speed = 26.8 | 34.9 km/h -->
<!--  Direction = SSW -->
<!--  Activity = car -->
<!--  Altitudes = Raw -->

<gpx version="1.0"
     creator="BasicAirData GPS Logger 3.3.0"
     xmlns="http://www.topografix.com/GPX/1/0"
     xmlns:xsi="http://www.w3.org/2001/XMLSchema-instance"
     xsi:schemaLocation="http://www.topografix.com/GPX/1/0 http://www.topografix.com/GPX/1/0/gpx.xsd">
<name>GPS Logger 20260923-211916</name>
<time>2026-09-25T19:33:47Z</time>
<keywords>car</keywords>
<bounds minlat="37.06130666" minlon="37.37792458" maxlat="37.10033890" maxlon="37.40212280" />

<trk>
 <name>Track 20260923-211916</name>
 <trkseg>
  <trkpt lat="37.10033890" lon="37.40212280"><ele>859.705</ele><time>2026-09-23T18:19:16Z</time><speed>12.550</speed><sat>31</sat></trkpt>
  <trkpt lat="37.10022258" lon="37.40209166"><ele>858.866</ele><time>2026-09-23T18:19:17Z</time><speed>13.370</speed><sat>32</sat></trkpt>
  <trkpt lat="37.10009764" lon="37.40206945"><ele>857.772</ele><time>2026-09-23T18:19:18Z</time><speed>14.200</speed><sat>32</sat></trkpt>
  <trkpt lat="37.09996627" lon="37.40203736"><ele>857.513</ele><time>2026-09-23T18:19:19Z</time><speed>15.200</speed><sat>32</sat></trkpt>
  <trkpt lat="37.09982321" lon="37.40201391"><ele>856.584</ele><time>2026-09-23T18:19:20Z</time><speed>16.180</speed><sat>32</sat></trkpt>
  <trkpt lat="37.09967309" lon="37.40197846"><ele>857.075</ele><time>2026-09-23T18:19:21Z</time><speed>16.370</speed><sat>32</sat></trkpt>
  <trkpt lat="37.09952058" lon="37.40194340"><ele>856.678</ele><time>2026-09-23T18:19:22Z</time><speed>17.680</speed><sat>32</sat></trkpt>
  <trkpt lat="37.09936221" lon="37.40190692"><ele>856.245</ele><time>2026-09-23T18:19:23Z</time><speed>18.290</speed><sat>32</sat></trkpt>
  <trkpt lat="37.09919683" lon="37.40186918"><ele>855.885</ele><time>2026-09-23T18:19:24Z</time><speed>19.020</speed><sat>32</sat></trkpt>
  <trkpt lat="37.09902298" lon="37.40182880"><ele>855.451</ele><time>2026-09-23T18:19:25Z</time><speed>19.890</speed><sat>32</sat></trkpt>
  <trkpt lat="37.09884236" lon="37.40178653"><ele>854.998</ele><time>2026-09-23T18:19:26Z</time><speed>20.800</speed><sat>33</sat></trkpt>
  <trkpt lat="37.09865924" lon="37.40174972"><ele>854.037</ele><time>2026-09-23T18:19:27Z</time><speed>20.460</speed><sat>33</sat></trkpt>
  <trkpt lat="37.09847587" lon="37.40170783"><ele>853.620</ele><time>2026-09-23T18:19:28Z</time><speed>20.560</speed><sat>30</sat></trkpt>
  <trkpt lat="37.09829267" lon="37.40166671"><ele>853.123</ele><time>2026-09-23T18:19:29Z</time><speed>20.610</speed><sat>30</sat></trkpt>
  <trkpt lat="37.09810552" lon="37.40162616"><ele>852.508</ele><time>2026-09-23T18:19:30Z</time><speed>20.780</speed><sat>30</sat></trkpt>
  <trkpt lat="37.09791961" lon="37.40158597"><ele>852.274</ele><time>2026-09-23T18:19:31Z</time><speed>20.840</speed><sat>30</sat></trkpt>
  <trkpt lat="37.09773752" lon="37.40154410"><ele>852.179</ele><time>2026-09-23T18:19:32Z</time><speed>20.680</speed><sat>26</sat></trkpt>
  <trkpt lat="37.09755597" lon="37.40150632"><ele>852.140</ele><time>2026-09-23T18:19:33Z</time><speed>20.610</speed><sat>25</sat></trkpt>
  <trkpt lat="37.09736606" lon="37.40146452"><ele>852.534</ele><time>2026-09-23T18:19:34Z</time><speed>20.710</speed><sat>23</sat></trkpt>
  <trkpt lat="37.09719094" lon="37.40142317"><ele>851.776</ele><time>2026-09-23T18:19:35Z</time><speed>20.590</speed><sat>23</sat></trkpt>
  <trkpt lat="37.09701764" lon="37.40136662"><ele>852.069</ele><time>2026-09-23T18:19:36Z</time><speed>20.390</speed><sat>24</sat></trkpt>
  <trkpt lat="37.09682669" lon="37.40131226"><ele>851.406</ele><time>2026-09-23T18:19:37Z</time><speed>21.070</speed><sat>25</sat></trkpt>
  <trkpt lat="37.09662717" lon="37.40128960"><ele>851.598</ele><time>2026-09-23T18:19:38Z</time><speed>21.350</speed><sat>25</sat></trkpt>
  <trkpt lat="37.09643238" lon="37.40125053"><ele>851.255</ele><time>2026-09-23T18:19:39Z</time><speed>21.540</speed><sat>24</sat></trkpt>
  <trkpt lat="37.09624289" lon="37.40120871"><ele>851.420</ele><time>2026-09-23T18:19:40Z</time><speed>21.560</speed><sat>24</sat></trkpt>
  <trkpt lat="37.09604626" lon="37.40116156"><ele>851.569</ele><time>2026-09-23T18:19:41Z</time><speed>22.050</speed><sat>23</sat></trkpt>
  <trkpt lat="37.09586421" lon="37.40112464"><ele>851.612</ele><time>2026-09-23T18:19:42Z</time><speed>21.730</speed><sat>22</sat></trkpt>
  <trkpt lat="37.09566853" lon="37.40108518"><ele>851.806</ele><time>2026-09-23T18:19:43Z</time><speed>21.560</speed><sat>22</sat></trkpt>
  <trkpt lat="37.09548139" lon="37.40105256"><ele>850.571</ele><time>2026-09-23T18:19:44Z</time><speed>20.890</speed><sat>24</sat></trkpt>
  <trkpt lat="37.09529125" lon="37.40100655"><ele>850.150</ele><time>2026-09-23T18:19:45Z</time><speed>21.170</speed><sat>24</sat></trkpt>
  <trkpt lat="37.09509802" lon="37.40094354"><ele>849.691</ele><time>2026-09-23T18:19:46Z</time><speed>21.800</speed><sat>24</sat></trkpt>
  <trkpt lat="37.09489712" lon="37.40087282"><ele>849.764</ele><time>2026-09-23T18:19:47Z</time><speed>22.550</speed><sat>22</sat></trkpt>
  <trkpt lat="37.09477443" lon="37.40086382"><ele>849.512</ele><time>2026-09-23T18:19:48Z</time><speed>20.090</speed><sat>21</sat></trkpt>
  <trkpt lat="37.09458945" lon="37.40082127"><ele>850.832</ele><time>2026-09-23T18:19:49Z</time><speed>20.190</speed><sat>21</sat></trkpt>
  <trkpt lat="37.09441179" lon="37.40079725"><ele>850.777</ele><time>2026-09-23T18:19:50Z</time><speed>19.640</speed><sat>23</sat></trkpt>
  <trkpt lat="37.09424022" lon="37.40076244"><ele>851.084</ele><time>2026-09-23T18:19:51Z</time><speed>19.400</speed><sat>23</sat></trkpt>
  <trkpt lat="37.09406896" lon="37.40073234"><ele>850.922</ele><time>2026-09-23T18:19:52Z</time><speed>19.010</speed><sat>25</sat></trkpt>
  <trkpt lat="37.09394585" lon="37.40071618"><ele>851.478</ele><time>2026-09-23T18:19:53Z</time><speed>16.210</speed><sat>25</sat></trkpt>
  <trkpt lat="37.09380668" lon="37.40068981"><ele>851.469</ele><time>2026-09-23T18:19:54Z</time><speed>16.190</speed><sat>24</sat></trkpt>
  <trkpt lat="37.09371528" lon="37.40067693"><ele>851.659</ele><time>2026-09-23T18:19:55Z</time><speed>12.320</speed><sat>25</sat></trkpt>
  <trkpt lat="37.09362766" lon="37.40065938"><ele>851.167</ele><time>2026-09-23T18:19:56Z</time><speed>10.180</speed><sat>25</sat></trkpt>
  <trkpt lat="37.09354576" lon="37.40065133"><ele>851.633</ele><time>2026-09-23T18:19:57Z</time><speed>9.020</speed><sat>25</sat></trkpt>
  <trkpt lat="37.09348533" lon="37.40064269"><ele>852.047</ele><time>2026-09-23T18:19:58Z</time><speed>7.040</speed><sat>25</sat></trkpt>
  <trkpt lat="37.09344723" lon="37.40062539"><ele>852.687</ele><time>2026-09-23T18:19:59Z</time><speed>5.420</speed><sat>23</sat></trkpt>
  <trkpt lat="37.09343718" lon="37.40062050"><ele>853.469</ele><time>2026-09-23T18:20:00Z</time><speed>3.240</speed><sat>25</sat></trkpt>
  <trkpt lat="37.09343670" lon="37.40060988"><ele>854.299</ele><time>2026-09-23T18:20:01Z</time><speed>0.000</speed><sat>28</sat></trkpt>
  <trkpt lat="37.09343796" lon="37.40060606"><ele>854.172</ele><time>2026-09-23T18:20:02Z</time><speed>0.180</speed><sat>30</sat></trkpt>
  <trkpt lat="37.09343777" lon="37.40060240"><ele>854.197</ele><time>2026-09-23T18:20:03Z</time><speed>0.000</speed><sat>30</sat></trkpt>
  <trkpt lat="37.09343514" lon="37.40060442"><ele>854.308</ele><time>2026-09-23T18:20:04Z</time><speed>0.000</speed><sat>30</sat></trkpt>
  <trkpt lat="37.09342947" lon="37.40059748"><ele>854.943</ele><time>2026-09-23T18:20:05Z</time><speed>0.290</speed><sat>29</sat></trkpt>
  <trkpt lat="37.09342788" lon="37.40059618"><ele>854.476</ele><time>2026-09-23T18:20:06Z</time><speed>0.000</speed><sat>29</sat></trkpt>
  <trkpt lat="37.09342827" lon="37.40059665"><ele>854.535</ele><time>2026-09-23T18:20:07Z</time><speed>0.000</speed><sat>28</sat></trkpt>
  <trkpt lat="37.09342865" lon="37.40059523"><ele>854.733</ele><time>2026-09-23T18:20:08Z</time><speed>0.000</speed><sat>27</sat></trkpt>
  <trkpt lat="37.09343701" lon="37.40059105"><ele>855.054</ele><time>2026-09-23T18:20:09Z</time><speed>0.000</speed><sat>26</sat></trkpt>
  <trkpt lat="37.09343910" lon="37.40059119"><ele>855.178</ele><time>2026-09-23T18:20:10Z</time><speed>0.000</speed><sat>27</sat></trkpt>
  <trkpt lat="37.09343896" lon="37.40059107"><ele>855.064</ele><time>2026-09-23T18:20:11Z</time><speed>0.000</speed><sat>27</sat></trkpt>
  <trkpt lat="37.09343903" lon="37.40059207"><ele>855.318</ele><time>2026-09-23T18:20:12Z</time><speed>0.000</speed><sat>26</sat></trkpt>
  <trkpt lat="37.09344060" lon="37.40059302"><ele>855.485</ele><time>2026-09-23T18:20:13Z</time><speed>0.000</speed><sat>26</sat></trkpt>
  <trkpt lat="37.09344133" lon="37.40059406"><ele>855.792</ele><time>2026-09-23T18:20:14Z</time><speed>0.000</speed><sat>26</sat></trkpt>
  <trkpt lat="37.09344210" lon="37.40059405"><ele>855.761</ele><time>2026-09-23T18:20:15Z</time><speed>0.000</speed><sat>26</sat></trkpt>
  <trkpt lat="37.09345035" lon="37.40060459"><ele>855.379</ele><time>2026-09-23T18:20:16Z</time><speed>0.000</speed><sat>25</sat></trkpt>
  <trkpt lat="37.09345257" lon="37.40060365"><ele>855.903</ele><time>2026-09-23T18:20:17Z</time><speed>0.000</speed><sat>26</sat></trkpt>
  <trkpt lat="37.09345308" lon="37.40060367"><ele>856.241</ele><time>2026-09-23T18:20:18Z</time><speed>0.000</speed><sat>27</sat></trkpt>
  <trkpt lat="37.09345479" lon="37.40060313"><ele>856.608</ele><time>2026-09-23T18:20:19Z</time><speed>0.000</speed><sat>27</sat></trkpt>
  <trkpt lat="37.09345581" lon="37.40060461"><ele>856.863</ele><time>2026-09-23T18:20:20Z</time><speed>0.000</speed><sat>28</sat></trkpt>
  <trkpt lat="37.09345610" lon="37.40060320"><ele>857.035</ele><time>2026-09-23T18:20:21Z</time><speed>0.000</speed><sat>28</sat></trkpt>
  <trkpt lat="37.09345839" lon="37.40060383"><ele>857.206</ele><time>2026-09-23T18:20:22Z</time><speed>0.000</speed><sat>28</sat></trkpt>
  <trkpt lat="37.09346005" lon="37.40060432"><ele>857.825</ele><time>2026-09-23T18:20:23Z</time><speed>0.220</speed><sat>27</sat></trkpt>
  <trkpt lat="37.09345892" lon="37.40060691"><ele>856.886</ele><time>2026-09-23T18:20:24Z</time><speed>0.330</speed><sat>27</sat></trkpt>
  <trkpt lat="37.09344360" lon="37.40062859"><ele>856.512</ele><time>2026-09-23T18:20:25Z</time><speed>2.480</speed><sat>27</sat></trkpt>
  <trkpt lat="37.09345209" lon="37.40062398"><ele>856.904</ele><time>2026-09-23T18:20:26Z</time><speed>0.000</speed><sat>26</sat></trkpt>
  <trkpt lat="37.09345354" lon="37.40062283"><ele>856.885</ele><time>2026-09-23T18:20:27Z</time><speed>0.000</speed><sat>26</sat></trkpt>
  <trkpt lat="37.09345451" lon="37.40062485"><ele>856.757</ele><time>2026-09-23T18:20:28Z</time><speed>0.000</speed><sat>26</sat></trkpt>
  <trkpt lat="37.09345169" lon="37.40062303"><ele>856.712</ele><time>2026-09-23T18:20:29Z</time><speed>0.000</speed><sat>28</sat></trkpt>
  <trkpt lat="37.09345634" lon="37.40063333"><ele>855.664</ele><time>2026-09-23T18:20:30Z</time><speed>0.350</speed><sat>28</sat></trkpt>
  <trkpt lat="37.09344086" lon="37.40065004"><ele>855.165</ele><time>2026-09-23T18:20:31Z</time><speed>1.420</speed><sat>26</sat></trkpt>
  <trkpt lat="37.09342847" lon="37.40065617"><ele>854.622</ele><time>2026-09-23T18:20:32Z</time><speed>1.970</speed><sat>26</sat></trkpt>
  <trkpt lat="37.09342705" lon="37.40065139"><ele>854.989</ele><time>2026-09-23T18:20:33Z</time><speed>0.650</speed><sat>26</sat></trkpt>
  <trkpt lat="37.09344062" lon="37.40064256"><ele>855.393</ele><time>2026-09-23T18:20:34Z</time><speed>0.000</speed><sat>26</sat></trkpt>
  <trkpt lat="37.09345082" lon="37.40063844"><ele>855.427</ele><time>2026-09-23T18:20:35Z</time><speed>0.000</speed><sat>28</sat></trkpt>
  <trkpt lat="37.09345399" lon="37.40063698"><ele>855.396</ele><time>2026-09-23T18:20:36Z</time><speed>0.230</speed><sat>28</sat></trkpt>
  <trkpt lat="37.09345580" lon="37.40063223"><ele>855.189</ele><time>2026-09-23T18:20:37Z</time><speed>0.670</speed><sat>27</sat></trkpt>
  <trkpt lat="37.09346118" lon="37.40062910"><ele>855.280</ele><time>2026-09-23T18:20:38Z</time><speed>0.000</speed><sat>27</sat></trkpt>
  <trkpt lat="37.09346439" lon="37.40062836"><ele>855.239</ele><time>2026-09-23T18:20:39Z</time><speed>0.000</speed><sat>29</sat></trkpt>
  <trkpt lat="37.09346610" lon="37.40062705"><ele>854.986</ele><time>2026-09-23T18:20:40Z</time><speed>0.000</speed><sat>29</sat></trkpt>
  <trkpt lat="37.09346628" lon="37.40062600"><ele>854.857</ele><time>2026-09-23T18:20:41Z</time><speed>0.000</speed><sat>29</sat></trkpt>
  <trkpt lat="37.09346543" lon="37.40062452"><ele>854.646</ele><time>2026-09-23T18:20:42Z</time><speed>0.000</speed><sat>29</sat></trkpt>
  <trkpt lat="37.09346501" lon="37.40062347"><ele>854.709</ele><time>2026-09-23T18:20:43Z</time><speed>0.000</speed><sat>29</sat></trkpt>
  <trkpt lat="37.09346425" lon="37.40062229"><ele>854.946</ele><time>2026-09-23T18:20:44Z</time><speed>0.000</speed><sat>29</sat></trkpt>
  <trkpt lat="37.09346340" lon="37.40062074"><ele>855.257</ele><time>2026-09-23T18:20:45Z</time><speed>0.000</speed><sat>27</sat></trkpt>
  <trkpt lat="37.09346382" lon="37.40062015"><ele>855.556</ele><time>2026-09-23T18:20:46Z</time><speed>0.000</speed><sat>27</sat></trkpt>
  <trkpt lat="37.09346276" lon="37.40062005"><ele>855.848</ele><time>2026-09-23T18:20:47Z</time><speed>0.000</speed><sat>28</sat></trkpt>
  <trkpt lat="37.09346216" lon="37.40062006"><ele>856.021</ele><time>2026-09-23T18:20:48Z</time><speed>0.000</speed><sat>27</sat></trkpt>
  <trkpt lat="37.09346196" lon="37.40062003"><ele>856.020</ele><time>2026-09-23T18:20:49Z</time><speed>0.000</speed><sat>28</sat></trkpt>
  <trkpt lat="37.09346193" lon="37.40062001"><ele>856.023</ele><time>2026-09-23T18:20:50Z</time><speed>0.000</speed><sat>27</sat></trkpt>
  <trkpt lat="37.09346021" lon="37.40062027"><ele>856.115</ele><time>2026-09-23T18:20:51Z</time><speed>0.410</speed><sat>27</sat></trkpt>
  <trkpt lat="37.09345735" lon="37.40061904"><ele>855.993</ele><time>2026-09-23T18:20:52Z</time><speed>0.280</speed><sat>27</sat></trkpt>
  <trkpt lat="37.09345796" lon="37.40061756"><ele>856.418</ele><time>2026-09-23T18:20:53Z</time><speed>0.000</speed><sat>27</sat></trkpt>
  <trkpt lat="37.09345883" lon="37.40061694"><ele>856.549</ele><time>2026-09-23T18:20:54Z</time><speed>0.000</speed><sat>26</sat></trkpt>
  <trkpt lat="37.09345864" lon="37.40061623"><ele>856.436</ele><time>2026-09-23T18:20:55Z</time><speed>0.000</speed><sat>25</sat></trkpt>
  <trkpt lat="37.09345931" lon="37.40061552"><ele>856.624</ele><time>2026-09-23T18:20:56Z</time><speed>0.000</speed><sat>26</sat></trkpt>
  <trkpt lat="37.09345942" lon="37.40061485"><ele>856.584</ele><time>2026-09-23T18:20:57Z</time><speed>0.000</speed><sat>25</sat></trkpt>
  <trkpt lat="37.09345487" lon="37.40061034"><ele>857.112</ele><time>2026-09-23T18:20:58Z</time><speed>0.840</speed><sat>25</sat></trkpt>
  <trkpt lat="37.09344912" lon="37.40060222"><ele>857.122</ele><time>2026-09-23T18:20:59Z</time><speed>0.910</speed><sat>25</sat></trkpt>
  <trkpt lat="37.09344766" lon="37.40059877"><ele>857.488</ele><time>2026-09-23T18:21:00Z</time><speed>0.000</speed><sat>24</sat></trkpt>
  <trkpt lat="37.09344752" lon="37.40060255"><ele>857.225</ele><time>2026-09-23T18:21:01Z</time><speed>0.000</speed><sat>24</sat></trkpt>
  <trkpt lat="37.09344628" lon="37.40060405"><ele>857.111</ele><time>2026-09-23T18:21:02Z</time><speed>0.000</speed><sat>24</sat></trkpt>
  <trkpt lat="37.09344090" lon="37.40060418"><ele>857.022</ele><time>2026-09-23T18:21:03Z</time><speed>1.250</speed><sat>23</sat></trkpt>
  <trkpt lat="37.09341799" lon="37.40060094"><ele>857.021</ele><time>2026-09-23T18:21:04Z</time><speed>2.760</speed><sat>29</sat></trkpt>
  <trkpt lat="37.09336338" lon="37.40058726"><ele>856.646</ele><time>2026-09-23T18:21:05Z</time><speed>5.560</speed><sat>32</sat></trkpt>
  <trkpt lat="37.09331612" lon="37.40056994"><ele>856.597</ele><time>2026-09-23T18:21:06Z</time><speed>5.770</speed><sat>32</sat></trkpt>
  <trkpt lat="37.09324287" lon="37.40056348"><ele>857.619</ele><time>2026-09-23T18:21:07Z</time><speed>8.500</speed><sat>32</sat></trkpt>
  <trkpt lat="37.09315778" lon="37.40054591"><ele>857.660</ele><time>2026-09-23T18:21:08Z</time><speed>9.510</speed><sat>32</sat></trkpt>
  <trkpt lat="37.09307877" lon="37.40053267"><ele>857.173</ele><time>2026-09-23T18:21:09Z</time><speed>9.170</speed><sat>32</sat></trkpt>
  <trkpt lat="37.09296341" lon="37.40051225"><ele>856.606</ele><time>2026-09-23T18:21:10Z</time><speed>12.600</speed><sat>33</sat></trkpt>
  <trkpt lat="37.09285771" lon="37.40048983"><ele>856.390</ele><time>2026-09-23T18:21:11Z</time><speed>11.660</speed><sat>32</sat></trkpt>
  <trkpt lat="37.09274370" lon="37.40046477"><ele>857.795</ele><time>2026-09-23T18:21:12Z</time><speed>12.640</speed><sat>32</sat></trkpt>
  <trkpt lat="37.09262713" lon="37.40044605"><ele>857.709</ele><time>2026-09-23T18:21:13Z</time><speed>13.650</speed><sat>32</sat></trkpt>
  <trkpt lat="37.09250046" lon="37.40042218"><ele>858.436</ele><time>2026-09-23T18:21:14Z</time><speed>14.370</speed><sat>32</sat></trkpt>
  <trkpt lat="37.09237342" lon="37.40039254"><ele>859.035</ele><time>2026-09-23T18:21:15Z</time><speed>15.110</speed><sat>32</sat></trkpt>
  <trkpt lat="37.09223331" lon="37.40037010"><ele>858.110</ele><time>2026-09-23T18:21:16Z</time><speed>15.870</speed><sat>32</sat></trkpt>
  <trkpt lat="37.09209029" lon="37.40034236"><ele>858.169</ele><time>2026-09-23T18:21:17Z</time><speed>16.390</speed><sat>33</sat></trkpt>
  <trkpt lat="37.09194758" lon="37.40031460"><ele>859.018</ele><time>2026-09-23T18:21:18Z</time><speed>16.220</speed><sat>33</sat></trkpt>
  <trkpt lat="37.09179907" lon="37.40028204"><ele>859.273</ele><time>2026-09-23T18:21:19Z</time><speed>16.970</speed><sat>32</sat></trkpt>
  <trkpt lat="37.09164244" lon="37.40025143"><ele>859.582</ele><time>2026-09-23T18:21:20Z</time><speed>17.630</speed><sat>32</sat></trkpt>
  <trkpt lat="37.09149034" lon="37.40021624"><ele>860.450</ele><time>2026-09-23T18:21:21Z</time><speed>17.540</speed><sat>31</sat></trkpt>
  <trkpt lat="37.09133314" lon="37.40016847"><ele>860.039</ele><time>2026-09-23T18:21:22Z</time><speed>17.560</speed><sat>31</sat></trkpt>
  <trkpt lat="37.09115766" lon="37.40014290"><ele>860.107</ele><time>2026-09-23T18:21:23Z</time><speed>19.480</speed><sat>30</sat></trkpt>
  <trkpt lat="37.09098210" lon="37.40010363"><ele>860.569</ele><time>2026-09-23T18:21:24Z</time><speed>19.490</speed><sat>29</sat></trkpt>
  <trkpt lat="37.09080454" lon="37.40008190"><ele>859.562</ele><time>2026-09-23T18:21:25Z</time><speed>19.550</speed><sat>29</sat></trkpt>
  <trkpt lat="37.09063861" lon="37.40003486"><ele>859.803</ele><time>2026-09-23T18:21:26Z</time><speed>19.200</speed><sat>29</sat></trkpt>
  <trkpt lat="37.09047108" lon="37.40001173"><ele>859.045</ele><time>2026-09-23T18:21:27Z</time><speed>18.860</speed><sat>29</sat></trkpt>
  <trkpt lat="37.09029184" lon="37.39996720"><ele>859.360</ele><time>2026-09-23T18:21:28Z</time><speed>19.870</speed><sat>28</sat></trkpt>
  <trkpt lat="37.09012374" lon="37.39993016"><ele>858.224</ele><time>2026-09-23T18:21:29Z</time><speed>20.030</speed><sat>27</sat></trkpt>
  <trkpt lat="37.08994499" lon="37.39988644"><ele>858.566</ele><time>2026-09-23T18:21:30Z</time><speed>19.890</speed><sat>28</sat></trkpt>
  <trkpt lat="37.08976688" lon="37.39982869"><ele>859.310</ele><time>2026-09-23T18:21:31Z</time><speed>19.650</speed><sat>27</sat></trkpt>
  <trkpt lat="37.08958207" lon="37.39981074"><ele>858.791</ele><time>2026-09-23T18:21:32Z</time><speed>19.780</speed><sat>27</sat></trkpt>
  <trkpt lat="37.08940313" lon="37.39977808"><ele>859.664</ele><time>2026-09-23T18:21:33Z</time><speed>19.800</speed><sat>26</sat></trkpt>
  <trkpt lat="37.08922726" lon="37.39974767"><ele>859.606</ele><time>2026-09-23T18:21:34Z</time><speed>19.760</speed><sat>26</sat></trkpt>
  <trkpt lat="37.08905138" lon="37.39970923"><ele>859.517</ele><time>2026-09-23T18:21:35Z</time><speed>19.690</speed><sat>25</sat></trkpt>
  <trkpt lat="37.08887834" lon="37.39967460"><ele>860.524</ele><time>2026-09-23T18:21:36Z</time><speed>19.290</speed><sat>26</sat></trkpt>
  <trkpt lat="37.08870970" lon="37.39964245"><ele>861.304</ele><time>2026-09-23T18:21:37Z</time><speed>18.710</speed><sat>26</sat></trkpt>
  <trkpt lat="37.08855590" lon="37.39960265"><ele>861.719</ele><time>2026-09-23T18:21:38Z</time><speed>18.050</speed><sat>27</sat></trkpt>
  <trkpt lat="37.08840514" lon="37.39957100"><ele>861.823</ele><time>2026-09-23T18:21:39Z</time><speed>17.500</speed><sat>27</sat></trkpt>
  <trkpt lat="37.08825731" lon="37.39954092"><ele>861.993</ele><time>2026-09-23T18:21:40Z</time><speed>16.690</speed><sat>28</sat></trkpt>
  <trkpt lat="37.08811532" lon="37.39951373"><ele>862.483</ele><time>2026-09-23T18:21:41Z</time><speed>16.270</speed><sat>29</sat></trkpt>
  <trkpt lat="37.08798660" lon="37.39948559"><ele>862.811</ele><time>2026-09-23T18:21:42Z</time><speed>14.700</speed><sat>29</sat></trkpt>
  <trkpt lat="37.08787212" lon="37.39946111"><ele>863.406</ele><time>2026-09-23T18:21:43Z</time><speed>13.630</speed><sat>30</sat></trkpt>
  <trkpt lat="37.08776025" lon="37.39944472"><ele>863.908</ele><time>2026-09-23T18:21:44Z</time><speed>12.860</speed><sat>30</sat></trkpt>
  <trkpt lat="37.08767395" lon="37.39942547"><ele>863.781</ele><time>2026-09-23T18:21:45Z</time><speed>10.750</speed><sat>30</sat></trkpt>
  <trkpt lat="37.08759497" lon="37.39941380"><ele>863.834</ele><time>2026-09-23T18:21:46Z</time><speed>8.840</speed><sat>30</sat></trkpt>
  <trkpt lat="37.08752224" lon="37.39939792"><ele>864.642</ele><time>2026-09-23T18:21:47Z</time><speed>8.240</speed><sat>31</sat></trkpt>
  <trkpt lat="37.08746977" lon="37.39938045"><ele>865.426</ele><time>2026-09-23T18:21:48Z</time><speed>6.860</speed><sat>31</sat></trkpt>
  <trkpt lat="37.08742261" lon="37.39937765"><ele>865.811</ele><time>2026-09-23T18:21:49Z</time><speed>4.700</speed><sat>30</sat></trkpt>
  <trkpt lat="37.08740861" lon="37.39937239"><ele>865.784</ele><time>2026-09-23T18:21:50Z</time><speed>2.790</speed><sat>30</sat></trkpt>
  <trkpt lat="37.08739153" lon="37.39937315"><ele>864.908</ele><time>2026-09-23T18:21:51Z</time><speed>1.980</speed><sat>30</sat></trkpt>
  <trkpt lat="37.08736977" lon="37.39937178"><ele>864.552</ele><time>2026-09-23T18:21:52Z</time><speed>1.930</speed><sat>30</sat></trkpt>
  <trkpt lat="37.08736953" lon="37.39936199"><ele>865.760</ele><time>2026-09-23T18:21:53Z</time><speed>1.160</speed><sat>30</sat></trkpt>
  <trkpt lat="37.08735794" lon="37.39936766"><ele>865.979</ele><time>2026-09-23T18:21:54Z</time><speed>0.740</speed><sat>30</sat></trkpt>
  <trkpt lat="37.08735162" lon="37.39936795"><ele>866.772</ele><time>2026-09-23T18:21:55Z</time><speed>0.440</speed><sat>30</sat></trkpt>
  <trkpt lat="37.08736170" lon="37.39935748"><ele>866.926</ele><time>2026-09-23T18:21:56Z</time><speed>0.480</speed><sat>30</sat></trkpt>
  <trkpt lat="37.08737553" lon="37.39933754"><ele>867.485</ele><time>2026-09-23T18:21:57Z</time><speed>1.530</speed><sat>29</sat></trkpt>
  <trkpt lat="37.08738026" lon="37.39933656"><ele>868.074</ele><time>2026-09-23T18:21:58Z</time><speed>0.450</speed><sat>29</sat></trkpt>
  <trkpt lat="37.08738186" lon="37.39933456"><ele>867.322</ele><time>2026-09-23T18:21:59Z</time><speed>0.410</speed><sat>29</sat></trkpt>
  <trkpt lat="37.08738054" lon="37.39933940"><ele>866.662</ele><time>2026-09-23T18:22:00Z</time><speed>0.000</speed><sat>28</sat></trkpt>
  <trkpt lat="37.08737553" lon="37.39934060"><ele>866.831</ele><time>2026-09-23T18:22:01Z</time><speed>0.730</speed><sat>27</sat></trkpt>
  <trkpt lat="37.08736868" lon="37.39934214"><ele>865.773</ele><time>2026-09-23T18:22:02Z</time><speed>0.400</speed><sat>29</sat></trkpt>
  <trkpt lat="37.08734616" lon="37.39933886"><ele>868.363</ele><time>2026-09-23T18:22:03Z</time><speed>2.470</speed><sat>29</sat></trkpt>
  <trkpt lat="37.08731132" lon="37.39933241"><ele>869.203</ele><time>2026-09-23T18:22:04Z</time><speed>3.070</speed><sat>29</sat></trkpt>
  <trkpt lat="37.08718674" lon="37.39931942"><ele>869.219</ele><time>2026-09-23T18:22:05Z</time><speed>5.140</speed><sat>29</sat></trkpt>
  <trkpt lat="37.08710505" lon="37.39930311"><ele>869.488</ele><time>2026-09-23T18:22:06Z</time><speed>5.850</speed><sat>29</sat></trkpt>
  <trkpt lat="37.08699092" lon="37.39927802"><ele>869.886</ele><time>2026-09-23T18:22:07Z</time><speed>9.630</speed><sat>29</sat></trkpt>
  <trkpt lat="37.08687827" lon="37.39924812"><ele>870.489</ele><time>2026-09-23T18:22:08Z</time><speed>11.580</speed><sat>28</sat></trkpt>
  <trkpt lat="37.08678019" lon="37.39922170"><ele>870.499</ele><time>2026-09-23T18:22:09Z</time><speed>11.880</speed><sat>29</sat></trkpt>
  <trkpt lat="37.08666994" lon="37.39919252"><ele>869.593</ele><time>2026-09-23T18:22:10Z</time><speed>12.800</speed><sat>30</sat></trkpt>
  <trkpt lat="37.08654532" lon="37.39915417"><ele>869.212</ele><time>2026-09-23T18:22:11Z</time><speed>13.550</speed><sat>30</sat></trkpt>
  <trkpt lat="37.08642748" lon="37.39909935"><ele>869.551</ele><time>2026-09-23T18:22:12Z</time><speed>14.460</speed><sat>31</sat></trkpt>
  <trkpt lat="37.08630000" lon="37.39903439"><ele>870.190</ele><time>2026-09-23T18:22:13Z</time><speed>15.240</speed><sat>31</sat></trkpt>
  <trkpt lat="37.08616405" lon="37.39895832"><ele>869.790</ele><time>2026-09-23T18:22:14Z</time><speed>16.170</speed><sat>31</sat></trkpt>
  <trkpt lat="37.08602999" lon="37.39887843"><ele>870.315</ele><time>2026-09-23T18:22:15Z</time><speed>16.850</speed><sat>31</sat></trkpt>
  <trkpt lat="37.08589347" lon="37.39878351"><ele>870.753</ele><time>2026-09-23T18:22:16Z</time><speed>16.980</speed><sat>31</sat></trkpt>
  <trkpt lat="37.08577124" lon="37.39869792"><ele>870.946</ele><time>2026-09-23T18:22:17Z</time><speed>16.220</speed><sat>31</sat></trkpt>
  <trkpt lat="37.08562132" lon="37.39858818"><ele>870.309</ele><time>2026-09-23T18:22:18Z</time><speed>17.890</speed><sat>31</sat></trkpt>
  <trkpt lat="37.08547910" lon="37.39847621"><ele>870.421</ele><time>2026-09-23T18:22:19Z</time><speed>18.230</speed><sat>31</sat></trkpt>
  <trkpt lat="37.08533501" lon="37.39836783"><ele>870.480</ele><time>2026-09-23T18:22:20Z</time><speed>18.630</speed><sat>31</sat></trkpt>
  <trkpt lat="37.08519337" lon="37.39825055"><ele>870.552</ele><time>2026-09-23T18:22:21Z</time><speed>19.030</speed><sat>31</sat></trkpt>
  <trkpt lat="37.08504200" lon="37.39813214"><ele>869.678</ele><time>2026-09-23T18:22:22Z</time><speed>19.340</speed><sat>28</sat></trkpt>
  <trkpt lat="37.08489684" lon="37.39801747"><ele>869.622</ele><time>2026-09-23T18:22:23Z</time><speed>19.220</speed><sat>28</sat></trkpt>
  <trkpt lat="37.08474746" lon="37.39790485"><ele>870.221</ele><time>2026-09-23T18:22:24Z</time><speed>19.620</speed><sat>28</sat></trkpt>
  <trkpt lat="37.08460050" lon="37.39778479"><ele>870.087</ele><time>2026-09-23T18:22:25Z</time><speed>19.560</speed><sat>30</sat></trkpt>
  <trkpt lat="37.08445226" lon="37.39766433"><ele>870.471</ele><time>2026-09-23T18:22:26Z</time><speed>19.670</speed><sat>29</sat></trkpt>
  <trkpt lat="37.08430306" lon="37.39754517"><ele>868.878</ele><time>2026-09-23T18:22:27Z</time><speed>19.690</speed><sat>29</sat></trkpt>
  <trkpt lat="37.08414356" lon="37.39742284"><ele>869.131</ele><time>2026-09-23T18:22:28Z</time><speed>19.800</speed><sat>30</sat></trkpt>
  <trkpt lat="37.08398565" lon="37.39730959"><ele>869.172</ele><time>2026-09-23T18:22:29Z</time><speed>19.410</speed><sat>28</sat></trkpt>
  <trkpt lat="37.08384116" lon="37.39718959"><ele>869.415</ele><time>2026-09-23T18:22:30Z</time><speed>19.360</speed><sat>27</sat></trkpt>
  <trkpt lat="37.08371384" lon="37.39708142"><ele>868.892</ele><time>2026-09-23T18:22:31Z</time><speed>18.690</speed><sat>27</sat></trkpt>
  <trkpt lat="37.08357038" lon="37.39696744"><ele>868.001</ele><time>2026-09-23T18:22:32Z</time><speed>18.450</speed><sat>28</sat></trkpt>
  <trkpt lat="37.08343671" lon="37.39685097"><ele>867.317</ele><time>2026-09-23T18:22:33Z</time><speed>18.260</speed><sat>28</sat></trkpt>
  <trkpt lat="37.08329490" lon="37.39674057"><ele>865.956</ele><time>2026-09-23T18:22:34Z</time><speed>18.360</speed><sat>26</sat></trkpt>
  <trkpt lat="37.08314029" lon="37.39665086"><ele>865.137</ele><time>2026-09-23T18:22:35Z</time><speed>18.140</speed><sat>28</sat></trkpt>
  <trkpt lat="37.08299274" lon="37.39656275"><ele>865.205</ele><time>2026-09-23T18:22:36Z</time><speed>17.620</speed><sat>29</sat></trkpt>
  <trkpt lat="37.08283731" lon="37.39649685"><ele>866.270</ele><time>2026-09-23T18:22:37Z</time><speed>17.890</speed><sat>30</sat></trkpt>
  <trkpt lat="37.08269042" lon="37.39643893"><ele>865.939</ele><time>2026-09-23T18:22:38Z</time><speed>17.450</speed><sat>28</sat></trkpt>
  <trkpt lat="37.08251152" lon="37.39637384"><ele>867.189</ele><time>2026-09-23T18:22:39Z</time><speed>18.800</speed><sat>28</sat></trkpt>
  <trkpt lat="37.08234672" lon="37.39632547"><ele>868.131</ele><time>2026-09-23T18:22:40Z</time><speed>18.750</speed><sat>27</sat></trkpt>
  <trkpt lat="37.08217224" lon="37.39626084"><ele>868.027</ele><time>2026-09-23T18:22:41Z</time><speed>19.390</speed><sat>27</sat></trkpt>
  <trkpt lat="37.08200252" lon="37.39620497"><ele>868.348</ele><time>2026-09-23T18:22:42Z</time><speed>19.880</speed><sat>26</sat></trkpt>
  <trkpt lat="37.08184317" lon="37.39615998"><ele>866.955</ele><time>2026-09-23T18:22:43Z</time><speed>19.520</speed><sat>25</sat></trkpt>
  <trkpt lat="37.08166414" lon="37.39609673"><ele>865.661</ele><time>2026-09-23T18:22:44Z</time><speed>20.210</speed><sat>24</sat></trkpt>
  <trkpt lat="37.08150756" lon="37.39603094"><ele>867.378</ele><time>2026-09-23T18:22:45Z</time><speed>19.050</speed><sat>24</sat></trkpt>
  <trkpt lat="37.08134318" lon="37.39597737"><ele>868.191</ele><time>2026-09-23T18:22:46Z</time><speed>18.790</speed><sat>23</sat></trkpt>
  <trkpt lat="37.08116550" lon="37.39592574"><ele>867.519</ele><time>2026-09-23T18:22:47Z</time><speed>19.020</speed><sat>24</sat></trkpt>
  <trkpt lat="37.08102097" lon="37.39588484"><ele>868.814</ele><time>2026-09-23T18:22:48Z</time><speed>18.100</speed><sat>24</sat></trkpt>
  <trkpt lat="37.08087827" lon="37.39583039"><ele>867.530</ele><time>2026-09-23T18:22:49Z</time><speed>17.630</speed><sat>26</sat></trkpt>
  <trkpt lat="37.08072606" lon="37.39578460"><ele>867.548</ele><time>2026-09-23T18:22:50Z</time><speed>17.250</speed><sat>26</sat></trkpt>
  <trkpt lat="37.08057721" lon="37.39573765"><ele>867.907</ele><time>2026-09-23T18:22:51Z</time><speed>16.820</speed><sat>26</sat></trkpt>
  <trkpt lat="37.08043597" lon="37.39569094"><ele>868.175</ele><time>2026-09-23T18:22:52Z</time><speed>16.450</speed><sat>26</sat></trkpt>
  <trkpt lat="37.08030389" lon="37.39564869"><ele>866.890</ele><time>2026-09-23T18:22:53Z</time><speed>15.950</speed><sat>25</sat></trkpt>
  <trkpt lat="37.08015902" lon="37.39559860"><ele>867.246</ele><time>2026-09-23T18:22:54Z</time><speed>16.700</speed><sat>23</sat></trkpt>
  <trkpt lat="37.08005010" lon="37.39556361"><ele>867.890</ele><time>2026-09-23T18:22:55Z</time><speed>14.210</speed><sat>21</sat></trkpt>
  <trkpt lat="37.07994056" lon="37.39552553"><ele>868.693</ele><time>2026-09-23T18:22:56Z</time><speed>13.230</speed><sat>23</sat></trkpt>
  <trkpt lat="37.07983310" lon="37.39549178"><ele>868.865</ele><time>2026-09-23T18:22:57Z</time><speed>11.900</speed><sat>24</sat></trkpt>
  <trkpt lat="37.07973854" lon="37.39544617"><ele>869.010</ele><time>2026-09-23T18:22:58Z</time><speed>10.600</speed><sat>24</sat></trkpt>
  <trkpt lat="37.07965227" lon="37.39541280"><ele>870.026</ele><time>2026-09-23T18:22:59Z</time><speed>10.150</speed><sat>25</sat></trkpt>
  <trkpt lat="37.07957726" lon="37.39537548"><ele>870.399</ele><time>2026-09-23T18:23:00Z</time><speed>9.470</speed><sat>25</sat></trkpt>
  <trkpt lat="37.07949277" lon="37.39534333"><ele>869.912</ele><time>2026-09-23T18:23:01Z</time><speed>9.630</speed><sat>25</sat></trkpt>
  <trkpt lat="37.07942238" lon="37.39532776"><ele>869.228</ele><time>2026-09-23T18:23:02Z</time><speed>8.480</speed><sat>25</sat></trkpt>
  <trkpt lat="37.07933840" lon="37.39530781"><ele>869.145</ele><time>2026-09-23T18:23:03Z</time><speed>8.920</speed><sat>25</sat></trkpt>
  <trkpt lat="37.07922709" lon="37.39528646"><ele>869.948</ele><time>2026-09-23T18:23:04Z</time><speed>10.460</speed><sat>24</sat></trkpt>
  <trkpt lat="37.07914102" lon="37.39526219"><ele>869.491</ele><time>2026-09-23T18:23:05Z</time><speed>9.990</speed><sat>24</sat></trkpt>
  <trkpt lat="37.07903317" lon="37.39525088"><ele>870.739</ele><time>2026-09-23T18:23:06Z</time><speed>10.600</speed><sat>24</sat></trkpt>
  <trkpt lat="37.07893585" lon="37.39525026"><ele>870.663</ele><time>2026-09-23T18:23:07Z</time><speed>10.740</speed><sat>24</sat></trkpt>
  <trkpt lat="37.07881804" lon="37.39523881"><ele>871.254</ele><time>2026-09-23T18:23:08Z</time><speed>12.620</speed><sat>26</sat></trkpt>
  <trkpt lat="37.07870409" lon="37.39524061"><ele>870.188</ele><time>2026-09-23T18:23:09Z</time><speed>13.900</speed><sat>27</sat></trkpt>
  <trkpt lat="37.07856656" lon="37.39523487"><ele>870.354</ele><time>2026-09-23T18:23:10Z</time><speed>15.080</speed><sat>27</sat></trkpt>
  <trkpt lat="37.07842639" lon="37.39522939"><ele>870.334</ele><time>2026-09-23T18:23:11Z</time><speed>15.390</speed><sat>30</sat></trkpt>
  <trkpt lat="37.07828972" lon="37.39521719"><ele>871.195</ele><time>2026-09-23T18:23:12Z</time><speed>15.550</speed><sat>30</sat></trkpt>
  <trkpt lat="37.07814313" lon="37.39520592"><ele>870.119</ele><time>2026-09-23T18:23:13Z</time><speed>15.930</speed><sat>30</sat></trkpt>
  <trkpt lat="37.07799654" lon="37.39519271"><ele>869.515</ele><time>2026-09-23T18:23:14Z</time><speed>16.300</speed><sat>30</sat></trkpt>
  <trkpt lat="37.07785071" lon="37.39517611"><ele>869.758</ele><time>2026-09-23T18:23:15Z</time><speed>16.540</speed><sat>30</sat></trkpt>
  <trkpt lat="37.07770474" lon="37.39516074"><ele>869.617</ele><time>2026-09-23T18:23:16Z</time><speed>16.170</speed><sat>30</sat></trkpt>
  <trkpt lat="37.07756000" lon="37.39514976"><ele>869.952</ele><time>2026-09-23T18:23:17Z</time><speed>15.830</speed><sat>29</sat></trkpt>
  <trkpt lat="37.07741289" lon="37.39513951"><ele>869.471</ele><time>2026-09-23T18:23:18Z</time><speed>15.850</speed><sat>29</sat></trkpt>
  <trkpt lat="37.07727337" lon="37.39512515"><ele>869.869</ele><time>2026-09-23T18:23:19Z</time><speed>15.070</speed><sat>30</sat></trkpt>
  <trkpt lat="37.07714460" lon="37.39511774"><ele>869.424</ele><time>2026-09-23T18:23:20Z</time><speed>14.060</speed><sat>29</sat></trkpt>
  <trkpt lat="37.07702883" lon="37.39510753"><ele>868.420</ele><time>2026-09-23T18:23:21Z</time><speed>13.090</speed><sat>29</sat></trkpt>
  <trkpt lat="37.07691506" lon="37.39509935"><ele>867.888</ele><time>2026-09-23T18:23:22Z</time><speed>12.300</speed><sat>28</sat></trkpt>
  <trkpt lat="37.07680813" lon="37.39508582"><ele>867.847</ele><time>2026-09-23T18:23:23Z</time><speed>11.980</speed><sat>28</sat></trkpt>
  <trkpt lat="37.07671762" lon="37.39507278"><ele>867.311</ele><time>2026-09-23T18:23:24Z</time><speed>11.140</speed><sat>28</sat></trkpt>
  <trkpt lat="37.07661780" lon="37.39506060"><ele>866.789</ele><time>2026-09-23T18:23:25Z</time><speed>10.760</speed><sat>28</sat></trkpt>
  <trkpt lat="37.07652157" lon="37.39505348"><ele>866.084</ele><time>2026-09-23T18:23:26Z</time><speed>10.320</speed><sat>30</sat></trkpt>
  <trkpt lat="37.07642632" lon="37.39503893"><ele>865.863</ele><time>2026-09-23T18:23:27Z</time><speed>10.480</speed><sat>29</sat></trkpt>
  <trkpt lat="37.07634183" lon="37.39502705"><ele>865.152</ele><time>2026-09-23T18:23:28Z</time><speed>9.790</speed><sat>29</sat></trkpt>
  <trkpt lat="37.07625854" lon="37.39502244"><ele>865.249</ele><time>2026-09-23T18:23:29Z</time><speed>10.010</speed><sat>29</sat></trkpt>
  <trkpt lat="37.07616631" lon="37.39501908"><ele>865.333</ele><time>2026-09-23T18:23:30Z</time><speed>9.880</speed><sat>28</sat></trkpt>
  <trkpt lat="37.07607313" lon="37.39501066"><ele>866.743</ele><time>2026-09-23T18:23:31Z</time><speed>10.170</speed><sat>29</sat></trkpt>
  <trkpt lat="37.07597501" lon="37.39501184"><ele>867.099</ele><time>2026-09-23T18:23:32Z</time><speed>10.770</speed><sat>29</sat></trkpt>
  <trkpt lat="37.07587093" lon="37.39501688"><ele>866.381</ele><time>2026-09-23T18:23:33Z</time><speed>11.630</speed><sat>29</sat></trkpt>
  <trkpt lat="37.07576791" lon="37.39502054"><ele>866.634</ele><time>2026-09-23T18:23:34Z</time><speed>11.520</speed><sat>29</sat></trkpt>
  <trkpt lat="37.07566495" lon="37.39501700"><ele>866.061</ele><time>2026-09-23T18:23:35Z</time><speed>11.640</speed><sat>27</sat></trkpt>
  <trkpt lat="37.07552552" lon="37.39502027"><ele>866.430</ele><time>2026-09-23T18:23:36Z</time><speed>13.250</speed><sat>26</sat></trkpt>
  <trkpt lat="37.07541165" lon="37.39501216"><ele>866.054</ele><time>2026-09-23T18:23:37Z</time><speed>12.820</speed><sat>26</sat></trkpt>
  <trkpt lat="37.07529403" lon="37.39501396"><ele>867.019</ele><time>2026-09-23T18:23:38Z</time><speed>12.940</speed><sat>26</sat></trkpt>
  <trkpt lat="37.07517720" lon="37.39504143"><ele>866.777</ele><time>2026-09-23T18:23:39Z</time><speed>13.250</speed><sat>26</sat></trkpt>
  <trkpt lat="37.07505347" lon="37.39505479"><ele>867.718</ele><time>2026-09-23T18:23:40Z</time><speed>12.910</speed><sat>25</sat></trkpt>
  <trkpt lat="37.07493316" lon="37.39506020"><ele>868.036</ele><time>2026-09-23T18:23:41Z</time><speed>12.740</speed><sat>25</sat></trkpt>
  <trkpt lat="37.07481910" lon="37.39507455"><ele>867.564</ele><time>2026-09-23T18:23:42Z</time><speed>12.440</speed><sat>24</sat></trkpt>
  <trkpt lat="37.07470236" lon="37.39509824"><ele>866.326</ele><time>2026-09-23T18:23:43Z</time><speed>12.880</speed><sat>28</sat></trkpt>
  <trkpt lat="37.07457839" lon="37.39511826"><ele>865.140</ele><time>2026-09-23T18:23:44Z</time><speed>13.670</speed><sat>30</sat></trkpt>
  <trkpt lat="37.07446061" lon="37.39513368"><ele>865.861</ele><time>2026-09-23T18:23:45Z</time><speed>13.820</speed><sat>29</sat></trkpt>
  <trkpt lat="37.07433611" lon="37.39513648"><ele>866.012</ele><time>2026-09-23T18:23:46Z</time><speed>13.700</speed><sat>30</sat></trkpt>
  <trkpt lat="37.07421555" lon="37.39513165"><ele>865.878</ele><time>2026-09-23T18:23:47Z</time><speed>12.940</speed><sat>29</sat></trkpt>
  <trkpt lat="37.07410505" lon="37.39512763"><ele>866.548</ele><time>2026-09-23T18:23:48Z</time><speed>12.530</speed><sat>29</sat></trkpt>
  <trkpt lat="37.07400307" lon="37.39512949"><ele>866.785</ele><time>2026-09-23T18:23:49Z</time><speed>11.960</speed><sat>29</sat></trkpt>
  <trkpt lat="37.07389931" lon="37.39514128"><ele>865.505</ele><time>2026-09-23T18:23:50Z</time><speed>11.970</speed><sat>27</sat></trkpt>
  <trkpt lat="37.07378088" lon="37.39514359"><ele>865.663</ele><time>2026-09-23T18:23:51Z</time><speed>12.560</speed><sat>28</sat></trkpt>
  <trkpt lat="37.07365563" lon="37.39513443"><ele>866.043</ele><time>2026-09-23T18:23:52Z</time><speed>13.070</speed><sat>29</sat></trkpt>
  <trkpt lat="37.07351759" lon="37.39510745"><ele>864.883</ele><time>2026-09-23T18:23:53Z</time><speed>14.350</speed><sat>29</sat></trkpt>
  <trkpt lat="37.07338604" lon="37.39507588"><ele>865.219</ele><time>2026-09-23T18:23:54Z</time><speed>15.000</speed><sat>30</sat></trkpt>
  <trkpt lat="37.07325815" lon="37.39504290"><ele>865.517</ele><time>2026-09-23T18:23:55Z</time><speed>14.850</speed><sat>31</sat></trkpt>
  <trkpt lat="37.07312310" lon="37.39500141"><ele>867.188</ele><time>2026-09-23T18:23:56Z</time><speed>15.560</speed><sat>32</sat></trkpt>
  <trkpt lat="37.07298015" lon="37.39496034"><ele>867.602</ele><time>2026-09-23T18:23:57Z</time><speed>15.100</speed><sat>31</sat></trkpt>
  <trkpt lat="37.07286369" lon="37.39492174"><ele>868.595</ele><time>2026-09-23T18:23:58Z</time><speed>14.240</speed><sat>32</sat></trkpt>
  <trkpt lat="37.07274450" lon="37.39489926"><ele>867.777</ele><time>2026-09-23T18:23:59Z</time><speed>13.610</speed><sat>32</sat></trkpt>
  <trkpt lat="37.07263219" lon="37.39486392"><ele>868.125</ele><time>2026-09-23T18:24:00Z</time><speed>13.080</speed><sat>32</sat></trkpt>
  <trkpt lat="37.07251922" lon="37.39483352"><ele>867.945</ele><time>2026-09-23T18:24:01Z</time><speed>12.750</speed><sat>32</sat></trkpt>
  <trkpt lat="37.07243595" lon="37.39478752"><ele>867.825</ele><time>2026-09-23T18:24:02Z</time><speed>11.600</speed><sat>32</sat></trkpt>
  <trkpt lat="37.07235391" lon="37.39472532"><ele>867.717</ele><time>2026-09-23T18:24:03Z</time><speed>10.900</speed><sat>32</sat></trkpt>
  <trkpt lat="37.07228674" lon="37.39464843"><ele>866.902</ele><time>2026-09-23T18:24:04Z</time><speed>10.650</speed><sat>32</sat></trkpt>
  <trkpt lat="37.07223162" lon="37.39452482"><ele>865.552</ele><time>2026-09-23T18:24:05Z</time><speed>11.260</speed><sat>31</sat></trkpt>
  <trkpt lat="37.07219022" lon="37.39436760"><ele>863.464</ele><time>2026-09-23T18:24:06Z</time><speed>12.790</speed><sat>31</sat></trkpt>
  <trkpt lat="37.07216195" lon="37.39422412"><ele>862.612</ele><time>2026-09-23T18:24:07Z</time><speed>12.690</speed><sat>32</sat></trkpt>
  <trkpt lat="37.07213484" lon="37.39405671"><ele>863.566</ele><time>2026-09-23T18:24:08Z</time><speed>14.140</speed><sat>32</sat></trkpt>
  <trkpt lat="37.07210385" lon="37.39385941"><ele>863.851</ele><time>2026-09-23T18:24:09Z</time><speed>15.710</speed><sat>32</sat></trkpt>
  <trkpt lat="37.07207509" lon="37.39366926"><ele>862.609</ele><time>2026-09-23T18:24:10Z</time><speed>16.100</speed><sat>30</sat></trkpt>
  <trkpt lat="37.07206020" lon="37.39347875"><ele>861.522</ele><time>2026-09-23T18:24:11Z</time><speed>16.720</speed><sat>28</sat></trkpt>
  <trkpt lat="37.07204217" lon="37.39327461"><ele>862.050</ele><time>2026-09-23T18:24:12Z</time><speed>17.450</speed><sat>26</sat></trkpt>
  <trkpt lat="37.07203573" lon="37.39307051"><ele>861.971</ele><time>2026-09-23T18:24:13Z</time><speed>18.040</speed><sat>29</sat></trkpt>
  <trkpt lat="37.07205160" lon="37.39284506"><ele>861.992</ele><time>2026-09-23T18:24:14Z</time><speed>18.500</speed><sat>28</sat></trkpt>
  <trkpt lat="37.07206680" lon="37.39261529"><ele>860.552</ele><time>2026-09-23T18:24:15Z</time><speed>19.220</speed><sat>29</sat></trkpt>
  <trkpt lat="37.07208360" lon="37.39239772"><ele>861.415</ele><time>2026-09-23T18:24:16Z</time><speed>19.830</speed><sat>29</sat></trkpt>
  <trkpt lat="37.07209338" lon="37.39216876"><ele>860.517</ele><time>2026-09-23T18:24:17Z</time><speed>19.940</speed><sat>28</sat></trkpt>
  <trkpt lat="37.07210537" lon="37.39196588"><ele>859.653</ele><time>2026-09-23T18:24:18Z</time><speed>19.450</speed><sat>29</sat></trkpt>
  <trkpt lat="37.07211997" lon="37.39173031"><ele>859.134</ele><time>2026-09-23T18:24:19Z</time><speed>19.890</speed><sat>28</sat></trkpt>
  <trkpt lat="37.07211997" lon="37.39150503"><ele>856.622</ele><time>2026-09-23T18:24:20Z</time><speed>20.050</speed><sat>29</sat></trkpt>
  <trkpt lat="37.07212198" lon="37.39128206"><ele>856.954</ele><time>2026-09-23T18:24:21Z</time><speed>19.420</speed><sat>25</sat></trkpt>
  <trkpt lat="37.07213079" lon="37.39108150"><ele>857.011</ele><time>2026-09-23T18:24:22Z</time><speed>18.500</speed><sat>25</sat></trkpt>
  <trkpt lat="37.07208977" lon="37.39085802"><ele>856.356</ele><time>2026-09-23T18:24:23Z</time><speed>20.010</speed><sat>25</sat></trkpt>
  <trkpt lat="37.07203521" lon="37.39064051"><ele>856.655</ele><time>2026-09-23T18:24:24Z</time><speed>18.030</speed><sat>24</sat></trkpt>
  <trkpt lat="37.07199394" lon="37.39044335"><ele>855.878</ele><time>2026-09-23T18:24:25Z</time><speed>18.100</speed><sat>24</sat></trkpt>
  <trkpt lat="37.07199643" lon="37.39022350"><ele>856.861</ele><time>2026-09-23T18:24:26Z</time><speed>19.490</speed><sat>23</sat></trkpt>
  <trkpt lat="37.07197766" lon="37.39002118"><ele>858.744</ele><time>2026-09-23T18:24:27Z</time><speed>18.610</speed><sat>26</sat></trkpt>
  <trkpt lat="37.07197410" lon="37.38984267"><ele>858.053</ele><time>2026-09-23T18:24:28Z</time><speed>17.160</speed><sat>28</sat></trkpt>
  <trkpt lat="37.07198817" lon="37.38961691"><ele>859.140</ele><time>2026-09-23T18:24:29Z</time><speed>18.340</speed><sat>28</sat></trkpt>
  <trkpt lat="37.07205123" lon="37.38937398"><ele>861.099</ele><time>2026-09-23T18:24:30Z</time><speed>20.000</speed><sat>27</sat></trkpt>
  <trkpt lat="37.07206192" lon="37.38915131"><ele>861.174</ele><time>2026-09-23T18:24:31Z</time><speed>19.310</speed><sat>26</sat></trkpt>
  <trkpt lat="37.07208720" lon="37.38895321"><ele>862.395</ele><time>2026-09-23T18:24:32Z</time><speed>19.200</speed><sat>22</sat></trkpt>
  <trkpt lat="37.07210554" lon="37.38873391"><ele>862.982</ele><time>2026-09-23T18:24:33Z</time><speed>19.800</speed><sat>22</sat></trkpt>
  <trkpt lat="37.07211451" lon="37.38856120"><ele>862.262</ele><time>2026-09-23T18:24:34Z</time><speed>18.320</speed><sat>20</sat></trkpt>
  <trkpt lat="37.07213196" lon="37.38837170"><ele>862.127</ele><time>2026-09-23T18:24:35Z</time><speed>18.120</speed><sat>18</sat></trkpt>
  <trkpt lat="37.07215901" lon="37.38817245"><ele>862.151</ele><time>2026-09-23T18:24:36Z</time><speed>17.190</speed><sat>18</sat></trkpt>
  <trkpt lat="37.07220367" lon="37.38794248"><ele>859.193</ele><time>2026-09-23T18:24:37Z</time><speed>17.500</speed><sat>22</sat></trkpt>
  <trkpt lat="37.07218559" lon="37.38777233"><ele>860.466</ele><time>2026-09-23T18:24:38Z</time><speed>16.190</speed><sat>20</sat></trkpt>
  <trkpt lat="37.07219884" lon="37.38757114"><ele>862.138</ele><time>2026-09-23T18:24:39Z</time><speed>16.920</speed><sat>21</sat></trkpt>
  <trkpt lat="37.07220629" lon="37.38738895"><ele>861.806</ele><time>2026-09-23T18:24:40Z</time><speed>16.730</speed><sat>22</sat></trkpt>
  <trkpt lat="37.07224146" lon="37.38719012"><ele>861.807</ele><time>2026-09-23T18:24:41Z</time><speed>18.170</speed><sat>23</sat></trkpt>
  <trkpt lat="37.07225574" lon="37.38703935"><ele>861.929</ele><time>2026-09-23T18:24:42Z</time><speed>15.760</speed><sat>22</sat></trkpt>
  <trkpt lat="37.07224261" lon="37.38684841"><ele>861.884</ele><time>2026-09-23T18:24:43Z</time><speed>17.250</speed><sat>19</sat></trkpt>
  <trkpt lat="37.07221352" lon="37.38666455"><ele>859.977</ele><time>2026-09-23T18:24:44Z</time><speed>15.920</speed><sat>19</sat></trkpt>
  <trkpt lat="37.07221783" lon="37.38648206"><ele>860.597</ele><time>2026-09-23T18:24:45Z</time><speed>16.810</speed><sat>19</sat></trkpt>
  <trkpt lat="37.07221529" lon="37.38636256"><ele>862.148</ele><time>2026-09-23T18:24:46Z</time><speed>14.840</speed><sat>18</sat></trkpt>
  <trkpt lat="37.07221284" lon="37.38618184"><ele>859.539</ele><time>2026-09-23T18:24:47Z</time><speed>13.880</speed><sat>16</sat></trkpt>
  <trkpt lat="37.07225691" lon="37.38601779"><ele>860.440</ele><time>2026-09-23T18:24:48Z</time><speed>13.850</speed><sat>17</sat></trkpt>
  <trkpt lat="37.07228632" lon="37.38589325"><ele>860.277</ele><time>2026-09-23T18:24:49Z</time><speed>12.720</speed><sat>18</sat></trkpt>
  <trkpt lat="37.07230709" lon="37.38575095"><ele>862.172</ele><time>2026-09-23T18:24:50Z</time><speed>12.460</speed><sat>21</sat></trkpt>
  <trkpt lat="37.07230462" lon="37.38564722"><ele>861.932</ele><time>2026-09-23T18:24:51Z</time><speed>11.770</speed><sat>22</sat></trkpt>
  <trkpt lat="37.07230758" lon="37.38553415"><ele>861.144</ele><time>2026-09-23T18:24:52Z</time><speed>10.720</speed><sat>22</sat></trkpt>
  <trkpt lat="37.07231277" lon="37.38541103"><ele>863.575</ele><time>2026-09-23T18:24:53Z</time><speed>10.570</speed><sat>22</sat></trkpt>
  <trkpt lat="37.07231469" lon="37.38530498"><ele>862.711</ele><time>2026-09-23T18:24:54Z</time><speed>10.130</speed><sat>21</sat></trkpt>
  <trkpt lat="37.07235227" lon="37.38520360"><ele>856.640</ele><time>2026-09-23T18:24:55Z</time><speed>10.400</speed><sat>19</sat></trkpt>
  <trkpt lat="37.07236539" lon="37.38508124"><ele>857.751</ele><time>2026-09-23T18:24:56Z</time><speed>10.880</speed><sat>18</sat></trkpt>
  <trkpt lat="37.07240957" lon="37.38494380"><ele>856.122</ele><time>2026-09-23T18:24:57Z</time><speed>11.780</speed><sat>18</sat></trkpt>
  <trkpt lat="37.07244220" lon="37.38482490"><ele>856.419</ele><time>2026-09-23T18:24:58Z</time><speed>11.330</speed><sat>20</sat></trkpt>
  <trkpt lat="37.07247944" lon="37.38470621"><ele>856.603</ele><time>2026-09-23T18:24:59Z</time><speed>11.700</speed><sat>20</sat></trkpt>
  <trkpt lat="37.07249620" lon="37.38456646"><ele>858.476</ele><time>2026-09-23T18:25:00Z</time><speed>11.350</speed><sat>20</sat></trkpt>
  <trkpt lat="37.07252983" lon="37.38441737"><ele>859.122</ele><time>2026-09-23T18:25:01Z</time><speed>11.610</speed><sat>23</sat></trkpt>
  <trkpt lat="37.07253063" lon="37.38425701"><ele>860.288</ele><time>2026-09-23T18:25:02Z</time><speed>12.140</speed><sat>24</sat></trkpt>
  <trkpt lat="37.07251067" lon="37.38409143"><ele>860.753</ele><time>2026-09-23T18:25:03Z</time><speed>12.790</speed><sat>26</sat></trkpt>
  <trkpt lat="37.07251166" lon="37.38393091"><ele>861.060</ele><time>2026-09-23T18:25:04Z</time><speed>13.630</speed><sat>24</sat></trkpt>
  <trkpt lat="37.07252334" lon="37.38378111"><ele>860.404</ele><time>2026-09-23T18:25:05Z</time><speed>13.610</speed><sat>25</sat></trkpt>
  <trkpt lat="37.07255590" lon="37.38359748"><ele>860.618</ele><time>2026-09-23T18:25:06Z</time><speed>16.090</speed><sat>23</sat></trkpt>
  <trkpt lat="37.07256743" lon="37.38341996"><ele>860.648</ele><time>2026-09-23T18:25:07Z</time><speed>16.190</speed><sat>22</sat></trkpt>
  <trkpt lat="37.07257579" lon="37.38321897"><ele>860.776</ele><time>2026-09-23T18:25:08Z</time><speed>17.130</speed><sat>22</sat></trkpt>
  <trkpt lat="37.07258411" lon="37.38302414"><ele>860.682</ele><time>2026-09-23T18:25:09Z</time><speed>17.070</speed><sat>21</sat></trkpt>
  <trkpt lat="37.07260035" lon="37.38284042"><ele>860.045</ele><time>2026-09-23T18:25:10Z</time><speed>16.330</speed><sat>22</sat></trkpt>
  <trkpt lat="37.07260881" lon="37.38264305"><ele>860.063</ele><time>2026-09-23T18:25:11Z</time><speed>16.300</speed><sat>20</sat></trkpt>
  <trkpt lat="37.07261428" lon="37.38247402"><ele>861.029</ele><time>2026-09-23T18:25:12Z</time><speed>14.890</speed><sat>21</sat></trkpt>
  <trkpt lat="37.07263300" lon="37.38233709"><ele>860.901</ele><time>2026-09-23T18:25:13Z</time><speed>13.790</speed><sat>23</sat></trkpt>
  <trkpt lat="37.07266133" lon="37.38218007"><ele>860.083</ele><time>2026-09-23T18:25:14Z</time><speed>13.060</speed><sat>23</sat></trkpt>
  <trkpt lat="37.07268420" lon="37.38203966"><ele>859.105</ele><time>2026-09-23T18:25:15Z</time><speed>13.040</speed><sat>23</sat></trkpt>
  <trkpt lat="37.07269690" lon="37.38189868"><ele>859.860</ele><time>2026-09-23T18:25:16Z</time><speed>12.710</speed><sat>24</sat></trkpt>
  <trkpt lat="37.07271367" lon="37.38175819"><ele>859.418</ele><time>2026-09-23T18:25:17Z</time><speed>12.760</speed><sat>25</sat></trkpt>
  <trkpt lat="37.07273610" lon="37.38161614"><ele>858.988</ele><time>2026-09-23T18:25:18Z</time><speed>12.480</speed><sat>26</sat></trkpt>
  <trkpt lat="37.07274648" lon="37.38148221"><ele>856.992</ele><time>2026-09-23T18:25:19Z</time><speed>12.280</speed><sat>27</sat></trkpt>
  <trkpt lat="37.07275848" lon="37.38134821"><ele>858.061</ele><time>2026-09-23T18:25:20Z</time><speed>11.830</speed><sat>28</sat></trkpt>
  <trkpt lat="37.07277757" lon="37.38120812"><ele>858.038</ele><time>2026-09-23T18:25:21Z</time><speed>12.550</speed><sat>28</sat></trkpt>
  <trkpt lat="37.07278758" lon="37.38107287"><ele>857.646</ele><time>2026-09-23T18:25:22Z</time><speed>11.850</speed><sat>28</sat></trkpt>
  <trkpt lat="37.07279874" lon="37.38096221"><ele>857.474</ele><time>2026-09-23T18:25:23Z</time><speed>10.450</speed><sat>27</sat></trkpt>
  <trkpt lat="37.07280822" lon="37.38086263"><ele>857.813</ele><time>2026-09-23T18:25:24Z</time><speed>9.850</speed><sat>26</sat></trkpt>
  <trkpt lat="37.07281136" lon="37.38078989"><ele>857.703</ele><time>2026-09-23T18:25:25Z</time><speed>8.110</speed><sat>26</sat></trkpt>
  <trkpt lat="37.07281388" lon="37.38071638"><ele>858.778</ele><time>2026-09-23T18:25:26Z</time><speed>6.470</speed><sat>25</sat></trkpt>
  <trkpt lat="37.07280553" lon="37.38065247"><ele>860.263</ele><time>2026-09-23T18:25:27Z</time><speed>6.080</speed><sat>27</sat></trkpt>
  <trkpt lat="37.07277955" lon="37.38059529"><ele>861.019</ele><time>2026-09-23T18:25:28Z</time><speed>5.540</speed><sat>28</sat></trkpt>
  <trkpt lat="37.07273850" lon="37.38056440"><ele>861.038</ele><time>2026-09-23T18:25:29Z</time><speed>5.460</speed><sat>28</sat></trkpt>
  <trkpt lat="37.07268932" lon="37.38054457"><ele>859.580</ele><time>2026-09-23T18:25:30Z</time><speed>5.930</speed><sat>29</sat></trkpt>
  <trkpt lat="37.07262436" lon="37.38050985"><ele>858.381</ele><time>2026-09-23T18:25:31Z</time><speed>7.030</speed><sat>29</sat></trkpt>
  <trkpt lat="37.07256085" lon="37.38047846"><ele>857.632</ele><time>2026-09-23T18:25:32Z</time><speed>7.890</speed><sat>28</sat></trkpt>
  <trkpt lat="37.07246761" lon="37.38043638"><ele>857.092</ele><time>2026-09-23T18:25:33Z</time><speed>9.660</speed><sat>28</sat></trkpt>
  <trkpt lat="37.07238148" lon="37.38039898"><ele>857.627</ele><time>2026-09-23T18:25:34Z</time><speed>10.170</speed><sat>28</sat></trkpt>
  <trkpt lat="37.07228117" lon="37.38035966"><ele>856.970</ele><time>2026-09-23T18:25:35Z</time><speed>10.950</speed><sat>28</sat></trkpt>
  <trkpt lat="37.07218901" lon="37.38032328"><ele>857.039</ele><time>2026-09-23T18:25:36Z</time><speed>10.930</speed><sat>28</sat></trkpt>
  <trkpt lat="37.07210267" lon="37.38027928"><ele>857.377</ele><time>2026-09-23T18:25:37Z</time><speed>10.780</speed><sat>26</sat></trkpt>
  <trkpt lat="37.07204073" lon="37.38024941"><ele>856.438</ele><time>2026-09-23T18:25:38Z</time><speed>9.710</speed><sat>24</sat></trkpt>
  <trkpt lat="37.07199740" lon="37.38023888"><ele>857.444</ele><time>2026-09-23T18:25:39Z</time><speed>6.880</speed><sat>24</sat></trkpt>
  <trkpt lat="37.07195335" lon="37.38021283"><ele>855.389</ele><time>2026-09-23T18:25:40Z</time><speed>6.340</speed><sat>23</sat></trkpt>
  <trkpt lat="37.07190684" lon="37.38018105"><ele>855.688</ele><time>2026-09-23T18:25:41Z</time><speed>6.010</speed><sat>23</sat></trkpt>
  <trkpt lat="37.07190905" lon="37.38017926"><ele>855.939</ele><time>2026-09-23T18:25:42Z</time><speed>3.020</speed><sat>24</sat></trkpt>
  <trkpt lat="37.07186516" lon="37.38015547"><ele>856.855</ele><time>2026-09-23T18:25:43Z</time><speed>3.730</speed><sat>25</sat></trkpt>
  <trkpt lat="37.07185328" lon="37.38015280"><ele>856.520</ele><time>2026-09-23T18:25:44Z</time><speed>1.900</speed><sat>26</sat></trkpt>
  <trkpt lat="37.07184119" lon="37.38015493"><ele>856.948</ele><time>2026-09-23T18:25:45Z</time><speed>2.200</speed><sat>24</sat></trkpt>
  <trkpt lat="37.07184426" lon="37.38014862"><ele>857.663</ele><time>2026-09-23T18:25:46Z</time><speed>0.650</speed><sat>23</sat></trkpt>
  <trkpt lat="37.07184671" lon="37.38014514"><ele>858.276</ele><time>2026-09-23T18:25:47Z</time><speed>0.000</speed><sat>23</sat></trkpt>
  <trkpt lat="37.07184260" lon="37.38014229"><ele>857.487</ele><time>2026-09-23T18:25:48Z</time><speed>0.000</speed><sat>21</sat></trkpt>
  <trkpt lat="37.07184429" lon="37.38014138"><ele>857.756</ele><time>2026-09-23T18:25:49Z</time><speed>0.210</speed><sat>19</sat></trkpt>
  <trkpt lat="37.07184539" lon="37.38014036"><ele>857.574</ele><time>2026-09-23T18:25:50Z</time><speed>0.000</speed><sat>18</sat></trkpt>
  <trkpt lat="37.07184661" lon="37.38013451"><ele>857.247</ele><time>2026-09-23T18:25:51Z</time><speed>0.000</speed><sat>18</sat></trkpt>
  <trkpt lat="37.07184825" lon="37.38013635"><ele>857.125</ele><time>2026-09-23T18:25:52Z</time><speed>0.000</speed><sat>18</sat></trkpt>
  <trkpt lat="37.07184318" lon="37.38013621"><ele>856.998</ele><time>2026-09-23T18:25:53Z</time><speed>0.000</speed><sat>17</sat></trkpt>
  <trkpt lat="37.07184236" lon="37.38013728"><ele>857.135</ele><time>2026-09-23T18:25:54Z</time><speed>0.000</speed><sat>18</sat></trkpt>
  <trkpt lat="37.07184001" lon="37.38013875"><ele>857.237</ele><time>2026-09-23T18:25:55Z</time><speed>0.000</speed><sat>19</sat></trkpt>
  <trkpt lat="37.07184086" lon="37.38014010"><ele>857.647</ele><time>2026-09-23T18:25:56Z</time><speed>0.000</speed><sat>20</sat></trkpt>
  <trkpt lat="37.07184218" lon="37.38013927"><ele>857.552</ele><time>2026-09-23T18:25:57Z</time><speed>0.000</speed><sat>20</sat></trkpt>
  <trkpt lat="37.07184212" lon="37.38013859"><ele>857.833</ele><time>2026-09-23T18:25:58Z</time><speed>0.000</speed><sat>21</sat></trkpt>
  <trkpt lat="37.07184170" lon="37.38013849"><ele>857.875</ele><time>2026-09-23T18:25:59Z</time><speed>0.000</speed><sat>22</sat></trkpt>
  <trkpt lat="37.07183848" lon="37.38013857"><ele>858.040</ele><time>2026-09-23T18:26:00Z</time><speed>0.000</speed><sat>22</sat></trkpt>
  <trkpt lat="37.07184006" lon="37.38013801"><ele>858.165</ele><time>2026-09-23T18:26:01Z</time><speed>0.000</speed><sat>25</sat></trkpt>
  <trkpt lat="37.07184029" lon="37.38013810"><ele>858.276</ele><time>2026-09-23T18:26:02Z</time><speed>0.000</speed><sat>25</sat></trkpt>
  <trkpt lat="37.07183923" lon="37.38013576"><ele>858.253</ele><time>2026-09-23T18:26:03Z</time><speed>0.000</speed><sat>23</sat></trkpt>
  <trkpt lat="37.07183986" lon="37.38013619"><ele>858.266</ele><time>2026-09-23T18:26:04Z</time><speed>0.000</speed><sat>23</sat></trkpt>
  <trkpt lat="37.07184032" lon="37.38013641"><ele>858.186</ele><time>2026-09-23T18:26:05Z</time><speed>0.000</speed><sat>23</sat></trkpt>
  <trkpt lat="37.07184005" lon="37.38013617"><ele>858.218</ele><time>2026-09-23T18:26:06Z</time><speed>0.000</speed><sat>23</sat></trkpt>
  <trkpt lat="37.07183937" lon="37.38013733"><ele>858.378</ele><time>2026-09-23T18:26:07Z</time><speed>0.000</speed><sat>23</sat></trkpt>
  <trkpt lat="37.07184067" lon="37.38013668"><ele>858.127</ele><time>2026-09-23T18:26:08Z</time><speed>0.000</speed><sat>24</sat></trkpt>
  <trkpt lat="37.07181141" lon="37.38012852"><ele>858.226</ele><time>2026-09-23T18:26:09Z</time><speed>5.120</speed><sat>25</sat></trkpt>
  <trkpt lat="37.07175797" lon="37.38011179"><ele>859.136</ele><time>2026-09-23T18:26:10Z</time><speed>6.120</speed><sat>27</sat></trkpt>
  <trkpt lat="37.07169162" lon="37.38008253"><ele>859.569</ele><time>2026-09-23T18:26:11Z</time><speed>7.080</speed><sat>24</sat></trkpt>
  <trkpt lat="37.07161511" lon="37.38005425"><ele>860.442</ele><time>2026-09-23T18:26:12Z</time><speed>7.930</speed><sat>25</sat></trkpt>
  <trkpt lat="37.07154747" lon="37.38002200"><ele>859.909</ele><time>2026-09-23T18:26:13Z</time><speed>8.150</speed><sat>26</sat></trkpt>
  <trkpt lat="37.07145929" lon="37.37998575"><ele>859.984</ele><time>2026-09-23T18:26:14Z</time><speed>8.950</speed><sat>28</sat></trkpt>
  <trkpt lat="37.07137393" lon="37.37995529"><ele>859.825</ele><time>2026-09-23T18:26:15Z</time><speed>9.570</speed><sat>28</sat></trkpt>
  <trkpt lat="37.07129144" lon="37.37992555"><ele>859.924</ele><time>2026-09-23T18:26:16Z</time><speed>9.320</speed><sat>28</sat></trkpt>
  <trkpt lat="37.07122984" lon="37.37990238"><ele>859.060</ele><time>2026-09-23T18:26:17Z</time><speed>8.330</speed><sat>28</sat></trkpt>
  <trkpt lat="37.07116071" lon="37.37987319"><ele>858.626</ele><time>2026-09-23T18:26:18Z</time><speed>8.290</speed><sat>27</sat></trkpt>
  <trkpt lat="37.07103492" lon="37.37982080"><ele>858.660</ele><time>2026-09-23T18:26:19Z</time><speed>10.410</speed><sat>25</sat></trkpt>
  <trkpt lat="37.07088867" lon="37.37976143"><ele>858.437</ele><time>2026-09-23T18:26:20Z</time><speed>12.060</speed><sat>22</sat></trkpt>
  <trkpt lat="37.07077611" lon="37.37971419"><ele>858.758</ele><time>2026-09-23T18:26:21Z</time><speed>12.540</speed><sat>21</sat></trkpt>
  <trkpt lat="37.07066486" lon="37.37967068"><ele>859.605</ele><time>2026-09-23T18:26:22Z</time><speed>12.830</speed><sat>22</sat></trkpt>
  <trkpt lat="37.07055870" lon="37.37963486"><ele>860.430</ele><time>2026-09-23T18:26:23Z</time><speed>12.280</speed><sat>22</sat></trkpt>
  <trkpt lat="37.07045046" lon="37.37959354"><ele>859.924</ele><time>2026-09-23T18:26:24Z</time><speed>12.170</speed><sat>22</sat></trkpt>
  <trkpt lat="37.07031723" lon="37.37954996"><ele>860.911</ele><time>2026-09-23T18:26:25Z</time><speed>12.700</speed><sat>23</sat></trkpt>
  <trkpt lat="37.07018764" lon="37.37949192"><ele>858.896</ele><time>2026-09-23T18:26:26Z</time><speed>13.590</speed><sat>24</sat></trkpt>
  <trkpt lat="37.07012692" lon="37.37946153"><ele>855.743</ele><time>2026-09-23T18:26:27Z</time><speed>12.280</speed><sat>23</sat></trkpt>
  <trkpt lat="37.07005825" lon="37.37944070"><ele>855.795</ele><time>2026-09-23T18:26:28Z</time><speed>10.220</speed><sat>23</sat></trkpt>
  <trkpt lat="37.06994116" lon="37.37939682"><ele>854.908</ele><time>2026-09-23T18:26:29Z</time><speed>10.930</speed><sat>23</sat></trkpt>
  <trkpt lat="37.06983123" lon="37.37937026"><ele>854.888</ele><time>2026-09-23T18:26:30Z</time><speed>11.550</speed><sat>22</sat></trkpt>
  <trkpt lat="37.06974726" lon="37.37933807"><ele>854.427</ele><time>2026-09-23T18:26:31Z</time><speed>11.100</speed><sat>22</sat></trkpt>
  <trkpt lat="37.06965479" lon="37.37930686"><ele>855.640</ele><time>2026-09-23T18:26:32Z</time><speed>11.660</speed><sat>22</sat></trkpt>
  <trkpt lat="37.06955664" lon="37.37925901"><ele>855.708</ele><time>2026-09-23T18:26:33Z</time><speed>12.360</speed><sat>22</sat></trkpt>
  <trkpt lat="37.06943366" lon="37.37919653"><ele>856.662</ele><time>2026-09-23T18:26:34Z</time><speed>12.300</speed><sat>21</sat></trkpt>
  <trkpt lat="37.06932810" lon="37.37913406"><ele>856.916</ele><time>2026-09-23T18:26:35Z</time><speed>12.910</speed><sat>21</sat></trkpt>
  <trkpt lat="37.06921505" lon="37.37909750"><ele>856.940</ele><time>2026-09-23T18:26:36Z</time><speed>13.220</speed><sat>21</sat></trkpt>
  <trkpt lat="37.06908444" lon="37.37905812"><ele>856.382</ele><time>2026-09-23T18:26:37Z</time><speed>14.280</speed><sat>22</sat></trkpt>
  <trkpt lat="37.06895984" lon="37.37900079"><ele>856.645</ele><time>2026-09-23T18:26:38Z</time><speed>13.810</speed><sat>22</sat></trkpt>
  <trkpt lat="37.06882883" lon="37.37895170"><ele>856.229</ele><time>2026-09-23T18:26:39Z</time><speed>14.030</speed><sat>23</sat></trkpt>
  <trkpt lat="37.06869530" lon="37.37890830"><ele>856.444</ele><time>2026-09-23T18:26:40Z</time><speed>14.390</speed><sat>23</sat></trkpt>
  <trkpt lat="37.06859540" lon="37.37887136"><ele>856.267</ele><time>2026-09-23T18:26:41Z</time><speed>13.140</speed><sat>22</sat></trkpt>
  <trkpt lat="37.06848258" lon="37.37883685"><ele>857.290</ele><time>2026-09-23T18:26:42Z</time><speed>13.140</speed><sat>21</sat></trkpt>
  <trkpt lat="37.06836281" lon="37.37879924"><ele>858.294</ele><time>2026-09-23T18:26:43Z</time><speed>13.100</speed><sat>20</sat></trkpt>
  <trkpt lat="37.06825811" lon="37.37877580"><ele>858.830</ele><time>2026-09-23T18:26:44Z</time><speed>12.220</speed><sat>19</sat></trkpt>
  <trkpt lat="37.06822783" lon="37.37877452"><ele>858.177</ele><time>2026-09-23T18:26:45Z</time><speed>7.310</speed><sat>21</sat></trkpt>
  <trkpt lat="37.06817515" lon="37.37875730"><ele>857.893</ele><time>2026-09-23T18:26:46Z</time><speed>5.230</speed><sat>23</sat></trkpt>
  <trkpt lat="37.06816362" lon="37.37874349"><ele>857.635</ele><time>2026-09-23T18:26:47Z</time><speed>2.200</speed><sat>24</sat></trkpt>
  <trkpt lat="37.06815985" lon="37.37874103"><ele>857.508</ele><time>2026-09-23T18:26:48Z</time><speed>1.170</speed><sat>26</sat></trkpt>
  <trkpt lat="37.06815359" lon="37.37873538"><ele>857.470</ele><time>2026-09-23T18:26:49Z</time><speed>1.280</speed><sat>26</sat></trkpt>
  <trkpt lat="37.06813189" lon="37.37871815"><ele>858.104</ele><time>2026-09-23T18:26:50Z</time><speed>1.970</speed><sat>27</sat></trkpt>
  <trkpt lat="37.06810998" lon="37.37869892"><ele>857.427</ele><time>2026-09-23T18:26:51Z</time><speed>2.190</speed><sat>28</sat></trkpt>
  <trkpt lat="37.06807530" lon="37.37868682"><ele>858.724</ele><time>2026-09-23T18:26:52Z</time><speed>3.300</speed><sat>28</sat></trkpt>
  <trkpt lat="37.06803438" lon="37.37867893"><ele>858.339</ele><time>2026-09-23T18:26:53Z</time><speed>3.590</speed><sat>27</sat></trkpt>
  <trkpt lat="37.06800181" lon="37.37865467"><ele>859.167</ele><time>2026-09-23T18:26:54Z</time><speed>5.070</speed><sat>29</sat></trkpt>
  <trkpt lat="37.06796369" lon="37.37864382"><ele>860.477</ele><time>2026-09-23T18:26:55Z</time><speed>5.460</speed><sat>30</sat></trkpt>
  <trkpt lat="37.06791699" lon="37.37862639"><ele>860.738</ele><time>2026-09-23T18:26:56Z</time><speed>5.710</speed><sat>32</sat></trkpt>
  <trkpt lat="37.06786338" lon="37.37860644"><ele>860.704</ele><time>2026-09-23T18:26:57Z</time><speed>6.460</speed><sat>32</sat></trkpt>
  <trkpt lat="37.06780302" lon="37.37858799"><ele>859.999</ele><time>2026-09-23T18:26:58Z</time><speed>6.750</speed><sat>32</sat></trkpt>
  <trkpt lat="37.06774210" lon="37.37858702"><ele>858.931</ele><time>2026-09-23T18:26:59Z</time><speed>7.070</speed><sat>32</sat></trkpt>
  <trkpt lat="37.06768158" lon="37.37856965"><ele>858.462</ele><time>2026-09-23T18:27:00Z</time><speed>7.760</speed><sat>32</sat></trkpt>
  <trkpt lat="37.06759870" lon="37.37854135"><ele>857.343</ele><time>2026-09-23T18:27:01Z</time><speed>8.360</speed><sat>31</sat></trkpt>
  <trkpt lat="37.06750219" lon="37.37852521"><ele>855.415</ele><time>2026-09-23T18:27:02Z</time><speed>9.800</speed><sat>29</sat></trkpt>
  <trkpt lat="37.06742190" lon="37.37850458"><ele>854.498</ele><time>2026-09-23T18:27:03Z</time><speed>9.330</speed><sat>30</sat></trkpt>
  <trkpt lat="37.06733997" lon="37.37848408"><ele>854.088</ele><time>2026-09-23T18:27:04Z</time><speed>9.520</speed><sat>28</sat></trkpt>
  <trkpt lat="37.06725413" lon="37.37845549"><ele>853.342</ele><time>2026-09-23T18:27:05Z</time><speed>10.150</speed><sat>27</sat></trkpt>
  <trkpt lat="37.06717061" lon="37.37840970"><ele>853.465</ele><time>2026-09-23T18:27:06Z</time><speed>10.440</speed><sat>26</sat></trkpt>
  <trkpt lat="37.06708175" lon="37.37836350"><ele>854.044</ele><time>2026-09-23T18:27:07Z</time><speed>9.920</speed><sat>26</sat></trkpt>
  <trkpt lat="37.06699913" lon="37.37832221"><ele>854.034</ele><time>2026-09-23T18:27:08Z</time><speed>9.510</speed><sat>26</sat></trkpt>
  <trkpt lat="37.06692587" lon="37.37830281"><ele>853.427</ele><time>2026-09-23T18:27:09Z</time><speed>8.410</speed><sat>26</sat></trkpt>
  <trkpt lat="37.06686441" lon="37.37827673"><ele>853.649</ele><time>2026-09-23T18:27:10Z</time><speed>6.900</speed><sat>26</sat></trkpt>
  <trkpt lat="37.06681302" lon="37.37825062"><ele>853.909</ele><time>2026-09-23T18:27:11Z</time><speed>5.830</speed><sat>26</sat></trkpt>
  <trkpt lat="37.06675993" lon="37.37822134"><ele>854.474</ele><time>2026-09-23T18:27:12Z</time><speed>5.460</speed><sat>27</sat></trkpt>
  <trkpt lat="37.06671410" lon="37.37819634"><ele>854.646</ele><time>2026-09-23T18:27:13Z</time><speed>5.060</speed><sat>28</sat></trkpt>
  <trkpt lat="37.06667551" lon="37.37817461"><ele>855.183</ele><time>2026-09-23T18:27:14Z</time><speed>5.110</speed><sat>27</sat></trkpt>
  <trkpt lat="37.06663657" lon="37.37815690"><ele>855.263</ele><time>2026-09-23T18:27:15Z</time><speed>4.520</speed><sat>28</sat></trkpt>
  <trkpt lat="37.06660025" lon="37.37814723"><ele>855.252</ele><time>2026-09-23T18:27:16Z</time><speed>3.370</speed><sat>28</sat></trkpt>
  <trkpt lat="37.06657349" lon="37.37813340"><ele>855.092</ele><time>2026-09-23T18:27:17Z</time><speed>2.810</speed><sat>28</sat></trkpt>
  <trkpt lat="37.06654416" lon="37.37811740"><ele>855.441</ele><time>2026-09-23T18:27:18Z</time><speed>3.100</speed><sat>28</sat></trkpt>
  <trkpt lat="37.06651649" lon="37.37810230"><ele>855.672</ele><time>2026-09-23T18:27:19Z</time><speed>3.900</speed><sat>27</sat></trkpt>
  <trkpt lat="37.06647404" lon="37.37808243"><ele>856.131</ele><time>2026-09-23T18:27:20Z</time><speed>5.380</speed><sat>27</sat></trkpt>
  <trkpt lat="37.06641989" lon="37.37806227"><ele>856.425</ele><time>2026-09-23T18:27:21Z</time><speed>6.250</speed><sat>27</sat></trkpt>
  <trkpt lat="37.06636295" lon="37.37804053"><ele>856.718</ele><time>2026-09-23T18:27:22Z</time><speed>6.710</speed><sat>27</sat></trkpt>
  <trkpt lat="37.06630857" lon="37.37801590"><ele>856.037</ele><time>2026-09-23T18:27:23Z</time><speed>6.330</speed><sat>28</sat></trkpt>
  <trkpt lat="37.06625348" lon="37.37799621"><ele>856.031</ele><time>2026-09-23T18:27:24Z</time><speed>6.210</speed><sat>29</sat></trkpt>
  <trkpt lat="37.06619406" lon="37.37797187"><ele>856.330</ele><time>2026-09-23T18:27:25Z</time><speed>7.000</speed><sat>31</sat></trkpt>
  <trkpt lat="37.06613303" lon="37.37795027"><ele>856.682</ele><time>2026-09-23T18:27:26Z</time><speed>6.810</speed><sat>32</sat></trkpt>
  <trkpt lat="37.06607563" lon="37.37793432"><ele>857.605</ele><time>2026-09-23T18:27:27Z</time><speed>6.500</speed><sat>33</sat></trkpt>
  <trkpt lat="37.06601328" lon="37.37792940"><ele>857.518</ele><time>2026-09-23T18:27:28Z</time><speed>7.000</speed><sat>33</sat></trkpt>
  <trkpt lat="37.06593762" lon="37.37792458"><ele>856.868</ele><time>2026-09-23T18:27:29Z</time><speed>9.100</speed><sat>33</sat></trkpt>
  <trkpt lat="37.06584859" lon="37.37792649"><ele>857.468</ele><time>2026-09-23T18:27:30Z</time><speed>10.270</speed><sat>33</sat></trkpt>
  <trkpt lat="37.06575524" lon="37.37793701"><ele>857.429</ele><time>2026-09-23T18:27:31Z</time><speed>11.750</speed><sat>33</sat></trkpt>
  <trkpt lat="37.06565281" lon="37.37794569"><ele>856.867</ele><time>2026-09-23T18:27:32Z</time><speed>11.810</speed><sat>34</sat></trkpt>
  <trkpt lat="37.06554750" lon="37.37796816"><ele>858.004</ele><time>2026-09-23T18:27:33Z</time><speed>12.250</speed><sat>34</sat></trkpt>
  <trkpt lat="37.06542942" lon="37.37798888"><ele>858.671</ele><time>2026-09-23T18:27:34Z</time><speed>13.870</speed><sat>34</sat></trkpt>
  <trkpt lat="37.06530521" lon="37.37802393"><ele>858.968</ele><time>2026-09-23T18:27:35Z</time><speed>13.670</speed><sat>34</sat></trkpt>
  <trkpt lat="37.06518681" lon="37.37806624"><ele>859.005</ele><time>2026-09-23T18:27:36Z</time><speed>13.660</speed><sat>34</sat></trkpt>
  <trkpt lat="37.06507670" lon="37.37810746"><ele>859.374</ele><time>2026-09-23T18:27:37Z</time><speed>13.270</speed><sat>33</sat></trkpt>
  <trkpt lat="37.06496389" lon="37.37816135"><ele>859.559</ele><time>2026-09-23T18:27:38Z</time><speed>13.150</speed><sat>33</sat></trkpt>
  <trkpt lat="37.06485280" lon="37.37822761"><ele>860.230</ele><time>2026-09-23T18:27:39Z</time><speed>13.450</speed><sat>33</sat></trkpt>
  <trkpt lat="37.06473970" lon="37.37830806"><ele>860.080</ele><time>2026-09-23T18:27:40Z</time><speed>13.870</speed><sat>34</sat></trkpt>
  <trkpt lat="37.06463901" lon="37.37838487"><ele>860.132</ele><time>2026-09-23T18:27:41Z</time><speed>13.300</speed><sat>33</sat></trkpt>
  <trkpt lat="37.06454405" lon="37.37845099"><ele>861.018</ele><time>2026-09-23T18:27:42Z</time><speed>11.720</speed><sat>33</sat></trkpt>
  <trkpt lat="37.06446350" lon="37.37850097"><ele>861.219</ele><time>2026-09-23T18:27:43Z</time><speed>10.430</speed><sat>33</sat></trkpt>
  <trkpt lat="37.06438377" lon="37.37854457"><ele>862.023</ele><time>2026-09-23T18:27:44Z</time><speed>9.510</speed><sat>32</sat></trkpt>
  <trkpt lat="37.06431660" lon="37.37856753"><ele>862.365</ele><time>2026-09-23T18:27:45Z</time><speed>8.430</speed><sat>31</sat></trkpt>
  <trkpt lat="37.06425188" lon="37.37858919"><ele>862.537</ele><time>2026-09-23T18:27:46Z</time><speed>7.700</speed><sat>31</sat></trkpt>
  <trkpt lat="37.06419012" lon="37.37860898"><ele>862.699</ele><time>2026-09-23T18:27:47Z</time><speed>7.410</speed><sat>29</sat></trkpt>
  <trkpt lat="37.06413856" lon="37.37862006"><ele>861.621</ele><time>2026-09-23T18:27:48Z</time><speed>6.260</speed><sat>30</sat></trkpt>
  <trkpt lat="37.06408112" lon="37.37863149"><ele>861.857</ele><time>2026-09-23T18:27:49Z</time><speed>6.900</speed><sat>30</sat></trkpt>
  <trkpt lat="37.06401731" lon="37.37865094"><ele>861.409</ele><time>2026-09-23T18:27:50Z</time><speed>7.360</speed><sat>31</sat></trkpt>
  <trkpt lat="37.06394890" lon="37.37867692"><ele>861.656</ele><time>2026-09-23T18:27:51Z</time><speed>7.910</speed><sat>31</sat></trkpt>
  <trkpt lat="37.06390462" lon="37.37869174"><ele>862.133</ele><time>2026-09-23T18:27:52Z</time><speed>5.640</speed><sat>31</sat></trkpt>
  <trkpt lat="37.06382228" lon="37.37872273"><ele>862.462</ele><time>2026-09-23T18:27:53Z</time><speed>8.060</speed><sat>32</sat></trkpt>
  <trkpt lat="37.06375312" lon="37.37874790"><ele>862.477</ele><time>2026-09-23T18:27:54Z</time><speed>8.380</speed><sat>32</sat></trkpt>
  <trkpt lat="37.06367857" lon="37.37877795"><ele>863.261</ele><time>2026-09-23T18:27:55Z</time><speed>8.480</speed><sat>30</sat></trkpt>
  <trkpt lat="37.06360593" lon="37.37880901"><ele>864.874</ele><time>2026-09-23T18:27:56Z</time><speed>8.060</speed><sat>28</sat></trkpt>
  <trkpt lat="37.06352410" lon="37.37884270"><ele>865.295</ele><time>2026-09-23T18:27:57Z</time><speed>8.700</speed><sat>29</sat></trkpt>
  <trkpt lat="37.06344817" lon="37.37887453"><ele>865.191</ele><time>2026-09-23T18:27:58Z</time><speed>8.390</speed><sat>30</sat></trkpt>
  <trkpt lat="37.06337034" lon="37.37890619"><ele>865.896</ele><time>2026-09-23T18:27:59Z</time><speed>8.390</speed><sat>29</sat></trkpt>
  <trkpt lat="37.06329867" lon="37.37893120"><ele>867.122</ele><time>2026-09-23T18:28:00Z</time><speed>8.820</speed><sat>30</sat></trkpt>
  <trkpt lat="37.06322449" lon="37.37896057"><ele>868.075</ele><time>2026-09-23T18:28:01Z</time><speed>8.760</speed><sat>32</sat></trkpt>
  <trkpt lat="37.06315809" lon="37.37899223"><ele>868.554</ele><time>2026-09-23T18:28:02Z</time><speed>8.560</speed><sat>31</sat></trkpt>
  <trkpt lat="37.06309540" lon="37.37901540"><ele>871.083</ele><time>2026-09-23T18:28:03Z</time><speed>7.660</speed><sat>31</sat></trkpt>
  <trkpt lat="37.06303245" lon="37.37904218"><ele>870.735</ele><time>2026-09-23T18:28:04Z</time><speed>6.800</speed><sat>29</sat></trkpt>
  <trkpt lat="37.06297192" lon="37.37905440"><ele>870.905</ele><time>2026-09-23T18:28:05Z</time><speed>6.480</speed><sat>28</sat></trkpt>
  <trkpt lat="37.06293511" lon="37.37905783"><ele>870.429</ele><time>2026-09-23T18:28:06Z</time><speed>4.570</speed><sat>29</sat></trkpt>
  <trkpt lat="37.06290518" lon="37.37905203"><ele>870.900</ele><time>2026-09-23T18:28:07Z</time><speed>3.570</speed><sat>27</sat></trkpt>
  <trkpt lat="37.06289996" lon="37.37902697"><ele>870.858</ele><time>2026-09-23T18:28:08Z</time><speed>2.580</speed><sat>27</sat></trkpt>
  <trkpt lat="37.06289305" lon="37.37898835"><ele>870.300</ele><time>2026-09-23T18:28:09Z</time><speed>2.360</speed><sat>26</sat></trkpt>
  <trkpt lat="37.06288862" lon="37.37897259"><ele>870.425</ele><time>2026-09-23T18:28:10Z</time><speed>1.000</speed><sat>23</sat></trkpt>
  <trkpt lat="37.06289819" lon="37.37897223"><ele>871.791</ele><time>2026-09-23T18:28:11Z</time><speed>0.000</speed><sat>23</sat></trkpt>
  <trkpt lat="37.06292172" lon="37.37895651"><ele>870.825</ele><time>2026-09-23T18:28:12Z</time><speed>0.000</speed><sat>20</sat></trkpt>
  <trkpt lat="37.06292406" lon="37.37895489"><ele>871.389</ele><time>2026-09-23T18:28:13Z</time><speed>0.000</speed><sat>25</sat></trkpt>
  <trkpt lat="37.06292299" lon="37.37895776"><ele>872.084</ele><time>2026-09-23T18:28:14Z</time><speed>0.000</speed><sat>25</sat></trkpt>
  <trkpt lat="37.06291996" lon="37.37895579"><ele>872.391</ele><time>2026-09-23T18:28:15Z</time><speed>0.000</speed><sat>25</sat></trkpt>
  <trkpt lat="37.06292027" lon="37.37895390"><ele>872.580</ele><time>2026-09-23T18:28:16Z</time><speed>0.000</speed><sat>25</sat></trkpt>
  <trkpt lat="37.06292102" lon="37.37895760"><ele>872.155</ele><time>2026-09-23T18:28:17Z</time><speed>0.000</speed><sat>25</sat></trkpt>
  <trkpt lat="37.06292048" lon="37.37895439"><ele>872.363</ele><time>2026-09-23T18:28:18Z</time><speed>0.000</speed><sat>25</sat></trkpt>
  <trkpt lat="37.06292061" lon="37.37895507"><ele>872.297</ele><time>2026-09-23T18:28:19Z</time><speed>0.000</speed><sat>17</sat></trkpt>
  <trkpt lat="37.06295125" lon="37.37889989"><ele>870.401</ele><time>2026-09-23T18:28:20Z</time><speed>6.490</speed><sat>17</sat></trkpt>
  <trkpt lat="37.06293081" lon="37.37894330"><ele>873.212</ele><time>2026-09-23T18:28:21Z</time><speed>0.000</speed><sat>15</sat></trkpt>
  <trkpt lat="37.06293710" lon="37.37894033"><ele>873.065</ele><time>2026-09-23T18:28:22Z</time><speed>0.000</speed><sat>16</sat></trkpt>
  <trkpt lat="37.06293630" lon="37.37894085"><ele>873.971</ele><time>2026-09-23T18:28:23Z</time><speed>0.000</speed><sat>16</sat></trkpt>
  <trkpt lat="37.06292972" lon="37.37894979"><ele>873.522</ele><time>2026-09-23T18:28:24Z</time><speed>0.000</speed><sat>16</sat></trkpt>
  <trkpt lat="37.06292657" lon="37.37895342"><ele>874.213</ele><time>2026-09-23T18:28:25Z</time><speed>0.000</speed><sat>16</sat></trkpt>
  <trkpt lat="37.06292400" lon="37.37895837"><ele>874.055</ele><time>2026-09-23T18:28:26Z</time><speed>0.000</speed><sat>16</sat></trkpt>
  <trkpt lat="37.06292003" lon="37.37896105"><ele>873.674</ele><time>2026-09-23T18:28:27Z</time><speed>0.000</speed><sat>16</sat></trkpt>
  <trkpt lat="37.06291976" lon="37.37895781"><ele>873.470</ele><time>2026-09-23T18:28:28Z</time><speed>0.000</speed><sat>16</sat></trkpt>
  <trkpt lat="37.06291833" lon="37.37896127"><ele>873.817</ele><time>2026-09-23T18:28:29Z</time><speed>0.000</speed><sat>16</sat></trkpt>
  <trkpt lat="37.06291498" lon="37.37896416"><ele>873.505</ele><time>2026-09-23T18:28:30Z</time><speed>0.000</speed><sat>15</sat></trkpt>
  <trkpt lat="37.06291141" lon="37.37896679"><ele>873.873</ele><time>2026-09-23T18:28:31Z</time><speed>0.000</speed><sat>14</sat></trkpt>
  <trkpt lat="37.06291313" lon="37.37896597"><ele>873.698</ele><time>2026-09-23T18:28:32Z</time><speed>0.000</speed><sat>14</sat></trkpt>
  <trkpt lat="37.06291439" lon="37.37896198"><ele>873.423</ele><time>2026-09-23T18:28:33Z</time><speed>0.000</speed><sat>15</sat></trkpt>
  <trkpt lat="37.06292173" lon="37.37895039"><ele>872.579</ele><time>2026-09-23T18:28:34Z</time><speed>0.000</speed><sat>15</sat></trkpt>
  <trkpt lat="37.06292253" lon="37.37894804"><ele>872.423</ele><time>2026-09-23T18:28:35Z</time><speed>0.000</speed><sat>15</sat></trkpt>
  <trkpt lat="37.06292290" lon="37.37894560"><ele>872.255</ele><time>2026-09-23T18:28:36Z</time><speed>0.000</speed><sat>16</sat></trkpt>
  <trkpt lat="37.06292498" lon="37.37893994"><ele>871.949</ele><time>2026-09-23T18:28:37Z</time><speed>0.000</speed><sat>16</sat></trkpt>
  <trkpt lat="37.06292515" lon="37.37893935"><ele>871.924</ele><time>2026-09-23T18:28:38Z</time><speed>0.000</speed><sat>16</sat></trkpt>
  <trkpt lat="37.06292404" lon="37.37893985"><ele>871.925</ele><time>2026-09-23T18:28:39Z</time><speed>0.000</speed><sat>17</sat></trkpt>
  <trkpt lat="37.06292309" lon="37.37894084"><ele>872.054</ele><time>2026-09-23T18:28:40Z</time><speed>0.000</speed><sat>18</sat></trkpt>
  <trkpt lat="37.06292320" lon="37.37894054"><ele>872.035</ele><time>2026-09-23T18:28:41Z</time><speed>0.000</speed><sat>20</sat></trkpt>
  <trkpt lat="37.06292290" lon="37.37894041"><ele>872.071</ele><time>2026-09-23T18:28:42Z</time><speed>0.000</speed><sat>19</sat></trkpt>
  <trkpt lat="37.06292238" lon="37.37894026"><ele>872.147</ele><time>2026-09-23T18:28:43Z</time><speed>0.000</speed><sat>21</sat></trkpt>
  <trkpt lat="37.06292158" lon="37.37894051"><ele>872.226</ele><time>2026-09-23T18:28:44Z</time><speed>0.000</speed><sat>21</sat></trkpt>
  <trkpt lat="37.06292082" lon="37.37893983"><ele>872.268</ele><time>2026-09-23T18:28:45Z</time><speed>0.000</speed><sat>22</sat></trkpt>
  <trkpt lat="37.06292048" lon="37.37893997"><ele>872.316</ele><time>2026-09-23T18:28:46Z</time><speed>0.000</speed><sat>22</sat></trkpt>
  <trkpt lat="37.06292001" lon="37.37894044"><ele>872.361</ele><time>2026-09-23T18:28:47Z</time><speed>0.000</speed><sat>21</sat></trkpt>
  <trkpt lat="37.06291981" lon="37.37894069"><ele>872.382</ele><time>2026-09-23T18:28:48Z</time><speed>0.000</speed><sat>22</sat></trkpt>
  <trkpt lat="37.06291909" lon="37.37894478"><ele>872.696</ele><time>2026-09-23T18:28:49Z</time><speed>0.000</speed><sat>21</sat></trkpt>
  <trkpt lat="37.06291665" lon="37.37895014"><ele>873.217</ele><time>2026-09-23T18:28:50Z</time><speed>0.000</speed><sat>23</sat></trkpt>
  <trkpt lat="37.06291632" lon="37.37895101"><ele>873.312</ele><time>2026-09-23T18:28:51Z</time><speed>0.000</speed><sat>24</sat></trkpt>
  <trkpt lat="37.06291600" lon="37.37895174"><ele>873.395</ele><time>2026-09-23T18:28:52Z</time><speed>0.000</speed><sat>23</sat></trkpt>
  <trkpt lat="37.06291548" lon="37.37895314"><ele>873.742</ele><time>2026-09-23T18:28:53Z</time><speed>0.170</speed><sat>25</sat></trkpt>
  <trkpt lat="37.06291293" lon="37.37895347"><ele>874.002</ele><time>2026-09-23T18:28:54Z</time><speed>0.000</speed><sat>25</sat></trkpt>
  <trkpt lat="37.06291332" lon="37.37895740"><ele>873.688</ele><time>2026-09-23T18:28:55Z</time><speed>0.000</speed><sat>25</sat></trkpt>
  <trkpt lat="37.06290504" lon="37.37896652"><ele>873.445</ele><time>2026-09-23T18:28:56Z</time><speed>0.000</speed><sat>25</sat></trkpt>
  <trkpt lat="37.06290218" lon="37.37897198"><ele>874.624</ele><time>2026-09-23T18:28:57Z</time><speed>0.000</speed><sat>21</sat></trkpt>
  <trkpt lat="37.06292134" lon="37.37897631"><ele>878.113</ele><time>2026-09-23T18:28:58Z</time><speed>0.720</speed><sat>20</sat></trkpt>
  <trkpt lat="37.06292359" lon="37.37898852"><ele>879.163</ele><time>2026-09-23T18:28:59Z</time><speed>0.790</speed><sat>22</sat></trkpt>
  <trkpt lat="37.06293681" lon="37.37899782"><ele>878.863</ele><time>2026-09-23T18:29:00Z</time><speed>1.150</speed><sat>24</sat></trkpt>
  <trkpt lat="37.06293388" lon="37.37901167"><ele>879.145</ele><time>2026-09-23T18:29:01Z</time><speed>1.480</speed><sat>25</sat></trkpt>
  <trkpt lat="37.06294701" lon="37.37899553"><ele>879.366</ele><time>2026-09-23T18:29:02Z</time><speed>0.600</speed><sat>25</sat></trkpt>
  <trkpt lat="37.06294703" lon="37.37899867"><ele>879.114</ele><time>2026-09-23T18:29:03Z</time><speed>0.350</speed><sat>26</sat></trkpt>
  <trkpt lat="37.06293889" lon="37.37902284"><ele>879.058</ele><time>2026-09-23T18:29:04Z</time><speed>0.740</speed><sat>27</sat></trkpt>
  <trkpt lat="37.06293001" lon="37.37903139"><ele>879.830</ele><time>2026-09-23T18:29:05Z</time><speed>0.300</speed><sat>27</sat></trkpt>
  <trkpt lat="37.06293711" lon="37.37902815"><ele>880.517</ele><time>2026-09-23T18:29:06Z</time><speed>1.730</speed><sat>27</sat></trkpt>
  <trkpt lat="37.06293183" lon="37.37903335"><ele>881.423</ele><time>2026-09-23T18:29:07Z</time><speed>0.000</speed><sat>28</sat></trkpt>
  <trkpt lat="37.06292315" lon="37.37904466"><ele>882.150</ele><time>2026-09-23T18:29:08Z</time><speed>0.000</speed><sat>28</sat></trkpt>
  <trkpt lat="37.06291723" lon="37.37905409"><ele>883.657</ele><time>2026-09-23T18:29:09Z</time><speed>0.000</speed><sat>30</sat></trkpt>
  <trkpt lat="37.06290865" lon="37.37906829"><ele>885.146</ele><time>2026-09-23T18:29:10Z</time><speed>0.000</speed><sat>31</sat></trkpt>
  <trkpt lat="37.06290334" lon="37.37907974"><ele>885.596</ele><time>2026-09-23T18:29:11Z</time><speed>0.000</speed><sat>31</sat></trkpt>
  <trkpt lat="37.06289857" lon="37.37909060"><ele>886.488</ele><time>2026-09-23T18:29:12Z</time><speed>0.000</speed><sat>31</sat></trkpt>
  <trkpt lat="37.06289386" lon="37.37910138"><ele>886.691</ele><time>2026-09-23T18:29:13Z</time><speed>0.000</speed><sat>31</sat></trkpt>
  <trkpt lat="37.06289067" lon="37.37911038"><ele>886.999</ele><time>2026-09-23T18:29:14Z</time><speed>0.000</speed><sat>31</sat></trkpt>
  <trkpt lat="37.06288951" lon="37.37911507"><ele>887.024</ele><time>2026-09-23T18:29:15Z</time><speed>0.000</speed><sat>31</sat></trkpt>
  <trkpt lat="37.06288827" lon="37.37912043"><ele>887.091</ele><time>2026-09-23T18:29:16Z</time><speed>0.000</speed><sat>29</sat></trkpt>
  <trkpt lat="37.06288757" lon="37.37912418"><ele>887.397</ele><time>2026-09-23T18:29:17Z</time><speed>0.000</speed><sat>30</sat></trkpt>
  <trkpt lat="37.06288687" lon="37.37912639"><ele>887.571</ele><time>2026-09-23T18:29:18Z</time><speed>0.000</speed><sat>31</sat></trkpt>
  <trkpt lat="37.06288521" lon="37.37912823"><ele>887.939</ele><time>2026-09-23T18:29:19Z</time><speed>0.000</speed><sat>31</sat></trkpt>
  <trkpt lat="37.06288417" lon="37.37912972"><ele>888.222</ele><time>2026-09-23T18:29:20Z</time><speed>0.000</speed><sat>31</sat></trkpt>
  <trkpt lat="37.06288081" lon="37.37913074"><ele>888.929</ele><time>2026-09-23T18:29:21Z</time><speed>0.000</speed><sat>31</sat></trkpt>
  <trkpt lat="37.06287757" lon="37.37913212"><ele>889.328</ele><time>2026-09-23T18:29:22Z</time><speed>0.000</speed><sat>31</sat></trkpt>
  <trkpt lat="37.06287642" lon="37.37913533"><ele>889.616</ele><time>2026-09-23T18:29:23Z</time><speed>0.000</speed><sat>30</sat></trkpt>
  <trkpt lat="37.06287638" lon="37.37913800"><ele>889.693</ele><time>2026-09-23T18:29:24Z</time><speed>0.000</speed><sat>29</sat></trkpt>
  <trkpt lat="37.06287359" lon="37.37913963"><ele>890.303</ele><time>2026-09-23T18:29:25Z</time><speed>0.000</speed><sat>29</sat></trkpt>
  <trkpt lat="37.06287148" lon="37.37914052"><ele>890.305</ele><time>2026-09-23T18:29:26Z</time><speed>0.000</speed><sat>29</sat></trkpt>
  <trkpt lat="37.06287062" lon="37.37914083"><ele>890.276</ele><time>2026-09-23T18:29:27Z</time><speed>0.000</speed><sat>29</sat></trkpt>
  <trkpt lat="37.06287074" lon="37.37914235"><ele>890.410</ele><time>2026-09-23T18:29:28Z</time><speed>0.000</speed><sat>29</sat></trkpt>
  <trkpt lat="37.06287096" lon="37.37914440"><ele>890.409</ele><time>2026-09-23T18:29:29Z</time><speed>0.000</speed><sat>29</sat></trkpt>
  <trkpt lat="37.06287116" lon="37.37914602"><ele>890.616</ele><time>2026-09-23T18:29:30Z</time><speed>0.000</speed><sat>30</sat></trkpt>
  <trkpt lat="37.06287166" lon="37.37914696"><ele>890.666</ele><time>2026-09-23T18:29:31Z</time><speed>0.000</speed><sat>29</sat></trkpt>
  <trkpt lat="37.06287196" lon="37.37914776"><ele>890.740</ele><time>2026-09-23T18:29:32Z</time><speed>0.000</speed><sat>28</sat></trkpt>
  <trkpt lat="37.06288518" lon="37.37914963"><ele>891.116</ele><time>2026-09-23T18:29:33Z</time><speed>1.650</speed><sat>28</sat></trkpt>
  <trkpt lat="37.06291087" lon="37.37915068"><ele>890.967</ele><time>2026-09-23T18:29:34Z</time><speed>2.750</speed><sat>28</sat></trkpt>
  <trkpt lat="37.06293526" lon="37.37915619"><ele>890.763</ele><time>2026-09-23T18:29:35Z</time><speed>2.100</speed><sat>27</sat></trkpt>
  <trkpt lat="37.06294024" lon="37.37916601"><ele>888.470</ele><time>2026-09-23T18:29:36Z</time><speed>1.940</speed><sat>27</sat></trkpt>
  <trkpt lat="37.06294182" lon="37.37917698"><ele>888.273</ele><time>2026-09-23T18:29:37Z</time><speed>0.950</speed><sat>23</sat></trkpt>
  <trkpt lat="37.06293955" lon="37.37918569"><ele>887.888</ele><time>2026-09-23T18:29:38Z</time><speed>1.120</speed><sat>21</sat></trkpt>
  <trkpt lat="37.06293283" lon="37.37919462"><ele>886.165</ele><time>2026-09-23T18:29:39Z</time><speed>0.560</speed><sat>21</sat></trkpt>
  <trkpt lat="37.06292526" lon="37.37920174"><ele>883.417</ele><time>2026-09-23T18:29:40Z</time><speed>0.900</speed><sat>22</sat></trkpt>
  <trkpt lat="37.06291732" lon="37.37921065"><ele>883.055</ele><time>2026-09-23T18:29:41Z</time><speed>0.740</speed><sat>24</sat></trkpt>
  <trkpt lat="37.06290619" lon="37.37922492"><ele>883.105</ele><time>2026-09-23T18:29:42Z</time><speed>1.430</speed><sat>24</sat></trkpt>
  <trkpt lat="37.06289612" lon="37.37924114"><ele>882.808</ele><time>2026-09-23T18:29:43Z</time><speed>1.240</speed><sat>23</sat></trkpt>
  <trkpt lat="37.06288748" lon="37.37925215"><ele>883.053</ele><time>2026-09-23T18:29:44Z</time><speed>0.700</speed><sat>24</sat></trkpt>
  <trkpt lat="37.06287997" lon="37.37925436"><ele>880.379</ele><time>2026-09-23T18:29:45Z</time><speed>0.450</speed><sat>25</sat></trkpt>
  <trkpt lat="37.06287292" lon="37.37925489"><ele>880.023</ele><time>2026-09-23T18:29:46Z</time><speed>0.350</speed><sat>28</sat></trkpt>
  <trkpt lat="37.06286505" lon="37.37925100"><ele>879.337</ele><time>2026-09-23T18:29:47Z</time><speed>0.380</speed><sat>32</sat></trkpt>
  <trkpt lat="37.06285757" lon="37.37924287"><ele>879.037</ele><time>2026-09-23T18:29:48Z</time><speed>0.710</speed><sat>33</sat></trkpt>
  <trkpt lat="37.06285082" lon="37.37923449"><ele>878.721</ele><time>2026-09-23T18:29:49Z</time><speed>0.460</speed><sat>33</sat></trkpt>
  <trkpt lat="37.06284299" lon="37.37923104"><ele>879.370</ele><time>2026-09-23T18:29:50Z</time><speed>0.700</speed><sat>33</sat></trkpt>
  <trkpt lat="37.06283210" lon="37.37922760"><ele>879.345</ele><time>2026-09-23T18:29:51Z</time><speed>1.010</speed><sat>33</sat></trkpt>
  <trkpt lat="37.06282241" lon="37.37922036"><ele>878.829</ele><time>2026-09-23T18:29:52Z</time><speed>0.840</speed><sat>33</sat></trkpt>
  <trkpt lat="37.06281746" lon="37.37921205"><ele>878.730</ele><time>2026-09-23T18:29:53Z</time><speed>0.440</speed><sat>32</sat></trkpt>
  <trkpt lat="37.06281406" lon="37.37920532"><ele>879.359</ele><time>2026-09-23T18:29:54Z</time><speed>0.340</speed><sat>30</sat></trkpt>
  <trkpt lat="37.06280714" lon="37.37919710"><ele>878.136</ele><time>2026-09-23T18:29:55Z</time><speed>0.560</speed><sat>30</sat></trkpt>
  <trkpt lat="37.06279780" lon="37.37919186"><ele>878.207</ele><time>2026-09-23T18:29:56Z</time><speed>0.800</speed><sat>28</sat></trkpt>
  <trkpt lat="37.06278556" lon="37.37918285"><ele>878.929</ele><time>2026-09-23T18:29:57Z</time><speed>1.120</speed><sat>28</sat></trkpt>
  <trkpt lat="37.06277540" lon="37.37916957"><ele>878.043</ele><time>2026-09-23T18:29:58Z</time><speed>0.600</speed><sat>27</sat></trkpt>
  <trkpt lat="37.06276176" lon="37.37915584"><ele>877.152</ele><time>2026-09-23T18:29:59Z</time><speed>1.440</speed><sat>28</sat></trkpt>
  <trkpt lat="37.06274936" lon="37.37914906"><ele>878.924</ele><time>2026-09-23T18:30:00Z</time><speed>1.080</speed><sat>28</sat></trkpt>
  <trkpt lat="37.06274101" lon="37.37915539"><ele>880.138</ele><time>2026-09-23T18:30:01Z</time><speed>1.840</speed><sat>29</sat></trkpt>
  <trkpt lat="37.06273676" lon="37.37916854"><ele>880.649</ele><time>2026-09-23T18:30:02Z</time><speed>1.680</speed><sat>28</sat></trkpt>
  <trkpt lat="37.06272918" lon="37.37918428"><ele>878.953</ele><time>2026-09-23T18:30:03Z</time><speed>2.140</speed><sat>29</sat></trkpt>
  <trkpt lat="37.06271912" lon="37.37919600"><ele>878.135</ele><time>2026-09-23T18:30:04Z</time><speed>1.440</speed><sat>29</sat></trkpt>
  <trkpt lat="37.06270714" lon="37.37919921"><ele>877.523</ele><time>2026-09-23T18:30:05Z</time><speed>1.150</speed><sat>27</sat></trkpt>
  <trkpt lat="37.06269933" lon="37.37919750"><ele>876.743</ele><time>2026-09-23T18:30:06Z</time><speed>0.200</speed><sat>27</sat></trkpt>
  <trkpt lat="37.06269034" lon="37.37919533"><ele>876.441</ele><time>2026-09-23T18:30:07Z</time><speed>0.880</speed><sat>25</sat></trkpt>
  <trkpt lat="37.06267694" lon="37.37919701"><ele>876.815</ele><time>2026-09-23T18:30:08Z</time><speed>1.230</speed><sat>25</sat></trkpt>
  <trkpt lat="37.06266251" lon="37.37919798"><ele>877.290</ele><time>2026-09-23T18:30:09Z</time><speed>0.980</speed><sat>25</sat></trkpt>
  <trkpt lat="37.06264965" lon="37.37920127"><ele>876.677</ele><time>2026-09-23T18:30:10Z</time><speed>1.010</speed><sat>26</sat></trkpt>
  <trkpt lat="37.06263053" lon="37.37920535"><ele>876.858</ele><time>2026-09-23T18:30:11Z</time><speed>2.070</speed><sat>27</sat></trkpt>
  <trkpt lat="37.06261372" lon="37.37920841"><ele>877.048</ele><time>2026-09-23T18:30:12Z</time><speed>0.920</speed><sat>27</sat></trkpt>
  <trkpt lat="37.06260132" lon="37.37920941"><ele>877.548</ele><time>2026-09-23T18:30:13Z</time><speed>1.140</speed><sat>27</sat></trkpt>
  <trkpt lat="37.06258767" lon="37.37921460"><ele>877.743</ele><time>2026-09-23T18:30:14Z</time><speed>1.330</speed><sat>27</sat></trkpt>
  <trkpt lat="37.06257807" lon="37.37921323"><ele>875.599</ele><time>2026-09-23T18:30:15Z</time><speed>0.550</speed><sat>25</sat></trkpt>
  <trkpt lat="37.06257433" lon="37.37921270"><ele>874.278</ele><time>2026-09-23T18:30:16Z</time><speed>0.000</speed><sat>25</sat></trkpt>
  <trkpt lat="37.06257528" lon="37.37921184"><ele>872.238</ele><time>2026-09-23T18:30:17Z</time><speed>0.000</speed><sat>24</sat></trkpt>
  <trkpt lat="37.06257633" lon="37.37921116"><ele>872.260</ele><time>2026-09-23T18:30:18Z</time><speed>0.000</speed><sat>24</sat></trkpt>
  <trkpt lat="37.06257582" lon="37.37920988"><ele>871.630</ele><time>2026-09-23T18:30:19Z</time><speed>0.390</speed><sat>26</sat></trkpt>
  <trkpt lat="37.06257589" lon="37.37921010"><ele>871.644</ele><time>2026-09-23T18:30:20Z</time><speed>0.000</speed><sat>25</sat></trkpt>
  <trkpt lat="37.06257635" lon="37.37921116"><ele>871.643</ele><time>2026-09-23T18:30:21Z</time><speed>0.000</speed><sat>25</sat></trkpt>
  <trkpt lat="37.06257571" lon="37.37921212"><ele>871.560</ele><time>2026-09-23T18:30:22Z</time><speed>0.000</speed><sat>24</sat></trkpt>
  <trkpt lat="37.06257549" lon="37.37921476"><ele>871.711</ele><time>2026-09-23T18:30:23Z</time><speed>0.300</speed><sat>21</sat></trkpt>
  <trkpt lat="37.06257877" lon="37.37921543"><ele>871.722</ele><time>2026-09-23T18:30:24Z</time><speed>0.000</speed><sat>22</sat></trkpt>
  <trkpt lat="37.06257359" lon="37.37921512"><ele>872.571</ele><time>2026-09-23T18:30:25Z</time><speed>0.580</speed><sat>21</sat></trkpt>
  <trkpt lat="37.06257154" lon="37.37921688"><ele>873.036</ele><time>2026-09-23T18:30:26Z</time><speed>0.000</speed><sat>22</sat></trkpt>
  <trkpt lat="37.06256703" lon="37.37922325"><ele>872.708</ele><time>2026-09-23T18:30:27Z</time><speed>0.670</speed><sat>22</sat></trkpt>
  <trkpt lat="37.06255709" lon="37.37923750"><ele>872.974</ele><time>2026-09-23T18:30:28Z</time><speed>1.240</speed><sat>24</sat></trkpt>
  <trkpt lat="37.06254946" lon="37.37924360"><ele>872.466</ele><time>2026-09-23T18:30:29Z</time><speed>0.650</speed><sat>26</sat></trkpt>
  <trkpt lat="37.06254236" lon="37.37924574"><ele>872.066</ele><time>2026-09-23T18:30:30Z</time><speed>0.750</speed><sat>25</sat></trkpt>
  <trkpt lat="37.06253529" lon="37.37924239"><ele>873.200</ele><time>2026-09-23T18:30:31Z</time><speed>0.670</speed><sat>25</sat></trkpt>
  <trkpt lat="37.06253079" lon="37.37924045"><ele>872.887</ele><time>2026-09-23T18:30:32Z</time><speed>0.520</speed><sat>24</sat></trkpt>
  <trkpt lat="37.06252358" lon="37.37924542"><ele>873.303</ele><time>2026-09-23T18:30:33Z</time><speed>1.010</speed><sat>24</sat></trkpt>
  <trkpt lat="37.06251493" lon="37.37925284"><ele>872.669</ele><time>2026-09-23T18:30:34Z</time><speed>0.910</speed><sat>25</sat></trkpt>
  <trkpt lat="37.06250931" lon="37.37926234"><ele>872.247</ele><time>2026-09-23T18:30:35Z</time><speed>0.720</speed><sat>25</sat></trkpt>
  <trkpt lat="37.06250288" lon="37.37927346"><ele>873.865</ele><time>2026-09-23T18:30:36Z</time><speed>1.040</speed><sat>23</sat></trkpt>
  <trkpt lat="37.06249731" lon="37.37928082"><ele>873.639</ele><time>2026-09-23T18:30:37Z</time><speed>0.490</speed><sat>24</sat></trkpt>
  <trkpt lat="37.06249598" lon="37.37928476"><ele>874.509</ele><time>2026-09-23T18:30:38Z</time><speed>0.210</speed><sat>25</sat></trkpt>
  <trkpt lat="37.06249875" lon="37.37928221"><ele>874.395</ele><time>2026-09-23T18:30:39Z</time><speed>0.780</speed><sat>23</sat></trkpt>
  <trkpt lat="37.06250275" lon="37.37927031"><ele>873.639</ele><time>2026-09-23T18:30:40Z</time><speed>1.330</speed><sat>22</sat></trkpt>
  <trkpt lat="37.06250829" lon="37.37925709"><ele>873.868</ele><time>2026-09-23T18:30:41Z</time><speed>1.340</speed><sat>22</sat></trkpt>
  <trkpt lat="37.06251287" lon="37.37924280"><ele>873.744</ele><time>2026-09-23T18:30:42Z</time><speed>1.250</speed><sat>22</sat></trkpt>
  <trkpt lat="37.06251600" lon="37.37922797"><ele>872.644</ele><time>2026-09-23T18:30:43Z</time><speed>1.300</speed><sat>21</sat></trkpt>
  <trkpt lat="37.06251055" lon="37.37920832"><ele>872.149</ele><time>2026-09-23T18:30:44Z</time><speed>1.500</speed><sat>20</sat></trkpt>
  <trkpt lat="37.06249243" lon="37.37919488"><ele>875.223</ele><time>2026-09-23T18:30:45Z</time><speed>1.510</speed><sat>19</sat></trkpt>
  <trkpt lat="37.06247292" lon="37.37919514"><ele>874.810</ele><time>2026-09-23T18:30:46Z</time><speed>0.310</speed><sat>19</sat></trkpt>
  <trkpt lat="37.06245573" lon="37.37920745"><ele>873.395</ele><time>2026-09-23T18:30:47Z</time><speed>0.540</speed><sat>21</sat></trkpt>
  <trkpt lat="37.06244152" lon="37.37922295"><ele>873.867</ele><time>2026-09-23T18:30:48Z</time><speed>0.600</speed><sat>23</sat></trkpt>
  <trkpt lat="37.06242605" lon="37.37924070"><ele>875.188</ele><time>2026-09-23T18:30:49Z</time><speed>1.010</speed><sat>23</sat></trkpt>
  <trkpt lat="37.06241039" lon="37.37925276"><ele>874.727</ele><time>2026-09-23T18:30:50Z</time><speed>0.660</speed><sat>25</sat></trkpt>
  <trkpt lat="37.06239515" lon="37.37925346"><ele>873.164</ele><time>2026-09-23T18:30:51Z</time><speed>1.140</speed><sat>25</sat></trkpt>
  <trkpt lat="37.06238129" lon="37.37924991"><ele>873.172</ele><time>2026-09-23T18:30:52Z</time><speed>1.370</speed><sat>25</sat></trkpt>
  <trkpt lat="37.06236822" lon="37.37924609"><ele>871.518</ele><time>2026-09-23T18:30:53Z</time><speed>1.230</speed><sat>25</sat></trkpt>
  <trkpt lat="37.06235539" lon="37.37924264"><ele>871.011</ele><time>2026-09-23T18:30:54Z</time><speed>1.280</speed><sat>25</sat></trkpt>
  <trkpt lat="37.06234102" lon="37.37924264"><ele>870.558</ele><time>2026-09-23T18:30:55Z</time><speed>1.270</speed><sat>26</sat></trkpt>
  <trkpt lat="37.06231961" lon="37.37924499"><ele>870.337</ele><time>2026-09-23T18:30:56Z</time><speed>1.750</speed><sat>25</sat></trkpt>
  <trkpt lat="37.06229955" lon="37.37925451"><ele>873.166</ele><time>2026-09-23T18:30:57Z</time><speed>1.120</speed><sat>25</sat></trkpt>
  <trkpt lat="37.06228210" lon="37.37926406"><ele>873.166</ele><time>2026-09-23T18:30:58Z</time><speed>1.270</speed><sat>26</sat></trkpt>
  <trkpt lat="37.06226832" lon="37.37927159"><ele>872.496</ele><time>2026-09-23T18:30:59Z</time><speed>0.460</speed><sat>27</sat></trkpt>
  <trkpt lat="37.06225702" lon="37.37927735"><ele>873.251</ele><time>2026-09-23T18:31:00Z</time><speed>0.780</speed><sat>27</sat></trkpt>
  <trkpt lat="37.06224768" lon="37.37928259"><ele>873.195</ele><time>2026-09-23T18:31:01Z</time><speed>0.350</speed><sat>27</sat></trkpt>
  <trkpt lat="37.06224137" lon="37.37928452"><ele>873.135</ele><time>2026-09-23T18:31:02Z</time><speed>0.420</speed><sat>27</sat></trkpt>
  <trkpt lat="37.06222705" lon="37.37928637"><ele>874.081</ele><time>2026-09-23T18:31:03Z</time><speed>1.680</speed><sat>27</sat></trkpt>
  <trkpt lat="37.06221012" lon="37.37929038"><ele>870.504</ele><time>2026-09-23T18:31:04Z</time><speed>1.630</speed><sat>27</sat></trkpt>
  <trkpt lat="37.06219488" lon="37.37929422"><ele>869.975</ele><time>2026-09-23T18:31:05Z</time><speed>1.460</speed><sat>27</sat></trkpt>
  <trkpt lat="37.06218359" lon="37.37929589"><ele>868.757</ele><time>2026-09-23T18:31:06Z</time><speed>1.070</speed><sat>26</sat></trkpt>
  <trkpt lat="37.06216582" lon="37.37930594"><ele>870.423</ele><time>2026-09-23T18:31:07Z</time><speed>2.820</speed><sat>24</sat></trkpt>
  <trkpt lat="37.06214721" lon="37.37931890"><ele>871.134</ele><time>2026-09-23T18:31:08Z</time><speed>1.780</speed><sat>25</sat></trkpt>
  <trkpt lat="37.06213143" lon="37.37933549"><ele>870.737</ele><time>2026-09-23T18:31:09Z</time><speed>2.240</speed><sat>24</sat></trkpt>
  <trkpt lat="37.06211801" lon="37.37934793"><ele>870.807</ele><time>2026-09-23T18:31:10Z</time><speed>1.410</speed><sat>25</sat></trkpt>
  <trkpt lat="37.06210572" lon="37.37935772"><ele>870.913</ele><time>2026-09-23T18:31:11Z</time><speed>1.740</speed><sat>23</sat></trkpt>
  <trkpt lat="37.06209254" lon="37.37936930"><ele>871.412</ele><time>2026-09-23T18:31:12Z</time><speed>1.740</speed><sat>23</sat></trkpt>
  <trkpt lat="37.06208052" lon="37.37938129"><ele>870.841</ele><time>2026-09-23T18:31:13Z</time><speed>1.730</speed><sat>23</sat></trkpt>
  <trkpt lat="37.06206610" lon="37.37939056"><ele>870.181</ele><time>2026-09-23T18:31:14Z</time><speed>1.850</speed><sat>24</sat></trkpt>
  <trkpt lat="37.06205376" lon="37.37940397"><ele>869.300</ele><time>2026-09-23T18:31:15Z</time><speed>2.010</speed><sat>25</sat></trkpt>
  <trkpt lat="37.06204294" lon="37.37941535"><ele>869.778</ele><time>2026-09-23T18:31:16Z</time><speed>1.560</speed><sat>24</sat></trkpt>
  <trkpt lat="37.06202685" lon="37.37942303"><ele>867.417</ele><time>2026-09-23T18:31:17Z</time><speed>2.560</speed><sat>21</sat></trkpt>
  <trkpt lat="37.06200941" lon="37.37942760"><ele>866.764</ele><time>2026-09-23T18:31:18Z</time><speed>1.850</speed><sat>23</sat></trkpt>
  <trkpt lat="37.06199768" lon="37.37942719"><ele>866.637</ele><time>2026-09-23T18:31:19Z</time><speed>1.560</speed><sat>23</sat></trkpt>
  <trkpt lat="37.06198896" lon="37.37942779"><ele>867.412</ele><time>2026-09-23T18:31:20Z</time><speed>1.420</speed><sat>23</sat></trkpt>
  <trkpt lat="37.06198222" lon="37.37943527"><ele>868.589</ele><time>2026-09-23T18:31:21Z</time><speed>1.730</speed><sat>23</sat></trkpt>
  <trkpt lat="37.06197755" lon="37.37944182"><ele>868.976</ele><time>2026-09-23T18:31:22Z</time><speed>1.100</speed><sat>24</sat></trkpt>
  <trkpt lat="37.06197278" lon="37.37944961"><ele>869.133</ele><time>2026-09-23T18:31:23Z</time><speed>1.410</speed><sat>24</sat></trkpt>
  <trkpt lat="37.06196745" lon="37.37946570"><ele>869.381</ele><time>2026-09-23T18:31:24Z</time><speed>1.780</speed><sat>23</sat></trkpt>
  <trkpt lat="37.06196265" lon="37.37948096"><ele>870.191</ele><time>2026-09-23T18:31:25Z</time><speed>1.330</speed><sat>22</sat></trkpt>
  <trkpt lat="37.06195631" lon="37.37949172"><ele>871.639</ele><time>2026-09-23T18:31:26Z</time><speed>1.560</speed><sat>21</sat></trkpt>
  <trkpt lat="37.06194747" lon="37.37949368"><ele>871.293</ele><time>2026-09-23T18:31:27Z</time><speed>1.210</speed><sat>21</sat></trkpt>
  <trkpt lat="37.06194161" lon="37.37948762"><ele>870.658</ele><time>2026-09-23T18:31:28Z</time><speed>0.330</speed><sat>19</sat></trkpt>
  <trkpt lat="37.06193763" lon="37.37947857"><ele>869.540</ele><time>2026-09-23T18:31:29Z</time><speed>0.500</speed><sat>20</sat></trkpt>
  <trkpt lat="37.06192641" lon="37.37946609"><ele>869.635</ele><time>2026-09-23T18:31:30Z</time><speed>1.290</speed><sat>19</sat></trkpt>
  <trkpt lat="37.06190662" lon="37.37946422"><ele>871.891</ele><time>2026-09-23T18:31:31Z</time><speed>2.090</speed><sat>21</sat></trkpt>
  <trkpt lat="37.06188949" lon="37.37946980"><ele>872.129</ele><time>2026-09-23T18:31:32Z</time><speed>0.980</speed><sat>20</sat></trkpt>
  <trkpt lat="37.06187816" lon="37.37947485"><ele>871.536</ele><time>2026-09-23T18:31:33Z</time><speed>0.860</speed><sat>20</sat></trkpt>
  <trkpt lat="37.06186974" lon="37.37947966"><ele>871.799</ele><time>2026-09-23T18:31:34Z</time><speed>0.330</speed><sat>21</sat></trkpt>
  <trkpt lat="37.06186115" lon="37.37948310"><ele>870.151</ele><time>2026-09-23T18:31:35Z</time><speed>0.920</speed><sat>21</sat></trkpt>
  <trkpt lat="37.06185248" lon="37.37948388"><ele>869.823</ele><time>2026-09-23T18:31:36Z</time><speed>0.450</speed><sat>22</sat></trkpt>
  <trkpt lat="37.06184411" lon="37.37948187"><ele>869.870</ele><time>2026-09-23T18:31:37Z</time><speed>0.720</speed><sat>23</sat></trkpt>
  <trkpt lat="37.06182957" lon="37.37947563"><ele>869.648</ele><time>2026-09-23T18:31:38Z</time><speed>1.300</speed><sat>23</sat></trkpt>
  <trkpt lat="37.06180758" lon="37.37947603"><ele>870.937</ele><time>2026-09-23T18:31:39Z</time><speed>2.230</speed><sat>22</sat></trkpt>
  <trkpt lat="37.06178463" lon="37.37948302"><ele>871.498</ele><time>2026-09-23T18:31:40Z</time><speed>1.660</speed><sat>20</sat></trkpt>
  <trkpt lat="37.06176824" lon="37.37949367"><ele>871.891</ele><time>2026-09-23T18:31:41Z</time><speed>1.530</speed><sat>19</sat></trkpt>
  <trkpt lat="37.06175259" lon="37.37950462"><ele>872.688</ele><time>2026-09-23T18:31:42Z</time><speed>1.560</speed><sat>19</sat></trkpt>
  <trkpt lat="37.06174014" lon="37.37952135"><ele>872.783</ele><time>2026-09-23T18:31:43Z</time><speed>1.690</speed><sat>17</sat></trkpt>
  <trkpt lat="37.06173095" lon="37.37953237"><ele>871.963</ele><time>2026-09-23T18:31:44Z</time><speed>0.950</speed><sat>17</sat></trkpt>
  <trkpt lat="37.06172078" lon="37.37953925"><ele>869.747</ele><time>2026-09-23T18:31:45Z</time><speed>1.620</speed><sat>18</sat></trkpt>
  <trkpt lat="37.06170651" lon="37.37954294"><ele>867.816</ele><time>2026-09-23T18:31:46Z</time><speed>1.540</speed><sat>17</sat></trkpt>
  <trkpt lat="37.06169069" lon="37.37954825"><ele>868.775</ele><time>2026-09-23T18:31:47Z</time><speed>1.830</speed><sat>18</sat></trkpt>
  <trkpt lat="37.06167209" lon="37.37955520"><ele>869.061</ele><time>2026-09-23T18:31:48Z</time><speed>2.140</speed><sat>18</sat></trkpt>
  <trkpt lat="37.06165510" lon="37.37955329"><ele>867.906</ele><time>2026-09-23T18:31:49Z</time><speed>1.410</speed><sat>19</sat></trkpt>
  <trkpt lat="37.06164236" lon="37.37954940"><ele>867.563</ele><time>2026-09-23T18:31:50Z</time><speed>1.250</speed><sat>19</sat></trkpt>
  <trkpt lat="37.06162927" lon="37.37954834"><ele>868.146</ele><time>2026-09-23T18:31:51Z</time><speed>1.310</speed><sat>18</sat></trkpt>
  <trkpt lat="37.06161849" lon="37.37954959"><ele>867.776</ele><time>2026-09-23T18:31:52Z</time><speed>1.200</speed><sat>18</sat></trkpt>
  <trkpt lat="37.06160835" lon="37.37954881"><ele>868.784</ele><time>2026-09-23T18:31:53Z</time><speed>1.180</speed><sat>17</sat></trkpt>
  <trkpt lat="37.06160025" lon="37.37955412"><ele>870.509</ele><time>2026-09-23T18:31:54Z</time><speed>0.990</speed><sat>17</sat></trkpt>
  <trkpt lat="37.06159325" lon="37.37955483"><ele>870.532</ele><time>2026-09-23T18:31:55Z</time><speed>1.050</speed><sat>16</sat></trkpt>
  <trkpt lat="37.06158646" lon="37.37955730"><ele>872.098</ele><time>2026-09-23T18:31:56Z</time><speed>1.040</speed><sat>16</sat></trkpt>
  <trkpt lat="37.06157663" lon="37.37956470"><ele>872.952</ele><time>2026-09-23T18:31:57Z</time><speed>1.700</speed><sat>17</sat></trkpt>
  <trkpt lat="37.06156489" lon="37.37957017"><ele>872.241</ele><time>2026-09-23T18:31:58Z</time><speed>1.230</speed><sat>17</sat></trkpt>
  <trkpt lat="37.06155483" lon="37.37957306"><ele>871.770</ele><time>2026-09-23T18:31:59Z</time><speed>1.230</speed><sat>18</sat></trkpt>
  <trkpt lat="37.06154073" lon="37.37957809"><ele>871.077</ele><time>2026-09-23T18:32:00Z</time><speed>1.800</speed><sat>18</sat></trkpt>
  <trkpt lat="37.06152292" lon="37.37958278"><ele>871.045</ele><time>2026-09-23T18:32:01Z</time><speed>2.000</speed><sat>18</sat></trkpt>
  <trkpt lat="37.06150634" lon="37.37959141"><ele>871.688</ele><time>2026-09-23T18:32:02Z</time><speed>2.170</speed><sat>18</sat></trkpt>
  <trkpt lat="37.06149145" lon="37.37960282"><ele>872.137</ele><time>2026-09-23T18:32:03Z</time><speed>2.060</speed><sat>17</sat></trkpt>
  <trkpt lat="37.06147742" lon="37.37961066"><ele>872.161</ele><time>2026-09-23T18:32:04Z</time><speed>1.740</speed><sat>17</sat></trkpt>
  <trkpt lat="37.06146491" lon="37.37961313"><ele>872.304</ele><time>2026-09-23T18:32:05Z</time><speed>1.330</speed><sat>17</sat></trkpt>
  <trkpt lat="37.06145266" lon="37.37961362"><ele>873.864</ele><time>2026-09-23T18:32:06Z</time><speed>1.420</speed><sat>21</sat></trkpt>
  <trkpt lat="37.06144006" lon="37.37961187"><ele>873.371</ele><time>2026-09-23T18:32:07Z</time><speed>1.370</speed><sat>21</sat></trkpt>
  <trkpt lat="37.06142855" lon="37.37961128"><ele>874.624</ele><time>2026-09-23T18:32:08Z</time><speed>1.350</speed><sat>21</sat></trkpt>
  <trkpt lat="37.06141041" lon="37.37960123"><ele>872.199</ele><time>2026-09-23T18:32:09Z</time><speed>2.490</speed><sat>23</sat></trkpt>
  <trkpt lat="37.06139392" lon="37.37958494"><ele>871.064</ele><time>2026-09-23T18:32:10Z</time><speed>2.170</speed><sat>23</sat></trkpt>
  <trkpt lat="37.06138312" lon="37.37957309"><ele>871.195</ele><time>2026-09-23T18:32:11Z</time><speed>1.510</speed><sat>23</sat></trkpt>
  <trkpt lat="37.06137537" lon="37.37956606"><ele>870.779</ele><time>2026-09-23T18:32:12Z</time><speed>1.450</speed><sat>20</sat></trkpt>
  <trkpt lat="37.06136754" lon="37.37956513"><ele>871.037</ele><time>2026-09-23T18:32:13Z</time><speed>1.480</speed><sat>22</sat></trkpt>
  <trkpt lat="37.06135977" lon="37.37956722"><ele>870.797</ele><time>2026-09-23T18:32:14Z</time><speed>1.410</speed><sat>21</sat></trkpt>
  <trkpt lat="37.06135206" lon="37.37957013"><ele>870.986</ele><time>2026-09-23T18:32:15Z</time><speed>1.410</speed><sat>21</sat></trkpt>
  <trkpt lat="37.06134355" lon="37.37957169"><ele>870.467</ele><time>2026-09-23T18:32:16Z</time><speed>1.400</speed><sat>21</sat></trkpt>
  <trkpt lat="37.06133466" lon="37.37957367"><ele>870.764</ele><time>2026-09-23T18:32:17Z</time><speed>1.410</speed><sat>20</sat></trkpt>
  <trkpt lat="37.06132553" lon="37.37957688"><ele>871.199</ele><time>2026-09-23T18:32:18Z</time><speed>1.420</speed><sat>19</sat></trkpt>
  <trkpt lat="37.06131633" lon="37.37958074"><ele>871.491</ele><time>2026-09-23T18:32:19Z</time><speed>1.390</speed><sat>20</sat></trkpt>
  <trkpt lat="37.06130666" lon="37.37958573"><ele>872.266</ele><time>2026-09-23T18:32:20Z</time><speed>1.420</speed><sat>21</sat></trkpt>
 </trkseg>
</trk>

</gpx>
 