<?xml version="1.0" encoding="UTF-8"?>
<!-- Created with BasicAirData GPS Logger for Android - ver. 3.3.0 -->
<!-- Track 20 = 1032 TrackPoints + 0 Placemarks -->

<!-- Track Statistics (based on Total Time | Time in Movement): -->
<!--  Distance = 1.27 km -->
<!--  Duration = 17:11 | 14:37 -->
<!--  Altitude Gap = 6 m -->
<!--  Max Speed = 8 km/h -->
<!--  Avg Speed = 4.4 | 5.2 km/h -->
<!--  Direction = SSE -->
<!--  Activity = walking -->
<!--  Altitudes = Raw -->

<gpx version="1.0"
     creator="BasicAirData GPS Logger 3.3.0"
     xmlns="http://www.topografix.com/GPX/1/0"
     xmlns:xsi="http://www.w3.org/2001/XMLSchema-instance"
     xsi:schemaLocation="http://www.topografix.com/GPX/1/0 http://www.topografix.com/GPX/1/0/gpx.xsd">
<name>GPS Logger 20260913-154339</name>
<time>2026-09-15T20:03:29Z</time>
<keywords>walking</keywords>
<bounds minlat="38.49348162" minlon="42.28143016" maxlat="38.50303714" maxlon="42.28759791" />

<trk>
 <name>Track 20260913-154339</name>
 <trkseg>
  <trkpt lat="38.50303714" lon="42.28203220"><ele>1691.951</ele><time>2026-09-13T12:43:39Z</time><speed>1.390</speed><sat>33</sat></trkpt>
  <trkpt lat="38.50302377" lon="42.28202754"><ele>1692.325</ele><time>2026-09-13T12:43:40Z</time><speed>1.430</speed><sat>33</sat></trkpt>
  <trkpt lat="38.50300980" lon="42.28202347"><ele>1692.804</ele><time>2026-09-13T12:43:41Z</time><speed>1.470</speed><sat>33</sat></trkpt>
  <trkpt lat="38.50299561" lon="42.28201834"><ele>1693.647</ele><time>2026-09-13T12:43:42Z</time><speed>1.550</speed><sat>33</sat></trkpt>
  <trkpt lat="38.50298197" lon="42.28201270"><ele>1693.754</ele><time>2026-09-13T12:43:43Z</time><speed>1.470</speed><sat>33</sat></trkpt>
  <trkpt lat="38.50296914" lon="42.28200833"><ele>1693.573</ele><time>2026-09-13T12:43:44Z</time><speed>1.370</speed><sat>32</sat></trkpt>
  <trkpt lat="38.50295687" lon="42.28200545"><ele>1693.414</ele><time>2026-09-13T12:43:45Z</time><speed>1.350</speed><sat>32</sat></trkpt>
  <trkpt lat="38.50294403" lon="42.28200015"><ele>1693.312</ele><time>2026-09-13T12:43:46Z</time><speed>1.500</speed><sat>32</sat></trkpt>
  <trkpt lat="38.50293095" lon="42.28199359"><ele>1693.190</ele><time>2026-09-13T12:43:47Z</time><speed>1.590</speed><sat>32</sat></trkpt>
  <trkpt lat="38.50291856" lon="42.28198555"><ele>1692.969</ele><time>2026-09-13T12:43:48Z</time><speed>1.530</speed><sat>32</sat></trkpt>
  <trkpt lat="38.50290641" lon="42.28197621"><ele>1693.189</ele><time>2026-09-13T12:43:49Z</time><speed>1.520</speed><sat>31</sat></trkpt>
  <trkpt lat="38.50289426" lon="42.28196637"><ele>1693.088</ele><time>2026-09-13T12:43:50Z</time><speed>1.640</speed><sat>32</sat></trkpt>
  <trkpt lat="38.50288188" lon="42.28195706"><ele>1693.036</ele><time>2026-09-13T12:43:51Z</time><speed>1.510</speed><sat>31</sat></trkpt>
  <trkpt lat="38.50287022" lon="42.28195024"><ele>1693.196</ele><time>2026-09-13T12:43:52Z</time><speed>1.360</speed><sat>31</sat></trkpt>
  <trkpt lat="38.50285822" lon="42.28194469"><ele>1693.520</ele><time>2026-09-13T12:43:53Z</time><speed>1.440</speed><sat>32</sat></trkpt>
  <trkpt lat="38.50284590" lon="42.28194022"><ele>1693.365</ele><time>2026-09-13T12:43:54Z</time><speed>1.480</speed><sat>32</sat></trkpt>
  <trkpt lat="38.50283345" lon="42.28193413"><ele>1692.951</ele><time>2026-09-13T12:43:55Z</time><speed>1.550</speed><sat>32</sat></trkpt>
  <trkpt lat="38.50282034" lon="42.28192749"><ele>1693.463</ele><time>2026-09-13T12:43:56Z</time><speed>1.510</speed><sat>32</sat></trkpt>
  <trkpt lat="38.50281169" lon="42.28192326"><ele>1693.402</ele><time>2026-09-13T12:43:57Z</time><speed>0.640</speed><sat>31</sat></trkpt>
  <trkpt lat="38.50280547" lon="42.28191859"><ele>1693.460</ele><time>2026-09-13T12:43:58Z</time><speed>0.930</speed><sat>32</sat></trkpt>
  <trkpt lat="38.50279446" lon="42.28191487"><ele>1692.014</ele><time>2026-09-13T12:43:59Z</time><speed>1.370</speed><sat>31</sat></trkpt>
  <trkpt lat="38.50278163" lon="42.28191254"><ele>1691.549</ele><time>2026-09-13T12:44:00Z</time><speed>1.230</speed><sat>31</sat></trkpt>
  <trkpt lat="38.50277134" lon="42.28190977"><ele>1691.398</ele><time>2026-09-13T12:44:01Z</time><speed>1.000</speed><sat>31</sat></trkpt>
  <trkpt lat="38.50276268" lon="42.28190717"><ele>1691.172</ele><time>2026-09-13T12:44:02Z</time><speed>1.060</speed><sat>31</sat></trkpt>
  <trkpt lat="38.50275245" lon="42.28190115"><ele>1691.175</ele><time>2026-09-13T12:44:03Z</time><speed>1.170</speed><sat>31</sat></trkpt>
  <trkpt lat="38.50274165" lon="42.28189291"><ele>1690.307</ele><time>2026-09-13T12:44:04Z</time><speed>1.260</speed><sat>31</sat></trkpt>
  <trkpt lat="38.50273107" lon="42.28188242"><ele>1690.603</ele><time>2026-09-13T12:44:05Z</time><speed>1.270</speed><sat>31</sat></trkpt>
  <trkpt lat="38.50272041" lon="42.28187140"><ele>1690.495</ele><time>2026-09-13T12:44:06Z</time><speed>1.220</speed><sat>32</sat></trkpt>
  <trkpt lat="38.50271086" lon="42.28186265"><ele>1689.434</ele><time>2026-09-13T12:44:07Z</time><speed>1.040</speed><sat>33</sat></trkpt>
  <trkpt lat="38.50270259" lon="42.28185388"><ele>1690.221</ele><time>2026-09-13T12:44:08Z</time><speed>0.950</speed><sat>33</sat></trkpt>
  <trkpt lat="38.50269444" lon="42.28184445"><ele>1691.498</ele><time>2026-09-13T12:44:09Z</time><speed>1.060</speed><sat>33</sat></trkpt>
  <trkpt lat="38.50268505" lon="42.28183616"><ele>1690.834</ele><time>2026-09-13T12:44:10Z</time><speed>1.060</speed><sat>32</sat></trkpt>
  <trkpt lat="38.50267502" lon="42.28182910"><ele>1690.835</ele><time>2026-09-13T12:44:11Z</time><speed>1.020</speed><sat>33</sat></trkpt>
  <trkpt lat="38.50266439" lon="42.28182406"><ele>1690.026</ele><time>2026-09-13T12:44:12Z</time><speed>1.090</speed><sat>33</sat></trkpt>
  <trkpt lat="38.50265302" lon="42.28181673"><ele>1689.540</ele><time>2026-09-13T12:44:13Z</time><speed>1.180</speed><sat>33</sat></trkpt>
  <trkpt lat="38.50264074" lon="42.28180677"><ele>1689.437</ele><time>2026-09-13T12:44:14Z</time><speed>1.190</speed><sat>33</sat></trkpt>
  <trkpt lat="38.50262946" lon="42.28179535"><ele>1689.666</ele><time>2026-09-13T12:44:15Z</time><speed>1.050</speed><sat>33</sat></trkpt>
  <trkpt lat="38.50261931" lon="42.28178442"><ele>1690.529</ele><time>2026-09-13T12:44:16Z</time><speed>1.020</speed><sat>33</sat></trkpt>
  <trkpt lat="38.50260778" lon="42.28177573"><ele>1689.809</ele><time>2026-09-13T12:44:17Z</time><speed>1.160</speed><sat>32</sat></trkpt>
  <trkpt lat="38.50259842" lon="42.28177064"><ele>1689.660</ele><time>2026-09-13T12:44:18Z</time><speed>0.690</speed><sat>31</sat></trkpt>
  <trkpt lat="38.50258799" lon="42.28176720"><ele>1689.511</ele><time>2026-09-13T12:44:19Z</time><speed>1.070</speed><sat>32</sat></trkpt>
  <trkpt lat="38.50257423" lon="42.28176257"><ele>1690.041</ele><time>2026-09-13T12:44:20Z</time><speed>1.280</speed><sat>32</sat></trkpt>
  <trkpt lat="38.50256198" lon="42.28175640"><ele>1690.390</ele><time>2026-09-13T12:44:21Z</time><speed>1.010</speed><sat>33</sat></trkpt>
  <trkpt lat="38.50255135" lon="42.28175005"><ele>1690.831</ele><time>2026-09-13T12:44:22Z</time><speed>1.010</speed><sat>33</sat></trkpt>
  <trkpt lat="38.50253908" lon="42.28174338"><ele>1689.599</ele><time>2026-09-13T12:44:23Z</time><speed>1.140</speed><sat>34</sat></trkpt>
  <trkpt lat="38.50252651" lon="42.28173735"><ele>1689.295</ele><time>2026-09-13T12:44:24Z</time><speed>1.100</speed><sat>34</sat></trkpt>
  <trkpt lat="38.50251500" lon="42.28173150"><ele>1690.044</ele><time>2026-09-13T12:44:25Z</time><speed>1.020</speed><sat>34</sat></trkpt>
  <trkpt lat="38.50250284" lon="42.28172369"><ele>1689.145</ele><time>2026-09-13T12:44:26Z</time><speed>1.050</speed><sat>34</sat></trkpt>
  <trkpt lat="38.50249100" lon="42.28171767"><ele>1688.940</ele><time>2026-09-13T12:44:27Z</time><speed>1.080</speed><sat>34</sat></trkpt>
  <trkpt lat="38.50247945" lon="42.28171318"><ele>1689.299</ele><time>2026-09-13T12:44:28Z</time><speed>0.910</speed><sat>33</sat></trkpt>
  <trkpt lat="38.50246792" lon="42.28170868"><ele>1690.427</ele><time>2026-09-13T12:44:29Z</time><speed>0.970</speed><sat>32</sat></trkpt>
  <trkpt lat="38.50245446" lon="42.28170317"><ele>1689.860</ele><time>2026-09-13T12:44:30Z</time><speed>1.250</speed><sat>32</sat></trkpt>
  <trkpt lat="38.50244255" lon="42.28169476"><ele>1688.766</ele><time>2026-09-13T12:44:31Z</time><speed>0.730</speed><sat>32</sat></trkpt>
  <trkpt lat="38.50243325" lon="42.28168599"><ele>1688.881</ele><time>2026-09-13T12:44:32Z</time><speed>0.740</speed><sat>31</sat></trkpt>
  <trkpt lat="38.50242253" lon="42.28167497"><ele>1688.717</ele><time>2026-09-13T12:44:33Z</time><speed>1.050</speed><sat>31</sat></trkpt>
  <trkpt lat="38.50241265" lon="42.28166271"><ele>1687.593</ele><time>2026-09-13T12:44:34Z</time><speed>0.730</speed><sat>31</sat></trkpt>
  <trkpt lat="38.50240266" lon="42.28164751"><ele>1687.736</ele><time>2026-09-13T12:44:35Z</time><speed>1.240</speed><sat>31</sat></trkpt>
  <trkpt lat="38.50239112" lon="42.28163157"><ele>1687.766</ele><time>2026-09-13T12:44:36Z</time><speed>1.180</speed><sat>31</sat></trkpt>
  <trkpt lat="38.50237807" lon="42.28161683"><ele>1688.196</ele><time>2026-09-13T12:44:37Z</time><speed>1.330</speed><sat>31</sat></trkpt>
  <trkpt lat="38.50236317" lon="42.28160281"><ele>1687.793</ele><time>2026-09-13T12:44:38Z</time><speed>1.400</speed><sat>32</sat></trkpt>
  <trkpt lat="38.50234883" lon="42.28159117"><ele>1686.403</ele><time>2026-09-13T12:44:39Z</time><speed>1.280</speed><sat>32</sat></trkpt>
  <trkpt lat="38.50234009" lon="42.28158038"><ele>1686.888</ele><time>2026-09-13T12:44:40Z</time><speed>0.620</speed><sat>32</sat></trkpt>
  <trkpt lat="38.50233457" lon="42.28156735"><ele>1687.361</ele><time>2026-09-13T12:44:41Z</time><speed>0.840</speed><sat>32</sat></trkpt>
  <trkpt lat="38.50232433" lon="42.28155585"><ele>1687.865</ele><time>2026-09-13T12:44:42Z</time><speed>1.130</speed><sat>32</sat></trkpt>
  <trkpt lat="38.50231015" lon="42.28154335"><ele>1688.070</ele><time>2026-09-13T12:44:43Z</time><speed>1.420</speed><sat>32</sat></trkpt>
  <trkpt lat="38.50229723" lon="42.28153459"><ele>1687.190</ele><time>2026-09-13T12:44:44Z</time><speed>0.840</speed><sat>31</sat></trkpt>
  <trkpt lat="38.50228624" lon="42.28152386"><ele>1687.270</ele><time>2026-09-13T12:44:45Z</time><speed>1.080</speed><sat>31</sat></trkpt>
  <trkpt lat="38.50227488" lon="42.28151074"><ele>1687.145</ele><time>2026-09-13T12:44:46Z</time><speed>1.450</speed><sat>30</sat></trkpt>
  <trkpt lat="38.50225827" lon="42.28150179"><ele>1687.042</ele><time>2026-09-13T12:44:47Z</time><speed>1.710</speed><sat>31</sat></trkpt>
  <trkpt lat="38.50224069" lon="42.28149690"><ele>1687.126</ele><time>2026-09-13T12:44:48Z</time><speed>1.470</speed><sat>31</sat></trkpt>
  <trkpt lat="38.50222540" lon="42.28149443"><ele>1687.601</ele><time>2026-09-13T12:44:49Z</time><speed>1.310</speed><sat>31</sat></trkpt>
  <trkpt lat="38.50221111" lon="42.28149303"><ele>1686.663</ele><time>2026-09-13T12:44:50Z</time><speed>1.250</speed><sat>32</sat></trkpt>
  <trkpt lat="38.50219668" lon="42.28149460"><ele>1686.643</ele><time>2026-09-13T12:44:51Z</time><speed>1.310</speed><sat>32</sat></trkpt>
  <trkpt lat="38.50218293" lon="42.28150025"><ele>1687.225</ele><time>2026-09-13T12:44:52Z</time><speed>1.370</speed><sat>32</sat></trkpt>
  <trkpt lat="38.50216704" lon="42.28150627"><ele>1686.788</ele><time>2026-09-13T12:44:53Z</time><speed>1.540</speed><sat>32</sat></trkpt>
  <trkpt lat="38.50215223" lon="42.28151178"><ele>1687.218</ele><time>2026-09-13T12:44:54Z</time><speed>1.320</speed><sat>32</sat></trkpt>
  <trkpt lat="38.50213987" lon="42.28151428"><ele>1687.338</ele><time>2026-09-13T12:44:55Z</time><speed>0.890</speed><sat>32</sat></trkpt>
  <trkpt lat="38.50212916" lon="42.28151386"><ele>1687.023</ele><time>2026-09-13T12:44:56Z</time><speed>0.770</speed><sat>31</sat></trkpt>
  <trkpt lat="38.50211534" lon="42.28150866"><ele>1686.984</ele><time>2026-09-13T12:44:57Z</time><speed>1.210</speed><sat>29</sat></trkpt>
  <trkpt lat="38.50210142" lon="42.28150174"><ele>1687.670</ele><time>2026-09-13T12:44:58Z</time><speed>0.980</speed><sat>30</sat></trkpt>
  <trkpt lat="38.50208883" lon="42.28149579"><ele>1688.029</ele><time>2026-09-13T12:44:59Z</time><speed>1.040</speed><sat>31</sat></trkpt>
  <trkpt lat="38.50207711" lon="42.28148943"><ele>1687.961</ele><time>2026-09-13T12:45:00Z</time><speed>1.170</speed><sat>31</sat></trkpt>
  <trkpt lat="38.50207126" lon="42.28148568"><ele>1688.471</ele><time>2026-09-13T12:45:01Z</time><speed>0.000</speed><sat>30</sat></trkpt>
  <trkpt lat="38.50206898" lon="42.28148008"><ele>1688.485</ele><time>2026-09-13T12:45:02Z</time><speed>0.000</speed><sat>30</sat></trkpt>
  <trkpt lat="38.50206806" lon="42.28147733"><ele>1688.490</ele><time>2026-09-13T12:45:03Z</time><speed>0.000</speed><sat>31</sat></trkpt>
  <trkpt lat="38.50206722" lon="42.28147560"><ele>1688.875</ele><time>2026-09-13T12:45:04Z</time><speed>0.590</speed><sat>31</sat></trkpt>
  <trkpt lat="38.50206184" lon="42.28147340"><ele>1688.929</ele><time>2026-09-13T12:45:05Z</time><speed>0.670</speed><sat>29</sat></trkpt>
  <trkpt lat="38.50205355" lon="42.28147531"><ele>1688.552</ele><time>2026-09-13T12:45:06Z</time><speed>1.350</speed><sat>29</sat></trkpt>
  <trkpt lat="38.50204304" lon="42.28147207"><ele>1688.316</ele><time>2026-09-13T12:45:07Z</time><speed>1.100</speed><sat>30</sat></trkpt>
  <trkpt lat="38.50203266" lon="42.28146492"><ele>1687.737</ele><time>2026-09-13T12:45:08Z</time><speed>1.180</speed><sat>32</sat></trkpt>
  <trkpt lat="38.50202181" lon="42.28145549"><ele>1687.017</ele><time>2026-09-13T12:45:09Z</time><speed>1.140</speed><sat>32</sat></trkpt>
  <trkpt lat="38.50201100" lon="42.28144499"><ele>1688.170</ele><time>2026-09-13T12:45:10Z</time><speed>1.290</speed><sat>32</sat></trkpt>
  <trkpt lat="38.50199878" lon="42.28143620"><ele>1688.619</ele><time>2026-09-13T12:45:11Z</time><speed>1.260</speed><sat>32</sat></trkpt>
  <trkpt lat="38.50198516" lon="42.28143050"><ele>1688.108</ele><time>2026-09-13T12:45:12Z</time><speed>1.320</speed><sat>31</sat></trkpt>
  <trkpt lat="38.50197257" lon="42.28143016"><ele>1689.344</ele><time>2026-09-13T12:45:13Z</time><speed>1.400</speed><sat>31</sat></trkpt>
  <trkpt lat="38.50195974" lon="42.28143209"><ele>1689.135</ele><time>2026-09-13T12:45:14Z</time><speed>1.470</speed><sat>31</sat></trkpt>
  <trkpt lat="38.50194603" lon="42.28143529"><ele>1689.641</ele><time>2026-09-13T12:45:15Z</time><speed>1.540</speed><sat>31</sat></trkpt>
  <trkpt lat="38.50193247" lon="42.28143838"><ele>1689.823</ele><time>2026-09-13T12:45:16Z</time><speed>1.350</speed><sat>31</sat></trkpt>
  <trkpt lat="38.50191981" lon="42.28144218"><ele>1690.217</ele><time>2026-09-13T12:45:17Z</time><speed>1.440</speed><sat>31</sat></trkpt>
  <trkpt lat="38.50191156" lon="42.28144438"><ele>1689.552</ele><time>2026-09-13T12:45:18Z</time><speed>0.370</speed><sat>31</sat></trkpt>
  <trkpt lat="38.50190537" lon="42.28144594"><ele>1689.230</ele><time>2026-09-13T12:45:19Z</time><speed>0.630</speed><sat>31</sat></trkpt>
  <trkpt lat="38.50189858" lon="42.28144702"><ele>1689.636</ele><time>2026-09-13T12:45:20Z</time><speed>0.500</speed><sat>31</sat></trkpt>
  <trkpt lat="38.50188667" lon="42.28144941"><ele>1689.439</ele><time>2026-09-13T12:45:21Z</time><speed>1.570</speed><sat>31</sat></trkpt>
  <trkpt lat="38.50187461" lon="42.28145225"><ele>1689.755</ele><time>2026-09-13T12:45:22Z</time><speed>0.670</speed><sat>31</sat></trkpt>
  <trkpt lat="38.50186116" lon="42.28145668"><ele>1689.892</ele><time>2026-09-13T12:45:23Z</time><speed>1.610</speed><sat>31</sat></trkpt>
  <trkpt lat="38.50184671" lon="42.28146480"><ele>1689.976</ele><time>2026-09-13T12:45:24Z</time><speed>1.370</speed><sat>31</sat></trkpt>
  <trkpt lat="38.50183490" lon="42.28147379"><ele>1690.640</ele><time>2026-09-13T12:45:25Z</time><speed>1.270</speed><sat>32</sat></trkpt>
  <trkpt lat="38.50182367" lon="42.28148200"><ele>1690.808</ele><time>2026-09-13T12:45:26Z</time><speed>1.130</speed><sat>32</sat></trkpt>
  <trkpt lat="38.50181254" lon="42.28148759"><ele>1690.667</ele><time>2026-09-13T12:45:27Z</time><speed>0.720</speed><sat>32</sat></trkpt>
  <trkpt lat="38.50180056" lon="42.28149213"><ele>1690.293</ele><time>2026-09-13T12:45:28Z</time><speed>1.230</speed><sat>30</sat></trkpt>
  <trkpt lat="38.50178547" lon="42.28149683"><ele>1690.585</ele><time>2026-09-13T12:45:29Z</time><speed>1.520</speed><sat>30</sat></trkpt>
  <trkpt lat="38.50177124" lon="42.28150712"><ele>1690.629</ele><time>2026-09-13T12:45:30Z</time><speed>1.540</speed><sat>29</sat></trkpt>
  <trkpt lat="38.50175518" lon="42.28151707"><ele>1690.981</ele><time>2026-09-13T12:45:31Z</time><speed>1.680</speed><sat>29</sat></trkpt>
  <trkpt lat="38.50173942" lon="42.28152547"><ele>1689.676</ele><time>2026-09-13T12:45:32Z</time><speed>1.810</speed><sat>28</sat></trkpt>
  <trkpt lat="38.50172476" lon="42.28152964"><ele>1689.602</ele><time>2026-09-13T12:45:33Z</time><speed>1.480</speed><sat>27</sat></trkpt>
  <trkpt lat="38.50171049" lon="42.28153351"><ele>1690.310</ele><time>2026-09-13T12:45:34Z</time><speed>1.690</speed><sat>26</sat></trkpt>
  <trkpt lat="38.50169541" lon="42.28154073"><ele>1691.033</ele><time>2026-09-13T12:45:35Z</time><speed>1.790</speed><sat>27</sat></trkpt>
  <trkpt lat="38.50168173" lon="42.28155134"><ele>1690.673</ele><time>2026-09-13T12:45:36Z</time><speed>1.750</speed><sat>27</sat></trkpt>
  <trkpt lat="38.50166943" lon="42.28156444"><ele>1690.545</ele><time>2026-09-13T12:45:37Z</time><speed>1.730</speed><sat>23</sat></trkpt>
  <trkpt lat="38.50165880" lon="42.28157611"><ele>1690.883</ele><time>2026-09-13T12:45:38Z</time><speed>1.440</speed><sat>26</sat></trkpt>
  <trkpt lat="38.50164739" lon="42.28158573"><ele>1691.860</ele><time>2026-09-13T12:45:39Z</time><speed>1.550</speed><sat>26</sat></trkpt>
  <trkpt lat="38.50163671" lon="42.28159651"><ele>1692.364</ele><time>2026-09-13T12:45:40Z</time><speed>1.500</speed><sat>27</sat></trkpt>
  <trkpt lat="38.50162594" lon="42.28160730"><ele>1692.715</ele><time>2026-09-13T12:45:41Z</time><speed>1.580</speed><sat>27</sat></trkpt>
  <trkpt lat="38.50161417" lon="42.28161823"><ele>1692.312</ele><time>2026-09-13T12:45:42Z</time><speed>1.640</speed><sat>27</sat></trkpt>
  <trkpt lat="38.50160121" lon="42.28162855"><ele>1692.487</ele><time>2026-09-13T12:45:43Z</time><speed>1.740</speed><sat>27</sat></trkpt>
  <trkpt lat="38.50158723" lon="42.28163855"><ele>1692.962</ele><time>2026-09-13T12:45:44Z</time><speed>1.810</speed><sat>27</sat></trkpt>
  <trkpt lat="38.50157212" lon="42.28164470"><ele>1693.890</ele><time>2026-09-13T12:45:45Z</time><speed>1.740</speed><sat>28</sat></trkpt>
  <trkpt lat="38.50155635" lon="42.28165002"><ele>1694.305</ele><time>2026-09-13T12:45:46Z</time><speed>1.860</speed><sat>31</sat></trkpt>
  <trkpt lat="38.50154136" lon="42.28165615"><ele>1693.694</ele><time>2026-09-13T12:45:47Z</time><speed>1.670</speed><sat>31</sat></trkpt>
  <trkpt lat="38.50152695" lon="42.28166345"><ele>1693.592</ele><time>2026-09-13T12:45:48Z</time><speed>1.790</speed><sat>31</sat></trkpt>
  <trkpt lat="38.50151337" lon="42.28167237"><ele>1693.794</ele><time>2026-09-13T12:45:49Z</time><speed>1.780</speed><sat>31</sat></trkpt>
  <trkpt lat="38.50150061" lon="42.28168233"><ele>1694.117</ele><time>2026-09-13T12:45:50Z</time><speed>1.750</speed><sat>31</sat></trkpt>
  <trkpt lat="38.50149086" lon="42.28169554"><ele>1694.052</ele><time>2026-09-13T12:45:51Z</time><speed>1.640</speed><sat>30</sat></trkpt>
  <trkpt lat="38.50148164" lon="42.28170821"><ele>1694.029</ele><time>2026-09-13T12:45:52Z</time><speed>1.540</speed><sat>28</sat></trkpt>
  <trkpt lat="38.50147179" lon="42.28172036"><ele>1694.000</ele><time>2026-09-13T12:45:53Z</time><speed>1.600</speed><sat>28</sat></trkpt>
  <trkpt lat="38.50146091" lon="42.28173129"><ele>1694.067</ele><time>2026-09-13T12:45:54Z</time><speed>1.610</speed><sat>27</sat></trkpt>
  <trkpt lat="38.50144993" lon="42.28174195"><ele>1693.673</ele><time>2026-09-13T12:45:55Z</time><speed>1.710</speed><sat>28</sat></trkpt>
  <trkpt lat="38.50144005" lon="42.28175396"><ele>1693.392</ele><time>2026-09-13T12:45:56Z</time><speed>1.620</speed><sat>28</sat></trkpt>
  <trkpt lat="38.50143079" lon="42.28176309"><ele>1693.770</ele><time>2026-09-13T12:45:57Z</time><speed>1.440</speed><sat>28</sat></trkpt>
  <trkpt lat="38.50142009" lon="42.28176979"><ele>1694.316</ele><time>2026-09-13T12:45:58Z</time><speed>1.600</speed><sat>29</sat></trkpt>
  <trkpt lat="38.50141003" lon="42.28177335"><ele>1694.259</ele><time>2026-09-13T12:45:59Z</time><speed>1.180</speed><sat>29</sat></trkpt>
  <trkpt lat="38.50140225" lon="42.28177450"><ele>1693.928</ele><time>2026-09-13T12:46:00Z</time><speed>0.670</speed><sat>29</sat></trkpt>
  <trkpt lat="38.50139295" lon="42.28177657"><ele>1694.042</ele><time>2026-09-13T12:46:01Z</time><speed>1.280</speed><sat>29</sat></trkpt>
  <trkpt lat="38.50138319" lon="42.28177733"><ele>1694.693</ele><time>2026-09-13T12:46:02Z</time><speed>1.080</speed><sat>31</sat></trkpt>
  <trkpt lat="38.50137233" lon="42.28177772"><ele>1695.009</ele><time>2026-09-13T12:46:03Z</time><speed>1.360</speed><sat>31</sat></trkpt>
  <trkpt lat="38.50136104" lon="42.28177784"><ele>1694.722</ele><time>2026-09-13T12:46:04Z</time><speed>1.260</speed><sat>30</sat></trkpt>
  <trkpt lat="38.50135065" lon="42.28177829"><ele>1694.690</ele><time>2026-09-13T12:46:05Z</time><speed>1.260</speed><sat>30</sat></trkpt>
  <trkpt lat="38.50134129" lon="42.28178090"><ele>1694.978</ele><time>2026-09-13T12:46:06Z</time><speed>1.220</speed><sat>30</sat></trkpt>
  <trkpt lat="38.50133164" lon="42.28178281"><ele>1695.018</ele><time>2026-09-13T12:46:07Z</time><speed>1.220</speed><sat>30</sat></trkpt>
  <trkpt lat="38.50132181" lon="42.28178389"><ele>1695.224</ele><time>2026-09-13T12:46:08Z</time><speed>1.160</speed><sat>28</sat></trkpt>
  <trkpt lat="38.50131269" lon="42.28178490"><ele>1694.660</ele><time>2026-09-13T12:46:09Z</time><speed>1.170</speed><sat>27</sat></trkpt>
  <trkpt lat="38.50130326" lon="42.28178528"><ele>1694.287</ele><time>2026-09-13T12:46:10Z</time><speed>1.110</speed><sat>27</sat></trkpt>
  <trkpt lat="38.50129271" lon="42.28178716"><ele>1694.064</ele><time>2026-09-13T12:46:11Z</time><speed>1.420</speed><sat>27</sat></trkpt>
  <trkpt lat="38.50128070" lon="42.28179029"><ele>1693.865</ele><time>2026-09-13T12:46:12Z</time><speed>1.470</speed><sat>26</sat></trkpt>
  <trkpt lat="38.50126851" lon="42.28179358"><ele>1693.950</ele><time>2026-09-13T12:46:13Z</time><speed>1.480</speed><sat>25</sat></trkpt>
  <trkpt lat="38.50126035" lon="42.28180118"><ele>1695.786</ele><time>2026-09-13T12:46:14Z</time><speed>0.690</speed><sat>25</sat></trkpt>
  <trkpt lat="38.50125327" lon="42.28180771"><ele>1697.490</ele><time>2026-09-13T12:46:15Z</time><speed>1.320</speed><sat>25</sat></trkpt>
  <trkpt lat="38.50124800" lon="42.28181414"><ele>1698.944</ele><time>2026-09-13T12:46:16Z</time><speed>0.530</speed><sat>24</sat></trkpt>
  <trkpt lat="38.50124036" lon="42.28182005"><ele>1698.691</ele><time>2026-09-13T12:46:17Z</time><speed>1.480</speed><sat>25</sat></trkpt>
  <trkpt lat="38.50122753" lon="42.28182437"><ele>1699.240</ele><time>2026-09-13T12:46:18Z</time><speed>1.690</speed><sat>25</sat></trkpt>
  <trkpt lat="38.50121444" lon="42.28182375"><ele>1698.554</ele><time>2026-09-13T12:46:19Z</time><speed>1.490</speed><sat>26</sat></trkpt>
  <trkpt lat="38.50120250" lon="42.28182128"><ele>1698.398</ele><time>2026-09-13T12:46:20Z</time><speed>1.420</speed><sat>26</sat></trkpt>
  <trkpt lat="38.50119179" lon="42.28182087"><ele>1698.842</ele><time>2026-09-13T12:46:21Z</time><speed>1.330</speed><sat>26</sat></trkpt>
  <trkpt lat="38.50118227" lon="42.28182607"><ele>1698.310</ele><time>2026-09-13T12:46:22Z</time><speed>1.250</speed><sat>26</sat></trkpt>
  <trkpt lat="38.50117524" lon="42.28183349"><ele>1698.120</ele><time>2026-09-13T12:46:23Z</time><speed>1.060</speed><sat>25</sat></trkpt>
  <trkpt lat="38.50116990" lon="42.28183848"><ele>1698.187</ele><time>2026-09-13T12:46:24Z</time><speed>0.660</speed><sat>25</sat></trkpt>
  <trkpt lat="38.50116291" lon="42.28184235"><ele>1698.396</ele><time>2026-09-13T12:46:25Z</time><speed>1.170</speed><sat>27</sat></trkpt>
  <trkpt lat="38.50115120" lon="42.28184877"><ele>1698.083</ele><time>2026-09-13T12:46:26Z</time><speed>1.710</speed><sat>28</sat></trkpt>
  <trkpt lat="38.50113813" lon="42.28185789"><ele>1698.346</ele><time>2026-09-13T12:46:27Z</time><speed>1.720</speed><sat>28</sat></trkpt>
  <trkpt lat="38.50112694" lon="42.28186739"><ele>1698.358</ele><time>2026-09-13T12:46:28Z</time><speed>1.540</speed><sat>28</sat></trkpt>
  <trkpt lat="38.50111689" lon="42.28187582"><ele>1698.392</ele><time>2026-09-13T12:46:29Z</time><speed>1.490</speed><sat>28</sat></trkpt>
  <trkpt lat="38.50110779" lon="42.28188369"><ele>1698.654</ele><time>2026-09-13T12:46:30Z</time><speed>1.410</speed><sat>27</sat></trkpt>
  <trkpt lat="38.50110625" lon="42.28188565"><ele>1697.235</ele><time>2026-09-13T12:46:31Z</time><speed>0.360</speed><sat>24</sat></trkpt>
  <trkpt lat="38.50110346" lon="42.28188648"><ele>1696.283</ele><time>2026-09-13T12:46:32Z</time><speed>0.720</speed><sat>22</sat></trkpt>
  <trkpt lat="38.50109661" lon="42.28188911"><ele>1696.447</ele><time>2026-09-13T12:46:33Z</time><speed>1.080</speed><sat>25</sat></trkpt>
  <trkpt lat="38.50108862" lon="42.28189326"><ele>1696.643</ele><time>2026-09-13T12:46:34Z</time><speed>1.300</speed><sat>25</sat></trkpt>
  <trkpt lat="38.50107800" lon="42.28190054"><ele>1697.287</ele><time>2026-09-13T12:46:35Z</time><speed>1.500</speed><sat>26</sat></trkpt>
  <trkpt lat="38.50106650" lon="42.28190816"><ele>1698.684</ele><time>2026-09-13T12:46:36Z</time><speed>1.440</speed><sat>26</sat></trkpt>
  <trkpt lat="38.50105648" lon="42.28191389"><ele>1698.635</ele><time>2026-09-13T12:46:37Z</time><speed>0.990</speed><sat>28</sat></trkpt>
  <trkpt lat="38.50104626" lon="42.28192101"><ele>1699.263</ele><time>2026-09-13T12:46:38Z</time><speed>1.500</speed><sat>27</sat></trkpt>
  <trkpt lat="38.50103622" lon="42.28193425"><ele>1699.696</ele><time>2026-09-13T12:46:39Z</time><speed>1.540</speed><sat>26</sat></trkpt>
  <trkpt lat="38.50102767" lon="42.28194518"><ele>1700.164</ele><time>2026-09-13T12:46:40Z</time><speed>1.000</speed><sat>26</sat></trkpt>
  <trkpt lat="38.50102096" lon="42.28195690"><ele>1699.662</ele><time>2026-09-13T12:46:41Z</time><speed>1.040</speed><sat>26</sat></trkpt>
  <trkpt lat="38.50101529" lon="42.28197055"><ele>1699.115</ele><time>2026-09-13T12:46:42Z</time><speed>1.250</speed><sat>26</sat></trkpt>
  <trkpt lat="38.50100755" lon="42.28198511"><ele>1698.620</ele><time>2026-09-13T12:46:43Z</time><speed>1.490</speed><sat>25</sat></trkpt>
  <trkpt lat="38.50099990" lon="42.28200053"><ele>1697.167</ele><time>2026-09-13T12:46:44Z</time><speed>1.420</speed><sat>26</sat></trkpt>
  <trkpt lat="38.50099055" lon="42.28201630"><ele>1697.253</ele><time>2026-09-13T12:46:45Z</time><speed>1.650</speed><sat>28</sat></trkpt>
  <trkpt lat="38.50097948" lon="42.28202918"><ele>1697.178</ele><time>2026-09-13T12:46:46Z</time><speed>1.380</speed><sat>29</sat></trkpt>
  <trkpt lat="38.50096896" lon="42.28204034"><ele>1697.560</ele><time>2026-09-13T12:46:47Z</time><speed>1.270</speed><sat>28</sat></trkpt>
  <trkpt lat="38.50095687" lon="42.28205182"><ele>1696.971</ele><time>2026-09-13T12:46:48Z</time><speed>1.430</speed><sat>28</sat></trkpt>
  <trkpt lat="38.50094649" lon="42.28206386"><ele>1696.095</ele><time>2026-09-13T12:46:49Z</time><speed>1.110</speed><sat>28</sat></trkpt>
  <trkpt lat="38.50093842" lon="42.28207599"><ele>1696.016</ele><time>2026-09-13T12:46:50Z</time><speed>1.180</speed><sat>27</sat></trkpt>
  <trkpt lat="38.50093061" lon="42.28208320"><ele>1696.783</ele><time>2026-09-13T12:46:51Z</time><speed>0.580</speed><sat>27</sat></trkpt>
  <trkpt lat="38.50092228" lon="42.28208674"><ele>1696.767</ele><time>2026-09-13T12:46:52Z</time><speed>0.560</speed><sat>27</sat></trkpt>
  <trkpt lat="38.50091051" lon="42.28208681"><ele>1697.530</ele><time>2026-09-13T12:46:53Z</time><speed>0.730</speed><sat>28</sat></trkpt>
  <trkpt lat="38.50089673" lon="42.28208709"><ele>1697.595</ele><time>2026-09-13T12:46:54Z</time><speed>1.080</speed><sat>28</sat></trkpt>
  <trkpt lat="38.50087997" lon="42.28208876"><ele>1697.277</ele><time>2026-09-13T12:46:55Z</time><speed>1.340</speed><sat>28</sat></trkpt>
  <trkpt lat="38.50086387" lon="42.28209118"><ele>1696.864</ele><time>2026-09-13T12:46:56Z</time><speed>1.200</speed><sat>29</sat></trkpt>
  <trkpt lat="38.50084765" lon="42.28209524"><ele>1696.466</ele><time>2026-09-13T12:46:57Z</time><speed>1.440</speed><sat>29</sat></trkpt>
  <trkpt lat="38.50083023" lon="42.28210128"><ele>1696.904</ele><time>2026-09-13T12:46:58Z</time><speed>1.550</speed><sat>29</sat></trkpt>
  <trkpt lat="38.50081253" lon="42.28210870"><ele>1697.156</ele><time>2026-09-13T12:46:59Z</time><speed>1.600</speed><sat>28</sat></trkpt>
  <trkpt lat="38.50079645" lon="42.28211507"><ele>1696.455</ele><time>2026-09-13T12:47:00Z</time><speed>1.530</speed><sat>28</sat></trkpt>
  <trkpt lat="38.50078044" lon="42.28212049"><ele>1696.470</ele><time>2026-09-13T12:47:01Z</time><speed>1.560</speed><sat>29</sat></trkpt>
  <trkpt lat="38.50076504" lon="42.28212698"><ele>1696.556</ele><time>2026-09-13T12:47:02Z</time><speed>1.620</speed><sat>29</sat></trkpt>
  <trkpt lat="38.50075078" lon="42.28213348"><ele>1696.496</ele><time>2026-09-13T12:47:03Z</time><speed>1.500</speed><sat>27</sat></trkpt>
  <trkpt lat="38.50073456" lon="42.28214056"><ele>1696.327</ele><time>2026-09-13T12:47:04Z</time><speed>1.620</speed><sat>28</sat></trkpt>
  <trkpt lat="38.50071924" lon="42.28214766"><ele>1696.033</ele><time>2026-09-13T12:47:05Z</time><speed>1.220</speed><sat>29</sat></trkpt>
  <trkpt lat="38.50070492" lon="42.28215472"><ele>1696.525</ele><time>2026-09-13T12:47:06Z</time><speed>1.470</speed><sat>30</sat></trkpt>
  <trkpt lat="38.50069078" lon="42.28216230"><ele>1697.128</ele><time>2026-09-13T12:47:07Z</time><speed>1.280</speed><sat>31</sat></trkpt>
  <trkpt lat="38.50067761" lon="42.28216988"><ele>1697.112</ele><time>2026-09-13T12:47:08Z</time><speed>1.310</speed><sat>31</sat></trkpt>
  <trkpt lat="38.50066375" lon="42.28217633"><ele>1697.186</ele><time>2026-09-13T12:47:09Z</time><speed>1.150</speed><sat>31</sat></trkpt>
  <trkpt lat="38.50064733" lon="42.28218043"><ele>1696.939</ele><time>2026-09-13T12:47:10Z</time><speed>1.430</speed><sat>30</sat></trkpt>
  <trkpt lat="38.50063049" lon="42.28218491"><ele>1697.199</ele><time>2026-09-13T12:47:11Z</time><speed>1.410</speed><sat>30</sat></trkpt>
  <trkpt lat="38.50061521" lon="42.28219098"><ele>1697.587</ele><time>2026-09-13T12:47:12Z</time><speed>1.440</speed><sat>29</sat></trkpt>
  <trkpt lat="38.50059794" lon="42.28219561"><ele>1698.212</ele><time>2026-09-13T12:47:13Z</time><speed>1.340</speed><sat>28</sat></trkpt>
  <trkpt lat="38.50057966" lon="42.28219613"><ele>1697.667</ele><time>2026-09-13T12:47:14Z</time><speed>1.360</speed><sat>27</sat></trkpt>
  <trkpt lat="38.50056077" lon="42.28219541"><ele>1698.145</ele><time>2026-09-13T12:47:15Z</time><speed>1.400</speed><sat>27</sat></trkpt>
  <trkpt lat="38.50054304" lon="42.28219196"><ele>1697.735</ele><time>2026-09-13T12:47:16Z</time><speed>1.460</speed><sat>27</sat></trkpt>
  <trkpt lat="38.50052852" lon="42.28218934"><ele>1697.770</ele><time>2026-09-13T12:47:17Z</time><speed>1.040</speed><sat>27</sat></trkpt>
  <trkpt lat="38.50051593" lon="42.28219036"><ele>1699.243</ele><time>2026-09-13T12:47:18Z</time><speed>1.050</speed><sat>27</sat></trkpt>
  <trkpt lat="38.50049816" lon="42.28219885"><ele>1699.914</ele><time>2026-09-13T12:47:19Z</time><speed>2.060</speed><sat>28</sat></trkpt>
  <trkpt lat="38.50048179" lon="42.28221143"><ele>1699.662</ele><time>2026-09-13T12:47:20Z</time><speed>1.360</speed><sat>29</sat></trkpt>
  <trkpt lat="38.50047280" lon="42.28222489"><ele>1699.419</ele><time>2026-09-13T12:47:21Z</time><speed>0.730</speed><sat>32</sat></trkpt>
  <trkpt lat="38.50046368" lon="42.28223825"><ele>1698.896</ele><time>2026-09-13T12:47:22Z</time><speed>1.160</speed><sat>32</sat></trkpt>
  <trkpt lat="38.50045422" lon="42.28225014"><ele>1699.375</ele><time>2026-09-13T12:47:23Z</time><speed>1.020</speed><sat>32</sat></trkpt>
  <trkpt lat="38.50044589" lon="42.28226177"><ele>1697.654</ele><time>2026-09-13T12:47:24Z</time><speed>1.030</speed><sat>32</sat></trkpt>
  <trkpt lat="38.50043944" lon="42.28227460"><ele>1696.373</ele><time>2026-09-13T12:47:25Z</time><speed>0.620</speed><sat>31</sat></trkpt>
  <trkpt lat="38.50043315" lon="42.28228965"><ele>1695.106</ele><time>2026-09-13T12:47:26Z</time><speed>1.280</speed><sat>30</sat></trkpt>
  <trkpt lat="38.50042753" lon="42.28230852"><ele>1692.131</ele><time>2026-09-13T12:47:27Z</time><speed>1.110</speed><sat>30</sat></trkpt>
  <trkpt lat="38.50042012" lon="42.28232744"><ele>1692.443</ele><time>2026-09-13T12:47:28Z</time><speed>1.510</speed><sat>31</sat></trkpt>
  <trkpt lat="38.50041353" lon="42.28234424"><ele>1692.708</ele><time>2026-09-13T12:47:29Z</time><speed>0.980</speed><sat>31</sat></trkpt>
  <trkpt lat="38.50040908" lon="42.28236055"><ele>1692.282</ele><time>2026-09-13T12:47:30Z</time><speed>1.370</speed><sat>31</sat></trkpt>
  <trkpt lat="38.50040221" lon="42.28237587"><ele>1692.716</ele><time>2026-09-13T12:47:31Z</time><speed>1.370</speed><sat>31</sat></trkpt>
  <trkpt lat="38.50039346" lon="42.28238959"><ele>1693.138</ele><time>2026-09-13T12:47:32Z</time><speed>1.560</speed><sat>31</sat></trkpt>
  <trkpt lat="38.50038414" lon="42.28240108"><ele>1692.362</ele><time>2026-09-13T12:47:33Z</time><speed>1.420</speed><sat>31</sat></trkpt>
  <trkpt lat="38.50037556" lon="42.28241069"><ele>1692.473</ele><time>2026-09-13T12:47:34Z</time><speed>1.330</speed><sat>30</sat></trkpt>
  <trkpt lat="38.50036873" lon="42.28241881"><ele>1692.707</ele><time>2026-09-13T12:47:35Z</time><speed>0.700</speed><sat>30</sat></trkpt>
  <trkpt lat="38.50036235" lon="42.28242621"><ele>1693.856</ele><time>2026-09-13T12:47:36Z</time><speed>1.050</speed><sat>30</sat></trkpt>
  <trkpt lat="38.50035526" lon="42.28243334"><ele>1693.819</ele><time>2026-09-13T12:47:37Z</time><speed>0.720</speed><sat>29</sat></trkpt>
  <trkpt lat="38.50034413" lon="42.28243925"><ele>1692.991</ele><time>2026-09-13T12:47:38Z</time><speed>1.520</speed><sat>29</sat></trkpt>
  <trkpt lat="38.50033021" lon="42.28244820"><ele>1692.960</ele><time>2026-09-13T12:47:39Z</time><speed>1.730</speed><sat>28</sat></trkpt>
  <trkpt lat="38.50031713" lon="42.28245888"><ele>1692.473</ele><time>2026-09-13T12:47:40Z</time><speed>1.780</speed><sat>28</sat></trkpt>
  <trkpt lat="38.50030724" lon="42.28246965"><ele>1693.052</ele><time>2026-09-13T12:47:41Z</time><speed>1.270</speed><sat>28</sat></trkpt>
  <trkpt lat="38.50030072" lon="42.28247738"><ele>1692.508</ele><time>2026-09-13T12:47:42Z</time><speed>1.070</speed><sat>28</sat></trkpt>
  <trkpt lat="38.50029420" lon="42.28248368"><ele>1692.578</ele><time>2026-09-13T12:47:43Z</time><speed>1.100</speed><sat>30</sat></trkpt>
  <trkpt lat="38.50028916" lon="42.28249041"><ele>1692.720</ele><time>2026-09-13T12:47:44Z</time><speed>0.580</speed><sat>30</sat></trkpt>
  <trkpt lat="38.50028642" lon="42.28249749"><ele>1692.757</ele><time>2026-09-13T12:47:45Z</time><speed>0.510</speed><sat>29</sat></trkpt>
  <trkpt lat="38.50028118" lon="42.28250552"><ele>1692.103</ele><time>2026-09-13T12:47:46Z</time><speed>0.880</speed><sat>29</sat></trkpt>
  <trkpt lat="38.50027627" lon="42.28251661"><ele>1691.262</ele><time>2026-09-13T12:47:47Z</time><speed>0.980</speed><sat>31</sat></trkpt>
  <trkpt lat="38.50027147" lon="42.28252842"><ele>1690.944</ele><time>2026-09-13T12:47:48Z</time><speed>1.030</speed><sat>31</sat></trkpt>
  <trkpt lat="38.50026651" lon="42.28254062"><ele>1690.364</ele><time>2026-09-13T12:47:49Z</time><speed>1.020</speed><sat>28</sat></trkpt>
  <trkpt lat="38.50026223" lon="42.28255224"><ele>1688.948</ele><time>2026-09-13T12:47:50Z</time><speed>0.950</speed><sat>29</sat></trkpt>
  <trkpt lat="38.50025781" lon="42.28256313"><ele>1687.698</ele><time>2026-09-13T12:47:51Z</time><speed>0.960</speed><sat>29</sat></trkpt>
  <trkpt lat="38.50025336" lon="42.28257154"><ele>1687.445</ele><time>2026-09-13T12:47:52Z</time><speed>0.550</speed><sat>29</sat></trkpt>
  <trkpt lat="38.50024811" lon="42.28257736"><ele>1687.336</ele><time>2026-09-13T12:47:53Z</time><speed>0.720</speed><sat>27</sat></trkpt>
  <trkpt lat="38.50024298" lon="42.28258516"><ele>1686.826</ele><time>2026-09-13T12:47:54Z</time><speed>1.020</speed><sat>27</sat></trkpt>
  <trkpt lat="38.50023934" lon="42.28259139"><ele>1685.683</ele><time>2026-09-13T12:47:55Z</time><speed>0.390</speed><sat>27</sat></trkpt>
  <trkpt lat="38.50023765" lon="42.28259606"><ele>1685.363</ele><time>2026-09-13T12:47:56Z</time><speed>0.240</speed><sat>26</sat></trkpt>
  <trkpt lat="38.50023334" lon="42.28260152"><ele>1687.134</ele><time>2026-09-13T12:47:57Z</time><speed>0.800</speed><sat>26</sat></trkpt>
  <trkpt lat="38.50022478" lon="42.28260605"><ele>1688.022</ele><time>2026-09-13T12:47:58Z</time><speed>1.140</speed><sat>28</sat></trkpt>
  <trkpt lat="38.50021323" lon="42.28260936"><ele>1687.792</ele><time>2026-09-13T12:47:59Z</time><speed>1.470</speed><sat>29</sat></trkpt>
  <trkpt lat="38.50020057" lon="42.28261141"><ele>1687.912</ele><time>2026-09-13T12:48:00Z</time><speed>1.450</speed><sat>29</sat></trkpt>
  <trkpt lat="38.50018717" lon="42.28261913"><ele>1687.401</ele><time>2026-09-13T12:48:01Z</time><speed>1.400</speed><sat>28</sat></trkpt>
  <trkpt lat="38.50017290" lon="42.28262939"><ele>1687.780</ele><time>2026-09-13T12:48:02Z</time><speed>1.470</speed><sat>28</sat></trkpt>
  <trkpt lat="38.50016042" lon="42.28263701"><ele>1688.535</ele><time>2026-09-13T12:48:03Z</time><speed>1.080</speed><sat>28</sat></trkpt>
  <trkpt lat="38.50015068" lon="42.28264096"><ele>1689.872</ele><time>2026-09-13T12:48:04Z</time><speed>0.670</speed><sat>27</sat></trkpt>
  <trkpt lat="38.50014130" lon="42.28264553"><ele>1690.190</ele><time>2026-09-13T12:48:05Z</time><speed>0.750</speed><sat>27</sat></trkpt>
  <trkpt lat="38.50012749" lon="42.28265255"><ele>1690.524</ele><time>2026-09-13T12:48:06Z</time><speed>1.630</speed><sat>27</sat></trkpt>
  <trkpt lat="38.50011094" lon="42.28265892"><ele>1690.668</ele><time>2026-09-13T12:48:07Z</time><speed>1.510</speed><sat>27</sat></trkpt>
  <trkpt lat="38.50009707" lon="42.28266216"><ele>1691.096</ele><time>2026-09-13T12:48:08Z</time><speed>0.990</speed><sat>27</sat></trkpt>
  <trkpt lat="38.50008738" lon="42.28266363"><ele>1691.799</ele><time>2026-09-13T12:48:09Z</time><speed>0.520</speed><sat>27</sat></trkpt>
  <trkpt lat="38.50007718" lon="42.28266667"><ele>1692.315</ele><time>2026-09-13T12:48:10Z</time><speed>0.830</speed><sat>28</sat></trkpt>
  <trkpt lat="38.50006409" lon="42.28267563"><ele>1692.365</ele><time>2026-09-13T12:48:11Z</time><speed>1.490</speed><sat>27</sat></trkpt>
  <trkpt lat="38.50005137" lon="42.28268797"><ele>1692.151</ele><time>2026-09-13T12:48:12Z</time><speed>1.230</speed><sat>27</sat></trkpt>
  <trkpt lat="38.50003999" lon="42.28269701"><ele>1692.483</ele><time>2026-09-13T12:48:13Z</time><speed>1.180</speed><sat>27</sat></trkpt>
  <trkpt lat="38.50002869" lon="42.28270411"><ele>1693.221</ele><time>2026-09-13T12:48:14Z</time><speed>0.980</speed><sat>27</sat></trkpt>
  <trkpt lat="38.50001785" lon="42.28271034"><ele>1694.218</ele><time>2026-09-13T12:48:15Z</time><speed>1.070</speed><sat>27</sat></trkpt>
  <trkpt lat="38.50000318" lon="42.28271633"><ele>1694.717</ele><time>2026-09-13T12:48:16Z</time><speed>1.480</speed><sat>24</sat></trkpt>
  <trkpt lat="38.49998661" lon="42.28272489"><ele>1694.160</ele><time>2026-09-13T12:48:17Z</time><speed>1.680</speed><sat>26</sat></trkpt>
  <trkpt lat="38.49997022" lon="42.28273188"><ele>1693.609</ele><time>2026-09-13T12:48:18Z</time><speed>1.410</speed><sat>27</sat></trkpt>
  <trkpt lat="38.49995524" lon="42.28273757"><ele>1693.204</ele><time>2026-09-13T12:48:19Z</time><speed>1.340</speed><sat>27</sat></trkpt>
  <trkpt lat="38.49994161" lon="42.28274249"><ele>1692.889</ele><time>2026-09-13T12:48:20Z</time><speed>1.250</speed><sat>27</sat></trkpt>
  <trkpt lat="38.49992617" lon="42.28274970"><ele>1693.058</ele><time>2026-09-13T12:48:21Z</time><speed>1.660</speed><sat>27</sat></trkpt>
  <trkpt lat="38.49991202" lon="42.28275864"><ele>1692.570</ele><time>2026-09-13T12:48:22Z</time><speed>1.360</speed><sat>28</sat></trkpt>
  <trkpt lat="38.49989828" lon="42.28277111"><ele>1692.486</ele><time>2026-09-13T12:48:23Z</time><speed>1.570</speed><sat>28</sat></trkpt>
  <trkpt lat="38.49988510" lon="42.28278493"><ele>1692.307</ele><time>2026-09-13T12:48:24Z</time><speed>1.440</speed><sat>27</sat></trkpt>
  <trkpt lat="38.49987276" lon="42.28279944"><ele>1692.479</ele><time>2026-09-13T12:48:25Z</time><speed>1.450</speed><sat>27</sat></trkpt>
  <trkpt lat="38.49986394" lon="42.28281362"><ele>1692.434</ele><time>2026-09-13T12:48:26Z</time><speed>0.640</speed><sat>27</sat></trkpt>
  <trkpt lat="38.49985596" lon="42.28283026"><ele>1692.319</ele><time>2026-09-13T12:48:27Z</time><speed>1.450</speed><sat>27</sat></trkpt>
  <trkpt lat="38.49984768" lon="42.28284972"><ele>1692.714</ele><time>2026-09-13T12:48:28Z</time><speed>1.420</speed><sat>27</sat></trkpt>
  <trkpt lat="38.49984055" lon="42.28286525"><ele>1692.044</ele><time>2026-09-13T12:48:29Z</time><speed>0.560</speed><sat>26</sat></trkpt>
  <trkpt lat="38.49983230" lon="42.28287779"><ele>1692.092</ele><time>2026-09-13T12:48:30Z</time><speed>1.180</speed><sat>24</sat></trkpt>
  <trkpt lat="38.49982109" lon="42.28289417"><ele>1692.082</ele><time>2026-09-13T12:48:31Z</time><speed>1.520</speed><sat>24</sat></trkpt>
  <trkpt lat="38.49980663" lon="42.28291217"><ele>1691.909</ele><time>2026-09-13T12:48:32Z</time><speed>1.910</speed><sat>23</sat></trkpt>
  <trkpt lat="38.49979510" lon="42.28292845"><ele>1691.602</ele><time>2026-09-13T12:48:33Z</time><speed>1.310</speed><sat>22</sat></trkpt>
  <trkpt lat="38.49978515" lon="42.28294144"><ele>1691.796</ele><time>2026-09-13T12:48:34Z</time><speed>1.410</speed><sat>24</sat></trkpt>
  <trkpt lat="38.49977505" lon="42.28295410"><ele>1691.563</ele><time>2026-09-13T12:48:35Z</time><speed>1.430</speed><sat>24</sat></trkpt>
  <trkpt lat="38.49976606" lon="42.28296911"><ele>1691.320</ele><time>2026-09-13T12:48:36Z</time><speed>1.590</speed><sat>22</sat></trkpt>
  <trkpt lat="38.49975945" lon="42.28298696"><ele>1691.024</ele><time>2026-09-13T12:48:37Z</time><speed>1.600</speed><sat>21</sat></trkpt>
  <trkpt lat="38.49975601" lon="42.28300384"><ele>1691.375</ele><time>2026-09-13T12:48:38Z</time><speed>1.400</speed><sat>21</sat></trkpt>
  <trkpt lat="38.49974361" lon="42.28301361"><ele>1691.257</ele><time>2026-09-13T12:48:39Z</time><speed>1.060</speed><sat>23</sat></trkpt>
  <trkpt lat="38.49973002" lon="42.28301813"><ele>1690.149</ele><time>2026-09-13T12:48:40Z</time><speed>0.700</speed><sat>24</sat></trkpt>
  <trkpt lat="38.49971623" lon="42.28301960"><ele>1691.651</ele><time>2026-09-13T12:48:41Z</time><speed>0.690</speed><sat>24</sat></trkpt>
  <trkpt lat="38.49969816" lon="42.28302338"><ele>1691.829</ele><time>2026-09-13T12:48:42Z</time><speed>1.720</speed><sat>26</sat></trkpt>
  <trkpt lat="38.49967929" lon="42.28303178"><ele>1691.557</ele><time>2026-09-13T12:48:43Z</time><speed>1.700</speed><sat>27</sat></trkpt>
  <trkpt lat="38.49966070" lon="42.28304412"><ele>1691.514</ele><time>2026-09-13T12:48:44Z</time><speed>2.130</speed><sat>27</sat></trkpt>
  <trkpt lat="38.49964050" lon="42.28305258"><ele>1692.249</ele><time>2026-09-13T12:48:45Z</time><speed>1.750</speed><sat>27</sat></trkpt>
  <trkpt lat="38.49962469" lon="42.28305594"><ele>1691.253</ele><time>2026-09-13T12:48:46Z</time><speed>1.210</speed><sat>28</sat></trkpt>
  <trkpt lat="38.49960906" lon="42.28305521"><ele>1692.343</ele><time>2026-09-13T12:48:47Z</time><speed>1.290</speed><sat>29</sat></trkpt>
  <trkpt lat="38.49959469" lon="42.28305369"><ele>1692.745</ele><time>2026-09-13T12:48:48Z</time><speed>1.020</speed><sat>29</sat></trkpt>
  <trkpt lat="38.49958032" lon="42.28305247"><ele>1693.976</ele><time>2026-09-13T12:48:49Z</time><speed>1.380</speed><sat>31</sat></trkpt>
  <trkpt lat="38.49956586" lon="42.28305448"><ele>1695.685</ele><time>2026-09-13T12:48:50Z</time><speed>1.420</speed><sat>31</sat></trkpt>
  <trkpt lat="38.49955295" lon="42.28305420"><ele>1695.706</ele><time>2026-09-13T12:48:51Z</time><speed>0.960</speed><sat>32</sat></trkpt>
  <trkpt lat="38.49953870" lon="42.28305706"><ele>1695.573</ele><time>2026-09-13T12:48:52Z</time><speed>1.800</speed><sat>32</sat></trkpt>
  <trkpt lat="38.49952635" lon="42.28305918"><ele>1695.668</ele><time>2026-09-13T12:48:53Z</time><speed>0.630</speed><sat>32</sat></trkpt>
  <trkpt lat="38.49951132" lon="42.28305984"><ele>1695.593</ele><time>2026-09-13T12:48:54Z</time><speed>1.950</speed><sat>32</sat></trkpt>
  <trkpt lat="38.49949545" lon="42.28306215"><ele>1695.178</ele><time>2026-09-13T12:48:55Z</time><speed>1.270</speed><sat>32</sat></trkpt>
  <trkpt lat="38.49948141" lon="42.28306731"><ele>1695.290</ele><time>2026-09-13T12:48:56Z</time><speed>1.780</speed><sat>32</sat></trkpt>
  <trkpt lat="38.49946928" lon="42.28307156"><ele>1695.318</ele><time>2026-09-13T12:48:57Z</time><speed>1.170</speed><sat>31</sat></trkpt>
  <trkpt lat="38.49945904" lon="42.28307793"><ele>1695.168</ele><time>2026-09-13T12:48:58Z</time><speed>1.610</speed><sat>29</sat></trkpt>
  <trkpt lat="38.49944731" lon="42.28308564"><ele>1696.521</ele><time>2026-09-13T12:48:59Z</time><speed>1.550</speed><sat>29</sat></trkpt>
  <trkpt lat="38.49943776" lon="42.28308958"><ele>1696.383</ele><time>2026-09-13T12:49:00Z</time><speed>0.720</speed><sat>29</sat></trkpt>
  <trkpt lat="38.49943045" lon="42.28309134"><ele>1696.789</ele><time>2026-09-13T12:49:01Z</time><speed>0.620</speed><sat>30</sat></trkpt>
  <trkpt lat="38.49942291" lon="42.28309286"><ele>1697.383</ele><time>2026-09-13T12:49:02Z</time><speed>0.620</speed><sat>31</sat></trkpt>
  <trkpt lat="38.49941086" lon="42.28309535"><ele>1696.748</ele><time>2026-09-13T12:49:03Z</time><speed>1.460</speed><sat>31</sat></trkpt>
  <trkpt lat="38.49939690" lon="42.28310221"><ele>1696.401</ele><time>2026-09-13T12:49:04Z</time><speed>1.560</speed><sat>32</sat></trkpt>
  <trkpt lat="38.49938383" lon="42.28311227"><ele>1695.849</ele><time>2026-09-13T12:49:05Z</time><speed>1.550</speed><sat>32</sat></trkpt>
  <trkpt lat="38.49936708" lon="42.28312105"><ele>1696.375</ele><time>2026-09-13T12:49:06Z</time><speed>1.680</speed><sat>32</sat></trkpt>
  <trkpt lat="38.49934952" lon="42.28312689"><ele>1697.127</ele><time>2026-09-13T12:49:07Z</time><speed>1.420</speed><sat>31</sat></trkpt>
  <trkpt lat="38.49933301" lon="42.28312771"><ele>1695.839</ele><time>2026-09-13T12:49:08Z</time><speed>1.340</speed><sat>31</sat></trkpt>
  <trkpt lat="38.49931819" lon="42.28312939"><ele>1695.087</ele><time>2026-09-13T12:49:09Z</time><speed>1.270</speed><sat>32</sat></trkpt>
  <trkpt lat="38.49930286" lon="42.28313621"><ele>1694.823</ele><time>2026-09-13T12:49:10Z</time><speed>1.600</speed><sat>31</sat></trkpt>
  <trkpt lat="38.49928861" lon="42.28314241"><ele>1694.556</ele><time>2026-09-13T12:49:11Z</time><speed>1.120</speed><sat>31</sat></trkpt>
  <trkpt lat="38.49927418" lon="42.28314951"><ele>1693.802</ele><time>2026-09-13T12:49:12Z</time><speed>1.550</speed><sat>31</sat></trkpt>
  <trkpt lat="38.49925859" lon="42.28315793"><ele>1693.919</ele><time>2026-09-13T12:49:13Z</time><speed>1.530</speed><sat>31</sat></trkpt>
  <trkpt lat="38.49924373" lon="42.28316264"><ele>1695.977</ele><time>2026-09-13T12:49:14Z</time><speed>1.430</speed><sat>30</sat></trkpt>
  <trkpt lat="38.49922864" lon="42.28316440"><ele>1696.762</ele><time>2026-09-13T12:49:15Z</time><speed>1.390</speed><sat>27</sat></trkpt>
  <trkpt lat="38.49921571" lon="42.28316548"><ele>1696.676</ele><time>2026-09-13T12:49:16Z</time><speed>1.050</speed><sat>29</sat></trkpt>
  <trkpt lat="38.49920111" lon="42.28316728"><ele>1696.566</ele><time>2026-09-13T12:49:17Z</time><speed>1.470</speed><sat>30</sat></trkpt>
  <trkpt lat="38.49918726" lon="42.28317078"><ele>1697.406</ele><time>2026-09-13T12:49:18Z</time><speed>1.240</speed><sat>30</sat></trkpt>
  <trkpt lat="38.49917415" lon="42.28317360"><ele>1697.656</ele><time>2026-09-13T12:49:19Z</time><speed>1.320</speed><sat>30</sat></trkpt>
  <trkpt lat="38.49916038" lon="42.28317746"><ele>1697.334</ele><time>2026-09-13T12:49:20Z</time><speed>1.320</speed><sat>30</sat></trkpt>
  <trkpt lat="38.49914414" lon="42.28318271"><ele>1696.695</ele><time>2026-09-13T12:49:21Z</time><speed>1.660</speed><sat>32</sat></trkpt>
  <trkpt lat="38.49912803" lon="42.28318686"><ele>1695.890</ele><time>2026-09-13T12:49:22Z</time><speed>1.330</speed><sat>31</sat></trkpt>
  <trkpt lat="38.49911322" lon="42.28318967"><ele>1696.608</ele><time>2026-09-13T12:49:23Z</time><speed>1.370</speed><sat>30</sat></trkpt>
  <trkpt lat="38.49909947" lon="42.28319352"><ele>1697.135</ele><time>2026-09-13T12:49:24Z</time><speed>1.350</speed><sat>31</sat></trkpt>
  <trkpt lat="38.49908599" lon="42.28319904"><ele>1697.197</ele><time>2026-09-13T12:49:25Z</time><speed>1.380</speed><sat>31</sat></trkpt>
  <trkpt lat="38.49907187" lon="42.28320517"><ele>1697.599</ele><time>2026-09-13T12:49:26Z</time><speed>1.420</speed><sat>31</sat></trkpt>
  <trkpt lat="38.49905844" lon="42.28320976"><ele>1698.521</ele><time>2026-09-13T12:49:27Z</time><speed>1.350</speed><sat>29</sat></trkpt>
  <trkpt lat="38.49904500" lon="42.28321401"><ele>1699.474</ele><time>2026-09-13T12:49:28Z</time><speed>1.370</speed><sat>28</sat></trkpt>
  <trkpt lat="38.49903069" lon="42.28321981"><ele>1699.769</ele><time>2026-09-13T12:49:29Z</time><speed>1.420</speed><sat>28</sat></trkpt>
  <trkpt lat="38.49901196" lon="42.28322710"><ele>1699.364</ele><time>2026-09-13T12:49:30Z</time><speed>2.120</speed><sat>25</sat></trkpt>
  <trkpt lat="38.49899234" lon="42.28323702"><ele>1699.848</ele><time>2026-09-13T12:49:31Z</time><speed>1.870</speed><sat>26</sat></trkpt>
  <trkpt lat="38.49897664" lon="42.28324641"><ele>1701.044</ele><time>2026-09-13T12:49:32Z</time><speed>1.420</speed><sat>27</sat></trkpt>
  <trkpt lat="38.49896358" lon="42.28325516"><ele>1700.174</ele><time>2026-09-13T12:49:33Z</time><speed>1.340</speed><sat>28</sat></trkpt>
  <trkpt lat="38.49895134" lon="42.28326327"><ele>1701.388</ele><time>2026-09-13T12:49:34Z</time><speed>1.310</speed><sat>29</sat></trkpt>
  <trkpt lat="38.49893936" lon="42.28326940"><ele>1701.287</ele><time>2026-09-13T12:49:35Z</time><speed>1.510</speed><sat>28</sat></trkpt>
  <trkpt lat="38.49892476" lon="42.28328166"><ele>1700.939</ele><time>2026-09-13T12:49:36Z</time><speed>2.050</speed><sat>29</sat></trkpt>
  <trkpt lat="38.49891261" lon="42.28329582"><ele>1701.015</ele><time>2026-09-13T12:49:37Z</time><speed>1.330</speed><sat>29</sat></trkpt>
  <trkpt lat="38.49890276" lon="42.28331218"><ele>1701.664</ele><time>2026-09-13T12:49:38Z</time><speed>1.530</speed><sat>29</sat></trkpt>
  <trkpt lat="38.49889320" lon="42.28333331"><ele>1701.456</ele><time>2026-09-13T12:49:39Z</time><speed>1.880</speed><sat>27</sat></trkpt>
  <trkpt lat="38.49888571" lon="42.28335753"><ele>1701.159</ele><time>2026-09-13T12:49:40Z</time><speed>1.740</speed><sat>27</sat></trkpt>
  <trkpt lat="38.49887887" lon="42.28338007"><ele>1701.451</ele><time>2026-09-13T12:49:41Z</time><speed>1.620</speed><sat>26</sat></trkpt>
  <trkpt lat="38.49887059" lon="42.28340013"><ele>1701.838</ele><time>2026-09-13T12:49:42Z</time><speed>1.610</speed><sat>26</sat></trkpt>
  <trkpt lat="38.49885996" lon="42.28341687"><ele>1701.974</ele><time>2026-09-13T12:49:43Z</time><speed>1.570</speed><sat>26</sat></trkpt>
  <trkpt lat="38.49885007" lon="42.28342892"><ele>1700.988</ele><time>2026-09-13T12:49:44Z</time><speed>1.220</speed><sat>25</sat></trkpt>
  <trkpt lat="38.49884188" lon="42.28344083"><ele>1700.666</ele><time>2026-09-13T12:49:45Z</time><speed>1.250</speed><sat>25</sat></trkpt>
  <trkpt lat="38.49883368" lon="42.28345597"><ele>1700.295</ele><time>2026-09-13T12:49:46Z</time><speed>1.340</speed><sat>25</sat></trkpt>
  <trkpt lat="38.49882756" lon="42.28347277"><ele>1700.103</ele><time>2026-09-13T12:49:47Z</time><speed>1.260</speed><sat>25</sat></trkpt>
  <trkpt lat="38.49882161" lon="42.28349172"><ele>1700.172</ele><time>2026-09-13T12:49:48Z</time><speed>1.490</speed><sat>23</sat></trkpt>
  <trkpt lat="38.49881911" lon="42.28351714"><ele>1698.579</ele><time>2026-09-13T12:49:49Z</time><speed>1.890</speed><sat>22</sat></trkpt>
  <trkpt lat="38.49881368" lon="42.28353896"><ele>1699.492</ele><time>2026-09-13T12:49:50Z</time><speed>1.490</speed><sat>21</sat></trkpt>
  <trkpt lat="38.49880746" lon="42.28355623"><ele>1699.832</ele><time>2026-09-13T12:49:51Z</time><speed>1.250</speed><sat>22</sat></trkpt>
  <trkpt lat="38.49880172" lon="42.28356955"><ele>1699.243</ele><time>2026-09-13T12:49:52Z</time><speed>1.030</speed><sat>22</sat></trkpt>
  <trkpt lat="38.49879546" lon="42.28358008"><ele>1699.022</ele><time>2026-09-13T12:49:53Z</time><speed>1.070</speed><sat>22</sat></trkpt>
  <trkpt lat="38.49878985" lon="42.28359334"><ele>1699.029</ele><time>2026-09-13T12:49:54Z</time><speed>1.130</speed><sat>22</sat></trkpt>
  <trkpt lat="38.49878525" lon="42.28360700"><ele>1698.361</ele><time>2026-09-13T12:49:55Z</time><speed>1.160</speed><sat>21</sat></trkpt>
  <trkpt lat="38.49878147" lon="42.28362126"><ele>1697.316</ele><time>2026-09-13T12:49:56Z</time><speed>1.160</speed><sat>22</sat></trkpt>
  <trkpt lat="38.49877846" lon="42.28363611"><ele>1697.149</ele><time>2026-09-13T12:49:57Z</time><speed>1.170</speed><sat>23</sat></trkpt>
  <trkpt lat="38.49877514" lon="42.28365018"><ele>1698.024</ele><time>2026-09-13T12:49:58Z</time><speed>1.150</speed><sat>23</sat></trkpt>
  <trkpt lat="38.49877338" lon="42.28366678"><ele>1697.718</ele><time>2026-09-13T12:49:59Z</time><speed>1.400</speed><sat>23</sat></trkpt>
  <trkpt lat="38.49876833" lon="42.28368333"><ele>1697.950</ele><time>2026-09-13T12:50:00Z</time><speed>1.540</speed><sat>23</sat></trkpt>
  <trkpt lat="38.49876148" lon="42.28369971"><ele>1696.298</ele><time>2026-09-13T12:50:01Z</time><speed>1.800</speed><sat>23</sat></trkpt>
  <trkpt lat="38.49875041" lon="42.28371242"><ele>1695.814</ele><time>2026-09-13T12:50:02Z</time><speed>1.900</speed><sat>24</sat></trkpt>
  <trkpt lat="38.49873563" lon="42.28371995"><ele>1695.609</ele><time>2026-09-13T12:50:03Z</time><speed>2.090</speed><sat>23</sat></trkpt>
  <trkpt lat="38.49871957" lon="42.28372616"><ele>1694.564</ele><time>2026-09-13T12:50:04Z</time><speed>2.040</speed><sat>23</sat></trkpt>
  <trkpt lat="38.49870666" lon="42.28373525"><ele>1695.106</ele><time>2026-09-13T12:50:05Z</time><speed>1.690</speed><sat>23</sat></trkpt>
  <trkpt lat="38.49869906" lon="42.28374620"><ele>1692.959</ele><time>2026-09-13T12:50:06Z</time><speed>1.430</speed><sat>24</sat></trkpt>
  <trkpt lat="38.49869298" lon="42.28375904"><ele>1692.829</ele><time>2026-09-13T12:50:07Z</time><speed>1.430</speed><sat>26</sat></trkpt>
  <trkpt lat="38.49868705" lon="42.28377313"><ele>1692.032</ele><time>2026-09-13T12:50:08Z</time><speed>1.460</speed><sat>26</sat></trkpt>
  <trkpt lat="38.49867852" lon="42.28378823"><ele>1692.445</ele><time>2026-09-13T12:50:09Z</time><speed>1.710</speed><sat>27</sat></trkpt>
  <trkpt lat="38.49866805" lon="42.28380338"><ele>1692.391</ele><time>2026-09-13T12:50:10Z</time><speed>1.740</speed><sat>27</sat></trkpt>
  <trkpt lat="38.49865715" lon="42.28381848"><ele>1692.014</ele><time>2026-09-13T12:50:11Z</time><speed>1.770</speed><sat>27</sat></trkpt>
  <trkpt lat="38.49864737" lon="42.28383370"><ele>1691.744</ele><time>2026-09-13T12:50:12Z</time><speed>1.700</speed><sat>26</sat></trkpt>
  <trkpt lat="38.49863893" lon="42.28384819"><ele>1691.425</ele><time>2026-09-13T12:50:13Z</time><speed>1.590</speed><sat>27</sat></trkpt>
  <trkpt lat="38.49863001" lon="42.28386164"><ele>1691.189</ele><time>2026-09-13T12:50:14Z</time><speed>1.680</speed><sat>28</sat></trkpt>
  <trkpt lat="38.49862005" lon="42.28387337"><ele>1691.346</ele><time>2026-09-13T12:50:15Z</time><speed>1.590</speed><sat>28</sat></trkpt>
  <trkpt lat="38.49860999" lon="42.28388380"><ele>1691.362</ele><time>2026-09-13T12:50:16Z</time><speed>1.650</speed><sat>28</sat></trkpt>
  <trkpt lat="38.49859990" lon="42.28389367"><ele>1691.154</ele><time>2026-09-13T12:50:17Z</time><speed>1.590</speed><sat>28</sat></trkpt>
  <trkpt lat="38.49858988" lon="42.28390273"><ele>1690.723</ele><time>2026-09-13T12:50:18Z</time><speed>1.600</speed><sat>30</sat></trkpt>
  <trkpt lat="38.49857949" lon="42.28391178"><ele>1690.778</ele><time>2026-09-13T12:50:19Z</time><speed>1.650</speed><sat>32</sat></trkpt>
  <trkpt lat="38.49856912" lon="42.28392098"><ele>1690.659</ele><time>2026-09-13T12:50:20Z</time><speed>1.590</speed><sat>32</sat></trkpt>
  <trkpt lat="38.49855911" lon="42.28393066"><ele>1690.658</ele><time>2026-09-13T12:50:21Z</time><speed>1.600</speed><sat>32</sat></trkpt>
  <trkpt lat="38.49854847" lon="42.28393883"><ele>1690.681</ele><time>2026-09-13T12:50:22Z</time><speed>1.520</speed><sat>32</sat></trkpt>
  <trkpt lat="38.49853774" lon="42.28394489"><ele>1690.440</ele><time>2026-09-13T12:50:23Z</time><speed>1.470</speed><sat>30</sat></trkpt>
  <trkpt lat="38.49852564" lon="42.28394954"><ele>1689.874</ele><time>2026-09-13T12:50:24Z</time><speed>1.640</speed><sat>31</sat></trkpt>
  <trkpt lat="38.49851232" lon="42.28395469"><ele>1689.879</ele><time>2026-09-13T12:50:25Z</time><speed>1.740</speed><sat>32</sat></trkpt>
  <trkpt lat="38.49849889" lon="42.28396060"><ele>1690.026</ele><time>2026-09-13T12:50:26Z</time><speed>1.770</speed><sat>31</sat></trkpt>
  <trkpt lat="38.49848581" lon="42.28396877"><ele>1690.107</ele><time>2026-09-13T12:50:27Z</time><speed>1.780</speed><sat>31</sat></trkpt>
  <trkpt lat="38.49847403" lon="42.28397845"><ele>1690.138</ele><time>2026-09-13T12:50:28Z</time><speed>1.700</speed><sat>31</sat></trkpt>
  <trkpt lat="38.49846721" lon="42.28398610"><ele>1689.930</ele><time>2026-09-13T12:50:29Z</time><speed>0.670</speed><sat>32</sat></trkpt>
  <trkpt lat="38.49846147" lon="42.28399144"><ele>1689.184</ele><time>2026-09-13T12:50:30Z</time><speed>1.240</speed><sat>31</sat></trkpt>
  <trkpt lat="38.49845288" lon="42.28399762"><ele>1689.234</ele><time>2026-09-13T12:50:31Z</time><speed>1.400</speed><sat>31</sat></trkpt>
  <trkpt lat="38.49844276" lon="42.28400371"><ele>1688.598</ele><time>2026-09-13T12:50:32Z</time><speed>1.380</speed><sat>31</sat></trkpt>
  <trkpt lat="38.49843171" lon="42.28400811"><ele>1688.381</ele><time>2026-09-13T12:50:33Z</time><speed>1.410</speed><sat>31</sat></trkpt>
  <trkpt lat="38.49841853" lon="42.28401563"><ele>1688.915</ele><time>2026-09-13T12:50:34Z</time><speed>1.710</speed><sat>30</sat></trkpt>
  <trkpt lat="38.49840469" lon="42.28402729"><ele>1689.004</ele><time>2026-09-13T12:50:35Z</time><speed>1.850</speed><sat>30</sat></trkpt>
  <trkpt lat="38.49839036" lon="42.28403787"><ele>1689.038</ele><time>2026-09-13T12:50:36Z</time><speed>1.830</speed><sat>29</sat></trkpt>
  <trkpt lat="38.49837640" lon="42.28404720"><ele>1689.267</ele><time>2026-09-13T12:50:37Z</time><speed>1.710</speed><sat>30</sat></trkpt>
  <trkpt lat="38.49836381" lon="42.28405642"><ele>1688.851</ele><time>2026-09-13T12:50:38Z</time><speed>1.640</speed><sat>30</sat></trkpt>
  <trkpt lat="38.49835093" lon="42.28406598"><ele>1688.978</ele><time>2026-09-13T12:50:39Z</time><speed>1.700</speed><sat>30</sat></trkpt>
  <trkpt lat="38.49833862" lon="42.28407583"><ele>1688.733</ele><time>2026-09-13T12:50:40Z</time><speed>1.580</speed><sat>30</sat></trkpt>
  <trkpt lat="38.49832775" lon="42.28408639"><ele>1688.720</ele><time>2026-09-13T12:50:41Z</time><speed>1.570</speed><sat>29</sat></trkpt>
  <trkpt lat="38.49831733" lon="42.28409552"><ele>1688.921</ele><time>2026-09-13T12:50:42Z</time><speed>1.380</speed><sat>29</sat></trkpt>
  <trkpt lat="38.49830704" lon="42.28410404"><ele>1689.162</ele><time>2026-09-13T12:50:43Z</time><speed>1.470</speed><sat>30</sat></trkpt>
  <trkpt lat="38.49829574" lon="42.28411244"><ele>1689.553</ele><time>2026-09-13T12:50:44Z</time><speed>1.480</speed><sat>28</sat></trkpt>
  <trkpt lat="38.49828392" lon="42.28412111"><ele>1689.386</ele><time>2026-09-13T12:50:45Z</time><speed>1.570</speed><sat>29</sat></trkpt>
  <trkpt lat="38.49827252" lon="42.28413038"><ele>1689.781</ele><time>2026-09-13T12:50:46Z</time><speed>1.560</speed><sat>29</sat></trkpt>
  <trkpt lat="38.49826148" lon="42.28414006"><ele>1690.003</ele><time>2026-09-13T12:50:47Z</time><speed>1.570</speed><sat>29</sat></trkpt>
  <trkpt lat="38.49825074" lon="42.28415063"><ele>1689.995</ele><time>2026-09-13T12:50:48Z</time><speed>1.600</speed><sat>31</sat></trkpt>
  <trkpt lat="38.49823989" lon="42.28416018"><ele>1689.421</ele><time>2026-09-13T12:50:49Z</time><speed>1.550</speed><sat>31</sat></trkpt>
  <trkpt lat="38.49822927" lon="42.28416891"><ele>1689.344</ele><time>2026-09-13T12:50:50Z</time><speed>1.550</speed><sat>31</sat></trkpt>
  <trkpt lat="38.49821746" lon="42.28417453"><ele>1689.657</ele><time>2026-09-13T12:50:51Z</time><speed>1.680</speed><sat>31</sat></trkpt>
  <trkpt lat="38.49820495" lon="42.28418069"><ele>1689.066</ele><time>2026-09-13T12:50:52Z</time><speed>1.690</speed><sat>30</sat></trkpt>
  <trkpt lat="38.49819342" lon="42.28418801"><ele>1689.245</ele><time>2026-09-13T12:50:53Z</time><speed>1.590</speed><sat>30</sat></trkpt>
  <trkpt lat="38.49818227" lon="42.28419817"><ele>1689.714</ele><time>2026-09-13T12:50:54Z</time><speed>1.680</speed><sat>30</sat></trkpt>
  <trkpt lat="38.49817127" lon="42.28420749"><ele>1689.845</ele><time>2026-09-13T12:50:55Z</time><speed>1.510</speed><sat>31</sat></trkpt>
  <trkpt lat="38.49815869" lon="42.28421706"><ele>1690.797</ele><time>2026-09-13T12:50:56Z</time><speed>1.750</speed><sat>32</sat></trkpt>
  <trkpt lat="38.49814673" lon="42.28422595"><ele>1690.140</ele><time>2026-09-13T12:50:57Z</time><speed>1.540</speed><sat>32</sat></trkpt>
  <trkpt lat="38.49813557" lon="42.28423519"><ele>1690.143</ele><time>2026-09-13T12:50:58Z</time><speed>1.640</speed><sat>32</sat></trkpt>
  <trkpt lat="38.49812461" lon="42.28424517"><ele>1690.135</ele><time>2026-09-13T12:50:59Z</time><speed>1.620</speed><sat>32</sat></trkpt>
  <trkpt lat="38.49811396" lon="42.28425551"><ele>1689.764</ele><time>2026-09-13T12:51:00Z</time><speed>1.670</speed><sat>32</sat></trkpt>
  <trkpt lat="38.49810377" lon="42.28426307"><ele>1689.726</ele><time>2026-09-13T12:51:01Z</time><speed>1.420</speed><sat>32</sat></trkpt>
  <trkpt lat="38.49809200" lon="42.28426530"><ele>1690.022</ele><time>2026-09-13T12:51:02Z</time><speed>1.680</speed><sat>32</sat></trkpt>
  <trkpt lat="38.49807825" lon="42.28426658"><ele>1690.124</ele><time>2026-09-13T12:51:03Z</time><speed>1.800</speed><sat>32</sat></trkpt>
  <trkpt lat="38.49806545" lon="42.28427059"><ele>1689.771</ele><time>2026-09-13T12:51:04Z</time><speed>1.670</speed><sat>32</sat></trkpt>
  <trkpt lat="38.49805488" lon="42.28427775"><ele>1689.384</ele><time>2026-09-13T12:51:05Z</time><speed>1.580</speed><sat>32</sat></trkpt>
  <trkpt lat="38.49804558" lon="42.28428771"><ele>1689.582</ele><time>2026-09-13T12:51:06Z</time><speed>1.680</speed><sat>33</sat></trkpt>
  <trkpt lat="38.49803527" lon="42.28429801"><ele>1689.430</ele><time>2026-09-13T12:51:07Z</time><speed>1.680</speed><sat>33</sat></trkpt>
  <trkpt lat="38.49802453" lon="42.28430773"><ele>1689.212</ele><time>2026-09-13T12:51:08Z</time><speed>1.650</speed><sat>34</sat></trkpt>
  <trkpt lat="38.49801320" lon="42.28431738"><ele>1689.488</ele><time>2026-09-13T12:51:09Z</time><speed>1.740</speed><sat>33</sat></trkpt>
  <trkpt lat="38.49800198" lon="42.28432673"><ele>1689.550</ele><time>2026-09-13T12:51:10Z</time><speed>1.660</speed><sat>33</sat></trkpt>
  <trkpt lat="38.49799145" lon="42.28433592"><ele>1689.020</ele><time>2026-09-13T12:51:11Z</time><speed>1.640</speed><sat>33</sat></trkpt>
  <trkpt lat="38.49798093" lon="42.28434665"><ele>1689.311</ele><time>2026-09-13T12:51:12Z</time><speed>1.650</speed><sat>33</sat></trkpt>
  <trkpt lat="38.49797068" lon="42.28435759"><ele>1689.420</ele><time>2026-09-13T12:51:13Z</time><speed>1.630</speed><sat>33</sat></trkpt>
  <trkpt lat="38.49796059" lon="42.28436723"><ele>1689.147</ele><time>2026-09-13T12:51:14Z</time><speed>1.600</speed><sat>31</sat></trkpt>
  <trkpt lat="38.49794967" lon="42.28437685"><ele>1689.287</ele><time>2026-09-13T12:51:15Z</time><speed>1.760</speed><sat>31</sat></trkpt>
  <trkpt lat="38.49793783" lon="42.28438605"><ele>1689.425</ele><time>2026-09-13T12:51:16Z</time><speed>1.740</speed><sat>31</sat></trkpt>
  <trkpt lat="38.49792663" lon="42.28439555"><ele>1689.517</ele><time>2026-09-13T12:51:17Z</time><speed>1.690</speed><sat>32</sat></trkpt>
  <trkpt lat="38.49791589" lon="42.28440463"><ele>1689.710</ele><time>2026-09-13T12:51:18Z</time><speed>1.630</speed><sat>32</sat></trkpt>
  <trkpt lat="38.49790507" lon="42.28441325"><ele>1690.109</ele><time>2026-09-13T12:51:19Z</time><speed>1.660</speed><sat>32</sat></trkpt>
  <trkpt lat="38.49789362" lon="42.28442088"><ele>1690.180</ele><time>2026-09-13T12:51:20Z</time><speed>1.650</speed><sat>32</sat></trkpt>
  <trkpt lat="38.49788126" lon="42.28442779"><ele>1690.117</ele><time>2026-09-13T12:51:21Z</time><speed>1.690</speed><sat>33</sat></trkpt>
  <trkpt lat="38.49786942" lon="42.28443528"><ele>1690.005</ele><time>2026-09-13T12:51:22Z</time><speed>1.590</speed><sat>33</sat></trkpt>
  <trkpt lat="38.49785735" lon="42.28444329"><ele>1690.172</ele><time>2026-09-13T12:51:23Z</time><speed>1.700</speed><sat>32</sat></trkpt>
  <trkpt lat="38.49784561" lon="42.28445340"><ele>1690.341</ele><time>2026-09-13T12:51:24Z</time><speed>1.740</speed><sat>32</sat></trkpt>
  <trkpt lat="38.49783468" lon="42.28446510"><ele>1690.395</ele><time>2026-09-13T12:51:25Z</time><speed>1.730</speed><sat>31</sat></trkpt>
  <trkpt lat="38.49782456" lon="42.28447617"><ele>1690.367</ele><time>2026-09-13T12:51:26Z</time><speed>1.570</speed><sat>30</sat></trkpt>
  <trkpt lat="38.49781418" lon="42.28448617"><ele>1690.748</ele><time>2026-09-13T12:51:27Z</time><speed>1.550</speed><sat>30</sat></trkpt>
  <trkpt lat="38.49780346" lon="42.28449380"><ele>1690.208</ele><time>2026-09-13T12:51:28Z</time><speed>1.530</speed><sat>32</sat></trkpt>
  <trkpt lat="38.49779144" lon="42.28449873"><ele>1689.769</ele><time>2026-09-13T12:51:29Z</time><speed>1.550</speed><sat>32</sat></trkpt>
  <trkpt lat="38.49777872" lon="42.28450381"><ele>1689.924</ele><time>2026-09-13T12:51:30Z</time><speed>1.630</speed><sat>32</sat></trkpt>
  <trkpt lat="38.49776541" lon="42.28450915"><ele>1690.348</ele><time>2026-09-13T12:51:31Z</time><speed>1.670</speed><sat>32</sat></trkpt>
  <trkpt lat="38.49775296" lon="42.28451529"><ele>1690.743</ele><time>2026-09-13T12:51:32Z</time><speed>1.590</speed><sat>31</sat></trkpt>
  <trkpt lat="38.49774075" lon="42.28452226"><ele>1690.839</ele><time>2026-09-13T12:51:33Z</time><speed>1.600</speed><sat>31</sat></trkpt>
  <trkpt lat="38.49772876" lon="42.28452941"><ele>1691.116</ele><time>2026-09-13T12:51:34Z</time><speed>1.640</speed><sat>32</sat></trkpt>
  <trkpt lat="38.49771632" lon="42.28453806"><ele>1691.917</ele><time>2026-09-13T12:51:35Z</time><speed>1.690</speed><sat>31</sat></trkpt>
  <trkpt lat="38.49770410" lon="42.28454581"><ele>1691.740</ele><time>2026-09-13T12:51:36Z</time><speed>1.600</speed><sat>31</sat></trkpt>
  <trkpt lat="38.49769230" lon="42.28455317"><ele>1691.696</ele><time>2026-09-13T12:51:37Z</time><speed>1.570</speed><sat>31</sat></trkpt>
  <trkpt lat="38.49768058" lon="42.28456050"><ele>1691.751</ele><time>2026-09-13T12:51:38Z</time><speed>1.600</speed><sat>31</sat></trkpt>
  <trkpt lat="38.49766786" lon="42.28456833"><ele>1692.431</ele><time>2026-09-13T12:51:39Z</time><speed>1.750</speed><sat>31</sat></trkpt>
  <trkpt lat="38.49765499" lon="42.28457686"><ele>1692.754</ele><time>2026-09-13T12:51:40Z</time><speed>1.640</speed><sat>30</sat></trkpt>
  <trkpt lat="38.49764312" lon="42.28458376"><ele>1692.735</ele><time>2026-09-13T12:51:41Z</time><speed>1.570</speed><sat>30</sat></trkpt>
  <trkpt lat="38.49763087" lon="42.28458977"><ele>1693.231</ele><time>2026-09-13T12:51:42Z</time><speed>1.600</speed><sat>30</sat></trkpt>
  <trkpt lat="38.49761911" lon="42.28459553"><ele>1693.217</ele><time>2026-09-13T12:51:43Z</time><speed>1.440</speed><sat>30</sat></trkpt>
  <trkpt lat="38.49760713" lon="42.28460116"><ele>1693.989</ele><time>2026-09-13T12:51:44Z</time><speed>1.590</speed><sat>29</sat></trkpt>
  <trkpt lat="38.49759460" lon="42.28460747"><ele>1693.856</ele><time>2026-09-13T12:51:45Z</time><speed>1.560</speed><sat>29</sat></trkpt>
  <trkpt lat="38.49758228" lon="42.28461469"><ele>1694.036</ele><time>2026-09-13T12:51:46Z</time><speed>1.540</speed><sat>29</sat></trkpt>
  <trkpt lat="38.49757139" lon="42.28462150"><ele>1693.745</ele><time>2026-09-13T12:51:47Z</time><speed>1.370</speed><sat>29</sat></trkpt>
  <trkpt lat="38.49755926" lon="42.28462706"><ele>1693.982</ele><time>2026-09-13T12:51:48Z</time><speed>1.570</speed><sat>29</sat></trkpt>
  <trkpt lat="38.49754521" lon="42.28463345"><ele>1694.461</ele><time>2026-09-13T12:51:49Z</time><speed>1.700</speed><sat>29</sat></trkpt>
  <trkpt lat="38.49753192" lon="42.28464094"><ele>1694.535</ele><time>2026-09-13T12:51:50Z</time><speed>1.590</speed><sat>29</sat></trkpt>
  <trkpt lat="38.49751934" lon="42.28464897"><ele>1695.078</ele><time>2026-09-13T12:51:51Z</time><speed>1.630</speed><sat>30</sat></trkpt>
  <trkpt lat="38.49750965" lon="42.28465475"><ele>1693.211</ele><time>2026-09-13T12:51:52Z</time><speed>1.280</speed><sat>30</sat></trkpt>
  <trkpt lat="38.49749975" lon="42.28466201"><ele>1693.661</ele><time>2026-09-13T12:51:53Z</time><speed>1.490</speed><sat>30</sat></trkpt>
  <trkpt lat="38.49748953" lon="42.28467212"><ele>1694.115</ele><time>2026-09-13T12:51:54Z</time><speed>1.590</speed><sat>30</sat></trkpt>
  <trkpt lat="38.49748214" lon="42.28468358"><ele>1693.251</ele><time>2026-09-13T12:51:55Z</time><speed>1.280</speed><sat>30</sat></trkpt>
  <trkpt lat="38.49747188" lon="42.28469324"><ele>1692.031</ele><time>2026-09-13T12:51:56Z</time><speed>1.750</speed><sat>30</sat></trkpt>
  <trkpt lat="38.49745947" lon="42.28469999"><ele>1691.816</ele><time>2026-09-13T12:51:57Z</time><speed>1.480</speed><sat>27</sat></trkpt>
  <trkpt lat="38.49744717" lon="42.28470371"><ele>1692.221</ele><time>2026-09-13T12:51:58Z</time><speed>1.510</speed><sat>26</sat></trkpt>
  <trkpt lat="38.49743505" lon="42.28470675"><ele>1692.066</ele><time>2026-09-13T12:51:59Z</time><speed>1.490</speed><sat>26</sat></trkpt>
  <trkpt lat="38.49742402" lon="42.28471333"><ele>1691.063</ele><time>2026-09-13T12:52:00Z</time><speed>1.510</speed><sat>25</sat></trkpt>
  <trkpt lat="38.49741414" lon="42.28472178"><ele>1690.657</ele><time>2026-09-13T12:52:01Z</time><speed>1.490</speed><sat>27</sat></trkpt>
  <trkpt lat="38.49740454" lon="42.28473123"><ele>1690.629</ele><time>2026-09-13T12:52:02Z</time><speed>1.490</speed><sat>28</sat></trkpt>
  <trkpt lat="38.49739717" lon="42.28474165"><ele>1689.919</ele><time>2026-09-13T12:52:03Z</time><speed>1.430</speed><sat>27</sat></trkpt>
  <trkpt lat="38.49738992" lon="42.28474901"><ele>1690.291</ele><time>2026-09-13T12:52:04Z</time><speed>1.000</speed><sat>27</sat></trkpt>
  <trkpt lat="38.49738085" lon="42.28475518"><ele>1689.839</ele><time>2026-09-13T12:52:05Z</time><speed>1.410</speed><sat>27</sat></trkpt>
  <trkpt lat="38.49737108" lon="42.28476238"><ele>1689.603</ele><time>2026-09-13T12:52:06Z</time><speed>1.370</speed><sat>27</sat></trkpt>
  <trkpt lat="38.49736042" lon="42.28476734"><ele>1689.655</ele><time>2026-09-13T12:52:07Z</time><speed>1.370</speed><sat>28</sat></trkpt>
  <trkpt lat="38.49735064" lon="42.28477562"><ele>1689.800</ele><time>2026-09-13T12:52:08Z</time><speed>1.370</speed><sat>28</sat></trkpt>
  <trkpt lat="38.49734199" lon="42.28478872"><ele>1689.568</ele><time>2026-09-13T12:52:09Z</time><speed>1.400</speed><sat>28</sat></trkpt>
  <trkpt lat="38.49733599" lon="42.28480441"><ele>1689.101</ele><time>2026-09-13T12:52:10Z</time><speed>1.430</speed><sat>28</sat></trkpt>
  <trkpt lat="38.49732761" lon="42.28481956"><ele>1689.713</ele><time>2026-09-13T12:52:11Z</time><speed>1.690</speed><sat>27</sat></trkpt>
  <trkpt lat="38.49731679" lon="42.28483196"><ele>1689.790</ele><time>2026-09-13T12:52:12Z</time><speed>1.450</speed><sat>27</sat></trkpt>
  <trkpt lat="38.49730424" lon="42.28484106"><ele>1689.283</ele><time>2026-09-13T12:52:13Z</time><speed>1.610</speed><sat>26</sat></trkpt>
  <trkpt lat="38.49729312" lon="42.28484870"><ele>1688.591</ele><time>2026-09-13T12:52:14Z</time><speed>1.190</speed><sat>26</sat></trkpt>
  <trkpt lat="38.49728544" lon="42.28485643"><ele>1689.233</ele><time>2026-09-13T12:52:15Z</time><speed>1.080</speed><sat>26</sat></trkpt>
  <trkpt lat="38.49727504" lon="42.28486454"><ele>1689.366</ele><time>2026-09-13T12:52:16Z</time><speed>1.540</speed><sat>28</sat></trkpt>
  <trkpt lat="38.49726344" lon="42.28487594"><ele>1688.669</ele><time>2026-09-13T12:52:17Z</time><speed>1.560</speed><sat>28</sat></trkpt>
  <trkpt lat="38.49725156" lon="42.28488638"><ele>1689.263</ele><time>2026-09-13T12:52:18Z</time><speed>1.560</speed><sat>28</sat></trkpt>
  <trkpt lat="38.49724132" lon="42.28489733"><ele>1689.079</ele><time>2026-09-13T12:52:19Z</time><speed>1.490</speed><sat>25</sat></trkpt>
  <trkpt lat="38.49723058" lon="42.28490828"><ele>1689.593</ele><time>2026-09-13T12:52:20Z</time><speed>1.470</speed><sat>24</sat></trkpt>
  <trkpt lat="38.49722010" lon="42.28491909"><ele>1689.624</ele><time>2026-09-13T12:52:21Z</time><speed>1.510</speed><sat>24</sat></trkpt>
  <trkpt lat="38.49720962" lon="42.28492743"><ele>1688.775</ele><time>2026-09-13T12:52:22Z</time><speed>1.460</speed><sat>22</sat></trkpt>
  <trkpt lat="38.49719898" lon="42.28493612"><ele>1688.544</ele><time>2026-09-13T12:52:23Z</time><speed>1.530</speed><sat>24</sat></trkpt>
  <trkpt lat="38.49718850" lon="42.28494685"><ele>1688.585</ele><time>2026-09-13T12:52:24Z</time><speed>1.440</speed><sat>24</sat></trkpt>
  <trkpt lat="38.49717813" lon="42.28495762"><ele>1689.725</ele><time>2026-09-13T12:52:25Z</time><speed>1.370</speed><sat>24</sat></trkpt>
  <trkpt lat="38.49716920" lon="42.28496688"><ele>1689.248</ele><time>2026-09-13T12:52:26Z</time><speed>1.130</speed><sat>26</sat></trkpt>
  <trkpt lat="38.49716147" lon="42.28497573"><ele>1688.864</ele><time>2026-09-13T12:52:27Z</time><speed>1.200</speed><sat>28</sat></trkpt>
  <trkpt lat="38.49715213" lon="42.28498435"><ele>1688.986</ele><time>2026-09-13T12:52:28Z</time><speed>1.220</speed><sat>28</sat></trkpt>
  <trkpt lat="38.49714103" lon="42.28499168"><ele>1688.799</ele><time>2026-09-13T12:52:29Z</time><speed>1.530</speed><sat>28</sat></trkpt>
  <trkpt lat="38.49712767" lon="42.28499797"><ele>1689.157</ele><time>2026-09-13T12:52:30Z</time><speed>1.550</speed><sat>28</sat></trkpt>
  <trkpt lat="38.49711420" lon="42.28500432"><ele>1689.879</ele><time>2026-09-13T12:52:31Z</time><speed>1.530</speed><sat>29</sat></trkpt>
  <trkpt lat="38.49710142" lon="42.28501075"><ele>1690.246</ele><time>2026-09-13T12:52:32Z</time><speed>1.460</speed><sat>28</sat></trkpt>
  <trkpt lat="38.49708969" lon="42.28501898"><ele>1690.080</ele><time>2026-09-13T12:52:33Z</time><speed>1.500</speed><sat>27</sat></trkpt>
  <trkpt lat="38.49707852" lon="42.28502723"><ele>1690.326</ele><time>2026-09-13T12:52:34Z</time><speed>1.500</speed><sat>26</sat></trkpt>
  <trkpt lat="38.49706665" lon="42.28503493"><ele>1690.355</ele><time>2026-09-13T12:52:35Z</time><speed>1.520</speed><sat>26</sat></trkpt>
  <trkpt lat="38.49705463" lon="42.28504174"><ele>1690.781</ele><time>2026-09-13T12:52:36Z</time><speed>1.520</speed><sat>25</sat></trkpt>
  <trkpt lat="38.49704256" lon="42.28504933"><ele>1691.092</ele><time>2026-09-13T12:52:37Z</time><speed>1.530</speed><sat>24</sat></trkpt>
  <trkpt lat="38.49703034" lon="42.28505741"><ele>1691.835</ele><time>2026-09-13T12:52:38Z</time><speed>1.510</speed><sat>24</sat></trkpt>
  <trkpt lat="38.49702074" lon="42.28506744"><ele>1691.897</ele><time>2026-09-13T12:52:39Z</time><speed>1.340</speed><sat>25</sat></trkpt>
  <trkpt lat="38.49701252" lon="42.28507815"><ele>1691.670</ele><time>2026-09-13T12:52:40Z</time><speed>1.260</speed><sat>25</sat></trkpt>
  <trkpt lat="38.49700392" lon="42.28508996"><ele>1691.748</ele><time>2026-09-13T12:52:41Z</time><speed>1.420</speed><sat>25</sat></trkpt>
  <trkpt lat="38.49699552" lon="42.28509957"><ele>1691.273</ele><time>2026-09-13T12:52:42Z</time><speed>1.200</speed><sat>26</sat></trkpt>
  <trkpt lat="38.49698921" lon="42.28510653"><ele>1691.096</ele><time>2026-09-13T12:52:43Z</time><speed>0.710</speed><sat>25</sat></trkpt>
  <trkpt lat="38.49698360" lon="42.28511205"><ele>1690.519</ele><time>2026-09-13T12:52:44Z</time><speed>0.870</speed><sat>26</sat></trkpt>
  <trkpt lat="38.49697560" lon="42.28512142"><ele>1690.553</ele><time>2026-09-13T12:52:45Z</time><speed>1.440</speed><sat>24</sat></trkpt>
  <trkpt lat="38.49696566" lon="42.28513236"><ele>1690.019</ele><time>2026-09-13T12:52:46Z</time><speed>1.450</speed><sat>24</sat></trkpt>
  <trkpt lat="38.49695536" lon="42.28514298"><ele>1689.771</ele><time>2026-09-13T12:52:47Z</time><speed>1.440</speed><sat>25</sat></trkpt>
  <trkpt lat="38.49694308" lon="42.28515103"><ele>1689.794</ele><time>2026-09-13T12:52:48Z</time><speed>1.550</speed><sat>26</sat></trkpt>
  <trkpt lat="38.49693096" lon="42.28515976"><ele>1690.013</ele><time>2026-09-13T12:52:49Z</time><speed>1.440</speed><sat>27</sat></trkpt>
  <trkpt lat="38.49692026" lon="42.28516658"><ele>1689.550</ele><time>2026-09-13T12:52:50Z</time><speed>1.180</speed><sat>25</sat></trkpt>
  <trkpt lat="38.49690636" lon="42.28517352"><ele>1689.902</ele><time>2026-09-13T12:52:51Z</time><speed>1.730</speed><sat>25</sat></trkpt>
  <trkpt lat="38.49689038" lon="42.28518307"><ele>1689.297</ele><time>2026-09-13T12:52:52Z</time><speed>1.840</speed><sat>26</sat></trkpt>
  <trkpt lat="38.49687381" lon="42.28519224"><ele>1689.709</ele><time>2026-09-13T12:52:53Z</time><speed>1.900</speed><sat>27</sat></trkpt>
  <trkpt lat="38.49685751" lon="42.28520208"><ele>1689.036</ele><time>2026-09-13T12:52:54Z</time><speed>1.920</speed><sat>27</sat></trkpt>
  <trkpt lat="38.49684180" lon="42.28521386"><ele>1689.009</ele><time>2026-09-13T12:52:55Z</time><speed>1.930</speed><sat>30</sat></trkpt>
  <trkpt lat="38.49682984" lon="42.28522743"><ele>1689.055</ele><time>2026-09-13T12:52:56Z</time><speed>1.710</speed><sat>30</sat></trkpt>
  <trkpt lat="38.49681870" lon="42.28523997"><ele>1689.865</ele><time>2026-09-13T12:52:57Z</time><speed>1.740</speed><sat>30</sat></trkpt>
  <trkpt lat="38.49680779" lon="42.28525248"><ele>1689.659</ele><time>2026-09-13T12:52:58Z</time><speed>1.770</speed><sat>32</sat></trkpt>
  <trkpt lat="38.49679724" lon="42.28526340"><ele>1689.206</ele><time>2026-09-13T12:52:59Z</time><speed>1.630</speed><sat>32</sat></trkpt>
  <trkpt lat="38.49678959" lon="42.28527134"><ele>1688.600</ele><time>2026-09-13T12:53:00Z</time><speed>1.040</speed><sat>33</sat></trkpt>
  <trkpt lat="38.49678051" lon="42.28527832"><ele>1687.682</ele><time>2026-09-13T12:53:01Z</time><speed>1.530</speed><sat>33</sat></trkpt>
  <trkpt lat="38.49676883" lon="42.28528460"><ele>1687.088</ele><time>2026-09-13T12:53:02Z</time><speed>1.460</speed><sat>33</sat></trkpt>
  <trkpt lat="38.49676047" lon="42.28529043"><ele>1685.855</ele><time>2026-09-13T12:53:03Z</time><speed>1.230</speed><sat>33</sat></trkpt>
  <trkpt lat="38.49674860" lon="42.28529629"><ele>1688.031</ele><time>2026-09-13T12:53:04Z</time><speed>1.780</speed><sat>30</sat></trkpt>
  <trkpt lat="38.49673607" lon="42.28529809"><ele>1688.397</ele><time>2026-09-13T12:53:05Z</time><speed>1.260</speed><sat>30</sat></trkpt>
  <trkpt lat="38.49672508" lon="42.28529799"><ele>1688.630</ele><time>2026-09-13T12:53:06Z</time><speed>1.340</speed><sat>29</sat></trkpt>
  <trkpt lat="38.49671246" lon="42.28529860"><ele>1688.503</ele><time>2026-09-13T12:53:07Z</time><speed>1.400</speed><sat>29</sat></trkpt>
  <trkpt lat="38.49669966" lon="42.28530377"><ele>1688.495</ele><time>2026-09-13T12:53:08Z</time><speed>1.510</speed><sat>29</sat></trkpt>
  <trkpt lat="38.49668626" lon="42.28531201"><ele>1688.915</ele><time>2026-09-13T12:53:09Z</time><speed>1.720</speed><sat>29</sat></trkpt>
  <trkpt lat="38.49667379" lon="42.28532244"><ele>1688.780</ele><time>2026-09-13T12:53:10Z</time><speed>1.550</speed><sat>28</sat></trkpt>
  <trkpt lat="38.49666160" lon="42.28533315"><ele>1688.580</ele><time>2026-09-13T12:53:11Z</time><speed>1.600</speed><sat>28</sat></trkpt>
  <trkpt lat="38.49664806" lon="42.28534356"><ele>1688.895</ele><time>2026-09-13T12:53:12Z</time><speed>1.640</speed><sat>27</sat></trkpt>
  <trkpt lat="38.49663619" lon="42.28535349"><ele>1688.903</ele><time>2026-09-13T12:53:13Z</time><speed>1.420</speed><sat>27</sat></trkpt>
  <trkpt lat="38.49662899" lon="42.28536042"><ele>1688.343</ele><time>2026-09-13T12:53:14Z</time><speed>0.570</speed><sat>26</sat></trkpt>
  <trkpt lat="38.49662486" lon="42.28536624"><ele>1688.424</ele><time>2026-09-13T12:53:15Z</time><speed>0.630</speed><sat>26</sat></trkpt>
  <trkpt lat="38.49661945" lon="42.28537852"><ele>1689.159</ele><time>2026-09-13T12:53:16Z</time><speed>1.340</speed><sat>26</sat></trkpt>
  <trkpt lat="38.49661703" lon="42.28538689"><ele>1689.655</ele><time>2026-09-13T12:53:17Z</time><speed>0.380</speed><sat>26</sat></trkpt>
  <trkpt lat="38.49661731" lon="42.28538968"><ele>1690.086</ele><time>2026-09-13T12:53:18Z</time><speed>0.290</speed><sat>26</sat></trkpt>
  <trkpt lat="38.49661760" lon="42.28539205"><ele>1689.683</ele><time>2026-09-13T12:53:19Z</time><speed>0.350</speed><sat>28</sat></trkpt>
  <trkpt lat="38.49661181" lon="42.28539843"><ele>1689.037</ele><time>2026-09-13T12:53:20Z</time><speed>1.130</speed><sat>28</sat></trkpt>
  <trkpt lat="38.49660270" lon="42.28540637"><ele>1688.292</ele><time>2026-09-13T12:53:21Z</time><speed>1.130</speed><sat>28</sat></trkpt>
  <trkpt lat="38.49659366" lon="42.28541297"><ele>1688.276</ele><time>2026-09-13T12:53:22Z</time><speed>1.120</speed><sat>30</sat></trkpt>
  <trkpt lat="38.49658499" lon="42.28542083"><ele>1688.322</ele><time>2026-09-13T12:53:23Z</time><speed>1.150</speed><sat>30</sat></trkpt>
  <trkpt lat="38.49657618" lon="42.28542845"><ele>1688.349</ele><time>2026-09-13T12:53:24Z</time><speed>1.150</speed><sat>31</sat></trkpt>
  <trkpt lat="38.49656649" lon="42.28543890"><ele>1687.484</ele><time>2026-09-13T12:53:25Z</time><speed>1.520</speed><sat>31</sat></trkpt>
  <trkpt lat="38.49655476" lon="42.28545319"><ele>1687.724</ele><time>2026-09-13T12:53:26Z</time><speed>1.840</speed><sat>31</sat></trkpt>
  <trkpt lat="38.49654268" lon="42.28547012"><ele>1687.770</ele><time>2026-09-13T12:53:27Z</time><speed>1.930</speed><sat>31</sat></trkpt>
  <trkpt lat="38.49653121" lon="42.28548736"><ele>1688.096</ele><time>2026-09-13T12:53:28Z</time><speed>1.810</speed><sat>31</sat></trkpt>
  <trkpt lat="38.49652076" lon="42.28550399"><ele>1687.766</ele><time>2026-09-13T12:53:29Z</time><speed>1.790</speed><sat>31</sat></trkpt>
  <trkpt lat="38.49651142" lon="42.28552071"><ele>1687.729</ele><time>2026-09-13T12:53:30Z</time><speed>1.770</speed><sat>31</sat></trkpt>
  <trkpt lat="38.49650166" lon="42.28553689"><ele>1687.886</ele><time>2026-09-13T12:53:31Z</time><speed>1.830</speed><sat>31</sat></trkpt>
  <trkpt lat="38.49649033" lon="42.28555129"><ele>1688.258</ele><time>2026-09-13T12:53:32Z</time><speed>1.860</speed><sat>32</sat></trkpt>
  <trkpt lat="38.49647677" lon="42.28556283"><ele>1688.416</ele><time>2026-09-13T12:53:33Z</time><speed>1.860</speed><sat>31</sat></trkpt>
  <trkpt lat="38.49646084" lon="42.28557199"><ele>1689.470</ele><time>2026-09-13T12:53:34Z</time><speed>1.870</speed><sat>31</sat></trkpt>
  <trkpt lat="38.49644557" lon="42.28558034"><ele>1689.329</ele><time>2026-09-13T12:53:35Z</time><speed>1.790</speed><sat>31</sat></trkpt>
  <trkpt lat="38.49643212" lon="42.28558637"><ele>1688.570</ele><time>2026-09-13T12:53:36Z</time><speed>1.590</speed><sat>31</sat></trkpt>
  <trkpt lat="38.49642251" lon="42.28558720"><ele>1688.380</ele><time>2026-09-13T12:53:37Z</time><speed>0.930</speed><sat>31</sat></trkpt>
  <trkpt lat="38.49641540" lon="42.28558780"><ele>1688.155</ele><time>2026-09-13T12:53:38Z</time><speed>0.890</speed><sat>31</sat></trkpt>
  <trkpt lat="38.49640689" lon="42.28559206"><ele>1688.012</ele><time>2026-09-13T12:53:39Z</time><speed>1.140</speed><sat>31</sat></trkpt>
  <trkpt lat="38.49639548" lon="42.28560427"><ele>1687.865</ele><time>2026-09-13T12:53:40Z</time><speed>1.830</speed><sat>31</sat></trkpt>
  <trkpt lat="38.49638435" lon="42.28561986"><ele>1687.611</ele><time>2026-09-13T12:53:41Z</time><speed>1.630</speed><sat>32</sat></trkpt>
  <trkpt lat="38.49637502" lon="42.28563612"><ele>1687.252</ele><time>2026-09-13T12:53:42Z</time><speed>1.680</speed><sat>32</sat></trkpt>
  <trkpt lat="38.49636128" lon="42.28565141"><ele>1687.076</ele><time>2026-09-13T12:53:43Z</time><speed>1.750</speed><sat>32</sat></trkpt>
  <trkpt lat="38.49635151" lon="42.28565940"><ele>1689.065</ele><time>2026-09-13T12:53:44Z</time><speed>0.470</speed><sat>32</sat></trkpt>
  <trkpt lat="38.49634154" lon="42.28566521"><ele>1688.383</ele><time>2026-09-13T12:53:45Z</time><speed>1.470</speed><sat>32</sat></trkpt>
  <trkpt lat="38.49632871" lon="42.28567593"><ele>1687.665</ele><time>2026-09-13T12:53:46Z</time><speed>1.610</speed><sat>31</sat></trkpt>
  <trkpt lat="38.49631513" lon="42.28568803"><ele>1687.269</ele><time>2026-09-13T12:53:47Z</time><speed>1.660</speed><sat>30</sat></trkpt>
  <trkpt lat="38.49630247" lon="42.28570198"><ele>1687.896</ele><time>2026-09-13T12:53:48Z</time><speed>1.760</speed><sat>30</sat></trkpt>
  <trkpt lat="38.49629031" lon="42.28571141"><ele>1687.289</ele><time>2026-09-13T12:53:49Z</time><speed>1.580</speed><sat>30</sat></trkpt>
  <trkpt lat="38.49627360" lon="42.28572026"><ele>1687.089</ele><time>2026-09-13T12:53:50Z</time><speed>1.970</speed><sat>30</sat></trkpt>
  <trkpt lat="38.49625485" lon="42.28572809"><ele>1687.083</ele><time>2026-09-13T12:53:51Z</time><speed>1.930</speed><sat>31</sat></trkpt>
  <trkpt lat="38.49623735" lon="42.28573460"><ele>1687.308</ele><time>2026-09-13T12:53:52Z</time><speed>1.920</speed><sat>31</sat></trkpt>
  <trkpt lat="38.49622040" lon="42.28574077"><ele>1687.863</ele><time>2026-09-13T12:53:53Z</time><speed>1.880</speed><sat>31</sat></trkpt>
  <trkpt lat="38.49620663" lon="42.28574350"><ele>1687.746</ele><time>2026-09-13T12:53:54Z</time><speed>1.330</speed><sat>31</sat></trkpt>
  <trkpt lat="38.49619323" lon="42.28574733"><ele>1687.765</ele><time>2026-09-13T12:53:55Z</time><speed>1.770</speed><sat>30</sat></trkpt>
  <trkpt lat="38.49617955" lon="42.28575068"><ele>1687.379</ele><time>2026-09-13T12:53:56Z</time><speed>1.600</speed><sat>30</sat></trkpt>
  <trkpt lat="38.49616697" lon="42.28575376"><ele>1686.540</ele><time>2026-09-13T12:53:57Z</time><speed>1.560</speed><sat>30</sat></trkpt>
  <trkpt lat="38.49615595" lon="42.28575681"><ele>1687.121</ele><time>2026-09-13T12:53:58Z</time><speed>1.470</speed><sat>30</sat></trkpt>
  <trkpt lat="38.49614092" lon="42.28575940"><ele>1687.062</ele><time>2026-09-13T12:53:59Z</time><speed>1.690</speed><sat>28</sat></trkpt>
  <trkpt lat="38.49612290" lon="42.28576416"><ele>1688.203</ele><time>2026-09-13T12:54:00Z</time><speed>1.880</speed><sat>28</sat></trkpt>
  <trkpt lat="38.49610859" lon="42.28577183"><ele>1687.137</ele><time>2026-09-13T12:54:01Z</time><speed>1.580</speed><sat>28</sat></trkpt>
  <trkpt lat="38.49609770" lon="42.28577976"><ele>1686.125</ele><time>2026-09-13T12:54:02Z</time><speed>1.360</speed><sat>28</sat></trkpt>
  <trkpt lat="38.49608748" lon="42.28578800"><ele>1685.357</ele><time>2026-09-13T12:54:03Z</time><speed>1.110</speed><sat>27</sat></trkpt>
  <trkpt lat="38.49607733" lon="42.28579565"><ele>1684.057</ele><time>2026-09-13T12:54:04Z</time><speed>1.220</speed><sat>27</sat></trkpt>
  <trkpt lat="38.49606643" lon="42.28580233"><ele>1683.838</ele><time>2026-09-13T12:54:05Z</time><speed>1.280</speed><sat>27</sat></trkpt>
  <trkpt lat="38.49605839" lon="42.28581065"><ele>1682.800</ele><time>2026-09-13T12:54:06Z</time><speed>0.910</speed><sat>27</sat></trkpt>
  <trkpt lat="38.49605118" lon="42.28581724"><ele>1683.593</ele><time>2026-09-13T12:54:07Z</time><speed>0.890</speed><sat>27</sat></trkpt>
  <trkpt lat="38.49604060" lon="42.28582526"><ele>1684.367</ele><time>2026-09-13T12:54:08Z</time><speed>1.300</speed><sat>28</sat></trkpt>
  <trkpt lat="38.49602968" lon="42.28583527"><ele>1684.740</ele><time>2026-09-13T12:54:09Z</time><speed>1.350</speed><sat>28</sat></trkpt>
  <trkpt lat="38.49601608" lon="42.28584770"><ele>1683.475</ele><time>2026-09-13T12:54:10Z</time><speed>1.780</speed><sat>28</sat></trkpt>
  <trkpt lat="38.49600353" lon="42.28586162"><ele>1682.487</ele><time>2026-09-13T12:54:11Z</time><speed>1.400</speed><sat>26</sat></trkpt>
  <trkpt lat="38.49599219" lon="42.28587492"><ele>1682.448</ele><time>2026-09-13T12:54:12Z</time><speed>1.530</speed><sat>26</sat></trkpt>
  <trkpt lat="38.49597955" lon="42.28589060"><ele>1682.787</ele><time>2026-09-13T12:54:13Z</time><speed>1.590</speed><sat>26</sat></trkpt>
  <trkpt lat="38.49596746" lon="42.28590689"><ele>1683.943</ele><time>2026-09-13T12:54:14Z</time><speed>1.580</speed><sat>25</sat></trkpt>
  <trkpt lat="38.49595559" lon="42.28592201"><ele>1684.952</ele><time>2026-09-13T12:54:15Z</time><speed>1.610</speed><sat>25</sat></trkpt>
  <trkpt lat="38.49594297" lon="42.28593571"><ele>1685.607</ele><time>2026-09-13T12:54:16Z</time><speed>1.980</speed><sat>25</sat></trkpt>
  <trkpt lat="38.49592689" lon="42.28594522"><ele>1685.456</ele><time>2026-09-13T12:54:17Z</time><speed>2.140</speed><sat>23</sat></trkpt>
  <trkpt lat="38.49591046" lon="42.28594735"><ele>1685.150</ele><time>2026-09-13T12:54:18Z</time><speed>1.910</speed><sat>23</sat></trkpt>
  <trkpt lat="38.49589849" lon="42.28594861"><ele>1684.577</ele><time>2026-09-13T12:54:19Z</time><speed>1.450</speed><sat>23</sat></trkpt>
  <trkpt lat="38.49588896" lon="42.28595386"><ele>1683.747</ele><time>2026-09-13T12:54:20Z</time><speed>1.510</speed><sat>22</sat></trkpt>
  <trkpt lat="38.49588058" lon="42.28596208"><ele>1682.922</ele><time>2026-09-13T12:54:21Z</time><speed>1.290</speed><sat>22</sat></trkpt>
  <trkpt lat="38.49587310" lon="42.28597059"><ele>1682.101</ele><time>2026-09-13T12:54:22Z</time><speed>1.200</speed><sat>21</sat></trkpt>
  <trkpt lat="38.49586757" lon="42.28597948"><ele>1681.856</ele><time>2026-09-13T12:54:23Z</time><speed>0.730</speed><sat>22</sat></trkpt>
  <trkpt lat="38.49586124" lon="42.28599327"><ele>1680.575</ele><time>2026-09-13T12:54:24Z</time><speed>1.440</speed><sat>23</sat></trkpt>
  <trkpt lat="38.49585271" lon="42.28600705"><ele>1679.797</ele><time>2026-09-13T12:54:25Z</time><speed>1.060</speed><sat>23</sat></trkpt>
  <trkpt lat="38.49584397" lon="42.28601789"><ele>1679.757</ele><time>2026-09-13T12:54:26Z</time><speed>1.130</speed><sat>23</sat></trkpt>
  <trkpt lat="38.49583424" lon="42.28602805"><ele>1679.785</ele><time>2026-09-13T12:54:27Z</time><speed>1.090</speed><sat>23</sat></trkpt>
  <trkpt lat="38.49582375" lon="42.28604085"><ele>1678.875</ele><time>2026-09-13T12:54:28Z</time><speed>1.320</speed><sat>23</sat></trkpt>
  <trkpt lat="38.49581220" lon="42.28605566"><ele>1679.896</ele><time>2026-09-13T12:54:29Z</time><speed>1.290</speed><sat>23</sat></trkpt>
  <trkpt lat="38.49580106" lon="42.28607108"><ele>1679.619</ele><time>2026-09-13T12:54:30Z</time><speed>1.290</speed><sat>23</sat></trkpt>
  <trkpt lat="38.49578945" lon="42.28608590"><ele>1680.528</ele><time>2026-09-13T12:54:31Z</time><speed>1.320</speed><sat>23</sat></trkpt>
  <trkpt lat="38.49577823" lon="42.28610216"><ele>1680.336</ele><time>2026-09-13T12:54:32Z</time><speed>1.280</speed><sat>23</sat></trkpt>
  <trkpt lat="38.49576785" lon="42.28611838"><ele>1680.350</ele><time>2026-09-13T12:54:33Z</time><speed>1.290</speed><sat>23</sat></trkpt>
  <trkpt lat="38.49575661" lon="42.28614020"><ele>1680.999</ele><time>2026-09-13T12:54:34Z</time><speed>2.210</speed><sat>23</sat></trkpt>
  <trkpt lat="38.49574376" lon="42.28616304"><ele>1681.464</ele><time>2026-09-13T12:54:35Z</time><speed>1.950</speed><sat>23</sat></trkpt>
  <trkpt lat="38.49572815" lon="42.28618019"><ele>1682.408</ele><time>2026-09-13T12:54:36Z</time><speed>2.110</speed><sat>23</sat></trkpt>
  <trkpt lat="38.49571349" lon="42.28619416"><ele>1683.652</ele><time>2026-09-13T12:54:37Z</time><speed>1.710</speed><sat>23</sat></trkpt>
  <trkpt lat="38.49570070" lon="42.28620347"><ele>1684.837</ele><time>2026-09-13T12:54:38Z</time><speed>1.470</speed><sat>23</sat></trkpt>
  <trkpt lat="38.49568827" lon="42.28621052"><ele>1684.994</ele><time>2026-09-13T12:54:39Z</time><speed>1.430</speed><sat>23</sat></trkpt>
  <trkpt lat="38.49567601" lon="42.28621582"><ele>1684.848</ele><time>2026-09-13T12:54:40Z</time><speed>1.360</speed><sat>23</sat></trkpt>
  <trkpt lat="38.49566260" lon="42.28622111"><ele>1685.700</ele><time>2026-09-13T12:54:41Z</time><speed>1.510</speed><sat>23</sat></trkpt>
  <trkpt lat="38.49564849" lon="42.28622787"><ele>1685.132</ele><time>2026-09-13T12:54:42Z</time><speed>1.600</speed><sat>24</sat></trkpt>
  <trkpt lat="38.49563469" lon="42.28623524"><ele>1684.186</ele><time>2026-09-13T12:54:43Z</time><speed>1.570</speed><sat>24</sat></trkpt>
  <trkpt lat="38.49562159" lon="42.28624412"><ele>1684.542</ele><time>2026-09-13T12:54:44Z</time><speed>1.640</speed><sat>24</sat></trkpt>
  <trkpt lat="38.49560801" lon="42.28625233"><ele>1685.521</ele><time>2026-09-13T12:54:45Z</time><speed>1.590</speed><sat>25</sat></trkpt>
  <trkpt lat="38.49559496" lon="42.28626061"><ele>1685.839</ele><time>2026-09-13T12:54:46Z</time><speed>1.640</speed><sat>25</sat></trkpt>
  <trkpt lat="38.49558192" lon="42.28626942"><ele>1686.530</ele><time>2026-09-13T12:54:47Z</time><speed>1.590</speed><sat>25</sat></trkpt>
  <trkpt lat="38.49556916" lon="42.28627797"><ele>1687.088</ele><time>2026-09-13T12:54:48Z</time><speed>1.590</speed><sat>25</sat></trkpt>
  <trkpt lat="38.49555685" lon="42.28628581"><ele>1687.011</ele><time>2026-09-13T12:54:49Z</time><speed>1.520</speed><sat>25</sat></trkpt>
  <trkpt lat="38.49554556" lon="42.28629360"><ele>1686.888</ele><time>2026-09-13T12:54:50Z</time><speed>1.450</speed><sat>25</sat></trkpt>
  <trkpt lat="38.49553512" lon="42.28630425"><ele>1686.953</ele><time>2026-09-13T12:54:51Z</time><speed>1.630</speed><sat>25</sat></trkpt>
  <trkpt lat="38.49552571" lon="42.28631601"><ele>1686.854</ele><time>2026-09-13T12:54:52Z</time><speed>1.520</speed><sat>26</sat></trkpt>
  <trkpt lat="38.49551798" lon="42.28632599"><ele>1686.612</ele><time>2026-09-13T12:54:53Z</time><speed>1.360</speed><sat>27</sat></trkpt>
  <trkpt lat="38.49551069" lon="42.28633514"><ele>1686.264</ele><time>2026-09-13T12:54:54Z</time><speed>1.290</speed><sat>27</sat></trkpt>
  <trkpt lat="38.49550277" lon="42.28634161"><ele>1686.185</ele><time>2026-09-13T12:54:55Z</time><speed>1.200</speed><sat>26</sat></trkpt>
  <trkpt lat="38.49549210" lon="42.28634709"><ele>1686.338</ele><time>2026-09-13T12:54:56Z</time><speed>1.410</speed><sat>24</sat></trkpt>
  <trkpt lat="38.49547841" lon="42.28635214"><ele>1686.825</ele><time>2026-09-13T12:54:57Z</time><speed>1.600</speed><sat>24</sat></trkpt>
  <trkpt lat="38.49546441" lon="42.28635483"><ele>1686.555</ele><time>2026-09-13T12:54:58Z</time><speed>1.530</speed><sat>24</sat></trkpt>
  <trkpt lat="38.49545145" lon="42.28635880"><ele>1686.241</ele><time>2026-09-13T12:54:59Z</time><speed>1.510</speed><sat>24</sat></trkpt>
  <trkpt lat="38.49543601" lon="42.28636459"><ele>1687.780</ele><time>2026-09-13T12:55:00Z</time><speed>1.620</speed><sat>24</sat></trkpt>
  <trkpt lat="38.49542069" lon="42.28637302"><ele>1688.063</ele><time>2026-09-13T12:55:01Z</time><speed>1.640</speed><sat>22</sat></trkpt>
  <trkpt lat="38.49540479" lon="42.28638148"><ele>1688.821</ele><time>2026-09-13T12:55:02Z</time><speed>1.660</speed><sat>22</sat></trkpt>
  <trkpt lat="38.49538830" lon="42.28638751"><ele>1689.379</ele><time>2026-09-13T12:55:03Z</time><speed>1.730</speed><sat>23</sat></trkpt>
  <trkpt lat="38.49537206" lon="42.28639184"><ele>1688.887</ele><time>2026-09-13T12:55:04Z</time><speed>1.630</speed><sat>23</sat></trkpt>
  <trkpt lat="38.49535704" lon="42.28639661"><ele>1688.954</ele><time>2026-09-13T12:55:05Z</time><speed>1.670</speed><sat>24</sat></trkpt>
  <trkpt lat="38.49534238" lon="42.28640387"><ele>1689.140</ele><time>2026-09-13T12:55:06Z</time><speed>1.660</speed><sat>24</sat></trkpt>
  <trkpt lat="38.49532954" lon="42.28641340"><ele>1688.590</ele><time>2026-09-13T12:55:07Z</time><speed>1.550</speed><sat>23</sat></trkpt>
  <trkpt lat="38.49531730" lon="42.28642354"><ele>1688.761</ele><time>2026-09-13T12:55:08Z</time><speed>1.640</speed><sat>23</sat></trkpt>
  <trkpt lat="38.49530624" lon="42.28643612"><ele>1688.435</ele><time>2026-09-13T12:55:09Z</time><speed>1.750</speed><sat>23</sat></trkpt>
  <trkpt lat="38.49529601" lon="42.28644826"><ele>1688.424</ele><time>2026-09-13T12:55:10Z</time><speed>1.620</speed><sat>22</sat></trkpt>
  <trkpt lat="38.49528611" lon="42.28645920"><ele>1688.365</ele><time>2026-09-13T12:55:11Z</time><speed>1.670</speed><sat>23</sat></trkpt>
  <trkpt lat="38.49527517" lon="42.28646840"><ele>1688.777</ele><time>2026-09-13T12:55:12Z</time><speed>1.590</speed><sat>23</sat></trkpt>
  <trkpt lat="38.49526509" lon="42.28647671"><ele>1688.460</ele><time>2026-09-13T12:55:13Z</time><speed>1.490</speed><sat>29</sat></trkpt>
  <trkpt lat="38.49525396" lon="42.28648539"><ele>1688.578</ele><time>2026-09-13T12:55:14Z</time><speed>1.750</speed><sat>29</sat></trkpt>
  <trkpt lat="38.49524176" lon="42.28649377"><ele>1688.356</ele><time>2026-09-13T12:55:15Z</time><speed>1.710</speed><sat>31</sat></trkpt>
  <trkpt lat="38.49522969" lon="42.28650160"><ele>1688.500</ele><time>2026-09-13T12:55:16Z</time><speed>1.680</speed><sat>31</sat></trkpt>
  <trkpt lat="38.49521754" lon="42.28650826"><ele>1688.133</ele><time>2026-09-13T12:55:17Z</time><speed>1.640</speed><sat>31</sat></trkpt>
  <trkpt lat="38.49520634" lon="42.28651571"><ele>1688.183</ele><time>2026-09-13T12:55:18Z</time><speed>1.590</speed><sat>31</sat></trkpt>
  <trkpt lat="38.49519599" lon="42.28652547"><ele>1688.263</ele><time>2026-09-13T12:55:19Z</time><speed>1.690</speed><sat>30</sat></trkpt>
  <trkpt lat="38.49518508" lon="42.28653506"><ele>1688.542</ele><time>2026-09-13T12:55:20Z</time><speed>1.670</speed><sat>30</sat></trkpt>
  <trkpt lat="38.49517425" lon="42.28654160"><ele>1688.829</ele><time>2026-09-13T12:55:21Z</time><speed>1.450</speed><sat>30</sat></trkpt>
  <trkpt lat="38.49516261" lon="42.28654429"><ele>1688.708</ele><time>2026-09-13T12:55:22Z</time><speed>1.520</speed><sat>30</sat></trkpt>
  <trkpt lat="38.49514994" lon="42.28654665"><ele>1688.633</ele><time>2026-09-13T12:55:23Z</time><speed>1.570</speed><sat>30</sat></trkpt>
  <trkpt lat="38.49513745" lon="42.28655184"><ele>1688.718</ele><time>2026-09-13T12:55:24Z</time><speed>1.620</speed><sat>30</sat></trkpt>
  <trkpt lat="38.49512610" lon="42.28656034"><ele>1688.836</ele><time>2026-09-13T12:55:25Z</time><speed>1.650</speed><sat>29</sat></trkpt>
  <trkpt lat="38.49511625" lon="42.28657144"><ele>1689.135</ele><time>2026-09-13T12:55:26Z</time><speed>1.660</speed><sat>28</sat></trkpt>
  <trkpt lat="38.49510791" lon="42.28658414"><ele>1688.974</ele><time>2026-09-13T12:55:27Z</time><speed>1.620</speed><sat>29</sat></trkpt>
  <trkpt lat="38.49509963" lon="42.28659784"><ele>1688.506</ele><time>2026-09-13T12:55:28Z</time><speed>1.640</speed><sat>28</sat></trkpt>
  <trkpt lat="38.49509020" lon="42.28661225"><ele>1687.914</ele><time>2026-09-13T12:55:29Z</time><speed>1.710</speed><sat>30</sat></trkpt>
  <trkpt lat="38.49508033" lon="42.28662579"><ele>1689.274</ele><time>2026-09-13T12:55:30Z</time><speed>1.660</speed><sat>30</sat></trkpt>
  <trkpt lat="38.49506976" lon="42.28663729"><ele>1689.690</ele><time>2026-09-13T12:55:31Z</time><speed>1.600</speed><sat>30</sat></trkpt>
  <trkpt lat="38.49505914" lon="42.28664714"><ele>1689.812</ele><time>2026-09-13T12:55:32Z</time><speed>1.580</speed><sat>30</sat></trkpt>
  <trkpt lat="38.49504769" lon="42.28665586"><ele>1689.734</ele><time>2026-09-13T12:55:33Z</time><speed>1.610</speed><sat>29</sat></trkpt>
  <trkpt lat="38.49503637" lon="42.28666519"><ele>1689.918</ele><time>2026-09-13T12:55:34Z</time><speed>1.660</speed><sat>30</sat></trkpt>
  <trkpt lat="38.49502542" lon="42.28667512"><ele>1690.015</ele><time>2026-09-13T12:55:35Z</time><speed>1.630</speed><sat>30</sat></trkpt>
  <trkpt lat="38.49501464" lon="42.28668471"><ele>1690.005</ele><time>2026-09-13T12:55:36Z</time><speed>1.600</speed><sat>30</sat></trkpt>
  <trkpt lat="38.49500377" lon="42.28669475"><ele>1690.446</ele><time>2026-09-13T12:55:37Z</time><speed>1.620</speed><sat>30</sat></trkpt>
  <trkpt lat="38.49499263" lon="42.28670436"><ele>1690.356</ele><time>2026-09-13T12:55:38Z</time><speed>1.560</speed><sat>29</sat></trkpt>
  <trkpt lat="38.49498187" lon="42.28671406"><ele>1690.599</ele><time>2026-09-13T12:55:39Z</time><speed>1.570</speed><sat>29</sat></trkpt>
  <trkpt lat="38.49497215" lon="42.28672474"><ele>1690.634</ele><time>2026-09-13T12:55:40Z</time><speed>1.530</speed><sat>26</sat></trkpt>
  <trkpt lat="38.49496216" lon="42.28673621"><ele>1690.833</ele><time>2026-09-13T12:55:41Z</time><speed>1.600</speed><sat>25</sat></trkpt>
  <trkpt lat="38.49495153" lon="42.28674640"><ele>1690.953</ele><time>2026-09-13T12:55:42Z</time><speed>1.500</speed><sat>25</sat></trkpt>
  <trkpt lat="38.49494040" lon="42.28675429"><ele>1690.881</ele><time>2026-09-13T12:55:43Z</time><speed>1.500</speed><sat>24</sat></trkpt>
  <trkpt lat="38.49492875" lon="42.28676089"><ele>1690.949</ele><time>2026-09-13T12:55:44Z</time><speed>1.530</speed><sat>24</sat></trkpt>
  <trkpt lat="38.49491698" lon="42.28676719"><ele>1690.950</ele><time>2026-09-13T12:55:45Z</time><speed>1.520</speed><sat>25</sat></trkpt>
  <trkpt lat="38.49490478" lon="42.28677395"><ele>1691.240</ele><time>2026-09-13T12:55:46Z</time><speed>1.520</speed><sat>25</sat></trkpt>
  <trkpt lat="38.49489250" lon="42.28678070"><ele>1691.594</ele><time>2026-09-13T12:55:47Z</time><speed>1.480</speed><sat>25</sat></trkpt>
  <trkpt lat="38.49488044" lon="42.28678688"><ele>1691.731</ele><time>2026-09-13T12:55:48Z</time><speed>1.480</speed><sat>26</sat></trkpt>
  <trkpt lat="38.49486821" lon="42.28679204"><ele>1692.009</ele><time>2026-09-13T12:55:49Z</time><speed>1.450</speed><sat>26</sat></trkpt>
  <trkpt lat="38.49485680" lon="42.28679620"><ele>1692.062</ele><time>2026-09-13T12:55:50Z</time><speed>1.330</speed><sat>28</sat></trkpt>
  <trkpt lat="38.49484529" lon="42.28680070"><ele>1692.159</ele><time>2026-09-13T12:55:51Z</time><speed>1.450</speed><sat>29</sat></trkpt>
  <trkpt lat="38.49483303" lon="42.28680602"><ele>1691.791</ele><time>2026-09-13T12:55:52Z</time><speed>1.580</speed><sat>29</sat></trkpt>
  <trkpt lat="38.49482095" lon="42.28681238"><ele>1691.896</ele><time>2026-09-13T12:55:53Z</time><speed>1.540</speed><sat>29</sat></trkpt>
  <trkpt lat="38.49481008" lon="42.28681970"><ele>1691.700</ele><time>2026-09-13T12:55:54Z</time><speed>1.550</speed><sat>30</sat></trkpt>
  <trkpt lat="38.49480011" lon="42.28682774"><ele>1691.098</ele><time>2026-09-13T12:55:55Z</time><speed>1.510</speed><sat>30</sat></trkpt>
  <trkpt lat="38.49479013" lon="42.28683672"><ele>1691.365</ele><time>2026-09-13T12:55:56Z</time><speed>1.580</speed><sat>29</sat></trkpt>
  <trkpt lat="38.49477961" lon="42.28684572"><ele>1691.340</ele><time>2026-09-13T12:55:57Z</time><speed>1.520</speed><sat>29</sat></trkpt>
  <trkpt lat="38.49476907" lon="42.28685478"><ele>1691.408</ele><time>2026-09-13T12:55:58Z</time><speed>1.580</speed><sat>29</sat></trkpt>
  <trkpt lat="38.49475844" lon="42.28686372"><ele>1691.629</ele><time>2026-09-13T12:55:59Z</time><speed>1.520</speed><sat>30</sat></trkpt>
  <trkpt lat="38.49474751" lon="42.28687186"><ele>1691.980</ele><time>2026-09-13T12:56:00Z</time><speed>1.570</speed><sat>28</sat></trkpt>
  <trkpt lat="38.49473656" lon="42.28688039"><ele>1692.866</ele><time>2026-09-13T12:56:01Z</time><speed>1.490</speed><sat>27</sat></trkpt>
  <trkpt lat="38.49472522" lon="42.28688786"><ele>1693.386</ele><time>2026-09-13T12:56:02Z</time><speed>1.550</speed><sat>25</sat></trkpt>
  <trkpt lat="38.49471466" lon="42.28689558"><ele>1693.179</ele><time>2026-09-13T12:56:03Z</time><speed>1.510</speed><sat>25</sat></trkpt>
  <trkpt lat="38.49470407" lon="42.28690257"><ele>1693.081</ele><time>2026-09-13T12:56:04Z</time><speed>1.480</speed><sat>24</sat></trkpt>
  <trkpt lat="38.49469374" lon="42.28691008"><ele>1693.029</ele><time>2026-09-13T12:56:05Z</time><speed>1.500</speed><sat>23</sat></trkpt>
  <trkpt lat="38.49468340" lon="42.28691708"><ele>1692.706</ele><time>2026-09-13T12:56:06Z</time><speed>1.470</speed><sat>21</sat></trkpt>
  <trkpt lat="38.49467333" lon="42.28692368"><ele>1692.581</ele><time>2026-09-13T12:56:07Z</time><speed>1.390</speed><sat>19</sat></trkpt>
  <trkpt lat="38.49466259" lon="42.28692980"><ele>1692.857</ele><time>2026-09-13T12:56:08Z</time><speed>1.460</speed><sat>19</sat></trkpt>
  <trkpt lat="38.49465107" lon="42.28693526"><ele>1692.671</ele><time>2026-09-13T12:56:09Z</time><speed>1.480</speed><sat>19</sat></trkpt>
  <trkpt lat="38.49464016" lon="42.28694211"><ele>1692.635</ele><time>2026-09-13T12:56:10Z</time><speed>1.460</speed><sat>22</sat></trkpt>
  <trkpt lat="38.49462984" lon="42.28695179"><ele>1693.149</ele><time>2026-09-13T12:56:11Z</time><speed>1.460</speed><sat>22</sat></trkpt>
  <trkpt lat="38.49461929" lon="42.28696121"><ele>1694.023</ele><time>2026-09-13T12:56:12Z</time><speed>1.510</speed><sat>22</sat></trkpt>
  <trkpt lat="38.49460810" lon="42.28696910"><ele>1694.044</ele><time>2026-09-13T12:56:13Z</time><speed>1.450</speed><sat>23</sat></trkpt>
  <trkpt lat="38.49459679" lon="42.28697650"><ele>1693.877</ele><time>2026-09-13T12:56:14Z</time><speed>1.480</speed><sat>23</sat></trkpt>
  <trkpt lat="38.49458547" lon="42.28698293"><ele>1694.094</ele><time>2026-09-13T12:56:15Z</time><speed>1.460</speed><sat>23</sat></trkpt>
  <trkpt lat="38.49457448" lon="42.28699058"><ele>1693.918</ele><time>2026-09-13T12:56:16Z</time><speed>1.460</speed><sat>20</sat></trkpt>
  <trkpt lat="38.49456387" lon="42.28699838"><ele>1694.215</ele><time>2026-09-13T12:56:17Z</time><speed>1.460</speed><sat>20</sat></trkpt>
  <trkpt lat="38.49455122" lon="42.28700127"><ele>1693.803</ele><time>2026-09-13T12:56:18Z</time><speed>1.610</speed><sat>20</sat></trkpt>
  <trkpt lat="38.49453601" lon="42.28700621"><ele>1694.594</ele><time>2026-09-13T12:56:19Z</time><speed>1.910</speed><sat>22</sat></trkpt>
  <trkpt lat="38.49452146" lon="42.28701275"><ele>1695.211</ele><time>2026-09-13T12:56:20Z</time><speed>1.640</speed><sat>21</sat></trkpt>
  <trkpt lat="38.49450912" lon="42.28701952"><ele>1694.854</ele><time>2026-09-13T12:56:21Z</time><speed>1.570</speed><sat>21</sat></trkpt>
  <trkpt lat="38.49450038" lon="42.28702884"><ele>1694.035</ele><time>2026-09-13T12:56:22Z</time><speed>1.530</speed><sat>21</sat></trkpt>
  <trkpt lat="38.49449076" lon="42.28703783"><ele>1693.541</ele><time>2026-09-13T12:56:23Z</time><speed>1.580</speed><sat>23</sat></trkpt>
  <trkpt lat="38.49448038" lon="42.28704663"><ele>1693.211</ele><time>2026-09-13T12:56:24Z</time><speed>1.560</speed><sat>25</sat></trkpt>
  <trkpt lat="38.49446855" lon="42.28705206"><ele>1694.309</ele><time>2026-09-13T12:56:25Z</time><speed>1.590</speed><sat>26</sat></trkpt>
  <trkpt lat="38.49445558" lon="42.28705830"><ele>1695.599</ele><time>2026-09-13T12:56:26Z</time><speed>1.610</speed><sat>26</sat></trkpt>
  <trkpt lat="38.49444179" lon="42.28706357"><ele>1695.383</ele><time>2026-09-13T12:56:27Z</time><speed>1.610</speed><sat>26</sat></trkpt>
  <trkpt lat="38.49442708" lon="42.28706390"><ele>1695.719</ele><time>2026-09-13T12:56:28Z</time><speed>1.900</speed><sat>26</sat></trkpt>
  <trkpt lat="38.49441380" lon="42.28706924"><ele>1695.077</ele><time>2026-09-13T12:56:29Z</time><speed>1.580</speed><sat>26</sat></trkpt>
  <trkpt lat="38.49440478" lon="42.28707590"><ele>1694.741</ele><time>2026-09-13T12:56:30Z</time><speed>1.260</speed><sat>26</sat></trkpt>
  <trkpt lat="38.49439736" lon="42.28708416"><ele>1694.282</ele><time>2026-09-13T12:56:31Z</time><speed>1.310</speed><sat>26</sat></trkpt>
  <trkpt lat="38.49438876" lon="42.28709506"><ele>1693.319</ele><time>2026-09-13T12:56:32Z</time><speed>1.510</speed><sat>27</sat></trkpt>
  <trkpt lat="38.49437830" lon="42.28710456"><ele>1693.622</ele><time>2026-09-13T12:56:33Z</time><speed>1.530</speed><sat>27</sat></trkpt>
  <trkpt lat="38.49436787" lon="42.28711599"><ele>1693.237</ele><time>2026-09-13T12:56:34Z</time><speed>1.620</speed><sat>27</sat></trkpt>
  <trkpt lat="38.49435797" lon="42.28712491"><ele>1693.519</ele><time>2026-09-13T12:56:35Z</time><speed>1.180</speed><sat>27</sat></trkpt>
  <trkpt lat="38.49434982" lon="42.28713232"><ele>1692.960</ele><time>2026-09-13T12:56:36Z</time><speed>1.260</speed><sat>27</sat></trkpt>
  <trkpt lat="38.49433791" lon="42.28713280"><ele>1692.578</ele><time>2026-09-13T12:56:37Z</time><speed>1.620</speed><sat>27</sat></trkpt>
  <trkpt lat="38.49432436" lon="42.28713124"><ele>1693.392</ele><time>2026-09-13T12:56:38Z</time><speed>1.440</speed><sat>27</sat></trkpt>
  <trkpt lat="38.49431165" lon="42.28713238"><ele>1692.867</ele><time>2026-09-13T12:56:39Z</time><speed>1.520</speed><sat>27</sat></trkpt>
  <trkpt lat="38.49429964" lon="42.28713650"><ele>1692.292</ele><time>2026-09-13T12:56:40Z</time><speed>1.390</speed><sat>27</sat></trkpt>
  <trkpt lat="38.49428829" lon="42.28714494"><ele>1692.124</ele><time>2026-09-13T12:56:41Z</time><speed>1.390</speed><sat>28</sat></trkpt>
  <trkpt lat="38.49427720" lon="42.28715148"><ele>1692.437</ele><time>2026-09-13T12:56:42Z</time><speed>1.120</speed><sat>28</sat></trkpt>
  <trkpt lat="38.49426819" lon="42.28715809"><ele>1692.340</ele><time>2026-09-13T12:56:43Z</time><speed>1.130</speed><sat>30</sat></trkpt>
  <trkpt lat="38.49426106" lon="42.28716281"><ele>1692.646</ele><time>2026-09-13T12:56:44Z</time><speed>0.360</speed><sat>30</sat></trkpt>
  <trkpt lat="38.49425338" lon="42.28716694"><ele>1692.703</ele><time>2026-09-13T12:56:45Z</time><speed>0.940</speed><sat>30</sat></trkpt>
  <trkpt lat="38.49424011" lon="42.28717202"><ele>1692.713</ele><time>2026-09-13T12:56:46Z</time><speed>1.420</speed><sat>30</sat></trkpt>
  <trkpt lat="38.49422446" lon="42.28716682"><ele>1692.982</ele><time>2026-09-13T12:56:47Z</time><speed>1.830</speed><sat>30</sat></trkpt>
  <trkpt lat="38.49420834" lon="42.28717009"><ele>1693.740</ele><time>2026-09-13T12:56:48Z</time><speed>1.720</speed><sat>30</sat></trkpt>
  <trkpt lat="38.49419441" lon="42.28717755"><ele>1693.432</ele><time>2026-09-13T12:56:49Z</time><speed>1.540</speed><sat>29</sat></trkpt>
  <trkpt lat="38.49418319" lon="42.28718949"><ele>1693.394</ele><time>2026-09-13T12:56:50Z</time><speed>1.520</speed><sat>29</sat></trkpt>
  <trkpt lat="38.49417363" lon="42.28720611"><ele>1692.849</ele><time>2026-09-13T12:56:51Z</time><speed>1.550</speed><sat>27</sat></trkpt>
  <trkpt lat="38.49416401" lon="42.28722242"><ele>1692.964</ele><time>2026-09-13T12:56:52Z</time><speed>1.460</speed><sat>26</sat></trkpt>
  <trkpt lat="38.49415524" lon="42.28723797"><ele>1693.733</ele><time>2026-09-13T12:56:53Z</time><speed>1.560</speed><sat>26</sat></trkpt>
  <trkpt lat="38.49414640" lon="42.28725102"><ele>1693.936</ele><time>2026-09-13T12:56:54Z</time><speed>1.450</speed><sat>26</sat></trkpt>
  <trkpt lat="38.49413764" lon="42.28726370"><ele>1693.532</ele><time>2026-09-13T12:56:55Z</time><speed>1.470</speed><sat>26</sat></trkpt>
  <trkpt lat="38.49412882" lon="42.28727558"><ele>1693.275</ele><time>2026-09-13T12:56:56Z</time><speed>1.410</speed><sat>27</sat></trkpt>
  <trkpt lat="38.49411943" lon="42.28728500"><ele>1692.859</ele><time>2026-09-13T12:56:57Z</time><speed>1.400</speed><sat>26</sat></trkpt>
  <trkpt lat="38.49411038" lon="42.28729467"><ele>1692.134</ele><time>2026-09-13T12:56:58Z</time><speed>1.380</speed><sat>26</sat></trkpt>
  <trkpt lat="38.49410024" lon="42.28730365"><ele>1692.858</ele><time>2026-09-13T12:56:59Z</time><speed>1.420</speed><sat>26</sat></trkpt>
  <trkpt lat="38.49408961" lon="42.28731226"><ele>1693.067</ele><time>2026-09-13T12:57:00Z</time><speed>1.400</speed><sat>25</sat></trkpt>
  <trkpt lat="38.49407892" lon="42.28731982"><ele>1693.133</ele><time>2026-09-13T12:57:01Z</time><speed>1.390</speed><sat>25</sat></trkpt>
  <trkpt lat="38.49406886" lon="42.28732602"><ele>1692.797</ele><time>2026-09-13T12:57:02Z</time><speed>1.350</speed><sat>26</sat></trkpt>
  <trkpt lat="38.49405795" lon="42.28733224"><ele>1693.563</ele><time>2026-09-13T12:57:03Z</time><speed>1.420</speed><sat>26</sat></trkpt>
  <trkpt lat="38.49404562" lon="42.28733831"><ele>1694.396</ele><time>2026-09-13T12:57:04Z</time><speed>1.410</speed><sat>26</sat></trkpt>
  <trkpt lat="38.49403602" lon="42.28734820"><ele>1693.394</ele><time>2026-09-13T12:57:05Z</time><speed>1.300</speed><sat>28</sat></trkpt>
  <trkpt lat="38.49402559" lon="42.28735789"><ele>1692.479</ele><time>2026-09-13T12:57:06Z</time><speed>1.530</speed><sat>28</sat></trkpt>
  <trkpt lat="38.49401496" lon="42.28736761"><ele>1691.368</ele><time>2026-09-13T12:57:07Z</time><speed>1.490</speed><sat>28</sat></trkpt>
  <trkpt lat="38.49400416" lon="42.28737738"><ele>1691.399</ele><time>2026-09-13T12:57:08Z</time><speed>1.670</speed><sat>29</sat></trkpt>
  <trkpt lat="38.49399281" lon="42.28738756"><ele>1691.198</ele><time>2026-09-13T12:57:09Z</time><speed>1.600</speed><sat>29</sat></trkpt>
  <trkpt lat="38.49398299" lon="42.28739846"><ele>1690.702</ele><time>2026-09-13T12:57:10Z</time><speed>1.440</speed><sat>30</sat></trkpt>
  <trkpt lat="38.49397369" lon="42.28740941"><ele>1690.215</ele><time>2026-09-13T12:57:11Z</time><speed>1.550</speed><sat>30</sat></trkpt>
  <trkpt lat="38.49396461" lon="42.28742181"><ele>1689.542</ele><time>2026-09-13T12:57:12Z</time><speed>1.610</speed><sat>30</sat></trkpt>
  <trkpt lat="38.49395594" lon="42.28743486"><ele>1689.552</ele><time>2026-09-13T12:57:13Z</time><speed>1.550</speed><sat>30</sat></trkpt>
  <trkpt lat="38.49394699" lon="42.28744716"><ele>1689.706</ele><time>2026-09-13T12:57:14Z</time><speed>1.560</speed><sat>31</sat></trkpt>
  <trkpt lat="38.49393841" lon="42.28745704"><ele>1689.258</ele><time>2026-09-13T12:57:15Z</time><speed>1.350</speed><sat>30</sat></trkpt>
  <trkpt lat="38.49392735" lon="42.28746373"><ele>1689.227</ele><time>2026-09-13T12:57:16Z</time><speed>1.580</speed><sat>29</sat></trkpt>
  <trkpt lat="38.49391314" lon="42.28746471"><ele>1689.883</ele><time>2026-09-13T12:57:17Z</time><speed>1.790</speed><sat>28</sat></trkpt>
  <trkpt lat="38.49390033" lon="42.28746686"><ele>1690.294</ele><time>2026-09-13T12:57:18Z</time><speed>1.440</speed><sat>28</sat></trkpt>
  <trkpt lat="38.49389007" lon="42.28746975"><ele>1690.105</ele><time>2026-09-13T12:57:19Z</time><speed>1.300</speed><sat>28</sat></trkpt>
  <trkpt lat="38.49388062" lon="42.28747500"><ele>1690.267</ele><time>2026-09-13T12:57:20Z</time><speed>1.350</speed><sat>26</sat></trkpt>
  <trkpt lat="38.49387082" lon="42.28748182"><ele>1691.223</ele><time>2026-09-13T12:57:21Z</time><speed>1.320</speed><sat>26</sat></trkpt>
  <trkpt lat="38.49386185" lon="42.28748989"><ele>1692.079</ele><time>2026-09-13T12:57:22Z</time><speed>1.250</speed><sat>23</sat></trkpt>
  <trkpt lat="38.49385345" lon="42.28749752"><ele>1692.362</ele><time>2026-09-13T12:57:23Z</time><speed>1.290</speed><sat>22</sat></trkpt>
  <trkpt lat="38.49384465" lon="42.28750611"><ele>1692.577</ele><time>2026-09-13T12:57:24Z</time><speed>1.440</speed><sat>23</sat></trkpt>
  <trkpt lat="38.49383599" lon="42.28751511"><ele>1692.414</ele><time>2026-09-13T12:57:25Z</time><speed>1.410</speed><sat>23</sat></trkpt>
  <trkpt lat="38.49382592" lon="42.28752170"><ele>1693.381</ele><time>2026-09-13T12:57:26Z</time><speed>1.460</speed><sat>23</sat></trkpt>
  <trkpt lat="38.49381563" lon="42.28752931"><ele>1692.908</ele><time>2026-09-13T12:57:27Z</time><speed>1.440</speed><sat>23</sat></trkpt>
  <trkpt lat="38.49380892" lon="42.28753831"><ele>1693.076</ele><time>2026-09-13T12:57:28Z</time><speed>1.060</speed><sat>23</sat></trkpt>
  <trkpt lat="38.49380231" lon="42.28755067"><ele>1693.532</ele><time>2026-09-13T12:57:29Z</time><speed>1.480</speed><sat>23</sat></trkpt>
  <trkpt lat="38.49379406" lon="42.28756440"><ele>1694.054</ele><time>2026-09-13T12:57:30Z</time><speed>1.630</speed><sat>24</sat></trkpt>
  <trkpt lat="38.49378355" lon="42.28757279"><ele>1693.495</ele><time>2026-09-13T12:57:31Z</time><speed>1.240</speed><sat>24</sat></trkpt>
  <trkpt lat="38.49377313" lon="42.28757797"><ele>1693.231</ele><time>2026-09-13T12:57:32Z</time><speed>1.260</speed><sat>27</sat></trkpt>
  <trkpt lat="38.49376374" lon="42.28758073"><ele>1691.838</ele><time>2026-09-13T12:57:33Z</time><speed>0.990</speed><sat>27</sat></trkpt>
  <trkpt lat="38.49375321" lon="42.28758250"><ele>1691.746</ele><time>2026-09-13T12:57:34Z</time><speed>0.970</speed><sat>28</sat></trkpt>
  <trkpt lat="38.49374311" lon="42.28758653"><ele>1691.758</ele><time>2026-09-13T12:57:35Z</time><speed>1.090</speed><sat>28</sat></trkpt>
  <trkpt lat="38.49373647" lon="42.28758819"><ele>1691.409</ele><time>2026-09-13T12:57:36Z</time><speed>0.510</speed><sat>28</sat></trkpt>
  <trkpt lat="38.49373938" lon="42.28758914"><ele>1692.230</ele><time>2026-09-13T12:57:37Z</time><speed>0.810</speed><sat>28</sat></trkpt>
  <trkpt lat="38.49374470" lon="42.28758999"><ele>1692.232</ele><time>2026-09-13T12:57:38Z</time><speed>0.500</speed><sat>27</sat></trkpt>
  <trkpt lat="38.49374748" lon="42.28758835"><ele>1692.727</ele><time>2026-09-13T12:57:39Z</time><speed>0.310</speed><sat>27</sat></trkpt>
  <trkpt lat="38.49375187" lon="42.28758884"><ele>1692.647</ele><time>2026-09-13T12:57:40Z</time><speed>0.570</speed><sat>27</sat></trkpt>
  <trkpt lat="38.49375776" lon="42.28759033"><ele>1692.585</ele><time>2026-09-13T12:57:41Z</time><speed>0.910</speed><sat>26</sat></trkpt>
  <trkpt lat="38.49375844" lon="42.28759264"><ele>1691.854</ele><time>2026-09-13T12:57:42Z</time><speed>0.470</speed><sat>26</sat></trkpt>
  <trkpt lat="38.49375695" lon="42.28759324"><ele>1691.703</ele><time>2026-09-13T12:57:43Z</time><speed>0.660</speed><sat>26</sat></trkpt>
  <trkpt lat="38.49375855" lon="42.28759602"><ele>1690.836</ele><time>2026-09-13T12:57:44Z</time><speed>1.000</speed><sat>27</sat></trkpt>
  <trkpt lat="38.49375871" lon="42.28759791"><ele>1690.743</ele><time>2026-09-13T12:57:45Z</time><speed>0.620</speed><sat>26</sat></trkpt>
  <trkpt lat="38.49375414" lon="42.28759719"><ele>1690.175</ele><time>2026-09-13T12:57:46Z</time><speed>0.320</speed><sat>26</sat></trkpt>
  <trkpt lat="38.49374450" lon="42.28759204"><ele>1690.188</ele><time>2026-09-13T12:57:47Z</time><speed>0.550</speed><sat>27</sat></trkpt>
  <trkpt lat="38.49372757" lon="42.28758054"><ele>1689.833</ele><time>2026-09-13T12:57:48Z</time><speed>1.680</speed><sat>26</sat></trkpt>
  <trkpt lat="38.49371099" lon="42.28756674"><ele>1689.696</ele><time>2026-09-13T12:57:49Z</time><speed>1.260</speed><sat>26</sat></trkpt>
  <trkpt lat="38.49369689" lon="42.28754905"><ele>1689.689</ele><time>2026-09-13T12:57:50Z</time><speed>1.780</speed><sat>27</sat></trkpt>
  <trkpt lat="38.49368467" lon="42.28752740"><ele>1689.358</ele><time>2026-09-13T12:57:51Z</time><speed>1.840</speed><sat>28</sat></trkpt>
  <trkpt lat="38.49367432" lon="42.28750673"><ele>1689.604</ele><time>2026-09-13T12:57:52Z</time><speed>1.610</speed><sat>28</sat></trkpt>
  <trkpt lat="38.49366329" lon="42.28749003"><ele>1690.211</ele><time>2026-09-13T12:57:53Z</time><speed>1.420</speed><sat>28</sat></trkpt>
  <trkpt lat="38.49365693" lon="42.28748102"><ele>1688.606</ele><time>2026-09-13T12:57:54Z</time><speed>0.170</speed><sat>28</sat></trkpt>
  <trkpt lat="38.49365340" lon="42.28747809"><ele>1689.117</ele><time>2026-09-13T12:57:55Z</time><speed>0.250</speed><sat>28</sat></trkpt>
  <trkpt lat="38.49364627" lon="42.28747155"><ele>1688.615</ele><time>2026-09-13T12:57:56Z</time><speed>0.840</speed><sat>28</sat></trkpt>
  <trkpt lat="38.49363700" lon="42.28745497"><ele>1689.490</ele><time>2026-09-13T12:57:57Z</time><speed>1.660</speed><sat>28</sat></trkpt>
  <trkpt lat="38.49362770" lon="42.28743179"><ele>1689.919</ele><time>2026-09-13T12:57:58Z</time><speed>1.730</speed><sat>29</sat></trkpt>
  <trkpt lat="38.49362024" lon="42.28740823"><ele>1690.959</ele><time>2026-09-13T12:57:59Z</time><speed>1.600</speed><sat>29</sat></trkpt>
  <trkpt lat="38.49361407" lon="42.28738650"><ele>1691.355</ele><time>2026-09-13T12:58:00Z</time><speed>1.530</speed><sat>29</sat></trkpt>
  <trkpt lat="38.49360757" lon="42.28736746"><ele>1691.468</ele><time>2026-09-13T12:58:01Z</time><speed>1.230</speed><sat>29</sat></trkpt>
  <trkpt lat="38.49360046" lon="42.28735504"><ele>1691.337</ele><time>2026-09-13T12:58:02Z</time><speed>0.740</speed><sat>29</sat></trkpt>
  <trkpt lat="38.49359105" lon="42.28734870"><ele>1691.974</ele><time>2026-09-13T12:58:03Z</time><speed>1.070</speed><sat>29</sat></trkpt>
  <trkpt lat="38.49358020" lon="42.28734793"><ele>1692.106</ele><time>2026-09-13T12:58:04Z</time><speed>1.050</speed><sat>29</sat></trkpt>
  <trkpt lat="38.49356931" lon="42.28735030"><ele>1691.770</ele><time>2026-09-13T12:58:05Z</time><speed>1.210</speed><sat>29</sat></trkpt>
  <trkpt lat="38.49355760" lon="42.28735189"><ele>1691.685</ele><time>2026-09-13T12:58:06Z</time><speed>1.330</speed><sat>29</sat></trkpt>
  <trkpt lat="38.49354690" lon="42.28735218"><ele>1690.765</ele><time>2026-09-13T12:58:07Z</time><speed>1.150</speed><sat>29</sat></trkpt>
  <trkpt lat="38.49353637" lon="42.28735204"><ele>1690.158</ele><time>2026-09-13T12:58:08Z</time><speed>1.220</speed><sat>29</sat></trkpt>
  <trkpt lat="38.49352630" lon="42.28735252"><ele>1690.473</ele><time>2026-09-13T12:58:09Z</time><speed>1.100</speed><sat>29</sat></trkpt>
  <trkpt lat="38.49351911" lon="42.28735253"><ele>1691.212</ele><time>2026-09-13T12:58:10Z</time><speed>0.590</speed><sat>29</sat></trkpt>
  <trkpt lat="38.49351821" lon="42.28735542"><ele>1691.124</ele><time>2026-09-13T12:58:11Z</time><speed>0.000</speed><sat>29</sat></trkpt>
  <trkpt lat="38.49351908" lon="42.28735716"><ele>1691.125</ele><time>2026-09-13T12:58:12Z</time><speed>0.000</speed><sat>29</sat></trkpt>
  <trkpt lat="38.49351918" lon="42.28735884"><ele>1691.470</ele><time>2026-09-13T12:58:13Z</time><speed>0.000</speed><sat>29</sat></trkpt>
  <trkpt lat="38.49351929" lon="42.28735970"><ele>1691.659</ele><time>2026-09-13T12:58:14Z</time><speed>0.290</speed><sat>29</sat></trkpt>
  <trkpt lat="38.49351971" lon="42.28736024"><ele>1691.647</ele><time>2026-09-13T12:58:15Z</time><speed>0.000</speed><sat>28</sat></trkpt>
  <trkpt lat="38.49352060" lon="42.28736077"><ele>1691.649</ele><time>2026-09-13T12:58:16Z</time><speed>0.000</speed><sat>25</sat></trkpt>
  <trkpt lat="38.49352108" lon="42.28736109"><ele>1691.645</ele><time>2026-09-13T12:58:17Z</time><speed>0.000</speed><sat>25</sat></trkpt>
  <trkpt lat="38.49352137" lon="42.28736134"><ele>1691.650</ele><time>2026-09-13T12:58:18Z</time><speed>0.000</speed><sat>27</sat></trkpt>
  <trkpt lat="38.49352155" lon="42.28736154"><ele>1691.650</ele><time>2026-09-13T12:58:19Z</time><speed>0.000</speed><sat>26</sat></trkpt>
  <trkpt lat="38.49352164" lon="42.28736162"><ele>1691.647</ele><time>2026-09-13T12:58:20Z</time><speed>0.000</speed><sat>26</sat></trkpt>
  <trkpt lat="38.49352167" lon="42.28736164"><ele>1691.652</ele><time>2026-09-13T12:58:21Z</time><speed>0.000</speed><sat>26</sat></trkpt>
  <trkpt lat="38.49352168" lon="42.28736172"><ele>1691.656</ele><time>2026-09-13T12:58:22Z</time><speed>0.000</speed><sat>26</sat></trkpt>
  <trkpt lat="38.49352166" lon="42.28736176"><ele>1691.658</ele><time>2026-09-13T12:58:23Z</time><speed>0.000</speed><sat>26</sat></trkpt>
  <trkpt lat="38.49352176" lon="42.28735974"><ele>1691.467</ele><time>2026-09-13T12:58:24Z</time><speed>0.000</speed><sat>25</sat></trkpt>
  <trkpt lat="38.49352092" lon="42.28735924"><ele>1691.320</ele><time>2026-09-13T12:58:25Z</time><speed>0.000</speed><sat>25</sat></trkpt>
  <trkpt lat="38.49351942" lon="42.28736027"><ele>1691.446</ele><time>2026-09-13T12:58:26Z</time><speed>0.200</speed><sat>26</sat></trkpt>
  <trkpt lat="38.49351527" lon="42.28735997"><ele>1691.938</ele><time>2026-09-13T12:58:27Z</time><speed>0.520</speed><sat>26</sat></trkpt>
  <trkpt lat="38.49351139" lon="42.28735749"><ele>1692.060</ele><time>2026-09-13T12:58:28Z</time><speed>0.000</speed><sat>26</sat></trkpt>
  <trkpt lat="38.49351064" lon="42.28735618"><ele>1692.058</ele><time>2026-09-13T12:58:29Z</time><speed>0.000</speed><sat>26</sat></trkpt>
  <trkpt lat="38.49351026" lon="42.28735554"><ele>1692.055</ele><time>2026-09-13T12:58:30Z</time><speed>0.000</speed><sat>27</sat></trkpt>
  <trkpt lat="38.49351008" lon="42.28735521"><ele>1692.051</ele><time>2026-09-13T12:58:31Z</time><speed>0.000</speed><sat>27</sat></trkpt>
  <trkpt lat="38.49351000" lon="42.28735502"><ele>1692.046</ele><time>2026-09-13T12:58:32Z</time><speed>0.000</speed><sat>27</sat></trkpt>
  <trkpt lat="38.49350996" lon="42.28735491"><ele>1692.041</ele><time>2026-09-13T12:58:33Z</time><speed>0.000</speed><sat>28</sat></trkpt>
  <trkpt lat="38.49350994" lon="42.28735487"><ele>1692.040</ele><time>2026-09-13T12:58:34Z</time><speed>0.000</speed><sat>28</sat></trkpt>
  <trkpt lat="38.49350994" lon="42.28735485"><ele>1692.041</ele><time>2026-09-13T12:58:35Z</time><speed>0.000</speed><sat>27</sat></trkpt>
  <trkpt lat="38.49350997" lon="42.28735494"><ele>1692.047</ele><time>2026-09-13T12:58:36Z</time><speed>0.000</speed><sat>26</sat></trkpt>
  <trkpt lat="38.49351004" lon="42.28735508"><ele>1692.054</ele><time>2026-09-13T12:58:37Z</time><speed>0.000</speed><sat>27</sat></trkpt>
  <trkpt lat="38.49351011" lon="42.28735524"><ele>1692.052</ele><time>2026-09-13T12:58:38Z</time><speed>0.000</speed><sat>28</sat></trkpt>
  <trkpt lat="38.49351021" lon="42.28735542"><ele>1692.050</ele><time>2026-09-13T12:58:39Z</time><speed>0.000</speed><sat>28</sat></trkpt>
  <trkpt lat="38.49351007" lon="42.28735579"><ele>1692.213</ele><time>2026-09-13T12:58:40Z</time><speed>0.000</speed><sat>28</sat></trkpt>
  <trkpt lat="38.49351010" lon="42.28735631"><ele>1692.229</ele><time>2026-09-13T12:58:41Z</time><speed>0.000</speed><sat>28</sat></trkpt>
  <trkpt lat="38.49351026" lon="42.28735667"><ele>1692.233</ele><time>2026-09-13T12:58:42Z</time><speed>0.000</speed><sat>27</sat></trkpt>
  <trkpt lat="38.49351038" lon="42.28735695"><ele>1692.235</ele><time>2026-09-13T12:58:43Z</time><speed>0.000</speed><sat>28</sat></trkpt>
  <trkpt lat="38.49351042" lon="42.28735711"><ele>1692.240</ele><time>2026-09-13T12:58:44Z</time><speed>0.000</speed><sat>28</sat></trkpt>
  <trkpt lat="38.49351044" lon="42.28735721"><ele>1692.241</ele><time>2026-09-13T12:58:45Z</time><speed>0.000</speed><sat>26</sat></trkpt>
  <trkpt lat="38.49351046" lon="42.28735735"><ele>1692.246</ele><time>2026-09-13T12:58:46Z</time><speed>0.000</speed><sat>26</sat></trkpt>
  <trkpt lat="38.49351044" lon="42.28735744"><ele>1692.248</ele><time>2026-09-13T12:58:47Z</time><speed>0.000</speed><sat>24</sat></trkpt>
  <trkpt lat="38.49351042" lon="42.28735750"><ele>1692.250</ele><time>2026-09-13T12:58:48Z</time><speed>0.000</speed><sat>24</sat></trkpt>
  <trkpt lat="38.49351040" lon="42.28735753"><ele>1692.250</ele><time>2026-09-13T12:58:49Z</time><speed>0.000</speed><sat>24</sat></trkpt>
  <trkpt lat="38.49351037" lon="42.28735756"><ele>1692.252</ele><time>2026-09-13T12:58:50Z</time><speed>0.000</speed><sat>23</sat></trkpt>
  <trkpt lat="38.49351034" lon="42.28735757"><ele>1692.253</ele><time>2026-09-13T12:58:51Z</time><speed>0.000</speed><sat>23</sat></trkpt>
  <trkpt lat="38.49351030" lon="42.28735759"><ele>1692.256</ele><time>2026-09-13T12:58:52Z</time><speed>0.000</speed><sat>23</sat></trkpt>
  <trkpt lat="38.49350921" lon="42.28735903"><ele>1692.365</ele><time>2026-09-13T12:58:53Z</time><speed>0.200</speed><sat>23</sat></trkpt>
  <trkpt lat="38.49350852" lon="42.28736050"><ele>1692.425</ele><time>2026-09-13T12:58:54Z</time><speed>0.000</speed><sat>24</sat></trkpt>
  <trkpt lat="38.49350859" lon="42.28736108"><ele>1692.462</ele><time>2026-09-13T12:58:55Z</time><speed>0.000</speed><sat>24</sat></trkpt>
  <trkpt lat="38.49350714" lon="42.28736171"><ele>1691.805</ele><time>2026-09-13T12:58:56Z</time><speed>0.180</speed><sat>26</sat></trkpt>
  <trkpt lat="38.49350531" lon="42.28736169"><ele>1691.793</ele><time>2026-09-13T12:58:57Z</time><speed>0.000</speed><sat>27</sat></trkpt>
  <trkpt lat="38.49350453" lon="42.28736140"><ele>1691.810</ele><time>2026-09-13T12:58:58Z</time><speed>0.000</speed><sat>28</sat></trkpt>
  <trkpt lat="38.49350414" lon="42.28736126"><ele>1691.806</ele><time>2026-09-13T12:58:59Z</time><speed>0.000</speed><sat>28</sat></trkpt>
  <trkpt lat="38.49350391" lon="42.28736116"><ele>1691.797</ele><time>2026-09-13T12:59:00Z</time><speed>0.000</speed><sat>28</sat></trkpt>
  <trkpt lat="38.49350218" lon="42.28735878"><ele>1691.692</ele><time>2026-09-13T12:59:01Z</time><speed>0.330</speed><sat>28</sat></trkpt>
  <trkpt lat="38.49350071" lon="42.28735745"><ele>1691.649</ele><time>2026-09-13T12:59:02Z</time><speed>0.000</speed><sat>27</sat></trkpt>
  <trkpt lat="38.49349742" lon="42.28735817"><ele>1691.987</ele><time>2026-09-13T12:59:03Z</time><speed>0.490</speed><sat>27</sat></trkpt>
  <trkpt lat="38.49349383" lon="42.28736014"><ele>1692.257</ele><time>2026-09-13T12:59:04Z</time><speed>0.430</speed><sat>28</sat></trkpt>
  <trkpt lat="38.49349033" lon="42.28736562"><ele>1692.740</ele><time>2026-09-13T12:59:05Z</time><speed>0.560</speed><sat>27</sat></trkpt>
  <trkpt lat="38.49348466" lon="42.28737489"><ele>1692.690</ele><time>2026-09-13T12:59:06Z</time><speed>1.000</speed><sat>26</sat></trkpt>
  <trkpt lat="38.49348310" lon="42.28740440"><ele>1691.767</ele><time>2026-09-13T12:59:07Z</time><speed>2.160</speed><sat>24</sat></trkpt>
  <trkpt lat="38.49348269" lon="42.28742693"><ele>1691.290</ele><time>2026-09-13T12:59:08Z</time><speed>0.640</speed><sat>26</sat></trkpt>
  <trkpt lat="38.49348792" lon="42.28744757"><ele>1691.262</ele><time>2026-09-13T12:59:09Z</time><speed>0.000</speed><sat>25</sat></trkpt>
  <trkpt lat="38.49348984" lon="42.28745782"><ele>1691.744</ele><time>2026-09-13T12:59:10Z</time><speed>0.340</speed><sat>25</sat></trkpt>
  <trkpt lat="38.49348591" lon="42.28746150"><ele>1691.843</ele><time>2026-09-13T12:59:11Z</time><speed>0.350</speed><sat>25</sat></trkpt>
  <trkpt lat="38.49348203" lon="42.28746816"><ele>1691.931</ele><time>2026-09-13T12:59:12Z</time><speed>0.490</speed><sat>23</sat></trkpt>
  <trkpt lat="38.49348162" lon="42.28747489"><ele>1690.712</ele><time>2026-09-13T12:59:13Z</time><speed>0.410</speed><sat>23</sat></trkpt>
  <trkpt lat="38.49348185" lon="42.28748273"><ele>1690.248</ele><time>2026-09-13T12:59:14Z</time><speed>0.840</speed><sat>22</sat></trkpt>
  <trkpt lat="38.49348512" lon="42.28749022"><ele>1689.735</ele><time>2026-09-13T12:59:15Z</time><speed>0.000</speed><sat>26</sat></trkpt>
  <trkpt lat="38.49350475" lon="42.28750749"><ele>1690.440</ele><time>2026-09-13T12:59:16Z</time><speed>0.000</speed><sat>27</sat></trkpt>
  <trkpt lat="38.49351217" lon="42.28751584"><ele>1690.262</ele><time>2026-09-13T12:59:17Z</time><speed>0.290</speed><sat>29</sat></trkpt>
  <trkpt lat="38.49351479" lon="42.28751811"><ele>1689.837</ele><time>2026-09-13T12:59:18Z</time><speed>0.270</speed><sat>29</sat></trkpt>
  <trkpt lat="38.49351607" lon="42.28752036"><ele>1689.901</ele><time>2026-09-13T12:59:19Z</time><speed>0.240</speed><sat>30</sat></trkpt>
  <trkpt lat="38.49352160" lon="42.28752167"><ele>1690.087</ele><time>2026-09-13T12:59:20Z</time><speed>0.000</speed><sat>28</sat></trkpt>
  <trkpt lat="38.49352223" lon="42.28752543"><ele>1689.988</ele><time>2026-09-13T12:59:21Z</time><speed>0.440</speed><sat>27</sat></trkpt>
  <trkpt lat="38.49352113" lon="42.28753069"><ele>1689.992</ele><time>2026-09-13T12:59:22Z</time><speed>0.440</speed><sat>26</sat></trkpt>
  <trkpt lat="38.49352376" lon="42.28752134"><ele>1689.673</ele><time>2026-09-13T12:59:23Z</time><speed>0.000</speed><sat>20</sat></trkpt>
  <trkpt lat="38.49352375" lon="42.28751462"><ele>1689.754</ele><time>2026-09-13T12:59:24Z</time><speed>0.000</speed><sat>13</sat></trkpt>
  <trkpt lat="38.49349343" lon="42.28752808"><ele>1690.110</ele><time>2026-09-13T12:59:25Z</time><speed>2.250</speed><sat>7</sat></trkpt>
  <trkpt lat="38.49349366" lon="42.28753478"><ele>1690.556</ele><time>2026-09-13T12:59:26Z</time><speed>0.000</speed><sat>8</sat></trkpt>
  <trkpt lat="38.49349605" lon="42.28752397"><ele>1690.524</ele><time>2026-09-13T12:59:27Z</time><speed>0.900</speed><sat>9</sat></trkpt>
  <trkpt lat="38.49350554" lon="42.28752318"><ele>1690.052</ele><time>2026-09-13T12:59:28Z</time><speed>1.160</speed><sat>8</sat></trkpt>
  <trkpt lat="38.49351438" lon="42.28752302"><ele>1689.475</ele><time>2026-09-13T12:59:29Z</time><speed>0.600</speed><sat>11</sat></trkpt>
  <trkpt lat="38.49353405" lon="42.28751199"><ele>1690.622</ele><time>2026-09-13T12:59:30Z</time><speed>0.830</speed><sat>14</sat></trkpt>
  <trkpt lat="38.49355623" lon="42.28749865"><ele>1692.692</ele><time>2026-09-13T12:59:31Z</time><speed>0.730</speed><sat>20</sat></trkpt>
  <trkpt lat="38.49357322" lon="42.28749180"><ele>1692.364</ele><time>2026-09-13T12:59:32Z</time><speed>0.210</speed><sat>19</sat></trkpt>
  <trkpt lat="38.49358994" lon="42.28749579"><ele>1693.223</ele><time>2026-09-13T12:59:33Z</time><speed>0.980</speed><sat>19</sat></trkpt>
  <trkpt lat="38.49360343" lon="42.28750733"><ele>1693.306</ele><time>2026-09-13T12:59:34Z</time><speed>1.230</speed><sat>21</sat></trkpt>
  <trkpt lat="38.49362186" lon="42.28751411"><ele>1693.607</ele><time>2026-09-13T12:59:35Z</time><speed>0.000</speed><sat>19</sat></trkpt>
  <trkpt lat="38.49363123" lon="42.28752993"><ele>1693.763</ele><time>2026-09-13T12:59:36Z</time><speed>1.210</speed><sat>19</sat></trkpt>
  <trkpt lat="38.49363725" lon="42.28753543"><ele>1694.302</ele><time>2026-09-13T12:59:37Z</time><speed>0.000</speed><sat>18</sat></trkpt>
  <trkpt lat="38.49364024" lon="42.28753545"><ele>1694.277</ele><time>2026-09-13T12:59:38Z</time><speed>0.000</speed><sat>12</sat></trkpt>
  <trkpt lat="38.49364178" lon="42.28753562"><ele>1694.282</ele><time>2026-09-13T12:59:39Z</time><speed>0.000</speed><sat>10</sat></trkpt>
  <trkpt lat="38.49364251" lon="42.28753591"><ele>1694.295</ele><time>2026-09-13T12:59:40Z</time><speed>0.000</speed><sat>7</sat></trkpt>
  <trkpt lat="38.49364282" lon="42.28753605"><ele>1694.298</ele><time>2026-09-13T12:59:41Z</time><speed>0.000</speed><sat>8</sat></trkpt>
  <trkpt lat="38.49364297" lon="42.28753611"><ele>1694.297</ele><time>2026-09-13T12:59:42Z</time><speed>0.000</speed><sat>9</sat></trkpt>
  <trkpt lat="38.49364304" lon="42.28753616"><ele>1694.296</ele><time>2026-09-13T12:59:43Z</time><speed>0.000</speed><sat>10</sat></trkpt>
  <trkpt lat="38.49364308" lon="42.28753618"><ele>1694.296</ele><time>2026-09-13T12:59:44Z</time><speed>0.000</speed><sat>13</sat></trkpt>
  <trkpt lat="38.49364309" lon="42.28753619"><ele>1694.296</ele><time>2026-09-13T12:59:45Z</time><speed>0.000</speed><sat>13</sat></trkpt>
  <trkpt lat="38.49364093" lon="42.28753648"><ele>1693.925</ele><time>2026-09-13T12:59:46Z</time><speed>0.290</speed><sat>13</sat></trkpt>
  <trkpt lat="38.49363680" lon="42.28753687"><ele>1694.059</ele><time>2026-09-13T12:59:47Z</time><speed>0.390</speed><sat>14</sat></trkpt>
  <trkpt lat="38.49362940" lon="42.28752657"><ele>1694.425</ele><time>2026-09-13T12:59:48Z</time><speed>0.000</speed><sat>14</sat></trkpt>
  <trkpt lat="38.49362587" lon="42.28752132"><ele>1693.560</ele><time>2026-09-13T12:59:49Z</time><speed>0.000</speed><sat>12</sat></trkpt>
  <trkpt lat="38.49362387" lon="42.28751853"><ele>1693.569</ele><time>2026-09-13T12:59:50Z</time><speed>0.000</speed><sat>14</sat></trkpt>
  <trkpt lat="38.49362256" lon="42.28751762"><ele>1693.604</ele><time>2026-09-13T12:59:51Z</time><speed>0.000</speed><sat>13</sat></trkpt>
  <trkpt lat="38.49362198" lon="42.28751749"><ele>1693.580</ele><time>2026-09-13T12:59:52Z</time><speed>0.000</speed><sat>14</sat></trkpt>
  <trkpt lat="38.49361983" lon="42.28751588"><ele>1693.420</ele><time>2026-09-13T12:59:53Z</time><speed>0.550</speed><sat>14</sat></trkpt>
  <trkpt lat="38.49361326" lon="42.28751286"><ele>1693.064</ele><time>2026-09-13T12:59:54Z</time><speed>0.000</speed><sat>15</sat></trkpt>
  <trkpt lat="38.49359894" lon="42.28751582"><ele>1692.823</ele><time>2026-09-13T12:59:55Z</time><speed>0.890</speed><sat>16</sat></trkpt>
  <trkpt lat="38.49358557" lon="42.28752029"><ele>1693.504</ele><time>2026-09-13T12:59:56Z</time><speed>0.000</speed><sat>16</sat></trkpt>
  <trkpt lat="38.49357761" lon="42.28752088"><ele>1693.497</ele><time>2026-09-13T12:59:57Z</time><speed>0.000</speed><sat>17</sat></trkpt>
  <trkpt lat="38.49357365" lon="42.28752119"><ele>1693.494</ele><time>2026-09-13T12:59:58Z</time><speed>0.000</speed><sat>17</sat></trkpt>
  <trkpt lat="38.49357166" lon="42.28752137"><ele>1693.500</ele><time>2026-09-13T12:59:59Z</time><speed>0.000</speed><sat>17</sat></trkpt>
  <trkpt lat="38.49357060" lon="42.28752149"><ele>1693.516</ele><time>2026-09-13T13:00:00Z</time><speed>0.000</speed><sat>16</sat></trkpt>
  <trkpt lat="38.49357002" lon="42.28752147"><ele>1693.526</ele><time>2026-09-13T13:00:01Z</time><speed>0.000</speed><sat>17</sat></trkpt>
  <trkpt lat="38.49356959" lon="42.28752154"><ele>1693.519</ele><time>2026-09-13T13:00:02Z</time><speed>0.000</speed><sat>18</sat></trkpt>
  <trkpt lat="38.49356934" lon="42.28752157"><ele>1693.521</ele><time>2026-09-13T13:00:03Z</time><speed>0.000</speed><sat>17</sat></trkpt>
  <trkpt lat="38.49356591" lon="42.28752053"><ele>1693.466</ele><time>2026-09-13T13:00:04Z</time><speed>0.290</speed><sat>19</sat></trkpt>
  <trkpt lat="38.49356514" lon="42.28751180"><ele>1693.280</ele><time>2026-09-13T13:00:05Z</time><speed>0.000</speed><sat>20</sat></trkpt>
  <trkpt lat="38.49356534" lon="42.28750832"><ele>1693.212</ele><time>2026-09-13T13:00:06Z</time><speed>0.000</speed><sat>20</sat></trkpt>
  <trkpt lat="38.49356691" lon="42.28750632"><ele>1693.262</ele><time>2026-09-13T13:00:07Z</time><speed>0.000</speed><sat>18</sat></trkpt>
  <trkpt lat="38.49356439" lon="42.28750016"><ele>1695.491</ele><time>2026-09-13T13:00:08Z</time><speed>0.670</speed><sat>15</sat></trkpt>
  <trkpt lat="38.49356490" lon="42.28750115"><ele>1698.921</ele><time>2026-09-13T13:00:09Z</time><speed>0.660</speed><sat>16</sat></trkpt>
  <trkpt lat="38.49356865" lon="42.28752812"><ele>1698.355</ele><time>2026-09-13T13:00:10Z</time><speed>0.000</speed><sat>17</sat></trkpt>
  <trkpt lat="38.49357249" lon="42.28754243"><ele>1698.943</ele><time>2026-09-13T13:00:11Z</time><speed>0.200</speed><sat>21</sat></trkpt>
  <trkpt lat="38.49358274" lon="42.28755894"><ele>1698.251</ele><time>2026-09-13T13:00:12Z</time><speed>0.000</speed><sat>25</sat></trkpt>
  <trkpt lat="38.49359035" lon="42.28755811"><ele>1697.918</ele><time>2026-09-13T13:00:13Z</time><speed>0.000</speed><sat>26</sat></trkpt>
  <trkpt lat="38.49359388" lon="42.28755762"><ele>1697.907</ele><time>2026-09-13T13:00:14Z</time><speed>0.000</speed><sat>26</sat></trkpt>
  <trkpt lat="38.49359564" lon="42.28755737"><ele>1697.908</ele><time>2026-09-13T13:00:15Z</time><speed>0.000</speed><sat>28</sat></trkpt>
  <trkpt lat="38.49359655" lon="42.28755722"><ele>1697.899</ele><time>2026-09-13T13:00:16Z</time><speed>0.000</speed><sat>27</sat></trkpt>
  <trkpt lat="38.49359690" lon="42.28755722"><ele>1697.918</ele><time>2026-09-13T13:00:17Z</time><speed>0.000</speed><sat>26</sat></trkpt>
  <trkpt lat="38.49359698" lon="42.28755713"><ele>1697.925</ele><time>2026-09-13T13:00:18Z</time><speed>0.000</speed><sat>26</sat></trkpt>
  <trkpt lat="38.49359697" lon="42.28755712"><ele>1697.945</ele><time>2026-09-13T13:00:19Z</time><speed>0.000</speed><sat>25</sat></trkpt>
  <trkpt lat="38.49359692" lon="42.28755696"><ele>1697.953</ele><time>2026-09-13T13:00:20Z</time><speed>0.000</speed><sat>25</sat></trkpt>
  <trkpt lat="38.49359695" lon="42.28755680"><ele>1697.945</ele><time>2026-09-13T13:00:21Z</time><speed>0.000</speed><sat>25</sat></trkpt>
  <trkpt lat="38.49359696" lon="42.28755669"><ele>1697.963</ele><time>2026-09-13T13:00:22Z</time><speed>0.000</speed><sat>25</sat></trkpt>
  <trkpt lat="38.49359690" lon="42.28755683"><ele>1698.022</ele><time>2026-09-13T13:00:23Z</time><speed>0.000</speed><sat>25</sat></trkpt>
  <trkpt lat="38.49359688" lon="42.28755687"><ele>1698.038</ele><time>2026-09-13T13:00:24Z</time><speed>0.000</speed><sat>25</sat></trkpt>
  <trkpt lat="38.49359687" lon="42.28755701"><ele>1698.073</ele><time>2026-09-13T13:00:25Z</time><speed>0.000</speed><sat>25</sat></trkpt>
  <trkpt lat="38.49359694" lon="42.28755708"><ele>1698.073</ele><time>2026-09-13T13:00:26Z</time><speed>0.000</speed><sat>25</sat></trkpt>
  <trkpt lat="38.49359703" lon="42.28755736"><ele>1698.126</ele><time>2026-09-13T13:00:27Z</time><speed>0.000</speed><sat>25</sat></trkpt>
  <trkpt lat="38.49359712" lon="42.28755753"><ele>1698.140</ele><time>2026-09-13T13:00:28Z</time><speed>0.000</speed><sat>25</sat></trkpt>
  <trkpt lat="38.49359720" lon="42.28755764"><ele>1698.151</ele><time>2026-09-13T13:00:29Z</time><speed>0.000</speed><sat>26</sat></trkpt>
  <trkpt lat="38.49359726" lon="42.28755775"><ele>1698.158</ele><time>2026-09-13T13:00:30Z</time><speed>0.000</speed><sat>24</sat></trkpt>
  <trkpt lat="38.49359731" lon="42.28755767"><ele>1698.150</ele><time>2026-09-13T13:00:31Z</time><speed>0.000</speed><sat>25</sat></trkpt>
  <trkpt lat="38.49359736" lon="42.28755761"><ele>1698.149</ele><time>2026-09-13T13:00:32Z</time><speed>0.000</speed><sat>26</sat></trkpt>
  <trkpt lat="38.49359732" lon="42.28755752"><ele>1698.163</ele><time>2026-09-13T13:00:33Z</time><speed>0.000</speed><sat>26</sat></trkpt>
  <trkpt lat="38.49359737" lon="42.28755753"><ele>1698.163</ele><time>2026-09-13T13:00:34Z</time><speed>0.000</speed><sat>27</sat></trkpt>
  <trkpt lat="38.49359739" lon="42.28755755"><ele>1698.169</ele><time>2026-09-13T13:00:35Z</time><speed>0.000</speed><sat>28</sat></trkpt>
  <trkpt lat="38.49359742" lon="42.28755744"><ele>1698.155</ele><time>2026-09-13T13:00:36Z</time><speed>0.000</speed><sat>27</sat></trkpt>
  <trkpt lat="38.49359743" lon="42.28755730"><ele>1698.147</ele><time>2026-09-13T13:00:37Z</time><speed>0.000</speed><sat>27</sat></trkpt>
  <trkpt lat="38.49359747" lon="42.28755728"><ele>1698.161</ele><time>2026-09-13T13:00:38Z</time><speed>0.000</speed><sat>26</sat></trkpt>
  <trkpt lat="38.49359752" lon="42.28755721"><ele>1698.159</ele><time>2026-09-13T13:00:39Z</time><speed>0.000</speed><sat>25</sat></trkpt>
  <trkpt lat="38.49359764" lon="42.28755726"><ele>1698.182</ele><time>2026-09-13T13:00:40Z</time><speed>0.000</speed><sat>24</sat></trkpt>
  <trkpt lat="38.49359770" lon="42.28755726"><ele>1698.175</ele><time>2026-09-13T13:00:41Z</time><speed>0.000</speed><sat>25</sat></trkpt>
  <trkpt lat="38.49359778" lon="42.28755731"><ele>1698.183</ele><time>2026-09-13T13:00:42Z</time><speed>0.000</speed><sat>24</sat></trkpt>
  <trkpt lat="38.49359781" lon="42.28755731"><ele>1698.191</ele><time>2026-09-13T13:00:43Z</time><speed>0.000</speed><sat>25</sat></trkpt>
  <trkpt lat="38.49359781" lon="42.28755720"><ele>1698.182</ele><time>2026-09-13T13:00:44Z</time><speed>0.000</speed><sat>25</sat></trkpt>
  <trkpt lat="38.49359779" lon="42.28755710"><ele>1698.179</ele><time>2026-09-13T13:00:45Z</time><speed>0.000</speed><sat>26</sat></trkpt>
  <trkpt lat="38.49359841" lon="42.28755936"><ele>1698.578</ele><time>2026-09-13T13:00:46Z</time><speed>0.160</speed><sat>26</sat></trkpt>
  <trkpt lat="38.49359342" lon="42.28756135"><ele>1699.301</ele><time>2026-09-13T13:00:47Z</time><speed>0.880</speed><sat>25</sat></trkpt>
  <trkpt lat="38.49358409" lon="42.28755918"><ele>1699.288</ele><time>2026-09-13T13:00:48Z</time><speed>1.140</speed><sat>25</sat></trkpt>
  <trkpt lat="38.49357501" lon="42.28754966"><ele>1698.641</ele><time>2026-09-13T13:00:49Z</time><speed>1.560</speed><sat>24</sat></trkpt>
  <trkpt lat="38.49356828" lon="42.28753714"><ele>1698.022</ele><time>2026-09-13T13:00:50Z</time><speed>1.240</speed><sat>24</sat></trkpt>
 </trkseg>
</trk>

</gpx>
 