<?xml version="1.0" encoding="UTF-8"?>
<!-- Created with BasicAirData GPS Logger for Android - ver. 3.3.0 -->
<!-- Track 66 = 4697 TrackPoints + 0 Placemarks -->

<!-- Track Statistics (based on Total Time | Time in Movement): -->
<!--  Distance = 2.06 km -->
<!--  Duration = 01:18:16 | 29:59 -->
<!--  Altitude Gap = 4 m -->
<!--  Max Speed = 10 km/h -->
<!--  Avg Speed = 1.6 | 4.1 km/h -->
<!--  Direction = SE -->
<!--  Activity = walking -->
<!--  Altitudes = Raw -->

<gpx version="1.0"
     creator="BasicAirData GPS Logger 3.3.0"
     xmlns="http://www.topografix.com/GPX/1/0"
     xmlns:xsi="http://www.w3.org/2001/XMLSchema-instance"
     xsi:schemaLocation="http://www.topografix.com/GPX/1/0 http://www.topografix.com/GPX/1/0/gpx.xsd">
<name>GPS Logger 20260929-095809</name>
<time>2026-10-03T09:09:40Z</time>
<keywords>walking</keywords>
<bounds minlat="39.07564598" minlon="33.40595880" maxlat="39.08141627" maxlon="33.41258692" />

<trk>
 <name>Track 20260929-095809</name>
 <trkseg>
  <trkpt lat="39.08141627" lon="33.40595880"><ele>955.475</ele><time>2026-09-29T06:58:09Z</time><speed>1.320</speed><sat>39</sat></trkpt>
  <trkpt lat="39.08140150" lon="33.40598240"><ele>955.310</ele><time>2026-09-29T06:58:10Z</time><speed>2.560</speed><sat>39</sat></trkpt>
  <trkpt lat="39.08139894" lon="33.40598904"><ele>955.308</ele><time>2026-09-29T06:58:11Z</time><speed>1.250</speed><sat>39</sat></trkpt>
  <trkpt lat="39.08139627" lon="33.40599527"><ele>953.689</ele><time>2026-09-29T06:58:12Z</time><speed>0.940</speed><sat>39</sat></trkpt>
  <trkpt lat="39.08139154" lon="33.40600518"><ele>954.233</ele><time>2026-09-29T06:58:13Z</time><speed>1.290</speed><sat>39</sat></trkpt>
  <trkpt lat="39.08138189" lon="33.40601733"><ele>954.292</ele><time>2026-09-29T06:58:14Z</time><speed>1.740</speed><sat>39</sat></trkpt>
  <trkpt lat="39.08137170" lon="33.40602615"><ele>953.513</ele><time>2026-09-29T06:58:15Z</time><speed>1.230</speed><sat>39</sat></trkpt>
  <trkpt lat="39.08136152" lon="33.40603465"><ele>952.858</ele><time>2026-09-29T06:58:16Z</time><speed>1.470</speed><sat>39</sat></trkpt>
  <trkpt lat="39.08135072" lon="33.40604400"><ele>952.263</ele><time>2026-09-29T06:58:17Z</time><speed>1.320</speed><sat>39</sat></trkpt>
  <trkpt lat="39.08134000" lon="33.40605310"><ele>951.852</ele><time>2026-09-29T06:58:18Z</time><speed>1.330</speed><sat>39</sat></trkpt>
  <trkpt lat="39.08132841" lon="33.40606424"><ele>952.177</ele><time>2026-09-29T06:58:19Z</time><speed>1.420</speed><sat>39</sat></trkpt>
  <trkpt lat="39.08131553" lon="33.40607349"><ele>951.250</ele><time>2026-09-29T06:58:20Z</time><speed>1.450</speed><sat>39</sat></trkpt>
  <trkpt lat="39.08130473" lon="33.40608334"><ele>952.651</ele><time>2026-09-29T06:58:21Z</time><speed>1.440</speed><sat>39</sat></trkpt>
  <trkpt lat="39.08129515" lon="33.40609370"><ele>952.705</ele><time>2026-09-29T06:58:22Z</time><speed>1.260</speed><sat>39</sat></trkpt>
  <trkpt lat="39.08129030" lon="33.40610419"><ele>953.817</ele><time>2026-09-29T06:58:23Z</time><speed>1.010</speed><sat>39</sat></trkpt>
  <trkpt lat="39.08128518" lon="33.40611473"><ele>953.029</ele><time>2026-09-29T06:58:24Z</time><speed>1.110</speed><sat>38</sat></trkpt>
  <trkpt lat="39.08127870" lon="33.40612333"><ele>952.393</ele><time>2026-09-29T06:58:25Z</time><speed>1.050</speed><sat>38</sat></trkpt>
  <trkpt lat="39.08127167" lon="33.40613634"><ele>952.723</ele><time>2026-09-29T06:58:26Z</time><speed>1.370</speed><sat>38</sat></trkpt>
  <trkpt lat="39.08126203" lon="33.40614800"><ele>952.001</ele><time>2026-09-29T06:58:27Z</time><speed>1.270</speed><sat>38</sat></trkpt>
  <trkpt lat="39.08125127" lon="33.40615783"><ele>951.647</ele><time>2026-09-29T06:58:28Z</time><speed>1.470</speed><sat>38</sat></trkpt>
  <trkpt lat="39.08123595" lon="33.40616565"><ele>951.229</ele><time>2026-09-29T06:58:29Z</time><speed>1.870</speed><sat>38</sat></trkpt>
  <trkpt lat="39.08122098" lon="33.40616844"><ele>951.490</ele><time>2026-09-29T06:58:30Z</time><speed>1.280</speed><sat>38</sat></trkpt>
  <trkpt lat="39.08120708" lon="33.40616927"><ele>950.320</ele><time>2026-09-29T06:58:31Z</time><speed>1.330</speed><sat>38</sat></trkpt>
  <trkpt lat="39.08119333" lon="33.40617201"><ele>949.594</ele><time>2026-09-29T06:58:32Z</time><speed>1.360</speed><sat>38</sat></trkpt>
  <trkpt lat="39.08117950" lon="33.40617442"><ele>949.553</ele><time>2026-09-29T06:58:33Z</time><speed>1.450</speed><sat>38</sat></trkpt>
  <trkpt lat="39.08116528" lon="33.40617451"><ele>949.347</ele><time>2026-09-29T06:58:34Z</time><speed>1.500</speed><sat>37</sat></trkpt>
  <trkpt lat="39.08115332" lon="33.40617992"><ele>949.049</ele><time>2026-09-29T06:58:35Z</time><speed>1.090</speed><sat>35</sat></trkpt>
  <trkpt lat="39.08114280" lon="33.40619001"><ele>948.841</ele><time>2026-09-29T06:58:36Z</time><speed>1.400</speed><sat>35</sat></trkpt>
  <trkpt lat="39.08113275" lon="33.40620250"><ele>948.531</ele><time>2026-09-29T06:58:37Z</time><speed>1.340</speed><sat>36</sat></trkpt>
  <trkpt lat="39.08112456" lon="33.40621807"><ele>948.248</ele><time>2026-09-29T06:58:38Z</time><speed>1.380</speed><sat>36</sat></trkpt>
  <trkpt lat="39.08111809" lon="33.40622856"><ele>948.933</ele><time>2026-09-29T06:58:39Z</time><speed>1.150</speed><sat>36</sat></trkpt>
  <trkpt lat="39.08111440" lon="33.40623685"><ele>948.599</ele><time>2026-09-29T06:58:40Z</time><speed>0.640</speed><sat>36</sat></trkpt>
  <trkpt lat="39.08111124" lon="33.40624644"><ele>948.571</ele><time>2026-09-29T06:58:41Z</time><speed>0.970</speed><sat>36</sat></trkpt>
  <trkpt lat="39.08110995" lon="33.40625818"><ele>949.430</ele><time>2026-09-29T06:58:42Z</time><speed>1.010</speed><sat>36</sat></trkpt>
  <trkpt lat="39.08111238" lon="33.40627299"><ele>949.893</ele><time>2026-09-29T06:58:43Z</time><speed>0.930</speed><sat>36</sat></trkpt>
  <trkpt lat="39.08111552" lon="33.40628749"><ele>950.559</ele><time>2026-09-29T06:58:44Z</time><speed>1.010</speed><sat>36</sat></trkpt>
  <trkpt lat="39.08111521" lon="33.40630310"><ele>950.942</ele><time>2026-09-29T06:58:45Z</time><speed>1.190</speed><sat>36</sat></trkpt>
  <trkpt lat="39.08110692" lon="33.40632681"><ele>954.548</ele><time>2026-09-29T06:58:46Z</time><speed>1.290</speed><sat>36</sat></trkpt>
  <trkpt lat="39.08109467" lon="33.40634541"><ele>954.985</ele><time>2026-09-29T06:58:47Z</time><speed>1.200</speed><sat>38</sat></trkpt>
  <trkpt lat="39.08108136" lon="33.40635992"><ele>955.181</ele><time>2026-09-29T06:58:48Z</time><speed>1.180</speed><sat>38</sat></trkpt>
  <trkpt lat="39.08106651" lon="33.40637125"><ele>954.693</ele><time>2026-09-29T06:58:49Z</time><speed>1.210</speed><sat>38</sat></trkpt>
  <trkpt lat="39.08105493" lon="33.40637832"><ele>954.385</ele><time>2026-09-29T06:58:50Z</time><speed>0.720</speed><sat>38</sat></trkpt>
  <trkpt lat="39.08104392" lon="33.40638571"><ele>954.090</ele><time>2026-09-29T06:58:51Z</time><speed>1.050</speed><sat>38</sat></trkpt>
  <trkpt lat="39.08103187" lon="33.40639752"><ele>953.851</ele><time>2026-09-29T06:58:52Z</time><speed>1.260</speed><sat>38</sat></trkpt>
  <trkpt lat="39.08102192" lon="33.40640979"><ele>953.818</ele><time>2026-09-29T06:58:53Z</time><speed>0.870</speed><sat>38</sat></trkpt>
  <trkpt lat="39.08101224" lon="33.40642324"><ele>953.476</ele><time>2026-09-29T06:58:54Z</time><speed>1.150</speed><sat>39</sat></trkpt>
  <trkpt lat="39.08100147" lon="33.40643730"><ele>953.272</ele><time>2026-09-29T06:58:55Z</time><speed>1.220</speed><sat>39</sat></trkpt>
  <trkpt lat="39.08098874" lon="33.40644913"><ele>954.044</ele><time>2026-09-29T06:58:56Z</time><speed>1.340</speed><sat>39</sat></trkpt>
  <trkpt lat="39.08097452" lon="33.40646096"><ele>953.628</ele><time>2026-09-29T06:58:57Z</time><speed>1.450</speed><sat>39</sat></trkpt>
  <trkpt lat="39.08096525" lon="33.40647065"><ele>953.943</ele><time>2026-09-29T06:58:58Z</time><speed>0.770</speed><sat>39</sat></trkpt>
  <trkpt lat="39.08095686" lon="33.40648073"><ele>954.226</ele><time>2026-09-29T06:58:59Z</time><speed>1.250</speed><sat>39</sat></trkpt>
  <trkpt lat="39.08094708" lon="33.40649171"><ele>955.770</ele><time>2026-09-29T06:59:00Z</time><speed>1.370</speed><sat>38</sat></trkpt>
  <trkpt lat="39.08093609" lon="33.40650100"><ele>956.169</ele><time>2026-09-29T06:59:01Z</time><speed>1.330</speed><sat>37</sat></trkpt>
  <trkpt lat="39.08092584" lon="33.40650997"><ele>955.951</ele><time>2026-09-29T06:59:02Z</time><speed>1.010</speed><sat>36</sat></trkpt>
  <trkpt lat="39.08091663" lon="33.40651816"><ele>955.816</ele><time>2026-09-29T06:59:03Z</time><speed>1.120</speed><sat>38</sat></trkpt>
  <trkpt lat="39.08091024" lon="33.40652655"><ele>956.509</ele><time>2026-09-29T06:59:04Z</time><speed>0.770</speed><sat>38</sat></trkpt>
  <trkpt lat="39.08090464" lon="33.40653516"><ele>957.048</ele><time>2026-09-29T06:59:05Z</time><speed>0.920</speed><sat>38</sat></trkpt>
  <trkpt lat="39.08089870" lon="33.40654176"><ele>957.022</ele><time>2026-09-29T06:59:06Z</time><speed>0.830</speed><sat>38</sat></trkpt>
  <trkpt lat="39.08088998" lon="33.40655186"><ele>957.322</ele><time>2026-09-29T06:59:07Z</time><speed>1.260</speed><sat>38</sat></trkpt>
  <trkpt lat="39.08087861" lon="33.40656562"><ele>956.620</ele><time>2026-09-29T06:59:08Z</time><speed>1.290</speed><sat>38</sat></trkpt>
  <trkpt lat="39.08086742" lon="33.40658260"><ele>956.050</ele><time>2026-09-29T06:59:09Z</time><speed>1.720</speed><sat>39</sat></trkpt>
  <trkpt lat="39.08085519" lon="33.40660146"><ele>955.387</ele><time>2026-09-29T06:59:10Z</time><speed>1.690</speed><sat>39</sat></trkpt>
  <trkpt lat="39.08084173" lon="33.40661856"><ele>955.496</ele><time>2026-09-29T06:59:11Z</time><speed>1.670</speed><sat>39</sat></trkpt>
  <trkpt lat="39.08082864" lon="33.40663287"><ele>955.605</ele><time>2026-09-29T06:59:12Z</time><speed>1.700</speed><sat>39</sat></trkpt>
  <trkpt lat="39.08081486" lon="33.40664534"><ele>955.197</ele><time>2026-09-29T06:59:13Z</time><speed>1.550</speed><sat>39</sat></trkpt>
  <trkpt lat="39.08080170" lon="33.40665659"><ele>955.466</ele><time>2026-09-29T06:59:14Z</time><speed>1.560</speed><sat>38</sat></trkpt>
  <trkpt lat="39.08078985" lon="33.40667035"><ele>955.113</ele><time>2026-09-29T06:59:15Z</time><speed>1.640</speed><sat>37</sat></trkpt>
  <trkpt lat="39.08077855" lon="33.40668689"><ele>955.027</ele><time>2026-09-29T06:59:16Z</time><speed>1.600</speed><sat>37</sat></trkpt>
  <trkpt lat="39.08076917" lon="33.40670404"><ele>955.382</ele><time>2026-09-29T06:59:17Z</time><speed>1.560</speed><sat>38</sat></trkpt>
  <trkpt lat="39.08075770" lon="33.40671722"><ele>955.728</ele><time>2026-09-29T06:59:18Z</time><speed>1.570</speed><sat>39</sat></trkpt>
  <trkpt lat="39.08074811" lon="33.40672395"><ele>955.321</ele><time>2026-09-29T06:59:19Z</time><speed>1.050</speed><sat>39</sat></trkpt>
  <trkpt lat="39.08073957" lon="33.40672708"><ele>954.969</ele><time>2026-09-29T06:59:20Z</time><speed>0.790</speed><sat>40</sat></trkpt>
  <trkpt lat="39.08072925" lon="33.40672911"><ele>954.434</ele><time>2026-09-29T06:59:21Z</time><speed>1.160</speed><sat>40</sat></trkpt>
  <trkpt lat="39.08072014" lon="33.40672974"><ele>954.306</ele><time>2026-09-29T06:59:22Z</time><speed>0.740</speed><sat>40</sat></trkpt>
  <trkpt lat="39.08071317" lon="33.40673218"><ele>954.930</ele><time>2026-09-29T06:59:23Z</time><speed>0.800</speed><sat>40</sat></trkpt>
  <trkpt lat="39.08070420" lon="33.40673804"><ele>953.718</ele><time>2026-09-29T06:59:24Z</time><speed>1.140</speed><sat>39</sat></trkpt>
  <trkpt lat="39.08069344" lon="33.40674797"><ele>953.107</ele><time>2026-09-29T06:59:25Z</time><speed>1.130</speed><sat>39</sat></trkpt>
  <trkpt lat="39.08068489" lon="33.40675952"><ele>953.500</ele><time>2026-09-29T06:59:26Z</time><speed>0.800</speed><sat>39</sat></trkpt>
  <trkpt lat="39.08067585" lon="33.40677214"><ele>954.047</ele><time>2026-09-29T06:59:27Z</time><speed>1.080</speed><sat>39</sat></trkpt>
  <trkpt lat="39.08066620" lon="33.40678515"><ele>954.369</ele><time>2026-09-29T06:59:28Z</time><speed>1.060</speed><sat>39</sat></trkpt>
  <trkpt lat="39.08065630" lon="33.40679775"><ele>954.194</ele><time>2026-09-29T06:59:29Z</time><speed>1.090</speed><sat>39</sat></trkpt>
  <trkpt lat="39.08064552" lon="33.40681037"><ele>954.430</ele><time>2026-09-29T06:59:30Z</time><speed>1.190</speed><sat>40</sat></trkpt>
  <trkpt lat="39.08063445" lon="33.40682385"><ele>954.268</ele><time>2026-09-29T06:59:31Z</time><speed>1.240</speed><sat>40</sat></trkpt>
  <trkpt lat="39.08062370" lon="33.40683541"><ele>953.207</ele><time>2026-09-29T06:59:32Z</time><speed>1.100</speed><sat>40</sat></trkpt>
  <trkpt lat="39.08061229" lon="33.40684439"><ele>952.775</ele><time>2026-09-29T06:59:33Z</time><speed>1.250</speed><sat>40</sat></trkpt>
  <trkpt lat="39.08060201" lon="33.40684834"><ele>952.534</ele><time>2026-09-29T06:59:34Z</time><speed>0.940</speed><sat>40</sat></trkpt>
  <trkpt lat="39.08059226" lon="33.40685235"><ele>954.313</ele><time>2026-09-29T06:59:35Z</time><speed>1.140</speed><sat>40</sat></trkpt>
  <trkpt lat="39.08058379" lon="33.40685653"><ele>954.374</ele><time>2026-09-29T06:59:36Z</time><speed>0.720</speed><sat>39</sat></trkpt>
  <trkpt lat="39.08057498" lon="33.40686441"><ele>954.237</ele><time>2026-09-29T06:59:37Z</time><speed>1.210</speed><sat>39</sat></trkpt>
  <trkpt lat="39.08056407" lon="33.40687514"><ele>953.888</ele><time>2026-09-29T06:59:38Z</time><speed>1.290</speed><sat>38</sat></trkpt>
  <trkpt lat="39.08055627" lon="33.40688676"><ele>953.718</ele><time>2026-09-29T06:59:39Z</time><speed>0.920</speed><sat>37</sat></trkpt>
  <trkpt lat="39.08054852" lon="33.40689689"><ele>953.214</ele><time>2026-09-29T06:59:40Z</time><speed>1.040</speed><sat>38</sat></trkpt>
  <trkpt lat="39.08054060" lon="33.40690769"><ele>953.177</ele><time>2026-09-29T06:59:41Z</time><speed>1.110</speed><sat>38</sat></trkpt>
  <trkpt lat="39.08053263" lon="33.40691847"><ele>953.233</ele><time>2026-09-29T06:59:42Z</time><speed>1.090</speed><sat>38</sat></trkpt>
  <trkpt lat="39.08052413" lon="33.40692864"><ele>953.283</ele><time>2026-09-29T06:59:43Z</time><speed>1.140</speed><sat>37</sat></trkpt>
  <trkpt lat="39.08051299" lon="33.40694498"><ele>953.568</ele><time>2026-09-29T06:59:44Z</time><speed>1.330</speed><sat>37</sat></trkpt>
  <trkpt lat="39.08050118" lon="33.40696023"><ele>953.315</ele><time>2026-09-29T06:59:45Z</time><speed>1.390</speed><sat>39</sat></trkpt>
  <trkpt lat="39.08049047" lon="33.40697524"><ele>953.023</ele><time>2026-09-29T06:59:46Z</time><speed>1.350</speed><sat>39</sat></trkpt>
  <trkpt lat="39.08048305" lon="33.40698829"><ele>953.757</ele><time>2026-09-29T06:59:47Z</time><speed>0.890</speed><sat>38</sat></trkpt>
  <trkpt lat="39.08047590" lon="33.40700233"><ele>953.612</ele><time>2026-09-29T06:59:48Z</time><speed>1.210</speed><sat>38</sat></trkpt>
  <trkpt lat="39.08046867" lon="33.40701825"><ele>955.216</ele><time>2026-09-29T06:59:49Z</time><speed>1.130</speed><sat>38</sat></trkpt>
  <trkpt lat="39.08046024" lon="33.40703173"><ele>955.535</ele><time>2026-09-29T06:59:50Z</time><speed>1.210</speed><sat>38</sat></trkpt>
  <trkpt lat="39.08045130" lon="33.40704159"><ele>956.429</ele><time>2026-09-29T06:59:51Z</time><speed>1.040</speed><sat>38</sat></trkpt>
  <trkpt lat="39.08044209" lon="33.40704942"><ele>956.829</ele><time>2026-09-29T06:59:52Z</time><speed>1.060</speed><sat>39</sat></trkpt>
  <trkpt lat="39.08043113" lon="33.40706207"><ele>956.588</ele><time>2026-09-29T06:59:53Z</time><speed>1.730</speed><sat>39</sat></trkpt>
  <trkpt lat="39.08041893" lon="33.40707314"><ele>957.305</ele><time>2026-09-29T06:59:54Z</time><speed>1.330</speed><sat>39</sat></trkpt>
  <trkpt lat="39.08041155" lon="33.40707901"><ele>957.533</ele><time>2026-09-29T06:59:55Z</time><speed>0.580</speed><sat>39</sat></trkpt>
  <trkpt lat="39.08040128" lon="33.40708346"><ele>957.619</ele><time>2026-09-29T06:59:56Z</time><speed>1.430</speed><sat>37</sat></trkpt>
  <trkpt lat="39.08039080" lon="33.40709335"><ele>958.274</ele><time>2026-09-29T06:59:57Z</time><speed>1.570</speed><sat>37</sat></trkpt>
  <trkpt lat="39.08038275" lon="33.40710590"><ele>957.734</ele><time>2026-09-29T06:59:58Z</time><speed>1.350</speed><sat>37</sat></trkpt>
  <trkpt lat="39.08037286" lon="33.40711746"><ele>956.226</ele><time>2026-09-29T06:59:59Z</time><speed>1.520</speed><sat>36</sat></trkpt>
  <trkpt lat="39.08036081" lon="33.40712905"><ele>954.092</ele><time>2026-09-29T07:00:00Z</time><speed>1.600</speed><sat>36</sat></trkpt>
  <trkpt lat="39.08034733" lon="33.40713747"><ele>954.162</ele><time>2026-09-29T07:00:01Z</time><speed>1.530</speed><sat>37</sat></trkpt>
  <trkpt lat="39.08033367" lon="33.40714553"><ele>953.712</ele><time>2026-09-29T07:00:02Z</time><speed>1.630</speed><sat>37</sat></trkpt>
  <trkpt lat="39.08032138" lon="33.40715986"><ele>955.853</ele><time>2026-09-29T07:00:03Z</time><speed>1.390</speed><sat>37</sat></trkpt>
  <trkpt lat="39.08031122" lon="33.40717066"><ele>955.627</ele><time>2026-09-29T07:00:04Z</time><speed>1.190</speed><sat>38</sat></trkpt>
  <trkpt lat="39.08030007" lon="33.40717915"><ele>955.824</ele><time>2026-09-29T07:00:05Z</time><speed>1.510</speed><sat>38</sat></trkpt>
  <trkpt lat="39.08028741" lon="33.40718604"><ele>955.281</ele><time>2026-09-29T07:00:06Z</time><speed>1.540</speed><sat>39</sat></trkpt>
  <trkpt lat="39.08027634" lon="33.40719511"><ele>954.800</ele><time>2026-09-29T07:00:07Z</time><speed>1.380</speed><sat>39</sat></trkpt>
  <trkpt lat="39.08026656" lon="33.40720682"><ele>955.536</ele><time>2026-09-29T07:00:08Z</time><speed>1.440</speed><sat>39</sat></trkpt>
  <trkpt lat="39.08026104" lon="33.40722160"><ele>955.578</ele><time>2026-09-29T07:00:09Z</time><speed>1.310</speed><sat>39</sat></trkpt>
  <trkpt lat="39.08026039" lon="33.40723994"><ele>955.481</ele><time>2026-09-29T07:00:10Z</time><speed>1.370</speed><sat>38</sat></trkpt>
  <trkpt lat="39.08025685" lon="33.40725789"><ele>955.263</ele><time>2026-09-29T07:00:11Z</time><speed>1.360</speed><sat>38</sat></trkpt>
  <trkpt lat="39.08025134" lon="33.40727191"><ele>954.049</ele><time>2026-09-29T07:00:12Z</time><speed>1.210</speed><sat>39</sat></trkpt>
  <trkpt lat="39.08024233" lon="33.40728230"><ele>954.299</ele><time>2026-09-29T07:00:13Z</time><speed>1.380</speed><sat>39</sat></trkpt>
  <trkpt lat="39.08023246" lon="33.40728806"><ele>954.918</ele><time>2026-09-29T07:00:14Z</time><speed>1.070</speed><sat>39</sat></trkpt>
  <trkpt lat="39.08022137" lon="33.40729224"><ele>955.055</ele><time>2026-09-29T07:00:15Z</time><speed>1.400</speed><sat>39</sat></trkpt>
  <trkpt lat="39.08020771" lon="33.40729718"><ele>954.990</ele><time>2026-09-29T07:00:16Z</time><speed>1.700</speed><sat>39</sat></trkpt>
  <trkpt lat="39.08019401" lon="33.40730302"><ele>955.435</ele><time>2026-09-29T07:00:17Z</time><speed>1.610</speed><sat>39</sat></trkpt>
  <trkpt lat="39.08018647" lon="33.40730574"><ele>954.887</ele><time>2026-09-29T07:00:18Z</time><speed>0.430</speed><sat>39</sat></trkpt>
  <trkpt lat="39.08018099" lon="33.40730741"><ele>954.524</ele><time>2026-09-29T07:00:19Z</time><speed>0.730</speed><sat>39</sat></trkpt>
  <trkpt lat="39.08017241" lon="33.40731035"><ele>955.068</ele><time>2026-09-29T07:00:20Z</time><speed>1.140</speed><sat>37</sat></trkpt>
  <trkpt lat="39.08015735" lon="33.40732581"><ele>955.826</ele><time>2026-09-29T07:00:21Z</time><speed>1.490</speed><sat>37</sat></trkpt>
  <trkpt lat="39.08014398" lon="33.40734076"><ele>956.198</ele><time>2026-09-29T07:00:22Z</time><speed>0.740</speed><sat>40</sat></trkpt>
  <trkpt lat="39.08013158" lon="33.40735470"><ele>956.181</ele><time>2026-09-29T07:00:23Z</time><speed>1.420</speed><sat>40</sat></trkpt>
  <trkpt lat="39.08011998" lon="33.40737213"><ele>956.555</ele><time>2026-09-29T07:00:24Z</time><speed>1.520</speed><sat>40</sat></trkpt>
  <trkpt lat="39.08011160" lon="33.40739107"><ele>956.625</ele><time>2026-09-29T07:00:25Z</time><speed>1.440</speed><sat>40</sat></trkpt>
  <trkpt lat="39.08010457" lon="33.40741118"><ele>956.435</ele><time>2026-09-29T07:00:26Z</time><speed>1.440</speed><sat>40</sat></trkpt>
  <trkpt lat="39.08009679" lon="33.40742821"><ele>956.364</ele><time>2026-09-29T07:00:27Z</time><speed>1.380</speed><sat>40</sat></trkpt>
  <trkpt lat="39.08008806" lon="33.40744227"><ele>956.177</ele><time>2026-09-29T07:00:28Z</time><speed>1.340</speed><sat>40</sat></trkpt>
  <trkpt lat="39.08008016" lon="33.40745283"><ele>955.726</ele><time>2026-09-29T07:00:29Z</time><speed>1.060</speed><sat>38</sat></trkpt>
  <trkpt lat="39.08007200" lon="33.40746444"><ele>955.491</ele><time>2026-09-29T07:00:30Z</time><speed>1.410</speed><sat>38</sat></trkpt>
  <trkpt lat="39.08006408" lon="33.40747803"><ele>954.779</ele><time>2026-09-29T07:00:31Z</time><speed>1.310</speed><sat>38</sat></trkpt>
  <trkpt lat="39.08005850" lon="33.40748562"><ele>954.800</ele><time>2026-09-29T07:00:32Z</time><speed>0.450</speed><sat>38</sat></trkpt>
  <trkpt lat="39.08005066" lon="33.40749367"><ele>953.682</ele><time>2026-09-29T07:00:33Z</time><speed>1.350</speed><sat>36</sat></trkpt>
  <trkpt lat="39.08003868" lon="33.40750363"><ele>953.345</ele><time>2026-09-29T07:00:34Z</time><speed>1.510</speed><sat>37</sat></trkpt>
  <trkpt lat="39.08002730" lon="33.40751321"><ele>953.332</ele><time>2026-09-29T07:00:35Z</time><speed>1.300</speed><sat>37</sat></trkpt>
  <trkpt lat="39.08001685" lon="33.40752634"><ele>954.066</ele><time>2026-09-29T07:00:36Z</time><speed>1.420</speed><sat>37</sat></trkpt>
  <trkpt lat="39.08000604" lon="33.40753952"><ele>954.911</ele><time>2026-09-29T07:00:37Z</time><speed>1.480</speed><sat>39</sat></trkpt>
  <trkpt lat="39.07999477" lon="33.40755183"><ele>955.121</ele><time>2026-09-29T07:00:38Z</time><speed>1.510</speed><sat>39</sat></trkpt>
  <trkpt lat="39.07998326" lon="33.40756365"><ele>954.554</ele><time>2026-09-29T07:00:39Z</time><speed>1.460</speed><sat>39</sat></trkpt>
  <trkpt lat="39.07997062" lon="33.40757217"><ele>957.287</ele><time>2026-09-29T07:00:40Z</time><speed>1.690</speed><sat>39</sat></trkpt>
  <trkpt lat="39.07995732" lon="33.40758328"><ele>958.284</ele><time>2026-09-29T07:00:41Z</time><speed>1.690</speed><sat>39</sat></trkpt>
  <trkpt lat="39.07994232" lon="33.40759347"><ele>958.415</ele><time>2026-09-29T07:00:42Z</time><speed>1.850</speed><sat>39</sat></trkpt>
  <trkpt lat="39.07992960" lon="33.40760341"><ele>958.265</ele><time>2026-09-29T07:00:43Z</time><speed>1.460</speed><sat>39</sat></trkpt>
  <trkpt lat="39.07991740" lon="33.40761209"><ele>957.913</ele><time>2026-09-29T07:00:44Z</time><speed>1.610</speed><sat>39</sat></trkpt>
  <trkpt lat="39.07990441" lon="33.40762158"><ele>958.058</ele><time>2026-09-29T07:00:45Z</time><speed>1.570</speed><sat>39</sat></trkpt>
  <trkpt lat="39.07989211" lon="33.40763139"><ele>958.057</ele><time>2026-09-29T07:00:46Z</time><speed>1.570</speed><sat>39</sat></trkpt>
  <trkpt lat="39.07987979" lon="33.40764489"><ele>958.459</ele><time>2026-09-29T07:00:47Z</time><speed>1.870</speed><sat>38</sat></trkpt>
  <trkpt lat="39.07986632" lon="33.40766041"><ele>958.325</ele><time>2026-09-29T07:00:48Z</time><speed>1.910</speed><sat>36</sat></trkpt>
  <trkpt lat="39.07985562" lon="33.40767681"><ele>958.178</ele><time>2026-09-29T07:00:49Z</time><speed>1.660</speed><sat>36</sat></trkpt>
  <trkpt lat="39.07984645" lon="33.40769311"><ele>957.177</ele><time>2026-09-29T07:00:50Z</time><speed>1.530</speed><sat>36</sat></trkpt>
  <trkpt lat="39.07983636" lon="33.40771060"><ele>955.276</ele><time>2026-09-29T07:00:51Z</time><speed>1.630</speed><sat>36</sat></trkpt>
  <trkpt lat="39.07982511" lon="33.40772294"><ele>955.743</ele><time>2026-09-29T07:00:52Z</time><speed>1.530</speed><sat>37</sat></trkpt>
  <trkpt lat="39.07981320" lon="33.40772382"><ele>956.463</ele><time>2026-09-29T07:00:53Z</time><speed>1.700</speed><sat>37</sat></trkpt>
  <trkpt lat="39.07980203" lon="33.40771921"><ele>956.781</ele><time>2026-09-29T07:00:54Z</time><speed>1.610</speed><sat>37</sat></trkpt>
  <trkpt lat="39.07979233" lon="33.40771472"><ele>956.451</ele><time>2026-09-29T07:00:55Z</time><speed>1.460</speed><sat>37</sat></trkpt>
  <trkpt lat="39.07978478" lon="33.40771427"><ele>956.348</ele><time>2026-09-29T07:00:56Z</time><speed>1.140</speed><sat>37</sat></trkpt>
  <trkpt lat="39.07977866" lon="33.40771853"><ele>956.838</ele><time>2026-09-29T07:00:57Z</time><speed>1.040</speed><sat>38</sat></trkpt>
  <trkpt lat="39.07977316" lon="33.40772688"><ele>956.433</ele><time>2026-09-29T07:00:58Z</time><speed>0.600</speed><sat>39</sat></trkpt>
  <trkpt lat="39.07976774" lon="33.40773542"><ele>956.131</ele><time>2026-09-29T07:00:59Z</time><speed>0.810</speed><sat>39</sat></trkpt>
  <trkpt lat="39.07975917" lon="33.40775378"><ele>956.960</ele><time>2026-09-29T07:01:00Z</time><speed>1.320</speed><sat>39</sat></trkpt>
  <trkpt lat="39.07975084" lon="33.40776943"><ele>956.614</ele><time>2026-09-29T07:01:01Z</time><speed>1.190</speed><sat>39</sat></trkpt>
  <trkpt lat="39.07974294" lon="33.40778289"><ele>956.261</ele><time>2026-09-29T07:01:02Z</time><speed>1.220</speed><sat>40</sat></trkpt>
  <trkpt lat="39.07973522" lon="33.40779558"><ele>956.368</ele><time>2026-09-29T07:01:03Z</time><speed>1.230</speed><sat>40</sat></trkpt>
  <trkpt lat="39.07972589" lon="33.40780645"><ele>956.039</ele><time>2026-09-29T07:01:04Z</time><speed>1.320</speed><sat>40</sat></trkpt>
  <trkpt lat="39.07971692" lon="33.40781757"><ele>955.456</ele><time>2026-09-29T07:01:05Z</time><speed>1.320</speed><sat>40</sat></trkpt>
  <trkpt lat="39.07970845" lon="33.40782841"><ele>955.661</ele><time>2026-09-29T07:01:06Z</time><speed>1.290</speed><sat>40</sat></trkpt>
  <trkpt lat="39.07969754" lon="33.40784086"><ele>956.725</ele><time>2026-09-29T07:01:07Z</time><speed>1.510</speed><sat>40</sat></trkpt>
  <trkpt lat="39.07968922" lon="33.40785130"><ele>956.398</ele><time>2026-09-29T07:01:08Z</time><speed>0.970</speed><sat>39</sat></trkpt>
  <trkpt lat="39.07968016" lon="33.40786254"><ele>955.798</ele><time>2026-09-29T07:01:09Z</time><speed>1.510</speed><sat>41</sat></trkpt>
  <trkpt lat="39.07966899" lon="33.40787460"><ele>955.953</ele><time>2026-09-29T07:01:10Z</time><speed>1.530</speed><sat>41</sat></trkpt>
  <trkpt lat="39.07965683" lon="33.40788454"><ele>956.204</ele><time>2026-09-29T07:01:11Z</time><speed>1.650</speed><sat>41</sat></trkpt>
  <trkpt lat="39.07964520" lon="33.40789422"><ele>955.842</ele><time>2026-09-29T07:01:12Z</time><speed>1.540</speed><sat>41</sat></trkpt>
  <trkpt lat="39.07963381" lon="33.40790207"><ele>955.755</ele><time>2026-09-29T07:01:13Z</time><speed>1.540</speed><sat>41</sat></trkpt>
  <trkpt lat="39.07962409" lon="33.40791129"><ele>956.116</ele><time>2026-09-29T07:01:14Z</time><speed>1.510</speed><sat>41</sat></trkpt>
  <trkpt lat="39.07961386" lon="33.40792160"><ele>955.822</ele><time>2026-09-29T07:01:15Z</time><speed>1.510</speed><sat>38</sat></trkpt>
  <trkpt lat="39.07960477" lon="33.40793136"><ele>955.751</ele><time>2026-09-29T07:01:16Z</time><speed>1.470</speed><sat>38</sat></trkpt>
  <trkpt lat="39.07959683" lon="33.40793991"><ele>955.947</ele><time>2026-09-29T07:01:17Z</time><speed>1.430</speed><sat>38</sat></trkpt>
  <trkpt lat="39.07958935" lon="33.40794797"><ele>956.062</ele><time>2026-09-29T07:01:18Z</time><speed>1.380</speed><sat>38</sat></trkpt>
  <trkpt lat="39.07957928" lon="33.40796007"><ele>956.776</ele><time>2026-09-29T07:01:19Z</time><speed>1.610</speed><sat>38</sat></trkpt>
  <trkpt lat="39.07956896" lon="33.40797333"><ele>956.482</ele><time>2026-09-29T07:01:20Z</time><speed>1.480</speed><sat>39</sat></trkpt>
  <trkpt lat="39.07956196" lon="33.40798263"><ele>956.917</ele><time>2026-09-29T07:01:21Z</time><speed>0.590</speed><sat>40</sat></trkpt>
  <trkpt lat="39.07955525" lon="33.40799169"><ele>956.910</ele><time>2026-09-29T07:01:22Z</time><speed>1.330</speed><sat>40</sat></trkpt>
  <trkpt lat="39.07954626" lon="33.40800069"><ele>957.301</ele><time>2026-09-29T07:01:23Z</time><speed>1.300</speed><sat>40</sat></trkpt>
  <trkpt lat="39.07953967" lon="33.40800705"><ele>956.807</ele><time>2026-09-29T07:01:24Z</time><speed>0.710</speed><sat>40</sat></trkpt>
  <trkpt lat="39.07953228" lon="33.40801312"><ele>956.015</ele><time>2026-09-29T07:01:25Z</time><speed>1.260</speed><sat>40</sat></trkpt>
  <trkpt lat="39.07952327" lon="33.40802719"><ele>955.675</ele><time>2026-09-29T07:01:26Z</time><speed>1.330</speed><sat>39</sat></trkpt>
  <trkpt lat="39.07951394" lon="33.40804104"><ele>955.700</ele><time>2026-09-29T07:01:27Z</time><speed>1.470</speed><sat>38</sat></trkpt>
  <trkpt lat="39.07950479" lon="33.40805430"><ele>955.926</ele><time>2026-09-29T07:01:28Z</time><speed>1.360</speed><sat>38</sat></trkpt>
  <trkpt lat="39.07949631" lon="33.40806405"><ele>956.045</ele><time>2026-09-29T07:01:29Z</time><speed>1.180</speed><sat>38</sat></trkpt>
  <trkpt lat="39.07948908" lon="33.40807254"><ele>955.468</ele><time>2026-09-29T07:01:30Z</time><speed>1.190</speed><sat>40</sat></trkpt>
  <trkpt lat="39.07948433" lon="33.40807720"><ele>955.341</ele><time>2026-09-29T07:01:31Z</time><speed>0.510</speed><sat>40</sat></trkpt>
  <trkpt lat="39.07947861" lon="33.40808063"><ele>955.495</ele><time>2026-09-29T07:01:32Z</time><speed>0.860</speed><sat>40</sat></trkpt>
  <trkpt lat="39.07946548" lon="33.40809025"><ele>954.524</ele><time>2026-09-29T07:01:33Z</time><speed>1.720</speed><sat>40</sat></trkpt>
  <trkpt lat="39.07945150" lon="33.40810403"><ele>954.887</ele><time>2026-09-29T07:01:34Z</time><speed>1.610</speed><sat>41</sat></trkpt>
  <trkpt lat="39.07944014" lon="33.40811723"><ele>954.429</ele><time>2026-09-29T07:01:35Z</time><speed>1.440</speed><sat>41</sat></trkpt>
  <trkpt lat="39.07942846" lon="33.40812983"><ele>954.513</ele><time>2026-09-29T07:01:36Z</time><speed>1.520</speed><sat>41</sat></trkpt>
  <trkpt lat="39.07941705" lon="33.40813967"><ele>955.190</ele><time>2026-09-29T07:01:37Z</time><speed>1.570</speed><sat>41</sat></trkpt>
  <trkpt lat="39.07940880" lon="33.40814728"><ele>955.275</ele><time>2026-09-29T07:01:38Z</time><speed>0.650</speed><sat>41</sat></trkpt>
  <trkpt lat="39.07940455" lon="33.40815484"><ele>955.042</ele><time>2026-09-29T07:01:39Z</time><speed>0.660</speed><sat>41</sat></trkpt>
  <trkpt lat="39.07940326" lon="33.40816670"><ele>955.209</ele><time>2026-09-29T07:01:40Z</time><speed>0.860</speed><sat>40</sat></trkpt>
  <trkpt lat="39.07940117" lon="33.40818314"><ele>955.531</ele><time>2026-09-29T07:01:41Z</time><speed>1.400</speed><sat>40</sat></trkpt>
  <trkpt lat="39.07939492" lon="33.40819936"><ele>955.051</ele><time>2026-09-29T07:01:42Z</time><speed>1.500</speed><sat>40</sat></trkpt>
  <trkpt lat="39.07938400" lon="33.40821184"><ele>954.713</ele><time>2026-09-29T07:01:43Z</time><speed>1.630</speed><sat>37</sat></trkpt>
  <trkpt lat="39.07937085" lon="33.40822058"><ele>954.838</ele><time>2026-09-29T07:01:44Z</time><speed>1.530</speed><sat>37</sat></trkpt>
  <trkpt lat="39.07935613" lon="33.40822691"><ele>954.710</ele><time>2026-09-29T07:01:45Z</time><speed>1.580</speed><sat>37</sat></trkpt>
  <trkpt lat="39.07934264" lon="33.40823232"><ele>955.326</ele><time>2026-09-29T07:01:46Z</time><speed>1.480</speed><sat>37</sat></trkpt>
  <trkpt lat="39.07933442" lon="33.40824176"><ele>955.774</ele><time>2026-09-29T07:01:47Z</time><speed>1.250</speed><sat>37</sat></trkpt>
  <trkpt lat="39.07932710" lon="33.40825563"><ele>955.422</ele><time>2026-09-29T07:01:48Z</time><speed>1.440</speed><sat>39</sat></trkpt>
  <trkpt lat="39.07932110" lon="33.40827188"><ele>955.895</ele><time>2026-09-29T07:01:49Z</time><speed>1.420</speed><sat>39</sat></trkpt>
  <trkpt lat="39.07931583" lon="33.40828614"><ele>956.121</ele><time>2026-09-29T07:01:50Z</time><speed>1.370</speed><sat>39</sat></trkpt>
  <trkpt lat="39.07931006" lon="33.40829448"><ele>955.827</ele><time>2026-09-29T07:01:51Z</time><speed>1.000</speed><sat>39</sat></trkpt>
  <trkpt lat="39.07930169" lon="33.40830541"><ele>954.198</ele><time>2026-09-29T07:01:52Z</time><speed>1.370</speed><sat>39</sat></trkpt>
  <trkpt lat="39.07929235" lon="33.40831796"><ele>954.753</ele><time>2026-09-29T07:01:53Z</time><speed>1.140</speed><sat>39</sat></trkpt>
  <trkpt lat="39.07928149" lon="33.40832827"><ele>954.307</ele><time>2026-09-29T07:01:54Z</time><speed>1.380</speed><sat>38</sat></trkpt>
  <trkpt lat="39.07926888" lon="33.40833820"><ele>952.339</ele><time>2026-09-29T07:01:55Z</time><speed>1.560</speed><sat>40</sat></trkpt>
  <trkpt lat="39.07925730" lon="33.40834674"><ele>952.161</ele><time>2026-09-29T07:01:56Z</time><speed>1.370</speed><sat>41</sat></trkpt>
  <trkpt lat="39.07924907" lon="33.40835446"><ele>951.076</ele><time>2026-09-29T07:01:57Z</time><speed>1.080</speed><sat>41</sat></trkpt>
  <trkpt lat="39.07924216" lon="33.40836114"><ele>950.917</ele><time>2026-09-29T07:01:58Z</time><speed>1.090</speed><sat>41</sat></trkpt>
  <trkpt lat="39.07923365" lon="33.40836605"><ele>950.438</ele><time>2026-09-29T07:01:59Z</time><speed>1.200</speed><sat>41</sat></trkpt>
  <trkpt lat="39.07922488" lon="33.40836890"><ele>950.374</ele><time>2026-09-29T07:02:00Z</time><speed>1.090</speed><sat>41</sat></trkpt>
  <trkpt lat="39.07921580" lon="33.40837671"><ele>952.047</ele><time>2026-09-29T07:02:01Z</time><speed>1.250</speed><sat>41</sat></trkpt>
  <trkpt lat="39.07920663" lon="33.40838695"><ele>950.477</ele><time>2026-09-29T07:02:02Z</time><speed>1.140</speed><sat>41</sat></trkpt>
  <trkpt lat="39.07919860" lon="33.40839768"><ele>951.039</ele><time>2026-09-29T07:02:03Z</time><speed>1.160</speed><sat>41</sat></trkpt>
  <trkpt lat="39.07919084" lon="33.40840947"><ele>950.981</ele><time>2026-09-29T07:02:04Z</time><speed>1.150</speed><sat>41</sat></trkpt>
  <trkpt lat="39.07918230" lon="33.40841925"><ele>950.748</ele><time>2026-09-29T07:02:05Z</time><speed>1.140</speed><sat>41</sat></trkpt>
  <trkpt lat="39.07917190" lon="33.40842468"><ele>950.729</ele><time>2026-09-29T07:02:06Z</time><speed>1.430</speed><sat>41</sat></trkpt>
  <trkpt lat="39.07915951" lon="33.40842620"><ele>950.611</ele><time>2026-09-29T07:02:07Z</time><speed>1.420</speed><sat>41</sat></trkpt>
  <trkpt lat="39.07914812" lon="33.40842534"><ele>950.336</ele><time>2026-09-29T07:02:08Z</time><speed>1.320</speed><sat>41</sat></trkpt>
  <trkpt lat="39.07914236" lon="33.40842441"><ele>949.653</ele><time>2026-09-29T07:02:09Z</time><speed>0.400</speed><sat>40</sat></trkpt>
  <trkpt lat="39.07913325" lon="33.40842731"><ele>949.235</ele><time>2026-09-29T07:02:10Z</time><speed>1.630</speed><sat>40</sat></trkpt>
  <trkpt lat="39.07912015" lon="33.40844273"><ele>952.212</ele><time>2026-09-29T07:02:11Z</time><speed>1.220</speed><sat>39</sat></trkpt>
  <trkpt lat="39.07910992" lon="33.40845975"><ele>952.692</ele><time>2026-09-29T07:02:12Z</time><speed>1.240</speed><sat>40</sat></trkpt>
  <trkpt lat="39.07909999" lon="33.40847722"><ele>953.248</ele><time>2026-09-29T07:02:13Z</time><speed>1.250</speed><sat>40</sat></trkpt>
  <trkpt lat="39.07909129" lon="33.40849370"><ele>953.694</ele><time>2026-09-29T07:02:14Z</time><speed>1.210</speed><sat>40</sat></trkpt>
  <trkpt lat="39.07908419" lon="33.40850894"><ele>953.729</ele><time>2026-09-29T07:02:15Z</time><speed>1.150</speed><sat>41</sat></trkpt>
  <trkpt lat="39.07907790" lon="33.40852123"><ele>954.151</ele><time>2026-09-29T07:02:16Z</time><speed>0.970</speed><sat>41</sat></trkpt>
  <trkpt lat="39.07906826" lon="33.40853114"><ele>953.965</ele><time>2026-09-29T07:02:17Z</time><speed>1.450</speed><sat>41</sat></trkpt>
  <trkpt lat="39.07905549" lon="33.40853998"><ele>953.781</ele><time>2026-09-29T07:02:18Z</time><speed>1.500</speed><sat>41</sat></trkpt>
  <trkpt lat="39.07904375" lon="33.40854884"><ele>954.220</ele><time>2026-09-29T07:02:19Z</time><speed>1.370</speed><sat>41</sat></trkpt>
  <trkpt lat="39.07903284" lon="33.40855893"><ele>954.650</ele><time>2026-09-29T07:02:20Z</time><speed>1.230</speed><sat>41</sat></trkpt>
  <trkpt lat="39.07902341" lon="33.40856808"><ele>955.131</ele><time>2026-09-29T07:02:21Z</time><speed>1.210</speed><sat>40</sat></trkpt>
  <trkpt lat="39.07901411" lon="33.40857822"><ele>955.164</ele><time>2026-09-29T07:02:22Z</time><speed>1.360</speed><sat>40</sat></trkpt>
  <trkpt lat="39.07900392" lon="33.40858953"><ele>954.520</ele><time>2026-09-29T07:02:23Z</time><speed>1.480</speed><sat>40</sat></trkpt>
  <trkpt lat="39.07899396" lon="33.40860119"><ele>954.402</ele><time>2026-09-29T07:02:24Z</time><speed>1.450</speed><sat>40</sat></trkpt>
  <trkpt lat="39.07898409" lon="33.40861161"><ele>954.517</ele><time>2026-09-29T07:02:25Z</time><speed>1.440</speed><sat>40</sat></trkpt>
  <trkpt lat="39.07897505" lon="33.40862165"><ele>954.636</ele><time>2026-09-29T07:02:26Z</time><speed>1.360</speed><sat>39</sat></trkpt>
  <trkpt lat="39.07896875" lon="33.40862906"><ele>953.943</ele><time>2026-09-29T07:02:27Z</time><speed>0.630</speed><sat>41</sat></trkpt>
  <trkpt lat="39.07896130" lon="33.40863748"><ele>954.982</ele><time>2026-09-29T07:02:28Z</time><speed>1.340</speed><sat>41</sat></trkpt>
  <trkpt lat="39.07895144" lon="33.40864794"><ele>954.937</ele><time>2026-09-29T07:02:29Z</time><speed>1.360</speed><sat>41</sat></trkpt>
  <trkpt lat="39.07894249" lon="33.40866208"><ele>954.244</ele><time>2026-09-29T07:02:30Z</time><speed>1.410</speed><sat>41</sat></trkpt>
  <trkpt lat="39.07893173" lon="33.40867704"><ele>953.443</ele><time>2026-09-29T07:02:31Z</time><speed>1.420</speed><sat>41</sat></trkpt>
  <trkpt lat="39.07892226" lon="33.40869181"><ele>954.179</ele><time>2026-09-29T07:02:32Z</time><speed>1.390</speed><sat>41</sat></trkpt>
  <trkpt lat="39.07891350" lon="33.40870354"><ele>954.055</ele><time>2026-09-29T07:02:33Z</time><speed>1.290</speed><sat>41</sat></trkpt>
  <trkpt lat="39.07890509" lon="33.40871573"><ele>954.948</ele><time>2026-09-29T07:02:34Z</time><speed>1.350</speed><sat>41</sat></trkpt>
  <trkpt lat="39.07889723" lon="33.40872766"><ele>954.229</ele><time>2026-09-29T07:02:35Z</time><speed>1.240</speed><sat>41</sat></trkpt>
  <trkpt lat="39.07888914" lon="33.40873787"><ele>954.490</ele><time>2026-09-29T07:02:36Z</time><speed>1.300</speed><sat>41</sat></trkpt>
  <trkpt lat="39.07888263" lon="33.40874576"><ele>955.152</ele><time>2026-09-29T07:02:37Z</time><speed>0.700</speed><sat>41</sat></trkpt>
  <trkpt lat="39.07887442" lon="33.40875468"><ele>956.131</ele><time>2026-09-29T07:02:38Z</time><speed>1.260</speed><sat>41</sat></trkpt>
  <trkpt lat="39.07886583" lon="33.40876645"><ele>955.547</ele><time>2026-09-29T07:02:39Z</time><speed>1.270</speed><sat>41</sat></trkpt>
  <trkpt lat="39.07885959" lon="33.40877841"><ele>954.993</ele><time>2026-09-29T07:02:40Z</time><speed>0.740</speed><sat>41</sat></trkpt>
  <trkpt lat="39.07885356" lon="33.40879120"><ele>954.721</ele><time>2026-09-29T07:02:41Z</time><speed>1.320</speed><sat>41</sat></trkpt>
  <trkpt lat="39.07884706" lon="33.40880402"><ele>955.128</ele><time>2026-09-29T07:02:42Z</time><speed>1.170</speed><sat>41</sat></trkpt>
  <trkpt lat="39.07884155" lon="33.40881310"><ele>955.834</ele><time>2026-09-29T07:02:43Z</time><speed>0.710</speed><sat>41</sat></trkpt>
  <trkpt lat="39.07883206" lon="33.40881953"><ele>954.374</ele><time>2026-09-29T07:02:44Z</time><speed>1.500</speed><sat>41</sat></trkpt>
  <trkpt lat="39.07881975" lon="33.40882715"><ele>954.138</ele><time>2026-09-29T07:02:45Z</time><speed>1.570</speed><sat>40</sat></trkpt>
  <trkpt lat="39.07880833" lon="33.40883236"><ele>954.249</ele><time>2026-09-29T07:02:46Z</time><speed>1.310</speed><sat>40</sat></trkpt>
  <trkpt lat="39.07879700" lon="33.40883710"><ele>954.083</ele><time>2026-09-29T07:02:47Z</time><speed>1.410</speed><sat>39</sat></trkpt>
  <trkpt lat="39.07878677" lon="33.40884399"><ele>954.580</ele><time>2026-09-29T07:02:48Z</time><speed>1.270</speed><sat>39</sat></trkpt>
  <trkpt lat="39.07877636" lon="33.40885456"><ele>954.851</ele><time>2026-09-29T07:02:49Z</time><speed>1.360</speed><sat>39</sat></trkpt>
  <trkpt lat="39.07876594" lon="33.40886548"><ele>955.225</ele><time>2026-09-29T07:02:50Z</time><speed>1.390</speed><sat>40</sat></trkpt>
  <trkpt lat="39.07875756" lon="33.40887305"><ele>955.691</ele><time>2026-09-29T07:02:51Z</time><speed>0.720</speed><sat>40</sat></trkpt>
  <trkpt lat="39.07874775" lon="33.40888292"><ele>956.221</ele><time>2026-09-29T07:02:52Z</time><speed>1.450</speed><sat>40</sat></trkpt>
  <trkpt lat="39.07873573" lon="33.40889423"><ele>955.849</ele><time>2026-09-29T07:02:53Z</time><speed>1.360</speed><sat>40</sat></trkpt>
  <trkpt lat="39.07872384" lon="33.40890533"><ele>955.658</ele><time>2026-09-29T07:02:54Z</time><speed>1.450</speed><sat>40</sat></trkpt>
  <trkpt lat="39.07871095" lon="33.40891549"><ele>955.943</ele><time>2026-09-29T07:02:55Z</time><speed>1.470</speed><sat>41</sat></trkpt>
  <trkpt lat="39.07869723" lon="33.40892574"><ele>956.014</ele><time>2026-09-29T07:02:56Z</time><speed>1.570</speed><sat>41</sat></trkpt>
  <trkpt lat="39.07868533" lon="33.40893390"><ele>954.869</ele><time>2026-09-29T07:02:57Z</time><speed>1.470</speed><sat>41</sat></trkpt>
  <trkpt lat="39.07867382" lon="33.40894056"><ele>954.657</ele><time>2026-09-29T07:02:58Z</time><speed>1.500</speed><sat>41</sat></trkpt>
  <trkpt lat="39.07866164" lon="33.40894607"><ele>954.235</ele><time>2026-09-29T07:02:59Z</time><speed>1.490</speed><sat>41</sat></trkpt>
  <trkpt lat="39.07865269" lon="33.40895056"><ele>953.163</ele><time>2026-09-29T07:03:00Z</time><speed>1.020</speed><sat>41</sat></trkpt>
  <trkpt lat="39.07864394" lon="33.40895764"><ele>952.649</ele><time>2026-09-29T07:03:01Z</time><speed>1.400</speed><sat>40</sat></trkpt>
  <trkpt lat="39.07863398" lon="33.40896991"><ele>952.882</ele><time>2026-09-29T07:03:02Z</time><speed>1.410</speed><sat>40</sat></trkpt>
  <trkpt lat="39.07862389" lon="33.40898129"><ele>953.053</ele><time>2026-09-29T07:03:03Z</time><speed>1.450</speed><sat>40</sat></trkpt>
  <trkpt lat="39.07861138" lon="33.40899339"><ele>951.698</ele><time>2026-09-29T07:03:04Z</time><speed>1.680</speed><sat>40</sat></trkpt>
  <trkpt lat="39.07859842" lon="33.40900512"><ele>951.254</ele><time>2026-09-29T07:03:05Z</time><speed>1.420</speed><sat>40</sat></trkpt>
  <trkpt lat="39.07858726" lon="33.40901748"><ele>952.124</ele><time>2026-09-29T07:03:06Z</time><speed>1.380</speed><sat>40</sat></trkpt>
  <trkpt lat="39.07857547" lon="33.40903032"><ele>951.566</ele><time>2026-09-29T07:03:07Z</time><speed>1.420</speed><sat>41</sat></trkpt>
  <trkpt lat="39.07856381" lon="33.40904165"><ele>951.118</ele><time>2026-09-29T07:03:08Z</time><speed>1.440</speed><sat>41</sat></trkpt>
  <trkpt lat="39.07855481" lon="33.40905247"><ele>950.722</ele><time>2026-09-29T07:03:09Z</time><speed>1.340</speed><sat>41</sat></trkpt>
  <trkpt lat="39.07854635" lon="33.40906282"><ele>951.411</ele><time>2026-09-29T07:03:10Z</time><speed>1.290</speed><sat>41</sat></trkpt>
  <trkpt lat="39.07853788" lon="33.40907195"><ele>951.463</ele><time>2026-09-29T07:03:11Z</time><speed>1.320</speed><sat>41</sat></trkpt>
  <trkpt lat="39.07853041" lon="33.40908036"><ele>951.599</ele><time>2026-09-29T07:03:12Z</time><speed>1.110</speed><sat>41</sat></trkpt>
  <trkpt lat="39.07852217" lon="33.40909312"><ele>951.290</ele><time>2026-09-29T07:03:13Z</time><speed>1.560</speed><sat>40</sat></trkpt>
  <trkpt lat="39.07851272" lon="33.40910864"><ele>952.733</ele><time>2026-09-29T07:03:14Z</time><speed>1.660</speed><sat>39</sat></trkpt>
  <trkpt lat="39.07850239" lon="33.40912585"><ele>952.791</ele><time>2026-09-29T07:03:15Z</time><speed>1.610</speed><sat>40</sat></trkpt>
  <trkpt lat="39.07849379" lon="33.40913942"><ele>951.407</ele><time>2026-09-29T07:03:16Z</time><speed>1.240</speed><sat>40</sat></trkpt>
  <trkpt lat="39.07848632" lon="33.40915138"><ele>951.341</ele><time>2026-09-29T07:03:17Z</time><speed>1.330</speed><sat>41</sat></trkpt>
  <trkpt lat="39.07847829" lon="33.40916253"><ele>951.793</ele><time>2026-09-29T07:03:18Z</time><speed>1.330</speed><sat>41</sat></trkpt>
  <trkpt lat="39.07847098" lon="33.40917233"><ele>951.985</ele><time>2026-09-29T07:03:19Z</time><speed>1.280</speed><sat>41</sat></trkpt>
  <trkpt lat="39.07846335" lon="33.40918215"><ele>953.047</ele><time>2026-09-29T07:03:20Z</time><speed>1.260</speed><sat>41</sat></trkpt>
  <trkpt lat="39.07845454" lon="33.40919235"><ele>953.385</ele><time>2026-09-29T07:03:21Z</time><speed>1.310</speed><sat>41</sat></trkpt>
  <trkpt lat="39.07844512" lon="33.40920247"><ele>953.657</ele><time>2026-09-29T07:03:22Z</time><speed>1.350</speed><sat>41</sat></trkpt>
  <trkpt lat="39.07843597" lon="33.40921282"><ele>952.847</ele><time>2026-09-29T07:03:23Z</time><speed>1.330</speed><sat>41</sat></trkpt>
  <trkpt lat="39.07842795" lon="33.40922233"><ele>952.370</ele><time>2026-09-29T07:03:24Z</time><speed>1.290</speed><sat>41</sat></trkpt>
  <trkpt lat="39.07842217" lon="33.40923154"><ele>952.336</ele><time>2026-09-29T07:03:25Z</time><speed>0.970</speed><sat>41</sat></trkpt>
  <trkpt lat="39.07841558" lon="33.40924394"><ele>952.327</ele><time>2026-09-29T07:03:26Z</time><speed>1.160</speed><sat>40</sat></trkpt>
  <trkpt lat="39.07840698" lon="33.40925577"><ele>952.340</ele><time>2026-09-29T07:03:27Z</time><speed>1.360</speed><sat>40</sat></trkpt>
  <trkpt lat="39.07839904" lon="33.40926330"><ele>952.416</ele><time>2026-09-29T07:03:28Z</time><speed>0.990</speed><sat>40</sat></trkpt>
  <trkpt lat="39.07838881" lon="33.40927005"><ele>953.501</ele><time>2026-09-29T07:03:29Z</time><speed>1.380</speed><sat>40</sat></trkpt>
  <trkpt lat="39.07837773" lon="33.40927753"><ele>953.062</ele><time>2026-09-29T07:03:30Z</time><speed>1.400</speed><sat>40</sat></trkpt>
  <trkpt lat="39.07836660" lon="33.40928797"><ele>955.067</ele><time>2026-09-29T07:03:31Z</time><speed>1.470</speed><sat>40</sat></trkpt>
  <trkpt lat="39.07835486" lon="33.40930097"><ele>954.315</ele><time>2026-09-29T07:03:32Z</time><speed>1.480</speed><sat>40</sat></trkpt>
  <trkpt lat="39.07834444" lon="33.40931155"><ele>953.931</ele><time>2026-09-29T07:03:33Z</time><speed>1.290</speed><sat>40</sat></trkpt>
  <trkpt lat="39.07833416" lon="33.40932377"><ele>955.953</ele><time>2026-09-29T07:03:34Z</time><speed>1.430</speed><sat>40</sat></trkpt>
  <trkpt lat="39.07832278" lon="33.40933492"><ele>956.307</ele><time>2026-09-29T07:03:35Z</time><speed>1.360</speed><sat>40</sat></trkpt>
  <trkpt lat="39.07831385" lon="33.40934348"><ele>956.849</ele><time>2026-09-29T07:03:36Z</time><speed>0.690</speed><sat>40</sat></trkpt>
  <trkpt lat="39.07830728" lon="33.40934931"><ele>956.930</ele><time>2026-09-29T07:03:37Z</time><speed>0.660</speed><sat>40</sat></trkpt>
  <trkpt lat="39.07830114" lon="33.40935183"><ele>956.538</ele><time>2026-09-29T07:03:38Z</time><speed>0.640</speed><sat>39</sat></trkpt>
  <trkpt lat="39.07829285" lon="33.40934803"><ele>956.416</ele><time>2026-09-29T07:03:39Z</time><speed>1.480</speed><sat>39</sat></trkpt>
  <trkpt lat="39.07827961" lon="33.40935447"><ele>956.586</ele><time>2026-09-29T07:03:40Z</time><speed>1.410</speed><sat>39</sat></trkpt>
  <trkpt lat="39.07826657" lon="33.40936872"><ele>956.925</ele><time>2026-09-29T07:03:41Z</time><speed>1.340</speed><sat>40</sat></trkpt>
  <trkpt lat="39.07825390" lon="33.40938811"><ele>957.545</ele><time>2026-09-29T07:03:42Z</time><speed>1.510</speed><sat>40</sat></trkpt>
  <trkpt lat="39.07824367" lon="33.40940523"><ele>955.568</ele><time>2026-09-29T07:03:43Z</time><speed>1.290</speed><sat>40</sat></trkpt>
  <trkpt lat="39.07823333" lon="33.40941962"><ele>954.627</ele><time>2026-09-29T07:03:44Z</time><speed>1.430</speed><sat>40</sat></trkpt>
  <trkpt lat="39.07822661" lon="33.40943030"><ele>954.616</ele><time>2026-09-29T07:03:45Z</time><speed>0.490</speed><sat>40</sat></trkpt>
  <trkpt lat="39.07821884" lon="33.40944176"><ele>954.324</ele><time>2026-09-29T07:03:46Z</time><speed>1.360</speed><sat>40</sat></trkpt>
  <trkpt lat="39.07820609" lon="33.40945356"><ele>952.938</ele><time>2026-09-29T07:03:47Z</time><speed>1.490</speed><sat>39</sat></trkpt>
  <trkpt lat="39.07819525" lon="33.40946422"><ele>953.917</ele><time>2026-09-29T07:03:48Z</time><speed>1.290</speed><sat>40</sat></trkpt>
  <trkpt lat="39.07818493" lon="33.40947560"><ele>954.138</ele><time>2026-09-29T07:03:49Z</time><speed>1.390</speed><sat>40</sat></trkpt>
  <trkpt lat="39.07817409" lon="33.40948799"><ele>954.850</ele><time>2026-09-29T07:03:50Z</time><speed>1.460</speed><sat>40</sat></trkpt>
  <trkpt lat="39.07816418" lon="33.40950139"><ele>954.739</ele><time>2026-09-29T07:03:51Z</time><speed>1.440</speed><sat>40</sat></trkpt>
  <trkpt lat="39.07815431" lon="33.40951700"><ele>955.083</ele><time>2026-09-29T07:03:52Z</time><speed>1.530</speed><sat>40</sat></trkpt>
  <trkpt lat="39.07814415" lon="33.40953068"><ele>954.794</ele><time>2026-09-29T07:03:53Z</time><speed>1.450</speed><sat>40</sat></trkpt>
  <trkpt lat="39.07813352" lon="33.40954359"><ele>955.755</ele><time>2026-09-29T07:03:54Z</time><speed>1.490</speed><sat>40</sat></trkpt>
  <trkpt lat="39.07812234" lon="33.40955699"><ele>955.309</ele><time>2026-09-29T07:03:55Z</time><speed>1.520</speed><sat>40</sat></trkpt>
  <trkpt lat="39.07811051" lon="33.40957042"><ele>955.894</ele><time>2026-09-29T07:03:56Z</time><speed>1.550</speed><sat>40</sat></trkpt>
  <trkpt lat="39.07809952" lon="33.40958678"><ele>955.830</ele><time>2026-09-29T07:03:57Z</time><speed>1.610</speed><sat>40</sat></trkpt>
  <trkpt lat="39.07808993" lon="33.40960087"><ele>955.338</ele><time>2026-09-29T07:03:58Z</time><speed>1.290</speed><sat>40</sat></trkpt>
  <trkpt lat="39.07807960" lon="33.40961375"><ele>955.530</ele><time>2026-09-29T07:03:59Z</time><speed>1.480</speed><sat>40</sat></trkpt>
  <trkpt lat="39.07806853" lon="33.40962502"><ele>955.148</ele><time>2026-09-29T07:04:00Z</time><speed>1.350</speed><sat>40</sat></trkpt>
  <trkpt lat="39.07806079" lon="33.40963292"><ele>955.007</ele><time>2026-09-29T07:04:01Z</time><speed>0.710</speed><sat>40</sat></trkpt>
  <trkpt lat="39.07805552" lon="33.40963920"><ele>953.460</ele><time>2026-09-29T07:04:02Z</time><speed>0.730</speed><sat>40</sat></trkpt>
  <trkpt lat="39.07804784" lon="33.40964775"><ele>953.370</ele><time>2026-09-29T07:04:03Z</time><speed>1.310</speed><sat>40</sat></trkpt>
  <trkpt lat="39.07803922" lon="33.40965808"><ele>953.716</ele><time>2026-09-29T07:04:04Z</time><speed>1.310</speed><sat>40</sat></trkpt>
  <trkpt lat="39.07803017" lon="33.40966870"><ele>953.203</ele><time>2026-09-29T07:04:05Z</time><speed>1.320</speed><sat>40</sat></trkpt>
  <trkpt lat="39.07802108" lon="33.40967820"><ele>952.965</ele><time>2026-09-29T07:04:06Z</time><speed>1.320</speed><sat>40</sat></trkpt>
  <trkpt lat="39.07801110" lon="33.40968924"><ele>953.988</ele><time>2026-09-29T07:04:07Z</time><speed>1.470</speed><sat>40</sat></trkpt>
  <trkpt lat="39.07800060" lon="33.40969951"><ele>954.259</ele><time>2026-09-29T07:04:08Z</time><speed>1.460</speed><sat>40</sat></trkpt>
  <trkpt lat="39.07799017" lon="33.40970937"><ele>954.086</ele><time>2026-09-29T07:04:09Z</time><speed>1.460</speed><sat>40</sat></trkpt>
  <trkpt lat="39.07798013" lon="33.40971959"><ele>954.201</ele><time>2026-09-29T07:04:10Z</time><speed>1.400</speed><sat>40</sat></trkpt>
  <trkpt lat="39.07796859" lon="33.40972984"><ele>954.434</ele><time>2026-09-29T07:04:11Z</time><speed>1.490</speed><sat>41</sat></trkpt>
  <trkpt lat="39.07795801" lon="33.40974047"><ele>954.259</ele><time>2026-09-29T07:04:12Z</time><speed>1.380</speed><sat>40</sat></trkpt>
  <trkpt lat="39.07794956" lon="33.40975101"><ele>954.876</ele><time>2026-09-29T07:04:13Z</time><speed>1.100</speed><sat>40</sat></trkpt>
  <trkpt lat="39.07794181" lon="33.40976228"><ele>954.783</ele><time>2026-09-29T07:04:14Z</time><speed>1.210</speed><sat>41</sat></trkpt>
  <trkpt lat="39.07793404" lon="33.40977351"><ele>954.906</ele><time>2026-09-29T07:04:15Z</time><speed>1.200</speed><sat>41</sat></trkpt>
  <trkpt lat="39.07792458" lon="33.40978371"><ele>954.184</ele><time>2026-09-29T07:04:16Z</time><speed>1.340</speed><sat>41</sat></trkpt>
  <trkpt lat="39.07791244" lon="33.40979081"><ele>954.479</ele><time>2026-09-29T07:04:17Z</time><speed>1.480</speed><sat>40</sat></trkpt>
  <trkpt lat="39.07789811" lon="33.40979588"><ele>953.493</ele><time>2026-09-29T07:04:18Z</time><speed>1.480</speed><sat>40</sat></trkpt>
  <trkpt lat="39.07788407" lon="33.40980410"><ele>952.590</ele><time>2026-09-29T07:04:19Z</time><speed>1.450</speed><sat>40</sat></trkpt>
  <trkpt lat="39.07787221" lon="33.40981442"><ele>952.611</ele><time>2026-09-29T07:04:20Z</time><speed>1.440</speed><sat>41</sat></trkpt>
  <trkpt lat="39.07786190" lon="33.40982580"><ele>953.146</ele><time>2026-09-29T07:04:21Z</time><speed>1.420</speed><sat>41</sat></trkpt>
  <trkpt lat="39.07785240" lon="33.40984064"><ele>954.428</ele><time>2026-09-29T07:04:22Z</time><speed>1.450</speed><sat>41</sat></trkpt>
  <trkpt lat="39.07784240" lon="33.40985426"><ele>954.665</ele><time>2026-09-29T07:04:23Z</time><speed>1.440</speed><sat>41</sat></trkpt>
  <trkpt lat="39.07783547" lon="33.40986553"><ele>952.821</ele><time>2026-09-29T07:04:24Z</time><speed>1.090</speed><sat>41</sat></trkpt>
  <trkpt lat="39.07782674" lon="33.40987606"><ele>954.160</ele><time>2026-09-29T07:04:25Z</time><speed>1.540</speed><sat>41</sat></trkpt>
  <trkpt lat="39.07781573" lon="33.40988481"><ele>954.171</ele><time>2026-09-29T07:04:26Z</time><speed>1.500</speed><sat>41</sat></trkpt>
  <trkpt lat="39.07780983" lon="33.40989049"><ele>954.644</ele><time>2026-09-29T07:04:27Z</time><speed>0.450</speed><sat>41</sat></trkpt>
  <trkpt lat="39.07780279" lon="33.40990258"><ele>955.279</ele><time>2026-09-29T07:04:28Z</time><speed>1.350</speed><sat>41</sat></trkpt>
  <trkpt lat="39.07779631" lon="33.40991668"><ele>954.905</ele><time>2026-09-29T07:04:29Z</time><speed>0.720</speed><sat>40</sat></trkpt>
  <trkpt lat="39.07778896" lon="33.40993169"><ele>954.029</ele><time>2026-09-29T07:04:30Z</time><speed>1.360</speed><sat>41</sat></trkpt>
  <trkpt lat="39.07778008" lon="33.40994683"><ele>953.594</ele><time>2026-09-29T07:04:31Z</time><speed>1.260</speed><sat>41</sat></trkpt>
  <trkpt lat="39.07777104" lon="33.40996105"><ele>953.243</ele><time>2026-09-29T07:04:32Z</time><speed>1.260</speed><sat>41</sat></trkpt>
  <trkpt lat="39.07776209" lon="33.40997245"><ele>953.286</ele><time>2026-09-29T07:04:33Z</time><speed>1.210</speed><sat>41</sat></trkpt>
  <trkpt lat="39.07775221" lon="33.40998389"><ele>952.519</ele><time>2026-09-29T07:04:34Z</time><speed>1.240</speed><sat>41</sat></trkpt>
  <trkpt lat="39.07774048" lon="33.40999407"><ele>953.539</ele><time>2026-09-29T07:04:35Z</time><speed>1.370</speed><sat>41</sat></trkpt>
  <trkpt lat="39.07772791" lon="33.41000270"><ele>954.338</ele><time>2026-09-29T07:04:36Z</time><speed>1.340</speed><sat>40</sat></trkpt>
  <trkpt lat="39.07771544" lon="33.41000938"><ele>954.041</ele><time>2026-09-29T07:04:37Z</time><speed>1.340</speed><sat>40</sat></trkpt>
  <trkpt lat="39.07770254" lon="33.41001906"><ele>953.580</ele><time>2026-09-29T07:04:38Z</time><speed>1.670</speed><sat>40</sat></trkpt>
  <trkpt lat="39.07768769" lon="33.41003005"><ele>954.454</ele><time>2026-09-29T07:04:39Z</time><speed>1.740</speed><sat>40</sat></trkpt>
  <trkpt lat="39.07767459" lon="33.41004242"><ele>955.875</ele><time>2026-09-29T07:04:40Z</time><speed>1.680</speed><sat>40</sat></trkpt>
  <trkpt lat="39.07766408" lon="33.41005483"><ele>956.453</ele><time>2026-09-29T07:04:41Z</time><speed>1.470</speed><sat>40</sat></trkpt>
  <trkpt lat="39.07765355" lon="33.41006716"><ele>957.504</ele><time>2026-09-29T07:04:42Z</time><speed>1.600</speed><sat>41</sat></trkpt>
  <trkpt lat="39.07764181" lon="33.41008173"><ele>955.612</ele><time>2026-09-29T07:04:43Z</time><speed>1.640</speed><sat>41</sat></trkpt>
  <trkpt lat="39.07762993" lon="33.41009426"><ele>954.808</ele><time>2026-09-29T07:04:44Z</time><speed>1.600</speed><sat>41</sat></trkpt>
  <trkpt lat="39.07761895" lon="33.41010385"><ele>955.011</ele><time>2026-09-29T07:04:45Z</time><speed>1.540</speed><sat>41</sat></trkpt>
  <trkpt lat="39.07760690" lon="33.41011155"><ele>955.449</ele><time>2026-09-29T07:04:46Z</time><speed>1.570</speed><sat>41</sat></trkpt>
  <trkpt lat="39.07759527" lon="33.41011717"><ele>954.901</ele><time>2026-09-29T07:04:47Z</time><speed>1.560</speed><sat>41</sat></trkpt>
  <trkpt lat="39.07758380" lon="33.41012463"><ele>954.889</ele><time>2026-09-29T07:04:48Z</time><speed>1.580</speed><sat>39</sat></trkpt>
  <trkpt lat="39.07757234" lon="33.41013292"><ele>953.568</ele><time>2026-09-29T07:04:49Z</time><speed>1.590</speed><sat>39</sat></trkpt>
  <trkpt lat="39.07756157" lon="33.41014161"><ele>952.876</ele><time>2026-09-29T07:04:50Z</time><speed>1.510</speed><sat>39</sat></trkpt>
  <trkpt lat="39.07755165" lon="33.41015076"><ele>952.181</ele><time>2026-09-29T07:04:51Z</time><speed>1.520</speed><sat>39</sat></trkpt>
  <trkpt lat="39.07753956" lon="33.41015996"><ele>952.205</ele><time>2026-09-29T07:04:52Z</time><speed>1.560</speed><sat>39</sat></trkpt>
  <trkpt lat="39.07752920" lon="33.41016977"><ele>952.574</ele><time>2026-09-29T07:04:53Z</time><speed>1.560</speed><sat>39</sat></trkpt>
  <trkpt lat="39.07752018" lon="33.41017961"><ele>952.764</ele><time>2026-09-29T07:04:54Z</time><speed>1.490</speed><sat>39</sat></trkpt>
  <trkpt lat="39.07751119" lon="33.41018923"><ele>953.017</ele><time>2026-09-29T07:04:55Z</time><speed>1.520</speed><sat>39</sat></trkpt>
  <trkpt lat="39.07750186" lon="33.41019918"><ele>952.802</ele><time>2026-09-29T07:04:56Z</time><speed>1.510</speed><sat>39</sat></trkpt>
  <trkpt lat="39.07749268" lon="33.41020776"><ele>954.648</ele><time>2026-09-29T07:04:57Z</time><speed>1.460</speed><sat>39</sat></trkpt>
  <trkpt lat="39.07748321" lon="33.41021647"><ele>954.962</ele><time>2026-09-29T07:04:58Z</time><speed>1.520</speed><sat>39</sat></trkpt>
  <trkpt lat="39.07747353" lon="33.41022491"><ele>955.059</ele><time>2026-09-29T07:04:59Z</time><speed>1.520</speed><sat>39</sat></trkpt>
  <trkpt lat="39.07746506" lon="33.41023895"><ele>954.198</ele><time>2026-09-29T07:05:00Z</time><speed>1.600</speed><sat>39</sat></trkpt>
  <trkpt lat="39.07745786" lon="33.41025211"><ele>954.068</ele><time>2026-09-29T07:05:01Z</time><speed>1.190</speed><sat>41</sat></trkpt>
  <trkpt lat="39.07745110" lon="33.41026443"><ele>953.854</ele><time>2026-09-29T07:05:02Z</time><speed>1.310</speed><sat>41</sat></trkpt>
  <trkpt lat="39.07744278" lon="33.41027462"><ele>954.253</ele><time>2026-09-29T07:05:03Z</time><speed>1.330</speed><sat>41</sat></trkpt>
  <trkpt lat="39.07743375" lon="33.41028661"><ele>954.411</ele><time>2026-09-29T07:05:04Z</time><speed>1.410</speed><sat>41</sat></trkpt>
  <trkpt lat="39.07742262" lon="33.41030051"><ele>954.990</ele><time>2026-09-29T07:05:05Z</time><speed>1.520</speed><sat>40</sat></trkpt>
  <trkpt lat="39.07741171" lon="33.41031500"><ele>954.712</ele><time>2026-09-29T07:05:06Z</time><speed>1.540</speed><sat>40</sat></trkpt>
  <trkpt lat="39.07740252" lon="33.41032657"><ele>954.627</ele><time>2026-09-29T07:05:07Z</time><speed>1.190</speed><sat>40</sat></trkpt>
  <trkpt lat="39.07739538" lon="33.41033741"><ele>954.673</ele><time>2026-09-29T07:05:08Z</time><speed>1.200</speed><sat>40</sat></trkpt>
  <trkpt lat="39.07738717" lon="33.41034992"><ele>954.385</ele><time>2026-09-29T07:05:09Z</time><speed>1.420</speed><sat>40</sat></trkpt>
  <trkpt lat="39.07737648" lon="33.41035975"><ele>954.451</ele><time>2026-09-29T07:05:10Z</time><speed>1.490</speed><sat>40</sat></trkpt>
  <trkpt lat="39.07736606" lon="33.41036702"><ele>954.275</ele><time>2026-09-29T07:05:11Z</time><speed>1.390</speed><sat>39</sat></trkpt>
  <trkpt lat="39.07735546" lon="33.41037313"><ele>954.336</ele><time>2026-09-29T07:05:12Z</time><speed>1.470</speed><sat>39</sat></trkpt>
  <trkpt lat="39.07734823" lon="33.41037999"><ele>955.015</ele><time>2026-09-29T07:05:13Z</time><speed>0.980</speed><sat>39</sat></trkpt>
  <trkpt lat="39.07734146" lon="33.41039636"><ele>956.338</ele><time>2026-09-29T07:05:14Z</time><speed>1.340</speed><sat>39</sat></trkpt>
  <trkpt lat="39.07733407" lon="33.41041367"><ele>955.674</ele><time>2026-09-29T07:05:15Z</time><speed>1.390</speed><sat>40</sat></trkpt>
  <trkpt lat="39.07732844" lon="33.41042898"><ele>956.380</ele><time>2026-09-29T07:05:16Z</time><speed>1.400</speed><sat>40</sat></trkpt>
  <trkpt lat="39.07732193" lon="33.41044165"><ele>956.393</ele><time>2026-09-29T07:05:17Z</time><speed>1.350</speed><sat>41</sat></trkpt>
  <trkpt lat="39.07731313" lon="33.41045025"><ele>956.879</ele><time>2026-09-29T07:05:18Z</time><speed>1.450</speed><sat>41</sat></trkpt>
  <trkpt lat="39.07730292" lon="33.41045668"><ele>957.211</ele><time>2026-09-29T07:05:19Z</time><speed>1.400</speed><sat>41</sat></trkpt>
  <trkpt lat="39.07729335" lon="33.41046462"><ele>957.105</ele><time>2026-09-29T07:05:20Z</time><speed>1.460</speed><sat>41</sat></trkpt>
  <trkpt lat="39.07728358" lon="33.41047318"><ele>956.925</ele><time>2026-09-29T07:05:21Z</time><speed>1.450</speed><sat>40</sat></trkpt>
  <trkpt lat="39.07727474" lon="33.41048221"><ele>956.706</ele><time>2026-09-29T07:05:22Z</time><speed>1.130</speed><sat>41</sat></trkpt>
  <trkpt lat="39.07726749" lon="33.41049100"><ele>958.381</ele><time>2026-09-29T07:05:23Z</time><speed>0.730</speed><sat>40</sat></trkpt>
  <trkpt lat="39.07725829" lon="33.41050020"><ele>957.262</ele><time>2026-09-29T07:05:24Z</time><speed>1.130</speed><sat>41</sat></trkpt>
  <trkpt lat="39.07724772" lon="33.41051043"><ele>956.951</ele><time>2026-09-29T07:05:25Z</time><speed>1.310</speed><sat>41</sat></trkpt>
  <trkpt lat="39.07724059" lon="33.41052262"><ele>955.349</ele><time>2026-09-29T07:05:26Z</time><speed>0.560</speed><sat>41</sat></trkpt>
  <trkpt lat="39.07723227" lon="33.41053722"><ele>955.665</ele><time>2026-09-29T07:05:27Z</time><speed>1.270</speed><sat>41</sat></trkpt>
  <trkpt lat="39.07722231" lon="33.41055276"><ele>954.893</ele><time>2026-09-29T07:05:28Z</time><speed>1.360</speed><sat>41</sat></trkpt>
  <trkpt lat="39.07721353" lon="33.41056761"><ele>955.612</ele><time>2026-09-29T07:05:29Z</time><speed>1.200</speed><sat>41</sat></trkpt>
  <trkpt lat="39.07720451" lon="33.41057947"><ele>955.796</ele><time>2026-09-29T07:05:30Z</time><speed>1.220</speed><sat>41</sat></trkpt>
  <trkpt lat="39.07719368" lon="33.41059097"><ele>955.516</ele><time>2026-09-29T07:05:31Z</time><speed>1.360</speed><sat>41</sat></trkpt>
  <trkpt lat="39.07718120" lon="33.41060243"><ele>954.534</ele><time>2026-09-29T07:05:32Z</time><speed>1.480</speed><sat>41</sat></trkpt>
  <trkpt lat="39.07716814" lon="33.41061104"><ele>953.912</ele><time>2026-09-29T07:05:33Z</time><speed>1.500</speed><sat>41</sat></trkpt>
  <trkpt lat="39.07715636" lon="33.41061782"><ele>954.249</ele><time>2026-09-29T07:05:34Z</time><speed>1.310</speed><sat>41</sat></trkpt>
  <trkpt lat="39.07714496" lon="33.41062445"><ele>954.141</ele><time>2026-09-29T07:05:35Z</time><speed>1.370</speed><sat>41</sat></trkpt>
  <trkpt lat="39.07713278" lon="33.41063126"><ele>953.746</ele><time>2026-09-29T07:05:36Z</time><speed>1.430</speed><sat>41</sat></trkpt>
  <trkpt lat="39.07712071" lon="33.41063710"><ele>953.718</ele><time>2026-09-29T07:05:37Z</time><speed>1.410</speed><sat>41</sat></trkpt>
  <trkpt lat="39.07710971" lon="33.41064455"><ele>953.704</ele><time>2026-09-29T07:05:38Z</time><speed>1.310</speed><sat>40</sat></trkpt>
  <trkpt lat="39.07709967" lon="33.41065314"><ele>953.949</ele><time>2026-09-29T07:05:39Z</time><speed>1.420</speed><sat>40</sat></trkpt>
  <trkpt lat="39.07708850" lon="33.41066354"><ele>953.344</ele><time>2026-09-29T07:05:40Z</time><speed>1.520</speed><sat>40</sat></trkpt>
  <trkpt lat="39.07707602" lon="33.41067385"><ele>952.994</ele><time>2026-09-29T07:05:41Z</time><speed>1.610</speed><sat>39</sat></trkpt>
  <trkpt lat="39.07706277" lon="33.41068162"><ele>952.741</ele><time>2026-09-29T07:05:42Z</time><speed>1.580</speed><sat>40</sat></trkpt>
  <trkpt lat="39.07705093" lon="33.41068870"><ele>952.465</ele><time>2026-09-29T07:05:43Z</time><speed>1.450</speed><sat>40</sat></trkpt>
  <trkpt lat="39.07703949" lon="33.41069458"><ele>952.607</ele><time>2026-09-29T07:05:44Z</time><speed>1.250</speed><sat>40</sat></trkpt>
  <trkpt lat="39.07702893" lon="33.41070165"><ele>952.968</ele><time>2026-09-29T07:05:45Z</time><speed>1.310</speed><sat>41</sat></trkpt>
  <trkpt lat="39.07701935" lon="33.41071032"><ele>953.591</ele><time>2026-09-29T07:05:46Z</time><speed>1.330</speed><sat>41</sat></trkpt>
  <trkpt lat="39.07700904" lon="33.41071892"><ele>953.519</ele><time>2026-09-29T07:05:47Z</time><speed>1.360</speed><sat>40</sat></trkpt>
  <trkpt lat="39.07699899" lon="33.41072917"><ele>953.819</ele><time>2026-09-29T07:05:48Z</time><speed>1.380</speed><sat>40</sat></trkpt>
  <trkpt lat="39.07698947" lon="33.41073916"><ele>954.870</ele><time>2026-09-29T07:05:49Z</time><speed>1.290</speed><sat>40</sat></trkpt>
  <trkpt lat="39.07697950" lon="33.41074960"><ele>955.004</ele><time>2026-09-29T07:05:50Z</time><speed>1.370</speed><sat>41</sat></trkpt>
  <trkpt lat="39.07696947" lon="33.41076014"><ele>954.930</ele><time>2026-09-29T07:05:51Z</time><speed>1.330</speed><sat>41</sat></trkpt>
  <trkpt lat="39.07695881" lon="33.41077028"><ele>954.954</ele><time>2026-09-29T07:05:52Z</time><speed>1.500</speed><sat>41</sat></trkpt>
  <trkpt lat="39.07694617" lon="33.41078361"><ele>955.995</ele><time>2026-09-29T07:05:53Z</time><speed>1.940</speed><sat>41</sat></trkpt>
  <trkpt lat="39.07693475" lon="33.41079667"><ele>955.658</ele><time>2026-09-29T07:05:54Z</time><speed>1.620</speed><sat>41</sat></trkpt>
  <trkpt lat="39.07692707" lon="33.41080672"><ele>954.660</ele><time>2026-09-29T07:05:55Z</time><speed>1.000</speed><sat>41</sat></trkpt>
  <trkpt lat="39.07691954" lon="33.41081430"><ele>954.437</ele><time>2026-09-29T07:05:56Z</time><speed>1.220</speed><sat>41</sat></trkpt>
  <trkpt lat="39.07691054" lon="33.41082079"><ele>953.672</ele><time>2026-09-29T07:05:57Z</time><speed>1.100</speed><sat>41</sat></trkpt>
  <trkpt lat="39.07690378" lon="33.41082826"><ele>953.270</ele><time>2026-09-29T07:05:58Z</time><speed>1.080</speed><sat>41</sat></trkpt>
  <trkpt lat="39.07690046" lon="33.41083788"><ele>952.572</ele><time>2026-09-29T07:05:59Z</time><speed>1.030</speed><sat>41</sat></trkpt>
  <trkpt lat="39.07689456" lon="33.41084966"><ele>952.876</ele><time>2026-09-29T07:06:00Z</time><speed>1.410</speed><sat>41</sat></trkpt>
  <trkpt lat="39.07688619" lon="33.41086212"><ele>952.454</ele><time>2026-09-29T07:06:01Z</time><speed>1.410</speed><sat>41</sat></trkpt>
  <trkpt lat="39.07687602" lon="33.41087150"><ele>951.852</ele><time>2026-09-29T07:06:02Z</time><speed>1.270</speed><sat>41</sat></trkpt>
  <trkpt lat="39.07686507" lon="33.41087874"><ele>952.346</ele><time>2026-09-29T07:06:03Z</time><speed>1.280</speed><sat>41</sat></trkpt>
  <trkpt lat="39.07685331" lon="33.41088570"><ele>952.510</ele><time>2026-09-29T07:06:04Z</time><speed>1.330</speed><sat>41</sat></trkpt>
  <trkpt lat="39.07684236" lon="33.41089388"><ele>952.605</ele><time>2026-09-29T07:06:05Z</time><speed>1.330</speed><sat>41</sat></trkpt>
  <trkpt lat="39.07683284" lon="33.41090208"><ele>952.449</ele><time>2026-09-29T07:06:06Z</time><speed>1.250</speed><sat>41</sat></trkpt>
  <trkpt lat="39.07682233" lon="33.41090919"><ele>953.272</ele><time>2026-09-29T07:06:07Z</time><speed>1.300</speed><sat>41</sat></trkpt>
  <trkpt lat="39.07681288" lon="33.41091347"><ele>952.800</ele><time>2026-09-29T07:06:08Z</time><speed>0.730</speed><sat>41</sat></trkpt>
  <trkpt lat="39.07680342" lon="33.41091834"><ele>952.175</ele><time>2026-09-29T07:06:09Z</time><speed>1.270</speed><sat>41</sat></trkpt>
  <trkpt lat="39.07679529" lon="33.41092248"><ele>951.974</ele><time>2026-09-29T07:06:10Z</time><speed>0.540</speed><sat>41</sat></trkpt>
  <trkpt lat="39.07678636" lon="33.41092748"><ele>952.365</ele><time>2026-09-29T07:06:11Z</time><speed>1.260</speed><sat>41</sat></trkpt>
  <trkpt lat="39.07677598" lon="33.41093478"><ele>951.968</ele><time>2026-09-29T07:06:12Z</time><speed>1.230</speed><sat>41</sat></trkpt>
  <trkpt lat="39.07676709" lon="33.41094271"><ele>953.222</ele><time>2026-09-29T07:06:13Z</time><speed>1.110</speed><sat>41</sat></trkpt>
  <trkpt lat="39.07675741" lon="33.41095088"><ele>953.943</ele><time>2026-09-29T07:06:14Z</time><speed>1.130</speed><sat>41</sat></trkpt>
  <trkpt lat="39.07674758" lon="33.41095803"><ele>952.908</ele><time>2026-09-29T07:06:15Z</time><speed>1.150</speed><sat>41</sat></trkpt>
  <trkpt lat="39.07673709" lon="33.41096321"><ele>952.520</ele><time>2026-09-29T07:06:16Z</time><speed>1.070</speed><sat>41</sat></trkpt>
  <trkpt lat="39.07672628" lon="33.41096760"><ele>952.476</ele><time>2026-09-29T07:06:17Z</time><speed>1.220</speed><sat>41</sat></trkpt>
  <trkpt lat="39.07671550" lon="33.41097280"><ele>952.457</ele><time>2026-09-29T07:06:18Z</time><speed>1.160</speed><sat>41</sat></trkpt>
  <trkpt lat="39.07670723" lon="33.41097646"><ele>953.141</ele><time>2026-09-29T07:06:19Z</time><speed>0.470</speed><sat>41</sat></trkpt>
  <trkpt lat="39.07669830" lon="33.41098095"><ele>953.919</ele><time>2026-09-29T07:06:20Z</time><speed>1.250</speed><sat>41</sat></trkpt>
  <trkpt lat="39.07668861" lon="33.41098664"><ele>953.719</ele><time>2026-09-29T07:06:21Z</time><speed>1.030</speed><sat>41</sat></trkpt>
  <trkpt lat="39.07667935" lon="33.41099224"><ele>954.693</ele><time>2026-09-29T07:06:22Z</time><speed>1.070</speed><sat>41</sat></trkpt>
  <trkpt lat="39.07666908" lon="33.41099767"><ele>954.783</ele><time>2026-09-29T07:06:23Z</time><speed>1.120</speed><sat>41</sat></trkpt>
  <trkpt lat="39.07665791" lon="33.41100176"><ele>954.507</ele><time>2026-09-29T07:06:24Z</time><speed>1.200</speed><sat>41</sat></trkpt>
  <trkpt lat="39.07664469" lon="33.41100618"><ele>954.253</ele><time>2026-09-29T07:06:25Z</time><speed>1.440</speed><sat>41</sat></trkpt>
  <trkpt lat="39.07663073" lon="33.41101074"><ele>955.076</ele><time>2026-09-29T07:06:26Z</time><speed>1.450</speed><sat>41</sat></trkpt>
  <trkpt lat="39.07661713" lon="33.41101605"><ele>955.055</ele><time>2026-09-29T07:06:27Z</time><speed>1.400</speed><sat>41</sat></trkpt>
  <trkpt lat="39.07660576" lon="33.41102178"><ele>955.061</ele><time>2026-09-29T07:06:28Z</time><speed>1.220</speed><sat>42</sat></trkpt>
  <trkpt lat="39.07659585" lon="33.41102785"><ele>953.715</ele><time>2026-09-29T07:06:29Z</time><speed>1.150</speed><sat>42</sat></trkpt>
  <trkpt lat="39.07658628" lon="33.41103441"><ele>953.198</ele><time>2026-09-29T07:06:30Z</time><speed>1.140</speed><sat>42</sat></trkpt>
  <trkpt lat="39.07657644" lon="33.41104150"><ele>953.007</ele><time>2026-09-29T07:06:31Z</time><speed>1.200</speed><sat>42</sat></trkpt>
  <trkpt lat="39.07656805" lon="33.41104733"><ele>952.956</ele><time>2026-09-29T07:06:32Z</time><speed>0.980</speed><sat>42</sat></trkpt>
  <trkpt lat="39.07655795" lon="33.41105331"><ele>952.795</ele><time>2026-09-29T07:06:33Z</time><speed>1.340</speed><sat>42</sat></trkpt>
  <trkpt lat="39.07654724" lon="33.41105909"><ele>952.249</ele><time>2026-09-29T07:06:34Z</time><speed>1.170</speed><sat>42</sat></trkpt>
  <trkpt lat="39.07653766" lon="33.41106500"><ele>951.939</ele><time>2026-09-29T07:06:35Z</time><speed>1.240</speed><sat>42</sat></trkpt>
  <trkpt lat="39.07652861" lon="33.41107190"><ele>951.577</ele><time>2026-09-29T07:06:36Z</time><speed>1.200</speed><sat>42</sat></trkpt>
  <trkpt lat="39.07652104" lon="33.41107934"><ele>950.433</ele><time>2026-09-29T07:06:37Z</time><speed>1.160</speed><sat>42</sat></trkpt>
  <trkpt lat="39.07651370" lon="33.41108824"><ele>949.857</ele><time>2026-09-29T07:06:38Z</time><speed>1.210</speed><sat>42</sat></trkpt>
  <trkpt lat="39.07650633" lon="33.41109549"><ele>949.339</ele><time>2026-09-29T07:06:39Z</time><speed>1.090</speed><sat>41</sat></trkpt>
  <trkpt lat="39.07649770" lon="33.41110229"><ele>948.861</ele><time>2026-09-29T07:06:40Z</time><speed>1.190</speed><sat>41</sat></trkpt>
  <trkpt lat="39.07648633" lon="33.41110709"><ele>948.667</ele><time>2026-09-29T07:06:41Z</time><speed>1.420</speed><sat>41</sat></trkpt>
  <trkpt lat="39.07647440" lon="33.41111138"><ele>948.855</ele><time>2026-09-29T07:06:42Z</time><speed>1.250</speed><sat>41</sat></trkpt>
  <trkpt lat="39.07646259" lon="33.41111489"><ele>949.675</ele><time>2026-09-29T07:06:43Z</time><speed>1.300</speed><sat>41</sat></trkpt>
  <trkpt lat="39.07645094" lon="33.41111921"><ele>949.450</ele><time>2026-09-29T07:06:44Z</time><speed>1.300</speed><sat>41</sat></trkpt>
  <trkpt lat="39.07643884" lon="33.41112515"><ele>950.337</ele><time>2026-09-29T07:06:45Z</time><speed>1.350</speed><sat>42</sat></trkpt>
  <trkpt lat="39.07642702" lon="33.41113298"><ele>949.711</ele><time>2026-09-29T07:06:46Z</time><speed>1.350</speed><sat>42</sat></trkpt>
  <trkpt lat="39.07641546" lon="33.41114245"><ele>949.195</ele><time>2026-09-29T07:06:47Z</time><speed>1.370</speed><sat>42</sat></trkpt>
  <trkpt lat="39.07640418" lon="33.41115134"><ele>949.102</ele><time>2026-09-29T07:06:48Z</time><speed>1.110</speed><sat>42</sat></trkpt>
  <trkpt lat="39.07639373" lon="33.41115898"><ele>949.950</ele><time>2026-09-29T07:06:49Z</time><speed>1.170</speed><sat>42</sat></trkpt>
  <trkpt lat="39.07638187" lon="33.41116530"><ele>949.497</ele><time>2026-09-29T07:06:50Z</time><speed>1.260</speed><sat>42</sat></trkpt>
  <trkpt lat="39.07636940" lon="33.41117067"><ele>949.195</ele><time>2026-09-29T07:06:51Z</time><speed>1.290</speed><sat>41</sat></trkpt>
  <trkpt lat="39.07635625" lon="33.41117572"><ele>949.146</ele><time>2026-09-29T07:06:52Z</time><speed>1.320</speed><sat>41</sat></trkpt>
  <trkpt lat="39.07634375" lon="33.41118034"><ele>949.335</ele><time>2026-09-29T07:06:53Z</time><speed>1.280</speed><sat>41</sat></trkpt>
  <trkpt lat="39.07633126" lon="33.41118536"><ele>949.390</ele><time>2026-09-29T07:06:54Z</time><speed>1.310</speed><sat>41</sat></trkpt>
  <trkpt lat="39.07631796" lon="33.41119119"><ele>949.005</ele><time>2026-09-29T07:06:55Z</time><speed>1.350</speed><sat>41</sat></trkpt>
  <trkpt lat="39.07630487" lon="33.41119759"><ele>948.805</ele><time>2026-09-29T07:06:56Z</time><speed>1.300</speed><sat>41</sat></trkpt>
  <trkpt lat="39.07629251" lon="33.41120325"><ele>948.464</ele><time>2026-09-29T07:06:57Z</time><speed>1.280</speed><sat>41</sat></trkpt>
  <trkpt lat="39.07628204" lon="33.41120660"><ele>948.606</ele><time>2026-09-29T07:06:58Z</time><speed>0.710</speed><sat>41</sat></trkpt>
  <trkpt lat="39.07627196" lon="33.41120972"><ele>947.988</ele><time>2026-09-29T07:06:59Z</time><speed>1.010</speed><sat>41</sat></trkpt>
  <trkpt lat="39.07626227" lon="33.41121321"><ele>947.415</ele><time>2026-09-29T07:07:00Z</time><speed>0.710</speed><sat>41</sat></trkpt>
  <trkpt lat="39.07625028" lon="33.41121513"><ele>946.912</ele><time>2026-09-29T07:07:01Z</time><speed>1.320</speed><sat>41</sat></trkpt>
  <trkpt lat="39.07623640" lon="33.41121533"><ele>946.660</ele><time>2026-09-29T07:07:02Z</time><speed>1.490</speed><sat>41</sat></trkpt>
  <trkpt lat="39.07622200" lon="33.41121269"><ele>947.191</ele><time>2026-09-29T07:07:03Z</time><speed>1.450</speed><sat>42</sat></trkpt>
  <trkpt lat="39.07620770" lon="33.41120795"><ele>946.544</ele><time>2026-09-29T07:07:04Z</time><speed>1.500</speed><sat>42</sat></trkpt>
  <trkpt lat="39.07619400" lon="33.41120051"><ele>946.723</ele><time>2026-09-29T07:07:05Z</time><speed>1.490</speed><sat>42</sat></trkpt>
  <trkpt lat="39.07618100" lon="33.41119262"><ele>946.015</ele><time>2026-09-29T07:07:06Z</time><speed>1.460</speed><sat>42</sat></trkpt>
  <trkpt lat="39.07616905" lon="33.41118307"><ele>945.452</ele><time>2026-09-29T07:07:07Z</time><speed>1.490</speed><sat>42</sat></trkpt>
  <trkpt lat="39.07615706" lon="33.41117203"><ele>945.910</ele><time>2026-09-29T07:07:08Z</time><speed>1.500</speed><sat>42</sat></trkpt>
  <trkpt lat="39.07614567" lon="33.41116014"><ele>945.189</ele><time>2026-09-29T07:07:09Z</time><speed>1.500</speed><sat>41</sat></trkpt>
  <trkpt lat="39.07613566" lon="33.41114579"><ele>946.318</ele><time>2026-09-29T07:07:10Z</time><speed>1.530</speed><sat>41</sat></trkpt>
  <trkpt lat="39.07612788" lon="33.41113010"><ele>946.171</ele><time>2026-09-29T07:07:11Z</time><speed>1.430</speed><sat>41</sat></trkpt>
  <trkpt lat="39.07612112" lon="33.41111479"><ele>946.846</ele><time>2026-09-29T07:07:12Z</time><speed>1.480</speed><sat>40</sat></trkpt>
  <trkpt lat="39.07611355" lon="33.41109959"><ele>946.947</ele><time>2026-09-29T07:07:13Z</time><speed>1.500</speed><sat>40</sat></trkpt>
  <trkpt lat="39.07610567" lon="33.41108502"><ele>946.996</ele><time>2026-09-29T07:07:14Z</time><speed>1.450</speed><sat>40</sat></trkpt>
  <trkpt lat="39.07609795" lon="33.41107141"><ele>946.972</ele><time>2026-09-29T07:07:15Z</time><speed>1.460</speed><sat>41</sat></trkpt>
  <trkpt lat="39.07609181" lon="33.41105726"><ele>946.964</ele><time>2026-09-29T07:07:16Z</time><speed>1.420</speed><sat>40</sat></trkpt>
  <trkpt lat="39.07608682" lon="33.41104275"><ele>946.240</ele><time>2026-09-29T07:07:17Z</time><speed>1.230</speed><sat>40</sat></trkpt>
  <trkpt lat="39.07608514" lon="33.41103119"><ele>946.499</ele><time>2026-09-29T07:07:18Z</time><speed>0.950</speed><sat>40</sat></trkpt>
  <trkpt lat="39.07608325" lon="33.41101862"><ele>946.507</ele><time>2026-09-29T07:07:19Z</time><speed>1.220</speed><sat>39</sat></trkpt>
  <trkpt lat="39.07608458" lon="33.41101008"><ele>946.495</ele><time>2026-09-29T07:07:20Z</time><speed>0.000</speed><sat>39</sat></trkpt>
  <trkpt lat="39.07608611" lon="33.41100852"><ele>946.501</ele><time>2026-09-29T07:07:21Z</time><speed>0.000</speed><sat>40</sat></trkpt>
  <trkpt lat="39.07608683" lon="33.41100774"><ele>946.503</ele><time>2026-09-29T07:07:22Z</time><speed>0.000</speed><sat>40</sat></trkpt>
  <trkpt lat="39.07608719" lon="33.41100735"><ele>946.504</ele><time>2026-09-29T07:07:23Z</time><speed>0.000</speed><sat>40</sat></trkpt>
  <trkpt lat="39.07608737" lon="33.41100716"><ele>946.504</ele><time>2026-09-29T07:07:24Z</time><speed>0.000</speed><sat>40</sat></trkpt>
  <trkpt lat="39.07608745" lon="33.41100704"><ele>946.511</ele><time>2026-09-29T07:07:25Z</time><speed>0.000</speed><sat>39</sat></trkpt>
  <trkpt lat="39.07608749" lon="33.41100697"><ele>946.528</ele><time>2026-09-29T07:07:26Z</time><speed>0.000</speed><sat>36</sat></trkpt>
  <trkpt lat="39.07608746" lon="33.41100690"><ele>946.534</ele><time>2026-09-29T07:07:27Z</time><speed>0.000</speed><sat>36</sat></trkpt>
  <trkpt lat="39.07608744" lon="33.41100686"><ele>946.540</ele><time>2026-09-29T07:07:28Z</time><speed>0.000</speed><sat>37</sat></trkpt>
  <trkpt lat="39.07608742" lon="33.41100684"><ele>946.540</ele><time>2026-09-29T07:07:29Z</time><speed>0.000</speed><sat>37</sat></trkpt>
  <trkpt lat="39.07608741" lon="33.41100685"><ele>946.540</ele><time>2026-09-29T07:07:30Z</time><speed>0.000</speed><sat>37</sat></trkpt>
  <trkpt lat="39.07608740" lon="33.41100685"><ele>946.543</ele><time>2026-09-29T07:07:31Z</time><speed>0.000</speed><sat>37</sat></trkpt>
  <trkpt lat="39.07608736" lon="33.41100685"><ele>946.550</ele><time>2026-09-29T07:07:32Z</time><speed>0.000</speed><sat>38</sat></trkpt>
  <trkpt lat="39.07608732" lon="33.41100686"><ele>946.551</ele><time>2026-09-29T07:07:33Z</time><speed>0.000</speed><sat>38</sat></trkpt>
  <trkpt lat="39.07608730" lon="33.41100685"><ele>946.550</ele><time>2026-09-29T07:07:34Z</time><speed>0.000</speed><sat>38</sat></trkpt>
  <trkpt lat="39.07608728" lon="33.41100684"><ele>946.548</ele><time>2026-09-29T07:07:35Z</time><speed>0.000</speed><sat>37</sat></trkpt>
  <trkpt lat="39.07608729" lon="33.41100683"><ele>946.551</ele><time>2026-09-29T07:07:36Z</time><speed>0.000</speed><sat>37</sat></trkpt>
  <trkpt lat="39.07608730" lon="33.41100681"><ele>946.549</ele><time>2026-09-29T07:07:37Z</time><speed>0.000</speed><sat>38</sat></trkpt>
  <trkpt lat="39.07608730" lon="33.41100676"><ele>946.549</ele><time>2026-09-29T07:07:38Z</time><speed>0.000</speed><sat>37</sat></trkpt>
  <trkpt lat="39.07608729" lon="33.41100674"><ele>946.546</ele><time>2026-09-29T07:07:39Z</time><speed>0.000</speed><sat>35</sat></trkpt>
  <trkpt lat="39.07608728" lon="33.41100673"><ele>946.546</ele><time>2026-09-29T07:07:40Z</time><speed>0.000</speed><sat>35</sat></trkpt>
  <trkpt lat="39.07608729" lon="33.41100671"><ele>946.544</ele><time>2026-09-29T07:07:41Z</time><speed>0.000</speed><sat>34</sat></trkpt>
  <trkpt lat="39.07608731" lon="33.41100669"><ele>946.547</ele><time>2026-09-29T07:07:42Z</time><speed>0.000</speed><sat>34</sat></trkpt>
  <trkpt lat="39.07608730" lon="33.41100666"><ele>946.552</ele><time>2026-09-29T07:07:43Z</time><speed>0.000</speed><sat>34</sat></trkpt>
  <trkpt lat="39.07608729" lon="33.41100666"><ele>946.554</ele><time>2026-09-29T07:07:44Z</time><speed>0.000</speed><sat>34</sat></trkpt>
  <trkpt lat="39.07608728" lon="33.41100666"><ele>946.558</ele><time>2026-09-29T07:07:45Z</time><speed>0.000</speed><sat>35</sat></trkpt>
  <trkpt lat="39.07608729" lon="33.41100663"><ele>946.567</ele><time>2026-09-29T07:07:46Z</time><speed>0.000</speed><sat>35</sat></trkpt>
  <trkpt lat="39.07608730" lon="33.41100661"><ele>946.570</ele><time>2026-09-29T07:07:47Z</time><speed>0.000</speed><sat>35</sat></trkpt>
  <trkpt lat="39.07608730" lon="33.41100660"><ele>946.575</ele><time>2026-09-29T07:07:48Z</time><speed>0.000</speed><sat>35</sat></trkpt>
  <trkpt lat="39.07608733" lon="33.41100660"><ele>946.579</ele><time>2026-09-29T07:07:49Z</time><speed>0.000</speed><sat>37</sat></trkpt>
  <trkpt lat="39.07608732" lon="33.41100660"><ele>946.579</ele><time>2026-09-29T07:07:50Z</time><speed>0.000</speed><sat>36</sat></trkpt>
  <trkpt lat="39.07608732" lon="33.41100663"><ele>946.570</ele><time>2026-09-29T07:07:51Z</time><speed>0.000</speed><sat>38</sat></trkpt>
  <trkpt lat="39.07608755" lon="33.41100221"><ele>946.264</ele><time>2026-09-29T07:07:52Z</time><speed>0.550</speed><sat>38</sat></trkpt>
  <trkpt lat="39.07608492" lon="33.41099761"><ele>946.675</ele><time>2026-09-29T07:07:53Z</time><speed>0.540</speed><sat>38</sat></trkpt>
  <trkpt lat="39.07608179" lon="33.41099257"><ele>947.131</ele><time>2026-09-29T07:07:54Z</time><speed>0.500</speed><sat>38</sat></trkpt>
  <trkpt lat="39.07607742" lon="33.41098870"><ele>946.400</ele><time>2026-09-29T07:07:55Z</time><speed>0.560</speed><sat>37</sat></trkpt>
  <trkpt lat="39.07607546" lon="33.41098757"><ele>946.360</ele><time>2026-09-29T07:07:56Z</time><speed>0.000</speed><sat>38</sat></trkpt>
  <trkpt lat="39.07607381" lon="33.41098372"><ele>946.813</ele><time>2026-09-29T07:07:57Z</time><speed>0.480</speed><sat>38</sat></trkpt>
  <trkpt lat="39.07607307" lon="33.41098080"><ele>946.804</ele><time>2026-09-29T07:07:58Z</time><speed>0.000</speed><sat>37</sat></trkpt>
  <trkpt lat="39.07607352" lon="33.41098016"><ele>946.810</ele><time>2026-09-29T07:07:59Z</time><speed>0.000</speed><sat>37</sat></trkpt>
  <trkpt lat="39.07607371" lon="33.41097977"><ele>946.807</ele><time>2026-09-29T07:08:00Z</time><speed>0.000</speed><sat>37</sat></trkpt>
  <trkpt lat="39.07607378" lon="33.41097956"><ele>946.806</ele><time>2026-09-29T07:08:01Z</time><speed>0.000</speed><sat>38</sat></trkpt>
  <trkpt lat="39.07607380" lon="33.41097945"><ele>946.807</ele><time>2026-09-29T07:08:02Z</time><speed>0.000</speed><sat>38</sat></trkpt>
  <trkpt lat="39.07607380" lon="33.41097937"><ele>946.805</ele><time>2026-09-29T07:08:03Z</time><speed>0.000</speed><sat>39</sat></trkpt>
  <trkpt lat="39.07607382" lon="33.41097930"><ele>946.808</ele><time>2026-09-29T07:08:04Z</time><speed>0.000</speed><sat>38</sat></trkpt>
  <trkpt lat="39.07607380" lon="33.41097926"><ele>946.802</ele><time>2026-09-29T07:08:05Z</time><speed>0.000</speed><sat>38</sat></trkpt>
  <trkpt lat="39.07607378" lon="33.41097922"><ele>946.796</ele><time>2026-09-29T07:08:06Z</time><speed>0.000</speed><sat>39</sat></trkpt>
  <trkpt lat="39.07607378" lon="33.41097919"><ele>946.796</ele><time>2026-09-29T07:08:07Z</time><speed>0.000</speed><sat>35</sat></trkpt>
  <trkpt lat="39.07607184" lon="33.41097863"><ele>946.727</ele><time>2026-09-29T07:08:08Z</time><speed>0.290</speed><sat>35</sat></trkpt>
  <trkpt lat="39.07606497" lon="33.41097186"><ele>945.816</ele><time>2026-09-29T07:08:09Z</time><speed>1.010</speed><sat>35</sat></trkpt>
  <trkpt lat="39.07605712" lon="33.41096616"><ele>945.177</ele><time>2026-09-29T07:08:10Z</time><speed>0.960</speed><sat>37</sat></trkpt>
  <trkpt lat="39.07604825" lon="33.41096062"><ele>945.075</ele><time>2026-09-29T07:08:11Z</time><speed>1.210</speed><sat>39</sat></trkpt>
  <trkpt lat="39.07603830" lon="33.41095375"><ele>944.519</ele><time>2026-09-29T07:08:12Z</time><speed>1.390</speed><sat>39</sat></trkpt>
  <trkpt lat="39.07602546" lon="33.41094708"><ele>944.886</ele><time>2026-09-29T07:08:13Z</time><speed>1.670</speed><sat>40</sat></trkpt>
  <trkpt lat="39.07601259" lon="33.41094152"><ele>944.472</ele><time>2026-09-29T07:08:14Z</time><speed>1.460</speed><sat>40</sat></trkpt>
  <trkpt lat="39.07600198" lon="33.41093852"><ele>944.604</ele><time>2026-09-29T07:08:15Z</time><speed>1.380</speed><sat>40</sat></trkpt>
  <trkpt lat="39.07599240" lon="33.41093656"><ele>945.208</ele><time>2026-09-29T07:08:16Z</time><speed>1.010</speed><sat>41</sat></trkpt>
  <trkpt lat="39.07598401" lon="33.41093771"><ele>944.927</ele><time>2026-09-29T07:08:17Z</time><speed>1.190</speed><sat>40</sat></trkpt>
  <trkpt lat="39.07597464" lon="33.41093849"><ele>945.837</ele><time>2026-09-29T07:08:18Z</time><speed>1.200</speed><sat>42</sat></trkpt>
  <trkpt lat="39.07596500" lon="33.41093704"><ele>946.108</ele><time>2026-09-29T07:08:19Z</time><speed>1.360</speed><sat>42</sat></trkpt>
  <trkpt lat="39.07595460" lon="33.41092976"><ele>946.312</ele><time>2026-09-29T07:08:20Z</time><speed>1.710</speed><sat>42</sat></trkpt>
  <trkpt lat="39.07594334" lon="33.41091710"><ele>946.323</ele><time>2026-09-29T07:08:21Z</time><speed>1.910</speed><sat>42</sat></trkpt>
  <trkpt lat="39.07593590" lon="33.41090414"><ele>946.260</ele><time>2026-09-29T07:08:22Z</time><speed>1.600</speed><sat>42</sat></trkpt>
  <trkpt lat="39.07593061" lon="33.41089134"><ele>946.176</ele><time>2026-09-29T07:08:23Z</time><speed>1.500</speed><sat>42</sat></trkpt>
  <trkpt lat="39.07593393" lon="33.41087290"><ele>947.874</ele><time>2026-09-29T07:08:24Z</time><speed>1.610</speed><sat>40</sat></trkpt>
  <trkpt lat="39.07593968" lon="33.41085545"><ele>947.318</ele><time>2026-09-29T07:08:25Z</time><speed>1.280</speed><sat>37</sat></trkpt>
  <trkpt lat="39.07595148" lon="33.41083623"><ele>947.191</ele><time>2026-09-29T07:08:26Z</time><speed>1.690</speed><sat>37</sat></trkpt>
  <trkpt lat="39.07596405" lon="33.41081825"><ele>947.224</ele><time>2026-09-29T07:08:27Z</time><speed>1.550</speed><sat>38</sat></trkpt>
  <trkpt lat="39.07597552" lon="33.41080151"><ele>947.019</ele><time>2026-09-29T07:08:28Z</time><speed>1.580</speed><sat>38</sat></trkpt>
  <trkpt lat="39.07598718" lon="33.41078532"><ele>946.492</ele><time>2026-09-29T07:08:29Z</time><speed>1.590</speed><sat>38</sat></trkpt>
  <trkpt lat="39.07599900" lon="33.41076775"><ele>946.333</ele><time>2026-09-29T07:08:30Z</time><speed>1.640</speed><sat>38</sat></trkpt>
  <trkpt lat="39.07601097" lon="33.41075109"><ele>945.577</ele><time>2026-09-29T07:08:31Z</time><speed>1.620</speed><sat>38</sat></trkpt>
  <trkpt lat="39.07602284" lon="33.41073522"><ele>945.743</ele><time>2026-09-29T07:08:32Z</time><speed>1.580</speed><sat>38</sat></trkpt>
  <trkpt lat="39.07603419" lon="33.41072037"><ele>944.978</ele><time>2026-09-29T07:08:33Z</time><speed>1.530</speed><sat>39</sat></trkpt>
  <trkpt lat="39.07604458" lon="33.41070647"><ele>944.783</ele><time>2026-09-29T07:08:34Z</time><speed>1.520</speed><sat>40</sat></trkpt>
  <trkpt lat="39.07605379" lon="33.41069091"><ele>944.784</ele><time>2026-09-29T07:08:35Z</time><speed>1.560</speed><sat>40</sat></trkpt>
  <trkpt lat="39.07606130" lon="33.41067458"><ele>943.653</ele><time>2026-09-29T07:08:36Z</time><speed>1.620</speed><sat>40</sat></trkpt>
  <trkpt lat="39.07606851" lon="33.41065884"><ele>944.050</ele><time>2026-09-29T07:08:37Z</time><speed>1.480</speed><sat>41</sat></trkpt>
  <trkpt lat="39.07607688" lon="33.41064431"><ele>942.695</ele><time>2026-09-29T07:08:38Z</time><speed>1.540</speed><sat>41</sat></trkpt>
  <trkpt lat="39.07608612" lon="33.41062914"><ele>943.208</ele><time>2026-09-29T07:08:39Z</time><speed>1.560</speed><sat>41</sat></trkpt>
  <trkpt lat="39.07609577" lon="33.41061478"><ele>943.703</ele><time>2026-09-29T07:08:40Z</time><speed>1.520</speed><sat>41</sat></trkpt>
  <trkpt lat="39.07610512" lon="33.41060133"><ele>944.688</ele><time>2026-09-29T07:08:41Z</time><speed>1.520</speed><sat>41</sat></trkpt>
  <trkpt lat="39.07611372" lon="33.41058734"><ele>945.856</ele><time>2026-09-29T07:08:42Z</time><speed>1.560</speed><sat>41</sat></trkpt>
  <trkpt lat="39.07612259" lon="33.41057246"><ele>946.618</ele><time>2026-09-29T07:08:43Z</time><speed>1.680</speed><sat>41</sat></trkpt>
  <trkpt lat="39.07613255" lon="33.41055498"><ele>946.156</ele><time>2026-09-29T07:08:44Z</time><speed>2.010</speed><sat>41</sat></trkpt>
  <trkpt lat="39.07614493" lon="33.41053589"><ele>946.173</ele><time>2026-09-29T07:08:45Z</time><speed>2.210</speed><sat>41</sat></trkpt>
  <trkpt lat="39.07615658" lon="33.41051983"><ele>945.870</ele><time>2026-09-29T07:08:46Z</time><speed>1.600</speed><sat>41</sat></trkpt>
  <trkpt lat="39.07616675" lon="33.41050845"><ele>945.246</ele><time>2026-09-29T07:08:47Z</time><speed>1.460</speed><sat>41</sat></trkpt>
  <trkpt lat="39.07617621" lon="33.41049725"><ele>945.242</ele><time>2026-09-29T07:08:48Z</time><speed>1.560</speed><sat>41</sat></trkpt>
  <trkpt lat="39.07618708" lon="33.41048756"><ele>945.568</ele><time>2026-09-29T07:08:49Z</time><speed>1.470</speed><sat>42</sat></trkpt>
  <trkpt lat="39.07620002" lon="33.41047941"><ele>945.541</ele><time>2026-09-29T07:08:50Z</time><speed>1.690</speed><sat>42</sat></trkpt>
  <trkpt lat="39.07621317" lon="33.41047092"><ele>944.875</ele><time>2026-09-29T07:08:51Z</time><speed>1.600</speed><sat>42</sat></trkpt>
  <trkpt lat="39.07622500" lon="33.41046289"><ele>945.323</ele><time>2026-09-29T07:08:52Z</time><speed>1.560</speed><sat>42</sat></trkpt>
  <trkpt lat="39.07623621" lon="33.41045312"><ele>945.198</ele><time>2026-09-29T07:08:53Z</time><speed>1.570</speed><sat>42</sat></trkpt>
  <trkpt lat="39.07624363" lon="33.41044351"><ele>945.192</ele><time>2026-09-29T07:08:54Z</time><speed>1.280</speed><sat>42</sat></trkpt>
  <trkpt lat="39.07625058" lon="33.41043363"><ele>946.303</ele><time>2026-09-29T07:08:55Z</time><speed>1.400</speed><sat>42</sat></trkpt>
  <trkpt lat="39.07625893" lon="33.41042599"><ele>946.569</ele><time>2026-09-29T07:08:56Z</time><speed>1.390</speed><sat>41</sat></trkpt>
  <trkpt lat="39.07626936" lon="33.41041920"><ele>946.285</ele><time>2026-09-29T07:08:57Z</time><speed>1.480</speed><sat>41</sat></trkpt>
  <trkpt lat="39.07627634" lon="33.41041267"><ele>947.118</ele><time>2026-09-29T07:08:58Z</time><speed>0.740</speed><sat>41</sat></trkpt>
  <trkpt lat="39.07628141" lon="33.41040612"><ele>948.213</ele><time>2026-09-29T07:08:59Z</time><speed>0.960</speed><sat>41</sat></trkpt>
  <trkpt lat="39.07628810" lon="33.41039798"><ele>948.685</ele><time>2026-09-29T07:09:00Z</time><speed>1.230</speed><sat>41</sat></trkpt>
  <trkpt lat="39.07629618" lon="33.41038824"><ele>949.371</ele><time>2026-09-29T07:09:01Z</time><speed>1.350</speed><sat>41</sat></trkpt>
  <trkpt lat="39.07630419" lon="33.41037664"><ele>949.294</ele><time>2026-09-29T07:09:02Z</time><speed>1.300</speed><sat>41</sat></trkpt>
  <trkpt lat="39.07631354" lon="33.41036438"><ele>949.357</ele><time>2026-09-29T07:09:03Z</time><speed>1.390</speed><sat>41</sat></trkpt>
  <trkpt lat="39.07632463" lon="33.41035249"><ele>948.780</ele><time>2026-09-29T07:09:04Z</time><speed>1.540</speed><sat>42</sat></trkpt>
  <trkpt lat="39.07633844" lon="33.41033716"><ele>948.368</ele><time>2026-09-29T07:09:05Z</time><speed>2.060</speed><sat>42</sat></trkpt>
  <trkpt lat="39.07635288" lon="33.41032048"><ele>947.931</ele><time>2026-09-29T07:09:06Z</time><speed>2.010</speed><sat>42</sat></trkpt>
  <trkpt lat="39.07636545" lon="33.41030276"><ele>947.776</ele><time>2026-09-29T07:09:07Z</time><speed>1.920</speed><sat>42</sat></trkpt>
  <trkpt lat="39.07637169" lon="33.41029083"><ele>949.022</ele><time>2026-09-29T07:09:08Z</time><speed>0.990</speed><sat>41</sat></trkpt>
  <trkpt lat="39.07637922" lon="33.41028060"><ele>949.224</ele><time>2026-09-29T07:09:09Z</time><speed>1.480</speed><sat>41</sat></trkpt>
  <trkpt lat="39.07638853" lon="33.41026896"><ele>949.562</ele><time>2026-09-29T07:09:10Z</time><speed>1.510</speed><sat>41</sat></trkpt>
  <trkpt lat="39.07639870" lon="33.41025653"><ele>950.011</ele><time>2026-09-29T07:09:11Z</time><speed>1.520</speed><sat>40</sat></trkpt>
  <trkpt lat="39.07640951" lon="33.41024669"><ele>950.615</ele><time>2026-09-29T07:09:12Z</time><speed>1.240</speed><sat>40</sat></trkpt>
  <trkpt lat="39.07642254" lon="33.41023692"><ele>950.613</ele><time>2026-09-29T07:09:13Z</time><speed>1.620</speed><sat>40</sat></trkpt>
  <trkpt lat="39.07643479" lon="33.41022787"><ele>950.318</ele><time>2026-09-29T07:09:14Z</time><speed>1.250</speed><sat>41</sat></trkpt>
  <trkpt lat="39.07644295" lon="33.41021778"><ele>950.439</ele><time>2026-09-29T07:09:15Z</time><speed>1.240</speed><sat>41</sat></trkpt>
  <trkpt lat="39.07645049" lon="33.41020501"><ele>950.347</ele><time>2026-09-29T07:09:16Z</time><speed>1.380</speed><sat>41</sat></trkpt>
  <trkpt lat="39.07645739" lon="33.41018941"><ele>950.222</ele><time>2026-09-29T07:09:17Z</time><speed>1.470</speed><sat>41</sat></trkpt>
  <trkpt lat="39.07646090" lon="33.41017460"><ele>950.140</ele><time>2026-09-29T07:09:18Z</time><speed>1.290</speed><sat>41</sat></trkpt>
  <trkpt lat="39.07646587" lon="33.41016066"><ele>949.866</ele><time>2026-09-29T07:09:19Z</time><speed>1.320</speed><sat>41</sat></trkpt>
  <trkpt lat="39.07647340" lon="33.41014995"><ele>949.629</ele><time>2026-09-29T07:09:20Z</time><speed>1.300</speed><sat>40</sat></trkpt>
  <trkpt lat="39.07648455" lon="33.41014180"><ele>948.619</ele><time>2026-09-29T07:09:21Z</time><speed>1.510</speed><sat>40</sat></trkpt>
  <trkpt lat="39.07649515" lon="33.41013485"><ele>949.057</ele><time>2026-09-29T07:09:22Z</time><speed>1.090</speed><sat>40</sat></trkpt>
  <trkpt lat="39.07650439" lon="33.41012852"><ele>948.663</ele><time>2026-09-29T07:09:23Z</time><speed>0.640</speed><sat>40</sat></trkpt>
  <trkpt lat="39.07651159" lon="33.41012166"><ele>948.452</ele><time>2026-09-29T07:09:24Z</time><speed>0.760</speed><sat>40</sat></trkpt>
  <trkpt lat="39.07652152" lon="33.41011221"><ele>948.091</ele><time>2026-09-29T07:09:25Z</time><speed>1.420</speed><sat>41</sat></trkpt>
  <trkpt lat="39.07653726" lon="33.41010543"><ele>948.503</ele><time>2026-09-29T07:09:26Z</time><speed>1.770</speed><sat>41</sat></trkpt>
  <trkpt lat="39.07655311" lon="33.41009763"><ele>947.006</ele><time>2026-09-29T07:09:27Z</time><speed>1.650</speed><sat>41</sat></trkpt>
  <trkpt lat="39.07656817" lon="33.41009431"><ele>946.586</ele><time>2026-09-29T07:09:28Z</time><speed>1.480</speed><sat>41</sat></trkpt>
  <trkpt lat="39.07658121" lon="33.41009049"><ele>946.547</ele><time>2026-09-29T07:09:29Z</time><speed>1.440</speed><sat>42</sat></trkpt>
  <trkpt lat="39.07659353" lon="33.41008788"><ele>945.921</ele><time>2026-09-29T07:09:30Z</time><speed>1.440</speed><sat>42</sat></trkpt>
  <trkpt lat="39.07660700" lon="33.41008325"><ele>945.978</ele><time>2026-09-29T07:09:31Z</time><speed>1.640</speed><sat>41</sat></trkpt>
  <trkpt lat="39.07661948" lon="33.41007375"><ele>945.636</ele><time>2026-09-29T07:09:32Z</time><speed>1.430</speed><sat>41</sat></trkpt>
  <trkpt lat="39.07663106" lon="33.41006248"><ele>946.163</ele><time>2026-09-29T07:09:33Z</time><speed>1.620</speed><sat>42</sat></trkpt>
  <trkpt lat="39.07664221" lon="33.41005092"><ele>947.253</ele><time>2026-09-29T07:09:34Z</time><speed>1.530</speed><sat>42</sat></trkpt>
  <trkpt lat="39.07665023" lon="33.41004069"><ele>947.506</ele><time>2026-09-29T07:09:35Z</time><speed>1.280</speed><sat>41</sat></trkpt>
  <trkpt lat="39.07665744" lon="33.41002906"><ele>946.735</ele><time>2026-09-29T07:09:36Z</time><speed>1.530</speed><sat>40</sat></trkpt>
  <trkpt lat="39.07666349" lon="33.41001447"><ele>947.131</ele><time>2026-09-29T07:09:37Z</time><speed>1.330</speed><sat>40</sat></trkpt>
  <trkpt lat="39.07666741" lon="33.40999811"><ele>946.979</ele><time>2026-09-29T07:09:38Z</time><speed>1.400</speed><sat>41</sat></trkpt>
  <trkpt lat="39.07667195" lon="33.40998245"><ele>948.176</ele><time>2026-09-29T07:09:39Z</time><speed>1.320</speed><sat>41</sat></trkpt>
  <trkpt lat="39.07667967" lon="33.40996919"><ele>948.398</ele><time>2026-09-29T07:09:40Z</time><speed>1.530</speed><sat>41</sat></trkpt>
  <trkpt lat="39.07668787" lon="33.40995757"><ele>948.304</ele><time>2026-09-29T07:09:41Z</time><speed>1.220</speed><sat>42</sat></trkpt>
  <trkpt lat="39.07669727" lon="33.40994649"><ele>947.545</ele><time>2026-09-29T07:09:42Z</time><speed>1.440</speed><sat>42</sat></trkpt>
  <trkpt lat="39.07670601" lon="33.40993312"><ele>947.396</ele><time>2026-09-29T07:09:43Z</time><speed>1.430</speed><sat>42</sat></trkpt>
  <trkpt lat="39.07671693" lon="33.40992086"><ele>947.989</ele><time>2026-09-29T07:09:44Z</time><speed>1.770</speed><sat>42</sat></trkpt>
  <trkpt lat="39.07672810" lon="33.40991069"><ele>948.263</ele><time>2026-09-29T07:09:45Z</time><speed>1.410</speed><sat>42</sat></trkpt>
  <trkpt lat="39.07673690" lon="33.40990201"><ele>947.680</ele><time>2026-09-29T07:09:46Z</time><speed>1.320</speed><sat>42</sat></trkpt>
  <trkpt lat="39.07674609" lon="33.40989297"><ele>947.156</ele><time>2026-09-29T07:09:47Z</time><speed>1.430</speed><sat>42</sat></trkpt>
  <trkpt lat="39.07675700" lon="33.40988277"><ele>947.340</ele><time>2026-09-29T07:09:48Z</time><speed>1.460</speed><sat>42</sat></trkpt>
  <trkpt lat="39.07676756" lon="33.40987167"><ele>947.374</ele><time>2026-09-29T07:09:49Z</time><speed>1.490</speed><sat>42</sat></trkpt>
  <trkpt lat="39.07677931" lon="33.40986317"><ele>947.661</ele><time>2026-09-29T07:09:50Z</time><speed>1.490</speed><sat>41</sat></trkpt>
  <trkpt lat="39.07679110" lon="33.40985371"><ele>948.495</ele><time>2026-09-29T07:09:51Z</time><speed>1.530</speed><sat>42</sat></trkpt>
  <trkpt lat="39.07680116" lon="33.40984473"><ele>948.573</ele><time>2026-09-29T07:09:52Z</time><speed>1.360</speed><sat>42</sat></trkpt>
  <trkpt lat="39.07681029" lon="33.40983544"><ele>949.106</ele><time>2026-09-29T07:09:53Z</time><speed>1.440</speed><sat>42</sat></trkpt>
  <trkpt lat="39.07681959" lon="33.40982547"><ele>948.374</ele><time>2026-09-29T07:09:54Z</time><speed>1.470</speed><sat>42</sat></trkpt>
  <trkpt lat="39.07683006" lon="33.40981375"><ele>947.126</ele><time>2026-09-29T07:09:55Z</time><speed>1.590</speed><sat>42</sat></trkpt>
  <trkpt lat="39.07683996" lon="33.40980161"><ele>946.847</ele><time>2026-09-29T07:09:56Z</time><speed>1.530</speed><sat>42</sat></trkpt>
  <trkpt lat="39.07685030" lon="33.40978957"><ele>946.418</ele><time>2026-09-29T07:09:57Z</time><speed>1.590</speed><sat>42</sat></trkpt>
  <trkpt lat="39.07685904" lon="33.40977661"><ele>947.439</ele><time>2026-09-29T07:09:58Z</time><speed>1.530</speed><sat>42</sat></trkpt>
  <trkpt lat="39.07686732" lon="33.40976060"><ele>946.135</ele><time>2026-09-29T07:09:59Z</time><speed>1.510</speed><sat>42</sat></trkpt>
  <trkpt lat="39.07687302" lon="33.40974355"><ele>945.405</ele><time>2026-09-29T07:10:00Z</time><speed>1.510</speed><sat>41</sat></trkpt>
  <trkpt lat="39.07687666" lon="33.40973064"><ele>944.929</ele><time>2026-09-29T07:10:01Z</time><speed>0.590</speed><sat>41</sat></trkpt>
  <trkpt lat="39.07687952" lon="33.40972259"><ele>944.593</ele><time>2026-09-29T07:10:02Z</time><speed>0.510</speed><sat>40</sat></trkpt>
  <trkpt lat="39.07688067" lon="33.40971501"><ele>944.840</ele><time>2026-09-29T07:10:03Z</time><speed>0.000</speed><sat>41</sat></trkpt>
  <trkpt lat="39.07688072" lon="33.40971270"><ele>944.770</ele><time>2026-09-29T07:10:04Z</time><speed>0.000</speed><sat>42</sat></trkpt>
  <trkpt lat="39.07688075" lon="33.40971155"><ele>944.773</ele><time>2026-09-29T07:10:05Z</time><speed>0.000</speed><sat>42</sat></trkpt>
  <trkpt lat="39.07688072" lon="33.40971096"><ele>944.774</ele><time>2026-09-29T07:10:06Z</time><speed>0.000</speed><sat>42</sat></trkpt>
  <trkpt lat="39.07688072" lon="33.40971065"><ele>944.779</ele><time>2026-09-29T07:10:07Z</time><speed>0.000</speed><sat>42</sat></trkpt>
  <trkpt lat="39.07688246" lon="33.40970856"><ele>944.529</ele><time>2026-09-29T07:10:08Z</time><speed>0.410</speed><sat>42</sat></trkpt>
  <trkpt lat="39.07688791" lon="33.40970312"><ele>944.497</ele><time>2026-09-29T07:10:09Z</time><speed>0.900</speed><sat>41</sat></trkpt>
  <trkpt lat="39.07689620" lon="33.40969406"><ele>944.799</ele><time>2026-09-29T07:10:10Z</time><speed>1.360</speed><sat>42</sat></trkpt>
  <trkpt lat="39.07690435" lon="33.40968309"><ele>944.884</ele><time>2026-09-29T07:10:11Z</time><speed>1.390</speed><sat>42</sat></trkpt>
  <trkpt lat="39.07691278" lon="33.40967121"><ele>944.557</ele><time>2026-09-29T07:10:12Z</time><speed>1.420</speed><sat>42</sat></trkpt>
  <trkpt lat="39.07692134" lon="33.40965885"><ele>944.087</ele><time>2026-09-29T07:10:13Z</time><speed>1.430</speed><sat>42</sat></trkpt>
  <trkpt lat="39.07692844" lon="33.40964634"><ele>944.594</ele><time>2026-09-29T07:10:14Z</time><speed>1.350</speed><sat>42</sat></trkpt>
  <trkpt lat="39.07693512" lon="33.40963402"><ele>944.211</ele><time>2026-09-29T07:10:15Z</time><speed>1.500</speed><sat>42</sat></trkpt>
  <trkpt lat="39.07694236" lon="33.40962134"><ele>944.344</ele><time>2026-09-29T07:10:16Z</time><speed>1.360</speed><sat>42</sat></trkpt>
  <trkpt lat="39.07695095" lon="33.40961052"><ele>943.512</ele><time>2026-09-29T07:10:17Z</time><speed>1.410</speed><sat>42</sat></trkpt>
  <trkpt lat="39.07696053" lon="33.40959953"><ele>943.644</ele><time>2026-09-29T07:10:18Z</time><speed>1.370</speed><sat>42</sat></trkpt>
  <trkpt lat="39.07696823" lon="33.40958906"><ele>943.777</ele><time>2026-09-29T07:10:19Z</time><speed>1.330</speed><sat>42</sat></trkpt>
  <trkpt lat="39.07697490" lon="33.40957699"><ele>943.639</ele><time>2026-09-29T07:10:20Z</time><speed>1.350</speed><sat>42</sat></trkpt>
  <trkpt lat="39.07698161" lon="33.40956490"><ele>943.848</ele><time>2026-09-29T07:10:21Z</time><speed>1.330</speed><sat>42</sat></trkpt>
  <trkpt lat="39.07698936" lon="33.40955243"><ele>943.444</ele><time>2026-09-29T07:10:22Z</time><speed>1.380</speed><sat>42</sat></trkpt>
  <trkpt lat="39.07699849" lon="33.40954321"><ele>943.107</ele><time>2026-09-29T07:10:23Z</time><speed>1.260</speed><sat>42</sat></trkpt>
  <trkpt lat="39.07700688" lon="33.40953560"><ele>942.407</ele><time>2026-09-29T07:10:24Z</time><speed>1.050</speed><sat>42</sat></trkpt>
  <trkpt lat="39.07701508" lon="33.40952680"><ele>941.739</ele><time>2026-09-29T07:10:25Z</time><speed>1.370</speed><sat>42</sat></trkpt>
  <trkpt lat="39.07702207" lon="33.40951755"><ele>941.178</ele><time>2026-09-29T07:10:26Z</time><speed>0.740</speed><sat>42</sat></trkpt>
  <trkpt lat="39.07703074" lon="33.40950739"><ele>942.426</ele><time>2026-09-29T07:10:27Z</time><speed>1.490</speed><sat>42</sat></trkpt>
  <trkpt lat="39.07704103" lon="33.40949623"><ele>942.665</ele><time>2026-09-29T07:10:28Z</time><speed>1.380</speed><sat>42</sat></trkpt>
  <trkpt lat="39.07705111" lon="33.40948493"><ele>942.345</ele><time>2026-09-29T07:10:29Z</time><speed>1.530</speed><sat>42</sat></trkpt>
  <trkpt lat="39.07706044" lon="33.40947303"><ele>942.745</ele><time>2026-09-29T07:10:30Z</time><speed>1.460</speed><sat>42</sat></trkpt>
  <trkpt lat="39.07706970" lon="33.40945959"><ele>943.178</ele><time>2026-09-29T07:10:31Z</time><speed>1.580</speed><sat>42</sat></trkpt>
  <trkpt lat="39.07707906" lon="33.40944689"><ele>944.928</ele><time>2026-09-29T07:10:32Z</time><speed>1.470</speed><sat>41</sat></trkpt>
  <trkpt lat="39.07708633" lon="33.40943860"><ele>946.579</ele><time>2026-09-29T07:10:33Z</time><speed>0.720</speed><sat>42</sat></trkpt>
  <trkpt lat="39.07709437" lon="33.40943097"><ele>947.098</ele><time>2026-09-29T07:10:34Z</time><speed>1.320</speed><sat>42</sat></trkpt>
  <trkpt lat="39.07710265" lon="33.40942260"><ele>948.317</ele><time>2026-09-29T07:10:35Z</time><speed>1.170</speed><sat>41</sat></trkpt>
  <trkpt lat="39.07711043" lon="33.40941160"><ele>948.623</ele><time>2026-09-29T07:10:36Z</time><speed>1.470</speed><sat>42</sat></trkpt>
  <trkpt lat="39.07711614" lon="33.40939488"><ele>948.020</ele><time>2026-09-29T07:10:37Z</time><speed>1.680</speed><sat>42</sat></trkpt>
  <trkpt lat="39.07711712" lon="33.40937639"><ele>947.905</ele><time>2026-09-29T07:10:38Z</time><speed>1.610</speed><sat>42</sat></trkpt>
  <trkpt lat="39.07711557" lon="33.40936456"><ele>947.606</ele><time>2026-09-29T07:10:39Z</time><speed>0.680</speed><sat>42</sat></trkpt>
  <trkpt lat="39.07711074" lon="33.40935666"><ele>947.415</ele><time>2026-09-29T07:10:40Z</time><speed>1.160</speed><sat>41</sat></trkpt>
  <trkpt lat="39.07710018" lon="33.40935130"><ele>948.154</ele><time>2026-09-29T07:10:41Z</time><speed>1.480</speed><sat>41</sat></trkpt>
  <trkpt lat="39.07708776" lon="33.40934929"><ele>947.681</ele><time>2026-09-29T07:10:42Z</time><speed>1.430</speed><sat>41</sat></trkpt>
  <trkpt lat="39.07707747" lon="33.40935003"><ele>945.674</ele><time>2026-09-29T07:10:43Z</time><speed>1.200</speed><sat>42</sat></trkpt>
  <trkpt lat="39.07706695" lon="33.40935021"><ele>944.674</ele><time>2026-09-29T07:10:44Z</time><speed>1.370</speed><sat>41</sat></trkpt>
  <trkpt lat="39.07705533" lon="33.40935082"><ele>944.600</ele><time>2026-09-29T07:10:45Z</time><speed>1.380</speed><sat>41</sat></trkpt>
  <trkpt lat="39.07704508" lon="33.40935096"><ele>943.941</ele><time>2026-09-29T07:10:46Z</time><speed>1.260</speed><sat>41</sat></trkpt>
  <trkpt lat="39.07703524" lon="33.40934984"><ele>943.400</ele><time>2026-09-29T07:10:47Z</time><speed>1.330</speed><sat>41</sat></trkpt>
  <trkpt lat="39.07702664" lon="33.40934910"><ele>943.295</ele><time>2026-09-29T07:10:48Z</time><speed>1.160</speed><sat>41</sat></trkpt>
  <trkpt lat="39.07701834" lon="33.40935082"><ele>942.859</ele><time>2026-09-29T07:10:49Z</time><speed>1.310</speed><sat>41</sat></trkpt>
  <trkpt lat="39.07701081" lon="33.40935319"><ele>942.737</ele><time>2026-09-29T07:10:50Z</time><speed>0.670</speed><sat>41</sat></trkpt>
  <trkpt lat="39.07700562" lon="33.40935605"><ele>942.512</ele><time>2026-09-29T07:10:51Z</time><speed>0.480</speed><sat>42</sat></trkpt>
  <trkpt lat="39.07699735" lon="33.40935951"><ele>943.152</ele><time>2026-09-29T07:10:52Z</time><speed>1.400</speed><sat>42</sat></trkpt>
  <trkpt lat="39.07698787" lon="33.40936880"><ele>942.568</ele><time>2026-09-29T07:10:53Z</time><speed>1.460</speed><sat>42</sat></trkpt>
  <trkpt lat="39.07697575" lon="33.40937716"><ele>942.817</ele><time>2026-09-29T07:10:54Z</time><speed>1.770</speed><sat>42</sat></trkpt>
  <trkpt lat="39.07696298" lon="33.40938159"><ele>943.171</ele><time>2026-09-29T07:10:55Z</time><speed>1.390</speed><sat>42</sat></trkpt>
  <trkpt lat="39.07695139" lon="33.40938214"><ele>944.079</ele><time>2026-09-29T07:10:56Z</time><speed>1.410</speed><sat>42</sat></trkpt>
  <trkpt lat="39.07694036" lon="33.40937977"><ele>943.680</ele><time>2026-09-29T07:10:57Z</time><speed>1.290</speed><sat>41</sat></trkpt>
  <trkpt lat="39.07692976" lon="33.40937477"><ele>943.246</ele><time>2026-09-29T07:10:58Z</time><speed>1.390</speed><sat>41</sat></trkpt>
  <trkpt lat="39.07692093" lon="33.40936679"><ele>943.834</ele><time>2026-09-29T07:10:59Z</time><speed>1.230</speed><sat>41</sat></trkpt>
  <trkpt lat="39.07691709" lon="33.40935990"><ele>943.296</ele><time>2026-09-29T07:11:00Z</time><speed>0.660</speed><sat>41</sat></trkpt>
  <trkpt lat="39.07691513" lon="33.40935411"><ele>943.030</ele><time>2026-09-29T07:11:01Z</time><speed>0.520</speed><sat>41</sat></trkpt>
  <trkpt lat="39.07691793" lon="33.40934617"><ele>943.321</ele><time>2026-09-29T07:11:02Z</time><speed>0.940</speed><sat>41</sat></trkpt>
  <trkpt lat="39.07692670" lon="33.40933678"><ele>943.414</ele><time>2026-09-29T07:11:03Z</time><speed>1.560</speed><sat>42</sat></trkpt>
  <trkpt lat="39.07693684" lon="33.40932970"><ele>943.534</ele><time>2026-09-29T07:11:04Z</time><speed>1.240</speed><sat>42</sat></trkpt>
  <trkpt lat="39.07695065" lon="33.40933076"><ele>943.306</ele><time>2026-09-29T07:11:05Z</time><speed>2.130</speed><sat>42</sat></trkpt>
  <trkpt lat="39.07696368" lon="33.40933279"><ele>943.172</ele><time>2026-09-29T07:11:06Z</time><speed>1.270</speed><sat>42</sat></trkpt>
  <trkpt lat="39.07697195" lon="33.40933390"><ele>943.301</ele><time>2026-09-29T07:11:07Z</time><speed>1.340</speed><sat>42</sat></trkpt>
  <trkpt lat="39.07698011" lon="33.40933338"><ele>942.777</ele><time>2026-09-29T07:11:08Z</time><speed>1.390</speed><sat>42</sat></trkpt>
  <trkpt lat="39.07698975" lon="33.40932898"><ele>942.718</ele><time>2026-09-29T07:11:09Z</time><speed>1.410</speed><sat>42</sat></trkpt>
  <trkpt lat="39.07699623" lon="33.40932213"><ele>943.443</ele><time>2026-09-29T07:11:10Z</time><speed>1.260</speed><sat>42</sat></trkpt>
  <trkpt lat="39.07700231" lon="33.40931082"><ele>944.595</ele><time>2026-09-29T07:11:11Z</time><speed>1.490</speed><sat>41</sat></trkpt>
  <trkpt lat="39.07700662" lon="33.40929589"><ele>943.803</ele><time>2026-09-29T07:11:12Z</time><speed>1.450</speed><sat>42</sat></trkpt>
  <trkpt lat="39.07700805" lon="33.40928276"><ele>944.864</ele><time>2026-09-29T07:11:13Z</time><speed>1.120</speed><sat>42</sat></trkpt>
  <trkpt lat="39.07701276" lon="33.40926750"><ele>945.822</ele><time>2026-09-29T07:11:14Z</time><speed>1.940</speed><sat>42</sat></trkpt>
  <trkpt lat="39.07701807" lon="33.40925697"><ele>946.765</ele><time>2026-09-29T07:11:15Z</time><speed>1.020</speed><sat>41</sat></trkpt>
  <trkpt lat="39.07702324" lon="33.40924948"><ele>947.120</ele><time>2026-09-29T07:11:16Z</time><speed>1.410</speed><sat>40</sat></trkpt>
  <trkpt lat="39.07702906" lon="33.40924315"><ele>946.937</ele><time>2026-09-29T07:11:17Z</time><speed>1.130</speed><sat>40</sat></trkpt>
  <trkpt lat="39.07703610" lon="33.40923789"><ele>946.667</ele><time>2026-09-29T07:11:18Z</time><speed>1.560</speed><sat>40</sat></trkpt>
  <trkpt lat="39.07704621" lon="33.40923136"><ele>946.371</ele><time>2026-09-29T07:11:19Z</time><speed>1.640</speed><sat>41</sat></trkpt>
  <trkpt lat="39.07705687" lon="33.40922692"><ele>946.485</ele><time>2026-09-29T07:11:20Z</time><speed>1.560</speed><sat>41</sat></trkpt>
  <trkpt lat="39.07706217" lon="33.40922285"><ele>946.686</ele><time>2026-09-29T07:11:21Z</time><speed>0.730</speed><sat>42</sat></trkpt>
  <trkpt lat="39.07706446" lon="33.40921813"><ele>946.220</ele><time>2026-09-29T07:11:22Z</time><speed>0.680</speed><sat>42</sat></trkpt>
  <trkpt lat="39.07706988" lon="33.40921105"><ele>946.096</ele><time>2026-09-29T07:11:23Z</time><speed>1.300</speed><sat>42</sat></trkpt>
  <trkpt lat="39.07707381" lon="33.40919960"><ele>945.745</ele><time>2026-09-29T07:11:24Z</time><speed>1.170</speed><sat>42</sat></trkpt>
  <trkpt lat="39.07707711" lon="33.40918947"><ele>945.445</ele><time>2026-09-29T07:11:25Z</time><speed>1.100</speed><sat>42</sat></trkpt>
  <trkpt lat="39.07708193" lon="33.40917768"><ele>945.376</ele><time>2026-09-29T07:11:26Z</time><speed>1.460</speed><sat>42</sat></trkpt>
  <trkpt lat="39.07708789" lon="33.40916390"><ele>944.315</ele><time>2026-09-29T07:11:27Z</time><speed>1.410</speed><sat>42</sat></trkpt>
  <trkpt lat="39.07709305" lon="33.40915162"><ele>944.038</ele><time>2026-09-29T07:11:28Z</time><speed>1.350</speed><sat>41</sat></trkpt>
  <trkpt lat="39.07709998" lon="33.40914102"><ele>945.276</ele><time>2026-09-29T07:11:29Z</time><speed>1.430</speed><sat>41</sat></trkpt>
  <trkpt lat="39.07710339" lon="33.40913045"><ele>944.862</ele><time>2026-09-29T07:11:30Z</time><speed>1.000</speed><sat>41</sat></trkpt>
  <trkpt lat="39.07710211" lon="33.40911991"><ele>944.993</ele><time>2026-09-29T07:11:31Z</time><speed>1.000</speed><sat>41</sat></trkpt>
  <trkpt lat="39.07710065" lon="33.40910984"><ele>944.969</ele><time>2026-09-29T07:11:32Z</time><speed>0.740</speed><sat>42</sat></trkpt>
  <trkpt lat="39.07710213" lon="33.40909564"><ele>945.656</ele><time>2026-09-29T07:11:33Z</time><speed>1.610</speed><sat>42</sat></trkpt>
  <trkpt lat="39.07710744" lon="33.40908071"><ele>945.906</ele><time>2026-09-29T07:11:34Z</time><speed>1.470</speed><sat>42</sat></trkpt>
  <trkpt lat="39.07710818" lon="33.40906817"><ele>946.083</ele><time>2026-09-29T07:11:35Z</time><speed>1.250</speed><sat>42</sat></trkpt>
  <trkpt lat="39.07710382" lon="33.40905450"><ele>946.084</ele><time>2026-09-29T07:11:36Z</time><speed>1.290</speed><sat>41</sat></trkpt>
  <trkpt lat="39.07709584" lon="33.40903851"><ele>945.771</ele><time>2026-09-29T07:11:37Z</time><speed>1.530</speed><sat>40</sat></trkpt>
  <trkpt lat="39.07708990" lon="33.40902293"><ele>944.947</ele><time>2026-09-29T07:11:38Z</time><speed>1.230</speed><sat>40</sat></trkpt>
  <trkpt lat="39.07708529" lon="33.40900691"><ele>943.206</ele><time>2026-09-29T07:11:39Z</time><speed>1.470</speed><sat>40</sat></trkpt>
  <trkpt lat="39.07708077" lon="33.40899165"><ele>942.992</ele><time>2026-09-29T07:11:40Z</time><speed>1.080</speed><sat>40</sat></trkpt>
  <trkpt lat="39.07707975" lon="33.40897478"><ele>943.378</ele><time>2026-09-29T07:11:41Z</time><speed>1.560</speed><sat>41</sat></trkpt>
  <trkpt lat="39.07708128" lon="33.40895612"><ele>944.015</ele><time>2026-09-29T07:11:42Z</time><speed>1.400</speed><sat>41</sat></trkpt>
  <trkpt lat="39.07708249" lon="33.40893887"><ele>943.280</ele><time>2026-09-29T07:11:43Z</time><speed>1.380</speed><sat>41</sat></trkpt>
  <trkpt lat="39.07708219" lon="33.40892101"><ele>942.995</ele><time>2026-09-29T07:11:44Z</time><speed>1.290</speed><sat>41</sat></trkpt>
  <trkpt lat="39.07708017" lon="33.40890393"><ele>943.229</ele><time>2026-09-29T07:11:45Z</time><speed>1.310</speed><sat>41</sat></trkpt>
  <trkpt lat="39.07707958" lon="33.40888613"><ele>943.663</ele><time>2026-09-29T07:11:46Z</time><speed>1.360</speed><sat>41</sat></trkpt>
  <trkpt lat="39.07707852" lon="33.40886922"><ele>943.441</ele><time>2026-09-29T07:11:47Z</time><speed>1.340</speed><sat>41</sat></trkpt>
  <trkpt lat="39.07707423" lon="33.40885359"><ele>943.475</ele><time>2026-09-29T07:11:48Z</time><speed>1.490</speed><sat>41</sat></trkpt>
  <trkpt lat="39.07706866" lon="33.40883910"><ele>943.110</ele><time>2026-09-29T07:11:49Z</time><speed>1.230</speed><sat>41</sat></trkpt>
  <trkpt lat="39.07706408" lon="33.40882601"><ele>943.073</ele><time>2026-09-29T07:11:50Z</time><speed>1.230</speed><sat>41</sat></trkpt>
  <trkpt lat="39.07706168" lon="33.40881068"><ele>944.083</ele><time>2026-09-29T07:11:51Z</time><speed>1.440</speed><sat>41</sat></trkpt>
  <trkpt lat="39.07705790" lon="33.40879674"><ele>943.495</ele><time>2026-09-29T07:11:52Z</time><speed>1.200</speed><sat>41</sat></trkpt>
  <trkpt lat="39.07705320" lon="33.40878307"><ele>943.949</ele><time>2026-09-29T07:11:53Z</time><speed>1.410</speed><sat>41</sat></trkpt>
  <trkpt lat="39.07704787" lon="33.40877110"><ele>943.977</ele><time>2026-09-29T07:11:54Z</time><speed>0.910</speed><sat>42</sat></trkpt>
  <trkpt lat="39.07704295" lon="33.40876328"><ele>944.165</ele><time>2026-09-29T07:11:55Z</time><speed>0.700</speed><sat>42</sat></trkpt>
  <trkpt lat="39.07703674" lon="33.40875199"><ele>943.361</ele><time>2026-09-29T07:11:56Z</time><speed>1.370</speed><sat>42</sat></trkpt>
  <trkpt lat="39.07702995" lon="33.40873817"><ele>943.521</ele><time>2026-09-29T07:11:57Z</time><speed>1.400</speed><sat>42</sat></trkpt>
  <trkpt lat="39.07702579" lon="33.40872879"><ele>943.369</ele><time>2026-09-29T07:11:58Z</time><speed>0.880</speed><sat>41</sat></trkpt>
  <trkpt lat="39.07702110" lon="33.40871820"><ele>943.100</ele><time>2026-09-29T07:11:59Z</time><speed>1.330</speed><sat>41</sat></trkpt>
  <trkpt lat="39.07701683" lon="33.40870481"><ele>944.145</ele><time>2026-09-29T07:12:00Z</time><speed>1.370</speed><sat>41</sat></trkpt>
  <trkpt lat="39.07701412" lon="33.40869099"><ele>944.502</ele><time>2026-09-29T07:12:01Z</time><speed>1.370</speed><sat>41</sat></trkpt>
  <trkpt lat="39.07701137" lon="33.40867852"><ele>944.287</ele><time>2026-09-29T07:12:02Z</time><speed>1.150</speed><sat>42</sat></trkpt>
  <trkpt lat="39.07700966" lon="33.40866643"><ele>944.743</ele><time>2026-09-29T07:12:03Z</time><speed>1.050</speed><sat>43</sat></trkpt>
  <trkpt lat="39.07700940" lon="33.40865268"><ele>945.464</ele><time>2026-09-29T07:12:04Z</time><speed>1.230</speed><sat>43</sat></trkpt>
  <trkpt lat="39.07701010" lon="33.40863890"><ele>945.839</ele><time>2026-09-29T07:12:05Z</time><speed>1.220</speed><sat>43</sat></trkpt>
  <trkpt lat="39.07701055" lon="33.40862569"><ele>945.367</ele><time>2026-09-29T07:12:06Z</time><speed>1.190</speed><sat>43</sat></trkpt>
  <trkpt lat="39.07701069" lon="33.40861321"><ele>945.587</ele><time>2026-09-29T07:12:07Z</time><speed>1.140</speed><sat>42</sat></trkpt>
  <trkpt lat="39.07700857" lon="33.40860104"><ele>945.497</ele><time>2026-09-29T07:12:08Z</time><speed>1.120</speed><sat>41</sat></trkpt>
  <trkpt lat="39.07700193" lon="33.40858470"><ele>946.973</ele><time>2026-09-29T07:12:09Z</time><speed>1.390</speed><sat>40</sat></trkpt>
  <trkpt lat="39.07699787" lon="33.40856805"><ele>946.300</ele><time>2026-09-29T07:12:10Z</time><speed>1.330</speed><sat>40</sat></trkpt>
  <trkpt lat="39.07699395" lon="33.40855547"><ele>945.913</ele><time>2026-09-29T07:12:11Z</time><speed>0.900</speed><sat>40</sat></trkpt>
  <trkpt lat="39.07699072" lon="33.40854814"><ele>945.836</ele><time>2026-09-29T07:12:12Z</time><speed>0.590</speed><sat>40</sat></trkpt>
  <trkpt lat="39.07698652" lon="33.40853654"><ele>945.690</ele><time>2026-09-29T07:12:13Z</time><speed>1.320</speed><sat>42</sat></trkpt>
  <trkpt lat="39.07698205" lon="33.40852119"><ele>945.754</ele><time>2026-09-29T07:12:14Z</time><speed>1.280</speed><sat>42</sat></trkpt>
  <trkpt lat="39.07697534" lon="33.40850837"><ele>945.018</ele><time>2026-09-29T07:12:15Z</time><speed>1.170</speed><sat>42</sat></trkpt>
  <trkpt lat="39.07696934" lon="33.40849902"><ele>946.118</ele><time>2026-09-29T07:12:16Z</time><speed>0.880</speed><sat>42</sat></trkpt>
  <trkpt lat="39.07696466" lon="33.40848704"><ele>945.634</ele><time>2026-09-29T07:12:17Z</time><speed>1.490</speed><sat>43</sat></trkpt>
  <trkpt lat="39.07696242" lon="33.40847071"><ele>944.125</ele><time>2026-09-29T07:12:18Z</time><speed>1.630</speed><sat>43</sat></trkpt>
  <trkpt lat="39.07695755" lon="33.40845298"><ele>944.158</ele><time>2026-09-29T07:12:19Z</time><speed>1.730</speed><sat>43</sat></trkpt>
  <trkpt lat="39.07695099" lon="33.40843839"><ele>943.613</ele><time>2026-09-29T07:12:20Z</time><speed>1.260</speed><sat>43</sat></trkpt>
  <trkpt lat="39.07694357" lon="33.40842694"><ele>943.362</ele><time>2026-09-29T07:12:21Z</time><speed>1.230</speed><sat>43</sat></trkpt>
  <trkpt lat="39.07693527" lon="33.40841548"><ele>943.395</ele><time>2026-09-29T07:12:22Z</time><speed>1.120</speed><sat>43</sat></trkpt>
  <trkpt lat="39.07692621" lon="33.40840273"><ele>944.097</ele><time>2026-09-29T07:12:23Z</time><speed>1.420</speed><sat>42</sat></trkpt>
  <trkpt lat="39.07691427" lon="33.40838825"><ele>944.136</ele><time>2026-09-29T07:12:24Z</time><speed>1.580</speed><sat>42</sat></trkpt>
  <trkpt lat="39.07689992" lon="33.40837275"><ele>944.363</ele><time>2026-09-29T07:12:25Z</time><speed>1.840</speed><sat>42</sat></trkpt>
  <trkpt lat="39.07688528" lon="33.40835778"><ele>943.709</ele><time>2026-09-29T07:12:26Z</time><speed>1.760</speed><sat>42</sat></trkpt>
  <trkpt lat="39.07687202" lon="33.40834102"><ele>944.016</ele><time>2026-09-29T07:12:27Z</time><speed>2.010</speed><sat>42</sat></trkpt>
  <trkpt lat="39.07686280" lon="33.40833000"><ele>944.001</ele><time>2026-09-29T07:12:28Z</time><speed>0.610</speed><sat>42</sat></trkpt>
  <trkpt lat="39.07685646" lon="33.40832233"><ele>944.240</ele><time>2026-09-29T07:12:29Z</time><speed>1.150</speed><sat>42</sat></trkpt>
  <trkpt lat="39.07684814" lon="33.40831339"><ele>943.649</ele><time>2026-09-29T07:12:30Z</time><speed>1.200</speed><sat>42</sat></trkpt>
  <trkpt lat="39.07683704" lon="33.40830432"><ele>943.891</ele><time>2026-09-29T07:12:31Z</time><speed>1.470</speed><sat>42</sat></trkpt>
  <trkpt lat="39.07682520" lon="33.40829387"><ele>943.507</ele><time>2026-09-29T07:12:32Z</time><speed>1.530</speed><sat>43</sat></trkpt>
  <trkpt lat="39.07681459" lon="33.40828639"><ele>943.728</ele><time>2026-09-29T07:12:33Z</time><speed>1.290</speed><sat>40</sat></trkpt>
  <trkpt lat="39.07680440" lon="33.40827985"><ele>943.785</ele><time>2026-09-29T07:12:34Z</time><speed>1.310</speed><sat>39</sat></trkpt>
  <trkpt lat="39.07679422" lon="33.40827172"><ele>943.602</ele><time>2026-09-29T07:12:35Z</time><speed>1.390</speed><sat>38</sat></trkpt>
  <trkpt lat="39.07678589" lon="33.40825622"><ele>943.630</ele><time>2026-09-29T07:12:36Z</time><speed>1.940</speed><sat>38</sat></trkpt>
  <trkpt lat="39.07677857" lon="33.40823568"><ele>943.638</ele><time>2026-09-29T07:12:37Z</time><speed>1.980</speed><sat>38</sat></trkpt>
  <trkpt lat="39.07677036" lon="33.40821469"><ele>943.342</ele><time>2026-09-29T07:12:38Z</time><speed>2.220</speed><sat>37</sat></trkpt>
  <trkpt lat="39.07675968" lon="33.40819539"><ele>943.260</ele><time>2026-09-29T07:12:39Z</time><speed>1.940</speed><sat>38</sat></trkpt>
  <trkpt lat="39.07674777" lon="33.40817661"><ele>943.282</ele><time>2026-09-29T07:12:40Z</time><speed>2.120</speed><sat>38</sat></trkpt>
  <trkpt lat="39.07673729" lon="33.40815951"><ele>943.496</ele><time>2026-09-29T07:12:41Z</time><speed>1.790</speed><sat>39</sat></trkpt>
  <trkpt lat="39.07672715" lon="33.40815037"><ele>942.871</ele><time>2026-09-29T07:12:42Z</time><speed>1.570</speed><sat>39</sat></trkpt>
  <trkpt lat="39.07671721" lon="33.40814301"><ele>943.392</ele><time>2026-09-29T07:12:43Z</time><speed>1.420</speed><sat>39</sat></trkpt>
  <trkpt lat="39.07670498" lon="33.40813868"><ele>943.313</ele><time>2026-09-29T07:12:44Z</time><speed>1.570</speed><sat>39</sat></trkpt>
  <trkpt lat="39.07669020" lon="33.40813747"><ele>942.695</ele><time>2026-09-29T07:12:45Z</time><speed>1.630</speed><sat>39</sat></trkpt>
  <trkpt lat="39.07667637" lon="33.40813686"><ele>942.225</ele><time>2026-09-29T07:12:46Z</time><speed>1.430</speed><sat>39</sat></trkpt>
  <trkpt lat="39.07666377" lon="33.40813389"><ele>942.171</ele><time>2026-09-29T07:12:47Z</time><speed>1.510</speed><sat>39</sat></trkpt>
  <trkpt lat="39.07665178" lon="33.40812829"><ele>941.945</ele><time>2026-09-29T07:12:48Z</time><speed>1.470</speed><sat>39</sat></trkpt>
  <trkpt lat="39.07664023" lon="33.40812046"><ele>941.012</ele><time>2026-09-29T07:12:49Z</time><speed>1.470</speed><sat>39</sat></trkpt>
  <trkpt lat="39.07663064" lon="33.40810658"><ele>941.187</ele><time>2026-09-29T07:12:50Z</time><speed>1.380</speed><sat>39</sat></trkpt>
  <trkpt lat="39.07662127" lon="33.40809426"><ele>940.842</ele><time>2026-09-29T07:12:51Z</time><speed>1.380</speed><sat>41</sat></trkpt>
  <trkpt lat="39.07661426" lon="33.40808286"><ele>940.997</ele><time>2026-09-29T07:12:52Z</time><speed>1.010</speed><sat>41</sat></trkpt>
  <trkpt lat="39.07660961" lon="33.40806412"><ele>941.598</ele><time>2026-09-29T07:12:53Z</time><speed>1.450</speed><sat>41</sat></trkpt>
  <trkpt lat="39.07660589" lon="33.40803475"><ele>942.229</ele><time>2026-09-29T07:12:54Z</time><speed>1.940</speed><sat>42</sat></trkpt>
  <trkpt lat="39.07660314" lon="33.40800607"><ele>941.717</ele><time>2026-09-29T07:12:55Z</time><speed>2.040</speed><sat>42</sat></trkpt>
  <trkpt lat="39.07659693" lon="33.40797957"><ele>941.204</ele><time>2026-09-29T07:12:56Z</time><speed>2.240</speed><sat>42</sat></trkpt>
  <trkpt lat="39.07659208" lon="33.40797096"><ele>939.492</ele><time>2026-09-29T07:12:57Z</time><speed>0.660</speed><sat>36</sat></trkpt>
  <trkpt lat="39.07658729" lon="33.40797148"><ele>939.319</ele><time>2026-09-29T07:12:58Z</time><speed>0.740</speed><sat>41</sat></trkpt>
  <trkpt lat="39.07657945" lon="33.40797376"><ele>940.005</ele><time>2026-09-29T07:12:59Z</time><speed>1.230</speed><sat>40</sat></trkpt>
  <trkpt lat="39.07657221" lon="33.40798354"><ele>939.607</ele><time>2026-09-29T07:13:00Z</time><speed>0.680</speed><sat>40</sat></trkpt>
  <trkpt lat="39.07656429" lon="33.40799463"><ele>939.618</ele><time>2026-09-29T07:13:01Z</time><speed>1.280</speed><sat>42</sat></trkpt>
  <trkpt lat="39.07655728" lon="33.40800726"><ele>940.383</ele><time>2026-09-29T07:13:02Z</time><speed>0.940</speed><sat>42</sat></trkpt>
  <trkpt lat="39.07655025" lon="33.40801608"><ele>940.957</ele><time>2026-09-29T07:13:03Z</time><speed>1.130</speed><sat>42</sat></trkpt>
  <trkpt lat="39.07654310" lon="33.40802395"><ele>940.329</ele><time>2026-09-29T07:13:04Z</time><speed>1.040</speed><sat>42</sat></trkpt>
  <trkpt lat="39.07653632" lon="33.40803039"><ele>940.508</ele><time>2026-09-29T07:13:05Z</time><speed>1.060</speed><sat>42</sat></trkpt>
  <trkpt lat="39.07652946" lon="33.40803776"><ele>940.059</ele><time>2026-09-29T07:13:06Z</time><speed>1.030</speed><sat>43</sat></trkpt>
  <trkpt lat="39.07652427" lon="33.40804348"><ele>939.607</ele><time>2026-09-29T07:13:07Z</time><speed>0.670</speed><sat>42</sat></trkpt>
  <trkpt lat="39.07651985" lon="33.40804764"><ele>939.054</ele><time>2026-09-29T07:13:08Z</time><speed>0.720</speed><sat>42</sat></trkpt>
  <trkpt lat="39.07651550" lon="33.40804981"><ele>938.820</ele><time>2026-09-29T07:13:09Z</time><speed>0.640</speed><sat>43</sat></trkpt>
  <trkpt lat="39.07651160" lon="33.40804933"><ele>938.966</ele><time>2026-09-29T07:13:10Z</time><speed>0.680</speed><sat>43</sat></trkpt>
  <trkpt lat="39.07650679" lon="33.40804744"><ele>939.180</ele><time>2026-09-29T07:13:11Z</time><speed>0.940</speed><sat>42</sat></trkpt>
  <trkpt lat="39.07650022" lon="33.40803845"><ele>938.798</ele><time>2026-09-29T07:13:12Z</time><speed>1.520</speed><sat>40</sat></trkpt>
  <trkpt lat="39.07649417" lon="33.40802743"><ele>938.554</ele><time>2026-09-29T07:13:13Z</time><speed>1.140</speed><sat>40</sat></trkpt>
  <trkpt lat="39.07648944" lon="33.40801811"><ele>938.531</ele><time>2026-09-29T07:13:14Z</time><speed>1.110</speed><sat>40</sat></trkpt>
  <trkpt lat="39.07648545" lon="33.40800742"><ele>938.549</ele><time>2026-09-29T07:13:15Z</time><speed>1.210</speed><sat>36</sat></trkpt>
  <trkpt lat="39.07648524" lon="33.40799359"><ele>938.490</ele><time>2026-09-29T07:13:16Z</time><speed>1.340</speed><sat>37</sat></trkpt>
  <trkpt lat="39.07648473" lon="33.40797874"><ele>938.761</ele><time>2026-09-29T07:13:17Z</time><speed>1.370</speed><sat>38</sat></trkpt>
  <trkpt lat="39.07648448" lon="33.40796568"><ele>938.606</ele><time>2026-09-29T07:13:18Z</time><speed>1.080</speed><sat>38</sat></trkpt>
  <trkpt lat="39.07648398" lon="33.40795272"><ele>939.521</ele><time>2026-09-29T07:13:19Z</time><speed>0.670</speed><sat>40</sat></trkpt>
  <trkpt lat="39.07648337" lon="33.40793928"><ele>940.330</ele><time>2026-09-29T07:13:20Z</time><speed>1.010</speed><sat>39</sat></trkpt>
  <trkpt lat="39.07648185" lon="33.40792606"><ele>941.203</ele><time>2026-09-29T07:13:21Z</time><speed>1.010</speed><sat>39</sat></trkpt>
  <trkpt lat="39.07648089" lon="33.40790983"><ele>941.217</ele><time>2026-09-29T07:13:22Z</time><speed>1.310</speed><sat>39</sat></trkpt>
  <trkpt lat="39.07647833" lon="33.40789588"><ele>940.632</ele><time>2026-09-29T07:13:23Z</time><speed>0.990</speed><sat>38</sat></trkpt>
  <trkpt lat="39.07647574" lon="33.40788302"><ele>940.730</ele><time>2026-09-29T07:13:24Z</time><speed>1.170</speed><sat>38</sat></trkpt>
  <trkpt lat="39.07647274" lon="33.40786918"><ele>940.845</ele><time>2026-09-29T07:13:25Z</time><speed>1.230</speed><sat>37</sat></trkpt>
  <trkpt lat="39.07646944" lon="33.40786044"><ele>941.288</ele><time>2026-09-29T07:13:26Z</time><speed>0.590</speed><sat>37</sat></trkpt>
  <trkpt lat="39.07646657" lon="33.40785150"><ele>941.019</ele><time>2026-09-29T07:13:27Z</time><speed>0.800</speed><sat>35</sat></trkpt>
  <trkpt lat="39.07646490" lon="33.40784032"><ele>941.628</ele><time>2026-09-29T07:13:28Z</time><speed>0.990</speed><sat>34</sat></trkpt>
  <trkpt lat="39.07646748" lon="33.40782656"><ele>939.976</ele><time>2026-09-29T07:13:29Z</time><speed>1.510</speed><sat>34</sat></trkpt>
  <trkpt lat="39.07646991" lon="33.40780584"><ele>941.390</ele><time>2026-09-29T07:13:30Z</time><speed>1.460</speed><sat>38</sat></trkpt>
  <trkpt lat="39.07646893" lon="33.40778872"><ele>942.109</ele><time>2026-09-29T07:13:31Z</time><speed>1.150</speed><sat>40</sat></trkpt>
  <trkpt lat="39.07646533" lon="33.40777457"><ele>941.483</ele><time>2026-09-29T07:13:32Z</time><speed>1.120</speed><sat>42</sat></trkpt>
  <trkpt lat="39.07646004" lon="33.40776170"><ele>941.703</ele><time>2026-09-29T07:13:33Z</time><speed>0.970</speed><sat>42</sat></trkpt>
  <trkpt lat="39.07645509" lon="33.40775271"><ele>941.387</ele><time>2026-09-29T07:13:34Z</time><speed>0.520</speed><sat>43</sat></trkpt>
  <trkpt lat="39.07645190" lon="33.40774859"><ele>941.548</ele><time>2026-09-29T07:13:35Z</time><speed>0.000</speed><sat>43</sat></trkpt>
  <trkpt lat="39.07645032" lon="33.40774735"><ele>941.660</ele><time>2026-09-29T07:13:36Z</time><speed>0.000</speed><sat>43</sat></trkpt>
  <trkpt lat="39.07644915" lon="33.40774683"><ele>941.678</ele><time>2026-09-29T07:13:37Z</time><speed>0.000</speed><sat>43</sat></trkpt>
  <trkpt lat="39.07644697" lon="33.40774602"><ele>941.680</ele><time>2026-09-29T07:13:38Z</time><speed>0.000</speed><sat>43</sat></trkpt>
  <trkpt lat="39.07644658" lon="33.40774765"><ele>941.466</ele><time>2026-09-29T07:13:39Z</time><speed>0.180</speed><sat>43</sat></trkpt>
  <trkpt lat="39.07644723" lon="33.40775101"><ele>941.755</ele><time>2026-09-29T07:13:40Z</time><speed>0.360</speed><sat>43</sat></trkpt>
  <trkpt lat="39.07644691" lon="33.40775240"><ele>941.683</ele><time>2026-09-29T07:13:41Z</time><speed>0.000</speed><sat>43</sat></trkpt>
  <trkpt lat="39.07644585" lon="33.40775176"><ele>941.587</ele><time>2026-09-29T07:13:42Z</time><speed>0.220</speed><sat>43</sat></trkpt>
  <trkpt lat="39.07644591" lon="33.40774950"><ele>941.303</ele><time>2026-09-29T07:13:43Z</time><speed>0.310</speed><sat>43</sat></trkpt>
  <trkpt lat="39.07644597" lon="33.40774645"><ele>941.786</ele><time>2026-09-29T07:13:44Z</time><speed>0.180</speed><sat>43</sat></trkpt>
  <trkpt lat="39.07644908" lon="33.40774592"><ele>941.751</ele><time>2026-09-29T07:13:45Z</time><speed>0.580</speed><sat>43</sat></trkpt>
  <trkpt lat="39.07645219" lon="33.40774978"><ele>941.886</ele><time>2026-09-29T07:13:46Z</time><speed>0.530</speed><sat>43</sat></trkpt>
  <trkpt lat="39.07645371" lon="33.40775410"><ele>941.333</ele><time>2026-09-29T07:13:47Z</time><speed>0.600</speed><sat>43</sat></trkpt>
  <trkpt lat="39.07645137" lon="33.40775329"><ele>941.289</ele><time>2026-09-29T07:13:48Z</time><speed>0.000</speed><sat>43</sat></trkpt>
  <trkpt lat="39.07644925" lon="33.40775139"><ele>941.262</ele><time>2026-09-29T07:13:49Z</time><speed>0.000</speed><sat>43</sat></trkpt>
  <trkpt lat="39.07644814" lon="33.40775033"><ele>941.250</ele><time>2026-09-29T07:13:50Z</time><speed>0.000</speed><sat>43</sat></trkpt>
  <trkpt lat="39.07644755" lon="33.40774972"><ele>941.241</ele><time>2026-09-29T07:13:51Z</time><speed>0.000</speed><sat>43</sat></trkpt>
  <trkpt lat="39.07644723" lon="33.40774937"><ele>941.233</ele><time>2026-09-29T07:13:52Z</time><speed>0.000</speed><sat>43</sat></trkpt>
  <trkpt lat="39.07644705" lon="33.40774915"><ele>941.227</ele><time>2026-09-29T07:13:53Z</time><speed>0.000</speed><sat>43</sat></trkpt>
  <trkpt lat="39.07644694" lon="33.40774899"><ele>941.218</ele><time>2026-09-29T07:13:54Z</time><speed>0.000</speed><sat>42</sat></trkpt>
  <trkpt lat="39.07644685" lon="33.40774888"><ele>941.215</ele><time>2026-09-29T07:13:55Z</time><speed>0.000</speed><sat>41</sat></trkpt>
  <trkpt lat="39.07644678" lon="33.40774880"><ele>941.215</ele><time>2026-09-29T07:13:56Z</time><speed>0.000</speed><sat>42</sat></trkpt>
  <trkpt lat="39.07644671" lon="33.40774871"><ele>941.213</ele><time>2026-09-29T07:13:57Z</time><speed>0.000</speed><sat>42</sat></trkpt>
  <trkpt lat="39.07644667" lon="33.40774865"><ele>941.211</ele><time>2026-09-29T07:13:58Z</time><speed>0.000</speed><sat>42</sat></trkpt>
  <trkpt lat="39.07644592" lon="33.40774779"><ele>941.110</ele><time>2026-09-29T07:13:59Z</time><speed>0.150</speed><sat>42</sat></trkpt>
  <trkpt lat="39.07644305" lon="33.40774312"><ele>941.021</ele><time>2026-09-29T07:14:00Z</time><speed>0.730</speed><sat>42</sat></trkpt>
  <trkpt lat="39.07643795" lon="33.40773485"><ele>941.105</ele><time>2026-09-29T07:14:01Z</time><speed>1.040</speed><sat>43</sat></trkpt>
  <trkpt lat="39.07643278" lon="33.40772556"><ele>941.111</ele><time>2026-09-29T07:14:02Z</time><speed>0.980</speed><sat>43</sat></trkpt>
  <trkpt lat="39.07643000" lon="33.40771792"><ele>940.678</ele><time>2026-09-29T07:14:03Z</time><speed>0.590</speed><sat>43</sat></trkpt>
  <trkpt lat="39.07642945" lon="33.40771124"><ele>940.220</ele><time>2026-09-29T07:14:04Z</time><speed>0.580</speed><sat>43</sat></trkpt>
  <trkpt lat="39.07642979" lon="33.40770409"><ele>940.665</ele><time>2026-09-29T07:14:05Z</time><speed>0.750</speed><sat>43</sat></trkpt>
  <trkpt lat="39.07643284" lon="33.40770146"><ele>940.123</ele><time>2026-09-29T07:14:06Z</time><speed>1.270</speed><sat>43</sat></trkpt>
  <trkpt lat="39.07643703" lon="33.40771353"><ele>940.581</ele><time>2026-09-29T07:14:07Z</time><speed>1.610</speed><sat>43</sat></trkpt>
  <trkpt lat="39.07643854" lon="33.40773499"><ele>941.042</ele><time>2026-09-29T07:14:08Z</time><speed>1.310</speed><sat>43</sat></trkpt>
  <trkpt lat="39.07643895" lon="33.40775550"><ele>941.048</ele><time>2026-09-29T07:14:09Z</time><speed>1.640</speed><sat>43</sat></trkpt>
  <trkpt lat="39.07643818" lon="33.40777274"><ele>942.000</ele><time>2026-09-29T07:14:10Z</time><speed>1.340</speed><sat>42</sat></trkpt>
  <trkpt lat="39.07643522" lon="33.40778397"><ele>943.013</ele><time>2026-09-29T07:14:11Z</time><speed>1.130</speed><sat>42</sat></trkpt>
  <trkpt lat="39.07643268" lon="33.40777686"><ele>942.668</ele><time>2026-09-29T07:14:12Z</time><speed>0.000</speed><sat>42</sat></trkpt>
  <trkpt lat="39.07643164" lon="33.40777056"><ele>942.673</ele><time>2026-09-29T07:14:13Z</time><speed>0.000</speed><sat>41</sat></trkpt>
  <trkpt lat="39.07643105" lon="33.40776749"><ele>942.674</ele><time>2026-09-29T07:14:14Z</time><speed>0.000</speed><sat>41</sat></trkpt>
  <trkpt lat="39.07643074" lon="33.40776599"><ele>942.681</ele><time>2026-09-29T07:14:15Z</time><speed>0.000</speed><sat>41</sat></trkpt>
  <trkpt lat="39.07643058" lon="33.40776522"><ele>942.684</ele><time>2026-09-29T07:14:16Z</time><speed>0.000</speed><sat>41</sat></trkpt>
  <trkpt lat="39.07643046" lon="33.40776486"><ele>942.687</ele><time>2026-09-29T07:14:17Z</time><speed>0.000</speed><sat>41</sat></trkpt>
  <trkpt lat="39.07643035" lon="33.40776471"><ele>942.696</ele><time>2026-09-29T07:14:18Z</time><speed>0.000</speed><sat>41</sat></trkpt>
  <trkpt lat="39.07643026" lon="33.40776464"><ele>942.704</ele><time>2026-09-29T07:14:19Z</time><speed>0.000</speed><sat>40</sat></trkpt>
  <trkpt lat="39.07643019" lon="33.40776463"><ele>942.715</ele><time>2026-09-29T07:14:20Z</time><speed>0.000</speed><sat>40</sat></trkpt>
  <trkpt lat="39.07643014" lon="33.40776461"><ele>942.722</ele><time>2026-09-29T07:14:21Z</time><speed>0.000</speed><sat>40</sat></trkpt>
  <trkpt lat="39.07643007" lon="33.40776463"><ele>942.725</ele><time>2026-09-29T07:14:22Z</time><speed>0.000</speed><sat>40</sat></trkpt>
  <trkpt lat="39.07643001" lon="33.40776466"><ele>942.730</ele><time>2026-09-29T07:14:23Z</time><speed>0.000</speed><sat>38</sat></trkpt>
  <trkpt lat="39.07642994" lon="33.40776472"><ele>942.735</ele><time>2026-09-29T07:14:24Z</time><speed>0.000</speed><sat>38</sat></trkpt>
  <trkpt lat="39.07642988" lon="33.40776475"><ele>942.736</ele><time>2026-09-29T07:14:25Z</time><speed>0.000</speed><sat>38</sat></trkpt>
  <trkpt lat="39.07642981" lon="33.40776476"><ele>942.748</ele><time>2026-09-29T07:14:26Z</time><speed>0.000</speed><sat>38</sat></trkpt>
  <trkpt lat="39.07642972" lon="33.40776480"><ele>942.761</ele><time>2026-09-29T07:14:27Z</time><speed>0.000</speed><sat>38</sat></trkpt>
  <trkpt lat="39.07642967" lon="33.40776484"><ele>942.773</ele><time>2026-09-29T07:14:28Z</time><speed>0.000</speed><sat>38</sat></trkpt>
  <trkpt lat="39.07642961" lon="33.40776486"><ele>942.778</ele><time>2026-09-29T07:14:29Z</time><speed>0.000</speed><sat>38</sat></trkpt>
  <trkpt lat="39.07642698" lon="33.40776663"><ele>943.611</ele><time>2026-09-29T07:14:30Z</time><speed>0.310</speed><sat>39</sat></trkpt>
  <trkpt lat="39.07642220" lon="33.40777127"><ele>943.674</ele><time>2026-09-29T07:14:31Z</time><speed>0.580</speed><sat>41</sat></trkpt>
  <trkpt lat="39.07641684" lon="33.40777662"><ele>944.506</ele><time>2026-09-29T07:14:32Z</time><speed>0.580</speed><sat>41</sat></trkpt>
  <trkpt lat="39.07641443" lon="33.40778621"><ele>944.700</ele><time>2026-09-29T07:14:33Z</time><speed>0.980</speed><sat>41</sat></trkpt>
  <trkpt lat="39.07641430" lon="33.40779986"><ele>945.239</ele><time>2026-09-29T07:14:34Z</time><speed>1.270</speed><sat>41</sat></trkpt>
  <trkpt lat="39.07641531" lon="33.40780065"><ele>944.884</ele><time>2026-09-29T07:14:35Z</time><speed>0.000</speed><sat>41</sat></trkpt>
  <trkpt lat="39.07641544" lon="33.40779748"><ele>944.866</ele><time>2026-09-29T07:14:36Z</time><speed>0.000</speed><sat>42</sat></trkpt>
  <trkpt lat="39.07641556" lon="33.40779581"><ele>944.859</ele><time>2026-09-29T07:14:37Z</time><speed>0.000</speed><sat>42</sat></trkpt>
  <trkpt lat="39.07641565" lon="33.40779493"><ele>944.859</ele><time>2026-09-29T07:14:38Z</time><speed>0.000</speed><sat>41</sat></trkpt>
  <trkpt lat="39.07641571" lon="33.40779464"><ele>944.858</ele><time>2026-09-29T07:14:39Z</time><speed>0.000</speed><sat>41</sat></trkpt>
  <trkpt lat="39.07641576" lon="33.40779395"><ele>944.575</ele><time>2026-09-29T07:14:40Z</time><speed>0.380</speed><sat>41</sat></trkpt>
  <trkpt lat="39.07641358" lon="33.40778792"><ele>944.845</ele><time>2026-09-29T07:14:41Z</time><speed>0.920</speed><sat>40</sat></trkpt>
  <trkpt lat="39.07641125" lon="33.40777823"><ele>944.996</ele><time>2026-09-29T07:14:42Z</time><speed>0.640</speed><sat>41</sat></trkpt>
  <trkpt lat="39.07640861" lon="33.40777007"><ele>944.910</ele><time>2026-09-29T07:14:43Z</time><speed>1.100</speed><sat>41</sat></trkpt>
  <trkpt lat="39.07640393" lon="33.40776212"><ele>945.156</ele><time>2026-09-29T07:14:44Z</time><speed>1.240</speed><sat>42</sat></trkpt>
  <trkpt lat="39.07639495" lon="33.40775560"><ele>945.571</ele><time>2026-09-29T07:14:45Z</time><speed>1.530</speed><sat>42</sat></trkpt>
  <trkpt lat="39.07638624" lon="33.40774580"><ele>946.452</ele><time>2026-09-29T07:14:46Z</time><speed>1.590</speed><sat>42</sat></trkpt>
  <trkpt lat="39.07638068" lon="33.40773343"><ele>947.053</ele><time>2026-09-29T07:14:47Z</time><speed>1.610</speed><sat>42</sat></trkpt>
  <trkpt lat="39.07637922" lon="33.40771621"><ele>947.682</ele><time>2026-09-29T07:14:48Z</time><speed>1.800</speed><sat>41</sat></trkpt>
  <trkpt lat="39.07637744" lon="33.40769944"><ele>948.788</ele><time>2026-09-29T07:14:49Z</time><speed>1.440</speed><sat>40</sat></trkpt>
  <trkpt lat="39.07637334" lon="33.40768495"><ele>949.178</ele><time>2026-09-29T07:14:50Z</time><speed>1.480</speed><sat>40</sat></trkpt>
  <trkpt lat="39.07636619" lon="33.40767042"><ele>948.426</ele><time>2026-09-29T07:14:51Z</time><speed>1.510</speed><sat>40</sat></trkpt>
  <trkpt lat="39.07635698" lon="33.40765692"><ele>948.570</ele><time>2026-09-29T07:14:52Z</time><speed>1.570</speed><sat>42</sat></trkpt>
  <trkpt lat="39.07634768" lon="33.40764086"><ele>949.092</ele><time>2026-09-29T07:14:53Z</time><speed>1.800</speed><sat>42</sat></trkpt>
  <trkpt lat="39.07633969" lon="33.40762619"><ele>948.464</ele><time>2026-09-29T07:14:54Z</time><speed>1.490</speed><sat>42</sat></trkpt>
  <trkpt lat="39.07633265" lon="33.40761301"><ele>948.860</ele><time>2026-09-29T07:14:55Z</time><speed>1.460</speed><sat>42</sat></trkpt>
  <trkpt lat="39.07632640" lon="33.40760009"><ele>949.491</ele><time>2026-09-29T07:14:56Z</time><speed>1.510</speed><sat>42</sat></trkpt>
  <trkpt lat="39.07632023" lon="33.40758668"><ele>949.598</ele><time>2026-09-29T07:14:57Z</time><speed>1.460</speed><sat>42</sat></trkpt>
  <trkpt lat="39.07631359" lon="33.40757315"><ele>950.212</ele><time>2026-09-29T07:14:58Z</time><speed>1.510</speed><sat>41</sat></trkpt>
  <trkpt lat="39.07630648" lon="33.40756165"><ele>950.661</ele><time>2026-09-29T07:14:59Z</time><speed>1.380</speed><sat>41</sat></trkpt>
  <trkpt lat="39.07630001" lon="33.40755389"><ele>950.427</ele><time>2026-09-29T07:15:00Z</time><speed>1.340</speed><sat>41</sat></trkpt>
  <trkpt lat="39.07629379" lon="33.40754609"><ele>950.364</ele><time>2026-09-29T07:15:01Z</time><speed>1.260</speed><sat>41</sat></trkpt>
  <trkpt lat="39.07628974" lon="33.40754166"><ele>949.328</ele><time>2026-09-29T07:15:02Z</time><speed>0.960</speed><sat>41</sat></trkpt>
  <trkpt lat="39.07628626" lon="33.40753899"><ele>949.332</ele><time>2026-09-29T07:15:03Z</time><speed>0.940</speed><sat>42</sat></trkpt>
  <trkpt lat="39.07628215" lon="33.40753611"><ele>948.198</ele><time>2026-09-29T07:15:04Z</time><speed>0.870</speed><sat>42</sat></trkpt>
  <trkpt lat="39.07627761" lon="33.40753311"><ele>948.328</ele><time>2026-09-29T07:15:05Z</time><speed>0.740</speed><sat>42</sat></trkpt>
  <trkpt lat="39.07627211" lon="33.40753003"><ele>947.927</ele><time>2026-09-29T07:15:06Z</time><speed>0.930</speed><sat>42</sat></trkpt>
  <trkpt lat="39.07626581" lon="33.40752743"><ele>947.892</ele><time>2026-09-29T07:15:07Z</time><speed>0.960</speed><sat>42</sat></trkpt>
  <trkpt lat="39.07625667" lon="33.40752107"><ele>948.307</ele><time>2026-09-29T07:15:08Z</time><speed>1.620</speed><sat>42</sat></trkpt>
  <trkpt lat="39.07624718" lon="33.40751361"><ele>947.868</ele><time>2026-09-29T07:15:09Z</time><speed>1.320</speed><sat>42</sat></trkpt>
  <trkpt lat="39.07623846" lon="33.40750582"><ele>947.772</ele><time>2026-09-29T07:15:10Z</time><speed>1.350</speed><sat>42</sat></trkpt>
  <trkpt lat="39.07622923" lon="33.40749807"><ele>947.983</ele><time>2026-09-29T07:15:11Z</time><speed>1.400</speed><sat>40</sat></trkpt>
  <trkpt lat="39.07621834" lon="33.40748891"><ele>947.885</ele><time>2026-09-29T07:15:12Z</time><speed>1.610</speed><sat>40</sat></trkpt>
  <trkpt lat="39.07620647" lon="33.40747935"><ele>947.926</ele><time>2026-09-29T07:15:13Z</time><speed>1.710</speed><sat>40</sat></trkpt>
  <trkpt lat="39.07619443" lon="33.40746914"><ele>947.392</ele><time>2026-09-29T07:15:14Z</time><speed>1.780</speed><sat>40</sat></trkpt>
  <trkpt lat="39.07618414" lon="33.40746106"><ele>946.915</ele><time>2026-09-29T07:15:15Z</time><speed>1.460</speed><sat>39</sat></trkpt>
  <trkpt lat="39.07617860" lon="33.40745783"><ele>946.208</ele><time>2026-09-29T07:15:16Z</time><speed>0.590</speed><sat>39</sat></trkpt>
  <trkpt lat="39.07618050" lon="33.40746455"><ele>946.125</ele><time>2026-09-29T07:15:17Z</time><speed>0.000</speed><sat>39</sat></trkpt>
  <trkpt lat="39.07618242" lon="33.40746899"><ele>946.123</ele><time>2026-09-29T07:15:18Z</time><speed>0.000</speed><sat>39</sat></trkpt>
  <trkpt lat="39.07618335" lon="33.40747120"><ele>946.124</ele><time>2026-09-29T07:15:19Z</time><speed>0.000</speed><sat>39</sat></trkpt>
  <trkpt lat="39.07618379" lon="33.40747230"><ele>946.118</ele><time>2026-09-29T07:15:20Z</time><speed>0.000</speed><sat>40</sat></trkpt>
  <trkpt lat="39.07618423" lon="33.40747200"><ele>945.897</ele><time>2026-09-29T07:15:21Z</time><speed>0.410</speed><sat>39</sat></trkpt>
  <trkpt lat="39.07618646" lon="33.40746878"><ele>945.755</ele><time>2026-09-29T07:15:22Z</time><speed>0.530</speed><sat>41</sat></trkpt>
  <trkpt lat="39.07619153" lon="33.40746662"><ele>945.327</ele><time>2026-09-29T07:15:23Z</time><speed>0.420</speed><sat>42</sat></trkpt>
  <trkpt lat="39.07619575" lon="33.40746798"><ele>945.307</ele><time>2026-09-29T07:15:24Z</time><speed>0.000</speed><sat>42</sat></trkpt>
  <trkpt lat="39.07619696" lon="33.40746888"><ele>945.295</ele><time>2026-09-29T07:15:25Z</time><speed>0.000</speed><sat>42</sat></trkpt>
  <trkpt lat="39.07619857" lon="33.40746628"><ele>945.021</ele><time>2026-09-29T07:15:26Z</time><speed>0.420</speed><sat>42</sat></trkpt>
  <trkpt lat="39.07620030" lon="33.40745920"><ele>944.785</ele><time>2026-09-29T07:15:27Z</time><speed>0.720</speed><sat>42</sat></trkpt>
  <trkpt lat="39.07620166" lon="33.40744882"><ele>945.012</ele><time>2026-09-29T07:15:28Z</time><speed>1.000</speed><sat>41</sat></trkpt>
  <trkpt lat="39.07620123" lon="33.40743778"><ele>945.388</ele><time>2026-09-29T07:15:29Z</time><speed>0.950</speed><sat>41</sat></trkpt>
  <trkpt lat="39.07620067" lon="33.40742808"><ele>945.161</ele><time>2026-09-29T07:15:30Z</time><speed>0.710</speed><sat>41</sat></trkpt>
  <trkpt lat="39.07620032" lon="33.40742298"><ele>944.678</ele><time>2026-09-29T07:15:31Z</time><speed>0.150</speed><sat>41</sat></trkpt>
  <trkpt lat="39.07619932" lon="33.40742228"><ele>944.672</ele><time>2026-09-29T07:15:32Z</time><speed>0.000</speed><sat>42</sat></trkpt>
  <trkpt lat="39.07619805" lon="33.40741692"><ele>945.074</ele><time>2026-09-29T07:15:33Z</time><speed>0.670</speed><sat>42</sat></trkpt>
  <trkpt lat="39.07619744" lon="33.40741337"><ele>945.147</ele><time>2026-09-29T07:15:34Z</time><speed>0.000</speed><sat>42</sat></trkpt>
  <trkpt lat="39.07619706" lon="33.40741323"><ele>944.985</ele><time>2026-09-29T07:15:35Z</time><speed>0.000</speed><sat>42</sat></trkpt>
  <trkpt lat="39.07619507" lon="33.40741074"><ele>945.025</ele><time>2026-09-29T07:15:36Z</time><speed>0.460</speed><sat>42</sat></trkpt>
  <trkpt lat="39.07618959" lon="33.40740016"><ele>944.812</ele><time>2026-09-29T07:15:37Z</time><speed>1.370</speed><sat>41</sat></trkpt>
  <trkpt lat="39.07618714" lon="33.40739549"><ele>944.768</ele><time>2026-09-29T07:15:38Z</time><speed>0.000</speed><sat>41</sat></trkpt>
  <trkpt lat="39.07618746" lon="33.40739642"><ele>944.768</ele><time>2026-09-29T07:15:39Z</time><speed>0.000</speed><sat>41</sat></trkpt>
  <trkpt lat="39.07618760" lon="33.40739688"><ele>944.767</ele><time>2026-09-29T07:15:40Z</time><speed>0.000</speed><sat>39</sat></trkpt>
  <trkpt lat="39.07618770" lon="33.40739712"><ele>944.767</ele><time>2026-09-29T07:15:41Z</time><speed>0.000</speed><sat>37</sat></trkpt>
  <trkpt lat="39.07618778" lon="33.40739730"><ele>944.762</ele><time>2026-09-29T07:15:42Z</time><speed>0.000</speed><sat>41</sat></trkpt>
  <trkpt lat="39.07618919" lon="33.40739216"><ele>944.022</ele><time>2026-09-29T07:15:43Z</time><speed>0.800</speed><sat>40</sat></trkpt>
  <trkpt lat="39.07619275" lon="33.40738871"><ele>943.214</ele><time>2026-09-29T07:15:44Z</time><speed>0.700</speed><sat>41</sat></trkpt>
  <trkpt lat="39.07619734" lon="33.40739624"><ele>943.166</ele><time>2026-09-29T07:15:45Z</time><speed>0.950</speed><sat>41</sat></trkpt>
  <trkpt lat="39.07619979" lon="33.40741318"><ele>942.923</ele><time>2026-09-29T07:15:46Z</time><speed>1.170</speed><sat>41</sat></trkpt>
  <trkpt lat="39.07619622" lon="33.40743474"><ele>943.242</ele><time>2026-09-29T07:15:47Z</time><speed>1.550</speed><sat>41</sat></trkpt>
  <trkpt lat="39.07619304" lon="33.40744895"><ele>943.270</ele><time>2026-09-29T07:15:48Z</time><speed>0.300</speed><sat>41</sat></trkpt>
  <trkpt lat="39.07618595" lon="33.40745426"><ele>943.242</ele><time>2026-09-29T07:15:49Z</time><speed>1.120</speed><sat>41</sat></trkpt>
  <trkpt lat="39.07617560" lon="33.40745302"><ele>943.598</ele><time>2026-09-29T07:15:50Z</time><speed>1.240</speed><sat>41</sat></trkpt>
  <trkpt lat="39.07616897" lon="33.40744726"><ele>943.761</ele><time>2026-09-29T07:15:51Z</time><speed>0.870</speed><sat>42</sat></trkpt>
  <trkpt lat="39.07616446" lon="33.40744227"><ele>944.107</ele><time>2026-09-29T07:15:52Z</time><speed>0.690</speed><sat>42</sat></trkpt>
  <trkpt lat="39.07615814" lon="33.40743611"><ele>943.936</ele><time>2026-09-29T07:15:53Z</time><speed>1.210</speed><sat>42</sat></trkpt>
  <trkpt lat="39.07615221" lon="33.40742764"><ele>943.442</ele><time>2026-09-29T07:15:54Z</time><speed>1.070</speed><sat>41</sat></trkpt>
  <trkpt lat="39.07615077" lon="33.40741902"><ele>943.475</ele><time>2026-09-29T07:15:55Z</time><speed>0.870</speed><sat>41</sat></trkpt>
  <trkpt lat="39.07614885" lon="33.40740560"><ele>942.712</ele><time>2026-09-29T07:15:56Z</time><speed>1.680</speed><sat>42</sat></trkpt>
  <trkpt lat="39.07614877" lon="33.40739786"><ele>941.846</ele><time>2026-09-29T07:15:57Z</time><speed>0.150</speed><sat>42</sat></trkpt>
  <trkpt lat="39.07614981" lon="33.40739837"><ele>941.435</ele><time>2026-09-29T07:15:58Z</time><speed>0.340</speed><sat>42</sat></trkpt>
  <trkpt lat="39.07615570" lon="33.40740073"><ele>941.766</ele><time>2026-09-29T07:15:59Z</time><speed>0.760</speed><sat>42</sat></trkpt>
  <trkpt lat="39.07616497" lon="33.40740107"><ele>941.639</ele><time>2026-09-29T07:16:00Z</time><speed>0.790</speed><sat>42</sat></trkpt>
  <trkpt lat="39.07617038" lon="33.40739624"><ele>942.136</ele><time>2026-09-29T07:16:01Z</time><speed>0.630</speed><sat>42</sat></trkpt>
  <trkpt lat="39.07616851" lon="33.40739012"><ele>940.506</ele><time>2026-09-29T07:16:02Z</time><speed>1.020</speed><sat>42</sat></trkpt>
  <trkpt lat="39.07615939" lon="33.40738629"><ele>940.433</ele><time>2026-09-29T07:16:03Z</time><speed>1.390</speed><sat>42</sat></trkpt>
  <trkpt lat="39.07614894" lon="33.40738414"><ele>940.439</ele><time>2026-09-29T07:16:04Z</time><speed>1.210</speed><sat>42</sat></trkpt>
  <trkpt lat="39.07613897" lon="33.40738048"><ele>941.481</ele><time>2026-09-29T07:16:05Z</time><speed>1.470</speed><sat>42</sat></trkpt>
  <trkpt lat="39.07612899" lon="33.40737460"><ele>941.912</ele><time>2026-09-29T07:16:06Z</time><speed>1.470</speed><sat>42</sat></trkpt>
  <trkpt lat="39.07611986" lon="33.40736735"><ele>942.512</ele><time>2026-09-29T07:16:07Z</time><speed>1.470</speed><sat>42</sat></trkpt>
  <trkpt lat="39.07611028" lon="33.40735960"><ele>943.172</ele><time>2026-09-29T07:16:08Z</time><speed>1.500</speed><sat>42</sat></trkpt>
  <trkpt lat="39.07610076" lon="33.40735253"><ele>943.549</ele><time>2026-09-29T07:16:09Z</time><speed>1.460</speed><sat>42</sat></trkpt>
  <trkpt lat="39.07609114" lon="33.40734430"><ele>945.010</ele><time>2026-09-29T07:16:10Z</time><speed>1.500</speed><sat>42</sat></trkpt>
  <trkpt lat="39.07608257" lon="33.40733689"><ele>945.540</ele><time>2026-09-29T07:16:11Z</time><speed>1.130</speed><sat>41</sat></trkpt>
  <trkpt lat="39.07607453" lon="33.40732963"><ele>945.584</ele><time>2026-09-29T07:16:12Z</time><speed>1.290</speed><sat>41</sat></trkpt>
  <trkpt lat="39.07606515" lon="33.40732070"><ele>945.707</ele><time>2026-09-29T07:16:13Z</time><speed>1.500</speed><sat>41</sat></trkpt>
  <trkpt lat="39.07605567" lon="33.40731054"><ele>945.564</ele><time>2026-09-29T07:16:14Z</time><speed>1.520</speed><sat>41</sat></trkpt>
  <trkpt lat="39.07604984" lon="33.40730264"><ele>944.659</ele><time>2026-09-29T07:16:15Z</time><speed>1.180</speed><sat>41</sat></trkpt>
  <trkpt lat="39.07604662" lon="33.40729552"><ele>944.127</ele><time>2026-09-29T07:16:16Z</time><speed>1.020</speed><sat>41</sat></trkpt>
  <trkpt lat="39.07604157" lon="33.40728371"><ele>944.458</ele><time>2026-09-29T07:16:17Z</time><speed>1.710</speed><sat>41</sat></trkpt>
  <trkpt lat="39.07603711" lon="33.40727277"><ele>944.786</ele><time>2026-09-29T07:16:18Z</time><speed>1.100</speed><sat>41</sat></trkpt>
  <trkpt lat="39.07603330" lon="33.40726481"><ele>944.936</ele><time>2026-09-29T07:16:19Z</time><speed>1.170</speed><sat>39</sat></trkpt>
  <trkpt lat="39.07602894" lon="33.40725800"><ele>945.604</ele><time>2026-09-29T07:16:20Z</time><speed>1.030</speed><sat>39</sat></trkpt>
  <trkpt lat="39.07602753" lon="33.40725481"><ele>945.575</ele><time>2026-09-29T07:16:21Z</time><speed>0.390</speed><sat>39</sat></trkpt>
  <trkpt lat="39.07603200" lon="33.40726068"><ele>945.549</ele><time>2026-09-29T07:16:22Z</time><speed>0.000</speed><sat>38</sat></trkpt>
  <trkpt lat="39.07603474" lon="33.40726447"><ele>945.544</ele><time>2026-09-29T07:16:23Z</time><speed>0.000</speed><sat>38</sat></trkpt>
  <trkpt lat="39.07603606" lon="33.40726631"><ele>945.543</ele><time>2026-09-29T07:16:24Z</time><speed>0.000</speed><sat>38</sat></trkpt>
  <trkpt lat="39.07603669" lon="33.40726723"><ele>945.541</ele><time>2026-09-29T07:16:25Z</time><speed>0.000</speed><sat>39</sat></trkpt>
  <trkpt lat="39.07603698" lon="33.40726765"><ele>945.541</ele><time>2026-09-29T07:16:26Z</time><speed>0.000</speed><sat>39</sat></trkpt>
  <trkpt lat="39.07603711" lon="33.40726784"><ele>945.538</ele><time>2026-09-29T07:16:27Z</time><speed>0.000</speed><sat>38</sat></trkpt>
  <trkpt lat="39.07603716" lon="33.40726794"><ele>945.538</ele><time>2026-09-29T07:16:28Z</time><speed>0.000</speed><sat>38</sat></trkpt>
  <trkpt lat="39.07603656" lon="33.40726752"><ele>944.817</ele><time>2026-09-29T07:16:29Z</time><speed>0.290</speed><sat>38</sat></trkpt>
  <trkpt lat="39.07603434" lon="33.40727088"><ele>944.581</ele><time>2026-09-29T07:16:30Z</time><speed>0.530</speed><sat>41</sat></trkpt>
  <trkpt lat="39.07603276" lon="33.40727646"><ele>944.097</ele><time>2026-09-29T07:16:31Z</time><speed>0.410</speed><sat>41</sat></trkpt>
  <trkpt lat="39.07603071" lon="33.40728142"><ele>943.609</ele><time>2026-09-29T07:16:32Z</time><speed>0.530</speed><sat>41</sat></trkpt>
  <trkpt lat="39.07602876" lon="33.40728464"><ele>943.467</ele><time>2026-09-29T07:16:33Z</time><speed>0.210</speed><sat>41</sat></trkpt>
  <trkpt lat="39.07602768" lon="33.40728388"><ele>943.462</ele><time>2026-09-29T07:16:34Z</time><speed>0.000</speed><sat>41</sat></trkpt>
  <trkpt lat="39.07602739" lon="33.40728302"><ele>943.458</ele><time>2026-09-29T07:16:35Z</time><speed>0.000</speed><sat>41</sat></trkpt>
  <trkpt lat="39.07602723" lon="33.40728259"><ele>943.458</ele><time>2026-09-29T07:16:36Z</time><speed>0.000</speed><sat>41</sat></trkpt>
  <trkpt lat="39.07602715" lon="33.40728237"><ele>943.455</ele><time>2026-09-29T07:16:37Z</time><speed>0.000</speed><sat>41</sat></trkpt>
  <trkpt lat="39.07602710" lon="33.40728226"><ele>943.453</ele><time>2026-09-29T07:16:38Z</time><speed>0.000</speed><sat>41</sat></trkpt>
  <trkpt lat="39.07602708" lon="33.40728219"><ele>943.450</ele><time>2026-09-29T07:16:39Z</time><speed>0.000</speed><sat>41</sat></trkpt>
  <trkpt lat="39.07602706" lon="33.40728216"><ele>943.448</ele><time>2026-09-29T07:16:40Z</time><speed>0.000</speed><sat>42</sat></trkpt>
  <trkpt lat="39.07602704" lon="33.40728213"><ele>943.444</ele><time>2026-09-29T07:16:41Z</time><speed>0.000</speed><sat>42</sat></trkpt>
  <trkpt lat="39.07602737" lon="33.40728216"><ele>943.493</ele><time>2026-09-29T07:16:42Z</time><speed>0.000</speed><sat>42</sat></trkpt>
  <trkpt lat="39.07602790" lon="33.40728186"><ele>943.495</ele><time>2026-09-29T07:16:43Z</time><speed>0.000</speed><sat>41</sat></trkpt>
  <trkpt lat="39.07602837" lon="33.40728141"><ele>943.497</ele><time>2026-09-29T07:16:44Z</time><speed>0.000</speed><sat>42</sat></trkpt>
  <trkpt lat="39.07602862" lon="33.40728116"><ele>943.497</ele><time>2026-09-29T07:16:45Z</time><speed>0.000</speed><sat>42</sat></trkpt>
  <trkpt lat="39.07602877" lon="33.40728100"><ele>943.498</ele><time>2026-09-29T07:16:46Z</time><speed>0.000</speed><sat>42</sat></trkpt>
  <trkpt lat="39.07602886" lon="33.40728090"><ele>943.500</ele><time>2026-09-29T07:16:47Z</time><speed>0.000</speed><sat>42</sat></trkpt>
  <trkpt lat="39.07602806" lon="33.40727880"><ele>943.509</ele><time>2026-09-29T07:16:48Z</time><speed>0.320</speed><sat>42</sat></trkpt>
  <trkpt lat="39.07602787" lon="33.40727722"><ele>943.498</ele><time>2026-09-29T07:16:49Z</time><speed>0.000</speed><sat>40</sat></trkpt>
  <trkpt lat="39.07602829" lon="33.40727694"><ele>943.492</ele><time>2026-09-29T07:16:50Z</time><speed>0.000</speed><sat>41</sat></trkpt>
  <trkpt lat="39.07602850" lon="33.40727672"><ele>943.491</ele><time>2026-09-29T07:16:51Z</time><speed>0.000</speed><sat>42</sat></trkpt>
  <trkpt lat="39.07602860" lon="33.40727655"><ele>943.487</ele><time>2026-09-29T07:16:52Z</time><speed>0.000</speed><sat>42</sat></trkpt>
  <trkpt lat="39.07602866" lon="33.40727640"><ele>943.487</ele><time>2026-09-29T07:16:53Z</time><speed>0.000</speed><sat>42</sat></trkpt>
  <trkpt lat="39.07602868" lon="33.40727628"><ele>943.484</ele><time>2026-09-29T07:16:54Z</time><speed>0.000</speed><sat>41</sat></trkpt>
  <trkpt lat="39.07602870" lon="33.40727617"><ele>943.483</ele><time>2026-09-29T07:16:55Z</time><speed>0.000</speed><sat>40</sat></trkpt>
  <trkpt lat="39.07602870" lon="33.40727608"><ele>943.481</ele><time>2026-09-29T07:16:56Z</time><speed>0.000</speed><sat>39</sat></trkpt>
  <trkpt lat="39.07602869" lon="33.40727581"><ele>943.016</ele><time>2026-09-29T07:16:57Z</time><speed>0.000</speed><sat>39</sat></trkpt>
  <trkpt lat="39.07602870" lon="33.40727580"><ele>943.009</ele><time>2026-09-29T07:16:58Z</time><speed>0.000</speed><sat>40</sat></trkpt>
  <trkpt lat="39.07602875" lon="33.40727605"><ele>943.008</ele><time>2026-09-29T07:16:59Z</time><speed>0.000</speed><sat>40</sat></trkpt>
  <trkpt lat="39.07602880" lon="33.40727620"><ele>943.007</ele><time>2026-09-29T07:17:00Z</time><speed>0.000</speed><sat>40</sat></trkpt>
  <trkpt lat="39.07602884" lon="33.40727626"><ele>943.003</ele><time>2026-09-29T07:17:01Z</time><speed>0.000</speed><sat>40</sat></trkpt>
  <trkpt lat="39.07602887" lon="33.40727630"><ele>943.000</ele><time>2026-09-29T07:17:02Z</time><speed>0.000</speed><sat>40</sat></trkpt>
  <trkpt lat="39.07602890" lon="33.40727633"><ele>943.000</ele><time>2026-09-29T07:17:03Z</time><speed>0.000</speed><sat>40</sat></trkpt>
  <trkpt lat="39.07602893" lon="33.40727635"><ele>942.996</ele><time>2026-09-29T07:17:04Z</time><speed>0.000</speed><sat>39</sat></trkpt>
  <trkpt lat="39.07602895" lon="33.40727637"><ele>942.995</ele><time>2026-09-29T07:17:05Z</time><speed>0.000</speed><sat>39</sat></trkpt>
  <trkpt lat="39.07602897" lon="33.40727638"><ele>942.994</ele><time>2026-09-29T07:17:06Z</time><speed>0.000</speed><sat>39</sat></trkpt>
  <trkpt lat="39.07602898" lon="33.40727638"><ele>942.992</ele><time>2026-09-29T07:17:07Z</time><speed>0.000</speed><sat>39</sat></trkpt>
  <trkpt lat="39.07602897" lon="33.40727638"><ele>942.989</ele><time>2026-09-29T07:17:08Z</time><speed>0.000</speed><sat>37</sat></trkpt>
  <trkpt lat="39.07602896" lon="33.40727638"><ele>942.991</ele><time>2026-09-29T07:17:09Z</time><speed>0.000</speed><sat>37</sat></trkpt>
  <trkpt lat="39.07602892" lon="33.40727637"><ele>942.993</ele><time>2026-09-29T07:17:10Z</time><speed>0.000</speed><sat>37</sat></trkpt>
  <trkpt lat="39.07602889" lon="33.40727636"><ele>942.994</ele><time>2026-09-29T07:17:11Z</time><speed>0.000</speed><sat>37</sat></trkpt>
  <trkpt lat="39.07602885" lon="33.40727635"><ele>942.991</ele><time>2026-09-29T07:17:12Z</time><speed>0.000</speed><sat>37</sat></trkpt>
  <trkpt lat="39.07602882" lon="33.40727633"><ele>942.988</ele><time>2026-09-29T07:17:13Z</time><speed>0.000</speed><sat>38</sat></trkpt>
  <trkpt lat="39.07602880" lon="33.40727631"><ele>942.986</ele><time>2026-09-29T07:17:14Z</time><speed>0.000</speed><sat>39</sat></trkpt>
  <trkpt lat="39.07602879" lon="33.40727630"><ele>942.987</ele><time>2026-09-29T07:17:15Z</time><speed>0.000</speed><sat>39</sat></trkpt>
  <trkpt lat="39.07602878" lon="33.40727627"><ele>942.985</ele><time>2026-09-29T07:17:16Z</time><speed>0.000</speed><sat>40</sat></trkpt>
  <trkpt lat="39.07602877" lon="33.40727626"><ele>942.984</ele><time>2026-09-29T07:17:17Z</time><speed>0.000</speed><sat>40</sat></trkpt>
  <trkpt lat="39.07602877" lon="33.40727623"><ele>942.985</ele><time>2026-09-29T07:17:18Z</time><speed>0.000</speed><sat>40</sat></trkpt>
  <trkpt lat="39.07602877" lon="33.40727621"><ele>942.983</ele><time>2026-09-29T07:17:19Z</time><speed>0.000</speed><sat>40</sat></trkpt>
  <trkpt lat="39.07602877" lon="33.40727618"><ele>942.983</ele><time>2026-09-29T07:17:20Z</time><speed>0.000</speed><sat>40</sat></trkpt>
  <trkpt lat="39.07602844" lon="33.40727627"><ele>942.759</ele><time>2026-09-29T07:17:21Z</time><speed>0.000</speed><sat>40</sat></trkpt>
  <trkpt lat="39.07602762" lon="33.40727740"><ele>942.648</ele><time>2026-09-29T07:17:22Z</time><speed>0.180</speed><sat>39</sat></trkpt>
  <trkpt lat="39.07602698" lon="33.40727905"><ele>942.652</ele><time>2026-09-29T07:17:23Z</time><speed>0.000</speed><sat>40</sat></trkpt>
  <trkpt lat="39.07602660" lon="33.40727954"><ele>942.653</ele><time>2026-09-29T07:17:24Z</time><speed>0.000</speed><sat>40</sat></trkpt>
  <trkpt lat="39.07602762" lon="33.40728210"><ele>941.939</ele><time>2026-09-29T07:17:25Z</time><speed>0.240</speed><sat>40</sat></trkpt>
  <trkpt lat="39.07602852" lon="33.40728615"><ele>941.777</ele><time>2026-09-29T07:17:26Z</time><speed>0.260</speed><sat>41</sat></trkpt>
  <trkpt lat="39.07603004" lon="33.40728752"><ele>942.165</ele><time>2026-09-29T07:17:27Z</time><speed>0.310</speed><sat>41</sat></trkpt>
  <trkpt lat="39.07603299" lon="33.40728746"><ele>942.187</ele><time>2026-09-29T07:17:28Z</time><speed>0.380</speed><sat>41</sat></trkpt>
  <trkpt lat="39.07603642" lon="33.40728589"><ele>941.875</ele><time>2026-09-29T07:17:29Z</time><speed>0.310</speed><sat>41</sat></trkpt>
  <trkpt lat="39.07603793" lon="33.40728408"><ele>941.877</ele><time>2026-09-29T07:17:30Z</time><speed>0.000</speed><sat>41</sat></trkpt>
  <trkpt lat="39.07603828" lon="33.40728461"><ele>941.810</ele><time>2026-09-29T07:17:31Z</time><speed>0.000</speed><sat>41</sat></trkpt>
  <trkpt lat="39.07603896" lon="33.40728639"><ele>941.341</ele><time>2026-09-29T07:17:32Z</time><speed>0.160</speed><sat>40</sat></trkpt>
  <trkpt lat="39.07604129" lon="33.40728674"><ele>941.501</ele><time>2026-09-29T07:17:33Z</time><speed>0.380</speed><sat>40</sat></trkpt>
  <trkpt lat="39.07604189" lon="33.40728780"><ele>941.496</ele><time>2026-09-29T07:17:34Z</time><speed>0.000</speed><sat>39</sat></trkpt>
  <trkpt lat="39.07604136" lon="33.40728841"><ele>941.498</ele><time>2026-09-29T07:17:35Z</time><speed>0.000</speed><sat>41</sat></trkpt>
  <trkpt lat="39.07604111" lon="33.40728864"><ele>941.500</ele><time>2026-09-29T07:17:36Z</time><speed>0.000</speed><sat>41</sat></trkpt>
  <trkpt lat="39.07604100" lon="33.40728872"><ele>941.500</ele><time>2026-09-29T07:17:37Z</time><speed>0.000</speed><sat>41</sat></trkpt>
  <trkpt lat="39.07604095" lon="33.40728872"><ele>941.502</ele><time>2026-09-29T07:17:38Z</time><speed>0.000</speed><sat>42</sat></trkpt>
  <trkpt lat="39.07604093" lon="33.40728866"><ele>941.507</ele><time>2026-09-29T07:17:39Z</time><speed>0.000</speed><sat>42</sat></trkpt>
  <trkpt lat="39.07604092" lon="33.40728858"><ele>941.509</ele><time>2026-09-29T07:17:40Z</time><speed>0.000</speed><sat>41</sat></trkpt>
  <trkpt lat="39.07604091" lon="33.40728851"><ele>941.510</ele><time>2026-09-29T07:17:41Z</time><speed>0.000</speed><sat>41</sat></trkpt>
  <trkpt lat="39.07604090" lon="33.40728843"><ele>941.511</ele><time>2026-09-29T07:17:42Z</time><speed>0.000</speed><sat>41</sat></trkpt>
  <trkpt lat="39.07604090" lon="33.40728837"><ele>941.512</ele><time>2026-09-29T07:17:43Z</time><speed>0.000</speed><sat>40</sat></trkpt>
  <trkpt lat="39.07604090" lon="33.40728831"><ele>941.511</ele><time>2026-09-29T07:17:44Z</time><speed>0.000</speed><sat>39</sat></trkpt>
  <trkpt lat="39.07604237" lon="33.40728781"><ele>941.473</ele><time>2026-09-29T07:17:45Z</time><speed>0.230</speed><sat>39</sat></trkpt>
  <trkpt lat="39.07604328" lon="33.40728727"><ele>941.477</ele><time>2026-09-29T07:17:46Z</time><speed>0.000</speed><sat>40</sat></trkpt>
  <trkpt lat="39.07604323" lon="33.40728696"><ele>941.476</ele><time>2026-09-29T07:17:47Z</time><speed>0.000</speed><sat>42</sat></trkpt>
  <trkpt lat="39.07604322" lon="33.40728685"><ele>941.473</ele><time>2026-09-29T07:17:48Z</time><speed>0.000</speed><sat>42</sat></trkpt>
  <trkpt lat="39.07604323" lon="33.40728684"><ele>941.473</ele><time>2026-09-29T07:17:49Z</time><speed>0.000</speed><sat>42</sat></trkpt>
  <trkpt lat="39.07604325" lon="33.40728685"><ele>941.474</ele><time>2026-09-29T07:17:50Z</time><speed>0.000</speed><sat>42</sat></trkpt>
  <trkpt lat="39.07604327" lon="33.40728687"><ele>941.477</ele><time>2026-09-29T07:17:51Z</time><speed>0.000</speed><sat>42</sat></trkpt>
  <trkpt lat="39.07604330" lon="33.40728690"><ele>941.478</ele><time>2026-09-29T07:17:52Z</time><speed>0.000</speed><sat>41</sat></trkpt>
  <trkpt lat="39.07604331" lon="33.40728694"><ele>941.479</ele><time>2026-09-29T07:17:53Z</time><speed>0.000</speed><sat>39</sat></trkpt>
  <trkpt lat="39.07604278" lon="33.40728833"><ele>941.551</ele><time>2026-09-29T07:17:54Z</time><speed>0.490</speed><sat>41</sat></trkpt>
  <trkpt lat="39.07603920" lon="33.40729249"><ele>941.599</ele><time>2026-09-29T07:17:55Z</time><speed>0.710</speed><sat>41</sat></trkpt>
  <trkpt lat="39.07603090" lon="33.40729728"><ele>941.770</ele><time>2026-09-29T07:17:56Z</time><speed>0.900</speed><sat>42</sat></trkpt>
  <trkpt lat="39.07602208" lon="33.40730189"><ele>942.011</ele><time>2026-09-29T07:17:57Z</time><speed>1.000</speed><sat>42</sat></trkpt>
  <trkpt lat="39.07601532" lon="33.40730679"><ele>942.181</ele><time>2026-09-29T07:17:58Z</time><speed>0.720</speed><sat>42</sat></trkpt>
  <trkpt lat="39.07600878" lon="33.40731070"><ele>942.317</ele><time>2026-09-29T07:17:59Z</time><speed>0.700</speed><sat>42</sat></trkpt>
  <trkpt lat="39.07600128" lon="33.40731722"><ele>942.765</ele><time>2026-09-29T07:18:00Z</time><speed>1.090</speed><sat>42</sat></trkpt>
  <trkpt lat="39.07599297" lon="33.40732476"><ele>942.743</ele><time>2026-09-29T07:18:01Z</time><speed>1.080</speed><sat>42</sat></trkpt>
  <trkpt lat="39.07598501" lon="33.40733477"><ele>942.418</ele><time>2026-09-29T07:18:02Z</time><speed>1.300</speed><sat>39</sat></trkpt>
  <trkpt lat="39.07597797" lon="33.40734572"><ele>942.192</ele><time>2026-09-29T07:18:03Z</time><speed>1.150</speed><sat>39</sat></trkpt>
  <trkpt lat="39.07597226" lon="33.40735709"><ele>942.097</ele><time>2026-09-29T07:18:04Z</time><speed>1.180</speed><sat>39</sat></trkpt>
  <trkpt lat="39.07596775" lon="33.40736881"><ele>942.024</ele><time>2026-09-29T07:18:05Z</time><speed>1.100</speed><sat>39</sat></trkpt>
  <trkpt lat="39.07596289" lon="33.40738102"><ele>941.934</ele><time>2026-09-29T07:18:06Z</time><speed>1.150</speed><sat>39</sat></trkpt>
  <trkpt lat="39.07595706" lon="33.40739319"><ele>942.158</ele><time>2026-09-29T07:18:07Z</time><speed>1.280</speed><sat>39</sat></trkpt>
  <trkpt lat="39.07595052" lon="33.40740352"><ele>941.966</ele><time>2026-09-29T07:18:08Z</time><speed>1.220</speed><sat>39</sat></trkpt>
  <trkpt lat="39.07594404" lon="33.40741267"><ele>941.949</ele><time>2026-09-29T07:18:09Z</time><speed>1.200</speed><sat>39</sat></trkpt>
  <trkpt lat="39.07593666" lon="33.40742117"><ele>942.208</ele><time>2026-09-29T07:18:10Z</time><speed>1.210</speed><sat>39</sat></trkpt>
  <trkpt lat="39.07592845" lon="33.40742797"><ele>942.454</ele><time>2026-09-29T07:18:11Z</time><speed>1.180</speed><sat>39</sat></trkpt>
  <trkpt lat="39.07591977" lon="33.40743384"><ele>942.572</ele><time>2026-09-29T07:18:12Z</time><speed>1.140</speed><sat>40</sat></trkpt>
  <trkpt lat="39.07591151" lon="33.40744032"><ele>942.568</ele><time>2026-09-29T07:18:13Z</time><speed>1.100</speed><sat>40</sat></trkpt>
  <trkpt lat="39.07590537" lon="33.40744778"><ele>942.327</ele><time>2026-09-29T07:18:14Z</time><speed>0.950</speed><sat>40</sat></trkpt>
  <trkpt lat="39.07590117" lon="33.40745668"><ele>942.267</ele><time>2026-09-29T07:18:15Z</time><speed>0.990</speed><sat>40</sat></trkpt>
  <trkpt lat="39.07589786" lon="33.40746588"><ele>942.371</ele><time>2026-09-29T07:18:16Z</time><speed>0.870</speed><sat>40</sat></trkpt>
  <trkpt lat="39.07589594" lon="33.40747404"><ele>942.700</ele><time>2026-09-29T07:18:17Z</time><speed>0.680</speed><sat>41</sat></trkpt>
  <trkpt lat="39.07589477" lon="33.40748071"><ele>942.834</ele><time>2026-09-29T07:18:18Z</time><speed>0.540</speed><sat>41</sat></trkpt>
  <trkpt lat="39.07589477" lon="33.40748395"><ele>942.878</ele><time>2026-09-29T07:18:19Z</time><speed>0.160</speed><sat>41</sat></trkpt>
  <trkpt lat="39.07589627" lon="33.40748298"><ele>942.880</ele><time>2026-09-29T07:18:20Z</time><speed>0.000</speed><sat>41</sat></trkpt>
  <trkpt lat="39.07589710" lon="33.40748209"><ele>942.882</ele><time>2026-09-29T07:18:21Z</time><speed>0.000</speed><sat>41</sat></trkpt>
  <trkpt lat="39.07589686" lon="33.40748300"><ele>942.967</ele><time>2026-09-29T07:18:22Z</time><speed>0.190</speed><sat>41</sat></trkpt>
  <trkpt lat="39.07589498" lon="33.40748755"><ele>943.427</ele><time>2026-09-29T07:18:23Z</time><speed>0.550</speed><sat>41</sat></trkpt>
  <trkpt lat="39.07589068" lon="33.40749426"><ele>943.554</ele><time>2026-09-29T07:18:24Z</time><speed>0.830</speed><sat>41</sat></trkpt>
  <trkpt lat="39.07588430" lon="33.40750172"><ele>943.630</ele><time>2026-09-29T07:18:25Z</time><speed>0.960</speed><sat>41</sat></trkpt>
  <trkpt lat="39.07587720" lon="33.40751017"><ele>943.429</ele><time>2026-09-29T07:18:26Z</time><speed>1.090</speed><sat>41</sat></trkpt>
  <trkpt lat="39.07587043" lon="33.40751811"><ele>943.594</ele><time>2026-09-29T07:18:27Z</time><speed>0.940</speed><sat>40</sat></trkpt>
  <trkpt lat="39.07586492" lon="33.40752583"><ele>943.550</ele><time>2026-09-29T07:18:28Z</time><speed>0.920</speed><sat>40</sat></trkpt>
  <trkpt lat="39.07585912" lon="33.40753370"><ele>943.627</ele><time>2026-09-29T07:18:29Z</time><speed>1.050</speed><sat>40</sat></trkpt>
  <trkpt lat="39.07585239" lon="33.40754184"><ele>943.792</ele><time>2026-09-29T07:18:30Z</time><speed>1.040</speed><sat>40</sat></trkpt>
  <trkpt lat="39.07584541" lon="33.40754997"><ele>943.750</ele><time>2026-09-29T07:18:31Z</time><speed>1.080</speed><sat>40</sat></trkpt>
  <trkpt lat="39.07583834" lon="33.40755861"><ele>944.031</ele><time>2026-09-29T07:18:32Z</time><speed>1.080</speed><sat>39</sat></trkpt>
  <trkpt lat="39.07583213" lon="33.40756703"><ele>943.828</ele><time>2026-09-29T07:18:33Z</time><speed>0.940</speed><sat>39</sat></trkpt>
  <trkpt lat="39.07582702" lon="33.40757471"><ele>943.889</ele><time>2026-09-29T07:18:34Z</time><speed>0.930</speed><sat>40</sat></trkpt>
  <trkpt lat="39.07582427" lon="33.40757843"><ele>944.015</ele><time>2026-09-29T07:18:35Z</time><speed>0.280</speed><sat>40</sat></trkpt>
  <trkpt lat="39.07582558" lon="33.40757731"><ele>944.013</ele><time>2026-09-29T07:18:36Z</time><speed>0.000</speed><sat>40</sat></trkpt>
  <trkpt lat="39.07582665" lon="33.40757629"><ele>944.012</ele><time>2026-09-29T07:18:37Z</time><speed>0.000</speed><sat>42</sat></trkpt>
  <trkpt lat="39.07582712" lon="33.40757583"><ele>944.010</ele><time>2026-09-29T07:18:38Z</time><speed>0.000</speed><sat>42</sat></trkpt>
  <trkpt lat="39.07582731" lon="33.40757566"><ele>944.011</ele><time>2026-09-29T07:18:39Z</time><speed>0.000</speed><sat>42</sat></trkpt>
  <trkpt lat="39.07582735" lon="33.40757563"><ele>944.011</ele><time>2026-09-29T07:18:40Z</time><speed>0.000</speed><sat>42</sat></trkpt>
  <trkpt lat="39.07582733" lon="33.40757567"><ele>944.011</ele><time>2026-09-29T07:18:41Z</time><speed>0.000</speed><sat>42</sat></trkpt>
  <trkpt lat="39.07582728" lon="33.40757575"><ele>944.010</ele><time>2026-09-29T07:18:42Z</time><speed>0.000</speed><sat>42</sat></trkpt>
  <trkpt lat="39.07582722" lon="33.40757584"><ele>944.009</ele><time>2026-09-29T07:18:43Z</time><speed>0.000</speed><sat>41</sat></trkpt>
  <trkpt lat="39.07582719" lon="33.40757595"><ele>944.006</ele><time>2026-09-29T07:18:44Z</time><speed>0.000</speed><sat>41</sat></trkpt>
  <trkpt lat="39.07582715" lon="33.40757606"><ele>944.002</ele><time>2026-09-29T07:18:45Z</time><speed>0.000</speed><sat>41</sat></trkpt>
  <trkpt lat="39.07582711" lon="33.40757615"><ele>944.000</ele><time>2026-09-29T07:18:46Z</time><speed>0.000</speed><sat>41</sat></trkpt>
  <trkpt lat="39.07582751" lon="33.40757554"><ele>943.964</ele><time>2026-09-29T07:18:47Z</time><speed>0.210</speed><sat>40</sat></trkpt>
  <trkpt lat="39.07582843" lon="33.40757428"><ele>943.967</ele><time>2026-09-29T07:18:48Z</time><speed>0.000</speed><sat>39</sat></trkpt>
  <trkpt lat="39.07582939" lon="33.40757306"><ele>943.969</ele><time>2026-09-29T07:18:49Z</time><speed>0.000</speed><sat>40</sat></trkpt>
  <trkpt lat="39.07582993" lon="33.40757229"><ele>943.970</ele><time>2026-09-29T07:18:50Z</time><speed>0.000</speed><sat>41</sat></trkpt>
  <trkpt lat="39.07583025" lon="33.40757179"><ele>943.970</ele><time>2026-09-29T07:18:51Z</time><speed>0.000</speed><sat>41</sat></trkpt>
  <trkpt lat="39.07583046" lon="33.40757144"><ele>943.971</ele><time>2026-09-29T07:18:52Z</time><speed>0.000</speed><sat>41</sat></trkpt>
  <trkpt lat="39.07583060" lon="33.40757118"><ele>943.973</ele><time>2026-09-29T07:18:53Z</time><speed>0.000</speed><sat>41</sat></trkpt>
  <trkpt lat="39.07583070" lon="33.40757099"><ele>943.975</ele><time>2026-09-29T07:18:54Z</time><speed>0.000</speed><sat>40</sat></trkpt>
  <trkpt lat="39.07583077" lon="33.40757082"><ele>943.976</ele><time>2026-09-29T07:18:55Z</time><speed>0.000</speed><sat>39</sat></trkpt>
  <trkpt lat="39.07583082" lon="33.40757069"><ele>943.976</ele><time>2026-09-29T07:18:56Z</time><speed>0.000</speed><sat>39</sat></trkpt>
  <trkpt lat="39.07583087" lon="33.40757058"><ele>943.975</ele><time>2026-09-29T07:18:57Z</time><speed>0.000</speed><sat>39</sat></trkpt>
  <trkpt lat="39.07583092" lon="33.40757048"><ele>943.976</ele><time>2026-09-29T07:18:58Z</time><speed>0.000</speed><sat>39</sat></trkpt>
  <trkpt lat="39.07583096" lon="33.40757039"><ele>943.976</ele><time>2026-09-29T07:18:59Z</time><speed>0.000</speed><sat>39</sat></trkpt>
  <trkpt lat="39.07583137" lon="33.40756735"><ele>944.088</ele><time>2026-09-29T07:19:00Z</time><speed>0.380</speed><sat>39</sat></trkpt>
  <trkpt lat="39.07583308" lon="33.40756011"><ele>944.146</ele><time>2026-09-29T07:19:01Z</time><speed>0.770</speed><sat>40</sat></trkpt>
  <trkpt lat="39.07583566" lon="33.40755216"><ele>943.888</ele><time>2026-09-29T07:19:02Z</time><speed>0.730</speed><sat>39</sat></trkpt>
  <trkpt lat="39.07583835" lon="33.40754447"><ele>944.058</ele><time>2026-09-29T07:19:03Z</time><speed>0.720</speed><sat>39</sat></trkpt>
  <trkpt lat="39.07584039" lon="33.40753664"><ele>944.198</ele><time>2026-09-29T07:19:04Z</time><speed>0.680</speed><sat>39</sat></trkpt>
  <trkpt lat="39.07584118" lon="33.40753157"><ele>944.225</ele><time>2026-09-29T07:19:05Z</time><speed>0.310</speed><sat>40</sat></trkpt>
  <trkpt lat="39.07584015" lon="33.40752620"><ele>944.283</ele><time>2026-09-29T07:19:06Z</time><speed>0.630</speed><sat>41</sat></trkpt>
  <trkpt lat="39.07583757" lon="33.40751938"><ele>944.175</ele><time>2026-09-29T07:19:07Z</time><speed>0.690</speed><sat>39</sat></trkpt>
  <trkpt lat="39.07583417" lon="33.40751237"><ele>944.402</ele><time>2026-09-29T07:19:08Z</time><speed>0.760</speed><sat>40</sat></trkpt>
  <trkpt lat="39.07583048" lon="33.40750590"><ele>944.415</ele><time>2026-09-29T07:19:09Z</time><speed>0.670</speed><sat>40</sat></trkpt>
  <trkpt lat="39.07582775" lon="33.40750155"><ele>944.440</ele><time>2026-09-29T07:19:10Z</time><speed>0.440</speed><sat>40</sat></trkpt>
  <trkpt lat="39.07582601" lon="33.40749997"><ele>944.524</ele><time>2026-09-29T07:19:11Z</time><speed>0.250</speed><sat>40</sat></trkpt>
  <trkpt lat="39.07582504" lon="33.40749932"><ele>944.611</ele><time>2026-09-29T07:19:12Z</time><speed>0.220</speed><sat>40</sat></trkpt>
  <trkpt lat="39.07582433" lon="33.40749798"><ele>944.489</ele><time>2026-09-29T07:19:13Z</time><speed>0.280</speed><sat>40</sat></trkpt>
  <trkpt lat="39.07582371" lon="33.40749588"><ele>944.264</ele><time>2026-09-29T07:19:14Z</time><speed>0.240</speed><sat>40</sat></trkpt>
  <trkpt lat="39.07582322" lon="33.40749359"><ele>944.115</ele><time>2026-09-29T07:19:15Z</time><speed>0.270</speed><sat>40</sat></trkpt>
  <trkpt lat="39.07582402" lon="33.40749365"><ele>944.112</ele><time>2026-09-29T07:19:16Z</time><speed>0.000</speed><sat>39</sat></trkpt>
  <trkpt lat="39.07582469" lon="33.40749430"><ele>944.110</ele><time>2026-09-29T07:19:17Z</time><speed>0.000</speed><sat>40</sat></trkpt>
  <trkpt lat="39.07582504" lon="33.40749459"><ele>944.109</ele><time>2026-09-29T07:19:18Z</time><speed>0.000</speed><sat>40</sat></trkpt>
  <trkpt lat="39.07582522" lon="33.40749471"><ele>944.109</ele><time>2026-09-29T07:19:19Z</time><speed>0.000</speed><sat>40</sat></trkpt>
  <trkpt lat="39.07582530" lon="33.40749474"><ele>944.107</ele><time>2026-09-29T07:19:20Z</time><speed>0.000</speed><sat>39</sat></trkpt>
  <trkpt lat="39.07582535" lon="33.40749473"><ele>944.107</ele><time>2026-09-29T07:19:21Z</time><speed>0.000</speed><sat>39</sat></trkpt>
  <trkpt lat="39.07582537" lon="33.40749471"><ele>944.108</ele><time>2026-09-29T07:19:22Z</time><speed>0.000</speed><sat>39</sat></trkpt>
  <trkpt lat="39.07582537" lon="33.40749469"><ele>944.107</ele><time>2026-09-29T07:19:23Z</time><speed>0.000</speed><sat>38</sat></trkpt>
  <trkpt lat="39.07582538" lon="33.40749468"><ele>944.108</ele><time>2026-09-29T07:19:24Z</time><speed>0.000</speed><sat>37</sat></trkpt>
  <trkpt lat="39.07582507" lon="33.40749396"><ele>944.060</ele><time>2026-09-29T07:19:25Z</time><speed>0.000</speed><sat>37</sat></trkpt>
  <trkpt lat="39.07582486" lon="33.40749361"><ele>944.055</ele><time>2026-09-29T07:19:26Z</time><speed>0.000</speed><sat>37</sat></trkpt>
  <trkpt lat="39.07582485" lon="33.40749377"><ele>944.052</ele><time>2026-09-29T07:19:27Z</time><speed>0.000</speed><sat>37</sat></trkpt>
  <trkpt lat="39.07582481" lon="33.40749386"><ele>944.050</ele><time>2026-09-29T07:19:28Z</time><speed>0.000</speed><sat>37</sat></trkpt>
  <trkpt lat="39.07582288" lon="33.40749134"><ele>944.134</ele><time>2026-09-29T07:19:29Z</time><speed>0.420</speed><sat>39</sat></trkpt>
  <trkpt lat="39.07582065" lon="33.40748739"><ele>944.190</ele><time>2026-09-29T07:19:30Z</time><speed>0.420</speed><sat>39</sat></trkpt>
  <trkpt lat="39.07581808" lon="33.40748296"><ele>944.167</ele><time>2026-09-29T07:19:31Z</time><speed>0.510</speed><sat>40</sat></trkpt>
  <trkpt lat="39.07581539" lon="33.40747763"><ele>944.073</ele><time>2026-09-29T07:19:32Z</time><speed>0.470</speed><sat>40</sat></trkpt>
  <trkpt lat="39.07581331" lon="33.40747326"><ele>944.078</ele><time>2026-09-29T07:19:33Z</time><speed>0.400</speed><sat>40</sat></trkpt>
  <trkpt lat="39.07581352" lon="33.40747152"><ele>944.072</ele><time>2026-09-29T07:19:34Z</time><speed>0.000</speed><sat>40</sat></trkpt>
  <trkpt lat="39.07581418" lon="33.40747147"><ele>944.068</ele><time>2026-09-29T07:19:35Z</time><speed>0.000</speed><sat>40</sat></trkpt>
  <trkpt lat="39.07581447" lon="33.40747140"><ele>944.066</ele><time>2026-09-29T07:19:36Z</time><speed>0.000</speed><sat>40</sat></trkpt>
  <trkpt lat="39.07581489" lon="33.40747072"><ele>943.966</ele><time>2026-09-29T07:19:37Z</time><speed>0.000</speed><sat>40</sat></trkpt>
  <trkpt lat="39.07581542" lon="33.40746878"><ele>944.008</ele><time>2026-09-29T07:19:38Z</time><speed>0.210</speed><sat>40</sat></trkpt>
  <trkpt lat="39.07581687" lon="33.40746800"><ele>944.005</ele><time>2026-09-29T07:19:39Z</time><speed>0.000</speed><sat>40</sat></trkpt>
  <trkpt lat="39.07581680" lon="33.40746404"><ele>944.107</ele><time>2026-09-29T07:19:40Z</time><speed>0.540</speed><sat>40</sat></trkpt>
  <trkpt lat="39.07581649" lon="33.40745850"><ele>944.217</ele><time>2026-09-29T07:19:41Z</time><speed>0.370</speed><sat>40</sat></trkpt>
  <trkpt lat="39.07581612" lon="33.40745708"><ele>944.217</ele><time>2026-09-29T07:19:42Z</time><speed>0.000</speed><sat>40</sat></trkpt>
  <trkpt lat="39.07581605" lon="33.40745747"><ele>944.215</ele><time>2026-09-29T07:19:43Z</time><speed>0.000</speed><sat>41</sat></trkpt>
  <trkpt lat="39.07581604" lon="33.40745767"><ele>944.214</ele><time>2026-09-29T07:19:44Z</time><speed>0.000</speed><sat>40</sat></trkpt>
  <trkpt lat="39.07581605" lon="33.40745776"><ele>944.215</ele><time>2026-09-29T07:19:45Z</time><speed>0.000</speed><sat>40</sat></trkpt>
  <trkpt lat="39.07581601" lon="33.40745439"><ele>944.206</ele><time>2026-09-29T07:19:46Z</time><speed>0.400</speed><sat>41</sat></trkpt>
  <trkpt lat="39.07581594" lon="33.40744758"><ele>944.389</ele><time>2026-09-29T07:19:47Z</time><speed>0.530</speed><sat>41</sat></trkpt>
  <trkpt lat="39.07581608" lon="33.40744063"><ele>944.301</ele><time>2026-09-29T07:19:48Z</time><speed>0.500</speed><sat>41</sat></trkpt>
  <trkpt lat="39.07581608" lon="33.40743349"><ele>944.472</ele><time>2026-09-29T07:19:49Z</time><speed>0.570</speed><sat>41</sat></trkpt>
  <trkpt lat="39.07581505" lon="33.40742674"><ele>944.387</ele><time>2026-09-29T07:19:50Z</time><speed>0.480</speed><sat>39</sat></trkpt>
  <trkpt lat="39.07581375" lon="33.40742081"><ele>944.423</ele><time>2026-09-29T07:19:51Z</time><speed>0.500</speed><sat>39</sat></trkpt>
  <trkpt lat="39.07581157" lon="33.40741313"><ele>944.253</ele><time>2026-09-29T07:19:52Z</time><speed>0.710</speed><sat>39</sat></trkpt>
  <trkpt lat="39.07581043" lon="33.40740552"><ele>944.089</ele><time>2026-09-29T07:19:53Z</time><speed>0.590</speed><sat>39</sat></trkpt>
  <trkpt lat="39.07580956" lon="33.40739507"><ele>944.065</ele><time>2026-09-29T07:19:54Z</time><speed>1.120</speed><sat>39</sat></trkpt>
  <trkpt lat="39.07580932" lon="33.40738527"><ele>944.020</ele><time>2026-09-29T07:19:55Z</time><speed>0.660</speed><sat>38</sat></trkpt>
  <trkpt lat="39.07580968" lon="33.40737774"><ele>944.051</ele><time>2026-09-29T07:19:56Z</time><speed>0.630</speed><sat>39</sat></trkpt>
  <trkpt lat="39.07581056" lon="33.40737214"><ele>943.922</ele><time>2026-09-29T07:19:57Z</time><speed>0.410</speed><sat>39</sat></trkpt>
  <trkpt lat="39.07581170" lon="33.40736696"><ele>944.122</ele><time>2026-09-29T07:19:58Z</time><speed>0.420</speed><sat>40</sat></trkpt>
  <trkpt lat="39.07581292" lon="33.40736244"><ele>944.090</ele><time>2026-09-29T07:19:59Z</time><speed>0.240</speed><sat>40</sat></trkpt>
  <trkpt lat="39.07581321" lon="33.40736045"><ele>944.052</ele><time>2026-09-29T07:20:00Z</time><speed>0.000</speed><sat>41</sat></trkpt>
  <trkpt lat="39.07581348" lon="33.40735924"><ele>944.047</ele><time>2026-09-29T07:20:01Z</time><speed>0.000</speed><sat>41</sat></trkpt>
  <trkpt lat="39.07581166" lon="33.40735925"><ele>944.126</ele><time>2026-09-29T07:20:02Z</time><speed>0.330</speed><sat>41</sat></trkpt>
  <trkpt lat="39.07581013" lon="33.40735699"><ele>943.255</ele><time>2026-09-29T07:20:03Z</time><speed>0.000</speed><sat>41</sat></trkpt>
  <trkpt lat="39.07581052" lon="33.40735234"><ele>943.349</ele><time>2026-09-29T07:20:04Z</time><speed>0.000</speed><sat>41</sat></trkpt>
  <trkpt lat="39.07581097" lon="33.40735025"><ele>943.347</ele><time>2026-09-29T07:20:05Z</time><speed>0.000</speed><sat>41</sat></trkpt>
  <trkpt lat="39.07581119" lon="33.40734920"><ele>943.346</ele><time>2026-09-29T07:20:06Z</time><speed>0.000</speed><sat>40</sat></trkpt>
  <trkpt lat="39.07581129" lon="33.40734867"><ele>943.346</ele><time>2026-09-29T07:20:07Z</time><speed>0.000</speed><sat>40</sat></trkpt>
  <trkpt lat="39.07581134" lon="33.40734840"><ele>943.345</ele><time>2026-09-29T07:20:08Z</time><speed>0.000</speed><sat>39</sat></trkpt>
  <trkpt lat="39.07580835" lon="33.40733578"><ele>942.973</ele><time>2026-09-29T07:20:09Z</time><speed>1.560</speed><sat>37</sat></trkpt>
  <trkpt lat="39.07580435" lon="33.40732799"><ele>943.098</ele><time>2026-09-29T07:20:10Z</time><speed>0.690</speed><sat>38</sat></trkpt>
  <trkpt lat="39.07579925" lon="33.40732871"><ele>943.064</ele><time>2026-09-29T07:20:11Z</time><speed>0.780</speed><sat>40</sat></trkpt>
  <trkpt lat="39.07579466" lon="33.40733753"><ele>942.844</ele><time>2026-09-29T07:20:12Z</time><speed>0.830</speed><sat>40</sat></trkpt>
  <trkpt lat="39.07579288" lon="33.40735273"><ele>942.961</ele><time>2026-09-29T07:20:13Z</time><speed>1.080</speed><sat>40</sat></trkpt>
  <trkpt lat="39.07579389" lon="33.40736791"><ele>942.800</ele><time>2026-09-29T07:20:14Z</time><speed>0.910</speed><sat>40</sat></trkpt>
  <trkpt lat="39.07579645" lon="33.40738221"><ele>942.773</ele><time>2026-09-29T07:20:15Z</time><speed>0.880</speed><sat>41</sat></trkpt>
  <trkpt lat="39.07580015" lon="33.40739504"><ele>942.628</ele><time>2026-09-29T07:20:16Z</time><speed>0.840</speed><sat>41</sat></trkpt>
  <trkpt lat="39.07580408" lon="33.40740637"><ele>942.641</ele><time>2026-09-29T07:20:17Z</time><speed>0.860</speed><sat>41</sat></trkpt>
  <trkpt lat="39.07580923" lon="33.40741876"><ele>942.498</ele><time>2026-09-29T07:20:18Z</time><speed>0.930</speed><sat>41</sat></trkpt>
  <trkpt lat="39.07581483" lon="33.40742923"><ele>942.906</ele><time>2026-09-29T07:20:19Z</time><speed>0.830</speed><sat>41</sat></trkpt>
  <trkpt lat="39.07581941" lon="33.40743549"><ele>942.560</ele><time>2026-09-29T07:20:20Z</time><speed>0.350</speed><sat>41</sat></trkpt>
  <trkpt lat="39.07582356" lon="33.40743574"><ele>942.952</ele><time>2026-09-29T07:20:21Z</time><speed>0.770</speed><sat>41</sat></trkpt>
  <trkpt lat="39.07582562" lon="33.40742944"><ele>943.656</ele><time>2026-09-29T07:20:22Z</time><speed>0.820</speed><sat>41</sat></trkpt>
  <trkpt lat="39.07582303" lon="33.40742015"><ele>943.832</ele><time>2026-09-29T07:20:23Z</time><speed>0.740</speed><sat>41</sat></trkpt>
  <trkpt lat="39.07581881" lon="33.40741025"><ele>944.142</ele><time>2026-09-29T07:20:24Z</time><speed>0.920</speed><sat>41</sat></trkpt>
  <trkpt lat="39.07581401" lon="33.40740087"><ele>944.154</ele><time>2026-09-29T07:20:25Z</time><speed>0.890</speed><sat>41</sat></trkpt>
  <trkpt lat="39.07580934" lon="33.40739179"><ele>944.219</ele><time>2026-09-29T07:20:26Z</time><speed>0.920</speed><sat>41</sat></trkpt>
  <trkpt lat="39.07580609" lon="33.40738158"><ele>944.517</ele><time>2026-09-29T07:20:27Z</time><speed>0.970</speed><sat>41</sat></trkpt>
  <trkpt lat="39.07580390" lon="33.40737166"><ele>944.281</ele><time>2026-09-29T07:20:28Z</time><speed>0.830</speed><sat>41</sat></trkpt>
  <trkpt lat="39.07580305" lon="33.40736196"><ele>944.461</ele><time>2026-09-29T07:20:29Z</time><speed>0.850</speed><sat>41</sat></trkpt>
  <trkpt lat="39.07580381" lon="33.40735540"><ele>944.420</ele><time>2026-09-29T07:20:30Z</time><speed>0.490</speed><sat>41</sat></trkpt>
  <trkpt lat="39.07580587" lon="33.40735265"><ele>944.221</ele><time>2026-09-29T07:20:31Z</time><speed>0.320</speed><sat>41</sat></trkpt>
  <trkpt lat="39.07581039" lon="33.40735131"><ele>943.899</ele><time>2026-09-29T07:20:32Z</time><speed>0.520</speed><sat>41</sat></trkpt>
  <trkpt lat="39.07581509" lon="33.40735432"><ele>943.869</ele><time>2026-09-29T07:20:33Z</time><speed>0.000</speed><sat>41</sat></trkpt>
  <trkpt lat="39.07581645" lon="33.40735659"><ele>943.870</ele><time>2026-09-29T07:20:34Z</time><speed>0.000</speed><sat>41</sat></trkpt>
  <trkpt lat="39.07581714" lon="33.40735772"><ele>943.870</ele><time>2026-09-29T07:20:35Z</time><speed>0.000</speed><sat>41</sat></trkpt>
  <trkpt lat="39.07581750" lon="33.40735829"><ele>943.869</ele><time>2026-09-29T07:20:36Z</time><speed>0.000</speed><sat>41</sat></trkpt>
  <trkpt lat="39.07581768" lon="33.40735857"><ele>943.869</ele><time>2026-09-29T07:20:37Z</time><speed>0.000</speed><sat>40</sat></trkpt>
  <trkpt lat="39.07581778" lon="33.40735870"><ele>943.867</ele><time>2026-09-29T07:20:38Z</time><speed>0.000</speed><sat>39</sat></trkpt>
  <trkpt lat="39.07581781" lon="33.40735876"><ele>943.864</ele><time>2026-09-29T07:20:39Z</time><speed>0.000</speed><sat>39</sat></trkpt>
  <trkpt lat="39.07581781" lon="33.40735874"><ele>943.864</ele><time>2026-09-29T07:20:40Z</time><speed>0.000</speed><sat>38</sat></trkpt>
  <trkpt lat="39.07581782" lon="33.40735874"><ele>943.863</ele><time>2026-09-29T07:20:41Z</time><speed>0.000</speed><sat>38</sat></trkpt>
  <trkpt lat="39.07581781" lon="33.40735872"><ele>943.862</ele><time>2026-09-29T07:20:42Z</time><speed>0.000</speed><sat>38</sat></trkpt>
  <trkpt lat="39.07581780" lon="33.40735870"><ele>943.861</ele><time>2026-09-29T07:20:43Z</time><speed>0.000</speed><sat>38</sat></trkpt>
  <trkpt lat="39.07581780" lon="33.40735868"><ele>943.860</ele><time>2026-09-29T07:20:44Z</time><speed>0.000</speed><sat>38</sat></trkpt>
  <trkpt lat="39.07581779" lon="33.40735866"><ele>943.860</ele><time>2026-09-29T07:20:45Z</time><speed>0.000</speed><sat>36</sat></trkpt>
  <trkpt lat="39.07581779" lon="33.40735865"><ele>943.859</ele><time>2026-09-29T07:20:46Z</time><speed>0.000</speed><sat>36</sat></trkpt>
  <trkpt lat="39.07581779" lon="33.40735864"><ele>943.859</ele><time>2026-09-29T07:20:47Z</time><speed>0.000</speed><sat>36</sat></trkpt>
  <trkpt lat="39.07581779" lon="33.40735863"><ele>943.856</ele><time>2026-09-29T07:20:48Z</time><speed>0.000</speed><sat>37</sat></trkpt>
  <trkpt lat="39.07581780" lon="33.40735864"><ele>943.850</ele><time>2026-09-29T07:20:49Z</time><speed>0.000</speed><sat>37</sat></trkpt>
  <trkpt lat="39.07581780" lon="33.40735865"><ele>943.848</ele><time>2026-09-29T07:20:50Z</time><speed>0.000</speed><sat>37</sat></trkpt>
  <trkpt lat="39.07581781" lon="33.40735866"><ele>943.844</ele><time>2026-09-29T07:20:51Z</time><speed>0.000</speed><sat>37</sat></trkpt>
  <trkpt lat="39.07581909" lon="33.40735720"><ele>944.211</ele><time>2026-09-29T07:20:52Z</time><speed>0.290</speed><sat>37</sat></trkpt>
  <trkpt lat="39.07581970" lon="33.40735612"><ele>944.212</ele><time>2026-09-29T07:20:53Z</time><speed>0.000</speed><sat>39</sat></trkpt>
  <trkpt lat="39.07581937" lon="33.40735592"><ele>944.212</ele><time>2026-09-29T07:20:54Z</time><speed>0.000</speed><sat>40</sat></trkpt>
  <trkpt lat="39.07581917" lon="33.40735584"><ele>944.212</ele><time>2026-09-29T07:20:55Z</time><speed>0.000</speed><sat>41</sat></trkpt>
  <trkpt lat="39.07581917" lon="33.40735624"><ele>944.321</ele><time>2026-09-29T07:20:56Z</time><speed>0.480</speed><sat>41</sat></trkpt>
  <trkpt lat="39.07581608" lon="33.40735762"><ele>944.305</ele><time>2026-09-29T07:20:57Z</time><speed>0.670</speed><sat>41</sat></trkpt>
  <trkpt lat="39.07580881" lon="33.40736074"><ele>944.391</ele><time>2026-09-29T07:20:58Z</time><speed>0.650</speed><sat>41</sat></trkpt>
  <trkpt lat="39.07580282" lon="33.40736318"><ele>944.205</ele><time>2026-09-29T07:20:59Z</time><speed>0.580</speed><sat>41</sat></trkpt>
  <trkpt lat="39.07579739" lon="33.40736657"><ele>944.040</ele><time>2026-09-29T07:21:00Z</time><speed>0.630</speed><sat>41</sat></trkpt>
  <trkpt lat="39.07579283" lon="33.40736966"><ele>943.987</ele><time>2026-09-29T07:21:01Z</time><speed>0.440</speed><sat>41</sat></trkpt>
  <trkpt lat="39.07578879" lon="33.40737194"><ele>943.957</ele><time>2026-09-29T07:21:02Z</time><speed>0.420</speed><sat>41</sat></trkpt>
  <trkpt lat="39.07578556" lon="33.40737258"><ele>943.763</ele><time>2026-09-29T07:21:03Z</time><speed>0.280</speed><sat>41</sat></trkpt>
  <trkpt lat="39.07578041" lon="33.40737008"><ele>943.534</ele><time>2026-09-29T07:21:04Z</time><speed>0.680</speed><sat>41</sat></trkpt>
  <trkpt lat="39.07577505" lon="33.40736562"><ele>943.620</ele><time>2026-09-29T07:21:05Z</time><speed>0.670</speed><sat>41</sat></trkpt>
  <trkpt lat="39.07577011" lon="33.40735911"><ele>943.394</ele><time>2026-09-29T07:21:06Z</time><speed>0.760</speed><sat>41</sat></trkpt>
  <trkpt lat="39.07576538" lon="33.40735319"><ele>943.377</ele><time>2026-09-29T07:21:07Z</time><speed>0.600</speed><sat>41</sat></trkpt>
  <trkpt lat="39.07576178" lon="33.40734879"><ele>943.299</ele><time>2026-09-29T07:21:08Z</time><speed>0.430</speed><sat>41</sat></trkpt>
  <trkpt lat="39.07575897" lon="33.40734657"><ele>943.292</ele><time>2026-09-29T07:21:09Z</time><speed>0.310</speed><sat>41</sat></trkpt>
  <trkpt lat="39.07575720" lon="33.40734454"><ele>943.556</ele><time>2026-09-29T07:21:10Z</time><speed>0.300</speed><sat>40</sat></trkpt>
  <trkpt lat="39.07575561" lon="33.40734043"><ele>943.725</ele><time>2026-09-29T07:21:11Z</time><speed>0.480</speed><sat>40</sat></trkpt>
  <trkpt lat="39.07575562" lon="33.40733629"><ele>943.913</ele><time>2026-09-29T07:21:12Z</time><speed>0.290</speed><sat>40</sat></trkpt>
  <trkpt lat="39.07575616" lon="33.40733394"><ele>944.020</ele><time>2026-09-29T07:21:13Z</time><speed>0.160</speed><sat>40</sat></trkpt>
  <trkpt lat="39.07575642" lon="33.40733297"><ele>943.956</ele><time>2026-09-29T07:21:14Z</time><speed>0.000</speed><sat>40</sat></trkpt>
  <trkpt lat="39.07575804" lon="33.40733198"><ele>944.059</ele><time>2026-09-29T07:21:15Z</time><speed>0.000</speed><sat>40</sat></trkpt>
  <trkpt lat="39.07575897" lon="33.40733049"><ele>944.203</ele><time>2026-09-29T07:21:16Z</time><speed>0.000</speed><sat>40</sat></trkpt>
  <trkpt lat="39.07575624" lon="33.40732911"><ele>944.451</ele><time>2026-09-29T07:21:17Z</time><speed>0.290</speed><sat>40</sat></trkpt>
  <trkpt lat="39.07575437" lon="33.40732812"><ele>944.469</ele><time>2026-09-29T07:21:18Z</time><speed>0.000</speed><sat>40</sat></trkpt>
  <trkpt lat="39.07575357" lon="33.40732792"><ele>944.472</ele><time>2026-09-29T07:21:19Z</time><speed>0.000</speed><sat>40</sat></trkpt>
  <trkpt lat="39.07575330" lon="33.40732787"><ele>944.473</ele><time>2026-09-29T07:21:20Z</time><speed>0.000</speed><sat>40</sat></trkpt>
  <trkpt lat="39.07575316" lon="33.40732784"><ele>944.472</ele><time>2026-09-29T07:21:21Z</time><speed>0.000</speed><sat>40</sat></trkpt>
  <trkpt lat="39.07575310" lon="33.40732784"><ele>944.473</ele><time>2026-09-29T07:21:22Z</time><speed>0.000</speed><sat>39</sat></trkpt>
  <trkpt lat="39.07575309" lon="33.40732785"><ele>944.476</ele><time>2026-09-29T07:21:23Z</time><speed>0.000</speed><sat>38</sat></trkpt>
  <trkpt lat="39.07575309" lon="33.40732785"><ele>944.475</ele><time>2026-09-29T07:21:24Z</time><speed>0.000</speed><sat>37</sat></trkpt>
  <trkpt lat="39.07575310" lon="33.40732784"><ele>944.477</ele><time>2026-09-29T07:21:25Z</time><speed>0.000</speed><sat>37</sat></trkpt>
  <trkpt lat="39.07575310" lon="33.40732784"><ele>944.477</ele><time>2026-09-29T07:21:26Z</time><speed>0.000</speed><sat>38</sat></trkpt>
  <trkpt lat="39.07575309" lon="33.40733696"><ele>943.461</ele><time>2026-09-29T07:21:27Z</time><speed>1.180</speed><sat>38</sat></trkpt>
  <trkpt lat="39.07575140" lon="33.40734435"><ele>943.513</ele><time>2026-09-29T07:21:28Z</time><speed>0.400</speed><sat>38</sat></trkpt>
  <trkpt lat="39.07575092" lon="33.40734523"><ele>943.635</ele><time>2026-09-29T07:21:29Z</time><speed>0.000</speed><sat>40</sat></trkpt>
  <trkpt lat="39.07574958" lon="33.40734296"><ele>943.758</ele><time>2026-09-29T07:21:30Z</time><speed>0.240</speed><sat>41</sat></trkpt>
  <trkpt lat="39.07574916" lon="33.40733888"><ele>943.772</ele><time>2026-09-29T07:21:31Z</time><speed>0.270</speed><sat>41</sat></trkpt>
  <trkpt lat="39.07575027" lon="33.40733286"><ele>943.724</ele><time>2026-09-29T07:21:32Z</time><speed>0.000</speed><sat>41</sat></trkpt>
  <trkpt lat="39.07575070" lon="33.40733065"><ele>943.723</ele><time>2026-09-29T07:21:33Z</time><speed>0.000</speed><sat>41</sat></trkpt>
  <trkpt lat="39.07575092" lon="33.40732953"><ele>943.724</ele><time>2026-09-29T07:21:34Z</time><speed>0.000</speed><sat>41</sat></trkpt>
  <trkpt lat="39.07575102" lon="33.40732897"><ele>943.724</ele><time>2026-09-29T07:21:35Z</time><speed>0.000</speed><sat>41</sat></trkpt>
  <trkpt lat="39.07575107" lon="33.40732866"><ele>943.724</ele><time>2026-09-29T07:21:36Z</time><speed>0.000</speed><sat>40</sat></trkpt>
  <trkpt lat="39.07575330" lon="33.40732740"><ele>943.572</ele><time>2026-09-29T07:21:37Z</time><speed>0.270</speed><sat>40</sat></trkpt>
  <trkpt lat="39.07575657" lon="33.40732890"><ele>943.779</ele><time>2026-09-29T07:21:38Z</time><speed>0.490</speed><sat>41</sat></trkpt>
  <trkpt lat="39.07575830" lon="33.40733231"><ele>943.676</ele><time>2026-09-29T07:21:39Z</time><speed>0.230</speed><sat>41</sat></trkpt>
  <trkpt lat="39.07575492" lon="33.40733246"><ele>943.545</ele><time>2026-09-29T07:21:40Z</time><speed>0.690</speed><sat>41</sat></trkpt>
  <trkpt lat="39.07574855" lon="33.40732715"><ele>943.722</ele><time>2026-09-29T07:21:41Z</time><speed>0.900</speed><sat>41</sat></trkpt>
  <trkpt lat="39.07574342" lon="33.40731765"><ele>944.018</ele><time>2026-09-29T07:21:42Z</time><speed>0.840</speed><sat>41</sat></trkpt>
  <trkpt lat="39.07573948" lon="33.40730802"><ele>944.259</ele><time>2026-09-29T07:21:43Z</time><speed>0.920</speed><sat>41</sat></trkpt>
  <trkpt lat="39.07573539" lon="33.40729777"><ele>944.322</ele><time>2026-09-29T07:21:44Z</time><speed>1.060</speed><sat>40</sat></trkpt>
  <trkpt lat="39.07573020" lon="33.40728762"><ele>944.399</ele><time>2026-09-29T07:21:45Z</time><speed>1.000</speed><sat>40</sat></trkpt>
  <trkpt lat="39.07572634" lon="33.40728030"><ele>944.386</ele><time>2026-09-29T07:21:46Z</time><speed>0.650</speed><sat>40</sat></trkpt>
  <trkpt lat="39.07572401" lon="33.40727578"><ele>944.446</ele><time>2026-09-29T07:21:47Z</time><speed>0.430</speed><sat>40</sat></trkpt>
  <trkpt lat="39.07572148" lon="33.40727032"><ele>944.512</ele><time>2026-09-29T07:21:48Z</time><speed>0.670</speed><sat>40</sat></trkpt>
  <trkpt lat="39.07571816" lon="33.40726345"><ele>944.574</ele><time>2026-09-29T07:21:49Z</time><speed>0.720</speed><sat>41</sat></trkpt>
  <trkpt lat="39.07571403" lon="33.40725710"><ele>944.725</ele><time>2026-09-29T07:21:50Z</time><speed>0.730</speed><sat>41</sat></trkpt>
  <trkpt lat="39.07570979" lon="33.40725163"><ele>944.626</ele><time>2026-09-29T07:21:51Z</time><speed>0.610</speed><sat>41</sat></trkpt>
  <trkpt lat="39.07570841" lon="33.40724975"><ele>944.704</ele><time>2026-09-29T07:21:52Z</time><speed>0.000</speed><sat>41</sat></trkpt>
  <trkpt lat="39.07570778" lon="33.40724980"><ele>944.643</ele><time>2026-09-29T07:21:53Z</time><speed>0.400</speed><sat>41</sat></trkpt>
  <trkpt lat="39.07570915" lon="33.40725086"><ele>944.369</ele><time>2026-09-29T07:21:54Z</time><speed>0.480</speed><sat>41</sat></trkpt>
  <trkpt lat="39.07571255" lon="33.40725647"><ele>944.061</ele><time>2026-09-29T07:21:55Z</time><speed>0.540</speed><sat>41</sat></trkpt>
  <trkpt lat="39.07571686" lon="33.40726380"><ele>943.884</ele><time>2026-09-29T07:21:56Z</time><speed>0.750</speed><sat>41</sat></trkpt>
  <trkpt lat="39.07572101" lon="33.40727253"><ele>943.709</ele><time>2026-09-29T07:21:57Z</time><speed>0.750</speed><sat>41</sat></trkpt>
  <trkpt lat="39.07572397" lon="33.40728109"><ele>943.614</ele><time>2026-09-29T07:21:58Z</time><speed>0.650</speed><sat>41</sat></trkpt>
  <trkpt lat="39.07572724" lon="33.40729008"><ele>943.459</ele><time>2026-09-29T07:21:59Z</time><speed>0.800</speed><sat>41</sat></trkpt>
  <trkpt lat="39.07573010" lon="33.40729839"><ele>943.696</ele><time>2026-09-29T07:22:00Z</time><speed>0.640</speed><sat>41</sat></trkpt>
  <trkpt lat="39.07573215" lon="33.40730596"><ele>943.766</ele><time>2026-09-29T07:22:01Z</time><speed>0.680</speed><sat>41</sat></trkpt>
  <trkpt lat="39.07573504" lon="33.40731421"><ele>943.629</ele><time>2026-09-29T07:22:02Z</time><speed>0.760</speed><sat>40</sat></trkpt>
  <trkpt lat="39.07573732" lon="33.40732333"><ele>943.536</ele><time>2026-09-29T07:22:03Z</time><speed>0.850</speed><sat>40</sat></trkpt>
  <trkpt lat="39.07573930" lon="33.40733198"><ele>943.722</ele><time>2026-09-29T07:22:04Z</time><speed>0.810</speed><sat>40</sat></trkpt>
  <trkpt lat="39.07574184" lon="33.40733996"><ele>943.568</ele><time>2026-09-29T07:22:05Z</time><speed>0.920</speed><sat>40</sat></trkpt>
  <trkpt lat="39.07574464" lon="33.40734313"><ele>943.550</ele><time>2026-09-29T07:22:06Z</time><speed>0.360</speed><sat>40</sat></trkpt>
  <trkpt lat="39.07574721" lon="33.40734166"><ele>943.579</ele><time>2026-09-29T07:22:07Z</time><speed>0.260</speed><sat>41</sat></trkpt>
  <trkpt lat="39.07574841" lon="33.40733507"><ele>943.575</ele><time>2026-09-29T07:22:08Z</time><speed>0.000</speed><sat>41</sat></trkpt>
  <trkpt lat="39.07575202" lon="33.40733368"><ele>943.907</ele><time>2026-09-29T07:22:09Z</time><speed>0.420</speed><sat>41</sat></trkpt>
  <trkpt lat="39.07575470" lon="33.40733254"><ele>943.945</ele><time>2026-09-29T07:22:10Z</time><speed>0.000</speed><sat>41</sat></trkpt>
  <trkpt lat="39.07575498" lon="33.40733235"><ele>943.948</ele><time>2026-09-29T07:22:11Z</time><speed>0.000</speed><sat>41</sat></trkpt>
  <trkpt lat="39.07575526" lon="33.40733216"><ele>943.948</ele><time>2026-09-29T07:22:12Z</time><speed>0.000</speed><sat>41</sat></trkpt>
  <trkpt lat="39.07575539" lon="33.40733207"><ele>943.948</ele><time>2026-09-29T07:22:13Z</time><speed>0.000</speed><sat>41</sat></trkpt>
  <trkpt lat="39.07575546" lon="33.40733202"><ele>943.948</ele><time>2026-09-29T07:22:14Z</time><speed>0.000</speed><sat>41</sat></trkpt>
  <trkpt lat="39.07575548" lon="33.40733201"><ele>943.950</ele><time>2026-09-29T07:22:15Z</time><speed>0.000</speed><sat>41</sat></trkpt>
  <trkpt lat="39.07575549" lon="33.40733201"><ele>943.952</ele><time>2026-09-29T07:22:16Z</time><speed>0.000</speed><sat>40</sat></trkpt>
  <trkpt lat="39.07575549" lon="33.40733202"><ele>943.955</ele><time>2026-09-29T07:22:17Z</time><speed>0.000</speed><sat>40</sat></trkpt>
  <trkpt lat="39.07575548" lon="33.40733202"><ele>943.956</ele><time>2026-09-29T07:22:18Z</time><speed>0.000</speed><sat>38</sat></trkpt>
  <trkpt lat="39.07575547" lon="33.40733203"><ele>943.959</ele><time>2026-09-29T07:22:19Z</time><speed>0.000</speed><sat>36</sat></trkpt>
  <trkpt lat="39.07575546" lon="33.40733204"><ele>943.960</ele><time>2026-09-29T07:22:20Z</time><speed>0.000</speed><sat>36</sat></trkpt>
  <trkpt lat="39.07575545" lon="33.40733204"><ele>943.960</ele><time>2026-09-29T07:22:21Z</time><speed>0.000</speed><sat>36</sat></trkpt>
  <trkpt lat="39.07575544" lon="33.40733205"><ele>943.961</ele><time>2026-09-29T07:22:22Z</time><speed>0.000</speed><sat>36</sat></trkpt>
  <trkpt lat="39.07575544" lon="33.40733205"><ele>943.963</ele><time>2026-09-29T07:22:23Z</time><speed>0.000</speed><sat>36</sat></trkpt>
  <trkpt lat="39.07575543" lon="33.40733206"><ele>943.966</ele><time>2026-09-29T07:22:24Z</time><speed>0.000</speed><sat>35</sat></trkpt>
  <trkpt lat="39.07575542" lon="33.40733207"><ele>943.968</ele><time>2026-09-29T07:22:25Z</time><speed>0.000</speed><sat>36</sat></trkpt>
  <trkpt lat="39.07575541" lon="33.40733208"><ele>943.969</ele><time>2026-09-29T07:22:26Z</time><speed>0.000</speed><sat>36</sat></trkpt>
  <trkpt lat="39.07575540" lon="33.40733209"><ele>943.972</ele><time>2026-09-29T07:22:27Z</time><speed>0.000</speed><sat>37</sat></trkpt>
  <trkpt lat="39.07575538" lon="33.40733210"><ele>943.973</ele><time>2026-09-29T07:22:28Z</time><speed>0.000</speed><sat>38</sat></trkpt>
  <trkpt lat="39.07575537" lon="33.40733211"><ele>943.975</ele><time>2026-09-29T07:22:29Z</time><speed>0.000</speed><sat>38</sat></trkpt>
  <trkpt lat="39.07575535" lon="33.40733212"><ele>943.976</ele><time>2026-09-29T07:22:30Z</time><speed>0.000</speed><sat>38</sat></trkpt>
  <trkpt lat="39.07575416" lon="33.40733537"><ele>944.157</ele><time>2026-09-29T07:22:31Z</time><speed>0.470</speed><sat>39</sat></trkpt>
  <trkpt lat="39.07575176" lon="33.40733950"><ele>944.043</ele><time>2026-09-29T07:22:32Z</time><speed>0.340</speed><sat>41</sat></trkpt>
  <trkpt lat="39.07574952" lon="33.40734161"><ele>943.968</ele><time>2026-09-29T07:22:33Z</time><speed>0.000</speed><sat>41</sat></trkpt>
  <trkpt lat="39.07574867" lon="33.40734350"><ele>943.972</ele><time>2026-09-29T07:22:34Z</time><speed>0.000</speed><sat>41</sat></trkpt>
  <trkpt lat="39.07574882" lon="33.40734430"><ele>943.906</ele><time>2026-09-29T07:22:35Z</time><speed>0.000</speed><sat>41</sat></trkpt>
  <trkpt lat="39.07574907" lon="33.40734501"><ele>943.903</ele><time>2026-09-29T07:22:36Z</time><speed>0.000</speed><sat>41</sat></trkpt>
  <trkpt lat="39.07575315" lon="33.40734240"><ele>943.609</ele><time>2026-09-29T07:22:37Z</time><speed>0.640</speed><sat>41</sat></trkpt>
  <trkpt lat="39.07575230" lon="33.40733712"><ele>943.685</ele><time>2026-09-29T07:22:38Z</time><speed>0.000</speed><sat>41</sat></trkpt>
  <trkpt lat="39.07574838" lon="33.40733100"><ele>943.921</ele><time>2026-09-29T07:22:39Z</time><speed>0.000</speed><sat>41</sat></trkpt>
  <trkpt lat="39.07574641" lon="33.40732795"><ele>943.920</ele><time>2026-09-29T07:22:40Z</time><speed>0.000</speed><sat>41</sat></trkpt>
  <trkpt lat="39.07574542" lon="33.40732642"><ele>943.917</ele><time>2026-09-29T07:22:41Z</time><speed>0.000</speed><sat>41</sat></trkpt>
  <trkpt lat="39.07574492" lon="33.40732566"><ele>943.917</ele><time>2026-09-29T07:22:42Z</time><speed>0.000</speed><sat>41</sat></trkpt>
  <trkpt lat="39.07574467" lon="33.40732528"><ele>943.918</ele><time>2026-09-29T07:22:43Z</time><speed>0.000</speed><sat>41</sat></trkpt>
  <trkpt lat="39.07575702" lon="33.40732630"><ele>943.430</ele><time>2026-09-29T07:22:44Z</time><speed>1.890</speed><sat>38</sat></trkpt>
  <trkpt lat="39.07577202" lon="33.40733210"><ele>942.904</ele><time>2026-09-29T07:22:45Z</time><speed>1.530</speed><sat>40</sat></trkpt>
  <trkpt lat="39.07577526" lon="33.40733574"><ele>944.020</ele><time>2026-09-29T07:22:46Z</time><speed>0.560</speed><sat>41</sat></trkpt>
  <trkpt lat="39.07577248" lon="33.40733833"><ele>944.033</ele><time>2026-09-29T07:22:47Z</time><speed>0.230</speed><sat>41</sat></trkpt>
  <trkpt lat="39.07576209" lon="33.40733809"><ele>944.046</ele><time>2026-09-29T07:22:48Z</time><speed>0.000</speed><sat>41</sat></trkpt>
  <trkpt lat="39.07575664" lon="33.40733737"><ele>944.048</ele><time>2026-09-29T07:22:49Z</time><speed>0.000</speed><sat>41</sat></trkpt>
  <trkpt lat="39.07575391" lon="33.40733704"><ele>944.047</ele><time>2026-09-29T07:22:50Z</time><speed>0.000</speed><sat>41</sat></trkpt>
  <trkpt lat="39.07575254" lon="33.40733689"><ele>944.050</ele><time>2026-09-29T07:22:51Z</time><speed>0.000</speed><sat>41</sat></trkpt>
  <trkpt lat="39.07575185" lon="33.40733684"><ele>944.050</ele><time>2026-09-29T07:22:52Z</time><speed>0.000</speed><sat>41</sat></trkpt>
  <trkpt lat="39.07575148" lon="33.40733681"><ele>944.050</ele><time>2026-09-29T07:22:53Z</time><speed>0.000</speed><sat>40</sat></trkpt>
  <trkpt lat="39.07575058" lon="33.40733836"><ele>943.447</ele><time>2026-09-29T07:22:54Z</time><speed>0.150</speed><sat>40</sat></trkpt>
  <trkpt lat="39.07574769" lon="33.40734109"><ele>943.265</ele><time>2026-09-29T07:22:55Z</time><speed>0.570</speed><sat>40</sat></trkpt>
  <trkpt lat="39.07574270" lon="33.40734378"><ele>943.017</ele><time>2026-09-29T07:22:56Z</time><speed>0.510</speed><sat>40</sat></trkpt>
  <trkpt lat="39.07573857" lon="33.40734420"><ele>943.155</ele><time>2026-09-29T07:22:57Z</time><speed>0.400</speed><sat>40</sat></trkpt>
  <trkpt lat="39.07573365" lon="33.40734363"><ele>943.059</ele><time>2026-09-29T07:22:58Z</time><speed>0.580</speed><sat>40</sat></trkpt>
  <trkpt lat="39.07572552" lon="33.40734350"><ele>942.773</ele><time>2026-09-29T07:22:59Z</time><speed>0.880</speed><sat>40</sat></trkpt>
  <trkpt lat="39.07571938" lon="33.40734679"><ele>941.736</ele><time>2026-09-29T07:23:00Z</time><speed>0.780</speed><sat>40</sat></trkpt>
  <trkpt lat="39.07571709" lon="33.40735366"><ele>941.379</ele><time>2026-09-29T07:23:01Z</time><speed>0.690</speed><sat>41</sat></trkpt>
  <trkpt lat="39.07571708" lon="33.40735741"><ele>942.041</ele><time>2026-09-29T07:23:02Z</time><speed>0.390</speed><sat>41</sat></trkpt>
  <trkpt lat="39.07571708" lon="33.40735941"><ele>942.608</ele><time>2026-09-29T07:23:03Z</time><speed>0.480</speed><sat>41</sat></trkpt>
  <trkpt lat="39.07571602" lon="33.40736034"><ele>942.466</ele><time>2026-09-29T07:23:04Z</time><speed>0.490</speed><sat>41</sat></trkpt>
  <trkpt lat="39.07571091" lon="33.40735603"><ele>942.906</ele><time>2026-09-29T07:23:05Z</time><speed>0.710</speed><sat>41</sat></trkpt>
  <trkpt lat="39.07570361" lon="33.40734934"><ele>943.321</ele><time>2026-09-29T07:23:06Z</time><speed>0.680</speed><sat>41</sat></trkpt>
  <trkpt lat="39.07569682" lon="33.40733998"><ele>943.554</ele><time>2026-09-29T07:23:07Z</time><speed>0.630</speed><sat>41</sat></trkpt>
  <trkpt lat="39.07569061" lon="33.40733175"><ele>943.512</ele><time>2026-09-29T07:23:08Z</time><speed>0.630</speed><sat>41</sat></trkpt>
  <trkpt lat="39.07568523" lon="33.40732514"><ele>943.281</ele><time>2026-09-29T07:23:09Z</time><speed>0.550</speed><sat>41</sat></trkpt>
  <trkpt lat="39.07568042" lon="33.40732017"><ele>943.148</ele><time>2026-09-29T07:23:10Z</time><speed>0.580</speed><sat>41</sat></trkpt>
  <trkpt lat="39.07567590" lon="33.40731591"><ele>943.213</ele><time>2026-09-29T07:23:11Z</time><speed>0.520</speed><sat>41</sat></trkpt>
  <trkpt lat="39.07567196" lon="33.40731243"><ele>943.412</ele><time>2026-09-29T07:23:12Z</time><speed>0.410</speed><sat>41</sat></trkpt>
  <trkpt lat="39.07566790" lon="33.40730900"><ele>943.319</ele><time>2026-09-29T07:23:13Z</time><speed>0.510</speed><sat>41</sat></trkpt>
  <trkpt lat="39.07566323" lon="33.40730682"><ele>943.239</ele><time>2026-09-29T07:23:14Z</time><speed>0.530</speed><sat>41</sat></trkpt>
  <trkpt lat="39.07565791" lon="33.40730508"><ele>943.063</ele><time>2026-09-29T07:23:15Z</time><speed>0.640</speed><sat>41</sat></trkpt>
  <trkpt lat="39.07565401" lon="33.40730359"><ele>942.893</ele><time>2026-09-29T07:23:16Z</time><speed>0.300</speed><sat>41</sat></trkpt>
  <trkpt lat="39.07565238" lon="33.40730173"><ele>942.968</ele><time>2026-09-29T07:23:17Z</time><speed>0.260</speed><sat>41</sat></trkpt>
  <trkpt lat="39.07565116" lon="33.40729998"><ele>942.878</ele><time>2026-09-29T07:23:18Z</time><speed>0.000</speed><sat>41</sat></trkpt>
  <trkpt lat="39.07565127" lon="33.40729913"><ele>942.868</ele><time>2026-09-29T07:23:19Z</time><speed>0.000</speed><sat>41</sat></trkpt>
  <trkpt lat="39.07565342" lon="33.40729702"><ele>942.892</ele><time>2026-09-29T07:23:20Z</time><speed>0.380</speed><sat>41</sat></trkpt>
  <trkpt lat="39.07565836" lon="33.40729495"><ele>943.101</ele><time>2026-09-29T07:23:21Z</time><speed>0.660</speed><sat>41</sat></trkpt>
  <trkpt lat="39.07566291" lon="33.40729655"><ele>942.872</ele><time>2026-09-29T07:23:22Z</time><speed>0.450</speed><sat>41</sat></trkpt>
  <trkpt lat="39.07566445" lon="33.40729982"><ele>942.822</ele><time>2026-09-29T07:23:23Z</time><speed>0.170</speed><sat>41</sat></trkpt>
  <trkpt lat="39.07566146" lon="33.40730352"><ele>942.886</ele><time>2026-09-29T07:23:24Z</time><speed>0.000</speed><sat>40</sat></trkpt>
  <trkpt lat="39.07566019" lon="33.40730377"><ele>943.118</ele><time>2026-09-29T07:23:25Z</time><speed>0.000</speed><sat>41</sat></trkpt>
  <trkpt lat="39.07565892" lon="33.40730368"><ele>943.115</ele><time>2026-09-29T07:23:26Z</time><speed>0.000</speed><sat>41</sat></trkpt>
  <trkpt lat="39.07565831" lon="33.40730331"><ele>943.116</ele><time>2026-09-29T07:23:27Z</time><speed>0.000</speed><sat>41</sat></trkpt>
  <trkpt lat="39.07565800" lon="33.40730310"><ele>943.115</ele><time>2026-09-29T07:23:28Z</time><speed>0.000</speed><sat>41</sat></trkpt>
  <trkpt lat="39.07565784" lon="33.40730297"><ele>943.113</ele><time>2026-09-29T07:23:29Z</time><speed>0.000</speed><sat>41</sat></trkpt>
  <trkpt lat="39.07565774" lon="33.40730287"><ele>943.113</ele><time>2026-09-29T07:23:30Z</time><speed>0.000</speed><sat>41</sat></trkpt>
  <trkpt lat="39.07565767" lon="33.40730276"><ele>943.113</ele><time>2026-09-29T07:23:31Z</time><speed>0.000</speed><sat>41</sat></trkpt>
  <trkpt lat="39.07565762" lon="33.40730268"><ele>943.114</ele><time>2026-09-29T07:23:32Z</time><speed>0.000</speed><sat>41</sat></trkpt>
  <trkpt lat="39.07565758" lon="33.40730261"><ele>943.112</ele><time>2026-09-29T07:23:33Z</time><speed>0.000</speed><sat>41</sat></trkpt>
  <trkpt lat="39.07565756" lon="33.40730255"><ele>943.109</ele><time>2026-09-29T07:23:34Z</time><speed>0.000</speed><sat>41</sat></trkpt>
  <trkpt lat="39.07565755" lon="33.40730251"><ele>943.106</ele><time>2026-09-29T07:23:35Z</time><speed>0.000</speed><sat>41</sat></trkpt>
  <trkpt lat="39.07565755" lon="33.40730250"><ele>943.102</ele><time>2026-09-29T07:23:36Z</time><speed>0.000</speed><sat>41</sat></trkpt>
  <trkpt lat="39.07565755" lon="33.40730250"><ele>943.097</ele><time>2026-09-29T07:23:37Z</time><speed>0.000</speed><sat>41</sat></trkpt>
  <trkpt lat="39.07565755" lon="33.40730250"><ele>943.092</ele><time>2026-09-29T07:23:38Z</time><speed>0.000</speed><sat>41</sat></trkpt>
  <trkpt lat="39.07565753" lon="33.40730249"><ele>943.090</ele><time>2026-09-29T07:23:39Z</time><speed>0.000</speed><sat>42</sat></trkpt>
  <trkpt lat="39.07565752" lon="33.40730248"><ele>943.089</ele><time>2026-09-29T07:23:40Z</time><speed>0.000</speed><sat>42</sat></trkpt>
  <trkpt lat="39.07565751" lon="33.40730247"><ele>943.089</ele><time>2026-09-29T07:23:41Z</time><speed>0.000</speed><sat>41</sat></trkpt>
  <trkpt lat="39.07565749" lon="33.40730245"><ele>943.089</ele><time>2026-09-29T07:23:42Z</time><speed>0.000</speed><sat>41</sat></trkpt>
  <trkpt lat="39.07565746" lon="33.40730241"><ele>943.089</ele><time>2026-09-29T07:23:43Z</time><speed>0.000</speed><sat>41</sat></trkpt>
  <trkpt lat="39.07565744" lon="33.40730237"><ele>943.090</ele><time>2026-09-29T07:23:44Z</time><speed>0.000</speed><sat>41</sat></trkpt>
  <trkpt lat="39.07565741" lon="33.40730232"><ele>943.088</ele><time>2026-09-29T07:23:45Z</time><speed>0.000</speed><sat>40</sat></trkpt>
  <trkpt lat="39.07565737" lon="33.40730227"><ele>943.086</ele><time>2026-09-29T07:23:46Z</time><speed>0.000</speed><sat>40</sat></trkpt>
  <trkpt lat="39.07565734" lon="33.40730222"><ele>943.083</ele><time>2026-09-29T07:23:47Z</time><speed>0.000</speed><sat>40</sat></trkpt>
  <trkpt lat="39.07565732" lon="33.40730219"><ele>943.080</ele><time>2026-09-29T07:23:48Z</time><speed>0.000</speed><sat>40</sat></trkpt>
  <trkpt lat="39.07565730" lon="33.40730217"><ele>943.078</ele><time>2026-09-29T07:23:49Z</time><speed>0.000</speed><sat>40</sat></trkpt>
  <trkpt lat="39.07565729" lon="33.40730216"><ele>943.077</ele><time>2026-09-29T07:23:50Z</time><speed>0.000</speed><sat>40</sat></trkpt>
  <trkpt lat="39.07565728" lon="33.40730213"><ele>943.075</ele><time>2026-09-29T07:23:51Z</time><speed>0.000</speed><sat>40</sat></trkpt>
  <trkpt lat="39.07565726" lon="33.40730328"><ele>943.099</ele><time>2026-09-29T07:23:52Z</time><speed>0.000</speed><sat>40</sat></trkpt>
  <trkpt lat="39.07565722" lon="33.40730429"><ele>943.105</ele><time>2026-09-29T07:23:53Z</time><speed>0.000</speed><sat>41</sat></trkpt>
  <trkpt lat="39.07565720" lon="33.40730468"><ele>943.107</ele><time>2026-09-29T07:23:54Z</time><speed>0.000</speed><sat>41</sat></trkpt>
  <trkpt lat="39.07565718" lon="33.40730492"><ele>943.107</ele><time>2026-09-29T07:23:55Z</time><speed>0.000</speed><sat>41</sat></trkpt>
  <trkpt lat="39.07565717" lon="33.40730508"><ele>943.110</ele><time>2026-09-29T07:23:56Z</time><speed>0.000</speed><sat>41</sat></trkpt>
  <trkpt lat="39.07565622" lon="33.40730655"><ele>943.137</ele><time>2026-09-29T07:23:57Z</time><speed>0.220</speed><sat>41</sat></trkpt>
  <trkpt lat="39.07566311" lon="33.40730849"><ele>942.367</ele><time>2026-09-29T07:23:58Z</time><speed>1.320</speed><sat>41</sat></trkpt>
  <trkpt lat="39.07566774" lon="33.40730944"><ele>941.687</ele><time>2026-09-29T07:23:59Z</time><speed>0.000</speed><sat>41</sat></trkpt>
  <trkpt lat="39.07566437" lon="33.40730918"><ele>941.715</ele><time>2026-09-29T07:24:00Z</time><speed>0.000</speed><sat>41</sat></trkpt>
  <trkpt lat="39.07566239" lon="33.40730900"><ele>941.714</ele><time>2026-09-29T07:24:01Z</time><speed>0.000</speed><sat>41</sat></trkpt>
  <trkpt lat="39.07566140" lon="33.40730890"><ele>941.715</ele><time>2026-09-29T07:24:02Z</time><speed>0.000</speed><sat>41</sat></trkpt>
  <trkpt lat="39.07566090" lon="33.40730885"><ele>941.716</ele><time>2026-09-29T07:24:03Z</time><speed>0.000</speed><sat>41</sat></trkpt>
  <trkpt lat="39.07566073" lon="33.40730884"><ele>941.714</ele><time>2026-09-29T07:24:04Z</time><speed>0.000</speed><sat>39</sat></trkpt>
  <trkpt lat="39.07566204" lon="33.40731309"><ele>941.599</ele><time>2026-09-29T07:24:05Z</time><speed>0.690</speed><sat>35</sat></trkpt>
  <trkpt lat="39.07566236" lon="33.40731589"><ele>941.580</ele><time>2026-09-29T07:24:06Z</time><speed>0.000</speed><sat>39</sat></trkpt>
  <trkpt lat="39.07566172" lon="33.40731547"><ele>941.578</ele><time>2026-09-29T07:24:07Z</time><speed>0.000</speed><sat>40</sat></trkpt>
  <trkpt lat="39.07566139" lon="33.40731521"><ele>941.580</ele><time>2026-09-29T07:24:08Z</time><speed>0.000</speed><sat>40</sat></trkpt>
  <trkpt lat="39.07566121" lon="33.40731505"><ele>941.582</ele><time>2026-09-29T07:24:09Z</time><speed>0.000</speed><sat>40</sat></trkpt>
  <trkpt lat="39.07566107" lon="33.40731550"><ele>941.568</ele><time>2026-09-29T07:24:10Z</time><speed>0.170</speed><sat>40</sat></trkpt>
  <trkpt lat="39.07566364" lon="33.40731719"><ele>941.644</ele><time>2026-09-29T07:24:11Z</time><speed>0.480</speed><sat>41</sat></trkpt>
  <trkpt lat="39.07566732" lon="33.40731933"><ele>941.688</ele><time>2026-09-29T07:24:12Z</time><speed>0.560</speed><sat>41</sat></trkpt>
  <trkpt lat="39.07567177" lon="33.40732076"><ele>941.671</ele><time>2026-09-29T07:24:13Z</time><speed>0.560</speed><sat>41</sat></trkpt>
  <trkpt lat="39.07567654" lon="33.40732243"><ele>941.815</ele><time>2026-09-29T07:24:14Z</time><speed>0.640</speed><sat>41</sat></trkpt>
  <trkpt lat="39.07568158" lon="33.40732388"><ele>941.859</ele><time>2026-09-29T07:24:15Z</time><speed>0.670</speed><sat>41</sat></trkpt>
  <trkpt lat="39.07568762" lon="33.40732562"><ele>941.887</ele><time>2026-09-29T07:24:16Z</time><speed>0.730</speed><sat>41</sat></trkpt>
  <trkpt lat="39.07569510" lon="33.40732742"><ele>942.067</ele><time>2026-09-29T07:24:17Z</time><speed>0.870</speed><sat>41</sat></trkpt>
  <trkpt lat="39.07570245" lon="33.40733027"><ele>941.972</ele><time>2026-09-29T07:24:18Z</time><speed>0.880</speed><sat>41</sat></trkpt>
  <trkpt lat="39.07570967" lon="33.40733327"><ele>942.121</ele><time>2026-09-29T07:24:19Z</time><speed>0.870</speed><sat>41</sat></trkpt>
  <trkpt lat="39.07571683" lon="33.40733665"><ele>942.089</ele><time>2026-09-29T07:24:20Z</time><speed>0.880</speed><sat>41</sat></trkpt>
  <trkpt lat="39.07572369" lon="33.40734030"><ele>942.038</ele><time>2026-09-29T07:24:21Z</time><speed>0.830</speed><sat>41</sat></trkpt>
  <trkpt lat="39.07573066" lon="33.40734278"><ele>941.996</ele><time>2026-09-29T07:24:22Z</time><speed>0.870</speed><sat>41</sat></trkpt>
  <trkpt lat="39.07573730" lon="33.40734457"><ele>942.135</ele><time>2026-09-29T07:24:23Z</time><speed>0.710</speed><sat>41</sat></trkpt>
  <trkpt lat="39.07574301" lon="33.40734481"><ele>942.117</ele><time>2026-09-29T07:24:24Z</time><speed>0.610</speed><sat>41</sat></trkpt>
  <trkpt lat="39.07574692" lon="33.40734393"><ele>942.031</ele><time>2026-09-29T07:24:25Z</time><speed>0.330</speed><sat>41</sat></trkpt>
  <trkpt lat="39.07574846" lon="33.40734003"><ele>942.008</ele><time>2026-09-29T07:24:26Z</time><speed>0.470</speed><sat>41</sat></trkpt>
  <trkpt lat="39.07574869" lon="33.40733672"><ele>941.760</ele><time>2026-09-29T07:24:27Z</time><speed>0.380</speed><sat>41</sat></trkpt>
  <trkpt lat="39.07574784" lon="33.40733582"><ele>941.755</ele><time>2026-09-29T07:24:28Z</time><speed>0.000</speed><sat>41</sat></trkpt>
  <trkpt lat="39.07574702" lon="33.40733719"><ele>941.772</ele><time>2026-09-29T07:24:29Z</time><speed>0.000</speed><sat>41</sat></trkpt>
  <trkpt lat="39.07574543" lon="33.40733944"><ele>941.770</ele><time>2026-09-29T07:24:30Z</time><speed>0.000</speed><sat>41</sat></trkpt>
  <trkpt lat="39.07574463" lon="33.40734038"><ele>941.767</ele><time>2026-09-29T07:24:31Z</time><speed>0.000</speed><sat>41</sat></trkpt>
  <trkpt lat="39.07574381" lon="33.40733928"><ele>941.726</ele><time>2026-09-29T07:24:32Z</time><speed>0.000</speed><sat>41</sat></trkpt>
  <trkpt lat="39.07574308" lon="33.40733846"><ele>941.729</ele><time>2026-09-29T07:24:33Z</time><speed>0.000</speed><sat>41</sat></trkpt>
  <trkpt lat="39.07574290" lon="33.40733838"><ele>941.731</ele><time>2026-09-29T07:24:34Z</time><speed>0.000</speed><sat>41</sat></trkpt>
  <trkpt lat="39.07574271" lon="33.40733829"><ele>941.731</ele><time>2026-09-29T07:24:35Z</time><speed>0.000</speed><sat>41</sat></trkpt>
  <trkpt lat="39.07574262" lon="33.40733825"><ele>941.733</ele><time>2026-09-29T07:24:36Z</time><speed>0.000</speed><sat>41</sat></trkpt>
  <trkpt lat="39.07574161" lon="33.40733691"><ele>941.728</ele><time>2026-09-29T07:24:37Z</time><speed>0.190</speed><sat>41</sat></trkpt>
  <trkpt lat="39.07574086" lon="33.40733602"><ele>941.723</ele><time>2026-09-29T07:24:38Z</time><speed>0.000</speed><sat>41</sat></trkpt>
  <trkpt lat="39.07574071" lon="33.40733602"><ele>941.724</ele><time>2026-09-29T07:24:39Z</time><speed>0.000</speed><sat>41</sat></trkpt>
  <trkpt lat="39.07574065" lon="33.40733602"><ele>941.727</ele><time>2026-09-29T07:24:40Z</time><speed>0.000</speed><sat>41</sat></trkpt>
  <trkpt lat="39.07574062" lon="33.40733601"><ele>941.728</ele><time>2026-09-29T07:24:41Z</time><speed>0.000</speed><sat>41</sat></trkpt>
  <trkpt lat="39.07574061" lon="33.40733600"><ele>941.731</ele><time>2026-09-29T07:24:42Z</time><speed>0.000</speed><sat>41</sat></trkpt>
  <trkpt lat="39.07574060" lon="33.40733602"><ele>941.733</ele><time>2026-09-29T07:24:43Z</time><speed>0.000</speed><sat>41</sat></trkpt>
  <trkpt lat="39.07574059" lon="33.40733602"><ele>941.733</ele><time>2026-09-29T07:24:44Z</time><speed>0.000</speed><sat>41</sat></trkpt>
  <trkpt lat="39.07574057" lon="33.40733602"><ele>941.732</ele><time>2026-09-29T07:24:45Z</time><speed>0.000</speed><sat>41</sat></trkpt>
  <trkpt lat="39.07574055" lon="33.40733601"><ele>941.733</ele><time>2026-09-29T07:24:46Z</time><speed>0.000</speed><sat>41</sat></trkpt>
  <trkpt lat="39.07574054" lon="33.40733600"><ele>941.733</ele><time>2026-09-29T07:24:47Z</time><speed>0.000</speed><sat>41</sat></trkpt>
  <trkpt lat="39.07574053" lon="33.40733599"><ele>941.733</ele><time>2026-09-29T07:24:48Z</time><speed>0.000</speed><sat>41</sat></trkpt>
  <trkpt lat="39.07574052" lon="33.40733600"><ele>941.735</ele><time>2026-09-29T07:24:49Z</time><speed>0.000</speed><sat>41</sat></trkpt>
  <trkpt lat="39.07574065" lon="33.40733683"><ele>941.707</ele><time>2026-09-29T07:24:50Z</time><speed>0.000</speed><sat>41</sat></trkpt>
  <trkpt lat="39.07574090" lon="33.40733781"><ele>941.705</ele><time>2026-09-29T07:24:51Z</time><speed>0.000</speed><sat>41</sat></trkpt>
  <trkpt lat="39.07574103" lon="33.40733822"><ele>941.706</ele><time>2026-09-29T07:24:52Z</time><speed>0.000</speed><sat>41</sat></trkpt>
  <trkpt lat="39.07574004" lon="33.40733791"><ele>941.656</ele><time>2026-09-29T07:24:53Z</time><speed>0.180</speed><sat>41</sat></trkpt>
  <trkpt lat="39.07573932" lon="33.40733752"><ele>941.645</ele><time>2026-09-29T07:24:54Z</time><speed>0.000</speed><sat>41</sat></trkpt>
  <trkpt lat="39.07573927" lon="33.40733734"><ele>941.643</ele><time>2026-09-29T07:24:55Z</time><speed>0.000</speed><sat>41</sat></trkpt>
  <trkpt lat="39.07573919" lon="33.40733725"><ele>941.642</ele><time>2026-09-29T07:24:56Z</time><speed>0.000</speed><sat>41</sat></trkpt>
  <trkpt lat="39.07573912" lon="33.40733721"><ele>941.641</ele><time>2026-09-29T07:24:57Z</time><speed>0.000</speed><sat>41</sat></trkpt>
  <trkpt lat="39.07573904" lon="33.40733719"><ele>941.641</ele><time>2026-09-29T07:24:58Z</time><speed>0.000</speed><sat>41</sat></trkpt>
  <trkpt lat="39.07573897" lon="33.40733717"><ele>941.641</ele><time>2026-09-29T07:24:59Z</time><speed>0.000</speed><sat>41</sat></trkpt>
  <trkpt lat="39.07573891" lon="33.40733714"><ele>941.640</ele><time>2026-09-29T07:25:00Z</time><speed>0.000</speed><sat>41</sat></trkpt>
  <trkpt lat="39.07573885" lon="33.40733712"><ele>941.640</ele><time>2026-09-29T07:25:01Z</time><speed>0.000</speed><sat>41</sat></trkpt>
  <trkpt lat="39.07573879" lon="33.40733710"><ele>941.642</ele><time>2026-09-29T07:25:02Z</time><speed>0.000</speed><sat>41</sat></trkpt>
  <trkpt lat="39.07573874" lon="33.40733709"><ele>941.642</ele><time>2026-09-29T07:25:03Z</time><speed>0.000</speed><sat>41</sat></trkpt>
  <trkpt lat="39.07573870" lon="33.40733707"><ele>941.643</ele><time>2026-09-29T07:25:04Z</time><speed>0.000</speed><sat>41</sat></trkpt>
  <trkpt lat="39.07573866" lon="33.40733707"><ele>941.644</ele><time>2026-09-29T07:25:05Z</time><speed>0.000</speed><sat>41</sat></trkpt>
  <trkpt lat="39.07573863" lon="33.40733706"><ele>941.645</ele><time>2026-09-29T07:25:06Z</time><speed>0.000</speed><sat>41</sat></trkpt>
  <trkpt lat="39.07573804" lon="33.40733861"><ele>942.206</ele><time>2026-09-29T07:25:07Z</time><speed>0.170</speed><sat>41</sat></trkpt>
  <trkpt lat="39.07573441" lon="33.40733929"><ele>942.148</ele><time>2026-09-29T07:25:08Z</time><speed>0.560</speed><sat>41</sat></trkpt>
  <trkpt lat="39.07572904" lon="33.40733980"><ele>942.226</ele><time>2026-09-29T07:25:09Z</time><speed>0.650</speed><sat>41</sat></trkpt>
  <trkpt lat="39.07572294" lon="33.40733834"><ele>942.368</ele><time>2026-09-29T07:25:10Z</time><speed>0.770</speed><sat>41</sat></trkpt>
  <trkpt lat="39.07571657" lon="33.40733601"><ele>942.291</ele><time>2026-09-29T07:25:11Z</time><speed>0.790</speed><sat>41</sat></trkpt>
  <trkpt lat="39.07571063" lon="33.40733259"><ele>942.262</ele><time>2026-09-29T07:25:12Z</time><speed>0.820</speed><sat>41</sat></trkpt>
  <trkpt lat="39.07570508" lon="33.40732786"><ele>942.406</ele><time>2026-09-29T07:25:13Z</time><speed>0.730</speed><sat>41</sat></trkpt>
  <trkpt lat="39.07569944" lon="33.40732324"><ele>942.593</ele><time>2026-09-29T07:25:14Z</time><speed>0.760</speed><sat>41</sat></trkpt>
  <trkpt lat="39.07569343" lon="33.40731813"><ele>942.779</ele><time>2026-09-29T07:25:15Z</time><speed>0.780</speed><sat>41</sat></trkpt>
  <trkpt lat="39.07568780" lon="33.40731401"><ele>942.776</ele><time>2026-09-29T07:25:16Z</time><speed>0.670</speed><sat>41</sat></trkpt>
  <trkpt lat="39.07568294" lon="33.40730932"><ele>942.888</ele><time>2026-09-29T07:25:17Z</time><speed>0.700</speed><sat>41</sat></trkpt>
  <trkpt lat="39.07567861" lon="33.40730542"><ele>942.965</ele><time>2026-09-29T07:25:18Z</time><speed>0.570</speed><sat>41</sat></trkpt>
  <trkpt lat="39.07567604" lon="33.40730182"><ele>942.949</ele><time>2026-09-29T07:25:19Z</time><speed>0.430</speed><sat>41</sat></trkpt>
  <trkpt lat="39.07567185" lon="33.40729801"><ele>942.966</ele><time>2026-09-29T07:25:20Z</time><speed>0.790</speed><sat>41</sat></trkpt>
  <trkpt lat="39.07566731" lon="33.40729363"><ele>942.986</ele><time>2026-09-29T07:25:21Z</time><speed>0.600</speed><sat>41</sat></trkpt>
  <trkpt lat="39.07566415" lon="33.40729066"><ele>943.029</ele><time>2026-09-29T07:25:22Z</time><speed>0.410</speed><sat>41</sat></trkpt>
  <trkpt lat="39.07566287" lon="33.40728927"><ele>943.105</ele><time>2026-09-29T07:25:23Z</time><speed>0.180</speed><sat>41</sat></trkpt>
  <trkpt lat="39.07566144" lon="33.40729206"><ele>943.389</ele><time>2026-09-29T07:25:24Z</time><speed>0.550</speed><sat>41</sat></trkpt>
  <trkpt lat="39.07566052" lon="33.40729652"><ele>943.353</ele><time>2026-09-29T07:25:25Z</time><speed>0.180</speed><sat>41</sat></trkpt>
  <trkpt lat="39.07566028" lon="33.40730135"><ele>943.093</ele><time>2026-09-29T07:25:26Z</time><speed>0.400</speed><sat>41</sat></trkpt>
  <trkpt lat="39.07566017" lon="33.40730558"><ele>943.151</ele><time>2026-09-29T07:25:27Z</time><speed>0.160</speed><sat>41</sat></trkpt>
  <trkpt lat="39.07566052" lon="33.40730772"><ele>943.190</ele><time>2026-09-29T07:25:28Z</time><speed>0.150</speed><sat>41</sat></trkpt>
  <trkpt lat="39.07566005" lon="33.40730661"><ele>943.024</ele><time>2026-09-29T07:25:29Z</time><speed>0.360</speed><sat>41</sat></trkpt>
  <trkpt lat="39.07565798" lon="33.40730524"><ele>943.042</ele><time>2026-09-29T07:25:30Z</time><speed>0.330</speed><sat>41</sat></trkpt>
  <trkpt lat="39.07565573" lon="33.40730438"><ele>943.024</ele><time>2026-09-29T07:25:31Z</time><speed>0.320</speed><sat>41</sat></trkpt>
  <trkpt lat="39.07565433" lon="33.40730509"><ele>942.937</ele><time>2026-09-29T07:25:32Z</time><speed>0.220</speed><sat>41</sat></trkpt>
  <trkpt lat="39.07565197" lon="33.40730631"><ele>942.940</ele><time>2026-09-29T07:25:33Z</time><speed>0.420</speed><sat>41</sat></trkpt>
  <trkpt lat="39.07564750" lon="33.40730851"><ele>942.859</ele><time>2026-09-29T07:25:34Z</time><speed>0.550</speed><sat>41</sat></trkpt>
  <trkpt lat="39.07564598" lon="33.40731140"><ele>942.820</ele><time>2026-09-29T07:25:35Z</time><speed>0.000</speed><sat>41</sat></trkpt>
  <trkpt lat="39.07564638" lon="33.40731231"><ele>942.820</ele><time>2026-09-29T07:25:36Z</time><speed>0.000</speed><sat>41</sat></trkpt>
  <trkpt lat="39.07564657" lon="33.40731276"><ele>942.820</ele><time>2026-09-29T07:25:37Z</time><speed>0.000</speed><sat>41</sat></trkpt>
  <trkpt lat="39.07564666" lon="33.40731297"><ele>942.819</ele><time>2026-09-29T07:25:38Z</time><speed>0.000</speed><sat>41</sat></trkpt>
  <trkpt lat="39.07564670" lon="33.40731305"><ele>942.819</ele><time>2026-09-29T07:25:39Z</time><speed>0.000</speed><sat>41</sat></trkpt>
  <trkpt lat="39.07564670" lon="33.40731308"><ele>942.820</ele><time>2026-09-29T07:25:40Z</time><speed>0.000</speed><sat>40</sat></trkpt>
  <trkpt lat="39.07564670" lon="33.40731306"><ele>942.819</ele><time>2026-09-29T07:25:41Z</time><speed>0.000</speed><sat>38</sat></trkpt>
  <trkpt lat="39.07564670" lon="33.40731305"><ele>942.818</ele><time>2026-09-29T07:25:42Z</time><speed>0.000</speed><sat>38</sat></trkpt>
  <trkpt lat="39.07564670" lon="33.40731303"><ele>942.818</ele><time>2026-09-29T07:25:43Z</time><speed>0.000</speed><sat>38</sat></trkpt>
  <trkpt lat="39.07564670" lon="33.40731301"><ele>942.818</ele><time>2026-09-29T07:25:44Z</time><speed>0.000</speed><sat>39</sat></trkpt>
  <trkpt lat="39.07564689" lon="33.40731272"><ele>942.981</ele><time>2026-09-29T07:25:45Z</time><speed>0.360</speed><sat>39</sat></trkpt>
  <trkpt lat="39.07564767" lon="33.40731004"><ele>942.931</ele><time>2026-09-29T07:25:46Z</time><speed>0.470</speed><sat>41</sat></trkpt>
  <trkpt lat="39.07565039" lon="33.40730526"><ele>942.987</ele><time>2026-09-29T07:25:47Z</time><speed>0.420</speed><sat>41</sat></trkpt>
  <trkpt lat="39.07565485" lon="33.40730275"><ele>943.147</ele><time>2026-09-29T07:25:48Z</time><speed>0.520</speed><sat>41</sat></trkpt>
  <trkpt lat="39.07565780" lon="33.40729695"><ele>943.416</ele><time>2026-09-29T07:25:49Z</time><speed>0.680</speed><sat>41</sat></trkpt>
  <trkpt lat="39.07565969" lon="33.40729050"><ele>943.943</ele><time>2026-09-29T07:25:50Z</time><speed>0.420</speed><sat>41</sat></trkpt>
  <trkpt lat="39.07565988" lon="33.40728727"><ele>944.121</ele><time>2026-09-29T07:25:51Z</time><speed>0.180</speed><sat>41</sat></trkpt>
  <trkpt lat="39.07565825" lon="33.40728433"><ele>944.160</ele><time>2026-09-29T07:25:52Z</time><speed>0.410</speed><sat>41</sat></trkpt>
  <trkpt lat="39.07565665" lon="33.40727795"><ele>943.861</ele><time>2026-09-29T07:25:53Z</time><speed>0.640</speed><sat>41</sat></trkpt>
  <trkpt lat="39.07565347" lon="33.40727487"><ele>943.466</ele><time>2026-09-29T07:25:54Z</time><speed>0.550</speed><sat>39</sat></trkpt>
  <trkpt lat="39.07565005" lon="33.40727687"><ele>943.666</ele><time>2026-09-29T07:25:55Z</time><speed>0.590</speed><sat>41</sat></trkpt>
  <trkpt lat="39.07564650" lon="33.40728716"><ele>943.407</ele><time>2026-09-29T07:25:56Z</time><speed>1.080</speed><sat>41</sat></trkpt>
  <trkpt lat="39.07564762" lon="33.40729763"><ele>943.437</ele><time>2026-09-29T07:25:57Z</time><speed>0.690</speed><sat>41</sat></trkpt>
  <trkpt lat="39.07565277" lon="33.40730545"><ele>942.701</ele><time>2026-09-29T07:25:58Z</time><speed>0.700</speed><sat>41</sat></trkpt>
  <trkpt lat="39.07565916" lon="33.40731088"><ele>942.543</ele><time>2026-09-29T07:25:59Z</time><speed>0.700</speed><sat>41</sat></trkpt>
  <trkpt lat="39.07566733" lon="33.40731698"><ele>942.176</ele><time>2026-09-29T07:26:00Z</time><speed>0.850</speed><sat>41</sat></trkpt>
  <trkpt lat="39.07567624" lon="33.40732286"><ele>941.986</ele><time>2026-09-29T07:26:01Z</time><speed>0.860</speed><sat>40</sat></trkpt>
  <trkpt lat="39.07568498" lon="33.40732781"><ele>941.703</ele><time>2026-09-29T07:26:02Z</time><speed>0.870</speed><sat>40</sat></trkpt>
  <trkpt lat="39.07569614" lon="33.40733879"><ele>941.496</ele><time>2026-09-29T07:26:03Z</time><speed>1.740</speed><sat>39</sat></trkpt>
  <trkpt lat="39.07570659" lon="33.40734937"><ele>940.864</ele><time>2026-09-29T07:26:04Z</time><speed>1.080</speed><sat>39</sat></trkpt>
  <trkpt lat="39.07571516" lon="33.40735528"><ele>941.217</ele><time>2026-09-29T07:26:05Z</time><speed>1.020</speed><sat>39</sat></trkpt>
  <trkpt lat="39.07572506" lon="33.40735882"><ele>941.013</ele><time>2026-09-29T07:26:06Z</time><speed>1.090</speed><sat>39</sat></trkpt>
  <trkpt lat="39.07573536" lon="33.40736043"><ele>941.480</ele><time>2026-09-29T07:26:07Z</time><speed>1.070</speed><sat>41</sat></trkpt>
  <trkpt lat="39.07574572" lon="33.40735878"><ele>941.076</ele><time>2026-09-29T07:26:08Z</time><speed>1.200</speed><sat>41</sat></trkpt>
  <trkpt lat="39.07575315" lon="33.40735754"><ele>940.309</ele><time>2026-09-29T07:26:09Z</time><speed>0.680</speed><sat>41</sat></trkpt>
  <trkpt lat="39.07575928" lon="33.40735811"><ele>940.724</ele><time>2026-09-29T07:26:10Z</time><speed>0.890</speed><sat>41</sat></trkpt>
  <trkpt lat="39.07576503" lon="33.40736259"><ele>940.263</ele><time>2026-09-29T07:26:11Z</time><speed>0.960</speed><sat>41</sat></trkpt>
  <trkpt lat="39.07577436" lon="33.40737118"><ele>939.650</ele><time>2026-09-29T07:26:12Z</time><speed>1.730</speed><sat>41</sat></trkpt>
  <trkpt lat="39.07578227" lon="33.40737902"><ele>939.947</ele><time>2026-09-29T07:26:13Z</time><speed>0.910</speed><sat>41</sat></trkpt>
  <trkpt lat="39.07578698" lon="33.40738474"><ele>939.901</ele><time>2026-09-29T07:26:14Z</time><speed>0.870</speed><sat>41</sat></trkpt>
  <trkpt lat="39.07579040" lon="33.40739183"><ele>939.895</ele><time>2026-09-29T07:26:15Z</time><speed>0.880</speed><sat>40</sat></trkpt>
  <trkpt lat="39.07579241" lon="33.40740084"><ele>940.077</ele><time>2026-09-29T07:26:16Z</time><speed>0.890</speed><sat>39</sat></trkpt>
  <trkpt lat="39.07579584" lon="33.40741010"><ele>940.344</ele><time>2026-09-29T07:26:17Z</time><speed>0.980</speed><sat>39</sat></trkpt>
  <trkpt lat="39.07580026" lon="33.40741833"><ele>940.555</ele><time>2026-09-29T07:26:18Z</time><speed>0.900</speed><sat>39</sat></trkpt>
  <trkpt lat="39.07580964" lon="33.40743051"><ele>940.065</ele><time>2026-09-29T07:26:19Z</time><speed>1.670</speed><sat>40</sat></trkpt>
  <trkpt lat="39.07581869" lon="33.40744056"><ele>940.280</ele><time>2026-09-29T07:26:20Z</time><speed>1.000</speed><sat>40</sat></trkpt>
  <trkpt lat="39.07582514" lon="33.40744711"><ele>939.954</ele><time>2026-09-29T07:26:21Z</time><speed>0.910</speed><sat>40</sat></trkpt>
  <trkpt lat="39.07583293" lon="33.40745488"><ele>939.709</ele><time>2026-09-29T07:26:22Z</time><speed>1.130</speed><sat>40</sat></trkpt>
  <trkpt lat="39.07584046" lon="33.40746396"><ele>940.735</ele><time>2026-09-29T07:26:23Z</time><speed>1.120</speed><sat>39</sat></trkpt>
  <trkpt lat="39.07584485" lon="33.40747164"><ele>941.080</ele><time>2026-09-29T07:26:24Z</time><speed>0.710</speed><sat>39</sat></trkpt>
  <trkpt lat="39.07584802" lon="33.40747828"><ele>940.696</ele><time>2026-09-29T07:26:25Z</time><speed>0.820</speed><sat>39</sat></trkpt>
  <trkpt lat="39.07584928" lon="33.40748117"><ele>940.659</ele><time>2026-09-29T07:26:26Z</time><speed>0.000</speed><sat>39</sat></trkpt>
  <trkpt lat="39.07584855" lon="33.40747734"><ele>940.665</ele><time>2026-09-29T07:26:27Z</time><speed>0.000</speed><sat>40</sat></trkpt>
  <trkpt lat="39.07584717" lon="33.40747627"><ele>940.713</ele><time>2026-09-29T07:26:28Z</time><speed>0.000</speed><sat>40</sat></trkpt>
  <trkpt lat="39.07584568" lon="33.40747480"><ele>940.712</ele><time>2026-09-29T07:26:29Z</time><speed>0.000</speed><sat>40</sat></trkpt>
  <trkpt lat="39.07584486" lon="33.40747366"><ele>940.711</ele><time>2026-09-29T07:26:30Z</time><speed>0.000</speed><sat>39</sat></trkpt>
  <trkpt lat="39.07584446" lon="33.40747309"><ele>940.712</ele><time>2026-09-29T07:26:31Z</time><speed>0.000</speed><sat>39</sat></trkpt>
  <trkpt lat="39.07584429" lon="33.40747281"><ele>940.719</ele><time>2026-09-29T07:26:32Z</time><speed>0.000</speed><sat>39</sat></trkpt>
  <trkpt lat="39.07584421" lon="33.40747267"><ele>940.722</ele><time>2026-09-29T07:26:33Z</time><speed>0.000</speed><sat>38</sat></trkpt>
  <trkpt lat="39.07584418" lon="33.40747261"><ele>940.719</ele><time>2026-09-29T07:26:34Z</time><speed>0.000</speed><sat>37</sat></trkpt>
  <trkpt lat="39.07584415" lon="33.40747258"><ele>940.722</ele><time>2026-09-29T07:26:35Z</time><speed>0.000</speed><sat>37</sat></trkpt>
  <trkpt lat="39.07584412" lon="33.40747255"><ele>940.721</ele><time>2026-09-29T07:26:36Z</time><speed>0.000</speed><sat>37</sat></trkpt>
  <trkpt lat="39.07584412" lon="33.40747254"><ele>940.722</ele><time>2026-09-29T07:26:37Z</time><speed>0.000</speed><sat>37</sat></trkpt>
  <trkpt lat="39.07584413" lon="33.40747254"><ele>940.724</ele><time>2026-09-29T07:26:38Z</time><speed>0.000</speed><sat>37</sat></trkpt>
  <trkpt lat="39.07584414" lon="33.40747254"><ele>940.725</ele><time>2026-09-29T07:26:39Z</time><speed>0.000</speed><sat>37</sat></trkpt>
  <trkpt lat="39.07584412" lon="33.40747254"><ele>940.727</ele><time>2026-09-29T07:26:40Z</time><speed>0.000</speed><sat>38</sat></trkpt>
  <trkpt lat="39.07584410" lon="33.40747254"><ele>940.729</ele><time>2026-09-29T07:26:41Z</time><speed>0.000</speed><sat>38</sat></trkpt>
  <trkpt lat="39.07584409" lon="33.40747252"><ele>940.732</ele><time>2026-09-29T07:26:42Z</time><speed>0.000</speed><sat>38</sat></trkpt>
  <trkpt lat="39.07584403" lon="33.40747250"><ele>940.727</ele><time>2026-09-29T07:26:43Z</time><speed>0.000</speed><sat>39</sat></trkpt>
  <trkpt lat="39.07584397" lon="33.40747248"><ele>940.729</ele><time>2026-09-29T07:26:44Z</time><speed>0.000</speed><sat>39</sat></trkpt>
  <trkpt lat="39.07584393" lon="33.40747247"><ele>940.731</ele><time>2026-09-29T07:26:45Z</time><speed>0.000</speed><sat>39</sat></trkpt>
  <trkpt lat="39.07584391" lon="33.40747247"><ele>940.733</ele><time>2026-09-29T07:26:46Z</time><speed>0.000</speed><sat>38</sat></trkpt>
  <trkpt lat="39.07584392" lon="33.40747249"><ele>940.737</ele><time>2026-09-29T07:26:47Z</time><speed>0.000</speed><sat>38</sat></trkpt>
  <trkpt lat="39.07584391" lon="33.40747248"><ele>940.739</ele><time>2026-09-29T07:26:48Z</time><speed>0.000</speed><sat>35</sat></trkpt>
  <trkpt lat="39.07584388" lon="33.40747247"><ele>940.741</ele><time>2026-09-29T07:26:49Z</time><speed>0.000</speed><sat>33</sat></trkpt>
  <trkpt lat="39.07584385" lon="33.40747247"><ele>940.742</ele><time>2026-09-29T07:26:50Z</time><speed>0.000</speed><sat>37</sat></trkpt>
  <trkpt lat="39.07584383" lon="33.40747247"><ele>940.743</ele><time>2026-09-29T07:26:51Z</time><speed>0.000</speed><sat>37</sat></trkpt>
  <trkpt lat="39.07584379" lon="33.40747245"><ele>940.746</ele><time>2026-09-29T07:26:52Z</time><speed>0.000</speed><sat>38</sat></trkpt>
  <trkpt lat="39.07584378" lon="33.40747243"><ele>940.752</ele><time>2026-09-29T07:26:53Z</time><speed>0.000</speed><sat>38</sat></trkpt>
  <trkpt lat="39.07584377" lon="33.40747242"><ele>940.758</ele><time>2026-09-29T07:26:54Z</time><speed>0.000</speed><sat>38</sat></trkpt>
  <trkpt lat="39.07584378" lon="33.40747243"><ele>940.761</ele><time>2026-09-29T07:26:55Z</time><speed>0.000</speed><sat>38</sat></trkpt>
  <trkpt lat="39.07584377" lon="33.40747243"><ele>940.762</ele><time>2026-09-29T07:26:56Z</time><speed>0.000</speed><sat>38</sat></trkpt>
  <trkpt lat="39.07584373" lon="33.40747243"><ele>940.762</ele><time>2026-09-29T07:26:57Z</time><speed>0.000</speed><sat>38</sat></trkpt>
  <trkpt lat="39.07584368" lon="33.40747242"><ele>940.758</ele><time>2026-09-29T07:26:58Z</time><speed>0.000</speed><sat>37</sat></trkpt>
  <trkpt lat="39.07584366" lon="33.40747241"><ele>940.752</ele><time>2026-09-29T07:26:59Z</time><speed>0.000</speed><sat>37</sat></trkpt>
  <trkpt lat="39.07584364" lon="33.40747241"><ele>940.747</ele><time>2026-09-29T07:27:00Z</time><speed>0.000</speed><sat>37</sat></trkpt>
  <trkpt lat="39.07584363" lon="33.40747242"><ele>940.740</ele><time>2026-09-29T07:27:01Z</time><speed>0.000</speed><sat>36</sat></trkpt>
  <trkpt lat="39.07584364" lon="33.40747244"><ele>940.736</ele><time>2026-09-29T07:27:02Z</time><speed>0.000</speed><sat>36</sat></trkpt>
  <trkpt lat="39.07584588" lon="33.40747000"><ele>940.411</ele><time>2026-09-29T07:27:03Z</time><speed>0.410</speed><sat>36</sat></trkpt>
  <trkpt lat="39.07584781" lon="33.40746880"><ele>940.375</ele><time>2026-09-29T07:27:04Z</time><speed>0.000</speed><sat>36</sat></trkpt>
  <trkpt lat="39.07584865" lon="33.40746832"><ele>939.833</ele><time>2026-09-29T07:27:05Z</time><speed>0.270</speed><sat>38</sat></trkpt>
  <trkpt lat="39.07585139" lon="33.40747017"><ele>939.787</ele><time>2026-09-29T07:27:06Z</time><speed>0.520</speed><sat>38</sat></trkpt>
  <trkpt lat="39.07585521" lon="33.40747670"><ele>938.568</ele><time>2026-09-29T07:27:07Z</time><speed>0.950</speed><sat>39</sat></trkpt>
  <trkpt lat="39.07585980" lon="33.40748855"><ele>938.227</ele><time>2026-09-29T07:27:08Z</time><speed>1.090</speed><sat>39</sat></trkpt>
  <trkpt lat="39.07586355" lon="33.40750200"><ele>937.625</ele><time>2026-09-29T07:27:09Z</time><speed>1.050</speed><sat>39</sat></trkpt>
  <trkpt lat="39.07586653" lon="33.40751395"><ele>938.202</ele><time>2026-09-29T07:27:10Z</time><speed>1.020</speed><sat>39</sat></trkpt>
  <trkpt lat="39.07587000" lon="33.40752564"><ele>937.994</ele><time>2026-09-29T07:27:11Z</time><speed>1.070</speed><sat>40</sat></trkpt>
  <trkpt lat="39.07587250" lon="33.40753189"><ele>938.100</ele><time>2026-09-29T07:27:12Z</time><speed>0.480</speed><sat>40</sat></trkpt>
  <trkpt lat="39.07587399" lon="33.40753596"><ele>937.963</ele><time>2026-09-29T07:27:13Z</time><speed>0.570</speed><sat>40</sat></trkpt>
  <trkpt lat="39.07587400" lon="33.40754119"><ele>938.384</ele><time>2026-09-29T07:27:14Z</time><speed>0.520</speed><sat>40</sat></trkpt>
  <trkpt lat="39.07587122" lon="33.40754165"><ele>938.391</ele><time>2026-09-29T07:27:15Z</time><speed>0.000</speed><sat>40</sat></trkpt>
  <trkpt lat="39.07587070" lon="33.40754232"><ele>938.761</ele><time>2026-09-29T07:27:16Z</time><speed>0.000</speed><sat>41</sat></trkpt>
  <trkpt lat="39.07587052" lon="33.40754284"><ele>938.767</ele><time>2026-09-29T07:27:17Z</time><speed>0.000</speed><sat>40</sat></trkpt>
  <trkpt lat="39.07587042" lon="33.40754314"><ele>938.768</ele><time>2026-09-29T07:27:18Z</time><speed>0.000</speed><sat>40</sat></trkpt>
  <trkpt lat="39.07587037" lon="33.40754328"><ele>938.769</ele><time>2026-09-29T07:27:19Z</time><speed>0.000</speed><sat>40</sat></trkpt>
  <trkpt lat="39.07587034" lon="33.40754336"><ele>938.772</ele><time>2026-09-29T07:27:20Z</time><speed>0.000</speed><sat>39</sat></trkpt>
  <trkpt lat="39.07587033" lon="33.40754341"><ele>938.777</ele><time>2026-09-29T07:27:21Z</time><speed>0.000</speed><sat>39</sat></trkpt>
  <trkpt lat="39.07587034" lon="33.40754347"><ele>938.783</ele><time>2026-09-29T07:27:22Z</time><speed>0.000</speed><sat>39</sat></trkpt>
  <trkpt lat="39.07587034" lon="33.40754351"><ele>938.786</ele><time>2026-09-29T07:27:23Z</time><speed>0.000</speed><sat>37</sat></trkpt>
  <trkpt lat="39.07587034" lon="33.40754353"><ele>938.787</ele><time>2026-09-29T07:27:24Z</time><speed>0.000</speed><sat>39</sat></trkpt>
  <trkpt lat="39.07587034" lon="33.40754356"><ele>938.791</ele><time>2026-09-29T07:27:25Z</time><speed>0.000</speed><sat>37</sat></trkpt>
  <trkpt lat="39.07587034" lon="33.40754359"><ele>938.795</ele><time>2026-09-29T07:27:26Z</time><speed>0.000</speed><sat>38</sat></trkpt>
  <trkpt lat="39.07587037" lon="33.40754362"><ele>938.799</ele><time>2026-09-29T07:27:27Z</time><speed>0.000</speed><sat>38</sat></trkpt>
  <trkpt lat="39.07587040" lon="33.40754363"><ele>938.801</ele><time>2026-09-29T07:27:28Z</time><speed>0.000</speed><sat>38</sat></trkpt>
  <trkpt lat="39.07587044" lon="33.40754364"><ele>938.800</ele><time>2026-09-29T07:27:29Z</time><speed>0.000</speed><sat>37</sat></trkpt>
  <trkpt lat="39.07587049" lon="33.40754365"><ele>938.801</ele><time>2026-09-29T07:27:30Z</time><speed>0.000</speed><sat>37</sat></trkpt>
  <trkpt lat="39.07587051" lon="33.40754367"><ele>938.803</ele><time>2026-09-29T07:27:31Z</time><speed>0.000</speed><sat>36</sat></trkpt>
  <trkpt lat="39.07587049" lon="33.40754368"><ele>938.802</ele><time>2026-09-29T07:27:32Z</time><speed>0.000</speed><sat>35</sat></trkpt>
  <trkpt lat="39.07587049" lon="33.40754371"><ele>938.806</ele><time>2026-09-29T07:27:33Z</time><speed>0.000</speed><sat>35</sat></trkpt>
  <trkpt lat="39.07587048" lon="33.40754374"><ele>938.808</ele><time>2026-09-29T07:27:34Z</time><speed>0.000</speed><sat>36</sat></trkpt>
  <trkpt lat="39.07587047" lon="33.40754374"><ele>938.811</ele><time>2026-09-29T07:27:35Z</time><speed>0.000</speed><sat>36</sat></trkpt>
  <trkpt lat="39.07587046" lon="33.40754373"><ele>938.813</ele><time>2026-09-29T07:27:36Z</time><speed>0.000</speed><sat>36</sat></trkpt>
  <trkpt lat="39.07587045" lon="33.40754374"><ele>938.817</ele><time>2026-09-29T07:27:37Z</time><speed>0.000</speed><sat>37</sat></trkpt>
  <trkpt lat="39.07587044" lon="33.40754373"><ele>938.819</ele><time>2026-09-29T07:27:38Z</time><speed>0.000</speed><sat>38</sat></trkpt>
  <trkpt lat="39.07587041" lon="33.40754373"><ele>938.820</ele><time>2026-09-29T07:27:39Z</time><speed>0.000</speed><sat>38</sat></trkpt>
  <trkpt lat="39.07587039" lon="33.40754373"><ele>938.820</ele><time>2026-09-29T07:27:40Z</time><speed>0.000</speed><sat>38</sat></trkpt>
  <trkpt lat="39.07587035" lon="33.40754373"><ele>938.821</ele><time>2026-09-29T07:27:41Z</time><speed>0.000</speed><sat>38</sat></trkpt>
  <trkpt lat="39.07587033" lon="33.40754373"><ele>938.822</ele><time>2026-09-29T07:27:42Z</time><speed>0.000</speed><sat>38</sat></trkpt>
  <trkpt lat="39.07587032" lon="33.40754373"><ele>938.826</ele><time>2026-09-29T07:27:43Z</time><speed>0.000</speed><sat>36</sat></trkpt>
  <trkpt lat="39.07587029" lon="33.40754373"><ele>938.828</ele><time>2026-09-29T07:27:44Z</time><speed>0.000</speed><sat>35</sat></trkpt>
  <trkpt lat="39.07587026" lon="33.40754371"><ele>938.831</ele><time>2026-09-29T07:27:45Z</time><speed>0.000</speed><sat>36</sat></trkpt>
  <trkpt lat="39.07587024" lon="33.40754371"><ele>938.836</ele><time>2026-09-29T07:27:46Z</time><speed>0.000</speed><sat>37</sat></trkpt>
  <trkpt lat="39.07587022" lon="33.40754372"><ele>938.842</ele><time>2026-09-29T07:27:47Z</time><speed>0.000</speed><sat>37</sat></trkpt>
  <trkpt lat="39.07587021" lon="33.40754374"><ele>938.847</ele><time>2026-09-29T07:27:48Z</time><speed>0.000</speed><sat>37</sat></trkpt>
  <trkpt lat="39.07587021" lon="33.40754375"><ele>938.850</ele><time>2026-09-29T07:27:49Z</time><speed>0.000</speed><sat>37</sat></trkpt>
  <trkpt lat="39.07587020" lon="33.40754376"><ele>938.854</ele><time>2026-09-29T07:27:50Z</time><speed>0.000</speed><sat>37</sat></trkpt>
  <trkpt lat="39.07587020" lon="33.40754375"><ele>938.855</ele><time>2026-09-29T07:27:51Z</time><speed>0.000</speed><sat>36</sat></trkpt>
  <trkpt lat="39.07587020" lon="33.40754376"><ele>938.854</ele><time>2026-09-29T07:27:52Z</time><speed>0.000</speed><sat>36</sat></trkpt>
  <trkpt lat="39.07587019" lon="33.40754377"><ele>938.857</ele><time>2026-09-29T07:27:53Z</time><speed>0.000</speed><sat>36</sat></trkpt>
  <trkpt lat="39.07587018" lon="33.40754377"><ele>938.856</ele><time>2026-09-29T07:27:54Z</time><speed>0.000</speed><sat>36</sat></trkpt>
  <trkpt lat="39.07587019" lon="33.40754378"><ele>938.861</ele><time>2026-09-29T07:27:55Z</time><speed>0.000</speed><sat>37</sat></trkpt>
  <trkpt lat="39.07587020" lon="33.40754380"><ele>938.866</ele><time>2026-09-29T07:27:56Z</time><speed>0.000</speed><sat>38</sat></trkpt>
  <trkpt lat="39.07587021" lon="33.40754382"><ele>938.867</ele><time>2026-09-29T07:27:57Z</time><speed>0.000</speed><sat>38</sat></trkpt>
  <trkpt lat="39.07587021" lon="33.40754383"><ele>938.871</ele><time>2026-09-29T07:27:58Z</time><speed>0.000</speed><sat>37</sat></trkpt>
  <trkpt lat="39.07587021" lon="33.40754385"><ele>938.873</ele><time>2026-09-29T07:27:59Z</time><speed>0.000</speed><sat>37</sat></trkpt>
  <trkpt lat="39.07587021" lon="33.40754386"><ele>938.872</ele><time>2026-09-29T07:28:00Z</time><speed>0.000</speed><sat>39</sat></trkpt>
  <trkpt lat="39.07587034" lon="33.40754347"><ele>938.372</ele><time>2026-09-29T07:28:01Z</time><speed>0.160</speed><sat>39</sat></trkpt>
  <trkpt lat="39.07587034" lon="33.40753926"><ele>938.826</ele><time>2026-09-29T07:28:02Z</time><speed>0.400</speed><sat>39</sat></trkpt>
  <trkpt lat="39.07586972" lon="33.40753674"><ele>940.179</ele><time>2026-09-29T07:28:03Z</time><speed>0.000</speed><sat>40</sat></trkpt>
  <trkpt lat="39.07586862" lon="33.40753433"><ele>940.270</ele><time>2026-09-29T07:28:04Z</time><speed>0.400</speed><sat>41</sat></trkpt>
  <trkpt lat="39.07586709" lon="33.40753190"><ele>940.457</ele><time>2026-09-29T07:28:05Z</time><speed>0.210</speed><sat>41</sat></trkpt>
  <trkpt lat="39.07586736" lon="33.40753161"><ele>940.460</ele><time>2026-09-29T07:28:06Z</time><speed>0.000</speed><sat>41</sat></trkpt>
  <trkpt lat="39.07586788" lon="33.40753168"><ele>940.462</ele><time>2026-09-29T07:28:07Z</time><speed>0.000</speed><sat>41</sat></trkpt>
  <trkpt lat="39.07586809" lon="33.40753169"><ele>940.463</ele><time>2026-09-29T07:28:08Z</time><speed>0.000</speed><sat>41</sat></trkpt>
  <trkpt lat="39.07586817" lon="33.40753172"><ele>940.472</ele><time>2026-09-29T07:28:09Z</time><speed>0.000</speed><sat>41</sat></trkpt>
  <trkpt lat="39.07586874" lon="33.40753294"><ele>941.202</ele><time>2026-09-29T07:28:10Z</time><speed>0.000</speed><sat>41</sat></trkpt>
  <trkpt lat="39.07586967" lon="33.40753437"><ele>941.229</ele><time>2026-09-29T07:28:11Z</time><speed>0.000</speed><sat>41</sat></trkpt>
  <trkpt lat="39.07587047" lon="33.40753529"><ele>941.240</ele><time>2026-09-29T07:28:12Z</time><speed>0.000</speed><sat>41</sat></trkpt>
  <trkpt lat="39.07587089" lon="33.40753579"><ele>941.250</ele><time>2026-09-29T07:28:13Z</time><speed>0.000</speed><sat>41</sat></trkpt>
  <trkpt lat="39.07587024" lon="33.40753577"><ele>941.584</ele><time>2026-09-29T07:28:14Z</time><speed>0.000</speed><sat>41</sat></trkpt>
  <trkpt lat="39.07586966" lon="33.40753480"><ele>941.691</ele><time>2026-09-29T07:28:15Z</time><speed>0.000</speed><sat>41</sat></trkpt>
  <trkpt lat="39.07586878" lon="33.40753449"><ele>941.694</ele><time>2026-09-29T07:28:16Z</time><speed>0.000</speed><sat>41</sat></trkpt>
  <trkpt lat="39.07586825" lon="33.40753460"><ele>941.692</ele><time>2026-09-29T07:28:17Z</time><speed>0.000</speed><sat>40</sat></trkpt>
  <trkpt lat="39.07586837" lon="33.40753461"><ele>941.626</ele><time>2026-09-29T07:28:18Z</time><speed>0.000</speed><sat>40</sat></trkpt>
  <trkpt lat="39.07586851" lon="33.40753491"><ele>941.625</ele><time>2026-09-29T07:28:19Z</time><speed>0.000</speed><sat>41</sat></trkpt>
  <trkpt lat="39.07586858" lon="33.40753419"><ele>941.605</ele><time>2026-09-29T07:28:20Z</time><speed>0.000</speed><sat>41</sat></trkpt>
  <trkpt lat="39.07586857" lon="33.40753386"><ele>941.617</ele><time>2026-09-29T07:28:21Z</time><speed>0.000</speed><sat>41</sat></trkpt>
  <trkpt lat="39.07586850" lon="33.40753405"><ele>941.622</ele><time>2026-09-29T07:28:22Z</time><speed>0.000</speed><sat>41</sat></trkpt>
  <trkpt lat="39.07586741" lon="33.40753427"><ele>941.793</ele><time>2026-09-29T07:28:23Z</time><speed>0.200</speed><sat>41</sat></trkpt>
  <trkpt lat="39.07586695" lon="33.40753518"><ele>941.767</ele><time>2026-09-29T07:28:24Z</time><speed>0.000</speed><sat>41</sat></trkpt>
  <trkpt lat="39.07586696" lon="33.40753613"><ele>941.738</ele><time>2026-09-29T07:28:25Z</time><speed>0.000</speed><sat>41</sat></trkpt>
  <trkpt lat="39.07586494" lon="33.40753865"><ele>941.615</ele><time>2026-09-29T07:28:26Z</time><speed>0.250</speed><sat>41</sat></trkpt>
  <trkpt lat="39.07586312" lon="33.40754267"><ele>941.677</ele><time>2026-09-29T07:28:27Z</time><speed>0.320</speed><sat>41</sat></trkpt>
  <trkpt lat="39.07586256" lon="33.40754682"><ele>941.156</ele><time>2026-09-29T07:28:28Z</time><speed>0.300</speed><sat>41</sat></trkpt>
  <trkpt lat="39.07586865" lon="33.40754958"><ele>940.989</ele><time>2026-09-29T07:28:29Z</time><speed>1.060</speed><sat>39</sat></trkpt>
  <trkpt lat="39.07588056" lon="33.40754923"><ele>941.345</ele><time>2026-09-29T07:28:30Z</time><speed>1.360</speed><sat>39</sat></trkpt>
  <trkpt lat="39.07589069" lon="33.40754228"><ele>941.703</ele><time>2026-09-29T07:28:31Z</time><speed>1.120</speed><sat>40</sat></trkpt>
  <trkpt lat="39.07590017" lon="33.40753655"><ele>941.340</ele><time>2026-09-29T07:28:32Z</time><speed>1.150</speed><sat>41</sat></trkpt>
  <trkpt lat="39.07590772" lon="33.40752780"><ele>941.412</ele><time>2026-09-29T07:28:33Z</time><speed>1.170</speed><sat>41</sat></trkpt>
  <trkpt lat="39.07591389" lon="33.40751612"><ele>942.134</ele><time>2026-09-29T07:28:34Z</time><speed>1.020</speed><sat>41</sat></trkpt>
  <trkpt lat="39.07591868" lon="33.40750586"><ele>942.509</ele><time>2026-09-29T07:28:35Z</time><speed>1.020</speed><sat>41</sat></trkpt>
  <trkpt lat="39.07592032" lon="33.40749360"><ele>943.994</ele><time>2026-09-29T07:28:36Z</time><speed>0.970</speed><sat>41</sat></trkpt>
  <trkpt lat="39.07592000" lon="33.40748082"><ele>944.205</ele><time>2026-09-29T07:28:37Z</time><speed>0.790</speed><sat>41</sat></trkpt>
  <trkpt lat="39.07591634" lon="33.40747192"><ele>944.653</ele><time>2026-09-29T07:28:38Z</time><speed>0.390</speed><sat>41</sat></trkpt>
  <trkpt lat="39.07590652" lon="33.40746529"><ele>944.637</ele><time>2026-09-29T07:28:39Z</time><speed>0.000</speed><sat>41</sat></trkpt>
  <trkpt lat="39.07590363" lon="33.40746198"><ele>944.465</ele><time>2026-09-29T07:28:40Z</time><speed>0.310</speed><sat>41</sat></trkpt>
  <trkpt lat="39.07590195" lon="33.40745523"><ele>944.267</ele><time>2026-09-29T07:28:41Z</time><speed>0.790</speed><sat>41</sat></trkpt>
  <trkpt lat="39.07590043" lon="33.40744451"><ele>944.331</ele><time>2026-09-29T07:28:42Z</time><speed>0.990</speed><sat>41</sat></trkpt>
  <trkpt lat="39.07589777" lon="33.40743246"><ele>944.394</ele><time>2026-09-29T07:28:43Z</time><speed>1.110</speed><sat>41</sat></trkpt>
  <trkpt lat="39.07589230" lon="33.40742246"><ele>944.487</ele><time>2026-09-29T07:28:44Z</time><speed>1.020</speed><sat>41</sat></trkpt>
  <trkpt lat="39.07588619" lon="33.40741500"><ele>944.766</ele><time>2026-09-29T07:28:45Z</time><speed>0.810</speed><sat>41</sat></trkpt>
  <trkpt lat="39.07587997" lon="33.40740905"><ele>944.751</ele><time>2026-09-29T07:28:46Z</time><speed>0.880</speed><sat>41</sat></trkpt>
  <trkpt lat="39.07587284" lon="33.40740283"><ele>944.927</ele><time>2026-09-29T07:28:47Z</time><speed>1.000</speed><sat>41</sat></trkpt>
  <trkpt lat="39.07586736" lon="33.40740126"><ele>944.992</ele><time>2026-09-29T07:28:48Z</time><speed>0.630</speed><sat>41</sat></trkpt>
  <trkpt lat="39.07586487" lon="33.40740351"><ele>945.131</ele><time>2026-09-29T07:28:49Z</time><speed>0.380</speed><sat>41</sat></trkpt>
  <trkpt lat="39.07586786" lon="33.40740913"><ele>945.151</ele><time>2026-09-29T07:28:50Z</time><speed>0.000</speed><sat>41</sat></trkpt>
  <trkpt lat="39.07586944" lon="33.40741034"><ele>945.292</ele><time>2026-09-29T07:28:51Z</time><speed>0.290</speed><sat>41</sat></trkpt>
  <trkpt lat="39.07587114" lon="33.40740925"><ele>945.425</ele><time>2026-09-29T07:28:52Z</time><speed>0.280</speed><sat>41</sat></trkpt>
  <trkpt lat="39.07587150" lon="33.40740721"><ele>945.431</ele><time>2026-09-29T07:28:53Z</time><speed>0.000</speed><sat>41</sat></trkpt>
  <trkpt lat="39.07587135" lon="33.40740674"><ele>945.436</ele><time>2026-09-29T07:28:54Z</time><speed>0.000</speed><sat>41</sat></trkpt>
  <trkpt lat="39.07587156" lon="33.40740680"><ele>945.291</ele><time>2026-09-29T07:28:55Z</time><speed>0.150</speed><sat>41</sat></trkpt>
  <trkpt lat="39.07587194" lon="33.40740660"><ele>945.602</ele><time>2026-09-29T07:28:56Z</time><speed>0.000</speed><sat>41</sat></trkpt>
  <trkpt lat="39.07587225" lon="33.40740797"><ele>945.622</ele><time>2026-09-29T07:28:57Z</time><speed>0.000</speed><sat>41</sat></trkpt>
  <trkpt lat="39.07587229" lon="33.40740883"><ele>945.633</ele><time>2026-09-29T07:28:58Z</time><speed>0.000</speed><sat>41</sat></trkpt>
  <trkpt lat="39.07587235" lon="33.40740927"><ele>945.640</ele><time>2026-09-29T07:28:59Z</time><speed>0.000</speed><sat>41</sat></trkpt>
  <trkpt lat="39.07586867" lon="33.40741201"><ele>945.333</ele><time>2026-09-29T07:29:00Z</time><speed>0.730</speed><sat>41</sat></trkpt>
  <trkpt lat="39.07586625" lon="33.40741432"><ele>945.125</ele><time>2026-09-29T07:29:01Z</time><speed>0.350</speed><sat>41</sat></trkpt>
  <trkpt lat="39.07586549" lon="33.40741454"><ele>945.173</ele><time>2026-09-29T07:29:02Z</time><speed>0.150</speed><sat>41</sat></trkpt>
  <trkpt lat="39.07586750" lon="33.40741197"><ele>945.184</ele><time>2026-09-29T07:29:03Z</time><speed>0.000</speed><sat>41</sat></trkpt>
  <trkpt lat="39.07586878" lon="33.40741045"><ele>945.193</ele><time>2026-09-29T07:29:04Z</time><speed>0.000</speed><sat>41</sat></trkpt>
  <trkpt lat="39.07587090" lon="33.40740736"><ele>945.167</ele><time>2026-09-29T07:29:05Z</time><speed>0.360</speed><sat>41</sat></trkpt>
  <trkpt lat="39.07587234" lon="33.40740446"><ele>945.155</ele><time>2026-09-29T07:29:06Z</time><speed>0.000</speed><sat>41</sat></trkpt>
  <trkpt lat="39.07587254" lon="33.40740400"><ele>945.379</ele><time>2026-09-29T07:29:07Z</time><speed>0.000</speed><sat>41</sat></trkpt>
  <trkpt lat="39.07587257" lon="33.40740373"><ele>945.385</ele><time>2026-09-29T07:29:08Z</time><speed>0.000</speed><sat>41</sat></trkpt>
  <trkpt lat="39.07587263" lon="33.40740408"><ele>945.156</ele><time>2026-09-29T07:29:09Z</time><speed>0.000</speed><sat>41</sat></trkpt>
  <trkpt lat="39.07587171" lon="33.40740484"><ele>945.160</ele><time>2026-09-29T07:29:10Z</time><speed>0.180</speed><sat>41</sat></trkpt>
  <trkpt lat="39.07586966" lon="33.40740688"><ele>945.148</ele><time>2026-09-29T07:29:11Z</time><speed>0.200</speed><sat>41</sat></trkpt>
  <trkpt lat="39.07586696" lon="33.40740753"><ele>945.058</ele><time>2026-09-29T07:29:12Z</time><speed>0.220</speed><sat>41</sat></trkpt>
  <trkpt lat="39.07586341" lon="33.40740733"><ele>944.781</ele><time>2026-09-29T07:29:13Z</time><speed>0.360</speed><sat>41</sat></trkpt>
  <trkpt lat="39.07585845" lon="33.40740402"><ele>944.660</ele><time>2026-09-29T07:29:14Z</time><speed>0.670</speed><sat>40</sat></trkpt>
  <trkpt lat="39.07585458" lon="33.40739777"><ele>944.613</ele><time>2026-09-29T07:29:15Z</time><speed>0.630</speed><sat>40</sat></trkpt>
  <trkpt lat="39.07585373" lon="33.40739146"><ele>944.559</ele><time>2026-09-29T07:29:16Z</time><speed>0.520</speed><sat>40</sat></trkpt>
  <trkpt lat="39.07585534" lon="33.40738828"><ele>944.632</ele><time>2026-09-29T07:29:17Z</time><speed>0.320</speed><sat>41</sat></trkpt>
  <trkpt lat="39.07585837" lon="33.40738758"><ele>944.688</ele><time>2026-09-29T07:29:18Z</time><speed>0.000</speed><sat>41</sat></trkpt>
  <trkpt lat="39.07586049" lon="33.40738845"><ele>944.689</ele><time>2026-09-29T07:29:19Z</time><speed>0.000</speed><sat>41</sat></trkpt>
  <trkpt lat="39.07585914" lon="33.40738957"><ele>944.996</ele><time>2026-09-29T07:29:20Z</time><speed>0.550</speed><sat>41</sat></trkpt>
  <trkpt lat="39.07585401" lon="33.40738874"><ele>944.629</ele><time>2026-09-29T07:29:21Z</time><speed>0.730</speed><sat>41</sat></trkpt>
  <trkpt lat="39.07584756" lon="33.40738671"><ele>944.539</ele><time>2026-09-29T07:29:22Z</time><speed>0.850</speed><sat>41</sat></trkpt>
  <trkpt lat="39.07584051" lon="33.40738325"><ele>944.663</ele><time>2026-09-29T07:29:23Z</time><speed>0.940</speed><sat>40</sat></trkpt>
  <trkpt lat="39.07583401" lon="33.40737800"><ele>944.582</ele><time>2026-09-29T07:29:24Z</time><speed>0.900</speed><sat>41</sat></trkpt>
  <trkpt lat="39.07582828" lon="33.40737221"><ele>944.928</ele><time>2026-09-29T07:29:25Z</time><speed>0.840</speed><sat>41</sat></trkpt>
  <trkpt lat="39.07582287" lon="33.40736460"><ele>945.062</ele><time>2026-09-29T07:29:26Z</time><speed>0.990</speed><sat>41</sat></trkpt>
  <trkpt lat="39.07581811" lon="33.40735683"><ele>945.007</ele><time>2026-09-29T07:29:27Z</time><speed>0.730</speed><sat>41</sat></trkpt>
  <trkpt lat="39.07581441" lon="33.40735260"><ele>944.791</ele><time>2026-09-29T07:29:28Z</time><speed>0.510</speed><sat>41</sat></trkpt>
  <trkpt lat="39.07581147" lon="33.40734957"><ele>944.768</ele><time>2026-09-29T07:29:29Z</time><speed>0.460</speed><sat>41</sat></trkpt>
  <trkpt lat="39.07580897" lon="33.40734840"><ele>944.640</ele><time>2026-09-29T07:29:30Z</time><speed>0.260</speed><sat>41</sat></trkpt>
  <trkpt lat="39.07580782" lon="33.40734803"><ele>943.795</ele><time>2026-09-29T07:29:31Z</time><speed>0.000</speed><sat>41</sat></trkpt>
  <trkpt lat="39.07580771" lon="33.40734867"><ele>944.131</ele><time>2026-09-29T07:29:32Z</time><speed>0.000</speed><sat>41</sat></trkpt>
  <trkpt lat="39.07580759" lon="33.40734777"><ele>944.734</ele><time>2026-09-29T07:29:33Z</time><speed>0.280</speed><sat>41</sat></trkpt>
  <trkpt lat="39.07580926" lon="33.40734787"><ele>944.730</ele><time>2026-09-29T07:29:34Z</time><speed>0.000</speed><sat>41</sat></trkpt>
  <trkpt lat="39.07581030" lon="33.40734869"><ele>944.730</ele><time>2026-09-29T07:29:35Z</time><speed>0.000</speed><sat>41</sat></trkpt>
  <trkpt lat="39.07581083" lon="33.40734908"><ele>944.729</ele><time>2026-09-29T07:29:36Z</time><speed>0.000</speed><sat>41</sat></trkpt>
  <trkpt lat="39.07581109" lon="33.40734926"><ele>944.727</ele><time>2026-09-29T07:29:37Z</time><speed>0.000</speed><sat>41</sat></trkpt>
  <trkpt lat="39.07581123" lon="33.40734935"><ele>944.726</ele><time>2026-09-29T07:29:38Z</time><speed>0.000</speed><sat>41</sat></trkpt>
  <trkpt lat="39.07581130" lon="33.40734939"><ele>944.726</ele><time>2026-09-29T07:29:39Z</time><speed>0.000</speed><sat>41</sat></trkpt>
  <trkpt lat="39.07581134" lon="33.40734940"><ele>944.727</ele><time>2026-09-29T07:29:40Z</time><speed>0.000</speed><sat>41</sat></trkpt>
  <trkpt lat="39.07581139" lon="33.40734891"><ele>944.835</ele><time>2026-09-29T07:29:41Z</time><speed>0.160</speed><sat>41</sat></trkpt>
  <trkpt lat="39.07581146" lon="33.40734887"><ele>944.836</ele><time>2026-09-29T07:29:42Z</time><speed>0.000</speed><sat>41</sat></trkpt>
  <trkpt lat="39.07581151" lon="33.40734930"><ele>944.835</ele><time>2026-09-29T07:29:43Z</time><speed>0.000</speed><sat>41</sat></trkpt>
  <trkpt lat="39.07581152" lon="33.40734949"><ele>944.834</ele><time>2026-09-29T07:29:44Z</time><speed>0.000</speed><sat>41</sat></trkpt>
  <trkpt lat="39.07581153" lon="33.40734956"><ele>944.833</ele><time>2026-09-29T07:29:45Z</time><speed>0.000</speed><sat>41</sat></trkpt>
  <trkpt lat="39.07581153" lon="33.40734958"><ele>944.830</ele><time>2026-09-29T07:29:46Z</time><speed>0.000</speed><sat>41</sat></trkpt>
  <trkpt lat="39.07581152" lon="33.40734955"><ele>944.827</ele><time>2026-09-29T07:29:47Z</time><speed>0.000</speed><sat>41</sat></trkpt>
  <trkpt lat="39.07581151" lon="33.40734951"><ele>944.827</ele><time>2026-09-29T07:29:48Z</time><speed>0.000</speed><sat>41</sat></trkpt>
  <trkpt lat="39.07581150" lon="33.40734947"><ele>944.825</ele><time>2026-09-29T07:29:49Z</time><speed>0.000</speed><sat>41</sat></trkpt>
  <trkpt lat="39.07581149" lon="33.40734944"><ele>944.823</ele><time>2026-09-29T07:29:50Z</time><speed>0.000</speed><sat>40</sat></trkpt>
  <trkpt lat="39.07581149" lon="33.40734942"><ele>944.824</ele><time>2026-09-29T07:29:51Z</time><speed>0.000</speed><sat>40</sat></trkpt>
  <trkpt lat="39.07581117" lon="33.40734932"><ele>944.753</ele><time>2026-09-29T07:29:52Z</time><speed>0.200</speed><sat>39</sat></trkpt>
  <trkpt lat="39.07581084" lon="33.40734988"><ele>944.752</ele><time>2026-09-29T07:29:53Z</time><speed>0.000</speed><sat>40</sat></trkpt>
  <trkpt lat="39.07581085" lon="33.40734791"><ele>944.956</ele><time>2026-09-29T07:29:54Z</time><speed>0.280</speed><sat>40</sat></trkpt>
  <trkpt lat="39.07581078" lon="33.40734671"><ele>944.964</ele><time>2026-09-29T07:29:55Z</time><speed>0.000</speed><sat>40</sat></trkpt>
  <trkpt lat="39.07581069" lon="33.40734687"><ele>944.964</ele><time>2026-09-29T07:29:56Z</time><speed>0.000</speed><sat>40</sat></trkpt>
  <trkpt lat="39.07581065" lon="33.40734692"><ele>944.963</ele><time>2026-09-29T07:29:57Z</time><speed>0.000</speed><sat>40</sat></trkpt>
  <trkpt lat="39.07580951" lon="33.40734797"><ele>945.002</ele><time>2026-09-29T07:29:58Z</time><speed>0.190</speed><sat>40</sat></trkpt>
  <trkpt lat="39.07580873" lon="33.40734895"><ele>945.011</ele><time>2026-09-29T07:29:59Z</time><speed>0.000</speed><sat>40</sat></trkpt>
  <trkpt lat="39.07580872" lon="33.40734931"><ele>945.013</ele><time>2026-09-29T07:30:00Z</time><speed>0.000</speed><sat>40</sat></trkpt>
  <trkpt lat="39.07580869" lon="33.40734951"><ele>945.015</ele><time>2026-09-29T07:30:01Z</time><speed>0.000</speed><sat>40</sat></trkpt>
  <trkpt lat="39.07580866" lon="33.40734963"><ele>945.017</ele><time>2026-09-29T07:30:02Z</time><speed>0.000</speed><sat>40</sat></trkpt>
  <trkpt lat="39.07580862" lon="33.40734971"><ele>945.019</ele><time>2026-09-29T07:30:03Z</time><speed>0.000</speed><sat>40</sat></trkpt>
  <trkpt lat="39.07580746" lon="33.40734870"><ele>944.989</ele><time>2026-09-29T07:30:04Z</time><speed>0.200</speed><sat>40</sat></trkpt>
  <trkpt lat="39.07580684" lon="33.40734652"><ele>945.432</ele><time>2026-09-29T07:30:05Z</time><speed>0.260</speed><sat>40</sat></trkpt>
  <trkpt lat="39.07580733" lon="33.40734619"><ele>945.381</ele><time>2026-09-29T07:30:06Z</time><speed>0.000</speed><sat>40</sat></trkpt>
  <trkpt lat="39.07580798" lon="33.40734661"><ele>945.384</ele><time>2026-09-29T07:30:07Z</time><speed>0.000</speed><sat>40</sat></trkpt>
  <trkpt lat="39.07580832" lon="33.40734679"><ele>945.388</ele><time>2026-09-29T07:30:08Z</time><speed>0.000</speed><sat>40</sat></trkpt>
  <trkpt lat="39.07580848" lon="33.40734685"><ele>945.389</ele><time>2026-09-29T07:30:09Z</time><speed>0.000</speed><sat>40</sat></trkpt>
  <trkpt lat="39.07580856" lon="33.40734688"><ele>945.390</ele><time>2026-09-29T07:30:10Z</time><speed>0.000</speed><sat>40</sat></trkpt>
  <trkpt lat="39.07580813" lon="33.40734544"><ele>945.666</ele><time>2026-09-29T07:30:11Z</time><speed>0.000</speed><sat>40</sat></trkpt>
  <trkpt lat="39.07580774" lon="33.40734429"><ele>945.674</ele><time>2026-09-29T07:30:12Z</time><speed>0.000</speed><sat>40</sat></trkpt>
  <trkpt lat="39.07580881" lon="33.40734422"><ele>945.514</ele><time>2026-09-29T07:30:13Z</time><speed>0.000</speed><sat>40</sat></trkpt>
  <trkpt lat="39.07580981" lon="33.40734454"><ele>945.509</ele><time>2026-09-29T07:30:14Z</time><speed>0.000</speed><sat>40</sat></trkpt>
  <trkpt lat="39.07581024" lon="33.40734509"><ele>945.507</ele><time>2026-09-29T07:30:15Z</time><speed>0.000</speed><sat>40</sat></trkpt>
  <trkpt lat="39.07580977" lon="33.40734483"><ele>945.256</ele><time>2026-09-29T07:30:16Z</time><speed>0.000</speed><sat>40</sat></trkpt>
  <trkpt lat="39.07580941" lon="33.40734487"><ele>945.255</ele><time>2026-09-29T07:30:17Z</time><speed>0.000</speed><sat>40</sat></trkpt>
  <trkpt lat="39.07580920" lon="33.40734648"><ele>945.021</ele><time>2026-09-29T07:30:18Z</time><speed>0.160</speed><sat>40</sat></trkpt>
  <trkpt lat="39.07580891" lon="33.40734777"><ele>944.595</ele><time>2026-09-29T07:30:19Z</time><speed>0.000</speed><sat>39</sat></trkpt>
  <trkpt lat="39.07580892" lon="33.40734811"><ele>944.583</ele><time>2026-09-29T07:30:20Z</time><speed>0.000</speed><sat>39</sat></trkpt>
  <trkpt lat="39.07580899" lon="33.40734811"><ele>944.580</ele><time>2026-09-29T07:30:21Z</time><speed>0.000</speed><sat>40</sat></trkpt>
  <trkpt lat="39.07580899" lon="33.40734809"><ele>944.579</ele><time>2026-09-29T07:30:22Z</time><speed>0.000</speed><sat>40</sat></trkpt>
  <trkpt lat="39.07580897" lon="33.40734808"><ele>944.578</ele><time>2026-09-29T07:30:23Z</time><speed>0.000</speed><sat>40</sat></trkpt>
  <trkpt lat="39.07580897" lon="33.40734808"><ele>944.578</ele><time>2026-09-29T07:30:24Z</time><speed>0.000</speed><sat>40</sat></trkpt>
  <trkpt lat="39.07580896" lon="33.40734810"><ele>944.578</ele><time>2026-09-29T07:30:25Z</time><speed>0.000</speed><sat>40</sat></trkpt>
  <trkpt lat="39.07580866" lon="33.40734754"><ele>944.588</ele><time>2026-09-29T07:30:26Z</time><speed>0.200</speed><sat>39</sat></trkpt>
  <trkpt lat="39.07580918" lon="33.40734363"><ele>944.394</ele><time>2026-09-29T07:30:27Z</time><speed>0.430</speed><sat>40</sat></trkpt>
  <trkpt lat="39.07581326" lon="33.40733994"><ele>944.279</ele><time>2026-09-29T07:30:28Z</time><speed>0.580</speed><sat>40</sat></trkpt>
  <trkpt lat="39.07581665" lon="33.40733896"><ele>944.709</ele><time>2026-09-29T07:30:29Z</time><speed>0.200</speed><sat>40</sat></trkpt>
  <trkpt lat="39.07581745" lon="33.40733986"><ele>944.388</ele><time>2026-09-29T07:30:30Z</time><speed>0.000</speed><sat>40</sat></trkpt>
  <trkpt lat="39.07581666" lon="33.40734120"><ele>944.416</ele><time>2026-09-29T07:30:31Z</time><speed>0.000</speed><sat>40</sat></trkpt>
  <trkpt lat="39.07581639" lon="33.40734247"><ele>944.032</ele><time>2026-09-29T07:30:32Z</time><speed>0.000</speed><sat>40</sat></trkpt>
  <trkpt lat="39.07581602" lon="33.40734327"><ele>943.978</ele><time>2026-09-29T07:30:33Z</time><speed>0.000</speed><sat>40</sat></trkpt>
  <trkpt lat="39.07581595" lon="33.40735001"><ele>943.767</ele><time>2026-09-29T07:30:34Z</time><speed>0.960</speed><sat>40</sat></trkpt>
  <trkpt lat="39.07581473" lon="33.40735698"><ele>943.792</ele><time>2026-09-29T07:30:35Z</time><speed>0.380</speed><sat>40</sat></trkpt>
  <trkpt lat="39.07581385" lon="33.40735870"><ele>943.645</ele><time>2026-09-29T07:30:36Z</time><speed>0.000</speed><sat>40</sat></trkpt>
  <trkpt lat="39.07581283" lon="33.40735682"><ele>943.618</ele><time>2026-09-29T07:30:37Z</time><speed>0.000</speed><sat>40</sat></trkpt>
  <trkpt lat="39.07581234" lon="33.40735557"><ele>943.621</ele><time>2026-09-29T07:30:38Z</time><speed>0.000</speed><sat>40</sat></trkpt>
  <trkpt lat="39.07581211" lon="33.40735492"><ele>943.624</ele><time>2026-09-29T07:30:39Z</time><speed>0.000</speed><sat>39</sat></trkpt>
  <trkpt lat="39.07581199" lon="33.40735459"><ele>943.623</ele><time>2026-09-29T07:30:40Z</time><speed>0.000</speed><sat>39</sat></trkpt>
  <trkpt lat="39.07581193" lon="33.40735443"><ele>943.623</ele><time>2026-09-29T07:30:41Z</time><speed>0.000</speed><sat>33</sat></trkpt>
  <trkpt lat="39.07581189" lon="33.40735435"><ele>943.625</ele><time>2026-09-29T07:30:42Z</time><speed>0.000</speed><sat>32</sat></trkpt>
  <trkpt lat="39.07581187" lon="33.40735430"><ele>943.627</ele><time>2026-09-29T07:30:43Z</time><speed>0.000</speed><sat>32</sat></trkpt>
  <trkpt lat="39.07581184" lon="33.40735427"><ele>943.629</ele><time>2026-09-29T07:30:44Z</time><speed>0.000</speed><sat>32</sat></trkpt>
  <trkpt lat="39.07581182" lon="33.40735425"><ele>943.629</ele><time>2026-09-29T07:30:45Z</time><speed>0.000</speed><sat>31</sat></trkpt>
  <trkpt lat="39.07581182" lon="33.40735424"><ele>943.629</ele><time>2026-09-29T07:30:46Z</time><speed>0.000</speed><sat>31</sat></trkpt>
  <trkpt lat="39.07581181" lon="33.40735423"><ele>943.630</ele><time>2026-09-29T07:30:47Z</time><speed>0.000</speed><sat>31</sat></trkpt>
  <trkpt lat="39.07581179" lon="33.40735421"><ele>943.630</ele><time>2026-09-29T07:30:48Z</time><speed>0.000</speed><sat>31</sat></trkpt>
  <trkpt lat="39.07581177" lon="33.40735419"><ele>943.631</ele><time>2026-09-29T07:30:49Z</time><speed>0.000</speed><sat>32</sat></trkpt>
  <trkpt lat="39.07581153" lon="33.40735421"><ele>943.953</ele><time>2026-09-29T07:30:50Z</time><speed>0.000</speed><sat>32</sat></trkpt>
  <trkpt lat="39.07580907" lon="33.40735730"><ele>944.616</ele><time>2026-09-29T07:30:51Z</time><speed>0.510</speed><sat>32</sat></trkpt>
  <trkpt lat="39.07580778" lon="33.40735906"><ele>944.853</ele><time>2026-09-29T07:30:52Z</time><speed>0.000</speed><sat>31</sat></trkpt>
  <trkpt lat="39.07580869" lon="33.40735693"><ele>944.731</ele><time>2026-09-29T07:30:53Z</time><speed>0.000</speed><sat>32</sat></trkpt>
  <trkpt lat="39.07580932" lon="33.40735560"><ele>944.732</ele><time>2026-09-29T07:30:54Z</time><speed>0.000</speed><sat>33</sat></trkpt>
  <trkpt lat="39.07580960" lon="33.40735490"><ele>944.734</ele><time>2026-09-29T07:30:55Z</time><speed>0.000</speed><sat>33</sat></trkpt>
  <trkpt lat="39.07580975" lon="33.40735456"><ele>944.736</ele><time>2026-09-29T07:30:56Z</time><speed>0.000</speed><sat>33</sat></trkpt>
  <trkpt lat="39.07580982" lon="33.40735438"><ele>944.737</ele><time>2026-09-29T07:30:57Z</time><speed>0.000</speed><sat>33</sat></trkpt>
  <trkpt lat="39.07580984" lon="33.40735428"><ele>944.739</ele><time>2026-09-29T07:30:58Z</time><speed>0.000</speed><sat>33</sat></trkpt>
  <trkpt lat="39.07580985" lon="33.40735424"><ele>944.742</ele><time>2026-09-29T07:30:59Z</time><speed>0.000</speed><sat>32</sat></trkpt>
  <trkpt lat="39.07580986" lon="33.40735421"><ele>944.746</ele><time>2026-09-29T07:31:00Z</time><speed>0.000</speed><sat>34</sat></trkpt>
  <trkpt lat="39.07580989" lon="33.40735420"><ele>944.748</ele><time>2026-09-29T07:31:01Z</time><speed>0.000</speed><sat>34</sat></trkpt>
  <trkpt lat="39.07581056" lon="33.40735773"><ele>944.926</ele><time>2026-09-29T07:31:02Z</time><speed>0.360</speed><sat>32</sat></trkpt>
  <trkpt lat="39.07580987" lon="33.40735904"><ele>944.792</ele><time>2026-09-29T07:31:03Z</time><speed>0.000</speed><sat>36</sat></trkpt>
  <trkpt lat="39.07581261" lon="33.40735926"><ele>944.044</ele><time>2026-09-29T07:31:04Z</time><speed>0.420</speed><sat>37</sat></trkpt>
  <trkpt lat="39.07581654" lon="33.40736238"><ele>944.031</ele><time>2026-09-29T07:31:05Z</time><speed>0.650</speed><sat>37</sat></trkpt>
  <trkpt lat="39.07582361" lon="33.40736539"><ele>943.324</ele><time>2026-09-29T07:31:06Z</time><speed>0.730</speed><sat>38</sat></trkpt>
  <trkpt lat="39.07583115" lon="33.40736835"><ele>943.825</ele><time>2026-09-29T07:31:07Z</time><speed>0.710</speed><sat>38</sat></trkpt>
  <trkpt lat="39.07583814" lon="33.40737469"><ele>943.461</ele><time>2026-09-29T07:31:08Z</time><speed>0.970</speed><sat>38</sat></trkpt>
  <trkpt lat="39.07584468" lon="33.40738177"><ele>943.576</ele><time>2026-09-29T07:31:09Z</time><speed>0.820</speed><sat>38</sat></trkpt>
  <trkpt lat="39.07584931" lon="33.40739062"><ele>943.205</ele><time>2026-09-29T07:31:10Z</time><speed>1.120</speed><sat>38</sat></trkpt>
  <trkpt lat="39.07585667" lon="33.40740278"><ele>943.684</ele><time>2026-09-29T07:31:11Z</time><speed>1.250</speed><sat>38</sat></trkpt>
  <trkpt lat="39.07586188" lon="33.40741777"><ele>943.407</ele><time>2026-09-29T07:31:12Z</time><speed>1.530</speed><sat>38</sat></trkpt>
  <trkpt lat="39.07586634" lon="33.40742889"><ele>943.252</ele><time>2026-09-29T07:31:13Z</time><speed>1.050</speed><sat>38</sat></trkpt>
  <trkpt lat="39.07586977" lon="33.40742905"><ele>942.250</ele><time>2026-09-29T07:31:14Z</time><speed>0.000</speed><sat>38</sat></trkpt>
  <trkpt lat="39.07586960" lon="33.40742490"><ele>943.035</ele><time>2026-09-29T07:31:15Z</time><speed>0.840</speed><sat>39</sat></trkpt>
  <trkpt lat="39.07586634" lon="33.40741943"><ele>943.353</ele><time>2026-09-29T07:31:16Z</time><speed>0.630</speed><sat>39</sat></trkpt>
  <trkpt lat="39.07586150" lon="33.40741018"><ele>943.195</ele><time>2026-09-29T07:31:17Z</time><speed>0.760</speed><sat>39</sat></trkpt>
  <trkpt lat="39.07585680" lon="33.40740409"><ele>943.073</ele><time>2026-09-29T07:31:18Z</time><speed>0.650</speed><sat>40</sat></trkpt>
  <trkpt lat="39.07585232" lon="33.40739793"><ele>943.422</ele><time>2026-09-29T07:31:19Z</time><speed>0.750</speed><sat>40</sat></trkpt>
  <trkpt lat="39.07584714" lon="33.40739033"><ele>943.923</ele><time>2026-09-29T07:31:20Z</time><speed>0.850</speed><sat>40</sat></trkpt>
  <trkpt lat="39.07584146" lon="33.40738300"><ele>943.791</ele><time>2026-09-29T07:31:21Z</time><speed>0.830</speed><sat>40</sat></trkpt>
  <trkpt lat="39.07583653" lon="33.40737594"><ele>943.497</ele><time>2026-09-29T07:31:22Z</time><speed>0.810</speed><sat>40</sat></trkpt>
  <trkpt lat="39.07583084" lon="33.40736962"><ele>943.572</ele><time>2026-09-29T07:31:23Z</time><speed>0.880</speed><sat>40</sat></trkpt>
  <trkpt lat="39.07582426" lon="33.40736420"><ele>943.734</ele><time>2026-09-29T07:31:24Z</time><speed>0.790</speed><sat>40</sat></trkpt>
  <trkpt lat="39.07581893" lon="33.40736242"><ele>943.896</ele><time>2026-09-29T07:31:25Z</time><speed>0.520</speed><sat>40</sat></trkpt>
  <trkpt lat="39.07581684" lon="33.40736197"><ele>943.896</ele><time>2026-09-29T07:31:26Z</time><speed>0.160</speed><sat>40</sat></trkpt>
  <trkpt lat="39.07581685" lon="33.40736132"><ele>943.919</ele><time>2026-09-29T07:31:27Z</time><speed>0.000</speed><sat>40</sat></trkpt>
  <trkpt lat="39.07581793" lon="33.40736089"><ele>943.721</ele><time>2026-09-29T07:31:28Z</time><speed>0.000</speed><sat>40</sat></trkpt>
  <trkpt lat="39.07581831" lon="33.40736308"><ele>943.557</ele><time>2026-09-29T07:31:29Z</time><speed>0.440</speed><sat>40</sat></trkpt>
  <trkpt lat="39.07581859" lon="33.40736857"><ele>943.493</ele><time>2026-09-29T07:31:30Z</time><speed>0.630</speed><sat>40</sat></trkpt>
  <trkpt lat="39.07581888" lon="33.40737534"><ele>943.464</ele><time>2026-09-29T07:31:31Z</time><speed>0.680</speed><sat>40</sat></trkpt>
  <trkpt lat="39.07581927" lon="33.40738246"><ele>943.646</ele><time>2026-09-29T07:31:32Z</time><speed>0.660</speed><sat>40</sat></trkpt>
  <trkpt lat="39.07582026" lon="33.40739035"><ele>943.639</ele><time>2026-09-29T07:31:33Z</time><speed>0.720</speed><sat>39</sat></trkpt>
  <trkpt lat="39.07582272" lon="33.40739910"><ele>943.434</ele><time>2026-09-29T07:31:34Z</time><speed>0.820</speed><sat>39</sat></trkpt>
  <trkpt lat="39.07582633" lon="33.40740761"><ele>943.205</ele><time>2026-09-29T07:31:35Z</time><speed>0.850</speed><sat>40</sat></trkpt>
  <trkpt lat="39.07583102" lon="33.40741558"><ele>943.122</ele><time>2026-09-29T07:31:36Z</time><speed>0.860</speed><sat>40</sat></trkpt>
  <trkpt lat="39.07583699" lon="33.40742281"><ele>943.093</ele><time>2026-09-29T07:31:37Z</time><speed>0.970</speed><sat>40</sat></trkpt>
  <trkpt lat="39.07584368" lon="33.40742986"><ele>942.899</ele><time>2026-09-29T07:31:38Z</time><speed>0.980</speed><sat>40</sat></trkpt>
  <trkpt lat="39.07584960" lon="33.40743534"><ele>942.900</ele><time>2026-09-29T07:31:39Z</time><speed>0.780</speed><sat>40</sat></trkpt>
  <trkpt lat="39.07585525" lon="33.40743984"><ele>942.909</ele><time>2026-09-29T07:31:40Z</time><speed>0.760</speed><sat>40</sat></trkpt>
  <trkpt lat="39.07586071" lon="33.40744439"><ele>942.937</ele><time>2026-09-29T07:31:41Z</time><speed>0.780</speed><sat>40</sat></trkpt>
  <trkpt lat="39.07586633" lon="33.40744894"><ele>942.990</ele><time>2026-09-29T07:31:42Z</time><speed>0.790</speed><sat>40</sat></trkpt>
  <trkpt lat="39.07587210" lon="33.40745391"><ele>943.148</ele><time>2026-09-29T07:31:43Z</time><speed>0.910</speed><sat>40</sat></trkpt>
  <trkpt lat="39.07587795" lon="33.40746001"><ele>943.442</ele><time>2026-09-29T07:31:44Z</time><speed>0.930</speed><sat>40</sat></trkpt>
  <trkpt lat="39.07588397" lon="33.40746706"><ele>943.606</ele><time>2026-09-29T07:31:45Z</time><speed>1.000</speed><sat>40</sat></trkpt>
  <trkpt lat="39.07589003" lon="33.40747573"><ele>943.681</ele><time>2026-09-29T07:31:46Z</time><speed>1.040</speed><sat>40</sat></trkpt>
  <trkpt lat="39.07589573" lon="33.40748611"><ele>943.756</ele><time>2026-09-29T07:31:47Z</time><speed>1.130</speed><sat>40</sat></trkpt>
  <trkpt lat="39.07589795" lon="33.40749491"><ele>943.957</ele><time>2026-09-29T07:31:48Z</time><speed>0.660</speed><sat>40</sat></trkpt>
  <trkpt lat="39.07589792" lon="33.40750397"><ele>944.111</ele><time>2026-09-29T07:31:49Z</time><speed>0.840</speed><sat>40</sat></trkpt>
  <trkpt lat="39.07589803" lon="33.40751681"><ele>943.900</ele><time>2026-09-29T07:31:50Z</time><speed>1.200</speed><sat>40</sat></trkpt>
  <trkpt lat="39.07590007" lon="33.40753147"><ele>943.856</ele><time>2026-09-29T07:31:51Z</time><speed>1.250</speed><sat>40</sat></trkpt>
  <trkpt lat="39.07590327" lon="33.40754497"><ele>943.942</ele><time>2026-09-29T07:31:52Z</time><speed>1.170</speed><sat>40</sat></trkpt>
  <trkpt lat="39.07590688" lon="33.40755810"><ele>943.730</ele><time>2026-09-29T07:31:53Z</time><speed>1.220</speed><sat>39</sat></trkpt>
  <trkpt lat="39.07590979" lon="33.40757148"><ele>943.777</ele><time>2026-09-29T07:31:54Z</time><speed>1.220</speed><sat>39</sat></trkpt>
  <trkpt lat="39.07591186" lon="33.40758506"><ele>943.611</ele><time>2026-09-29T07:31:55Z</time><speed>1.210</speed><sat>39</sat></trkpt>
  <trkpt lat="39.07591362" lon="33.40759949"><ele>943.823</ele><time>2026-09-29T07:31:56Z</time><speed>1.260</speed><sat>39</sat></trkpt>
  <trkpt lat="39.07591491" lon="33.40761402"><ele>943.773</ele><time>2026-09-29T07:31:57Z</time><speed>1.210</speed><sat>39</sat></trkpt>
  <trkpt lat="39.07591586" lon="33.40762852"><ele>943.914</ele><time>2026-09-29T07:31:58Z</time><speed>1.270</speed><sat>39</sat></trkpt>
  <trkpt lat="39.07591625" lon="33.40764277"><ele>943.535</ele><time>2026-09-29T07:31:59Z</time><speed>1.170</speed><sat>39</sat></trkpt>
  <trkpt lat="39.07591745" lon="33.40765609"><ele>943.230</ele><time>2026-09-29T07:32:00Z</time><speed>1.230</speed><sat>38</sat></trkpt>
  <trkpt lat="39.07592025" lon="33.40766820"><ele>943.485</ele><time>2026-09-29T07:32:01Z</time><speed>1.180</speed><sat>38</sat></trkpt>
  <trkpt lat="39.07592550" lon="33.40767954"><ele>943.149</ele><time>2026-09-29T07:32:02Z</time><speed>1.250</speed><sat>39</sat></trkpt>
  <trkpt lat="39.07592963" lon="33.40769248"><ele>942.771</ele><time>2026-09-29T07:32:03Z</time><speed>1.220</speed><sat>39</sat></trkpt>
  <trkpt lat="39.07593293" lon="33.40770651"><ele>942.948</ele><time>2026-09-29T07:32:04Z</time><speed>1.270</speed><sat>40</sat></trkpt>
  <trkpt lat="39.07593298" lon="33.40772035"><ele>943.120</ele><time>2026-09-29T07:32:05Z</time><speed>1.120</speed><sat>40</sat></trkpt>
  <trkpt lat="39.07592844" lon="33.40773445"><ele>942.995</ele><time>2026-09-29T07:32:06Z</time><speed>1.300</speed><sat>39</sat></trkpt>
  <trkpt lat="39.07592260" lon="33.40774919"><ele>943.634</ele><time>2026-09-29T07:32:07Z</time><speed>1.280</speed><sat>39</sat></trkpt>
  <trkpt lat="39.07591610" lon="33.40776349"><ele>943.898</ele><time>2026-09-29T07:32:08Z</time><speed>1.270</speed><sat>39</sat></trkpt>
  <trkpt lat="39.07591118" lon="33.40778454"><ele>943.329</ele><time>2026-09-29T07:32:09Z</time><speed>2.050</speed><sat>39</sat></trkpt>
  <trkpt lat="39.07590239" lon="33.40781067"><ele>944.749</ele><time>2026-09-29T07:32:10Z</time><speed>2.400</speed><sat>39</sat></trkpt>
  <trkpt lat="39.07588971" lon="33.40783115"><ele>944.980</ele><time>2026-09-29T07:32:11Z</time><speed>1.810</speed><sat>39</sat></trkpt>
  <trkpt lat="39.07587908" lon="33.40784627"><ele>944.307</ele><time>2026-09-29T07:32:12Z</time><speed>1.580</speed><sat>39</sat></trkpt>
  <trkpt lat="39.07587535" lon="33.40786478"><ele>943.197</ele><time>2026-09-29T07:32:13Z</time><speed>1.900</speed><sat>38</sat></trkpt>
  <trkpt lat="39.07588435" lon="33.40788478"><ele>943.478</ele><time>2026-09-29T07:32:14Z</time><speed>2.310</speed><sat>37</sat></trkpt>
  <trkpt lat="39.07590021" lon="33.40789566"><ele>944.310</ele><time>2026-09-29T07:32:15Z</time><speed>1.550</speed><sat>38</sat></trkpt>
  <trkpt lat="39.07591706" lon="33.40790298"><ele>944.910</ele><time>2026-09-29T07:32:16Z</time><speed>1.530</speed><sat>38</sat></trkpt>
  <trkpt lat="39.07593253" lon="33.40791199"><ele>945.329</ele><time>2026-09-29T07:32:17Z</time><speed>1.450</speed><sat>36</sat></trkpt>
  <trkpt lat="39.07595073" lon="33.40791597"><ele>944.049</ele><time>2026-09-29T07:32:18Z</time><speed>1.430</speed><sat>38</sat></trkpt>
  <trkpt lat="39.07596254" lon="33.40791430"><ele>944.124</ele><time>2026-09-29T07:32:19Z</time><speed>0.390</speed><sat>39</sat></trkpt>
  <trkpt lat="39.07596758" lon="33.40790794"><ele>944.651</ele><time>2026-09-29T07:32:20Z</time><speed>0.210</speed><sat>39</sat></trkpt>
  <trkpt lat="39.07596994" lon="33.40790252"><ele>944.774</ele><time>2026-09-29T07:32:21Z</time><speed>0.200</speed><sat>39</sat></trkpt>
  <trkpt lat="39.07597067" lon="33.40789771"><ele>944.296</ele><time>2026-09-29T07:32:22Z</time><speed>0.000</speed><sat>39</sat></trkpt>
  <trkpt lat="39.07597113" lon="33.40789240"><ele>944.371</ele><time>2026-09-29T07:32:23Z</time><speed>0.000</speed><sat>39</sat></trkpt>
  <trkpt lat="39.07597195" lon="33.40788798"><ele>944.463</ele><time>2026-09-29T07:32:24Z</time><speed>0.000</speed><sat>39</sat></trkpt>
  <trkpt lat="39.07597451" lon="33.40787988"><ele>944.471</ele><time>2026-09-29T07:32:25Z</time><speed>0.000</speed><sat>39</sat></trkpt>
  <trkpt lat="39.07597520" lon="33.40787617"><ele>944.060</ele><time>2026-09-29T07:32:26Z</time><speed>0.000</speed><sat>39</sat></trkpt>
  <trkpt lat="39.07597480" lon="33.40787284"><ele>944.030</ele><time>2026-09-29T07:32:27Z</time><speed>0.230</speed><sat>39</sat></trkpt>
  <trkpt lat="39.07597418" lon="33.40787070"><ele>944.050</ele><time>2026-09-29T07:32:28Z</time><speed>0.000</speed><sat>39</sat></trkpt>
  <trkpt lat="39.07597398" lon="33.40786975"><ele>944.056</ele><time>2026-09-29T07:32:29Z</time><speed>0.000</speed><sat>39</sat></trkpt>
  <trkpt lat="39.07597468" lon="33.40786859"><ele>944.035</ele><time>2026-09-29T07:32:30Z</time><speed>0.220</speed><sat>39</sat></trkpt>
  <trkpt lat="39.07597663" lon="33.40786667"><ele>943.933</ele><time>2026-09-29T07:32:31Z</time><speed>0.360</speed><sat>39</sat></trkpt>
  <trkpt lat="39.07597605" lon="33.40787010"><ele>943.625</ele><time>2026-09-29T07:32:32Z</time><speed>0.690</speed><sat>39</sat></trkpt>
  <trkpt lat="39.07597652" lon="33.40787955"><ele>943.602</ele><time>2026-09-29T07:32:33Z</time><speed>0.830</speed><sat>39</sat></trkpt>
  <trkpt lat="39.07597811" lon="33.40788864"><ele>943.569</ele><time>2026-09-29T07:32:34Z</time><speed>0.670</speed><sat>39</sat></trkpt>
  <trkpt lat="39.07598236" lon="33.40789627"><ele>943.440</ele><time>2026-09-29T07:32:35Z</time><speed>0.890</speed><sat>39</sat></trkpt>
  <trkpt lat="39.07598886" lon="33.40790268"><ele>943.345</ele><time>2026-09-29T07:32:36Z</time><speed>0.850</speed><sat>39</sat></trkpt>
  <trkpt lat="39.07599514" lon="33.40790809"><ele>943.203</ele><time>2026-09-29T07:32:37Z</time><speed>0.830</speed><sat>39</sat></trkpt>
  <trkpt lat="39.07600135" lon="33.40791269"><ele>943.407</ele><time>2026-09-29T07:32:38Z</time><speed>0.770</speed><sat>39</sat></trkpt>
  <trkpt lat="39.07600692" lon="33.40791671"><ele>943.431</ele><time>2026-09-29T07:32:39Z</time><speed>0.630</speed><sat>39</sat></trkpt>
  <trkpt lat="39.07601137" lon="33.40791953"><ele>943.265</ele><time>2026-09-29T07:32:40Z</time><speed>0.440</speed><sat>39</sat></trkpt>
  <trkpt lat="39.07601336" lon="33.40792012"><ele>943.325</ele><time>2026-09-29T07:32:41Z</time><speed>0.000</speed><sat>39</sat></trkpt>
  <trkpt lat="39.07601363" lon="33.40791988"><ele>943.123</ele><time>2026-09-29T07:32:42Z</time><speed>0.000</speed><sat>40</sat></trkpt>
  <trkpt lat="39.07601332" lon="33.40791859"><ele>943.123</ele><time>2026-09-29T07:32:43Z</time><speed>0.000</speed><sat>40</sat></trkpt>
  <trkpt lat="39.07601308" lon="33.40791783"><ele>943.125</ele><time>2026-09-29T07:32:44Z</time><speed>0.000</speed><sat>40</sat></trkpt>
  <trkpt lat="39.07601297" lon="33.40791741"><ele>943.124</ele><time>2026-09-29T07:32:45Z</time><speed>0.000</speed><sat>40</sat></trkpt>
  <trkpt lat="39.07601291" lon="33.40791715"><ele>943.123</ele><time>2026-09-29T07:32:46Z</time><speed>0.000</speed><sat>40</sat></trkpt>
  <trkpt lat="39.07601288" lon="33.40791698"><ele>943.121</ele><time>2026-09-29T07:32:47Z</time><speed>0.000</speed><sat>40</sat></trkpt>
  <trkpt lat="39.07601286" lon="33.40791686"><ele>943.122</ele><time>2026-09-29T07:32:48Z</time><speed>0.000</speed><sat>40</sat></trkpt>
  <trkpt lat="39.07601588" lon="33.40791898"><ele>942.833</ele><time>2026-09-29T07:32:49Z</time><speed>0.470</speed><sat>40</sat></trkpt>
  <trkpt lat="39.07602178" lon="33.40792265"><ele>942.746</ele><time>2026-09-29T07:32:50Z</time><speed>0.790</speed><sat>40</sat></trkpt>
  <trkpt lat="39.07602917" lon="33.40792776"><ele>942.545</ele><time>2026-09-29T07:32:51Z</time><speed>0.920</speed><sat>40</sat></trkpt>
  <trkpt lat="39.07603639" lon="33.40793414"><ele>942.602</ele><time>2026-09-29T07:32:52Z</time><speed>0.940</speed><sat>40</sat></trkpt>
  <trkpt lat="39.07604341" lon="33.40794187"><ele>942.751</ele><time>2026-09-29T07:32:53Z</time><speed>0.950</speed><sat>40</sat></trkpt>
  <trkpt lat="39.07604945" lon="33.40795005"><ele>942.622</ele><time>2026-09-29T07:32:54Z</time><speed>0.830</speed><sat>40</sat></trkpt>
  <trkpt lat="39.07605506" lon="33.40795819"><ele>942.672</ele><time>2026-09-29T07:32:55Z</time><speed>0.940</speed><sat>40</sat></trkpt>
  <trkpt lat="39.07606021" lon="33.40796681"><ele>942.026</ele><time>2026-09-29T07:32:56Z</time><speed>0.880</speed><sat>40</sat></trkpt>
  <trkpt lat="39.07606583" lon="33.40797360"><ele>942.761</ele><time>2026-09-29T07:32:57Z</time><speed>0.860</speed><sat>40</sat></trkpt>
  <trkpt lat="39.07607252" lon="33.40797905"><ele>942.928</ele><time>2026-09-29T07:32:58Z</time><speed>0.810</speed><sat>40</sat></trkpt>
  <trkpt lat="39.07608473" lon="33.40798504"><ele>942.591</ele><time>2026-09-29T07:32:59Z</time><speed>1.780</speed><sat>40</sat></trkpt>
  <trkpt lat="39.07609808" lon="33.40798926"><ele>941.921</ele><time>2026-09-29T07:33:00Z</time><speed>1.360</speed><sat>40</sat></trkpt>
  <trkpt lat="39.07610998" lon="33.40799384"><ele>941.521</ele><time>2026-09-29T07:33:01Z</time><speed>1.440</speed><sat>40</sat></trkpt>
  <trkpt lat="39.07612046" lon="33.40799639"><ele>942.344</ele><time>2026-09-29T07:33:02Z</time><speed>1.150</speed><sat>40</sat></trkpt>
  <trkpt lat="39.07612833" lon="33.40800076"><ele>942.225</ele><time>2026-09-29T07:33:03Z</time><speed>1.060</speed><sat>40</sat></trkpt>
  <trkpt lat="39.07613321" lon="33.40800711"><ele>942.896</ele><time>2026-09-29T07:33:04Z</time><speed>0.780</speed><sat>40</sat></trkpt>
  <trkpt lat="39.07613703" lon="33.40801403"><ele>942.615</ele><time>2026-09-29T07:33:05Z</time><speed>0.940</speed><sat>40</sat></trkpt>
  <trkpt lat="39.07614089" lon="33.40802103"><ele>942.414</ele><time>2026-09-29T07:33:06Z</time><speed>0.760</speed><sat>39</sat></trkpt>
  <trkpt lat="39.07614788" lon="33.40803002"><ele>942.377</ele><time>2026-09-29T07:33:07Z</time><speed>1.450</speed><sat>39</sat></trkpt>
  <trkpt lat="39.07615644" lon="33.40803930"><ele>942.352</ele><time>2026-09-29T07:33:08Z</time><speed>1.180</speed><sat>40</sat></trkpt>
  <trkpt lat="39.07616248" lon="33.40804607"><ele>942.226</ele><time>2026-09-29T07:33:09Z</time><speed>0.770</speed><sat>40</sat></trkpt>
  <trkpt lat="39.07616901" lon="33.40805271"><ele>942.446</ele><time>2026-09-29T07:33:10Z</time><speed>1.140</speed><sat>40</sat></trkpt>
  <trkpt lat="39.07617801" lon="33.40806056"><ele>942.444</ele><time>2026-09-29T07:33:11Z</time><speed>1.250</speed><sat>40</sat></trkpt>
  <trkpt lat="39.07618461" lon="33.40806687"><ele>942.236</ele><time>2026-09-29T07:33:12Z</time><speed>0.760</speed><sat>40</sat></trkpt>
  <trkpt lat="39.07619131" lon="33.40807549"><ele>942.346</ele><time>2026-09-29T07:33:13Z</time><speed>1.360</speed><sat>40</sat></trkpt>
  <trkpt lat="39.07619599" lon="33.40808996"><ele>942.581</ele><time>2026-09-29T07:33:14Z</time><speed>1.530</speed><sat>40</sat></trkpt>
  <trkpt lat="39.07620016" lon="33.40810246"><ele>942.596</ele><time>2026-09-29T07:33:15Z</time><speed>1.250</speed><sat>40</sat></trkpt>
  <trkpt lat="39.07620523" lon="33.40811062"><ele>942.974</ele><time>2026-09-29T07:33:16Z</time><speed>1.190</speed><sat>40</sat></trkpt>
  <trkpt lat="39.07620626" lon="33.40811762"><ele>943.157</ele><time>2026-09-29T07:33:17Z</time><speed>1.040</speed><sat>39</sat></trkpt>
  <trkpt lat="39.07620539" lon="33.40812597"><ele>942.785</ele><time>2026-09-29T07:33:18Z</time><speed>1.040</speed><sat>39</sat></trkpt>
  <trkpt lat="39.07620295" lon="33.40813438"><ele>942.458</ele><time>2026-09-29T07:33:19Z</time><speed>1.040</speed><sat>36</sat></trkpt>
  <trkpt lat="39.07619884" lon="33.40814292"><ele>942.406</ele><time>2026-09-29T07:33:20Z</time><speed>1.010</speed><sat>36</sat></trkpt>
  <trkpt lat="39.07619629" lon="33.40814918"><ele>940.664</ele><time>2026-09-29T07:33:21Z</time><speed>0.910</speed><sat>35</sat></trkpt>
  <trkpt lat="39.07619302" lon="33.40815768"><ele>941.139</ele><time>2026-09-29T07:33:22Z</time><speed>0.970</speed><sat>35</sat></trkpt>
  <trkpt lat="39.07618903" lon="33.40816603"><ele>940.663</ele><time>2026-09-29T07:33:23Z</time><speed>1.300</speed><sat>35</sat></trkpt>
  <trkpt lat="39.07618432" lon="33.40817188"><ele>939.877</ele><time>2026-09-29T07:33:24Z</time><speed>1.110</speed><sat>35</sat></trkpt>
  <trkpt lat="39.07618536" lon="33.40818319"><ele>940.242</ele><time>2026-09-29T07:33:25Z</time><speed>1.620</speed><sat>35</sat></trkpt>
  <trkpt lat="39.07619102" lon="33.40819657"><ele>941.323</ele><time>2026-09-29T07:33:26Z</time><speed>1.190</speed><sat>35</sat></trkpt>
  <trkpt lat="39.07619871" lon="33.40821209"><ele>943.229</ele><time>2026-09-29T07:33:27Z</time><speed>1.710</speed><sat>35</sat></trkpt>
  <trkpt lat="39.07620472" lon="33.40822902"><ele>944.719</ele><time>2026-09-29T07:33:28Z</time><speed>1.520</speed><sat>36</sat></trkpt>
  <trkpt lat="39.07621168" lon="33.40824111"><ele>944.163</ele><time>2026-09-29T07:33:29Z</time><speed>1.170</speed><sat>36</sat></trkpt>
  <trkpt lat="39.07621997" lon="33.40825157"><ele>944.566</ele><time>2026-09-29T07:33:30Z</time><speed>1.320</speed><sat>36</sat></trkpt>
  <trkpt lat="39.07622977" lon="33.40825919"><ele>944.668</ele><time>2026-09-29T07:33:31Z</time><speed>1.120</speed><sat>36</sat></trkpt>
  <trkpt lat="39.07623748" lon="33.40826339"><ele>945.732</ele><time>2026-09-29T07:33:32Z</time><speed>0.870</speed><sat>36</sat></trkpt>
  <trkpt lat="39.07624606" lon="33.40826543"><ele>944.967</ele><time>2026-09-29T07:33:33Z</time><speed>0.980</speed><sat>36</sat></trkpt>
  <trkpt lat="39.07625333" lon="33.40826629"><ele>945.316</ele><time>2026-09-29T07:33:34Z</time><speed>0.860</speed><sat>36</sat></trkpt>
  <trkpt lat="39.07626116" lon="33.40826852"><ele>945.695</ele><time>2026-09-29T07:33:35Z</time><speed>0.940</speed><sat>37</sat></trkpt>
  <trkpt lat="39.07627124" lon="33.40827050"><ele>945.665</ele><time>2026-09-29T07:33:36Z</time><speed>1.040</speed><sat>37</sat></trkpt>
  <trkpt lat="39.07628047" lon="33.40827286"><ele>946.339</ele><time>2026-09-29T07:33:37Z</time><speed>0.860</speed><sat>37</sat></trkpt>
  <trkpt lat="39.07628894" lon="33.40827419"><ele>945.505</ele><time>2026-09-29T07:33:38Z</time><speed>0.700</speed><sat>37</sat></trkpt>
  <trkpt lat="39.07629652" lon="33.40827682"><ele>944.613</ele><time>2026-09-29T07:33:39Z</time><speed>0.880</speed><sat>37</sat></trkpt>
  <trkpt lat="39.07630190" lon="33.40828675"><ele>945.528</ele><time>2026-09-29T07:33:40Z</time><speed>1.360</speed><sat>38</sat></trkpt>
  <trkpt lat="39.07630570" lon="33.40830299"><ele>946.173</ele><time>2026-09-29T07:33:41Z</time><speed>1.550</speed><sat>38</sat></trkpt>
  <trkpt lat="39.07631233" lon="33.40831696"><ele>946.288</ele><time>2026-09-29T07:33:42Z</time><speed>1.430</speed><sat>38</sat></trkpt>
  <trkpt lat="39.07631577" lon="33.40832996"><ele>946.727</ele><time>2026-09-29T07:33:43Z</time><speed>1.380</speed><sat>38</sat></trkpt>
  <trkpt lat="39.07631688" lon="33.40834455"><ele>947.602</ele><time>2026-09-29T07:33:44Z</time><speed>1.570</speed><sat>39</sat></trkpt>
  <trkpt lat="39.07632046" lon="33.40835277"><ele>946.195</ele><time>2026-09-29T07:33:45Z</time><speed>0.950</speed><sat>39</sat></trkpt>
  <trkpt lat="39.07632465" lon="33.40835722"><ele>946.434</ele><time>2026-09-29T07:33:46Z</time><speed>0.900</speed><sat>39</sat></trkpt>
  <trkpt lat="39.07632926" lon="33.40836388"><ele>946.641</ele><time>2026-09-29T07:33:47Z</time><speed>1.120</speed><sat>39</sat></trkpt>
  <trkpt lat="39.07633336" lon="33.40836468"><ele>947.353</ele><time>2026-09-29T07:33:48Z</time><speed>0.160</speed><sat>39</sat></trkpt>
  <trkpt lat="39.07633879" lon="33.40837146"><ele>948.495</ele><time>2026-09-29T07:33:49Z</time><speed>1.210</speed><sat>39</sat></trkpt>
  <trkpt lat="39.07634628" lon="33.40838136"><ele>948.780</ele><time>2026-09-29T07:33:50Z</time><speed>1.080</speed><sat>38</sat></trkpt>
  <trkpt lat="39.07635377" lon="33.40839027"><ele>948.712</ele><time>2026-09-29T07:33:51Z</time><speed>1.030</speed><sat>37</sat></trkpt>
  <trkpt lat="39.07636106" lon="33.40839498"><ele>947.794</ele><time>2026-09-29T07:33:52Z</time><speed>1.020</speed><sat>36</sat></trkpt>
  <trkpt lat="39.07636899" lon="33.40840369"><ele>949.565</ele><time>2026-09-29T07:33:53Z</time><speed>1.320</speed><sat>36</sat></trkpt>
  <trkpt lat="39.07637746" lon="33.40841346"><ele>949.536</ele><time>2026-09-29T07:33:54Z</time><speed>1.190</speed><sat>37</sat></trkpt>
  <trkpt lat="39.07638856" lon="33.40842282"><ele>948.787</ele><time>2026-09-29T07:33:55Z</time><speed>1.320</speed><sat>37</sat></trkpt>
  <trkpt lat="39.07640021" lon="33.40842712"><ele>947.447</ele><time>2026-09-29T07:33:56Z</time><speed>1.050</speed><sat>37</sat></trkpt>
  <trkpt lat="39.07641019" lon="33.40842925"><ele>948.467</ele><time>2026-09-29T07:33:57Z</time><speed>0.870</speed><sat>37</sat></trkpt>
  <trkpt lat="39.07641912" lon="33.40843138"><ele>948.590</ele><time>2026-09-29T07:33:58Z</time><speed>0.660</speed><sat>39</sat></trkpt>
  <trkpt lat="39.07642860" lon="33.40843444"><ele>948.491</ele><time>2026-09-29T07:33:59Z</time><speed>0.980</speed><sat>40</sat></trkpt>
  <trkpt lat="39.07644027" lon="33.40843931"><ele>947.741</ele><time>2026-09-29T07:34:00Z</time><speed>1.090</speed><sat>40</sat></trkpt>
  <trkpt lat="39.07645015" lon="33.40845088"><ele>948.076</ele><time>2026-09-29T07:34:01Z</time><speed>1.520</speed><sat>40</sat></trkpt>
  <trkpt lat="39.07645702" lon="33.40846398"><ele>948.383</ele><time>2026-09-29T07:34:02Z</time><speed>1.150</speed><sat>40</sat></trkpt>
  <trkpt lat="39.07645551" lon="33.40847612"><ele>948.732</ele><time>2026-09-29T07:34:03Z</time><speed>1.350</speed><sat>40</sat></trkpt>
  <trkpt lat="39.07645281" lon="33.40848432"><ele>948.044</ele><time>2026-09-29T07:34:04Z</time><speed>0.550</speed><sat>39</sat></trkpt>
  <trkpt lat="39.07644925" lon="33.40848917"><ele>947.923</ele><time>2026-09-29T07:34:05Z</time><speed>0.850</speed><sat>34</sat></trkpt>
  <trkpt lat="39.07644649" lon="33.40849496"><ele>948.047</ele><time>2026-09-29T07:34:06Z</time><speed>0.620</speed><sat>34</sat></trkpt>
  <trkpt lat="39.07644913" lon="33.40850399"><ele>946.415</ele><time>2026-09-29T07:34:07Z</time><speed>0.930</speed><sat>34</sat></trkpt>
  <trkpt lat="39.07645640" lon="33.40851704"><ele>947.926</ele><time>2026-09-29T07:34:08Z</time><speed>1.200</speed><sat>32</sat></trkpt>
  <trkpt lat="39.07646676" lon="33.40853138"><ele>947.188</ele><time>2026-09-29T07:34:09Z</time><speed>1.460</speed><sat>36</sat></trkpt>
  <trkpt lat="39.07647675" lon="33.40854434"><ele>946.884</ele><time>2026-09-29T07:34:10Z</time><speed>1.240</speed><sat>37</sat></trkpt>
  <trkpt lat="39.07648615" lon="33.40855726"><ele>947.070</ele><time>2026-09-29T07:34:11Z</time><speed>1.290</speed><sat>38</sat></trkpt>
  <trkpt lat="39.07649707" lon="33.40856873"><ele>947.161</ele><time>2026-09-29T07:34:12Z</time><speed>1.410</speed><sat>38</sat></trkpt>
  <trkpt lat="39.07650748" lon="33.40858104"><ele>947.230</ele><time>2026-09-29T07:34:13Z</time><speed>1.590</speed><sat>38</sat></trkpt>
  <trkpt lat="39.07652048" lon="33.40859516"><ele>946.810</ele><time>2026-09-29T07:34:14Z</time><speed>1.870</speed><sat>38</sat></trkpt>
  <trkpt lat="39.07653156" lon="33.40860847"><ele>947.401</ele><time>2026-09-29T07:34:15Z</time><speed>1.610</speed><sat>38</sat></trkpt>
  <trkpt lat="39.07653997" lon="33.40861773"><ele>947.112</ele><time>2026-09-29T07:34:16Z</time><speed>1.320</speed><sat>38</sat></trkpt>
  <trkpt lat="39.07654787" lon="33.40862595"><ele>947.204</ele><time>2026-09-29T07:34:17Z</time><speed>1.390</speed><sat>38</sat></trkpt>
  <trkpt lat="39.07655581" lon="33.40863772"><ele>946.386</ele><time>2026-09-29T07:34:18Z</time><speed>1.490</speed><sat>38</sat></trkpt>
  <trkpt lat="39.07656592" lon="33.40864555"><ele>946.266</ele><time>2026-09-29T07:34:19Z</time><speed>1.410</speed><sat>38</sat></trkpt>
  <trkpt lat="39.07657369" lon="33.40865392"><ele>945.877</ele><time>2026-09-29T07:34:20Z</time><speed>1.370</speed><sat>38</sat></trkpt>
  <trkpt lat="39.07657975" lon="33.40866532"><ele>947.241</ele><time>2026-09-29T07:34:21Z</time><speed>1.490</speed><sat>38</sat></trkpt>
  <trkpt lat="39.07658772" lon="33.40867716"><ele>946.258</ele><time>2026-09-29T07:34:22Z</time><speed>1.380</speed><sat>38</sat></trkpt>
  <trkpt lat="39.07659520" lon="33.40868275"><ele>943.818</ele><time>2026-09-29T07:34:23Z</time><speed>0.400</speed><sat>37</sat></trkpt>
  <trkpt lat="39.07660281" lon="33.40868199"><ele>944.160</ele><time>2026-09-29T07:34:24Z</time><speed>0.000</speed><sat>37</sat></trkpt>
  <trkpt lat="39.07660962" lon="33.40868116"><ele>944.445</ele><time>2026-09-29T07:34:25Z</time><speed>0.380</speed><sat>37</sat></trkpt>
  <trkpt lat="39.07661012" lon="33.40868597"><ele>944.071</ele><time>2026-09-29T07:34:26Z</time><speed>1.080</speed><sat>37</sat></trkpt>
  <trkpt lat="39.07660773" lon="33.40869668"><ele>943.524</ele><time>2026-09-29T07:34:27Z</time><speed>1.250</speed><sat>37</sat></trkpt>
  <trkpt lat="39.07661160" lon="33.40871180"><ele>944.064</ele><time>2026-09-29T07:34:28Z</time><speed>1.420</speed><sat>36</sat></trkpt>
  <trkpt lat="39.07661751" lon="33.40872412"><ele>945.165</ele><time>2026-09-29T07:34:29Z</time><speed>1.270</speed><sat>37</sat></trkpt>
  <trkpt lat="39.07662346" lon="33.40873670"><ele>945.374</ele><time>2026-09-29T07:34:30Z</time><speed>1.300</speed><sat>37</sat></trkpt>
  <trkpt lat="39.07662663" lon="33.40874904"><ele>945.071</ele><time>2026-09-29T07:34:31Z</time><speed>1.210</speed><sat>36</sat></trkpt>
  <trkpt lat="39.07663213" lon="33.40876033"><ele>945.628</ele><time>2026-09-29T07:34:32Z</time><speed>1.290</speed><sat>37</sat></trkpt>
  <trkpt lat="39.07663892" lon="33.40877398"><ele>946.005</ele><time>2026-09-29T07:34:33Z</time><speed>1.380</speed><sat>37</sat></trkpt>
  <trkpt lat="39.07664547" lon="33.40878910"><ele>947.320</ele><time>2026-09-29T07:34:34Z</time><speed>1.410</speed><sat>37</sat></trkpt>
  <trkpt lat="39.07665268" lon="33.40880323"><ele>947.034</ele><time>2026-09-29T07:34:35Z</time><speed>1.530</speed><sat>36</sat></trkpt>
  <trkpt lat="39.07666085" lon="33.40881820"><ele>947.382</ele><time>2026-09-29T07:34:36Z</time><speed>1.520</speed><sat>36</sat></trkpt>
  <trkpt lat="39.07666702" lon="33.40883326"><ele>947.163</ele><time>2026-09-29T07:34:37Z</time><speed>1.610</speed><sat>36</sat></trkpt>
  <trkpt lat="39.07667373" lon="33.40884198"><ele>947.790</ele><time>2026-09-29T07:34:38Z</time><speed>0.920</speed><sat>35</sat></trkpt>
  <trkpt lat="39.07667798" lon="33.40884980"><ele>947.978</ele><time>2026-09-29T07:34:39Z</time><speed>1.290</speed><sat>34</sat></trkpt>
  <trkpt lat="39.07668688" lon="33.40886299"><ele>947.514</ele><time>2026-09-29T07:34:40Z</time><speed>1.970</speed><sat>35</sat></trkpt>
  <trkpt lat="39.07669890" lon="33.40887334"><ele>947.192</ele><time>2026-09-29T07:34:41Z</time><speed>1.440</speed><sat>36</sat></trkpt>
  <trkpt lat="39.07671110" lon="33.40887864"><ele>946.043</ele><time>2026-09-29T07:34:42Z</time><speed>1.410</speed><sat>36</sat></trkpt>
  <trkpt lat="39.07672047" lon="33.40888398"><ele>945.972</ele><time>2026-09-29T07:34:43Z</time><speed>1.090</speed><sat>37</sat></trkpt>
  <trkpt lat="39.07672823" lon="33.40888223"><ele>945.519</ele><time>2026-09-29T07:34:44Z</time><speed>0.890</speed><sat>37</sat></trkpt>
  <trkpt lat="39.07673476" lon="33.40886905"><ele>944.980</ele><time>2026-09-29T07:34:45Z</time><speed>0.980</speed><sat>38</sat></trkpt>
  <trkpt lat="39.07673810" lon="33.40885454"><ele>944.966</ele><time>2026-09-29T07:34:46Z</time><speed>0.250</speed><sat>39</sat></trkpt>
  <trkpt lat="39.07673703" lon="33.40884351"><ele>944.767</ele><time>2026-09-29T07:34:47Z</time><speed>0.760</speed><sat>39</sat></trkpt>
  <trkpt lat="39.07673297" lon="33.40883508"><ele>943.983</ele><time>2026-09-29T07:34:48Z</time><speed>0.640</speed><sat>39</sat></trkpt>
  <trkpt lat="39.07672970" lon="33.40883075"><ele>943.131</ele><time>2026-09-29T07:34:49Z</time><speed>0.410</speed><sat>39</sat></trkpt>
  <trkpt lat="39.07672941" lon="33.40883376"><ele>943.738</ele><time>2026-09-29T07:34:50Z</time><speed>0.810</speed><sat>39</sat></trkpt>
  <trkpt lat="39.07673318" lon="33.40884599"><ele>944.700</ele><time>2026-09-29T07:34:51Z</time><speed>1.360</speed><sat>39</sat></trkpt>
  <trkpt lat="39.07673761" lon="33.40885953"><ele>945.288</ele><time>2026-09-29T07:34:52Z</time><speed>1.370</speed><sat>39</sat></trkpt>
  <trkpt lat="39.07674330" lon="33.40887364"><ele>945.610</ele><time>2026-09-29T07:34:53Z</time><speed>1.470</speed><sat>39</sat></trkpt>
  <trkpt lat="39.07674786" lon="33.40888777"><ele>945.094</ele><time>2026-09-29T07:34:54Z</time><speed>1.340</speed><sat>39</sat></trkpt>
  <trkpt lat="39.07675228" lon="33.40889950"><ele>945.239</ele><time>2026-09-29T07:34:55Z</time><speed>1.170</speed><sat>37</sat></trkpt>
  <trkpt lat="39.07675525" lon="33.40890924"><ele>947.096</ele><time>2026-09-29T07:34:56Z</time><speed>1.340</speed><sat>37</sat></trkpt>
  <trkpt lat="39.07675675" lon="33.40891891"><ele>947.058</ele><time>2026-09-29T07:34:57Z</time><speed>1.080</speed><sat>37</sat></trkpt>
  <trkpt lat="39.07675640" lon="33.40892722"><ele>947.167</ele><time>2026-09-29T07:34:58Z</time><speed>1.030</speed><sat>37</sat></trkpt>
  <trkpt lat="39.07675905" lon="33.40893709"><ele>946.838</ele><time>2026-09-29T07:34:59Z</time><speed>1.210</speed><sat>37</sat></trkpt>
  <trkpt lat="39.07676440" lon="33.40894727"><ele>946.733</ele><time>2026-09-29T07:35:00Z</time><speed>1.120</speed><sat>37</sat></trkpt>
  <trkpt lat="39.07677028" lon="33.40895499"><ele>947.114</ele><time>2026-09-29T07:35:01Z</time><speed>1.030</speed><sat>37</sat></trkpt>
  <trkpt lat="39.07677725" lon="33.40896311"><ele>946.108</ele><time>2026-09-29T07:35:02Z</time><speed>1.110</speed><sat>37</sat></trkpt>
  <trkpt lat="39.07678343" lon="33.40898055"><ele>946.271</ele><time>2026-09-29T07:35:03Z</time><speed>1.260</speed><sat>32</sat></trkpt>
  <trkpt lat="39.07678905" lon="33.40899858"><ele>945.557</ele><time>2026-09-29T07:35:04Z</time><speed>1.480</speed><sat>38</sat></trkpt>
  <trkpt lat="39.07679609" lon="33.40900980"><ele>944.706</ele><time>2026-09-29T07:35:05Z</time><speed>0.910</speed><sat>39</sat></trkpt>
  <trkpt lat="39.07681395" lon="33.40901860"><ele>944.874</ele><time>2026-09-29T07:35:06Z</time><speed>2.360</speed><sat>38</sat></trkpt>
  <trkpt lat="39.07683027" lon="33.40902132"><ele>944.048</ele><time>2026-09-29T07:35:07Z</time><speed>0.870</speed><sat>39</sat></trkpt>
  <trkpt lat="39.07684188" lon="33.40901874"><ele>944.477</ele><time>2026-09-29T07:35:08Z</time><speed>0.920</speed><sat>39</sat></trkpt>
  <trkpt lat="39.07685409" lon="33.40902013"><ele>944.294</ele><time>2026-09-29T07:35:09Z</time><speed>1.260</speed><sat>39</sat></trkpt>
  <trkpt lat="39.07686606" lon="33.40902484"><ele>944.572</ele><time>2026-09-29T07:35:10Z</time><speed>1.290</speed><sat>39</sat></trkpt>
  <trkpt lat="39.07687637" lon="33.40903065"><ele>944.876</ele><time>2026-09-29T07:35:11Z</time><speed>1.110</speed><sat>39</sat></trkpt>
  <trkpt lat="39.07688499" lon="33.40903641"><ele>945.597</ele><time>2026-09-29T07:35:12Z</time><speed>0.980</speed><sat>39</sat></trkpt>
  <trkpt lat="39.07688934" lon="33.40904068"><ele>944.664</ele><time>2026-09-29T07:35:13Z</time><speed>0.610</speed><sat>39</sat></trkpt>
  <trkpt lat="39.07689348" lon="33.40904824"><ele>944.754</ele><time>2026-09-29T07:35:14Z</time><speed>1.180</speed><sat>39</sat></trkpt>
  <trkpt lat="39.07689872" lon="33.40905742"><ele>943.346</ele><time>2026-09-29T07:35:15Z</time><speed>1.000</speed><sat>39</sat></trkpt>
  <trkpt lat="39.07690408" lon="33.40906280"><ele>942.688</ele><time>2026-09-29T07:35:16Z</time><speed>0.910</speed><sat>39</sat></trkpt>
  <trkpt lat="39.07690883" lon="33.40907122"><ele>942.242</ele><time>2026-09-29T07:35:17Z</time><speed>1.220</speed><sat>39</sat></trkpt>
  <trkpt lat="39.07691464" lon="33.40908052"><ele>941.810</ele><time>2026-09-29T07:35:18Z</time><speed>1.030</speed><sat>39</sat></trkpt>
  <trkpt lat="39.07691529" lon="33.40907475"><ele>942.386</ele><time>2026-09-29T07:35:19Z</time><speed>0.000</speed><sat>39</sat></trkpt>
  <trkpt lat="39.07691653" lon="33.40908246"><ele>943.450</ele><time>2026-09-29T07:35:20Z</time><speed>0.900</speed><sat>38</sat></trkpt>
  <trkpt lat="39.07691990" lon="33.40909199"><ele>943.503</ele><time>2026-09-29T07:35:21Z</time><speed>0.800</speed><sat>38</sat></trkpt>
  <trkpt lat="39.07692466" lon="33.40910296"><ele>943.377</ele><time>2026-09-29T07:35:22Z</time><speed>1.130</speed><sat>38</sat></trkpt>
  <trkpt lat="39.07693114" lon="33.40911334"><ele>943.116</ele><time>2026-09-29T07:35:23Z</time><speed>1.040</speed><sat>39</sat></trkpt>
  <trkpt lat="39.07693850" lon="33.40912008"><ele>943.147</ele><time>2026-09-29T07:35:24Z</time><speed>0.900</speed><sat>39</sat></trkpt>
  <trkpt lat="39.07694581" lon="33.40912558"><ele>944.267</ele><time>2026-09-29T07:35:25Z</time><speed>0.910</speed><sat>39</sat></trkpt>
  <trkpt lat="39.07695402" lon="33.40912799"><ele>943.426</ele><time>2026-09-29T07:35:26Z</time><speed>0.930</speed><sat>38</sat></trkpt>
  <trkpt lat="39.07696181" lon="33.40913082"><ele>944.213</ele><time>2026-09-29T07:35:27Z</time><speed>0.890</speed><sat>39</sat></trkpt>
  <trkpt lat="39.07697091" lon="33.40913716"><ele>944.189</ele><time>2026-09-29T07:35:28Z</time><speed>1.230</speed><sat>39</sat></trkpt>
  <trkpt lat="39.07697902" lon="33.40914805"><ele>944.051</ele><time>2026-09-29T07:35:29Z</time><speed>1.250</speed><sat>38</sat></trkpt>
  <trkpt lat="39.07698300" lon="33.40915851"><ele>944.691</ele><time>2026-09-29T07:35:30Z</time><speed>0.970</speed><sat>38</sat></trkpt>
  <trkpt lat="39.07698456" lon="33.40916656"><ele>944.071</ele><time>2026-09-29T07:35:31Z</time><speed>0.920</speed><sat>38</sat></trkpt>
  <trkpt lat="39.07698660" lon="33.40917090"><ele>944.102</ele><time>2026-09-29T07:35:32Z</time><speed>0.620</speed><sat>38</sat></trkpt>
  <trkpt lat="39.07699649" lon="33.40917236"><ele>943.690</ele><time>2026-09-29T07:35:33Z</time><speed>1.360</speed><sat>39</sat></trkpt>
  <trkpt lat="39.07701084" lon="33.40917744"><ele>943.172</ele><time>2026-09-29T07:35:34Z</time><speed>1.420</speed><sat>39</sat></trkpt>
  <trkpt lat="39.07702609" lon="33.40917624"><ele>944.001</ele><time>2026-09-29T07:35:35Z</time><speed>1.210</speed><sat>39</sat></trkpt>
  <trkpt lat="39.07703504" lon="33.40917545"><ele>943.766</ele><time>2026-09-29T07:35:36Z</time><speed>0.650</speed><sat>39</sat></trkpt>
  <trkpt lat="39.07704146" lon="33.40917683"><ele>942.928</ele><time>2026-09-29T07:35:37Z</time><speed>0.910</speed><sat>39</sat></trkpt>
  <trkpt lat="39.07704758" lon="33.40917969"><ele>942.966</ele><time>2026-09-29T07:35:38Z</time><speed>0.820</speed><sat>39</sat></trkpt>
  <trkpt lat="39.07705307" lon="33.40918705"><ele>943.302</ele><time>2026-09-29T07:35:39Z</time><speed>0.990</speed><sat>38</sat></trkpt>
  <trkpt lat="39.07705556" lon="33.40919857"><ele>943.503</ele><time>2026-09-29T07:35:40Z</time><speed>1.180</speed><sat>38</sat></trkpt>
  <trkpt lat="39.07705527" lon="33.40920982"><ele>942.746</ele><time>2026-09-29T07:35:41Z</time><speed>0.980</speed><sat>38</sat></trkpt>
  <trkpt lat="39.07705276" lon="33.40922100"><ele>943.584</ele><time>2026-09-29T07:35:42Z</time><speed>1.080</speed><sat>38</sat></trkpt>
  <trkpt lat="39.07705033" lon="33.40923381"><ele>943.135</ele><time>2026-09-29T07:35:43Z</time><speed>1.180</speed><sat>39</sat></trkpt>
  <trkpt lat="39.07704858" lon="33.40924835"><ele>942.946</ele><time>2026-09-29T07:35:44Z</time><speed>1.250</speed><sat>39</sat></trkpt>
  <trkpt lat="39.07704611" lon="33.40926031"><ele>942.834</ele><time>2026-09-29T07:35:45Z</time><speed>1.170</speed><sat>39</sat></trkpt>
  <trkpt lat="39.07704505" lon="33.40927219"><ele>943.885</ele><time>2026-09-29T07:35:46Z</time><speed>1.140</speed><sat>39</sat></trkpt>
  <trkpt lat="39.07704266" lon="33.40928688"><ele>945.461</ele><time>2026-09-29T07:35:47Z</time><speed>1.440</speed><sat>39</sat></trkpt>
  <trkpt lat="39.07703594" lon="33.40930634"><ele>947.326</ele><time>2026-09-29T07:35:48Z</time><speed>2.140</speed><sat>39</sat></trkpt>
  <trkpt lat="39.07702885" lon="33.40932465"><ele>946.709</ele><time>2026-09-29T07:35:49Z</time><speed>1.940</speed><sat>38</sat></trkpt>
  <trkpt lat="39.07702294" lon="33.40933959"><ele>945.972</ele><time>2026-09-29T07:35:50Z</time><speed>1.720</speed><sat>39</sat></trkpt>
  <trkpt lat="39.07702252" lon="33.40934962"><ele>945.470</ele><time>2026-09-29T07:35:51Z</time><speed>1.250</speed><sat>39</sat></trkpt>
  <trkpt lat="39.07702797" lon="33.40935884"><ele>945.159</ele><time>2026-09-29T07:35:52Z</time><speed>1.300</speed><sat>39</sat></trkpt>
  <trkpt lat="39.07703729" lon="33.40936847"><ele>945.442</ele><time>2026-09-29T07:35:53Z</time><speed>1.140</speed><sat>39</sat></trkpt>
  <trkpt lat="39.07704932" lon="33.40937449"><ele>945.712</ele><time>2026-09-29T07:35:54Z</time><speed>1.000</speed><sat>39</sat></trkpt>
  <trkpt lat="39.07706114" lon="33.40937875"><ele>946.623</ele><time>2026-09-29T07:35:55Z</time><speed>0.950</speed><sat>39</sat></trkpt>
  <trkpt lat="39.07707613" lon="33.40938979"><ele>947.582</ele><time>2026-09-29T07:35:56Z</time><speed>2.170</speed><sat>39</sat></trkpt>
  <trkpt lat="39.07709161" lon="33.40939892"><ele>946.594</ele><time>2026-09-29T07:35:57Z</time><speed>1.250</speed><sat>38</sat></trkpt>
  <trkpt lat="39.07710224" lon="33.40940218"><ele>944.232</ele><time>2026-09-29T07:35:58Z</time><speed>0.930</speed><sat>39</sat></trkpt>
  <trkpt lat="39.07711059" lon="33.40940481"><ele>945.518</ele><time>2026-09-29T07:35:59Z</time><speed>0.910</speed><sat>39</sat></trkpt>
  <trkpt lat="39.07711634" lon="33.40940974"><ele>946.632</ele><time>2026-09-29T07:36:00Z</time><speed>0.890</speed><sat>39</sat></trkpt>
  <trkpt lat="39.07711827" lon="33.40941371"><ele>946.685</ele><time>2026-09-29T07:36:01Z</time><speed>0.610</speed><sat>39</sat></trkpt>
  <trkpt lat="39.07711575" lon="33.40941754"><ele>945.681</ele><time>2026-09-29T07:36:02Z</time><speed>0.890</speed><sat>39</sat></trkpt>
  <trkpt lat="39.07710588" lon="33.40941778"><ele>944.762</ele><time>2026-09-29T07:36:03Z</time><speed>1.550</speed><sat>39</sat></trkpt>
  <trkpt lat="39.07709494" lon="33.40942030"><ele>944.737</ele><time>2026-09-29T07:36:04Z</time><speed>1.170</speed><sat>39</sat></trkpt>
  <trkpt lat="39.07708853" lon="33.40942582"><ele>944.637</ele><time>2026-09-29T07:36:05Z</time><speed>0.960</speed><sat>38</sat></trkpt>
  <trkpt lat="39.07708355" lon="33.40943347"><ele>943.627</ele><time>2026-09-29T07:36:06Z</time><speed>1.010</speed><sat>39</sat></trkpt>
  <trkpt lat="39.07707948" lon="33.40944370"><ele>943.980</ele><time>2026-09-29T07:36:07Z</time><speed>0.970</speed><sat>39</sat></trkpt>
  <trkpt lat="39.07707363" lon="33.40945630"><ele>944.464</ele><time>2026-09-29T07:36:08Z</time><speed>1.290</speed><sat>39</sat></trkpt>
  <trkpt lat="39.07706869" lon="33.40946605"><ele>944.503</ele><time>2026-09-29T07:36:09Z</time><speed>0.740</speed><sat>39</sat></trkpt>
  <trkpt lat="39.07706766" lon="33.40947228"><ele>945.479</ele><time>2026-09-29T07:36:10Z</time><speed>0.420</speed><sat>39</sat></trkpt>
  <trkpt lat="39.07706188" lon="33.40947757"><ele>946.878</ele><time>2026-09-29T07:36:11Z</time><speed>1.300</speed><sat>39</sat></trkpt>
  <trkpt lat="39.07705167" lon="33.40948197"><ele>947.465</ele><time>2026-09-29T07:36:12Z</time><speed>1.220</speed><sat>39</sat></trkpt>
  <trkpt lat="39.07703957" lon="33.40948839"><ele>946.640</ele><time>2026-09-29T07:36:13Z</time><speed>1.470</speed><sat>39</sat></trkpt>
  <trkpt lat="39.07702708" lon="33.40949671"><ele>945.443</ele><time>2026-09-29T07:36:14Z</time><speed>1.490</speed><sat>39</sat></trkpt>
  <trkpt lat="39.07701984" lon="33.40950693"><ele>946.011</ele><time>2026-09-29T07:36:15Z</time><speed>0.790</speed><sat>39</sat></trkpt>
  <trkpt lat="39.07701372" lon="33.40951692"><ele>946.725</ele><time>2026-09-29T07:36:16Z</time><speed>1.190</speed><sat>39</sat></trkpt>
  <trkpt lat="39.07700842" lon="33.40952475"><ele>946.868</ele><time>2026-09-29T07:36:17Z</time><speed>0.510</speed><sat>39</sat></trkpt>
  <trkpt lat="39.07700286" lon="33.40953371"><ele>947.350</ele><time>2026-09-29T07:36:18Z</time><speed>1.160</speed><sat>38</sat></trkpt>
  <trkpt lat="39.07699532" lon="33.40954516"><ele>948.235</ele><time>2026-09-29T07:36:19Z</time><speed>1.170</speed><sat>39</sat></trkpt>
  <trkpt lat="39.07698947" lon="33.40955809"><ele>948.252</ele><time>2026-09-29T07:36:20Z</time><speed>1.120</speed><sat>39</sat></trkpt>
  <trkpt lat="39.07698249" lon="33.40957264"><ele>948.894</ele><time>2026-09-29T07:36:21Z</time><speed>1.270</speed><sat>39</sat></trkpt>
  <trkpt lat="39.07697422" lon="33.40958771"><ele>949.007</ele><time>2026-09-29T07:36:22Z</time><speed>1.450</speed><sat>39</sat></trkpt>
  <trkpt lat="39.07696553" lon="33.40960144"><ele>949.067</ele><time>2026-09-29T07:36:23Z</time><speed>1.230</speed><sat>39</sat></trkpt>
  <trkpt lat="39.07695661" lon="33.40961345"><ele>948.470</ele><time>2026-09-29T07:36:24Z</time><speed>1.340</speed><sat>39</sat></trkpt>
  <trkpt lat="39.07694862" lon="33.40962640"><ele>948.336</ele><time>2026-09-29T07:36:25Z</time><speed>1.440</speed><sat>38</sat></trkpt>
  <trkpt lat="39.07694207" lon="33.40963785"><ele>947.823</ele><time>2026-09-29T07:36:26Z</time><speed>1.260</speed><sat>38</sat></trkpt>
  <trkpt lat="39.07693509" lon="33.40964807"><ele>947.827</ele><time>2026-09-29T07:36:27Z</time><speed>1.270</speed><sat>38</sat></trkpt>
  <trkpt lat="39.07692791" lon="33.40965782"><ele>947.591</ele><time>2026-09-29T07:36:28Z</time><speed>1.200</speed><sat>38</sat></trkpt>
  <trkpt lat="39.07692008" lon="33.40966652"><ele>948.175</ele><time>2026-09-29T07:36:29Z</time><speed>1.150</speed><sat>38</sat></trkpt>
  <trkpt lat="39.07690924" lon="33.40967572"><ele>948.165</ele><time>2026-09-29T07:36:30Z</time><speed>1.530</speed><sat>38</sat></trkpt>
  <trkpt lat="39.07689540" lon="33.40968523"><ele>947.574</ele><time>2026-09-29T07:36:31Z</time><speed>1.610</speed><sat>38</sat></trkpt>
  <trkpt lat="39.07688036" lon="33.40969403"><ele>948.286</ele><time>2026-09-29T07:36:32Z</time><speed>1.610</speed><sat>39</sat></trkpt>
  <trkpt lat="39.07686649" lon="33.40970234"><ele>947.888</ele><time>2026-09-29T07:36:33Z</time><speed>1.430</speed><sat>39</sat></trkpt>
  <trkpt lat="39.07685453" lon="33.40971015"><ele>947.943</ele><time>2026-09-29T07:36:34Z</time><speed>1.310</speed><sat>39</sat></trkpt>
  <trkpt lat="39.07684393" lon="33.40971840"><ele>948.216</ele><time>2026-09-29T07:36:35Z</time><speed>1.260</speed><sat>39</sat></trkpt>
  <trkpt lat="39.07683456" lon="33.40972784"><ele>948.975</ele><time>2026-09-29T07:36:36Z</time><speed>1.270</speed><sat>39</sat></trkpt>
  <trkpt lat="39.07682674" lon="33.40974113"><ele>948.908</ele><time>2026-09-29T07:36:37Z</time><speed>1.400</speed><sat>39</sat></trkpt>
  <trkpt lat="39.07681989" lon="33.40975367"><ele>949.047</ele><time>2026-09-29T07:36:38Z</time><speed>1.190</speed><sat>38</sat></trkpt>
  <trkpt lat="39.07681316" lon="33.40976413"><ele>948.650</ele><time>2026-09-29T07:36:39Z</time><speed>1.220</speed><sat>37</sat></trkpt>
  <trkpt lat="39.07680409" lon="33.40977183"><ele>947.665</ele><time>2026-09-29T07:36:40Z</time><speed>1.280</speed><sat>36</sat></trkpt>
  <trkpt lat="39.07679420" lon="33.40978328"><ele>947.487</ele><time>2026-09-29T07:36:41Z</time><speed>1.450</speed><sat>39</sat></trkpt>
  <trkpt lat="39.07678549" lon="33.40979419"><ele>947.321</ele><time>2026-09-29T07:36:42Z</time><speed>1.070</speed><sat>39</sat></trkpt>
  <trkpt lat="39.07677784" lon="33.40980354"><ele>946.897</ele><time>2026-09-29T07:36:43Z</time><speed>1.060</speed><sat>39</sat></trkpt>
  <trkpt lat="39.07676997" lon="33.40981342"><ele>947.748</ele><time>2026-09-29T07:36:44Z</time><speed>1.140</speed><sat>39</sat></trkpt>
  <trkpt lat="39.07676019" lon="33.40982220"><ele>946.012</ele><time>2026-09-29T07:36:45Z</time><speed>1.190</speed><sat>39</sat></trkpt>
  <trkpt lat="39.07674910" lon="33.40983101"><ele>947.379</ele><time>2026-09-29T07:36:46Z</time><speed>1.320</speed><sat>39</sat></trkpt>
  <trkpt lat="39.07673987" lon="33.40984112"><ele>947.062</ele><time>2026-09-29T07:36:47Z</time><speed>1.130</speed><sat>39</sat></trkpt>
  <trkpt lat="39.07673373" lon="33.40985336"><ele>946.801</ele><time>2026-09-29T07:36:48Z</time><speed>1.250</speed><sat>39</sat></trkpt>
  <trkpt lat="39.07672964" lon="33.40986586"><ele>946.081</ele><time>2026-09-29T07:36:49Z</time><speed>0.980</speed><sat>39</sat></trkpt>
  <trkpt lat="39.07672773" lon="33.40987683"><ele>947.346</ele><time>2026-09-29T07:36:50Z</time><speed>0.850</speed><sat>38</sat></trkpt>
  <trkpt lat="39.07672648" lon="33.40988487"><ele>947.167</ele><time>2026-09-29T07:36:51Z</time><speed>0.520</speed><sat>38</sat></trkpt>
  <trkpt lat="39.07672739" lon="33.40988656"><ele>947.116</ele><time>2026-09-29T07:36:52Z</time><speed>0.000</speed><sat>38</sat></trkpt>
  <trkpt lat="39.07672823" lon="33.40988601"><ele>947.114</ele><time>2026-09-29T07:36:53Z</time><speed>0.000</speed><sat>38</sat></trkpt>
  <trkpt lat="39.07672772" lon="33.40988847"><ele>946.959</ele><time>2026-09-29T07:36:54Z</time><speed>0.300</speed><sat>36</sat></trkpt>
  <trkpt lat="39.07672715" lon="33.40989229"><ele>947.136</ele><time>2026-09-29T07:36:55Z</time><speed>0.270</speed><sat>36</sat></trkpt>
  <trkpt lat="39.07672714" lon="33.40989358"><ele>947.119</ele><time>2026-09-29T07:36:56Z</time><speed>0.000</speed><sat>36</sat></trkpt>
  <trkpt lat="39.07672730" lon="33.40989347"><ele>947.113</ele><time>2026-09-29T07:36:57Z</time><speed>0.000</speed><sat>36</sat></trkpt>
  <trkpt lat="39.07672737" lon="33.40989342"><ele>947.116</ele><time>2026-09-29T07:36:58Z</time><speed>0.000</speed><sat>35</sat></trkpt>
  <trkpt lat="39.07672705" lon="33.40989346"><ele>947.521</ele><time>2026-09-29T07:36:59Z</time><speed>0.000</speed><sat>35</sat></trkpt>
  <trkpt lat="39.07672676" lon="33.40989308"><ele>947.520</ele><time>2026-09-29T07:37:00Z</time><speed>0.000</speed><sat>36</sat></trkpt>
  <trkpt lat="39.07672665" lon="33.40989251"><ele>947.522</ele><time>2026-09-29T07:37:01Z</time><speed>0.000</speed><sat>37</sat></trkpt>
  <trkpt lat="39.07672659" lon="33.40989217"><ele>947.516</ele><time>2026-09-29T07:37:02Z</time><speed>0.000</speed><sat>37</sat></trkpt>
  <trkpt lat="39.07672657" lon="33.40989195"><ele>947.520</ele><time>2026-09-29T07:37:03Z</time><speed>0.000</speed><sat>37</sat></trkpt>
  <trkpt lat="39.07672659" lon="33.40989182"><ele>947.521</ele><time>2026-09-29T07:37:04Z</time><speed>0.000</speed><sat>37</sat></trkpt>
  <trkpt lat="39.07672658" lon="33.40989177"><ele>947.523</ele><time>2026-09-29T07:37:05Z</time><speed>0.000</speed><sat>38</sat></trkpt>
  <trkpt lat="39.07672822" lon="33.40989564"><ele>947.394</ele><time>2026-09-29T07:37:06Z</time><speed>0.500</speed><sat>38</sat></trkpt>
  <trkpt lat="39.07672746" lon="33.40990646"><ele>947.426</ele><time>2026-09-29T07:37:07Z</time><speed>1.100</speed><sat>38</sat></trkpt>
  <trkpt lat="39.07672650" lon="33.40992246"><ele>946.565</ele><time>2026-09-29T07:37:08Z</time><speed>1.320</speed><sat>38</sat></trkpt>
  <trkpt lat="39.07672484" lon="33.40993973"><ele>947.246</ele><time>2026-09-29T07:37:09Z</time><speed>1.400</speed><sat>39</sat></trkpt>
  <trkpt lat="39.07672224" lon="33.40995673"><ele>947.374</ele><time>2026-09-29T07:37:10Z</time><speed>1.350</speed><sat>39</sat></trkpt>
  <trkpt lat="39.07672072" lon="33.40997360"><ele>946.717</ele><time>2026-09-29T07:37:11Z</time><speed>1.310</speed><sat>39</sat></trkpt>
  <trkpt lat="39.07671980" lon="33.40999133"><ele>946.165</ele><time>2026-09-29T07:37:12Z</time><speed>1.510</speed><sat>38</sat></trkpt>
  <trkpt lat="39.07671656" lon="33.41000926"><ele>945.883</ele><time>2026-09-29T07:37:13Z</time><speed>1.410</speed><sat>37</sat></trkpt>
  <trkpt lat="39.07671446" lon="33.41002262"><ele>945.759</ele><time>2026-09-29T07:37:14Z</time><speed>0.880</speed><sat>37</sat></trkpt>
  <trkpt lat="39.07671275" lon="33.41003445"><ele>946.154</ele><time>2026-09-29T07:37:15Z</time><speed>1.180</speed><sat>37</sat></trkpt>
  <trkpt lat="39.07671193" lon="33.41004732"><ele>946.726</ele><time>2026-09-29T07:37:16Z</time><speed>1.070</speed><sat>37</sat></trkpt>
  <trkpt lat="39.07671338" lon="33.41006127"><ele>947.180</ele><time>2026-09-29T07:37:17Z</time><speed>1.190</speed><sat>37</sat></trkpt>
  <trkpt lat="39.07671474" lon="33.41007646"><ele>946.774</ele><time>2026-09-29T07:37:18Z</time><speed>1.250</speed><sat>37</sat></trkpt>
  <trkpt lat="39.07671539" lon="33.41009392"><ele>946.878</ele><time>2026-09-29T07:37:19Z</time><speed>1.380</speed><sat>37</sat></trkpt>
  <trkpt lat="39.07671679" lon="33.41011077"><ele>946.033</ele><time>2026-09-29T07:37:20Z</time><speed>1.280</speed><sat>37</sat></trkpt>
  <trkpt lat="39.07671855" lon="33.41012520"><ele>945.576</ele><time>2026-09-29T07:37:21Z</time><speed>1.120</speed><sat>37</sat></trkpt>
  <trkpt lat="39.07671761" lon="33.41014408"><ele>946.547</ele><time>2026-09-29T07:37:22Z</time><speed>1.430</speed><sat>37</sat></trkpt>
  <trkpt lat="39.07671508" lon="33.41016931"><ele>946.877</ele><time>2026-09-29T07:37:23Z</time><speed>1.990</speed><sat>38</sat></trkpt>
  <trkpt lat="39.07671339" lon="33.41019310"><ele>946.925</ele><time>2026-09-29T07:37:24Z</time><speed>1.530</speed><sat>38</sat></trkpt>
  <trkpt lat="39.07671336" lon="33.41021164"><ele>946.205</ele><time>2026-09-29T07:37:25Z</time><speed>1.310</speed><sat>39</sat></trkpt>
  <trkpt lat="39.07671591" lon="33.41022770"><ele>946.471</ele><time>2026-09-29T07:37:26Z</time><speed>1.350</speed><sat>39</sat></trkpt>
  <trkpt lat="39.07672059" lon="33.41024185"><ele>946.889</ele><time>2026-09-29T07:37:27Z</time><speed>1.280</speed><sat>39</sat></trkpt>
  <trkpt lat="39.07672509" lon="33.41025469"><ele>947.049</ele><time>2026-09-29T07:37:28Z</time><speed>1.120</speed><sat>39</sat></trkpt>
  <trkpt lat="39.07672845" lon="33.41026722"><ele>946.499</ele><time>2026-09-29T07:37:29Z</time><speed>1.180</speed><sat>39</sat></trkpt>
  <trkpt lat="39.07673120" lon="33.41027998"><ele>946.345</ele><time>2026-09-29T07:37:30Z</time><speed>1.170</speed><sat>39</sat></trkpt>
  <trkpt lat="39.07673384" lon="33.41029368"><ele>946.247</ele><time>2026-09-29T07:37:31Z</time><speed>1.280</speed><sat>39</sat></trkpt>
  <trkpt lat="39.07673698" lon="33.41030808"><ele>946.333</ele><time>2026-09-29T07:37:32Z</time><speed>1.330</speed><sat>39</sat></trkpt>
  <trkpt lat="39.07674073" lon="33.41032227"><ele>946.492</ele><time>2026-09-29T07:37:33Z</time><speed>1.260</speed><sat>39</sat></trkpt>
  <trkpt lat="39.07674550" lon="33.41033561"><ele>946.791</ele><time>2026-09-29T07:37:34Z</time><speed>1.340</speed><sat>38</sat></trkpt>
  <trkpt lat="39.07675122" lon="33.41034822"><ele>946.785</ele><time>2026-09-29T07:37:35Z</time><speed>1.280</speed><sat>38</sat></trkpt>
  <trkpt lat="39.07675797" lon="33.41035961"><ele>947.027</ele><time>2026-09-29T07:37:36Z</time><speed>1.240</speed><sat>38</sat></trkpt>
  <trkpt lat="39.07676474" lon="33.41037085"><ele>946.890</ele><time>2026-09-29T07:37:37Z</time><speed>1.280</speed><sat>38</sat></trkpt>
  <trkpt lat="39.07677045" lon="33.41038252"><ele>947.336</ele><time>2026-09-29T07:37:38Z</time><speed>1.180</speed><sat>38</sat></trkpt>
  <trkpt lat="39.07677438" lon="33.41039491"><ele>947.505</ele><time>2026-09-29T07:37:39Z</time><speed>1.200</speed><sat>38</sat></trkpt>
  <trkpt lat="39.07677589" lon="33.41040729"><ele>947.546</ele><time>2026-09-29T07:37:40Z</time><speed>1.090</speed><sat>38</sat></trkpt>
  <trkpt lat="39.07677464" lon="33.41042071"><ele>947.775</ele><time>2026-09-29T07:37:41Z</time><speed>1.230</speed><sat>37</sat></trkpt>
  <trkpt lat="39.07677012" lon="33.41043435"><ele>947.462</ele><time>2026-09-29T07:37:42Z</time><speed>1.290</speed><sat>38</sat></trkpt>
  <trkpt lat="39.07676337" lon="33.41044692"><ele>947.754</ele><time>2026-09-29T07:37:43Z</time><speed>1.310</speed><sat>38</sat></trkpt>
  <trkpt lat="39.07675528" lon="33.41045934"><ele>948.005</ele><time>2026-09-29T07:37:44Z</time><speed>1.390</speed><sat>38</sat></trkpt>
  <trkpt lat="39.07674627" lon="33.41047169"><ele>947.703</ele><time>2026-09-29T07:37:45Z</time><speed>1.370</speed><sat>38</sat></trkpt>
  <trkpt lat="39.07673692" lon="33.41048224"><ele>947.497</ele><time>2026-09-29T07:37:46Z</time><speed>1.370</speed><sat>38</sat></trkpt>
  <trkpt lat="39.07672602" lon="33.41049066"><ele>947.007</ele><time>2026-09-29T07:37:47Z</time><speed>1.390</speed><sat>38</sat></trkpt>
  <trkpt lat="39.07671451" lon="33.41049701"><ele>946.610</ele><time>2026-09-29T07:37:48Z</time><speed>1.340</speed><sat>37</sat></trkpt>
  <trkpt lat="39.07670471" lon="33.41050430"><ele>946.288</ele><time>2026-09-29T07:37:49Z</time><speed>1.220</speed><sat>37</sat></trkpt>
  <trkpt lat="39.07669703" lon="33.41051138"><ele>945.848</ele><time>2026-09-29T07:37:50Z</time><speed>1.070</speed><sat>37</sat></trkpt>
  <trkpt lat="39.07669033" lon="33.41051954"><ele>945.626</ele><time>2026-09-29T07:37:51Z</time><speed>1.080</speed><sat>37</sat></trkpt>
  <trkpt lat="39.07668412" lon="33.41053221"><ele>947.186</ele><time>2026-09-29T07:37:52Z</time><speed>1.280</speed><sat>37</sat></trkpt>
  <trkpt lat="39.07667796" lon="33.41054633"><ele>947.271</ele><time>2026-09-29T07:37:53Z</time><speed>1.300</speed><sat>37</sat></trkpt>
  <trkpt lat="39.07667210" lon="33.41055893"><ele>946.837</ele><time>2026-09-29T07:37:54Z</time><speed>1.290</speed><sat>37</sat></trkpt>
  <trkpt lat="39.07666612" lon="33.41057094"><ele>946.918</ele><time>2026-09-29T07:37:55Z</time><speed>1.290</speed><sat>37</sat></trkpt>
  <trkpt lat="39.07665896" lon="33.41058198"><ele>946.696</ele><time>2026-09-29T07:37:56Z</time><speed>1.310</speed><sat>37</sat></trkpt>
  <trkpt lat="39.07665183" lon="33.41059220"><ele>945.915</ele><time>2026-09-29T07:37:57Z</time><speed>1.250</speed><sat>37</sat></trkpt>
  <trkpt lat="39.07664387" lon="33.41060174"><ele>946.316</ele><time>2026-09-29T07:37:58Z</time><speed>1.280</speed><sat>37</sat></trkpt>
  <trkpt lat="39.07663441" lon="33.41060897"><ele>946.454</ele><time>2026-09-29T07:37:59Z</time><speed>1.360</speed><sat>38</sat></trkpt>
  <trkpt lat="39.07662469" lon="33.41061362"><ele>946.089</ele><time>2026-09-29T07:38:00Z</time><speed>1.100</speed><sat>38</sat></trkpt>
  <trkpt lat="39.07661505" lon="33.41061956"><ele>945.300</ele><time>2026-09-29T07:38:01Z</time><speed>1.330</speed><sat>38</sat></trkpt>
  <trkpt lat="39.07660422" lon="33.41062454"><ele>944.964</ele><time>2026-09-29T07:38:02Z</time><speed>1.320</speed><sat>38</sat></trkpt>
  <trkpt lat="39.07659417" lon="33.41063034"><ele>944.735</ele><time>2026-09-29T07:38:03Z</time><speed>1.310</speed><sat>38</sat></trkpt>
  <trkpt lat="39.07658504" lon="33.41064090"><ele>944.167</ele><time>2026-09-29T07:38:04Z</time><speed>1.640</speed><sat>38</sat></trkpt>
  <trkpt lat="39.07657355" lon="33.41065265"><ele>944.466</ele><time>2026-09-29T07:38:05Z</time><speed>1.810</speed><sat>38</sat></trkpt>
  <trkpt lat="39.07656220" lon="33.41066310"><ele>945.697</ele><time>2026-09-29T07:38:06Z</time><speed>1.600</speed><sat>38</sat></trkpt>
  <trkpt lat="39.07655154" lon="33.41067068"><ele>946.349</ele><time>2026-09-29T07:38:07Z</time><speed>1.480</speed><sat>37</sat></trkpt>
  <trkpt lat="39.07653924" lon="33.41067625"><ele>946.331</ele><time>2026-09-29T07:38:08Z</time><speed>1.590</speed><sat>37</sat></trkpt>
  <trkpt lat="39.07652644" lon="33.41068418"><ele>946.666</ele><time>2026-09-29T07:38:09Z</time><speed>1.540</speed><sat>37</sat></trkpt>
  <trkpt lat="39.07651349" lon="33.41068810"><ele>946.317</ele><time>2026-09-29T07:38:10Z</time><speed>1.380</speed><sat>36</sat></trkpt>
  <trkpt lat="39.07649890" lon="33.41068933"><ele>945.983</ele><time>2026-09-29T07:38:11Z</time><speed>1.560</speed><sat>37</sat></trkpt>
  <trkpt lat="39.07648497" lon="33.41068849"><ele>945.441</ele><time>2026-09-29T07:38:12Z</time><speed>1.420</speed><sat>37</sat></trkpt>
  <trkpt lat="39.07647248" lon="33.41068946"><ele>945.685</ele><time>2026-09-29T07:38:13Z</time><speed>1.250</speed><sat>36</sat></trkpt>
  <trkpt lat="39.07645750" lon="33.41068852"><ele>946.146</ele><time>2026-09-29T07:38:14Z</time><speed>1.910</speed><sat>36</sat></trkpt>
  <trkpt lat="39.07643992" lon="33.41069022"><ele>946.596</ele><time>2026-09-29T07:38:15Z</time><speed>2.020</speed><sat>34</sat></trkpt>
  <trkpt lat="39.07642513" lon="33.41069290"><ele>947.638</ele><time>2026-09-29T07:38:16Z</time><speed>1.620</speed><sat>33</sat></trkpt>
  <trkpt lat="39.07641405" lon="33.41069738"><ele>947.522</ele><time>2026-09-29T07:38:17Z</time><speed>1.390</speed><sat>34</sat></trkpt>
  <trkpt lat="39.07640367" lon="33.41070433"><ele>947.028</ele><time>2026-09-29T07:38:18Z</time><speed>1.360</speed><sat>33</sat></trkpt>
  <trkpt lat="39.07639392" lon="33.41071128"><ele>946.788</ele><time>2026-09-29T07:38:19Z</time><speed>1.300</speed><sat>33</sat></trkpt>
  <trkpt lat="39.07638292" lon="33.41072899"><ele>946.544</ele><time>2026-09-29T07:38:20Z</time><speed>1.850</speed><sat>33</sat></trkpt>
  <trkpt lat="39.07637217" lon="33.41074721"><ele>947.335</ele><time>2026-09-29T07:38:21Z</time><speed>1.480</speed><sat>36</sat></trkpt>
  <trkpt lat="39.07636643" lon="33.41076604"><ele>948.180</ele><time>2026-09-29T07:38:22Z</time><speed>1.450</speed><sat>36</sat></trkpt>
  <trkpt lat="39.07635862" lon="33.41078592"><ele>948.562</ele><time>2026-09-29T07:38:23Z</time><speed>1.620</speed><sat>36</sat></trkpt>
  <trkpt lat="39.07634161" lon="33.41080798"><ele>947.062</ele><time>2026-09-29T07:38:24Z</time><speed>2.860</speed><sat>36</sat></trkpt>
  <trkpt lat="39.07632494" lon="33.41082734"><ele>946.447</ele><time>2026-09-29T07:38:25Z</time><speed>1.950</speed><sat>36</sat></trkpt>
  <trkpt lat="39.07631481" lon="33.41083712"><ele>945.289</ele><time>2026-09-29T07:38:26Z</time><speed>1.790</speed><sat>36</sat></trkpt>
  <trkpt lat="39.07630520" lon="33.41084554"><ele>945.711</ele><time>2026-09-29T07:38:27Z</time><speed>1.780</speed><sat>36</sat></trkpt>
  <trkpt lat="39.07629486" lon="33.41085396"><ele>946.101</ele><time>2026-09-29T07:38:28Z</time><speed>1.860</speed><sat>36</sat></trkpt>
  <trkpt lat="39.07628416" lon="33.41086222"><ele>946.179</ele><time>2026-09-29T07:38:29Z</time><speed>1.760</speed><sat>36</sat></trkpt>
  <trkpt lat="39.07627574" lon="33.41087275"><ele>945.417</ele><time>2026-09-29T07:38:30Z</time><speed>1.720</speed><sat>36</sat></trkpt>
  <trkpt lat="39.07626742" lon="33.41088452"><ele>945.398</ele><time>2026-09-29T07:38:31Z</time><speed>1.690</speed><sat>37</sat></trkpt>
  <trkpt lat="39.07625855" lon="33.41089914"><ele>944.528</ele><time>2026-09-29T07:38:32Z</time><speed>1.720</speed><sat>37</sat></trkpt>
  <trkpt lat="39.07625055" lon="33.41091585"><ele>944.501</ele><time>2026-09-29T07:38:33Z</time><speed>1.710</speed><sat>37</sat></trkpt>
  <trkpt lat="39.07624374" lon="33.41092671"><ele>946.051</ele><time>2026-09-29T07:38:34Z</time><speed>1.410</speed><sat>36</sat></trkpt>
  <trkpt lat="39.07623546" lon="33.41093689"><ele>945.145</ele><time>2026-09-29T07:38:35Z</time><speed>1.580</speed><sat>37</sat></trkpt>
  <trkpt lat="39.07622761" lon="33.41094623"><ele>946.383</ele><time>2026-09-29T07:38:36Z</time><speed>1.350</speed><sat>37</sat></trkpt>
  <trkpt lat="39.07622041" lon="33.41095594"><ele>946.513</ele><time>2026-09-29T07:38:37Z</time><speed>1.340</speed><sat>37</sat></trkpt>
  <trkpt lat="39.07621766" lon="33.41096400"><ele>949.156</ele><time>2026-09-29T07:38:38Z</time><speed>0.790</speed><sat>37</sat></trkpt>
  <trkpt lat="39.07621225" lon="33.41096770"><ele>948.733</ele><time>2026-09-29T07:38:39Z</time><speed>1.410</speed><sat>37</sat></trkpt>
  <trkpt lat="39.07620277" lon="33.41097521"><ele>948.489</ele><time>2026-09-29T07:38:40Z</time><speed>1.420</speed><sat>37</sat></trkpt>
  <trkpt lat="39.07619582" lon="33.41098102"><ele>946.713</ele><time>2026-09-29T07:38:41Z</time><speed>1.160</speed><sat>36</sat></trkpt>
  <trkpt lat="39.07619084" lon="33.41098942"><ele>946.058</ele><time>2026-09-29T07:38:42Z</time><speed>1.230</speed><sat>36</sat></trkpt>
  <trkpt lat="39.07618437" lon="33.41099837"><ele>945.952</ele><time>2026-09-29T07:38:43Z</time><speed>1.330</speed><sat>36</sat></trkpt>
  <trkpt lat="39.07617966" lon="33.41100658"><ele>946.375</ele><time>2026-09-29T07:38:44Z</time><speed>0.910</speed><sat>36</sat></trkpt>
  <trkpt lat="39.07617509" lon="33.41102141"><ele>947.109</ele><time>2026-09-29T07:38:45Z</time><speed>1.390</speed><sat>36</sat></trkpt>
  <trkpt lat="39.07616874" lon="33.41104954"><ele>947.147</ele><time>2026-09-29T07:38:46Z</time><speed>2.550</speed><sat>36</sat></trkpt>
  <trkpt lat="39.07615719" lon="33.41107749"><ele>946.403</ele><time>2026-09-29T07:38:47Z</time><speed>2.100</speed><sat>35</sat></trkpt>
  <trkpt lat="39.07615075" lon="33.41110105"><ele>946.835</ele><time>2026-09-29T07:38:48Z</time><speed>1.900</speed><sat>36</sat></trkpt>
  <trkpt lat="39.07614708" lon="33.41112057"><ele>947.364</ele><time>2026-09-29T07:38:49Z</time><speed>1.490</speed><sat>37</sat></trkpt>
  <trkpt lat="39.07614579" lon="33.41113611"><ele>947.140</ele><time>2026-09-29T07:38:50Z</time><speed>1.340</speed><sat>37</sat></trkpt>
  <trkpt lat="39.07614646" lon="33.41115160"><ele>947.373</ele><time>2026-09-29T07:38:51Z</time><speed>1.360</speed><sat>38</sat></trkpt>
  <trkpt lat="39.07614901" lon="33.41116819"><ele>947.319</ele><time>2026-09-29T07:38:52Z</time><speed>1.420</speed><sat>38</sat></trkpt>
  <trkpt lat="39.07615252" lon="33.41118404"><ele>947.432</ele><time>2026-09-29T07:38:53Z</time><speed>1.250</speed><sat>38</sat></trkpt>
  <trkpt lat="39.07615684" lon="33.41119939"><ele>947.596</ele><time>2026-09-29T07:38:54Z</time><speed>1.290</speed><sat>38</sat></trkpt>
  <trkpt lat="39.07616184" lon="33.41121343"><ele>947.807</ele><time>2026-09-29T07:38:55Z</time><speed>1.150</speed><sat>38</sat></trkpt>
  <trkpt lat="39.07616675" lon="33.41122456"><ele>947.795</ele><time>2026-09-29T07:38:56Z</time><speed>0.930</speed><sat>38</sat></trkpt>
  <trkpt lat="39.07617023" lon="33.41122960"><ele>948.136</ele><time>2026-09-29T07:38:57Z</time><speed>0.190</speed><sat>38</sat></trkpt>
  <trkpt lat="39.07617435" lon="33.41122816"><ele>948.123</ele><time>2026-09-29T07:38:58Z</time><speed>0.000</speed><sat>38</sat></trkpt>
  <trkpt lat="39.07617624" lon="33.41122690"><ele>948.117</ele><time>2026-09-29T07:38:59Z</time><speed>0.000</speed><sat>38</sat></trkpt>
  <trkpt lat="39.07617715" lon="33.41122627"><ele>948.110</ele><time>2026-09-29T07:39:00Z</time><speed>0.000</speed><sat>38</sat></trkpt>
  <trkpt lat="39.07617757" lon="33.41122596"><ele>948.105</ele><time>2026-09-29T07:39:01Z</time><speed>0.000</speed><sat>38</sat></trkpt>
  <trkpt lat="39.07617776" lon="33.41122581"><ele>948.100</ele><time>2026-09-29T07:39:02Z</time><speed>0.000</speed><sat>38</sat></trkpt>
  <trkpt lat="39.07617785" lon="33.41122574"><ele>948.104</ele><time>2026-09-29T07:39:03Z</time><speed>0.000</speed><sat>38</sat></trkpt>
  <trkpt lat="39.07617789" lon="33.41122571"><ele>948.105</ele><time>2026-09-29T07:39:04Z</time><speed>0.000</speed><sat>38</sat></trkpt>
  <trkpt lat="39.07617791" lon="33.41122571"><ele>948.107</ele><time>2026-09-29T07:39:05Z</time><speed>0.000</speed><sat>38</sat></trkpt>
  <trkpt lat="39.07617791" lon="33.41122572"><ele>948.109</ele><time>2026-09-29T07:39:06Z</time><speed>0.000</speed><sat>38</sat></trkpt>
  <trkpt lat="39.07617791" lon="33.41122573"><ele>948.110</ele><time>2026-09-29T07:39:07Z</time><speed>0.000</speed><sat>38</sat></trkpt>
  <trkpt lat="39.07617793" lon="33.41122575"><ele>948.114</ele><time>2026-09-29T07:39:08Z</time><speed>0.000</speed><sat>38</sat></trkpt>
  <trkpt lat="39.07617795" lon="33.41122576"><ele>948.116</ele><time>2026-09-29T07:39:09Z</time><speed>0.000</speed><sat>38</sat></trkpt>
  <trkpt lat="39.07617797" lon="33.41122577"><ele>948.123</ele><time>2026-09-29T07:39:10Z</time><speed>0.000</speed><sat>38</sat></trkpt>
  <trkpt lat="39.07617797" lon="33.41122577"><ele>948.130</ele><time>2026-09-29T07:39:11Z</time><speed>0.000</speed><sat>38</sat></trkpt>
  <trkpt lat="39.07617797" lon="33.41122577"><ele>948.133</ele><time>2026-09-29T07:39:12Z</time><speed>0.000</speed><sat>36</sat></trkpt>
  <trkpt lat="39.07617796" lon="33.41122577"><ele>948.136</ele><time>2026-09-29T07:39:13Z</time><speed>0.000</speed><sat>36</sat></trkpt>
  <trkpt lat="39.07617795" lon="33.41122577"><ele>948.140</ele><time>2026-09-29T07:39:14Z</time><speed>0.000</speed><sat>36</sat></trkpt>
  <trkpt lat="39.07617794" lon="33.41122576"><ele>948.142</ele><time>2026-09-29T07:39:15Z</time><speed>0.000</speed><sat>36</sat></trkpt>
  <trkpt lat="39.07617793" lon="33.41122576"><ele>948.143</ele><time>2026-09-29T07:39:16Z</time><speed>0.000</speed><sat>36</sat></trkpt>
  <trkpt lat="39.07617792" lon="33.41122574"><ele>948.140</ele><time>2026-09-29T07:39:17Z</time><speed>0.000</speed><sat>36</sat></trkpt>
  <trkpt lat="39.07617791" lon="33.41122573"><ele>948.139</ele><time>2026-09-29T07:39:18Z</time><speed>0.000</speed><sat>35</sat></trkpt>
  <trkpt lat="39.07617790" lon="33.41122571"><ele>948.136</ele><time>2026-09-29T07:39:19Z</time><speed>0.000</speed><sat>36</sat></trkpt>
  <trkpt lat="39.07617790" lon="33.41122570"><ele>948.133</ele><time>2026-09-29T07:39:20Z</time><speed>0.000</speed><sat>36</sat></trkpt>
  <trkpt lat="39.07617790" lon="33.41122569"><ele>948.130</ele><time>2026-09-29T07:39:21Z</time><speed>0.000</speed><sat>36</sat></trkpt>
  <trkpt lat="39.07617790" lon="33.41122568"><ele>948.124</ele><time>2026-09-29T07:39:22Z</time><speed>0.000</speed><sat>36</sat></trkpt>
  <trkpt lat="39.07617790" lon="33.41122566"><ele>948.117</ele><time>2026-09-29T07:39:23Z</time><speed>0.000</speed><sat>36</sat></trkpt>
  <trkpt lat="39.07617791" lon="33.41122564"><ele>948.115</ele><time>2026-09-29T07:39:24Z</time><speed>0.000</speed><sat>36</sat></trkpt>
  <trkpt lat="39.07617790" lon="33.41122564"><ele>948.112</ele><time>2026-09-29T07:39:25Z</time><speed>0.000</speed><sat>38</sat></trkpt>
  <trkpt lat="39.07617790" lon="33.41122564"><ele>948.114</ele><time>2026-09-29T07:39:26Z</time><speed>0.000</speed><sat>38</sat></trkpt>
  <trkpt lat="39.07617788" lon="33.41122563"><ele>948.114</ele><time>2026-09-29T07:39:27Z</time><speed>0.000</speed><sat>38</sat></trkpt>
  <trkpt lat="39.07617785" lon="33.41122562"><ele>948.117</ele><time>2026-09-29T07:39:28Z</time><speed>0.000</speed><sat>38</sat></trkpt>
  <trkpt lat="39.07617784" lon="33.41122561"><ele>948.116</ele><time>2026-09-29T07:39:29Z</time><speed>0.000</speed><sat>38</sat></trkpt>
  <trkpt lat="39.07617857" lon="33.41122632"><ele>947.703</ele><time>2026-09-29T07:39:30Z</time><speed>0.000</speed><sat>38</sat></trkpt>
  <trkpt lat="39.07617928" lon="33.41122698"><ele>947.702</ele><time>2026-09-29T07:39:31Z</time><speed>0.000</speed><sat>38</sat></trkpt>
  <trkpt lat="39.07617962" lon="33.41122726"><ele>947.704</ele><time>2026-09-29T07:39:32Z</time><speed>0.000</speed><sat>37</sat></trkpt>
  <trkpt lat="39.07617927" lon="33.41122689"><ele>947.849</ele><time>2026-09-29T07:39:33Z</time><speed>0.000</speed><sat>37</sat></trkpt>
  <trkpt lat="39.07617948" lon="33.41122603"><ele>947.545</ele><time>2026-09-29T07:39:34Z</time><speed>0.000</speed><sat>37</sat></trkpt>
  <trkpt lat="39.07617960" lon="33.41122469"><ele>947.553</ele><time>2026-09-29T07:39:35Z</time><speed>0.000</speed><sat>37</sat></trkpt>
  <trkpt lat="39.07617956" lon="33.41122410"><ele>947.555</ele><time>2026-09-29T07:39:36Z</time><speed>0.000</speed><sat>37</sat></trkpt>
  <trkpt lat="39.07617952" lon="33.41122379"><ele>947.558</ele><time>2026-09-29T07:39:37Z</time><speed>0.000</speed><sat>37</sat></trkpt>
  <trkpt lat="39.07617947" lon="33.41122365"><ele>947.563</ele><time>2026-09-29T07:39:38Z</time><speed>0.000</speed><sat>37</sat></trkpt>
  <trkpt lat="39.07617944" lon="33.41122359"><ele>947.566</ele><time>2026-09-29T07:39:39Z</time><speed>0.000</speed><sat>36</sat></trkpt>
  <trkpt lat="39.07617941" lon="33.41122357"><ele>947.571</ele><time>2026-09-29T07:39:40Z</time><speed>0.000</speed><sat>37</sat></trkpt>
  <trkpt lat="39.07617938" lon="33.41122357"><ele>947.574</ele><time>2026-09-29T07:39:41Z</time><speed>0.000</speed><sat>37</sat></trkpt>
  <trkpt lat="39.07617935" lon="33.41122358"><ele>947.579</ele><time>2026-09-29T07:39:42Z</time><speed>0.000</speed><sat>37</sat></trkpt>
  <trkpt lat="39.07617933" lon="33.41122358"><ele>947.584</ele><time>2026-09-29T07:39:43Z</time><speed>0.000</speed><sat>36</sat></trkpt>
  <trkpt lat="39.07618098" lon="33.41122404"><ele>947.507</ele><time>2026-09-29T07:39:44Z</time><speed>0.290</speed><sat>36</sat></trkpt>
  <trkpt lat="39.07618458" lon="33.41122771"><ele>947.486</ele><time>2026-09-29T07:39:45Z</time><speed>0.680</speed><sat>36</sat></trkpt>
  <trkpt lat="39.07618769" lon="33.41123280"><ele>947.346</ele><time>2026-09-29T07:39:46Z</time><speed>0.440</speed><sat>37</sat></trkpt>
  <trkpt lat="39.07618771" lon="33.41123485"><ele>947.355</ele><time>2026-09-29T07:39:47Z</time><speed>0.000</speed><sat>38</sat></trkpt>
  <trkpt lat="39.07618717" lon="33.41123525"><ele>947.356</ele><time>2026-09-29T07:39:48Z</time><speed>0.000</speed><sat>38</sat></trkpt>
  <trkpt lat="39.07618695" lon="33.41123573"><ele>947.358</ele><time>2026-09-29T07:39:49Z</time><speed>0.000</speed><sat>38</sat></trkpt>
  <trkpt lat="39.07618688" lon="33.41123618"><ele>947.361</ele><time>2026-09-29T07:39:50Z</time><speed>0.000</speed><sat>38</sat></trkpt>
  <trkpt lat="39.07618687" lon="33.41123659"><ele>947.366</ele><time>2026-09-29T07:39:51Z</time><speed>0.000</speed><sat>38</sat></trkpt>
  <trkpt lat="39.07618690" lon="33.41123693"><ele>947.369</ele><time>2026-09-29T07:39:52Z</time><speed>0.000</speed><sat>38</sat></trkpt>
  <trkpt lat="39.07618694" lon="33.41123721"><ele>947.374</ele><time>2026-09-29T07:39:53Z</time><speed>0.000</speed><sat>38</sat></trkpt>
  <trkpt lat="39.07618698" lon="33.41123743"><ele>947.376</ele><time>2026-09-29T07:39:54Z</time><speed>0.000</speed><sat>38</sat></trkpt>
  <trkpt lat="39.07618702" lon="33.41123761"><ele>947.382</ele><time>2026-09-29T07:39:55Z</time><speed>0.000</speed><sat>38</sat></trkpt>
  <trkpt lat="39.07618894" lon="33.41123782"><ele>947.302</ele><time>2026-09-29T07:39:56Z</time><speed>0.350</speed><sat>38</sat></trkpt>
  <trkpt lat="39.07619315" lon="33.41124149"><ele>947.618</ele><time>2026-09-29T07:39:57Z</time><speed>0.690</speed><sat>38</sat></trkpt>
  <trkpt lat="39.07619953" lon="33.41124712"><ele>947.930</ele><time>2026-09-29T07:39:58Z</time><speed>0.940</speed><sat>38</sat></trkpt>
  <trkpt lat="39.07620746" lon="33.41125235"><ele>947.984</ele><time>2026-09-29T07:39:59Z</time><speed>1.040</speed><sat>38</sat></trkpt>
  <trkpt lat="39.07621631" lon="33.41125525"><ele>948.128</ele><time>2026-09-29T07:40:00Z</time><speed>1.070</speed><sat>38</sat></trkpt>
  <trkpt lat="39.07622587" lon="33.41125589"><ele>948.249</ele><time>2026-09-29T07:40:01Z</time><speed>1.060</speed><sat>38</sat></trkpt>
  <trkpt lat="39.07623591" lon="33.41125448"><ele>948.356</ele><time>2026-09-29T07:40:02Z</time><speed>1.110</speed><sat>38</sat></trkpt>
  <trkpt lat="39.07624593" lon="33.41125103"><ele>948.543</ele><time>2026-09-29T07:40:03Z</time><speed>1.020</speed><sat>38</sat></trkpt>
  <trkpt lat="39.07625633" lon="33.41124589"><ele>948.864</ele><time>2026-09-29T07:40:04Z</time><speed>1.250</speed><sat>38</sat></trkpt>
  <trkpt lat="39.07626674" lon="33.41123945"><ele>949.051</ele><time>2026-09-29T07:40:05Z</time><speed>1.160</speed><sat>38</sat></trkpt>
  <trkpt lat="39.07627684" lon="33.41123278"><ele>949.191</ele><time>2026-09-29T07:40:06Z</time><speed>1.190</speed><sat>38</sat></trkpt>
  <trkpt lat="39.07628703" lon="33.41122556"><ele>949.183</ele><time>2026-09-29T07:40:07Z</time><speed>1.230</speed><sat>38</sat></trkpt>
  <trkpt lat="39.07629679" lon="33.41121868"><ele>949.259</ele><time>2026-09-29T07:40:08Z</time><speed>1.180</speed><sat>38</sat></trkpt>
  <trkpt lat="39.07630642" lon="33.41121227"><ele>949.434</ele><time>2026-09-29T07:40:09Z</time><speed>1.180</speed><sat>38</sat></trkpt>
  <trkpt lat="39.07631568" lon="33.41120689"><ele>949.407</ele><time>2026-09-29T07:40:10Z</time><speed>1.130</speed><sat>38</sat></trkpt>
  <trkpt lat="39.07632447" lon="33.41120248"><ele>949.807</ele><time>2026-09-29T07:40:11Z</time><speed>1.110</speed><sat>38</sat></trkpt>
  <trkpt lat="39.07633304" lon="33.41119797"><ele>949.964</ele><time>2026-09-29T07:40:12Z</time><speed>1.090</speed><sat>38</sat></trkpt>
  <trkpt lat="39.07634164" lon="33.41119313"><ele>949.994</ele><time>2026-09-29T07:40:13Z</time><speed>1.070</speed><sat>38</sat></trkpt>
  <trkpt lat="39.07634967" lon="33.41118849"><ele>950.167</ele><time>2026-09-29T07:40:14Z</time><speed>1.040</speed><sat>38</sat></trkpt>
  <trkpt lat="39.07635756" lon="33.41118390"><ele>950.284</ele><time>2026-09-29T07:40:15Z</time><speed>1.070</speed><sat>38</sat></trkpt>
  <trkpt lat="39.07636558" lon="33.41117820"><ele>950.515</ele><time>2026-09-29T07:40:16Z</time><speed>1.110</speed><sat>39</sat></trkpt>
  <trkpt lat="39.07637420" lon="33.41117115"><ele>950.674</ele><time>2026-09-29T07:40:17Z</time><speed>1.260</speed><sat>39</sat></trkpt>
  <trkpt lat="39.07638302" lon="33.41116349"><ele>950.776</ele><time>2026-09-29T07:40:18Z</time><speed>1.150</speed><sat>39</sat></trkpt>
  <trkpt lat="39.07639047" lon="33.41115661"><ele>950.694</ele><time>2026-09-29T07:40:19Z</time><speed>0.990</speed><sat>39</sat></trkpt>
  <trkpt lat="39.07639707" lon="33.41115128"><ele>950.664</ele><time>2026-09-29T07:40:20Z</time><speed>0.890</speed><sat>39</sat></trkpt>
  <trkpt lat="39.07640408" lon="33.41114751"><ele>950.834</ele><time>2026-09-29T07:40:21Z</time><speed>0.860</speed><sat>39</sat></trkpt>
  <trkpt lat="39.07640899" lon="33.41114581"><ele>950.969</ele><time>2026-09-29T07:40:22Z</time><speed>0.390</speed><sat>39</sat></trkpt>
  <trkpt lat="39.07640921" lon="33.41114720"><ele>950.977</ele><time>2026-09-29T07:40:23Z</time><speed>0.000</speed><sat>39</sat></trkpt>
  <trkpt lat="39.07640846" lon="33.41114812"><ele>950.980</ele><time>2026-09-29T07:40:24Z</time><speed>0.000</speed><sat>39</sat></trkpt>
  <trkpt lat="39.07640809" lon="33.41114855"><ele>950.982</ele><time>2026-09-29T07:40:25Z</time><speed>0.000</speed><sat>39</sat></trkpt>
  <trkpt lat="39.07640791" lon="33.41114876"><ele>950.984</ele><time>2026-09-29T07:40:26Z</time><speed>0.000</speed><sat>39</sat></trkpt>
  <trkpt lat="39.07640781" lon="33.41114884"><ele>950.986</ele><time>2026-09-29T07:40:27Z</time><speed>0.000</speed><sat>39</sat></trkpt>
  <trkpt lat="39.07640776" lon="33.41114887"><ele>950.990</ele><time>2026-09-29T07:40:28Z</time><speed>0.000</speed><sat>39</sat></trkpt>
  <trkpt lat="39.07640774" lon="33.41114886"><ele>950.991</ele><time>2026-09-29T07:40:29Z</time><speed>0.000</speed><sat>39</sat></trkpt>
  <trkpt lat="39.07640773" lon="33.41114883"><ele>950.992</ele><time>2026-09-29T07:40:30Z</time><speed>0.000</speed><sat>39</sat></trkpt>
  <trkpt lat="39.07640772" lon="33.41114879"><ele>950.995</ele><time>2026-09-29T07:40:31Z</time><speed>0.000</speed><sat>39</sat></trkpt>
  <trkpt lat="39.07640771" lon="33.41114875"><ele>950.997</ele><time>2026-09-29T07:40:32Z</time><speed>0.000</speed><sat>39</sat></trkpt>
  <trkpt lat="39.07640771" lon="33.41114872"><ele>950.997</ele><time>2026-09-29T07:40:33Z</time><speed>0.000</speed><sat>39</sat></trkpt>
  <trkpt lat="39.07640769" lon="33.41114870"><ele>950.999</ele><time>2026-09-29T07:40:34Z</time><speed>0.000</speed><sat>39</sat></trkpt>
  <trkpt lat="39.07640767" lon="33.41114868"><ele>950.997</ele><time>2026-09-29T07:40:35Z</time><speed>0.000</speed><sat>39</sat></trkpt>
  <trkpt lat="39.07640766" lon="33.41114866"><ele>950.998</ele><time>2026-09-29T07:40:36Z</time><speed>0.000</speed><sat>39</sat></trkpt>
  <trkpt lat="39.07640765" lon="33.41114864"><ele>950.996</ele><time>2026-09-29T07:40:37Z</time><speed>0.000</speed><sat>39</sat></trkpt>
  <trkpt lat="39.07640765" lon="33.41114862"><ele>950.994</ele><time>2026-09-29T07:40:38Z</time><speed>0.000</speed><sat>39</sat></trkpt>
  <trkpt lat="39.07640764" lon="33.41114860"><ele>950.995</ele><time>2026-09-29T07:40:39Z</time><speed>0.000</speed><sat>39</sat></trkpt>
  <trkpt lat="39.07640763" lon="33.41114859"><ele>950.996</ele><time>2026-09-29T07:40:40Z</time><speed>0.000</speed><sat>39</sat></trkpt>
  <trkpt lat="39.07640762" lon="33.41114860"><ele>950.997</ele><time>2026-09-29T07:40:41Z</time><speed>0.000</speed><sat>39</sat></trkpt>
  <trkpt lat="39.07640761" lon="33.41114859"><ele>950.997</ele><time>2026-09-29T07:40:42Z</time><speed>0.000</speed><sat>39</sat></trkpt>
  <trkpt lat="39.07640760" lon="33.41114859"><ele>951.000</ele><time>2026-09-29T07:40:43Z</time><speed>0.000</speed><sat>39</sat></trkpt>
  <trkpt lat="39.07640759" lon="33.41114858"><ele>951.000</ele><time>2026-09-29T07:40:44Z</time><speed>0.000</speed><sat>39</sat></trkpt>
  <trkpt lat="39.07640758" lon="33.41114858"><ele>951.002</ele><time>2026-09-29T07:40:45Z</time><speed>0.000</speed><sat>39</sat></trkpt>
  <trkpt lat="39.07640757" lon="33.41114858"><ele>951.004</ele><time>2026-09-29T07:40:46Z</time><speed>0.000</speed><sat>39</sat></trkpt>
  <trkpt lat="39.07640756" lon="33.41114858"><ele>951.008</ele><time>2026-09-29T07:40:47Z</time><speed>0.000</speed><sat>39</sat></trkpt>
  <trkpt lat="39.07640754" lon="33.41114858"><ele>951.007</ele><time>2026-09-29T07:40:48Z</time><speed>0.000</speed><sat>39</sat></trkpt>
  <trkpt lat="39.07640753" lon="33.41114856"><ele>951.009</ele><time>2026-09-29T07:40:49Z</time><speed>0.000</speed><sat>39</sat></trkpt>
  <trkpt lat="39.07640859" lon="33.41114823"><ele>950.953</ele><time>2026-09-29T07:40:50Z</time><speed>0.220</speed><sat>39</sat></trkpt>
  <trkpt lat="39.07641152" lon="33.41114781"><ele>950.989</ele><time>2026-09-29T07:40:51Z</time><speed>0.370</speed><sat>39</sat></trkpt>
  <trkpt lat="39.07641554" lon="33.41114698"><ele>951.007</ele><time>2026-09-29T07:40:52Z</time><speed>0.450</speed><sat>39</sat></trkpt>
  <trkpt lat="39.07642165" lon="33.41114601"><ele>950.936</ele><time>2026-09-29T07:40:53Z</time><speed>0.800</speed><sat>39</sat></trkpt>
  <trkpt lat="39.07642934" lon="33.41114474"><ele>951.064</ele><time>2026-09-29T07:40:54Z</time><speed>0.850</speed><sat>39</sat></trkpt>
  <trkpt lat="39.07643672" lon="33.41114187"><ele>951.065</ele><time>2026-09-29T07:40:55Z</time><speed>0.830</speed><sat>39</sat></trkpt>
  <trkpt lat="39.07644365" lon="33.41113718"><ele>951.003</ele><time>2026-09-29T07:40:56Z</time><speed>0.870</speed><sat>39</sat></trkpt>
  <trkpt lat="39.07644999" lon="33.41113182"><ele>951.342</ele><time>2026-09-29T07:40:57Z</time><speed>0.810</speed><sat>39</sat></trkpt>
  <trkpt lat="39.07645518" lon="33.41112806"><ele>951.255</ele><time>2026-09-29T07:40:58Z</time><speed>0.540</speed><sat>39</sat></trkpt>
  <trkpt lat="39.07645761" lon="33.41112760"><ele>951.225</ele><time>2026-09-29T07:40:59Z</time><speed>0.160</speed><sat>39</sat></trkpt>
  <trkpt lat="39.07645611" lon="33.41113062"><ele>950.968</ele><time>2026-09-29T07:41:00Z</time><speed>0.000</speed><sat>39</sat></trkpt>
  <trkpt lat="39.07645500" lon="33.41113224"><ele>950.958</ele><time>2026-09-29T07:41:01Z</time><speed>0.000</speed><sat>39</sat></trkpt>
  <trkpt lat="39.07645444" lon="33.41113305"><ele>950.957</ele><time>2026-09-29T07:41:02Z</time><speed>0.000</speed><sat>39</sat></trkpt>
  <trkpt lat="39.07645415" lon="33.41113345"><ele>950.959</ele><time>2026-09-29T07:41:03Z</time><speed>0.000</speed><sat>39</sat></trkpt>
  <trkpt lat="39.07645401" lon="33.41113366"><ele>950.959</ele><time>2026-09-29T07:41:04Z</time><speed>0.000</speed><sat>39</sat></trkpt>
  <trkpt lat="39.07645395" lon="33.41113375"><ele>950.961</ele><time>2026-09-29T07:41:05Z</time><speed>0.000</speed><sat>39</sat></trkpt>
  <trkpt lat="39.07645393" lon="33.41113378"><ele>950.958</ele><time>2026-09-29T07:41:06Z</time><speed>0.000</speed><sat>38</sat></trkpt>
  <trkpt lat="39.07645391" lon="33.41113380"><ele>950.957</ele><time>2026-09-29T07:41:07Z</time><speed>0.000</speed><sat>38</sat></trkpt>
  <trkpt lat="39.07645391" lon="33.41113380"><ele>950.954</ele><time>2026-09-29T07:41:08Z</time><speed>0.000</speed><sat>38</sat></trkpt>
  <trkpt lat="39.07645391" lon="33.41113380"><ele>950.955</ele><time>2026-09-29T07:41:09Z</time><speed>0.000</speed><sat>38</sat></trkpt>
  <trkpt lat="39.07645391" lon="33.41113379"><ele>950.953</ele><time>2026-09-29T07:41:10Z</time><speed>0.000</speed><sat>38</sat></trkpt>
  <trkpt lat="39.07645393" lon="33.41113376"><ele>950.954</ele><time>2026-09-29T07:41:11Z</time><speed>0.000</speed><sat>38</sat></trkpt>
  <trkpt lat="39.07645394" lon="33.41113374"><ele>950.953</ele><time>2026-09-29T07:41:12Z</time><speed>0.000</speed><sat>38</sat></trkpt>
  <trkpt lat="39.07645395" lon="33.41113372"><ele>950.955</ele><time>2026-09-29T07:41:13Z</time><speed>0.000</speed><sat>38</sat></trkpt>
  <trkpt lat="39.07645396" lon="33.41113370"><ele>950.955</ele><time>2026-09-29T07:41:14Z</time><speed>0.000</speed><sat>38</sat></trkpt>
  <trkpt lat="39.07645397" lon="33.41113369"><ele>950.956</ele><time>2026-09-29T07:41:15Z</time><speed>0.000</speed><sat>39</sat></trkpt>
  <trkpt lat="39.07645397" lon="33.41113368"><ele>950.955</ele><time>2026-09-29T07:41:16Z</time><speed>0.000</speed><sat>39</sat></trkpt>
  <trkpt lat="39.07645396" lon="33.41113367"><ele>950.955</ele><time>2026-09-29T07:41:17Z</time><speed>0.000</speed><sat>39</sat></trkpt>
  <trkpt lat="39.07645395" lon="33.41113365"><ele>950.954</ele><time>2026-09-29T07:41:18Z</time><speed>0.000</speed><sat>39</sat></trkpt>
  <trkpt lat="39.07645394" lon="33.41113364"><ele>950.955</ele><time>2026-09-29T07:41:19Z</time><speed>0.000</speed><sat>39</sat></trkpt>
  <trkpt lat="39.07645395" lon="33.41113363"><ele>950.955</ele><time>2026-09-29T07:41:20Z</time><speed>0.000</speed><sat>39</sat></trkpt>
  <trkpt lat="39.07645396" lon="33.41113362"><ele>950.960</ele><time>2026-09-29T07:41:21Z</time><speed>0.000</speed><sat>39</sat></trkpt>
  <trkpt lat="39.07645396" lon="33.41113362"><ele>950.960</ele><time>2026-09-29T07:41:22Z</time><speed>0.000</speed><sat>39</sat></trkpt>
  <trkpt lat="39.07645396" lon="33.41113364"><ele>950.961</ele><time>2026-09-29T07:41:23Z</time><speed>0.000</speed><sat>39</sat></trkpt>
  <trkpt lat="39.07645396" lon="33.41113364"><ele>950.961</ele><time>2026-09-29T07:41:24Z</time><speed>0.000</speed><sat>39</sat></trkpt>
  <trkpt lat="39.07645396" lon="33.41113364"><ele>950.964</ele><time>2026-09-29T07:41:25Z</time><speed>0.000</speed><sat>39</sat></trkpt>
  <trkpt lat="39.07645397" lon="33.41113363"><ele>950.968</ele><time>2026-09-29T07:41:26Z</time><speed>0.000</speed><sat>39</sat></trkpt>
  <trkpt lat="39.07645398" lon="33.41113362"><ele>950.972</ele><time>2026-09-29T07:41:27Z</time><speed>0.000</speed><sat>39</sat></trkpt>
  <trkpt lat="39.07645399" lon="33.41113361"><ele>950.973</ele><time>2026-09-29T07:41:28Z</time><speed>0.000</speed><sat>39</sat></trkpt>
  <trkpt lat="39.07645401" lon="33.41113360"><ele>950.974</ele><time>2026-09-29T07:41:29Z</time><speed>0.000</speed><sat>39</sat></trkpt>
  <trkpt lat="39.07645403" lon="33.41113361"><ele>950.972</ele><time>2026-09-29T07:41:30Z</time><speed>0.000</speed><sat>39</sat></trkpt>
  <trkpt lat="39.07645405" lon="33.41113360"><ele>950.971</ele><time>2026-09-29T07:41:31Z</time><speed>0.000</speed><sat>39</sat></trkpt>
  <trkpt lat="39.07645407" lon="33.41113359"><ele>950.968</ele><time>2026-09-29T07:41:32Z</time><speed>0.000</speed><sat>39</sat></trkpt>
  <trkpt lat="39.07645409" lon="33.41113357"><ele>950.969</ele><time>2026-09-29T07:41:33Z</time><speed>0.000</speed><sat>39</sat></trkpt>
  <trkpt lat="39.07645410" lon="33.41113354"><ele>950.966</ele><time>2026-09-29T07:41:34Z</time><speed>0.000</speed><sat>39</sat></trkpt>
  <trkpt lat="39.07645412" lon="33.41113353"><ele>950.968</ele><time>2026-09-29T07:41:35Z</time><speed>0.000</speed><sat>39</sat></trkpt>
  <trkpt lat="39.07645413" lon="33.41113352"><ele>950.965</ele><time>2026-09-29T07:41:36Z</time><speed>0.000</speed><sat>39</sat></trkpt>
  <trkpt lat="39.07645414" lon="33.41113353"><ele>950.964</ele><time>2026-09-29T07:41:37Z</time><speed>0.000</speed><sat>39</sat></trkpt>
  <trkpt lat="39.07645415" lon="33.41113353"><ele>950.960</ele><time>2026-09-29T07:41:38Z</time><speed>0.000</speed><sat>39</sat></trkpt>
  <trkpt lat="39.07645416" lon="33.41113354"><ele>950.962</ele><time>2026-09-29T07:41:39Z</time><speed>0.000</speed><sat>39</sat></trkpt>
  <trkpt lat="39.07645417" lon="33.41113355"><ele>950.961</ele><time>2026-09-29T07:41:40Z</time><speed>0.000</speed><sat>39</sat></trkpt>
  <trkpt lat="39.07645416" lon="33.41113357"><ele>950.963</ele><time>2026-09-29T07:41:41Z</time><speed>0.000</speed><sat>39</sat></trkpt>
  <trkpt lat="39.07645415" lon="33.41113356"><ele>950.959</ele><time>2026-09-29T07:41:42Z</time><speed>0.000</speed><sat>39</sat></trkpt>
  <trkpt lat="39.07645415" lon="33.41113358"><ele>950.961</ele><time>2026-09-29T07:41:43Z</time><speed>0.000</speed><sat>39</sat></trkpt>
  <trkpt lat="39.07645415" lon="33.41113358"><ele>950.961</ele><time>2026-09-29T07:41:44Z</time><speed>0.000</speed><sat>39</sat></trkpt>
  <trkpt lat="39.07645415" lon="33.41113358"><ele>950.963</ele><time>2026-09-29T07:41:45Z</time><speed>0.000</speed><sat>39</sat></trkpt>
  <trkpt lat="39.07645415" lon="33.41113357"><ele>950.961</ele><time>2026-09-29T07:41:46Z</time><speed>0.000</speed><sat>39</sat></trkpt>
  <trkpt lat="39.07645414" lon="33.41113357"><ele>950.964</ele><time>2026-09-29T07:41:47Z</time><speed>0.000</speed><sat>39</sat></trkpt>
  <trkpt lat="39.07645413" lon="33.41113355"><ele>950.965</ele><time>2026-09-29T07:41:48Z</time><speed>0.000</speed><sat>39</sat></trkpt>
  <trkpt lat="39.07645411" lon="33.41113355"><ele>950.968</ele><time>2026-09-29T07:41:49Z</time><speed>0.000</speed><sat>39</sat></trkpt>
  <trkpt lat="39.07645410" lon="33.41113354"><ele>950.968</ele><time>2026-09-29T07:41:50Z</time><speed>0.000</speed><sat>39</sat></trkpt>
  <trkpt lat="39.07645411" lon="33.41113354"><ele>950.971</ele><time>2026-09-29T07:41:51Z</time><speed>0.000</speed><sat>39</sat></trkpt>
  <trkpt lat="39.07645412" lon="33.41113353"><ele>950.973</ele><time>2026-09-29T07:41:52Z</time><speed>0.000</speed><sat>39</sat></trkpt>
  <trkpt lat="39.07645414" lon="33.41113353"><ele>950.975</ele><time>2026-09-29T07:41:53Z</time><speed>0.000</speed><sat>39</sat></trkpt>
  <trkpt lat="39.07645416" lon="33.41113353"><ele>950.975</ele><time>2026-09-29T07:41:54Z</time><speed>0.000</speed><sat>39</sat></trkpt>
  <trkpt lat="39.07645417" lon="33.41113352"><ele>950.979</ele><time>2026-09-29T07:41:55Z</time><speed>0.000</speed><sat>39</sat></trkpt>
  <trkpt lat="39.07645418" lon="33.41113350"><ele>950.978</ele><time>2026-09-29T07:41:56Z</time><speed>0.000</speed><sat>39</sat></trkpt>
  <trkpt lat="39.07645418" lon="33.41113348"><ele>950.980</ele><time>2026-09-29T07:41:57Z</time><speed>0.000</speed><sat>39</sat></trkpt>
  <trkpt lat="39.07645419" lon="33.41113345"><ele>950.981</ele><time>2026-09-29T07:41:58Z</time><speed>0.000</speed><sat>39</sat></trkpt>
  <trkpt lat="39.07645419" lon="33.41113343"><ele>950.984</ele><time>2026-09-29T07:41:59Z</time><speed>0.000</speed><sat>39</sat></trkpt>
  <trkpt lat="39.07645420" lon="33.41113340"><ele>950.983</ele><time>2026-09-29T07:42:00Z</time><speed>0.000</speed><sat>39</sat></trkpt>
  <trkpt lat="39.07645421" lon="33.41113339"><ele>950.986</ele><time>2026-09-29T07:42:01Z</time><speed>0.000</speed><sat>39</sat></trkpt>
  <trkpt lat="39.07645422" lon="33.41113337"><ele>950.983</ele><time>2026-09-29T07:42:02Z</time><speed>0.000</speed><sat>39</sat></trkpt>
  <trkpt lat="39.07645422" lon="33.41113337"><ele>950.987</ele><time>2026-09-29T07:42:03Z</time><speed>0.000</speed><sat>39</sat></trkpt>
  <trkpt lat="39.07645448" lon="33.41113232"><ele>950.946</ele><time>2026-09-29T07:42:04Z</time><speed>0.000</speed><sat>39</sat></trkpt>
  <trkpt lat="39.07645847" lon="33.41113137"><ele>950.990</ele><time>2026-09-29T07:42:05Z</time><speed>0.650</speed><sat>39</sat></trkpt>
  <trkpt lat="39.07646537" lon="33.41112817"><ele>951.148</ele><time>2026-09-29T07:42:06Z</time><speed>0.820</speed><sat>39</sat></trkpt>
  <trkpt lat="39.07647295" lon="33.41112358"><ele>951.314</ele><time>2026-09-29T07:42:07Z</time><speed>0.850</speed><sat>39</sat></trkpt>
  <trkpt lat="39.07647719" lon="33.41112113"><ele>951.518</ele><time>2026-09-29T07:42:08Z</time><speed>0.000</speed><sat>39</sat></trkpt>
  <trkpt lat="39.07647791" lon="33.41112060"><ele>951.533</ele><time>2026-09-29T07:42:09Z</time><speed>0.000</speed><sat>39</sat></trkpt>
  <trkpt lat="39.07647805" lon="33.41112049"><ele>951.545</ele><time>2026-09-29T07:42:10Z</time><speed>0.000</speed><sat>39</sat></trkpt>
  <trkpt lat="39.07647815" lon="33.41112039"><ele>951.551</ele><time>2026-09-29T07:42:11Z</time><speed>0.000</speed><sat>39</sat></trkpt>
  <trkpt lat="39.07647822" lon="33.41112031"><ele>951.557</ele><time>2026-09-29T07:42:12Z</time><speed>0.000</speed><sat>39</sat></trkpt>
  <trkpt lat="39.07647829" lon="33.41112025"><ele>951.561</ele><time>2026-09-29T07:42:13Z</time><speed>0.000</speed><sat>39</sat></trkpt>
  <trkpt lat="39.07647833" lon="33.41112021"><ele>951.566</ele><time>2026-09-29T07:42:14Z</time><speed>0.000</speed><sat>39</sat></trkpt>
  <trkpt lat="39.07647919" lon="33.41111904"><ele>951.567</ele><time>2026-09-29T07:42:15Z</time><speed>0.160</speed><sat>39</sat></trkpt>
  <trkpt lat="39.07648301" lon="33.41111483"><ele>951.682</ele><time>2026-09-29T07:42:16Z</time><speed>0.690</speed><sat>39</sat></trkpt>
  <trkpt lat="39.07648805" lon="33.41110924"><ele>951.843</ele><time>2026-09-29T07:42:17Z</time><speed>0.660</speed><sat>39</sat></trkpt>
  <trkpt lat="39.07649402" lon="33.41110403"><ele>951.906</ele><time>2026-09-29T07:42:18Z</time><speed>0.790</speed><sat>39</sat></trkpt>
  <trkpt lat="39.07650035" lon="33.41109941"><ele>952.104</ele><time>2026-09-29T07:42:19Z</time><speed>0.690</speed><sat>39</sat></trkpt>
  <trkpt lat="39.07650553" lon="33.41109635"><ele>952.296</ele><time>2026-09-29T07:42:20Z</time><speed>0.510</speed><sat>39</sat></trkpt>
  <trkpt lat="39.07650796" lon="33.41109558"><ele>952.506</ele><time>2026-09-29T07:42:21Z</time><speed>0.000</speed><sat>39</sat></trkpt>
  <trkpt lat="39.07650751" lon="33.41109659"><ele>952.513</ele><time>2026-09-29T07:42:22Z</time><speed>0.000</speed><sat>39</sat></trkpt>
  <trkpt lat="39.07650700" lon="33.41109737"><ele>952.518</ele><time>2026-09-29T07:42:23Z</time><speed>0.000</speed><sat>39</sat></trkpt>
  <trkpt lat="39.07650677" lon="33.41109788"><ele>952.524</ele><time>2026-09-29T07:42:24Z</time><speed>0.000</speed><sat>39</sat></trkpt>
  <trkpt lat="39.07650667" lon="33.41109823"><ele>952.525</ele><time>2026-09-29T07:42:25Z</time><speed>0.000</speed><sat>39</sat></trkpt>
  <trkpt lat="39.07650664" lon="33.41109850"><ele>952.530</ele><time>2026-09-29T07:42:26Z</time><speed>0.000</speed><sat>39</sat></trkpt>
  <trkpt lat="39.07650664" lon="33.41109869"><ele>952.529</ele><time>2026-09-29T07:42:27Z</time><speed>0.000</speed><sat>39</sat></trkpt>
  <trkpt lat="39.07650664" lon="33.41109886"><ele>952.530</ele><time>2026-09-29T07:42:28Z</time><speed>0.000</speed><sat>39</sat></trkpt>
  <trkpt lat="39.07650665" lon="33.41109898"><ele>952.531</ele><time>2026-09-29T07:42:29Z</time><speed>0.000</speed><sat>39</sat></trkpt>
  <trkpt lat="39.07650666" lon="33.41109910"><ele>952.534</ele><time>2026-09-29T07:42:30Z</time><speed>0.000</speed><sat>39</sat></trkpt>
  <trkpt lat="39.07650667" lon="33.41109918"><ele>952.535</ele><time>2026-09-29T07:42:31Z</time><speed>0.000</speed><sat>40</sat></trkpt>
  <trkpt lat="39.07650668" lon="33.41109925"><ele>952.540</ele><time>2026-09-29T07:42:32Z</time><speed>0.000</speed><sat>40</sat></trkpt>
  <trkpt lat="39.07650670" lon="33.41109931"><ele>952.539</ele><time>2026-09-29T07:42:33Z</time><speed>0.000</speed><sat>40</sat></trkpt>
  <trkpt lat="39.07650673" lon="33.41109938"><ele>952.543</ele><time>2026-09-29T07:42:34Z</time><speed>0.000</speed><sat>40</sat></trkpt>
  <trkpt lat="39.07650676" lon="33.41109944"><ele>952.547</ele><time>2026-09-29T07:42:35Z</time><speed>0.000</speed><sat>40</sat></trkpt>
  <trkpt lat="39.07650677" lon="33.41109950"><ele>952.549</ele><time>2026-09-29T07:42:36Z</time><speed>0.000</speed><sat>40</sat></trkpt>
  <trkpt lat="39.07650677" lon="33.41109955"><ele>952.552</ele><time>2026-09-29T07:42:37Z</time><speed>0.000</speed><sat>38</sat></trkpt>
  <trkpt lat="39.07650677" lon="33.41109960"><ele>952.556</ele><time>2026-09-29T07:42:38Z</time><speed>0.000</speed><sat>39</sat></trkpt>
  <trkpt lat="39.07650677" lon="33.41109966"><ele>952.561</ele><time>2026-09-29T07:42:39Z</time><speed>0.000</speed><sat>39</sat></trkpt>
  <trkpt lat="39.07650678" lon="33.41109970"><ele>952.567</ele><time>2026-09-29T07:42:40Z</time><speed>0.000</speed><sat>39</sat></trkpt>
  <trkpt lat="39.07650679" lon="33.41109975"><ele>952.573</ele><time>2026-09-29T07:42:41Z</time><speed>0.000</speed><sat>39</sat></trkpt>
  <trkpt lat="39.07650681" lon="33.41109979"><ele>952.577</ele><time>2026-09-29T07:42:42Z</time><speed>0.000</speed><sat>39</sat></trkpt>
  <trkpt lat="39.07650682" lon="33.41109982"><ele>952.582</ele><time>2026-09-29T07:42:43Z</time><speed>0.000</speed><sat>39</sat></trkpt>
  <trkpt lat="39.07650683" lon="33.41109984"><ele>952.588</ele><time>2026-09-29T07:42:44Z</time><speed>0.000</speed><sat>39</sat></trkpt>
  <trkpt lat="39.07650683" lon="33.41109988"><ele>952.593</ele><time>2026-09-29T07:42:45Z</time><speed>0.000</speed><sat>40</sat></trkpt>
  <trkpt lat="39.07650681" lon="33.41109992"><ele>952.596</ele><time>2026-09-29T07:42:46Z</time><speed>0.000</speed><sat>40</sat></trkpt>
  <trkpt lat="39.07650680" lon="33.41109997"><ele>952.602</ele><time>2026-09-29T07:42:47Z</time><speed>0.000</speed><sat>40</sat></trkpt>
  <trkpt lat="39.07650947" lon="33.41109893"><ele>952.329</ele><time>2026-09-29T07:42:48Z</time><speed>0.420</speed><sat>40</sat></trkpt>
  <trkpt lat="39.07651575" lon="33.41109660"><ele>952.454</ele><time>2026-09-29T07:42:49Z</time><speed>0.840</speed><sat>40</sat></trkpt>
  <trkpt lat="39.07652433" lon="33.41109463"><ele>952.660</ele><time>2026-09-29T07:42:50Z</time><speed>0.920</speed><sat>40</sat></trkpt>
  <trkpt lat="39.07653148" lon="33.41109348"><ele>952.768</ele><time>2026-09-29T07:42:51Z</time><speed>0.620</speed><sat>40</sat></trkpt>
  <trkpt lat="39.07653619" lon="33.41109250"><ele>952.943</ele><time>2026-09-29T07:42:52Z</time><speed>0.390</speed><sat>40</sat></trkpt>
  <trkpt lat="39.07653816" lon="33.41109214"><ele>953.108</ele><time>2026-09-29T07:42:53Z</time><speed>0.000</speed><sat>40</sat></trkpt>
  <trkpt lat="39.07653799" lon="33.41109163"><ele>953.112</ele><time>2026-09-29T07:42:54Z</time><speed>0.000</speed><sat>40</sat></trkpt>
  <trkpt lat="39.07653777" lon="33.41109137"><ele>953.116</ele><time>2026-09-29T07:42:55Z</time><speed>0.000</speed><sat>40</sat></trkpt>
  <trkpt lat="39.07653770" lon="33.41109122"><ele>953.124</ele><time>2026-09-29T07:42:56Z</time><speed>0.000</speed><sat>40</sat></trkpt>
  <trkpt lat="39.07653770" lon="33.41109111"><ele>953.128</ele><time>2026-09-29T07:42:57Z</time><speed>0.000</speed><sat>40</sat></trkpt>
  <trkpt lat="39.07653792" lon="33.41108995"><ele>953.316</ele><time>2026-09-29T07:42:58Z</time><speed>0.150</speed><sat>40</sat></trkpt>
  <trkpt lat="39.07653909" lon="33.41108877"><ele>953.443</ele><time>2026-09-29T07:42:59Z</time><speed>0.220</speed><sat>40</sat></trkpt>
  <trkpt lat="39.07654396" lon="33.41108425"><ele>953.541</ele><time>2026-09-29T07:43:00Z</time><speed>0.970</speed><sat>40</sat></trkpt>
  <trkpt lat="39.07655179" lon="33.41107686"><ele>953.602</ele><time>2026-09-29T07:43:01Z</time><speed>1.100</speed><sat>40</sat></trkpt>
  <trkpt lat="39.07656121" lon="33.41106796"><ele>953.811</ele><time>2026-09-29T07:43:02Z</time><speed>1.340</speed><sat>40</sat></trkpt>
  <trkpt lat="39.07657158" lon="33.41105840"><ele>953.749</ele><time>2026-09-29T07:43:03Z</time><speed>1.360</speed><sat>40</sat></trkpt>
  <trkpt lat="39.07658264" lon="33.41105074"><ele>953.812</ele><time>2026-09-29T07:43:04Z</time><speed>1.330</speed><sat>40</sat></trkpt>
  <trkpt lat="39.07659421" lon="33.41104705"><ele>954.045</ele><time>2026-09-29T07:43:05Z</time><speed>1.240</speed><sat>40</sat></trkpt>
  <trkpt lat="39.07660587" lon="33.41104894"><ele>954.230</ele><time>2026-09-29T07:43:06Z</time><speed>1.280</speed><sat>40</sat></trkpt>
  <trkpt lat="39.07661597" lon="33.41105719"><ele>954.242</ele><time>2026-09-29T07:43:07Z</time><speed>1.280</speed><sat>40</sat></trkpt>
  <trkpt lat="39.07662433" lon="33.41107006"><ele>954.011</ele><time>2026-09-29T07:43:08Z</time><speed>1.390</speed><sat>40</sat></trkpt>
  <trkpt lat="39.07663139" lon="33.41108617"><ele>954.003</ele><time>2026-09-29T07:43:09Z</time><speed>1.480</speed><sat>40</sat></trkpt>
  <trkpt lat="39.07663816" lon="33.41110238"><ele>954.102</ele><time>2026-09-29T07:43:10Z</time><speed>1.370</speed><sat>40</sat></trkpt>
  <trkpt lat="39.07664431" lon="33.41111636"><ele>954.041</ele><time>2026-09-29T07:43:11Z</time><speed>1.200</speed><sat>40</sat></trkpt>
  <trkpt lat="39.07665113" lon="33.41112844"><ele>954.170</ele><time>2026-09-29T07:43:12Z</time><speed>1.210</speed><sat>40</sat></trkpt>
  <trkpt lat="39.07665874" lon="33.41113890"><ele>954.307</ele><time>2026-09-29T07:43:13Z</time><speed>1.190</speed><sat>40</sat></trkpt>
  <trkpt lat="39.07666704" lon="33.41114972"><ele>954.513</ele><time>2026-09-29T07:43:14Z</time><speed>1.280</speed><sat>40</sat></trkpt>
  <trkpt lat="39.07667510" lon="33.41116104"><ele>954.403</ele><time>2026-09-29T07:43:15Z</time><speed>1.270</speed><sat>40</sat></trkpt>
  <trkpt lat="39.07668123" lon="33.41117371"><ele>954.589</ele><time>2026-09-29T07:43:16Z</time><speed>1.290</speed><sat>40</sat></trkpt>
  <trkpt lat="39.07668645" lon="33.41118882"><ele>954.660</ele><time>2026-09-29T07:43:17Z</time><speed>1.490</speed><sat>40</sat></trkpt>
  <trkpt lat="39.07669010" lon="33.41120612"><ele>954.723</ele><time>2026-09-29T07:43:18Z</time><speed>1.550</speed><sat>40</sat></trkpt>
  <trkpt lat="39.07669348" lon="33.41122397"><ele>954.573</ele><time>2026-09-29T07:43:19Z</time><speed>1.530</speed><sat>40</sat></trkpt>
  <trkpt lat="39.07669758" lon="33.41124041"><ele>954.547</ele><time>2026-09-29T07:43:20Z</time><speed>1.500</speed><sat>40</sat></trkpt>
  <trkpt lat="39.07670355" lon="33.41125571"><ele>954.430</ele><time>2026-09-29T07:43:21Z</time><speed>1.460</speed><sat>40</sat></trkpt>
  <trkpt lat="39.07670981" lon="33.41127002"><ele>954.367</ele><time>2026-09-29T07:43:22Z</time><speed>1.440</speed><sat>40</sat></trkpt>
  <trkpt lat="39.07671540" lon="33.41128518"><ele>954.104</ele><time>2026-09-29T07:43:23Z</time><speed>1.500</speed><sat>40</sat></trkpt>
  <trkpt lat="39.07671947" lon="33.41129965"><ele>954.510</ele><time>2026-09-29T07:43:24Z</time><speed>1.320</speed><sat>40</sat></trkpt>
  <trkpt lat="39.07672270" lon="33.41131545"><ele>954.409</ele><time>2026-09-29T07:43:25Z</time><speed>1.510</speed><sat>40</sat></trkpt>
  <trkpt lat="39.07672721" lon="33.41133182"><ele>954.136</ele><time>2026-09-29T07:43:26Z</time><speed>1.540</speed><sat>40</sat></trkpt>
  <trkpt lat="39.07673210" lon="33.41134661"><ele>954.035</ele><time>2026-09-29T07:43:27Z</time><speed>1.390</speed><sat>40</sat></trkpt>
  <trkpt lat="39.07673631" lon="33.41136102"><ele>953.783</ele><time>2026-09-29T07:43:28Z</time><speed>1.440</speed><sat>40</sat></trkpt>
  <trkpt lat="39.07674151" lon="33.41137792"><ele>953.514</ele><time>2026-09-29T07:43:29Z</time><speed>1.770</speed><sat>40</sat></trkpt>
  <trkpt lat="39.07674557" lon="33.41139573"><ele>953.653</ele><time>2026-09-29T07:43:30Z</time><speed>1.520</speed><sat>40</sat></trkpt>
  <trkpt lat="39.07674775" lon="33.41141179"><ele>953.825</ele><time>2026-09-29T07:43:31Z</time><speed>1.370</speed><sat>40</sat></trkpt>
  <trkpt lat="39.07674839" lon="33.41142858"><ele>953.607</ele><time>2026-09-29T07:43:32Z</time><speed>1.460</speed><sat>40</sat></trkpt>
  <trkpt lat="39.07674762" lon="33.41144569"><ele>953.755</ele><time>2026-09-29T07:43:33Z</time><speed>1.440</speed><sat>40</sat></trkpt>
  <trkpt lat="39.07674548" lon="33.41146302"><ele>953.830</ele><time>2026-09-29T07:43:34Z</time><speed>1.490</speed><sat>40</sat></trkpt>
  <trkpt lat="39.07674233" lon="33.41148021"><ele>953.752</ele><time>2026-09-29T07:43:35Z</time><speed>1.450</speed><sat>40</sat></trkpt>
  <trkpt lat="39.07673818" lon="33.41149643"><ele>953.868</ele><time>2026-09-29T07:43:36Z</time><speed>1.390</speed><sat>40</sat></trkpt>
  <trkpt lat="39.07673217" lon="33.41151161"><ele>953.900</ele><time>2026-09-29T07:43:37Z</time><speed>1.400</speed><sat>40</sat></trkpt>
  <trkpt lat="39.07672429" lon="33.41152573"><ele>954.092</ele><time>2026-09-29T07:43:38Z</time><speed>1.440</speed><sat>40</sat></trkpt>
  <trkpt lat="39.07671520" lon="33.41153888"><ele>954.201</ele><time>2026-09-29T07:43:39Z</time><speed>1.420</speed><sat>40</sat></trkpt>
  <trkpt lat="39.07670671" lon="33.41155055"><ele>954.107</ele><time>2026-09-29T07:43:40Z</time><speed>1.330</speed><sat>40</sat></trkpt>
  <trkpt lat="39.07669902" lon="33.41156270"><ele>954.253</ele><time>2026-09-29T07:43:41Z</time><speed>1.370</speed><sat>40</sat></trkpt>
  <trkpt lat="39.07669234" lon="33.41157756"><ele>954.444</ele><time>2026-09-29T07:43:42Z</time><speed>1.520</speed><sat>40</sat></trkpt>
  <trkpt lat="39.07668791" lon="33.41159363"><ele>954.504</ele><time>2026-09-29T07:43:43Z</time><speed>1.400</speed><sat>40</sat></trkpt>
  <trkpt lat="39.07668546" lon="33.41160976"><ele>954.285</ele><time>2026-09-29T07:43:44Z</time><speed>1.430</speed><sat>40</sat></trkpt>
  <trkpt lat="39.07668385" lon="33.41162518"><ele>954.250</ele><time>2026-09-29T07:43:45Z</time><speed>1.350</speed><sat>40</sat></trkpt>
  <trkpt lat="39.07668199" lon="33.41163980"><ele>954.303</ele><time>2026-09-29T07:43:46Z</time><speed>1.290</speed><sat>40</sat></trkpt>
  <trkpt lat="39.07667977" lon="33.41165230"><ele>954.261</ele><time>2026-09-29T07:43:47Z</time><speed>1.050</speed><sat>40</sat></trkpt>
  <trkpt lat="39.07667841" lon="33.41166349"><ele>954.299</ele><time>2026-09-29T07:43:48Z</time><speed>1.050</speed><sat>40</sat></trkpt>
  <trkpt lat="39.07667786" lon="33.41167464"><ele>954.302</ele><time>2026-09-29T07:43:49Z</time><speed>1.020</speed><sat>40</sat></trkpt>
  <trkpt lat="39.07667814" lon="33.41168705"><ele>954.290</ele><time>2026-09-29T07:43:50Z</time><speed>1.190</speed><sat>40</sat></trkpt>
  <trkpt lat="39.07667763" lon="33.41169987"><ele>954.236</ele><time>2026-09-29T07:43:51Z</time><speed>1.170</speed><sat>40</sat></trkpt>
  <trkpt lat="39.07667599" lon="33.41171293"><ele>954.411</ele><time>2026-09-29T07:43:52Z</time><speed>1.200</speed><sat>40</sat></trkpt>
  <trkpt lat="39.07667414" lon="33.41172667"><ele>954.210</ele><time>2026-09-29T07:43:53Z</time><speed>1.240</speed><sat>40</sat></trkpt>
  <trkpt lat="39.07667279" lon="33.41174061"><ele>954.165</ele><time>2026-09-29T07:43:54Z</time><speed>1.200</speed><sat>40</sat></trkpt>
  <trkpt lat="39.07667128" lon="33.41175504"><ele>954.207</ele><time>2026-09-29T07:43:55Z</time><speed>1.330</speed><sat>40</sat></trkpt>
  <trkpt lat="39.07666960" lon="33.41177029"><ele>954.117</ele><time>2026-09-29T07:43:56Z</time><speed>1.370</speed><sat>40</sat></trkpt>
  <trkpt lat="39.07666604" lon="33.41178264"><ele>953.486</ele><time>2026-09-29T07:43:57Z</time><speed>1.080</speed><sat>40</sat></trkpt>
  <trkpt lat="39.07666048" lon="33.41179652"><ele>953.803</ele><time>2026-09-29T07:43:58Z</time><speed>1.520</speed><sat>40</sat></trkpt>
  <trkpt lat="39.07665287" lon="33.41181305"><ele>953.854</ele><time>2026-09-29T07:43:59Z</time><speed>1.710</speed><sat>40</sat></trkpt>
  <trkpt lat="39.07664541" lon="33.41182866"><ele>953.749</ele><time>2026-09-29T07:44:00Z</time><speed>1.490</speed><sat>40</sat></trkpt>
  <trkpt lat="39.07663933" lon="33.41184390"><ele>953.758</ele><time>2026-09-29T07:44:01Z</time><speed>1.510</speed><sat>40</sat></trkpt>
  <trkpt lat="39.07663391" lon="33.41185784"><ele>953.606</ele><time>2026-09-29T07:44:02Z</time><speed>1.410</speed><sat>40</sat></trkpt>
  <trkpt lat="39.07662951" lon="33.41187071"><ele>953.716</ele><time>2026-09-29T07:44:03Z</time><speed>1.220</speed><sat>40</sat></trkpt>
  <trkpt lat="39.07662592" lon="33.41188273"><ele>953.714</ele><time>2026-09-29T07:44:04Z</time><speed>1.240</speed><sat>40</sat></trkpt>
  <trkpt lat="39.07662247" lon="33.41189538"><ele>953.971</ele><time>2026-09-29T07:44:05Z</time><speed>1.230</speed><sat>40</sat></trkpt>
  <trkpt lat="39.07661847" lon="33.41190979"><ele>954.042</ele><time>2026-09-29T07:44:06Z</time><speed>1.500</speed><sat>40</sat></trkpt>
  <trkpt lat="39.07661284" lon="33.41192594"><ele>954.273</ele><time>2026-09-29T07:44:07Z</time><speed>1.570</speed><sat>40</sat></trkpt>
  <trkpt lat="39.07660717" lon="33.41194163"><ele>954.459</ele><time>2026-09-29T07:44:08Z</time><speed>1.430</speed><sat>40</sat></trkpt>
  <trkpt lat="39.07660342" lon="33.41195471"><ele>954.591</ele><time>2026-09-29T07:44:09Z</time><speed>1.070</speed><sat>40</sat></trkpt>
  <trkpt lat="39.07660254" lon="33.41196868"><ele>954.603</ele><time>2026-09-29T07:44:10Z</time><speed>1.430</speed><sat>40</sat></trkpt>
  <trkpt lat="39.07660195" lon="33.41198444"><ele>954.524</ele><time>2026-09-29T07:44:11Z</time><speed>1.410</speed><sat>40</sat></trkpt>
  <trkpt lat="39.07660866" lon="33.41200044"><ele>954.433</ele><time>2026-09-29T07:44:12Z</time><speed>1.660</speed><sat>40</sat></trkpt>
  <trkpt lat="39.07661691" lon="33.41201010"><ele>955.231</ele><time>2026-09-29T07:44:13Z</time><speed>0.830</speed><sat>40</sat></trkpt>
  <trkpt lat="39.07662202" lon="33.41201846"><ele>955.267</ele><time>2026-09-29T07:44:14Z</time><speed>1.110</speed><sat>40</sat></trkpt>
  <trkpt lat="39.07662150" lon="33.41203164"><ele>955.402</ele><time>2026-09-29T07:44:15Z</time><speed>1.330</speed><sat>40</sat></trkpt>
  <trkpt lat="39.07661543" lon="33.41204470"><ele>954.451</ele><time>2026-09-29T07:44:16Z</time><speed>1.210</speed><sat>39</sat></trkpt>
  <trkpt lat="39.07660608" lon="33.41205313"><ele>954.605</ele><time>2026-09-29T07:44:17Z</time><speed>1.260</speed><sat>39</sat></trkpt>
  <trkpt lat="39.07659659" lon="33.41206319"><ele>955.571</ele><time>2026-09-29T07:44:18Z</time><speed>1.400</speed><sat>39</sat></trkpt>
  <trkpt lat="39.07658759" lon="33.41207432"><ele>956.269</ele><time>2026-09-29T07:44:19Z</time><speed>1.280</speed><sat>37</sat></trkpt>
  <trkpt lat="39.07658256" lon="33.41208468"><ele>956.389</ele><time>2026-09-29T07:44:20Z</time><speed>1.010</speed><sat>37</sat></trkpt>
  <trkpt lat="39.07657778" lon="33.41209621"><ele>957.240</ele><time>2026-09-29T07:44:21Z</time><speed>1.070</speed><sat>38</sat></trkpt>
  <trkpt lat="39.07657336" lon="33.41210886"><ele>956.869</ele><time>2026-09-29T07:44:22Z</time><speed>0.990</speed><sat>37</sat></trkpt>
  <trkpt lat="39.07657118" lon="33.41212200"><ele>956.318</ele><time>2026-09-29T07:44:23Z</time><speed>0.950</speed><sat>36</sat></trkpt>
  <trkpt lat="39.07656761" lon="33.41213954"><ele>955.737</ele><time>2026-09-29T07:44:24Z</time><speed>1.680</speed><sat>36</sat></trkpt>
  <trkpt lat="39.07656559" lon="33.41215368"><ele>956.083</ele><time>2026-09-29T07:44:25Z</time><speed>0.490</speed><sat>36</sat></trkpt>
  <trkpt lat="39.07656506" lon="33.41216586"><ele>955.374</ele><time>2026-09-29T07:44:26Z</time><speed>0.970</speed><sat>36</sat></trkpt>
  <trkpt lat="39.07656801" lon="33.41218120"><ele>954.634</ele><time>2026-09-29T07:44:27Z</time><speed>1.210</speed><sat>37</sat></trkpt>
  <trkpt lat="39.07657462" lon="33.41219844"><ele>953.459</ele><time>2026-09-29T07:44:28Z</time><speed>1.270</speed><sat>38</sat></trkpt>
  <trkpt lat="39.07658306" lon="33.41221545"><ele>953.408</ele><time>2026-09-29T07:44:29Z</time><speed>1.330</speed><sat>39</sat></trkpt>
  <trkpt lat="39.07658907" lon="33.41223309"><ele>953.245</ele><time>2026-09-29T07:44:30Z</time><speed>1.390</speed><sat>39</sat></trkpt>
  <trkpt lat="39.07659376" lon="33.41225059"><ele>952.888</ele><time>2026-09-29T07:44:31Z</time><speed>1.230</speed><sat>39</sat></trkpt>
  <trkpt lat="39.07659913" lon="33.41226444"><ele>953.229</ele><time>2026-09-29T07:44:32Z</time><speed>1.190</speed><sat>39</sat></trkpt>
  <trkpt lat="39.07660245" lon="33.41227330"><ele>952.684</ele><time>2026-09-29T07:44:33Z</time><speed>0.550</speed><sat>39</sat></trkpt>
  <trkpt lat="39.07660691" lon="33.41228057"><ele>953.637</ele><time>2026-09-29T07:44:34Z</time><speed>0.890</speed><sat>36</sat></trkpt>
  <trkpt lat="39.07661071" lon="33.41228872"><ele>955.071</ele><time>2026-09-29T07:44:35Z</time><speed>0.600</speed><sat>32</sat></trkpt>
  <trkpt lat="39.07661252" lon="33.41230372"><ele>955.653</ele><time>2026-09-29T07:44:36Z</time><speed>1.290</speed><sat>31</sat></trkpt>
  <trkpt lat="39.07661235" lon="33.41231705"><ele>955.988</ele><time>2026-09-29T07:44:37Z</time><speed>0.430</speed><sat>33</sat></trkpt>
  <trkpt lat="39.07661288" lon="33.41233157"><ele>955.563</ele><time>2026-09-29T07:44:38Z</time><speed>1.210</speed><sat>35</sat></trkpt>
  <trkpt lat="39.07661841" lon="33.41234893"><ele>956.824</ele><time>2026-09-29T07:44:39Z</time><speed>0.000</speed><sat>35</sat></trkpt>
  <trkpt lat="39.07662282" lon="33.41235523"><ele>956.565</ele><time>2026-09-29T07:44:40Z</time><speed>0.000</speed><sat>35</sat></trkpt>
  <trkpt lat="39.07662331" lon="33.41236499"><ele>956.504</ele><time>2026-09-29T07:44:41Z</time><speed>0.700</speed><sat>34</sat></trkpt>
  <trkpt lat="39.07662449" lon="33.41237179"><ele>956.408</ele><time>2026-09-29T07:44:42Z</time><speed>0.240</speed><sat>34</sat></trkpt>
  <trkpt lat="39.07662623" lon="33.41237506"><ele>956.459</ele><time>2026-09-29T07:44:43Z</time><speed>0.370</speed><sat>37</sat></trkpt>
  <trkpt lat="39.07663112" lon="33.41237616"><ele>955.963</ele><time>2026-09-29T07:44:44Z</time><speed>0.680</speed><sat>37</sat></trkpt>
  <trkpt lat="39.07663811" lon="33.41237684"><ele>955.393</ele><time>2026-09-29T07:44:45Z</time><speed>0.440</speed><sat>37</sat></trkpt>
  <trkpt lat="39.07664463" lon="33.41238469"><ele>955.620</ele><time>2026-09-29T07:44:46Z</time><speed>1.070</speed><sat>37</sat></trkpt>
  <trkpt lat="39.07664999" lon="33.41239408"><ele>954.786</ele><time>2026-09-29T07:44:47Z</time><speed>0.640</speed><sat>38</sat></trkpt>
  <trkpt lat="39.07665313" lon="33.41240212"><ele>954.990</ele><time>2026-09-29T07:44:48Z</time><speed>0.650</speed><sat>38</sat></trkpt>
  <trkpt lat="39.07665653" lon="33.41241094"><ele>954.759</ele><time>2026-09-29T07:44:49Z</time><speed>0.630</speed><sat>38</sat></trkpt>
  <trkpt lat="39.07666007" lon="33.41242147"><ele>954.938</ele><time>2026-09-29T07:44:50Z</time><speed>0.800</speed><sat>37</sat></trkpt>
  <trkpt lat="39.07666554" lon="33.41243248"><ele>953.991</ele><time>2026-09-29T07:44:51Z</time><speed>0.970</speed><sat>37</sat></trkpt>
  <trkpt lat="39.07667176" lon="33.41244164"><ele>953.152</ele><time>2026-09-29T07:44:52Z</time><speed>0.930</speed><sat>37</sat></trkpt>
  <trkpt lat="39.07667928" lon="33.41244806"><ele>953.323</ele><time>2026-09-29T07:44:53Z</time><speed>1.080</speed><sat>37</sat></trkpt>
  <trkpt lat="39.07668719" lon="33.41245340"><ele>952.082</ele><time>2026-09-29T07:44:54Z</time><speed>0.870</speed><sat>36</sat></trkpt>
  <trkpt lat="39.07669656" lon="33.41245668"><ele>952.187</ele><time>2026-09-29T07:44:55Z</time><speed>1.110</speed><sat>35</sat></trkpt>
  <trkpt lat="39.07670639" lon="33.41246596"><ele>952.736</ele><time>2026-09-29T07:44:56Z</time><speed>1.470</speed><sat>36</sat></trkpt>
  <trkpt lat="39.07671590" lon="33.41247665"><ele>953.362</ele><time>2026-09-29T07:44:57Z</time><speed>1.200</speed><sat>35</sat></trkpt>
  <trkpt lat="39.07672191" lon="33.41248582"><ele>954.219</ele><time>2026-09-29T07:44:58Z</time><speed>0.830</speed><sat>33</sat></trkpt>
  <trkpt lat="39.07672444" lon="33.41249680"><ele>953.874</ele><time>2026-09-29T07:44:59Z</time><speed>1.300</speed><sat>33</sat></trkpt>
  <trkpt lat="39.07672956" lon="33.41250658"><ele>954.110</ele><time>2026-09-29T07:45:00Z</time><speed>1.190</speed><sat>32</sat></trkpt>
  <trkpt lat="39.07673693" lon="33.41251216"><ele>952.604</ele><time>2026-09-29T07:45:01Z</time><speed>1.110</speed><sat>32</sat></trkpt>
  <trkpt lat="39.07674794" lon="33.41251713"><ele>951.476</ele><time>2026-09-29T07:45:02Z</time><speed>1.460</speed><sat>32</sat></trkpt>
  <trkpt lat="39.07676244" lon="33.41252185"><ele>949.938</ele><time>2026-09-29T07:45:03Z</time><speed>1.750</speed><sat>32</sat></trkpt>
  <trkpt lat="39.07677604" lon="33.41252940"><ele>951.936</ele><time>2026-09-29T07:45:04Z</time><speed>1.470</speed><sat>32</sat></trkpt>
  <trkpt lat="39.07678719" lon="33.41253625"><ele>952.393</ele><time>2026-09-29T07:45:05Z</time><speed>1.210</speed><sat>31</sat></trkpt>
  <trkpt lat="39.07679754" lon="33.41254144"><ele>951.960</ele><time>2026-09-29T07:45:06Z</time><speed>1.240</speed><sat>31</sat></trkpt>
  <trkpt lat="39.07680889" lon="33.41254633"><ele>952.942</ele><time>2026-09-29T07:45:07Z</time><speed>1.220</speed><sat>32</sat></trkpt>
  <trkpt lat="39.07681958" lon="33.41255144"><ele>953.205</ele><time>2026-09-29T07:45:08Z</time><speed>1.190</speed><sat>32</sat></trkpt>
  <trkpt lat="39.07682650" lon="33.41255561"><ele>953.469</ele><time>2026-09-29T07:45:09Z</time><speed>0.460</speed><sat>33</sat></trkpt>
  <trkpt lat="39.07682824" lon="33.41255638"><ele>952.957</ele><time>2026-09-29T07:45:10Z</time><speed>0.000</speed><sat>33</sat></trkpt>
  <trkpt lat="39.07682904" lon="33.41255534"><ele>953.698</ele><time>2026-09-29T07:45:11Z</time><speed>0.000</speed><sat>33</sat></trkpt>
  <trkpt lat="39.07682927" lon="33.41255676"><ele>953.578</ele><time>2026-09-29T07:45:12Z</time><speed>0.210</speed><sat>33</sat></trkpt>
  <trkpt lat="39.07682894" lon="33.41255637"><ele>953.333</ele><time>2026-09-29T07:45:13Z</time><speed>0.000</speed><sat>33</sat></trkpt>
  <trkpt lat="39.07683424" lon="33.41255855"><ele>953.727</ele><time>2026-09-29T07:45:14Z</time><speed>0.650</speed><sat>34</sat></trkpt>
  <trkpt lat="39.07683797" lon="33.41256498"><ele>954.028</ele><time>2026-09-29T07:45:15Z</time><speed>0.000</speed><sat>34</sat></trkpt>
  <trkpt lat="39.07684081" lon="33.41256365"><ele>954.898</ele><time>2026-09-29T07:45:16Z</time><speed>0.350</speed><sat>34</sat></trkpt>
  <trkpt lat="39.07684026" lon="33.41256456"><ele>954.985</ele><time>2026-09-29T07:45:17Z</time><speed>0.000</speed><sat>34</sat></trkpt>
  <trkpt lat="39.07683915" lon="33.41256484"><ele>955.003</ele><time>2026-09-29T07:45:18Z</time><speed>0.000</speed><sat>34</sat></trkpt>
  <trkpt lat="39.07683857" lon="33.41256500"><ele>955.009</ele><time>2026-09-29T07:45:19Z</time><speed>0.000</speed><sat>36</sat></trkpt>
  <trkpt lat="39.07683871" lon="33.41256674"><ele>955.182</ele><time>2026-09-29T07:45:20Z</time><speed>0.150</speed><sat>37</sat></trkpt>
  <trkpt lat="39.07684617" lon="33.41256911"><ele>955.207</ele><time>2026-09-29T07:45:21Z</time><speed>1.150</speed><sat>37</sat></trkpt>
  <trkpt lat="39.07685500" lon="33.41257365"><ele>955.669</ele><time>2026-09-29T07:45:22Z</time><speed>0.820</speed><sat>37</sat></trkpt>
  <trkpt lat="39.07685820" lon="33.41257687"><ele>956.534</ele><time>2026-09-29T07:45:23Z</time><speed>0.240</speed><sat>37</sat></trkpt>
  <trkpt lat="39.07685611" lon="33.41258069"><ele>957.349</ele><time>2026-09-29T07:45:24Z</time><speed>0.000</speed><sat>37</sat></trkpt>
  <trkpt lat="39.07685384" lon="33.41258333"><ele>957.256</ele><time>2026-09-29T07:45:25Z</time><speed>0.000</speed><sat>38</sat></trkpt>
  <trkpt lat="39.07685271" lon="33.41258465"><ele>957.256</ele><time>2026-09-29T07:45:26Z</time><speed>0.000</speed><sat>38</sat></trkpt>
  <trkpt lat="39.07685216" lon="33.41258534"><ele>957.258</ele><time>2026-09-29T07:45:27Z</time><speed>0.000</speed><sat>38</sat></trkpt>
  <trkpt lat="39.07685221" lon="33.41258692"><ele>957.437</ele><time>2026-09-29T07:45:28Z</time><speed>0.280</speed><sat>32</sat></trkpt>
  <trkpt lat="39.07685291" lon="33.41258610"><ele>957.553</ele><time>2026-09-29T07:45:29Z</time><speed>0.370</speed><sat>34</sat></trkpt>
  <trkpt lat="39.07685178" lon="33.41258011"><ele>958.226</ele><time>2026-09-29T07:45:30Z</time><speed>0.340</speed><sat>36</sat></trkpt>
  <trkpt lat="39.07684934" lon="33.41257588"><ele>957.718</ele><time>2026-09-29T07:45:31Z</time><speed>0.000</speed><sat>38</sat></trkpt>
  <trkpt lat="39.07684484" lon="33.41257213"><ele>957.708</ele><time>2026-09-29T07:45:32Z</time><speed>0.000</speed><sat>38</sat></trkpt>
  <trkpt lat="39.07684367" lon="33.41257139"><ele>957.797</ele><time>2026-09-29T07:45:33Z</time><speed>0.000</speed><sat>39</sat></trkpt>
  <trkpt lat="39.07684376" lon="33.41257110"><ele>957.325</ele><time>2026-09-29T07:45:34Z</time><speed>0.000</speed><sat>39</sat></trkpt>
  <trkpt lat="39.07684428" lon="33.41257054"><ele>957.327</ele><time>2026-09-29T07:45:35Z</time><speed>0.000</speed><sat>39</sat></trkpt>
  <trkpt lat="39.07684467" lon="33.41257015"><ele>957.328</ele><time>2026-09-29T07:45:36Z</time><speed>0.000</speed><sat>39</sat></trkpt>
  <trkpt lat="39.07684487" lon="33.41256994"><ele>957.333</ele><time>2026-09-29T07:45:37Z</time><speed>0.000</speed><sat>40</sat></trkpt>
  <trkpt lat="39.07684495" lon="33.41256980"><ele>957.338</ele><time>2026-09-29T07:45:38Z</time><speed>0.000</speed><sat>40</sat></trkpt>
  <trkpt lat="39.07684498" lon="33.41256973"><ele>957.339</ele><time>2026-09-29T07:45:39Z</time><speed>0.000</speed><sat>40</sat></trkpt>
  <trkpt lat="39.07684499" lon="33.41256969"><ele>957.340</ele><time>2026-09-29T07:45:40Z</time><speed>0.000</speed><sat>40</sat></trkpt>
  <trkpt lat="39.07684498" lon="33.41256966"><ele>957.335</ele><time>2026-09-29T07:45:41Z</time><speed>0.000</speed><sat>40</sat></trkpt>
  <trkpt lat="39.07684498" lon="33.41256963"><ele>957.332</ele><time>2026-09-29T07:45:42Z</time><speed>0.000</speed><sat>40</sat></trkpt>
  <trkpt lat="39.07684499" lon="33.41256960"><ele>957.332</ele><time>2026-09-29T07:45:43Z</time><speed>0.000</speed><sat>38</sat></trkpt>
  <trkpt lat="39.07684498" lon="33.41256958"><ele>957.328</ele><time>2026-09-29T07:45:44Z</time><speed>0.000</speed><sat>38</sat></trkpt>
  <trkpt lat="39.07684498" lon="33.41256958"><ele>957.323</ele><time>2026-09-29T07:45:45Z</time><speed>0.000</speed><sat>38</sat></trkpt>
  <trkpt lat="39.07684498" lon="33.41256957"><ele>957.320</ele><time>2026-09-29T07:45:46Z</time><speed>0.000</speed><sat>39</sat></trkpt>
  <trkpt lat="39.07684496" lon="33.41256958"><ele>957.323</ele><time>2026-09-29T07:45:47Z</time><speed>0.000</speed><sat>40</sat></trkpt>
  <trkpt lat="39.07684493" lon="33.41256955"><ele>957.322</ele><time>2026-09-29T07:45:48Z</time><speed>0.000</speed><sat>40</sat></trkpt>
  <trkpt lat="39.07684490" lon="33.41256952"><ele>957.328</ele><time>2026-09-29T07:45:49Z</time><speed>0.000</speed><sat>40</sat></trkpt>
  <trkpt lat="39.07684487" lon="33.41256947"><ele>957.327</ele><time>2026-09-29T07:45:50Z</time><speed>0.000</speed><sat>40</sat></trkpt>
  <trkpt lat="39.07684485" lon="33.41256944"><ele>957.326</ele><time>2026-09-29T07:45:51Z</time><speed>0.000</speed><sat>40</sat></trkpt>
  <trkpt lat="39.07684483" lon="33.41256943"><ele>957.325</ele><time>2026-09-29T07:45:52Z</time><speed>0.000</speed><sat>40</sat></trkpt>
  <trkpt lat="39.07684481" lon="33.41256941"><ele>957.319</ele><time>2026-09-29T07:45:53Z</time><speed>0.000</speed><sat>40</sat></trkpt>
  <trkpt lat="39.07684477" lon="33.41256937"><ele>957.325</ele><time>2026-09-29T07:45:54Z</time><speed>0.000</speed><sat>40</sat></trkpt>
  <trkpt lat="39.07684290" lon="33.41257087"><ele>957.420</ele><time>2026-09-29T07:45:55Z</time><speed>0.300</speed><sat>40</sat></trkpt>
  <trkpt lat="39.07684256" lon="33.41257398"><ele>957.323</ele><time>2026-09-29T07:45:56Z</time><speed>0.230</speed><sat>40</sat></trkpt>
  <trkpt lat="39.07684250" lon="33.41257528"><ele>957.412</ele><time>2026-09-29T07:45:57Z</time><speed>0.000</speed><sat>40</sat></trkpt>
  <trkpt lat="39.07684282" lon="33.41257518"><ele>957.413</ele><time>2026-09-29T07:45:58Z</time><speed>0.000</speed><sat>40</sat></trkpt>
  <trkpt lat="39.07684298" lon="33.41257511"><ele>957.413</ele><time>2026-09-29T07:45:59Z</time><speed>0.000</speed><sat>40</sat></trkpt>
  <trkpt lat="39.07684281" lon="33.41257517"><ele>957.482</ele><time>2026-09-29T07:46:00Z</time><speed>0.000</speed><sat>40</sat></trkpt>
  <trkpt lat="39.07684295" lon="33.41257446"><ele>957.642</ele><time>2026-09-29T07:46:01Z</time><speed>0.170</speed><sat>40</sat></trkpt>
  <trkpt lat="39.07684271" lon="33.41257429"><ele>957.944</ele><time>2026-09-29T07:46:02Z</time><speed>0.000</speed><sat>40</sat></trkpt>
  <trkpt lat="39.07684075" lon="33.41257611"><ele>957.954</ele><time>2026-09-29T07:46:03Z</time><speed>0.000</speed><sat>40</sat></trkpt>
  <trkpt lat="39.07684079" lon="33.41257403"><ele>958.096</ele><time>2026-09-29T07:46:04Z</time><speed>0.220</speed><sat>40</sat></trkpt>
  <trkpt lat="39.07684131" lon="33.41257049"><ele>957.736</ele><time>2026-09-29T07:46:05Z</time><speed>0.000</speed><sat>40</sat></trkpt>
  <trkpt lat="39.07684073" lon="33.41256690"><ele>957.380</ele><time>2026-09-29T07:46:06Z</time><speed>0.280</speed><sat>40</sat></trkpt>
  <trkpt lat="39.07683879" lon="33.41256288"><ele>957.363</ele><time>2026-09-29T07:46:07Z</time><speed>0.000</speed><sat>40</sat></trkpt>
  <trkpt lat="39.07683797" lon="33.41256107"><ele>957.324</ele><time>2026-09-29T07:46:08Z</time><speed>0.000</speed><sat>40</sat></trkpt>
  <trkpt lat="39.07683764" lon="33.41256047"><ele>957.123</ele><time>2026-09-29T07:46:09Z</time><speed>0.000</speed><sat>40</sat></trkpt>
  <trkpt lat="39.07683793" lon="33.41255992"><ele>957.143</ele><time>2026-09-29T07:46:10Z</time><speed>0.000</speed><sat>40</sat></trkpt>
  <trkpt lat="39.07683821" lon="33.41255964"><ele>957.144</ele><time>2026-09-29T07:46:11Z</time><speed>0.000</speed><sat>40</sat></trkpt>
  <trkpt lat="39.07683835" lon="33.41255949"><ele>957.146</ele><time>2026-09-29T07:46:12Z</time><speed>0.000</speed><sat>40</sat></trkpt>
  <trkpt lat="39.07683842" lon="33.41255939"><ele>957.146</ele><time>2026-09-29T07:46:13Z</time><speed>0.000</speed><sat>40</sat></trkpt>
  <trkpt lat="39.07683847" lon="33.41255933"><ele>957.145</ele><time>2026-09-29T07:46:14Z</time><speed>0.000</speed><sat>39</sat></trkpt>
  <trkpt lat="39.07683849" lon="33.41255930"><ele>957.144</ele><time>2026-09-29T07:46:15Z</time><speed>0.000</speed><sat>39</sat></trkpt>
  <trkpt lat="39.07683850" lon="33.41255928"><ele>957.144</ele><time>2026-09-29T07:46:16Z</time><speed>0.000</speed><sat>39</sat></trkpt>
  <trkpt lat="39.07683851" lon="33.41255927"><ele>957.141</ele><time>2026-09-29T07:46:17Z</time><speed>0.000</speed><sat>38</sat></trkpt>
  <trkpt lat="39.07683852" lon="33.41255927"><ele>957.134</ele><time>2026-09-29T07:46:18Z</time><speed>0.000</speed><sat>39</sat></trkpt>
  <trkpt lat="39.07683851" lon="33.41255926"><ele>957.133</ele><time>2026-09-29T07:46:19Z</time><speed>0.000</speed><sat>38</sat></trkpt>
  <trkpt lat="39.07684035" lon="33.41255916"><ele>957.080</ele><time>2026-09-29T07:46:20Z</time><speed>0.240</speed><sat>39</sat></trkpt>
  <trkpt lat="39.07684171" lon="33.41255901"><ele>957.079</ele><time>2026-09-29T07:46:21Z</time><speed>0.000</speed><sat>39</sat></trkpt>
  <trkpt lat="39.07684188" lon="33.41255893"><ele>957.080</ele><time>2026-09-29T07:46:22Z</time><speed>0.000</speed><sat>39</sat></trkpt>
  <trkpt lat="39.07684200" lon="33.41255887"><ele>957.079</ele><time>2026-09-29T07:46:23Z</time><speed>0.000</speed><sat>39</sat></trkpt>
  <trkpt lat="39.07684206" lon="33.41255881"><ele>957.079</ele><time>2026-09-29T07:46:24Z</time><speed>0.000</speed><sat>39</sat></trkpt>
  <trkpt lat="39.07684210" lon="33.41255876"><ele>957.079</ele><time>2026-09-29T07:46:25Z</time><speed>0.000</speed><sat>39</sat></trkpt>
  <trkpt lat="39.07684210" lon="33.41255870"><ele>957.080</ele><time>2026-09-29T07:46:26Z</time><speed>0.000</speed><sat>39</sat></trkpt>
  <trkpt lat="39.07684210" lon="33.41255864"><ele>957.084</ele><time>2026-09-29T07:46:27Z</time><speed>0.000</speed><sat>38</sat></trkpt>
  <trkpt lat="39.07684300" lon="33.41255928"><ele>956.511</ele><time>2026-09-29T07:46:28Z</time><speed>0.150</speed><sat>39</sat></trkpt>
  <trkpt lat="39.07684359" lon="33.41255984"><ele>956.500</ele><time>2026-09-29T07:46:29Z</time><speed>0.000</speed><sat>39</sat></trkpt>
  <trkpt lat="39.07684356" lon="33.41256005"><ele>956.497</ele><time>2026-09-29T07:46:30Z</time><speed>0.000</speed><sat>38</sat></trkpt>
  <trkpt lat="39.07684358" lon="33.41256014"><ele>956.493</ele><time>2026-09-29T07:46:31Z</time><speed>0.000</speed><sat>38</sat></trkpt>
  <trkpt lat="39.07684360" lon="33.41256022"><ele>956.488</ele><time>2026-09-29T07:46:32Z</time><speed>0.000</speed><sat>38</sat></trkpt>
  <trkpt lat="39.07684363" lon="33.41256026"><ele>956.486</ele><time>2026-09-29T07:46:33Z</time><speed>0.000</speed><sat>37</sat></trkpt>
  <trkpt lat="39.07684365" lon="33.41256029"><ele>956.485</ele><time>2026-09-29T07:46:34Z</time><speed>0.000</speed><sat>35</sat></trkpt>
  <trkpt lat="39.07684366" lon="33.41256031"><ele>956.483</ele><time>2026-09-29T07:46:35Z</time><speed>0.000</speed><sat>34</sat></trkpt>
  <trkpt lat="39.07684366" lon="33.41256033"><ele>956.481</ele><time>2026-09-29T07:46:36Z</time><speed>0.000</speed><sat>35</sat></trkpt>
  <trkpt lat="39.07684368" lon="33.41256037"><ele>956.479</ele><time>2026-09-29T07:46:37Z</time><speed>0.000</speed><sat>35</sat></trkpt>
  <trkpt lat="39.07684370" lon="33.41256040"><ele>956.474</ele><time>2026-09-29T07:46:38Z</time><speed>0.000</speed><sat>35</sat></trkpt>
  <trkpt lat="39.07684372" lon="33.41256042"><ele>956.471</ele><time>2026-09-29T07:46:39Z</time><speed>0.000</speed><sat>36</sat></trkpt>
  <trkpt lat="39.07684373" lon="33.41256044"><ele>956.472</ele><time>2026-09-29T07:46:40Z</time><speed>0.000</speed><sat>36</sat></trkpt>
  <trkpt lat="39.07684373" lon="33.41256044"><ele>956.472</ele><time>2026-09-29T07:46:41Z</time><speed>0.000</speed><sat>36</sat></trkpt>
  <trkpt lat="39.07684373" lon="33.41256044"><ele>956.470</ele><time>2026-09-29T07:46:42Z</time><speed>0.000</speed><sat>35</sat></trkpt>
  <trkpt lat="39.07684373" lon="33.41256044"><ele>956.472</ele><time>2026-09-29T07:46:43Z</time><speed>0.000</speed><sat>36</sat></trkpt>
  <trkpt lat="39.07684372" lon="33.41256044"><ele>956.472</ele><time>2026-09-29T07:46:44Z</time><speed>0.000</speed><sat>35</sat></trkpt>
  <trkpt lat="39.07684371" lon="33.41256043"><ele>956.471</ele><time>2026-09-29T07:46:45Z</time><speed>0.000</speed><sat>35</sat></trkpt>
  <trkpt lat="39.07684370" lon="33.41256043"><ele>956.469</ele><time>2026-09-29T07:46:46Z</time><speed>0.000</speed><sat>35</sat></trkpt>
  <trkpt lat="39.07684370" lon="33.41256044"><ele>956.469</ele><time>2026-09-29T07:46:47Z</time><speed>0.000</speed><sat>35</sat></trkpt>
  <trkpt lat="39.07684369" lon="33.41256043"><ele>956.469</ele><time>2026-09-29T07:46:48Z</time><speed>0.000</speed><sat>35</sat></trkpt>
  <trkpt lat="39.07684370" lon="33.41256044"><ele>956.468</ele><time>2026-09-29T07:46:49Z</time><speed>0.000</speed><sat>33</sat></trkpt>
  <trkpt lat="39.07684372" lon="33.41256046"><ele>956.465</ele><time>2026-09-29T07:46:50Z</time><speed>0.000</speed><sat>33</sat></trkpt>
  <trkpt lat="39.07684374" lon="33.41256049"><ele>956.460</ele><time>2026-09-29T07:46:51Z</time><speed>0.000</speed><sat>33</sat></trkpt>
  <trkpt lat="39.07684376" lon="33.41256053"><ele>956.457</ele><time>2026-09-29T07:46:52Z</time><speed>0.000</speed><sat>33</sat></trkpt>
  <trkpt lat="39.07684378" lon="33.41256056"><ele>956.454</ele><time>2026-09-29T07:46:53Z</time><speed>0.000</speed><sat>33</sat></trkpt>
  <trkpt lat="39.07684380" lon="33.41256060"><ele>956.451</ele><time>2026-09-29T07:46:54Z</time><speed>0.000</speed><sat>32</sat></trkpt>
  <trkpt lat="39.07684383" lon="33.41256063"><ele>956.447</ele><time>2026-09-29T07:46:55Z</time><speed>0.000</speed><sat>33</sat></trkpt>
  <trkpt lat="39.07684384" lon="33.41256064"><ele>956.447</ele><time>2026-09-29T07:46:56Z</time><speed>0.000</speed><sat>33</sat></trkpt>
  <trkpt lat="39.07684384" lon="33.41256065"><ele>956.444</ele><time>2026-09-29T07:46:57Z</time><speed>0.000</speed><sat>33</sat></trkpt>
  <trkpt lat="39.07684385" lon="33.41256066"><ele>956.444</ele><time>2026-09-29T07:46:58Z</time><speed>0.000</speed><sat>33</sat></trkpt>
  <trkpt lat="39.07684387" lon="33.41256068"><ele>956.441</ele><time>2026-09-29T07:46:59Z</time><speed>0.000</speed><sat>34</sat></trkpt>
  <trkpt lat="39.07684389" lon="33.41256071"><ele>956.435</ele><time>2026-09-29T07:47:00Z</time><speed>0.000</speed><sat>34</sat></trkpt>
  <trkpt lat="39.07684392" lon="33.41256075"><ele>956.436</ele><time>2026-09-29T07:47:01Z</time><speed>0.000</speed><sat>35</sat></trkpt>
  <trkpt lat="39.07684394" lon="33.41256077"><ele>956.435</ele><time>2026-09-29T07:47:02Z</time><speed>0.000</speed><sat>35</sat></trkpt>
  <trkpt lat="39.07684395" lon="33.41256078"><ele>956.434</ele><time>2026-09-29T07:47:03Z</time><speed>0.000</speed><sat>35</sat></trkpt>
  <trkpt lat="39.07684397" lon="33.41256078"><ele>956.435</ele><time>2026-09-29T07:47:04Z</time><speed>0.000</speed><sat>34</sat></trkpt>
  <trkpt lat="39.07684398" lon="33.41256077"><ele>956.433</ele><time>2026-09-29T07:47:05Z</time><speed>0.000</speed><sat>34</sat></trkpt>
  <trkpt lat="39.07684398" lon="33.41256075"><ele>956.433</ele><time>2026-09-29T07:47:06Z</time><speed>0.000</speed><sat>34</sat></trkpt>
  <trkpt lat="39.07684398" lon="33.41256072"><ele>956.432</ele><time>2026-09-29T07:47:07Z</time><speed>0.000</speed><sat>33</sat></trkpt>
  <trkpt lat="39.07684398" lon="33.41256071"><ele>956.432</ele><time>2026-09-29T07:47:08Z</time><speed>0.000</speed><sat>32</sat></trkpt>
  <trkpt lat="39.07684312" lon="33.41256117"><ele>956.509</ele><time>2026-09-29T07:47:09Z</time><speed>0.190</speed><sat>31</sat></trkpt>
  <trkpt lat="39.07684186" lon="33.41256126"><ele>956.508</ele><time>2026-09-29T07:47:10Z</time><speed>0.000</speed><sat>38</sat></trkpt>
  <trkpt lat="39.07684085" lon="33.41256093"><ele>956.511</ele><time>2026-09-29T07:47:11Z</time><speed>0.000</speed><sat>38</sat></trkpt>
  <trkpt lat="39.07684027" lon="33.41256076"><ele>956.514</ele><time>2026-09-29T07:47:12Z</time><speed>0.000</speed><sat>38</sat></trkpt>
  <trkpt lat="39.07683993" lon="33.41256065"><ele>956.515</ele><time>2026-09-29T07:47:13Z</time><speed>0.000</speed><sat>38</sat></trkpt>
  <trkpt lat="39.07683970" lon="33.41256058"><ele>956.517</ele><time>2026-09-29T07:47:14Z</time><speed>0.000</speed><sat>38</sat></trkpt>
  <trkpt lat="39.07683955" lon="33.41256054"><ele>956.519</ele><time>2026-09-29T07:47:15Z</time><speed>0.000</speed><sat>38</sat></trkpt>
  <trkpt lat="39.07683943" lon="33.41256051"><ele>956.518</ele><time>2026-09-29T07:47:16Z</time><speed>0.000</speed><sat>38</sat></trkpt>
  <trkpt lat="39.07683936" lon="33.41256047"><ele>956.517</ele><time>2026-09-29T07:47:17Z</time><speed>0.000</speed><sat>37</sat></trkpt>
  <trkpt lat="39.07683931" lon="33.41256042"><ele>956.519</ele><time>2026-09-29T07:47:18Z</time><speed>0.000</speed><sat>37</sat></trkpt>
  <trkpt lat="39.07683925" lon="33.41256035"><ele>956.523</ele><time>2026-09-29T07:47:19Z</time><speed>0.000</speed><sat>37</sat></trkpt>
  <trkpt lat="39.07683921" lon="33.41256027"><ele>956.530</ele><time>2026-09-29T07:47:20Z</time><speed>0.000</speed><sat>37</sat></trkpt>
  <trkpt lat="39.07683916" lon="33.41256020"><ele>956.536</ele><time>2026-09-29T07:47:21Z</time><speed>0.000</speed><sat>37</sat></trkpt>
  <trkpt lat="39.07683911" lon="33.41256016"><ele>956.539</ele><time>2026-09-29T07:47:22Z</time><speed>0.000</speed><sat>37</sat></trkpt>
  <trkpt lat="39.07683912" lon="33.41255976"><ele>956.890</ele><time>2026-09-29T07:47:23Z</time><speed>0.000</speed><sat>37</sat></trkpt>
  <trkpt lat="39.07683970" lon="33.41256168"><ele>956.936</ele><time>2026-09-29T07:47:24Z</time><speed>0.220</speed><sat>37</sat></trkpt>
  <trkpt lat="39.07684251" lon="33.41256374"><ele>956.854</ele><time>2026-09-29T07:47:25Z</time><speed>0.450</speed><sat>37</sat></trkpt>
  <trkpt lat="39.07684688" lon="33.41256230"><ele>956.859</ele><time>2026-09-29T07:47:26Z</time><speed>0.470</speed><sat>37</sat></trkpt>
  <trkpt lat="39.07684704" lon="33.41256034"><ele>957.094</ele><time>2026-09-29T07:47:27Z</time><speed>0.190</speed><sat>37</sat></trkpt>
  <trkpt lat="39.07684449" lon="33.41255364"><ele>957.517</ele><time>2026-09-29T07:47:28Z</time><speed>0.540</speed><sat>38</sat></trkpt>
  <trkpt lat="39.07684371" lon="33.41254742"><ele>957.051</ele><time>2026-09-29T07:47:29Z</time><speed>0.270</speed><sat>37</sat></trkpt>
  <trkpt lat="39.07684230" lon="33.41254399"><ele>957.179</ele><time>2026-09-29T07:47:30Z</time><speed>0.000</speed><sat>37</sat></trkpt>
  <trkpt lat="39.07684176" lon="33.41254295"><ele>957.186</ele><time>2026-09-29T07:47:31Z</time><speed>0.000</speed><sat>38</sat></trkpt>
  <trkpt lat="39.07684149" lon="33.41254245"><ele>957.190</ele><time>2026-09-29T07:47:32Z</time><speed>0.000</speed><sat>38</sat></trkpt>
  <trkpt lat="39.07684138" lon="33.41254227"><ele>957.193</ele><time>2026-09-29T07:47:33Z</time><speed>0.000</speed><sat>38</sat></trkpt>
  <trkpt lat="39.07684129" lon="33.41254218"><ele>957.198</ele><time>2026-09-29T07:47:34Z</time><speed>0.000</speed><sat>38</sat></trkpt>
  <trkpt lat="39.07684125" lon="33.41254216"><ele>957.202</ele><time>2026-09-29T07:47:35Z</time><speed>0.000</speed><sat>37</sat></trkpt>
  <trkpt lat="39.07684131" lon="33.41254230"><ele>957.193</ele><time>2026-09-29T07:47:36Z</time><speed>0.000</speed><sat>35</sat></trkpt>
  <trkpt lat="39.07684134" lon="33.41254242"><ele>957.191</ele><time>2026-09-29T07:47:37Z</time><speed>0.000</speed><sat>35</sat></trkpt>
  <trkpt lat="39.07684135" lon="33.41254243"><ele>957.188</ele><time>2026-09-29T07:47:38Z</time><speed>0.000</speed><sat>34</sat></trkpt>
  <trkpt lat="39.07684138" lon="33.41254240"><ele>957.191</ele><time>2026-09-29T07:47:39Z</time><speed>0.000</speed><sat>33</sat></trkpt>
  <trkpt lat="39.07684142" lon="33.41254240"><ele>957.191</ele><time>2026-09-29T07:47:40Z</time><speed>0.000</speed><sat>33</sat></trkpt>
  <trkpt lat="39.07684145" lon="33.41254240"><ele>957.194</ele><time>2026-09-29T07:47:41Z</time><speed>0.000</speed><sat>33</sat></trkpt>
  <trkpt lat="39.07684150" lon="33.41254241"><ele>957.191</ele><time>2026-09-29T07:47:42Z</time><speed>0.000</speed><sat>33</sat></trkpt>
  <trkpt lat="39.07684154" lon="33.41254238"><ele>957.186</ele><time>2026-09-29T07:47:43Z</time><speed>0.000</speed><sat>33</sat></trkpt>
  <trkpt lat="39.07684161" lon="33.41254243"><ele>957.180</ele><time>2026-09-29T07:47:44Z</time><speed>0.000</speed><sat>33</sat></trkpt>
  <trkpt lat="39.07684173" lon="33.41254261"><ele>957.165</ele><time>2026-09-29T07:47:45Z</time><speed>0.000</speed><sat>34</sat></trkpt>
  <trkpt lat="39.07684182" lon="33.41254276"><ele>957.163</ele><time>2026-09-29T07:47:46Z</time><speed>0.000</speed><sat>34</sat></trkpt>
  <trkpt lat="39.07684186" lon="33.41254278"><ele>957.171</ele><time>2026-09-29T07:47:47Z</time><speed>0.000</speed><sat>34</sat></trkpt>
  <trkpt lat="39.07684185" lon="33.41254275"><ele>957.183</ele><time>2026-09-29T07:47:48Z</time><speed>0.000</speed><sat>34</sat></trkpt>
  <trkpt lat="39.07684184" lon="33.41254268"><ele>957.188</ele><time>2026-09-29T07:47:49Z</time><speed>0.000</speed><sat>34</sat></trkpt>
  <trkpt lat="39.07684183" lon="33.41254261"><ele>957.192</ele><time>2026-09-29T07:47:50Z</time><speed>0.000</speed><sat>34</sat></trkpt>
  <trkpt lat="39.07684184" lon="33.41254260"><ele>957.192</ele><time>2026-09-29T07:47:51Z</time><speed>0.000</speed><sat>33</sat></trkpt>
  <trkpt lat="39.07684185" lon="33.41254260"><ele>957.192</ele><time>2026-09-29T07:47:52Z</time><speed>0.000</speed><sat>33</sat></trkpt>
  <trkpt lat="39.07684188" lon="33.41254262"><ele>957.191</ele><time>2026-09-29T07:47:53Z</time><speed>0.000</speed><sat>33</sat></trkpt>
  <trkpt lat="39.07684195" lon="33.41254275"><ele>957.175</ele><time>2026-09-29T07:47:54Z</time><speed>0.000</speed><sat>33</sat></trkpt>
  <trkpt lat="39.07684201" lon="33.41254286"><ele>957.172</ele><time>2026-09-29T07:47:55Z</time><speed>0.000</speed><sat>34</sat></trkpt>
  <trkpt lat="39.07684205" lon="33.41254286"><ele>957.176</ele><time>2026-09-29T07:47:56Z</time><speed>0.000</speed><sat>34</sat></trkpt>
  <trkpt lat="39.07684205" lon="33.41254284"><ele>957.177</ele><time>2026-09-29T07:47:57Z</time><speed>0.000</speed><sat>35</sat></trkpt>
  <trkpt lat="39.07684210" lon="33.41254282"><ele>957.171</ele><time>2026-09-29T07:47:58Z</time><speed>0.000</speed><sat>36</sat></trkpt>
  <trkpt lat="39.07684212" lon="33.41254279"><ele>957.171</ele><time>2026-09-29T07:47:59Z</time><speed>0.000</speed><sat>35</sat></trkpt>
  <trkpt lat="39.07684216" lon="33.41254280"><ele>957.163</ele><time>2026-09-29T07:48:00Z</time><speed>0.000</speed><sat>35</sat></trkpt>
  <trkpt lat="39.07684219" lon="33.41254282"><ele>957.152</ele><time>2026-09-29T07:48:01Z</time><speed>0.000</speed><sat>36</sat></trkpt>
  <trkpt lat="39.07684219" lon="33.41254281"><ele>957.153</ele><time>2026-09-29T07:48:02Z</time><speed>0.000</speed><sat>36</sat></trkpt>
  <trkpt lat="39.07684219" lon="33.41254283"><ele>957.151</ele><time>2026-09-29T07:48:03Z</time><speed>0.000</speed><sat>35</sat></trkpt>
  <trkpt lat="39.07684217" lon="33.41254281"><ele>957.144</ele><time>2026-09-29T07:48:04Z</time><speed>0.000</speed><sat>35</sat></trkpt>
  <trkpt lat="39.07684214" lon="33.41254278"><ele>957.151</ele><time>2026-09-29T07:48:05Z</time><speed>0.000</speed><sat>35</sat></trkpt>
  <trkpt lat="39.07684213" lon="33.41254270"><ele>957.156</ele><time>2026-09-29T07:48:06Z</time><speed>0.000</speed><sat>35</sat></trkpt>
  <trkpt lat="39.07684211" lon="33.41254262"><ele>957.161</ele><time>2026-09-29T07:48:07Z</time><speed>0.000</speed><sat>35</sat></trkpt>
  <trkpt lat="39.07684211" lon="33.41254258"><ele>957.169</ele><time>2026-09-29T07:48:08Z</time><speed>0.000</speed><sat>35</sat></trkpt>
  <trkpt lat="39.07684216" lon="33.41254260"><ele>957.167</ele><time>2026-09-29T07:48:09Z</time><speed>0.000</speed><sat>35</sat></trkpt>
  <trkpt lat="39.07684224" lon="33.41254271"><ele>957.160</ele><time>2026-09-29T07:48:10Z</time><speed>0.000</speed><sat>35</sat></trkpt>
  <trkpt lat="39.07684228" lon="33.41254279"><ele>957.158</ele><time>2026-09-29T07:48:11Z</time><speed>0.000</speed><sat>35</sat></trkpt>
  <trkpt lat="39.07684230" lon="33.41254289"><ele>957.160</ele><time>2026-09-29T07:48:12Z</time><speed>0.000</speed><sat>35</sat></trkpt>
  <trkpt lat="39.07684233" lon="33.41254294"><ele>957.159</ele><time>2026-09-29T07:48:13Z</time><speed>0.000</speed><sat>35</sat></trkpt>
  <trkpt lat="39.07684236" lon="33.41254295"><ele>957.152</ele><time>2026-09-29T07:48:14Z</time><speed>0.000</speed><sat>35</sat></trkpt>
  <trkpt lat="39.07684236" lon="33.41254292"><ele>957.156</ele><time>2026-09-29T07:48:15Z</time><speed>0.000</speed><sat>35</sat></trkpt>
  <trkpt lat="39.07684242" lon="33.41254295"><ele>957.150</ele><time>2026-09-29T07:48:16Z</time><speed>0.000</speed><sat>35</sat></trkpt>
  <trkpt lat="39.07684251" lon="33.41254301"><ele>957.144</ele><time>2026-09-29T07:48:17Z</time><speed>0.000</speed><sat>36</sat></trkpt>
  <trkpt lat="39.07684261" lon="33.41254309"><ele>957.135</ele><time>2026-09-29T07:48:18Z</time><speed>0.000</speed><sat>36</sat></trkpt>
  <trkpt lat="39.07684272" lon="33.41254316"><ele>957.122</ele><time>2026-09-29T07:48:19Z</time><speed>0.000</speed><sat>36</sat></trkpt>
  <trkpt lat="39.07684281" lon="33.41254330"><ele>957.113</ele><time>2026-09-29T07:48:20Z</time><speed>0.000</speed><sat>36</sat></trkpt>
  <trkpt lat="39.07684283" lon="33.41254338"><ele>957.118</ele><time>2026-09-29T07:48:21Z</time><speed>0.000</speed><sat>37</sat></trkpt>
  <trkpt lat="39.07684289" lon="33.41254345"><ele>957.120</ele><time>2026-09-29T07:48:22Z</time><speed>0.000</speed><sat>37</sat></trkpt>
  <trkpt lat="39.07684291" lon="33.41254347"><ele>957.132</ele><time>2026-09-29T07:48:23Z</time><speed>0.000</speed><sat>37</sat></trkpt>
  <trkpt lat="39.07684291" lon="33.41254341"><ele>957.141</ele><time>2026-09-29T07:48:24Z</time><speed>0.000</speed><sat>37</sat></trkpt>
  <trkpt lat="39.07684292" lon="33.41254339"><ele>957.144</ele><time>2026-09-29T07:48:25Z</time><speed>0.000</speed><sat>37</sat></trkpt>
  <trkpt lat="39.07684291" lon="33.41254335"><ele>957.146</ele><time>2026-09-29T07:48:26Z</time><speed>0.000</speed><sat>37</sat></trkpt>
  <trkpt lat="39.07684292" lon="33.41254335"><ele>957.140</ele><time>2026-09-29T07:48:27Z</time><speed>0.000</speed><sat>37</sat></trkpt>
  <trkpt lat="39.07684291" lon="33.41254333"><ele>957.137</ele><time>2026-09-29T07:48:28Z</time><speed>0.000</speed><sat>37</sat></trkpt>
  <trkpt lat="39.07684290" lon="33.41254333"><ele>957.134</ele><time>2026-09-29T07:48:29Z</time><speed>0.000</speed><sat>37</sat></trkpt>
  <trkpt lat="39.07684288" lon="33.41254332"><ele>957.138</ele><time>2026-09-29T07:48:30Z</time><speed>0.000</speed><sat>37</sat></trkpt>
  <trkpt lat="39.07684284" lon="33.41254329"><ele>957.139</ele><time>2026-09-29T07:48:31Z</time><speed>0.000</speed><sat>37</sat></trkpt>
  <trkpt lat="39.07684282" lon="33.41254325"><ele>957.146</ele><time>2026-09-29T07:48:32Z</time><speed>0.000</speed><sat>37</sat></trkpt>
  <trkpt lat="39.07684279" lon="33.41254328"><ele>957.146</ele><time>2026-09-29T07:48:33Z</time><speed>0.000</speed><sat>37</sat></trkpt>
  <trkpt lat="39.07684277" lon="33.41254329"><ele>957.151</ele><time>2026-09-29T07:48:34Z</time><speed>0.000</speed><sat>37</sat></trkpt>
  <trkpt lat="39.07684277" lon="33.41254333"><ele>957.154</ele><time>2026-09-29T07:48:35Z</time><speed>0.000</speed><sat>37</sat></trkpt>
  <trkpt lat="39.07684279" lon="33.41254339"><ele>957.153</ele><time>2026-09-29T07:48:36Z</time><speed>0.000</speed><sat>37</sat></trkpt>
  <trkpt lat="39.07684285" lon="33.41254349"><ele>957.143</ele><time>2026-09-29T07:48:37Z</time><speed>0.000</speed><sat>37</sat></trkpt>
  <trkpt lat="39.07684289" lon="33.41254359"><ele>957.142</ele><time>2026-09-29T07:48:38Z</time><speed>0.000</speed><sat>36</sat></trkpt>
  <trkpt lat="39.07684294" lon="33.41254365"><ele>957.138</ele><time>2026-09-29T07:48:39Z</time><speed>0.000</speed><sat>36</sat></trkpt>
  <trkpt lat="39.07684297" lon="33.41254369"><ele>957.133</ele><time>2026-09-29T07:48:40Z</time><speed>0.000</speed><sat>36</sat></trkpt>
  <trkpt lat="39.07684305" lon="33.41254374"><ele>957.118</ele><time>2026-09-29T07:48:41Z</time><speed>0.000</speed><sat>36</sat></trkpt>
  <trkpt lat="39.07684308" lon="33.41254381"><ele>957.119</ele><time>2026-09-29T07:48:42Z</time><speed>0.000</speed><sat>36</sat></trkpt>
  <trkpt lat="39.07684312" lon="33.41254390"><ele>957.114</ele><time>2026-09-29T07:48:43Z</time><speed>0.000</speed><sat>36</sat></trkpt>
  <trkpt lat="39.07684318" lon="33.41254394"><ele>957.112</ele><time>2026-09-29T07:48:44Z</time><speed>0.000</speed><sat>36</sat></trkpt>
  <trkpt lat="39.07684322" lon="33.41254404"><ele>957.105</ele><time>2026-09-29T07:48:45Z</time><speed>0.000</speed><sat>36</sat></trkpt>
  <trkpt lat="39.07684325" lon="33.41254414"><ele>957.104</ele><time>2026-09-29T07:48:46Z</time><speed>0.000</speed><sat>36</sat></trkpt>
  <trkpt lat="39.07684327" lon="33.41254420"><ele>957.103</ele><time>2026-09-29T07:48:47Z</time><speed>0.000</speed><sat>36</sat></trkpt>
  <trkpt lat="39.07684327" lon="33.41254422"><ele>957.112</ele><time>2026-09-29T07:48:48Z</time><speed>0.000</speed><sat>36</sat></trkpt>
  <trkpt lat="39.07684323" lon="33.41254416"><ele>957.117</ele><time>2026-09-29T07:48:49Z</time><speed>0.000</speed><sat>36</sat></trkpt>
  <trkpt lat="39.07684322" lon="33.41254409"><ele>957.115</ele><time>2026-09-29T07:48:50Z</time><speed>0.000</speed><sat>36</sat></trkpt>
  <trkpt lat="39.07684321" lon="33.41254408"><ele>957.112</ele><time>2026-09-29T07:48:51Z</time><speed>0.000</speed><sat>36</sat></trkpt>
  <trkpt lat="39.07684321" lon="33.41254406"><ele>957.112</ele><time>2026-09-29T07:48:52Z</time><speed>0.000</speed><sat>36</sat></trkpt>
  <trkpt lat="39.07684321" lon="33.41254403"><ele>957.115</ele><time>2026-09-29T07:48:53Z</time><speed>0.000</speed><sat>36</sat></trkpt>
  <trkpt lat="39.07684322" lon="33.41254402"><ele>957.112</ele><time>2026-09-29T07:48:54Z</time><speed>0.000</speed><sat>36</sat></trkpt>
  <trkpt lat="39.07684323" lon="33.41254403"><ele>957.114</ele><time>2026-09-29T07:48:55Z</time><speed>0.000</speed><sat>36</sat></trkpt>
  <trkpt lat="39.07684323" lon="33.41254402"><ele>957.121</ele><time>2026-09-29T07:48:56Z</time><speed>0.000</speed><sat>36</sat></trkpt>
  <trkpt lat="39.07684323" lon="33.41254398"><ele>957.122</ele><time>2026-09-29T07:48:57Z</time><speed>0.000</speed><sat>36</sat></trkpt>
  <trkpt lat="39.07684322" lon="33.41254392"><ele>957.125</ele><time>2026-09-29T07:48:58Z</time><speed>0.000</speed><sat>36</sat></trkpt>
  <trkpt lat="39.07684319" lon="33.41254386"><ele>957.127</ele><time>2026-09-29T07:48:59Z</time><speed>0.000</speed><sat>36</sat></trkpt>
  <trkpt lat="39.07684318" lon="33.41254384"><ele>957.129</ele><time>2026-09-29T07:49:00Z</time><speed>0.000</speed><sat>36</sat></trkpt>
  <trkpt lat="39.07684317" lon="33.41254392"><ele>957.124</ele><time>2026-09-29T07:49:01Z</time><speed>0.000</speed><sat>36</sat></trkpt>
  <trkpt lat="39.07684319" lon="33.41254407"><ele>957.121</ele><time>2026-09-29T07:49:02Z</time><speed>0.000</speed><sat>36</sat></trkpt>
  <trkpt lat="39.07684321" lon="33.41254424"><ele>957.123</ele><time>2026-09-29T07:49:03Z</time><speed>0.000</speed><sat>36</sat></trkpt>
  <trkpt lat="39.07684323" lon="33.41254442"><ele>957.120</ele><time>2026-09-29T07:49:04Z</time><speed>0.000</speed><sat>36</sat></trkpt>
  <trkpt lat="39.07684326" lon="33.41254455"><ele>957.116</ele><time>2026-09-29T07:49:05Z</time><speed>0.000</speed><sat>36</sat></trkpt>
  <trkpt lat="39.07684326" lon="33.41254461"><ele>957.116</ele><time>2026-09-29T07:49:06Z</time><speed>0.000</speed><sat>36</sat></trkpt>
  <trkpt lat="39.07684324" lon="33.41254461"><ele>957.120</ele><time>2026-09-29T07:49:07Z</time><speed>0.000</speed><sat>36</sat></trkpt>
  <trkpt lat="39.07684325" lon="33.41254462"><ele>957.120</ele><time>2026-09-29T07:49:08Z</time><speed>0.000</speed><sat>36</sat></trkpt>
  <trkpt lat="39.07684323" lon="33.41254459"><ele>957.122</ele><time>2026-09-29T07:49:09Z</time><speed>0.000</speed><sat>36</sat></trkpt>
  <trkpt lat="39.07684324" lon="33.41254458"><ele>957.115</ele><time>2026-09-29T07:49:10Z</time><speed>0.000</speed><sat>36</sat></trkpt>
  <trkpt lat="39.07684323" lon="33.41254457"><ele>957.117</ele><time>2026-09-29T07:49:11Z</time><speed>0.000</speed><sat>36</sat></trkpt>
  <trkpt lat="39.07684323" lon="33.41254460"><ele>957.111</ele><time>2026-09-29T07:49:12Z</time><speed>0.000</speed><sat>35</sat></trkpt>
  <trkpt lat="39.07684324" lon="33.41254463"><ele>957.111</ele><time>2026-09-29T07:49:13Z</time><speed>0.000</speed><sat>35</sat></trkpt>
  <trkpt lat="39.07684255" lon="33.41254345"><ele>957.009</ele><time>2026-09-29T07:49:14Z</time><speed>0.000</speed><sat>35</sat></trkpt>
  <trkpt lat="39.07684180" lon="33.41254259"><ele>957.019</ele><time>2026-09-29T07:49:15Z</time><speed>0.000</speed><sat>37</sat></trkpt>
  <trkpt lat="39.07684142" lon="33.41254246"><ele>957.027</ele><time>2026-09-29T07:49:16Z</time><speed>0.000</speed><sat>39</sat></trkpt>
  <trkpt lat="39.07684114" lon="33.41254233"><ele>957.045</ele><time>2026-09-29T07:49:17Z</time><speed>0.000</speed><sat>39</sat></trkpt>
  <trkpt lat="39.07684091" lon="33.41254215"><ele>957.068</ele><time>2026-09-29T07:49:18Z</time><speed>0.000</speed><sat>39</sat></trkpt>
  <trkpt lat="39.07684072" lon="33.41254209"><ele>957.077</ele><time>2026-09-29T07:49:19Z</time><speed>0.000</speed><sat>39</sat></trkpt>
  <trkpt lat="39.07684052" lon="33.41254195"><ele>957.107</ele><time>2026-09-29T07:49:20Z</time><speed>0.000</speed><sat>39</sat></trkpt>
  <trkpt lat="39.07684033" lon="33.41254188"><ele>957.122</ele><time>2026-09-29T07:49:21Z</time><speed>0.000</speed><sat>39</sat></trkpt>
  <trkpt lat="39.07684014" lon="33.41254181"><ele>957.138</ele><time>2026-09-29T07:49:22Z</time><speed>0.000</speed><sat>39</sat></trkpt>
  <trkpt lat="39.07683996" lon="33.41254172"><ele>957.166</ele><time>2026-09-29T07:49:23Z</time><speed>0.000</speed><sat>39</sat></trkpt>
  <trkpt lat="39.07683978" lon="33.41254157"><ele>957.194</ele><time>2026-09-29T07:49:24Z</time><speed>0.000</speed><sat>39</sat></trkpt>
  <trkpt lat="39.07683961" lon="33.41254140"><ele>957.226</ele><time>2026-09-29T07:49:25Z</time><speed>0.000</speed><sat>39</sat></trkpt>
  <trkpt lat="39.07683942" lon="33.41254125"><ele>957.246</ele><time>2026-09-29T07:49:26Z</time><speed>0.000</speed><sat>38</sat></trkpt>
  <trkpt lat="39.07683926" lon="33.41254110"><ele>957.271</ele><time>2026-09-29T07:49:27Z</time><speed>0.000</speed><sat>38</sat></trkpt>
  <trkpt lat="39.07683913" lon="33.41254092"><ele>957.295</ele><time>2026-09-29T07:49:28Z</time><speed>0.000</speed><sat>39</sat></trkpt>
  <trkpt lat="39.07683902" lon="33.41254070"><ele>957.330</ele><time>2026-09-29T07:49:29Z</time><speed>0.000</speed><sat>39</sat></trkpt>
  <trkpt lat="39.07683893" lon="33.41254046"><ele>957.349</ele><time>2026-09-29T07:49:30Z</time><speed>0.000</speed><sat>39</sat></trkpt>
  <trkpt lat="39.07683883" lon="33.41254027"><ele>957.375</ele><time>2026-09-29T07:49:31Z</time><speed>0.000</speed><sat>39</sat></trkpt>
  <trkpt lat="39.07683875" lon="33.41254015"><ele>957.396</ele><time>2026-09-29T07:49:32Z</time><speed>0.000</speed><sat>39</sat></trkpt>
  <trkpt lat="39.07683871" lon="33.41254012"><ele>957.415</ele><time>2026-09-29T07:49:33Z</time><speed>0.000</speed><sat>39</sat></trkpt>
  <trkpt lat="39.07683864" lon="33.41254007"><ele>957.435</ele><time>2026-09-29T07:49:34Z</time><speed>0.000</speed><sat>38</sat></trkpt>
  <trkpt lat="39.07683841" lon="33.41253866"><ele>957.075</ele><time>2026-09-29T07:49:35Z</time><speed>0.170</speed><sat>38</sat></trkpt>
  <trkpt lat="39.07683797" lon="33.41253755"><ele>957.052</ele><time>2026-09-29T07:49:36Z</time><speed>0.000</speed><sat>38</sat></trkpt>
  <trkpt lat="39.07683750" lon="33.41253730"><ele>957.048</ele><time>2026-09-29T07:49:37Z</time><speed>0.000</speed><sat>39</sat></trkpt>
  <trkpt lat="39.07683730" lon="33.41253715"><ele>957.045</ele><time>2026-09-29T07:49:38Z</time><speed>0.000</speed><sat>39</sat></trkpt>
  <trkpt lat="39.07683723" lon="33.41253705"><ele>957.043</ele><time>2026-09-29T07:49:39Z</time><speed>0.000</speed><sat>39</sat></trkpt>
  <trkpt lat="39.07683722" lon="33.41253698"><ele>957.043</ele><time>2026-09-29T07:49:40Z</time><speed>0.000</speed><sat>39</sat></trkpt>
  <trkpt lat="39.07683722" lon="33.41253693"><ele>957.041</ele><time>2026-09-29T07:49:41Z</time><speed>0.000</speed><sat>39</sat></trkpt>
  <trkpt lat="39.07683723" lon="33.41253690"><ele>957.043</ele><time>2026-09-29T07:49:42Z</time><speed>0.000</speed><sat>34</sat></trkpt>
  <trkpt lat="39.07683723" lon="33.41253687"><ele>957.045</ele><time>2026-09-29T07:49:43Z</time><speed>0.000</speed><sat>33</sat></trkpt>
  <trkpt lat="39.07683723" lon="33.41253685"><ele>957.043</ele><time>2026-09-29T07:49:44Z</time><speed>0.000</speed><sat>34</sat></trkpt>
  <trkpt lat="39.07683724" lon="33.41253683"><ele>957.040</ele><time>2026-09-29T07:49:45Z</time><speed>0.000</speed><sat>34</sat></trkpt>
  <trkpt lat="39.07683725" lon="33.41253681"><ele>957.040</ele><time>2026-09-29T07:49:46Z</time><speed>0.000</speed><sat>34</sat></trkpt>
  <trkpt lat="39.07683726" lon="33.41253679"><ele>957.040</ele><time>2026-09-29T07:49:47Z</time><speed>0.000</speed><sat>34</sat></trkpt>
  <trkpt lat="39.07683727" lon="33.41253678"><ele>957.039</ele><time>2026-09-29T07:49:48Z</time><speed>0.000</speed><sat>34</sat></trkpt>
  <trkpt lat="39.07683728" lon="33.41253677"><ele>957.038</ele><time>2026-09-29T07:49:49Z</time><speed>0.000</speed><sat>34</sat></trkpt>
  <trkpt lat="39.07683729" lon="33.41253676"><ele>957.038</ele><time>2026-09-29T07:49:50Z</time><speed>0.000</speed><sat>33</sat></trkpt>
  <trkpt lat="39.07683731" lon="33.41253675"><ele>957.038</ele><time>2026-09-29T07:49:51Z</time><speed>0.000</speed><sat>31</sat></trkpt>
  <trkpt lat="39.07683731" lon="33.41253674"><ele>957.038</ele><time>2026-09-29T07:49:52Z</time><speed>0.000</speed><sat>32</sat></trkpt>
  <trkpt lat="39.07683732" lon="33.41253673"><ele>957.037</ele><time>2026-09-29T07:49:53Z</time><speed>0.000</speed><sat>33</sat></trkpt>
  <trkpt lat="39.07683733" lon="33.41253672"><ele>957.036</ele><time>2026-09-29T07:49:54Z</time><speed>0.000</speed><sat>32</sat></trkpt>
  <trkpt lat="39.07683734" lon="33.41253671"><ele>957.036</ele><time>2026-09-29T07:49:55Z</time><speed>0.000</speed><sat>32</sat></trkpt>
  <trkpt lat="39.07683733" lon="33.41253670"><ele>957.033</ele><time>2026-09-29T07:49:56Z</time><speed>0.000</speed><sat>32</sat></trkpt>
  <trkpt lat="39.07683734" lon="33.41253669"><ele>957.031</ele><time>2026-09-29T07:49:57Z</time><speed>0.000</speed><sat>33</sat></trkpt>
  <trkpt lat="39.07683734" lon="33.41253668"><ele>957.029</ele><time>2026-09-29T07:49:58Z</time><speed>0.000</speed><sat>32</sat></trkpt>
  <trkpt lat="39.07683736" lon="33.41253667"><ele>957.029</ele><time>2026-09-29T07:49:59Z</time><speed>0.000</speed><sat>31</sat></trkpt>
  <trkpt lat="39.07683736" lon="33.41253666"><ele>957.028</ele><time>2026-09-29T07:50:00Z</time><speed>0.000</speed><sat>31</sat></trkpt>
  <trkpt lat="39.07683737" lon="33.41253665"><ele>957.028</ele><time>2026-09-29T07:50:01Z</time><speed>0.000</speed><sat>31</sat></trkpt>
  <trkpt lat="39.07683738" lon="33.41253666"><ele>957.030</ele><time>2026-09-29T07:50:02Z</time><speed>0.000</speed><sat>31</sat></trkpt>
  <trkpt lat="39.07683740" lon="33.41253667"><ele>957.029</ele><time>2026-09-29T07:50:03Z</time><speed>0.000</speed><sat>32</sat></trkpt>
  <trkpt lat="39.07683741" lon="33.41253667"><ele>957.027</ele><time>2026-09-29T07:50:04Z</time><speed>0.000</speed><sat>34</sat></trkpt>
  <trkpt lat="39.07683742" lon="33.41253666"><ele>957.025</ele><time>2026-09-29T07:50:05Z</time><speed>0.000</speed><sat>34</sat></trkpt>
  <trkpt lat="39.07683742" lon="33.41253666"><ele>957.025</ele><time>2026-09-29T07:50:06Z</time><speed>0.000</speed><sat>34</sat></trkpt>
  <trkpt lat="39.07683742" lon="33.41253666"><ele>957.023</ele><time>2026-09-29T07:50:07Z</time><speed>0.000</speed><sat>34</sat></trkpt>
  <trkpt lat="39.07683741" lon="33.41253665"><ele>957.021</ele><time>2026-09-29T07:50:08Z</time><speed>0.000</speed><sat>34</sat></trkpt>
  <trkpt lat="39.07683740" lon="33.41253663"><ele>957.020</ele><time>2026-09-29T07:50:09Z</time><speed>0.000</speed><sat>33</sat></trkpt>
  <trkpt lat="39.07683739" lon="33.41253661"><ele>957.018</ele><time>2026-09-29T07:50:10Z</time><speed>0.000</speed><sat>33</sat></trkpt>
  <trkpt lat="39.07683737" lon="33.41253659"><ele>957.017</ele><time>2026-09-29T07:50:11Z</time><speed>0.000</speed><sat>34</sat></trkpt>
  <trkpt lat="39.07683737" lon="33.41253658"><ele>957.017</ele><time>2026-09-29T07:50:12Z</time><speed>0.000</speed><sat>35</sat></trkpt>
  <trkpt lat="39.07683738" lon="33.41253657"><ele>957.017</ele><time>2026-09-29T07:50:13Z</time><speed>0.000</speed><sat>35</sat></trkpt>
  <trkpt lat="39.07683738" lon="33.41253657"><ele>957.016</ele><time>2026-09-29T07:50:14Z</time><speed>0.000</speed><sat>35</sat></trkpt>
  <trkpt lat="39.07683739" lon="33.41253657"><ele>957.017</ele><time>2026-09-29T07:50:15Z</time><speed>0.000</speed><sat>35</sat></trkpt>
  <trkpt lat="39.07683740" lon="33.41253658"><ele>957.017</ele><time>2026-09-29T07:50:16Z</time><speed>0.000</speed><sat>35</sat></trkpt>
  <trkpt lat="39.07683741" lon="33.41253658"><ele>957.020</ele><time>2026-09-29T07:50:17Z</time><speed>0.000</speed><sat>35</sat></trkpt>
  <trkpt lat="39.07683743" lon="33.41253658"><ele>957.019</ele><time>2026-09-29T07:50:18Z</time><speed>0.000</speed><sat>36</sat></trkpt>
  <trkpt lat="39.07683744" lon="33.41253658"><ele>957.019</ele><time>2026-09-29T07:50:19Z</time><speed>0.000</speed><sat>35</sat></trkpt>
  <trkpt lat="39.07683745" lon="33.41253658"><ele>957.017</ele><time>2026-09-29T07:50:20Z</time><speed>0.000</speed><sat>36</sat></trkpt>
  <trkpt lat="39.07683747" lon="33.41253658"><ele>957.018</ele><time>2026-09-29T07:50:21Z</time><speed>0.000</speed><sat>35</sat></trkpt>
  <trkpt lat="39.07683748" lon="33.41253659"><ele>957.017</ele><time>2026-09-29T07:50:22Z</time><speed>0.000</speed><sat>34</sat></trkpt>
  <trkpt lat="39.07683750" lon="33.41253660"><ele>957.019</ele><time>2026-09-29T07:50:23Z</time><speed>0.000</speed><sat>35</sat></trkpt>
  <trkpt lat="39.07683751" lon="33.41253660"><ele>957.020</ele><time>2026-09-29T07:50:24Z</time><speed>0.000</speed><sat>35</sat></trkpt>
  <trkpt lat="39.07683752" lon="33.41253660"><ele>957.020</ele><time>2026-09-29T07:50:25Z</time><speed>0.000</speed><sat>35</sat></trkpt>
  <trkpt lat="39.07683752" lon="33.41253661"><ele>957.021</ele><time>2026-09-29T07:50:26Z</time><speed>0.000</speed><sat>35</sat></trkpt>
  <trkpt lat="39.07683753" lon="33.41253661"><ele>957.022</ele><time>2026-09-29T07:50:27Z</time><speed>0.000</speed><sat>35</sat></trkpt>
  <trkpt lat="39.07683754" lon="33.41253662"><ele>957.023</ele><time>2026-09-29T07:50:28Z</time><speed>0.000</speed><sat>35</sat></trkpt>
  <trkpt lat="39.07683754" lon="33.41253662"><ele>957.025</ele><time>2026-09-29T07:50:29Z</time><speed>0.000</speed><sat>34</sat></trkpt>
  <trkpt lat="39.07683755" lon="33.41253663"><ele>957.025</ele><time>2026-09-29T07:50:30Z</time><speed>0.000</speed><sat>34</sat></trkpt>
  <trkpt lat="39.07683756" lon="33.41253664"><ele>957.025</ele><time>2026-09-29T07:50:31Z</time><speed>0.000</speed><sat>35</sat></trkpt>
  <trkpt lat="39.07683757" lon="33.41253664"><ele>957.026</ele><time>2026-09-29T07:50:32Z</time><speed>0.000</speed><sat>35</sat></trkpt>
  <trkpt lat="39.07683757" lon="33.41253665"><ele>957.028</ele><time>2026-09-29T07:50:33Z</time><speed>0.000</speed><sat>35</sat></trkpt>
  <trkpt lat="39.07683757" lon="33.41253665"><ele>957.028</ele><time>2026-09-29T07:50:34Z</time><speed>0.000</speed><sat>35</sat></trkpt>
  <trkpt lat="39.07683759" lon="33.41253665"><ele>957.027</ele><time>2026-09-29T07:50:35Z</time><speed>0.000</speed><sat>35</sat></trkpt>
  <trkpt lat="39.07683760" lon="33.41253665"><ele>957.028</ele><time>2026-09-29T07:50:36Z</time><speed>0.000</speed><sat>35</sat></trkpt>
  <trkpt lat="39.07683762" lon="33.41253665"><ele>957.025</ele><time>2026-09-29T07:50:37Z</time><speed>0.000</speed><sat>35</sat></trkpt>
  <trkpt lat="39.07683765" lon="33.41253665"><ele>957.025</ele><time>2026-09-29T07:50:38Z</time><speed>0.000</speed><sat>35</sat></trkpt>
  <trkpt lat="39.07683766" lon="33.41253665"><ele>957.023</ele><time>2026-09-29T07:50:39Z</time><speed>0.000</speed><sat>35</sat></trkpt>
  <trkpt lat="39.07683768" lon="33.41253665"><ele>957.026</ele><time>2026-09-29T07:50:40Z</time><speed>0.000</speed><sat>35</sat></trkpt>
  <trkpt lat="39.07683770" lon="33.41253666"><ele>957.023</ele><time>2026-09-29T07:50:41Z</time><speed>0.000</speed><sat>35</sat></trkpt>
  <trkpt lat="39.07683773" lon="33.41253667"><ele>957.024</ele><time>2026-09-29T07:50:42Z</time><speed>0.000</speed><sat>35</sat></trkpt>
  <trkpt lat="39.07683775" lon="33.41253669"><ele>957.024</ele><time>2026-09-29T07:50:43Z</time><speed>0.000</speed><sat>35</sat></trkpt>
  <trkpt lat="39.07683777" lon="33.41253671"><ele>957.022</ele><time>2026-09-29T07:50:44Z</time><speed>0.000</speed><sat>36</sat></trkpt>
  <trkpt lat="39.07683779" lon="33.41253673"><ele>957.020</ele><time>2026-09-29T07:50:45Z</time><speed>0.000</speed><sat>36</sat></trkpt>
  <trkpt lat="39.07683779" lon="33.41253674"><ele>957.020</ele><time>2026-09-29T07:50:46Z</time><speed>0.000</speed><sat>36</sat></trkpt>
  <trkpt lat="39.07683779" lon="33.41253675"><ele>957.019</ele><time>2026-09-29T07:50:47Z</time><speed>0.000</speed><sat>36</sat></trkpt>
  <trkpt lat="39.07683778" lon="33.41253675"><ele>957.017</ele><time>2026-09-29T07:50:48Z</time><speed>0.000</speed><sat>36</sat></trkpt>
  <trkpt lat="39.07683778" lon="33.41253675"><ele>957.018</ele><time>2026-09-29T07:50:49Z</time><speed>0.000</speed><sat>36</sat></trkpt>
  <trkpt lat="39.07683779" lon="33.41253676"><ele>957.016</ele><time>2026-09-29T07:50:50Z</time><speed>0.000</speed><sat>36</sat></trkpt>
  <trkpt lat="39.07683780" lon="33.41253676"><ele>957.014</ele><time>2026-09-29T07:50:51Z</time><speed>0.000</speed><sat>36</sat></trkpt>
  <trkpt lat="39.07683780" lon="33.41253676"><ele>957.015</ele><time>2026-09-29T07:50:52Z</time><speed>0.000</speed><sat>36</sat></trkpt>
  <trkpt lat="39.07683781" lon="33.41253677"><ele>957.017</ele><time>2026-09-29T07:50:53Z</time><speed>0.000</speed><sat>36</sat></trkpt>
  <trkpt lat="39.07683782" lon="33.41253677"><ele>957.016</ele><time>2026-09-29T07:50:54Z</time><speed>0.000</speed><sat>36</sat></trkpt>
  <trkpt lat="39.07683784" lon="33.41253678"><ele>957.016</ele><time>2026-09-29T07:50:55Z</time><speed>0.000</speed><sat>36</sat></trkpt>
  <trkpt lat="39.07683785" lon="33.41253678"><ele>957.016</ele><time>2026-09-29T07:50:56Z</time><speed>0.000</speed><sat>35</sat></trkpt>
  <trkpt lat="39.07683787" lon="33.41253678"><ele>957.017</ele><time>2026-09-29T07:50:57Z</time><speed>0.000</speed><sat>35</sat></trkpt>
  <trkpt lat="39.07683789" lon="33.41253679"><ele>957.018</ele><time>2026-09-29T07:50:58Z</time><speed>0.000</speed><sat>35</sat></trkpt>
  <trkpt lat="39.07683790" lon="33.41253680"><ele>957.018</ele><time>2026-09-29T07:50:59Z</time><speed>0.000</speed><sat>34</sat></trkpt>
  <trkpt lat="39.07683792" lon="33.41253681"><ele>957.018</ele><time>2026-09-29T07:51:00Z</time><speed>0.000</speed><sat>34</sat></trkpt>
  <trkpt lat="39.07683793" lon="33.41253681"><ele>957.018</ele><time>2026-09-29T07:51:01Z</time><speed>0.000</speed><sat>34</sat></trkpt>
  <trkpt lat="39.07683793" lon="33.41253683"><ele>957.019</ele><time>2026-09-29T07:51:02Z</time><speed>0.000</speed><sat>34</sat></trkpt>
  <trkpt lat="39.07683794" lon="33.41253684"><ele>957.019</ele><time>2026-09-29T07:51:03Z</time><speed>0.000</speed><sat>34</sat></trkpt>
  <trkpt lat="39.07683796" lon="33.41253685"><ele>957.017</ele><time>2026-09-29T07:51:04Z</time><speed>0.000</speed><sat>34</sat></trkpt>
  <trkpt lat="39.07683798" lon="33.41253686"><ele>957.018</ele><time>2026-09-29T07:51:05Z</time><speed>0.000</speed><sat>34</sat></trkpt>
  <trkpt lat="39.07683800" lon="33.41253687"><ele>957.019</ele><time>2026-09-29T07:51:06Z</time><speed>0.000</speed><sat>34</sat></trkpt>
  <trkpt lat="39.07683802" lon="33.41253687"><ele>957.020</ele><time>2026-09-29T07:51:07Z</time><speed>0.000</speed><sat>34</sat></trkpt>
  <trkpt lat="39.07683805" lon="33.41253688"><ele>957.020</ele><time>2026-09-29T07:51:08Z</time><speed>0.000</speed><sat>34</sat></trkpt>
  <trkpt lat="39.07683807" lon="33.41253689"><ele>957.022</ele><time>2026-09-29T07:51:09Z</time><speed>0.000</speed><sat>34</sat></trkpt>
  <trkpt lat="39.07683808" lon="33.41253690"><ele>957.023</ele><time>2026-09-29T07:51:10Z</time><speed>0.000</speed><sat>34</sat></trkpt>
  <trkpt lat="39.07683808" lon="33.41253690"><ele>957.025</ele><time>2026-09-29T07:51:11Z</time><speed>0.000</speed><sat>34</sat></trkpt>
  <trkpt lat="39.07683808" lon="33.41253691"><ele>957.027</ele><time>2026-09-29T07:51:12Z</time><speed>0.000</speed><sat>35</sat></trkpt>
  <trkpt lat="39.07683808" lon="33.41253691"><ele>957.028</ele><time>2026-09-29T07:51:13Z</time><speed>0.000</speed><sat>35</sat></trkpt>
  <trkpt lat="39.07683808" lon="33.41253691"><ele>957.028</ele><time>2026-09-29T07:51:14Z</time><speed>0.000</speed><sat>36</sat></trkpt>
  <trkpt lat="39.07683808" lon="33.41253691"><ele>957.030</ele><time>2026-09-29T07:51:15Z</time><speed>0.000</speed><sat>36</sat></trkpt>
  <trkpt lat="39.07683808" lon="33.41253691"><ele>957.031</ele><time>2026-09-29T07:51:16Z</time><speed>0.000</speed><sat>36</sat></trkpt>
  <trkpt lat="39.07683810" lon="33.41253691"><ele>957.031</ele><time>2026-09-29T07:51:17Z</time><speed>0.000</speed><sat>36</sat></trkpt>
  <trkpt lat="39.07683810" lon="33.41253692"><ele>957.033</ele><time>2026-09-29T07:51:18Z</time><speed>0.000</speed><sat>37</sat></trkpt>
  <trkpt lat="39.07683812" lon="33.41253693"><ele>957.036</ele><time>2026-09-29T07:51:19Z</time><speed>0.000</speed><sat>37</sat></trkpt>
  <trkpt lat="39.07683813" lon="33.41253693"><ele>957.036</ele><time>2026-09-29T07:51:20Z</time><speed>0.000</speed><sat>37</sat></trkpt>
  <trkpt lat="39.07683814" lon="33.41253693"><ele>957.036</ele><time>2026-09-29T07:51:21Z</time><speed>0.000</speed><sat>37</sat></trkpt>
  <trkpt lat="39.07683815" lon="33.41253693"><ele>957.038</ele><time>2026-09-29T07:51:22Z</time><speed>0.000</speed><sat>37</sat></trkpt>
  <trkpt lat="39.07683815" lon="33.41253693"><ele>957.037</ele><time>2026-09-29T07:51:23Z</time><speed>0.000</speed><sat>37</sat></trkpt>
  <trkpt lat="39.07683814" lon="33.41253693"><ele>957.039</ele><time>2026-09-29T07:51:24Z</time><speed>0.000</speed><sat>37</sat></trkpt>
  <trkpt lat="39.07683813" lon="33.41253693"><ele>957.037</ele><time>2026-09-29T07:51:25Z</time><speed>0.000</speed><sat>36</sat></trkpt>
  <trkpt lat="39.07683812" lon="33.41253691"><ele>957.035</ele><time>2026-09-29T07:51:26Z</time><speed>0.000</speed><sat>36</sat></trkpt>
  <trkpt lat="39.07683810" lon="33.41253691"><ele>957.034</ele><time>2026-09-29T07:51:27Z</time><speed>0.000</speed><sat>36</sat></trkpt>
  <trkpt lat="39.07683809" lon="33.41253689"><ele>957.031</ele><time>2026-09-29T07:51:28Z</time><speed>0.000</speed><sat>36</sat></trkpt>
  <trkpt lat="39.07683809" lon="33.41253688"><ele>957.030</ele><time>2026-09-29T07:51:29Z</time><speed>0.000</speed><sat>36</sat></trkpt>
  <trkpt lat="39.07683808" lon="33.41253688"><ele>957.031</ele><time>2026-09-29T07:51:30Z</time><speed>0.000</speed><sat>37</sat></trkpt>
  <trkpt lat="39.07683808" lon="33.41253687"><ele>957.030</ele><time>2026-09-29T07:51:31Z</time><speed>0.000</speed><sat>37</sat></trkpt>
  <trkpt lat="39.07683808" lon="33.41253686"><ele>957.031</ele><time>2026-09-29T07:51:32Z</time><speed>0.000</speed><sat>37</sat></trkpt>
  <trkpt lat="39.07683807" lon="33.41253685"><ele>957.029</ele><time>2026-09-29T07:51:33Z</time><speed>0.000</speed><sat>36</sat></trkpt>
  <trkpt lat="39.07683807" lon="33.41253680"><ele>957.028</ele><time>2026-09-29T07:51:34Z</time><speed>0.000</speed><sat>36</sat></trkpt>
  <trkpt lat="39.07683807" lon="33.41253673"><ele>957.028</ele><time>2026-09-29T07:51:35Z</time><speed>0.000</speed><sat>36</sat></trkpt>
  <trkpt lat="39.07683806" lon="33.41253668"><ele>957.030</ele><time>2026-09-29T07:51:36Z</time><speed>0.000</speed><sat>37</sat></trkpt>
  <trkpt lat="39.07683805" lon="33.41253664"><ele>957.029</ele><time>2026-09-29T07:51:37Z</time><speed>0.000</speed><sat>36</sat></trkpt>
  <trkpt lat="39.07683805" lon="33.41253662"><ele>957.028</ele><time>2026-09-29T07:51:38Z</time><speed>0.000</speed><sat>36</sat></trkpt>
  <trkpt lat="39.07683805" lon="33.41253661"><ele>957.028</ele><time>2026-09-29T07:51:39Z</time><speed>0.000</speed><sat>36</sat></trkpt>
  <trkpt lat="39.07683805" lon="33.41253660"><ele>957.026</ele><time>2026-09-29T07:51:40Z</time><speed>0.000</speed><sat>36</sat></trkpt>
  <trkpt lat="39.07683805" lon="33.41253660"><ele>957.026</ele><time>2026-09-29T07:51:41Z</time><speed>0.000</speed><sat>36</sat></trkpt>
  <trkpt lat="39.07683805" lon="33.41253659"><ele>957.024</ele><time>2026-09-29T07:51:42Z</time><speed>0.000</speed><sat>36</sat></trkpt>
  <trkpt lat="39.07683806" lon="33.41253658"><ele>957.023</ele><time>2026-09-29T07:51:43Z</time><speed>0.000</speed><sat>36</sat></trkpt>
  <trkpt lat="39.07683807" lon="33.41253658"><ele>957.025</ele><time>2026-09-29T07:51:44Z</time><speed>0.000</speed><sat>36</sat></trkpt>
  <trkpt lat="39.07683807" lon="33.41253657"><ele>957.025</ele><time>2026-09-29T07:51:45Z</time><speed>0.000</speed><sat>36</sat></trkpt>
  <trkpt lat="39.07683808" lon="33.41253657"><ele>957.026</ele><time>2026-09-29T07:51:46Z</time><speed>0.000</speed><sat>36</sat></trkpt>
  <trkpt lat="39.07683808" lon="33.41253657"><ele>957.029</ele><time>2026-09-29T07:51:47Z</time><speed>0.000</speed><sat>36</sat></trkpt>
  <trkpt lat="39.07683808" lon="33.41253657"><ele>957.029</ele><time>2026-09-29T07:51:48Z</time><speed>0.000</speed><sat>36</sat></trkpt>
  <trkpt lat="39.07683808" lon="33.41253657"><ele>957.030</ele><time>2026-09-29T07:51:49Z</time><speed>0.000</speed><sat>36</sat></trkpt>
  <trkpt lat="39.07683808" lon="33.41253654"><ele>957.031</ele><time>2026-09-29T07:51:50Z</time><speed>0.000</speed><sat>36</sat></trkpt>
  <trkpt lat="39.07683807" lon="33.41253651"><ele>957.032</ele><time>2026-09-29T07:51:51Z</time><speed>0.000</speed><sat>36</sat></trkpt>
  <trkpt lat="39.07683806" lon="33.41253650"><ele>957.032</ele><time>2026-09-29T07:51:52Z</time><speed>0.000</speed><sat>37</sat></trkpt>
  <trkpt lat="39.07683805" lon="33.41253650"><ele>957.033</ele><time>2026-09-29T07:51:53Z</time><speed>0.000</speed><sat>37</sat></trkpt>
  <trkpt lat="39.07683805" lon="33.41253649"><ele>957.031</ele><time>2026-09-29T07:51:54Z</time><speed>0.000</speed><sat>37</sat></trkpt>
  <trkpt lat="39.07683805" lon="33.41253648"><ele>957.030</ele><time>2026-09-29T07:51:55Z</time><speed>0.000</speed><sat>38</sat></trkpt>
  <trkpt lat="39.07683806" lon="33.41253648"><ele>957.029</ele><time>2026-09-29T07:51:56Z</time><speed>0.000</speed><sat>38</sat></trkpt>
  <trkpt lat="39.07683807" lon="33.41253647"><ele>957.028</ele><time>2026-09-29T07:51:57Z</time><speed>0.000</speed><sat>38</sat></trkpt>
  <trkpt lat="39.07683809" lon="33.41253647"><ele>957.029</ele><time>2026-09-29T07:51:58Z</time><speed>0.000</speed><sat>38</sat></trkpt>
  <trkpt lat="39.07683810" lon="33.41253647"><ele>957.027</ele><time>2026-09-29T07:51:59Z</time><speed>0.000</speed><sat>38</sat></trkpt>
  <trkpt lat="39.07683811" lon="33.41253647"><ele>957.028</ele><time>2026-09-29T07:52:00Z</time><speed>0.000</speed><sat>38</sat></trkpt>
  <trkpt lat="39.07683811" lon="33.41253647"><ele>957.027</ele><time>2026-09-29T07:52:01Z</time><speed>0.000</speed><sat>38</sat></trkpt>
  <trkpt lat="39.07683811" lon="33.41253648"><ele>957.028</ele><time>2026-09-29T07:52:02Z</time><speed>0.000</speed><sat>38</sat></trkpt>
  <trkpt lat="39.07683811" lon="33.41253648"><ele>957.027</ele><time>2026-09-29T07:52:03Z</time><speed>0.000</speed><sat>38</sat></trkpt>
  <trkpt lat="39.07683811" lon="33.41253649"><ele>957.028</ele><time>2026-09-29T07:52:04Z</time><speed>0.000</speed><sat>38</sat></trkpt>
  <trkpt lat="39.07683811" lon="33.41253650"><ele>957.028</ele><time>2026-09-29T07:52:05Z</time><speed>0.000</speed><sat>38</sat></trkpt>
  <trkpt lat="39.07683811" lon="33.41253651"><ele>957.028</ele><time>2026-09-29T07:52:06Z</time><speed>0.000</speed><sat>38</sat></trkpt>
  <trkpt lat="39.07683811" lon="33.41253652"><ele>957.029</ele><time>2026-09-29T07:52:07Z</time><speed>0.000</speed><sat>37</sat></trkpt>
  <trkpt lat="39.07683813" lon="33.41253653"><ele>957.030</ele><time>2026-09-29T07:52:08Z</time><speed>0.000</speed><sat>37</sat></trkpt>
  <trkpt lat="39.07683814" lon="33.41253654"><ele>957.029</ele><time>2026-09-29T07:52:09Z</time><speed>0.000</speed><sat>37</sat></trkpt>
  <trkpt lat="39.07683815" lon="33.41253654"><ele>957.027</ele><time>2026-09-29T07:52:10Z</time><speed>0.000</speed><sat>37</sat></trkpt>
  <trkpt lat="39.07683816" lon="33.41253654"><ele>957.027</ele><time>2026-09-29T07:52:11Z</time><speed>0.000</speed><sat>37</sat></trkpt>
  <trkpt lat="39.07683817" lon="33.41253654"><ele>957.028</ele><time>2026-09-29T07:52:12Z</time><speed>0.000</speed><sat>37</sat></trkpt>
  <trkpt lat="39.07683817" lon="33.41253653"><ele>957.031</ele><time>2026-09-29T07:52:13Z</time><speed>0.000</speed><sat>38</sat></trkpt>
  <trkpt lat="39.07683817" lon="33.41253652"><ele>957.033</ele><time>2026-09-29T07:52:14Z</time><speed>0.000</speed><sat>38</sat></trkpt>
  <trkpt lat="39.07683817" lon="33.41253651"><ele>957.033</ele><time>2026-09-29T07:52:15Z</time><speed>0.000</speed><sat>37</sat></trkpt>
  <trkpt lat="39.07683816" lon="33.41253650"><ele>957.037</ele><time>2026-09-29T07:52:16Z</time><speed>0.000</speed><sat>37</sat></trkpt>
  <trkpt lat="39.07683815" lon="33.41253649"><ele>957.037</ele><time>2026-09-29T07:52:17Z</time><speed>0.000</speed><sat>38</sat></trkpt>
  <trkpt lat="39.07683814" lon="33.41253647"><ele>957.040</ele><time>2026-09-29T07:52:18Z</time><speed>0.000</speed><sat>38</sat></trkpt>
  <trkpt lat="39.07683814" lon="33.41253646"><ele>957.040</ele><time>2026-09-29T07:52:19Z</time><speed>0.000</speed><sat>38</sat></trkpt>
  <trkpt lat="39.07683813" lon="33.41253646"><ele>957.040</ele><time>2026-09-29T07:52:20Z</time><speed>0.000</speed><sat>38</sat></trkpt>
  <trkpt lat="39.07683814" lon="33.41253645"><ele>957.038</ele><time>2026-09-29T07:52:21Z</time><speed>0.000</speed><sat>37</sat></trkpt>
  <trkpt lat="39.07683815" lon="33.41253645"><ele>957.037</ele><time>2026-09-29T07:52:22Z</time><speed>0.000</speed><sat>38</sat></trkpt>
  <trkpt lat="39.07683817" lon="33.41253646"><ele>957.036</ele><time>2026-09-29T07:52:23Z</time><speed>0.000</speed><sat>39</sat></trkpt>
  <trkpt lat="39.07683819" lon="33.41253648"><ele>957.036</ele><time>2026-09-29T07:52:24Z</time><speed>0.000</speed><sat>39</sat></trkpt>
  <trkpt lat="39.07683821" lon="33.41253649"><ele>957.037</ele><time>2026-09-29T07:52:25Z</time><speed>0.000</speed><sat>39</sat></trkpt>
  <trkpt lat="39.07683824" lon="33.41253650"><ele>957.037</ele><time>2026-09-29T07:52:26Z</time><speed>0.000</speed><sat>38</sat></trkpt>
  <trkpt lat="39.07683826" lon="33.41253650"><ele>957.037</ele><time>2026-09-29T07:52:27Z</time><speed>0.000</speed><sat>37</sat></trkpt>
  <trkpt lat="39.07683828" lon="33.41253651"><ele>957.038</ele><time>2026-09-29T07:52:28Z</time><speed>0.000</speed><sat>37</sat></trkpt>
  <trkpt lat="39.07683830" lon="33.41253650"><ele>957.038</ele><time>2026-09-29T07:52:29Z</time><speed>0.000</speed><sat>37</sat></trkpt>
  <trkpt lat="39.07683832" lon="33.41253650"><ele>957.039</ele><time>2026-09-29T07:52:30Z</time><speed>0.000</speed><sat>37</sat></trkpt>
  <trkpt lat="39.07683834" lon="33.41253649"><ele>957.040</ele><time>2026-09-29T07:52:31Z</time><speed>0.000</speed><sat>37</sat></trkpt>
  <trkpt lat="39.07683835" lon="33.41253649"><ele>957.040</ele><time>2026-09-29T07:52:32Z</time><speed>0.000</speed><sat>37</sat></trkpt>
  <trkpt lat="39.07683837" lon="33.41253648"><ele>957.044</ele><time>2026-09-29T07:52:33Z</time><speed>0.000</speed><sat>37</sat></trkpt>
  <trkpt lat="39.07683838" lon="33.41253648"><ele>957.048</ele><time>2026-09-29T07:52:34Z</time><speed>0.000</speed><sat>37</sat></trkpt>
  <trkpt lat="39.07683840" lon="33.41253648"><ele>957.049</ele><time>2026-09-29T07:52:35Z</time><speed>0.000</speed><sat>37</sat></trkpt>
  <trkpt lat="39.07683842" lon="33.41253648"><ele>957.048</ele><time>2026-09-29T07:52:36Z</time><speed>0.000</speed><sat>36</sat></trkpt>
  <trkpt lat="39.07683844" lon="33.41253648"><ele>957.048</ele><time>2026-09-29T07:52:37Z</time><speed>0.000</speed><sat>37</sat></trkpt>
  <trkpt lat="39.07683845" lon="33.41253649"><ele>957.050</ele><time>2026-09-29T07:52:38Z</time><speed>0.000</speed><sat>38</sat></trkpt>
  <trkpt lat="39.07683847" lon="33.41253650"><ele>957.050</ele><time>2026-09-29T07:52:39Z</time><speed>0.000</speed><sat>37</sat></trkpt>
  <trkpt lat="39.07683849" lon="33.41253651"><ele>957.049</ele><time>2026-09-29T07:52:40Z</time><speed>0.000</speed><sat>38</sat></trkpt>
  <trkpt lat="39.07683851" lon="33.41253648"><ele>957.055</ele><time>2026-09-29T07:52:41Z</time><speed>0.000</speed><sat>38</sat></trkpt>
  <trkpt lat="39.07683853" lon="33.41253646"><ele>957.056</ele><time>2026-09-29T07:52:42Z</time><speed>0.000</speed><sat>38</sat></trkpt>
  <trkpt lat="39.07683856" lon="33.41253646"><ele>957.052</ele><time>2026-09-29T07:52:43Z</time><speed>0.000</speed><sat>38</sat></trkpt>
  <trkpt lat="39.07683859" lon="33.41253649"><ele>957.047</ele><time>2026-09-29T07:52:44Z</time><speed>0.000</speed><sat>38</sat></trkpt>
  <trkpt lat="39.07683861" lon="33.41253650"><ele>957.048</ele><time>2026-09-29T07:52:45Z</time><speed>0.000</speed><sat>38</sat></trkpt>
  <trkpt lat="39.07683863" lon="33.41253652"><ele>957.047</ele><time>2026-09-29T07:52:46Z</time><speed>0.000</speed><sat>39</sat></trkpt>
  <trkpt lat="39.07683864" lon="33.41253653"><ele>957.047</ele><time>2026-09-29T07:52:47Z</time><speed>0.000</speed><sat>39</sat></trkpt>
  <trkpt lat="39.07683866" lon="33.41253653"><ele>957.046</ele><time>2026-09-29T07:52:48Z</time><speed>0.000</speed><sat>39</sat></trkpt>
  <trkpt lat="39.07683867" lon="33.41253654"><ele>957.045</ele><time>2026-09-29T07:52:49Z</time><speed>0.000</speed><sat>39</sat></trkpt>
  <trkpt lat="39.07683868" lon="33.41253654"><ele>957.043</ele><time>2026-09-29T07:52:50Z</time><speed>0.000</speed><sat>39</sat></trkpt>
  <trkpt lat="39.07683869" lon="33.41253652"><ele>957.042</ele><time>2026-09-29T07:52:51Z</time><speed>0.000</speed><sat>39</sat></trkpt>
  <trkpt lat="39.07683870" lon="33.41253651"><ele>957.042</ele><time>2026-09-29T07:52:52Z</time><speed>0.000</speed><sat>39</sat></trkpt>
  <trkpt lat="39.07683870" lon="33.41253650"><ele>957.040</ele><time>2026-09-29T07:52:53Z</time><speed>0.000</speed><sat>39</sat></trkpt>
  <trkpt lat="39.07683871" lon="33.41253650"><ele>957.038</ele><time>2026-09-29T07:52:54Z</time><speed>0.000</speed><sat>39</sat></trkpt>
  <trkpt lat="39.07683871" lon="33.41253650"><ele>957.038</ele><time>2026-09-29T07:52:55Z</time><speed>0.000</speed><sat>39</sat></trkpt>
  <trkpt lat="39.07683870" lon="33.41253648"><ele>957.041</ele><time>2026-09-29T07:52:56Z</time><speed>0.000</speed><sat>38</sat></trkpt>
  <trkpt lat="39.07683869" lon="33.41253647"><ele>957.038</ele><time>2026-09-29T07:52:57Z</time><speed>0.000</speed><sat>38</sat></trkpt>
  <trkpt lat="39.07683869" lon="33.41253639"><ele>957.043</ele><time>2026-09-29T07:52:58Z</time><speed>0.000</speed><sat>39</sat></trkpt>
  <trkpt lat="39.07683869" lon="33.41253630"><ele>957.049</ele><time>2026-09-29T07:52:59Z</time><speed>0.000</speed><sat>37</sat></trkpt>
  <trkpt lat="39.07683869" lon="33.41253624"><ele>957.046</ele><time>2026-09-29T07:53:00Z</time><speed>0.000</speed><sat>37</sat></trkpt>
  <trkpt lat="39.07683870" lon="33.41253621"><ele>957.039</ele><time>2026-09-29T07:53:01Z</time><speed>0.000</speed><sat>37</sat></trkpt>
  <trkpt lat="39.07683871" lon="33.41253620"><ele>957.036</ele><time>2026-09-29T07:53:02Z</time><speed>0.000</speed><sat>35</sat></trkpt>
  <trkpt lat="39.07683872" lon="33.41253619"><ele>957.031</ele><time>2026-09-29T07:53:03Z</time><speed>0.000</speed><sat>36</sat></trkpt>
  <trkpt lat="39.07683874" lon="33.41253614"><ele>957.035</ele><time>2026-09-29T07:53:04Z</time><speed>0.000</speed><sat>35</sat></trkpt>
  <trkpt lat="39.07683876" lon="33.41253606"><ele>957.039</ele><time>2026-09-29T07:53:05Z</time><speed>0.000</speed><sat>36</sat></trkpt>
  <trkpt lat="39.07683878" lon="33.41253603"><ele>957.032</ele><time>2026-09-29T07:53:06Z</time><speed>0.000</speed><sat>36</sat></trkpt>
  <trkpt lat="39.07683879" lon="33.41253603"><ele>957.028</ele><time>2026-09-29T07:53:07Z</time><speed>0.000</speed><sat>36</sat></trkpt>
  <trkpt lat="39.07683881" lon="33.41253603"><ele>957.026</ele><time>2026-09-29T07:53:08Z</time><speed>0.000</speed><sat>36</sat></trkpt>
  <trkpt lat="39.07683881" lon="33.41253602"><ele>957.027</ele><time>2026-09-29T07:53:09Z</time><speed>0.000</speed><sat>36</sat></trkpt>
  <trkpt lat="39.07683881" lon="33.41253602"><ele>957.025</ele><time>2026-09-29T07:53:10Z</time><speed>0.000</speed><sat>35</sat></trkpt>
  <trkpt lat="39.07683882" lon="33.41253601"><ele>957.024</ele><time>2026-09-29T07:53:11Z</time><speed>0.000</speed><sat>34</sat></trkpt>
  <trkpt lat="39.07683883" lon="33.41253601"><ele>957.022</ele><time>2026-09-29T07:53:12Z</time><speed>0.000</speed><sat>34</sat></trkpt>
  <trkpt lat="39.07683884" lon="33.41253599"><ele>957.023</ele><time>2026-09-29T07:53:13Z</time><speed>0.000</speed><sat>34</sat></trkpt>
  <trkpt lat="39.07683883" lon="33.41253594"><ele>957.028</ele><time>2026-09-29T07:53:14Z</time><speed>0.000</speed><sat>36</sat></trkpt>
  <trkpt lat="39.07683883" lon="33.41253591"><ele>957.027</ele><time>2026-09-29T07:53:15Z</time><speed>0.000</speed><sat>36</sat></trkpt>
  <trkpt lat="39.07683883" lon="33.41253589"><ele>957.025</ele><time>2026-09-29T07:53:16Z</time><speed>0.000</speed><sat>36</sat></trkpt>
  <trkpt lat="39.07683883" lon="33.41253587"><ele>957.024</ele><time>2026-09-29T07:53:17Z</time><speed>0.000</speed><sat>36</sat></trkpt>
  <trkpt lat="39.07683883" lon="33.41253586"><ele>957.023</ele><time>2026-09-29T07:53:18Z</time><speed>0.000</speed><sat>36</sat></trkpt>
  <trkpt lat="39.07683884" lon="33.41253585"><ele>957.020</ele><time>2026-09-29T07:53:19Z</time><speed>0.000</speed><sat>36</sat></trkpt>
  <trkpt lat="39.07683884" lon="33.41253580"><ele>957.026</ele><time>2026-09-29T07:53:20Z</time><speed>0.000</speed><sat>35</sat></trkpt>
  <trkpt lat="39.07683885" lon="33.41253573"><ele>957.031</ele><time>2026-09-29T07:53:21Z</time><speed>0.000</speed><sat>35</sat></trkpt>
  <trkpt lat="39.07683885" lon="33.41253570"><ele>957.031</ele><time>2026-09-29T07:53:22Z</time><speed>0.000</speed><sat>35</sat></trkpt>
  <trkpt lat="39.07683885" lon="33.41253569"><ele>957.029</ele><time>2026-09-29T07:53:23Z</time><speed>0.000</speed><sat>35</sat></trkpt>
  <trkpt lat="39.07683885" lon="33.41253569"><ele>957.029</ele><time>2026-09-29T07:53:24Z</time><speed>0.000</speed><sat>35</sat></trkpt>
  <trkpt lat="39.07683885" lon="33.41253571"><ele>957.026</ele><time>2026-09-29T07:53:25Z</time><speed>0.000</speed><sat>35</sat></trkpt>
  <trkpt lat="39.07683886" lon="33.41253571"><ele>957.026</ele><time>2026-09-29T07:53:26Z</time><speed>0.000</speed><sat>36</sat></trkpt>
  <trkpt lat="39.07683887" lon="33.41253572"><ele>957.026</ele><time>2026-09-29T07:53:27Z</time><speed>0.000</speed><sat>36</sat></trkpt>
  <trkpt lat="39.07683887" lon="33.41253574"><ele>957.021</ele><time>2026-09-29T07:53:28Z</time><speed>0.000</speed><sat>36</sat></trkpt>
  <trkpt lat="39.07683888" lon="33.41253576"><ele>957.016</ele><time>2026-09-29T07:53:29Z</time><speed>0.000</speed><sat>36</sat></trkpt>
  <trkpt lat="39.07683889" lon="33.41253575"><ele>957.018</ele><time>2026-09-29T07:53:30Z</time><speed>0.000</speed><sat>36</sat></trkpt>
  <trkpt lat="39.07683889" lon="33.41253572"><ele>957.020</ele><time>2026-09-29T07:53:31Z</time><speed>0.000</speed><sat>36</sat></trkpt>
  <trkpt lat="39.07683890" lon="33.41253572"><ele>957.016</ele><time>2026-09-29T07:53:32Z</time><speed>0.000</speed><sat>36</sat></trkpt>
  <trkpt lat="39.07683892" lon="33.41253574"><ele>957.012</ele><time>2026-09-29T07:53:33Z</time><speed>0.000</speed><sat>35</sat></trkpt>
  <trkpt lat="39.07683892" lon="33.41253574"><ele>957.011</ele><time>2026-09-29T07:53:34Z</time><speed>0.000</speed><sat>36</sat></trkpt>
  <trkpt lat="39.07683893" lon="33.41253575"><ele>957.008</ele><time>2026-09-29T07:53:35Z</time><speed>0.000</speed><sat>36</sat></trkpt>
  <trkpt lat="39.07683895" lon="33.41253570"><ele>957.013</ele><time>2026-09-29T07:53:36Z</time><speed>0.000</speed><sat>36</sat></trkpt>
  <trkpt lat="39.07683896" lon="33.41253561"><ele>957.020</ele><time>2026-09-29T07:53:37Z</time><speed>0.000</speed><sat>36</sat></trkpt>
  <trkpt lat="39.07683897" lon="33.41253551"><ele>957.025</ele><time>2026-09-29T07:53:38Z</time><speed>0.000</speed><sat>36</sat></trkpt>
  <trkpt lat="39.07683899" lon="33.41253547"><ele>957.022</ele><time>2026-09-29T07:53:39Z</time><speed>0.000</speed><sat>36</sat></trkpt>
  <trkpt lat="39.07683900" lon="33.41253544"><ele>957.023</ele><time>2026-09-29T07:53:40Z</time><speed>0.000</speed><sat>35</sat></trkpt>
  <trkpt lat="39.07683901" lon="33.41253543"><ele>957.021</ele><time>2026-09-29T07:53:41Z</time><speed>0.000</speed><sat>36</sat></trkpt>
  <trkpt lat="39.07683901" lon="33.41253542"><ele>957.021</ele><time>2026-09-29T07:53:42Z</time><speed>0.000</speed><sat>36</sat></trkpt>
  <trkpt lat="39.07683902" lon="33.41253542"><ele>957.020</ele><time>2026-09-29T07:53:43Z</time><speed>0.000</speed><sat>36</sat></trkpt>
  <trkpt lat="39.07683902" lon="33.41253542"><ele>957.016</ele><time>2026-09-29T07:53:44Z</time><speed>0.000</speed><sat>36</sat></trkpt>
  <trkpt lat="39.07683903" lon="33.41253541"><ele>957.016</ele><time>2026-09-29T07:53:45Z</time><speed>0.000</speed><sat>35</sat></trkpt>
  <trkpt lat="39.07683903" lon="33.41253541"><ele>957.015</ele><time>2026-09-29T07:53:46Z</time><speed>0.000</speed><sat>35</sat></trkpt>
  <trkpt lat="39.07683903" lon="33.41253540"><ele>957.015</ele><time>2026-09-29T07:53:47Z</time><speed>0.000</speed><sat>36</sat></trkpt>
  <trkpt lat="39.07683903" lon="33.41253540"><ele>957.014</ele><time>2026-09-29T07:53:48Z</time><speed>0.000</speed><sat>36</sat></trkpt>
  <trkpt lat="39.07683904" lon="33.41253541"><ele>957.011</ele><time>2026-09-29T07:53:49Z</time><speed>0.000</speed><sat>36</sat></trkpt>
  <trkpt lat="39.07683904" lon="33.41253541"><ele>957.010</ele><time>2026-09-29T07:53:50Z</time><speed>0.000</speed><sat>36</sat></trkpt>
  <trkpt lat="39.07683906" lon="33.41253543"><ele>957.006</ele><time>2026-09-29T07:53:51Z</time><speed>0.000</speed><sat>36</sat></trkpt>
  <trkpt lat="39.07683908" lon="33.41253545"><ele>957.001</ele><time>2026-09-29T07:53:52Z</time><speed>0.000</speed><sat>36</sat></trkpt>
  <trkpt lat="39.07683910" lon="33.41253547"><ele>956.999</ele><time>2026-09-29T07:53:53Z</time><speed>0.000</speed><sat>35</sat></trkpt>
  <trkpt lat="39.07683913" lon="33.41253549"><ele>956.994</ele><time>2026-09-29T07:53:54Z</time><speed>0.000</speed><sat>34</sat></trkpt>
  <trkpt lat="39.07683915" lon="33.41253551"><ele>956.989</ele><time>2026-09-29T07:53:55Z</time><speed>0.000</speed><sat>34</sat></trkpt>
  <trkpt lat="39.07683918" lon="33.41253554"><ele>956.983</ele><time>2026-09-29T07:53:56Z</time><speed>0.000</speed><sat>33</sat></trkpt>
  <trkpt lat="39.07683920" lon="33.41253556"><ele>956.979</ele><time>2026-09-29T07:53:57Z</time><speed>0.000</speed><sat>33</sat></trkpt>
  <trkpt lat="39.07683922" lon="33.41253558"><ele>956.976</ele><time>2026-09-29T07:53:58Z</time><speed>0.000</speed><sat>34</sat></trkpt>
  <trkpt lat="39.07683924" lon="33.41253555"><ele>956.978</ele><time>2026-09-29T07:53:59Z</time><speed>0.000</speed><sat>35</sat></trkpt>
  <trkpt lat="39.07683925" lon="33.41253550"><ele>956.981</ele><time>2026-09-29T07:54:00Z</time><speed>0.000</speed><sat>35</sat></trkpt>
  <trkpt lat="39.07683926" lon="33.41253548"><ele>956.979</ele><time>2026-09-29T07:54:01Z</time><speed>0.000</speed><sat>35</sat></trkpt>
  <trkpt lat="39.07683927" lon="33.41253546"><ele>956.978</ele><time>2026-09-29T07:54:02Z</time><speed>0.000</speed><sat>35</sat></trkpt>
  <trkpt lat="39.07683928" lon="33.41253545"><ele>956.978</ele><time>2026-09-29T07:54:03Z</time><speed>0.000</speed><sat>34</sat></trkpt>
  <trkpt lat="39.07683927" lon="33.41253544"><ele>956.979</ele><time>2026-09-29T07:54:04Z</time><speed>0.000</speed><sat>34</sat></trkpt>
  <trkpt lat="39.07683928" lon="33.41253542"><ele>956.978</ele><time>2026-09-29T07:54:05Z</time><speed>0.000</speed><sat>34</sat></trkpt>
  <trkpt lat="39.07683928" lon="33.41253541"><ele>956.978</ele><time>2026-09-29T07:54:06Z</time><speed>0.000</speed><sat>33</sat></trkpt>
  <trkpt lat="39.07683928" lon="33.41253540"><ele>956.978</ele><time>2026-09-29T07:54:07Z</time><speed>0.000</speed><sat>33</sat></trkpt>
  <trkpt lat="39.07683928" lon="33.41253539"><ele>956.977</ele><time>2026-09-29T07:54:08Z</time><speed>0.000</speed><sat>32</sat></trkpt>
  <trkpt lat="39.07683928" lon="33.41253538"><ele>956.977</ele><time>2026-09-29T07:54:09Z</time><speed>0.000</speed><sat>32</sat></trkpt>
  <trkpt lat="39.07683928" lon="33.41253538"><ele>956.977</ele><time>2026-09-29T07:54:10Z</time><speed>0.000</speed><sat>33</sat></trkpt>
  <trkpt lat="39.07683927" lon="33.41253530"><ele>956.987</ele><time>2026-09-29T07:54:11Z</time><speed>0.000</speed><sat>34</sat></trkpt>
  <trkpt lat="39.07683927" lon="33.41253526"><ele>956.987</ele><time>2026-09-29T07:54:12Z</time><speed>0.000</speed><sat>35</sat></trkpt>
  <trkpt lat="39.07683928" lon="33.41253525"><ele>956.984</ele><time>2026-09-29T07:54:13Z</time><speed>0.000</speed><sat>34</sat></trkpt>
  <trkpt lat="39.07683928" lon="33.41253524"><ele>956.982</ele><time>2026-09-29T07:54:14Z</time><speed>0.000</speed><sat>34</sat></trkpt>
  <trkpt lat="39.07683930" lon="33.41253524"><ele>956.979</ele><time>2026-09-29T07:54:15Z</time><speed>0.000</speed><sat>34</sat></trkpt>
  <trkpt lat="39.07683932" lon="33.41253526"><ele>956.975</ele><time>2026-09-29T07:54:16Z</time><speed>0.000</speed><sat>34</sat></trkpt>
  <trkpt lat="39.07683933" lon="33.41253528"><ele>956.974</ele><time>2026-09-29T07:54:17Z</time><speed>0.000</speed><sat>32</sat></trkpt>
  <trkpt lat="39.07683934" lon="33.41253530"><ele>956.973</ele><time>2026-09-29T07:54:18Z</time><speed>0.000</speed><sat>32</sat></trkpt>
  <trkpt lat="39.07683936" lon="33.41253532"><ele>956.970</ele><time>2026-09-29T07:54:19Z</time><speed>0.000</speed><sat>32</sat></trkpt>
  <trkpt lat="39.07683939" lon="33.41253536"><ele>956.965</ele><time>2026-09-29T07:54:20Z</time><speed>0.000</speed><sat>32</sat></trkpt>
  <trkpt lat="39.07683941" lon="33.41253538"><ele>956.963</ele><time>2026-09-29T07:54:21Z</time><speed>0.000</speed><sat>32</sat></trkpt>
  <trkpt lat="39.07683942" lon="33.41253539"><ele>956.962</ele><time>2026-09-29T07:54:22Z</time><speed>0.000</speed><sat>32</sat></trkpt>
  <trkpt lat="39.07683943" lon="33.41253541"><ele>956.959</ele><time>2026-09-29T07:54:23Z</time><speed>0.000</speed><sat>32</sat></trkpt>
  <trkpt lat="39.07683944" lon="33.41253541"><ele>956.958</ele><time>2026-09-29T07:54:24Z</time><speed>0.000</speed><sat>32</sat></trkpt>
  <trkpt lat="39.07683944" lon="33.41253541"><ele>956.959</ele><time>2026-09-29T07:54:25Z</time><speed>0.000</speed><sat>32</sat></trkpt>
  <trkpt lat="39.07683944" lon="33.41253539"><ele>956.960</ele><time>2026-09-29T07:54:26Z</time><speed>0.000</speed><sat>31</sat></trkpt>
  <trkpt lat="39.07683944" lon="33.41253538"><ele>956.960</ele><time>2026-09-29T07:54:27Z</time><speed>0.000</speed><sat>31</sat></trkpt>
  <trkpt lat="39.07683943" lon="33.41253536"><ele>956.962</ele><time>2026-09-29T07:54:28Z</time><speed>0.000</speed><sat>31</sat></trkpt>
  <trkpt lat="39.07683942" lon="33.41253534"><ele>956.964</ele><time>2026-09-29T07:54:29Z</time><speed>0.000</speed><sat>31</sat></trkpt>
  <trkpt lat="39.07683941" lon="33.41253531"><ele>956.966</ele><time>2026-09-29T07:54:30Z</time><speed>0.000</speed><sat>32</sat></trkpt>
  <trkpt lat="39.07683940" lon="33.41253528"><ele>956.968</ele><time>2026-09-29T07:54:31Z</time><speed>0.000</speed><sat>32</sat></trkpt>
  <trkpt lat="39.07683940" lon="33.41253525"><ele>956.971</ele><time>2026-09-29T07:54:32Z</time><speed>0.000</speed><sat>33</sat></trkpt>
  <trkpt lat="39.07683939" lon="33.41253523"><ele>956.971</ele><time>2026-09-29T07:54:33Z</time><speed>0.000</speed><sat>33</sat></trkpt>
  <trkpt lat="39.07683937" lon="33.41253520"><ele>956.972</ele><time>2026-09-29T07:54:34Z</time><speed>0.000</speed><sat>33</sat></trkpt>
  <trkpt lat="39.07683937" lon="33.41253519"><ele>956.972</ele><time>2026-09-29T07:54:35Z</time><speed>0.000</speed><sat>34</sat></trkpt>
  <trkpt lat="39.07683936" lon="33.41253517"><ele>956.973</ele><time>2026-09-29T07:54:36Z</time><speed>0.000</speed><sat>33</sat></trkpt>
  <trkpt lat="39.07683936" lon="33.41253515"><ele>956.973</ele><time>2026-09-29T07:54:37Z</time><speed>0.000</speed><sat>33</sat></trkpt>
  <trkpt lat="39.07683935" lon="33.41253514"><ele>956.973</ele><time>2026-09-29T07:54:38Z</time><speed>0.000</speed><sat>33</sat></trkpt>
  <trkpt lat="39.07683936" lon="33.41253513"><ele>956.971</ele><time>2026-09-29T07:54:39Z</time><speed>0.000</speed><sat>32</sat></trkpt>
  <trkpt lat="39.07683935" lon="33.41253513"><ele>956.972</ele><time>2026-09-29T07:54:40Z</time><speed>0.000</speed><sat>32</sat></trkpt>
  <trkpt lat="39.07683935" lon="33.41253512"><ele>956.973</ele><time>2026-09-29T07:54:41Z</time><speed>0.000</speed><sat>32</sat></trkpt>
  <trkpt lat="39.07683934" lon="33.41253507"><ele>956.980</ele><time>2026-09-29T07:54:42Z</time><speed>0.000</speed><sat>31</sat></trkpt>
  <trkpt lat="39.07683935" lon="33.41253505"><ele>956.979</ele><time>2026-09-29T07:54:43Z</time><speed>0.000</speed><sat>32</sat></trkpt>
  <trkpt lat="39.07683935" lon="33.41253504"><ele>956.977</ele><time>2026-09-29T07:54:44Z</time><speed>0.000</speed><sat>33</sat></trkpt>
  <trkpt lat="39.07683935" lon="33.41253503"><ele>956.978</ele><time>2026-09-29T07:54:45Z</time><speed>0.000</speed><sat>34</sat></trkpt>
  <trkpt lat="39.07683935" lon="33.41253503"><ele>956.977</ele><time>2026-09-29T07:54:46Z</time><speed>0.000</speed><sat>34</sat></trkpt>
  <trkpt lat="39.07683935" lon="33.41253503"><ele>956.976</ele><time>2026-09-29T07:54:47Z</time><speed>0.000</speed><sat>34</sat></trkpt>
  <trkpt lat="39.07683935" lon="33.41253502"><ele>956.976</ele><time>2026-09-29T07:54:48Z</time><speed>0.000</speed><sat>34</sat></trkpt>
  <trkpt lat="39.07683934" lon="33.41253502"><ele>956.975</ele><time>2026-09-29T07:54:49Z</time><speed>0.000</speed><sat>34</sat></trkpt>
  <trkpt lat="39.07683933" lon="33.41253500"><ele>956.977</ele><time>2026-09-29T07:54:50Z</time><speed>0.000</speed><sat>33</sat></trkpt>
  <trkpt lat="39.07683932" lon="33.41253499"><ele>956.980</ele><time>2026-09-29T07:54:51Z</time><speed>0.000</speed><sat>33</sat></trkpt>
  <trkpt lat="39.07683931" lon="33.41253496"><ele>956.984</ele><time>2026-09-29T07:54:52Z</time><speed>0.000</speed><sat>33</sat></trkpt>
  <trkpt lat="39.07683930" lon="33.41253494"><ele>956.985</ele><time>2026-09-29T07:54:53Z</time><speed>0.000</speed><sat>33</sat></trkpt>
  <trkpt lat="39.07683930" lon="33.41253492"><ele>956.988</ele><time>2026-09-29T07:54:54Z</time><speed>0.000</speed><sat>33</sat></trkpt>
  <trkpt lat="39.07683928" lon="33.41253489"><ele>956.990</ele><time>2026-09-29T07:54:55Z</time><speed>0.000</speed><sat>32</sat></trkpt>
  <trkpt lat="39.07683927" lon="33.41253487"><ele>956.991</ele><time>2026-09-29T07:54:56Z</time><speed>0.000</speed><sat>32</sat></trkpt>
  <trkpt lat="39.07683925" lon="33.41253485"><ele>956.993</ele><time>2026-09-29T07:54:57Z</time><speed>0.000</speed><sat>32</sat></trkpt>
  <trkpt lat="39.07683924" lon="33.41253483"><ele>956.995</ele><time>2026-09-29T07:54:58Z</time><speed>0.000</speed><sat>33</sat></trkpt>
  <trkpt lat="39.07683923" lon="33.41253481"><ele>956.998</ele><time>2026-09-29T07:54:59Z</time><speed>0.000</speed><sat>33</sat></trkpt>
  <trkpt lat="39.07683921" lon="33.41253480"><ele>956.998</ele><time>2026-09-29T07:55:00Z</time><speed>0.000</speed><sat>33</sat></trkpt>
  <trkpt lat="39.07683921" lon="33.41253479"><ele>957.000</ele><time>2026-09-29T07:55:01Z</time><speed>0.000</speed><sat>33</sat></trkpt>
  <trkpt lat="39.07683920" lon="33.41253478"><ele>957.001</ele><time>2026-09-29T07:55:02Z</time><speed>0.000</speed><sat>33</sat></trkpt>
  <trkpt lat="39.07683920" lon="33.41253478"><ele>957.001</ele><time>2026-09-29T07:55:03Z</time><speed>0.000</speed><sat>33</sat></trkpt>
  <trkpt lat="39.07683920" lon="33.41253478"><ele>957.000</ele><time>2026-09-29T07:55:04Z</time><speed>0.000</speed><sat>32</sat></trkpt>
  <trkpt lat="39.07683920" lon="33.41253479"><ele>956.997</ele><time>2026-09-29T07:55:05Z</time><speed>0.000</speed><sat>33</sat></trkpt>
  <trkpt lat="39.07683921" lon="33.41253480"><ele>956.996</ele><time>2026-09-29T07:55:06Z</time><speed>0.000</speed><sat>33</sat></trkpt>
  <trkpt lat="39.07683921" lon="33.41253481"><ele>956.996</ele><time>2026-09-29T07:55:07Z</time><speed>0.000</speed><sat>33</sat></trkpt>
  <trkpt lat="39.07683922" lon="33.41253482"><ele>956.996</ele><time>2026-09-29T07:55:08Z</time><speed>0.000</speed><sat>33</sat></trkpt>
  <trkpt lat="39.07683922" lon="33.41253482"><ele>956.998</ele><time>2026-09-29T07:55:09Z</time><speed>0.000</speed><sat>34</sat></trkpt>
  <trkpt lat="39.07683921" lon="33.41253482"><ele>956.999</ele><time>2026-09-29T07:55:10Z</time><speed>0.000</speed><sat>34</sat></trkpt>
  <trkpt lat="39.07683920" lon="33.41253481"><ele>957.001</ele><time>2026-09-29T07:55:11Z</time><speed>0.000</speed><sat>36</sat></trkpt>
  <trkpt lat="39.07683919" lon="33.41253480"><ele>957.003</ele><time>2026-09-29T07:55:12Z</time><speed>0.000</speed><sat>36</sat></trkpt>
  <trkpt lat="39.07683918" lon="33.41253479"><ele>957.006</ele><time>2026-09-29T07:55:13Z</time><speed>0.000</speed><sat>36</sat></trkpt>
  <trkpt lat="39.07683917" lon="33.41253478"><ele>957.008</ele><time>2026-09-29T07:55:14Z</time><speed>0.000</speed><sat>36</sat></trkpt>
  <trkpt lat="39.07683916" lon="33.41253477"><ele>957.010</ele><time>2026-09-29T07:55:15Z</time><speed>0.000</speed><sat>36</sat></trkpt>
  <trkpt lat="39.07683915" lon="33.41253475"><ele>957.012</ele><time>2026-09-29T07:55:16Z</time><speed>0.000</speed><sat>37</sat></trkpt>
  <trkpt lat="39.07683914" lon="33.41253474"><ele>957.015</ele><time>2026-09-29T07:55:17Z</time><speed>0.000</speed><sat>37</sat></trkpt>
  <trkpt lat="39.07683928" lon="33.41253457"><ele>957.012</ele><time>2026-09-29T07:55:18Z</time><speed>0.000</speed><sat>38</sat></trkpt>
  <trkpt lat="39.07683933" lon="33.41253433"><ele>957.013</ele><time>2026-09-29T07:55:19Z</time><speed>0.000</speed><sat>37</sat></trkpt>
  <trkpt lat="39.07683926" lon="33.41253416"><ele>957.016</ele><time>2026-09-29T07:55:20Z</time><speed>0.000</speed><sat>36</sat></trkpt>
  <trkpt lat="39.07683922" lon="33.41253406"><ele>957.016</ele><time>2026-09-29T07:55:21Z</time><speed>0.000</speed><sat>35</sat></trkpt>
  <trkpt lat="39.07683918" lon="33.41253400"><ele>957.020</ele><time>2026-09-29T07:55:22Z</time><speed>0.000</speed><sat>37</sat></trkpt>
  <trkpt lat="39.07683916" lon="33.41253397"><ele>957.021</ele><time>2026-09-29T07:55:23Z</time><speed>0.000</speed><sat>37</sat></trkpt>
  <trkpt lat="39.07683913" lon="33.41253395"><ele>957.024</ele><time>2026-09-29T07:55:24Z</time><speed>0.000</speed><sat>37</sat></trkpt>
  <trkpt lat="39.07683911" lon="33.41253393"><ele>957.027</ele><time>2026-09-29T07:55:25Z</time><speed>0.000</speed><sat>37</sat></trkpt>
  <trkpt lat="39.07683908" lon="33.41253392"><ele>957.030</ele><time>2026-09-29T07:55:26Z</time><speed>0.000</speed><sat>37</sat></trkpt>
  <trkpt lat="39.07683906" lon="33.41253391"><ele>957.032</ele><time>2026-09-29T07:55:27Z</time><speed>0.000</speed><sat>37</sat></trkpt>
  <trkpt lat="39.07683903" lon="33.41253390"><ele>957.035</ele><time>2026-09-29T07:55:28Z</time><speed>0.000</speed><sat>37</sat></trkpt>
  <trkpt lat="39.07683901" lon="33.41253389"><ele>957.034</ele><time>2026-09-29T07:55:29Z</time><speed>0.000</speed><sat>37</sat></trkpt>
  <trkpt lat="39.07683900" lon="33.41253388"><ele>957.033</ele><time>2026-09-29T07:55:30Z</time><speed>0.000</speed><sat>36</sat></trkpt>
  <trkpt lat="39.07683898" lon="33.41253387"><ele>957.031</ele><time>2026-09-29T07:55:31Z</time><speed>0.000</speed><sat>36</sat></trkpt>
  <trkpt lat="39.07683897" lon="33.41253385"><ele>957.031</ele><time>2026-09-29T07:55:32Z</time><speed>0.000</speed><sat>37</sat></trkpt>
  <trkpt lat="39.07683895" lon="33.41253385"><ele>957.031</ele><time>2026-09-29T07:55:33Z</time><speed>0.000</speed><sat>36</sat></trkpt>
  <trkpt lat="39.07683893" lon="33.41253385"><ele>957.031</ele><time>2026-09-29T07:55:34Z</time><speed>0.000</speed><sat>36</sat></trkpt>
  <trkpt lat="39.07683892" lon="33.41253387"><ele>957.029</ele><time>2026-09-29T07:55:35Z</time><speed>0.000</speed><sat>36</sat></trkpt>
  <trkpt lat="39.07683891" lon="33.41253388"><ele>957.029</ele><time>2026-09-29T07:55:36Z</time><speed>0.000</speed><sat>36</sat></trkpt>
  <trkpt lat="39.07683890" lon="33.41253390"><ele>957.029</ele><time>2026-09-29T07:55:37Z</time><speed>0.000</speed><sat>37</sat></trkpt>
  <trkpt lat="39.07683889" lon="33.41253390"><ele>957.029</ele><time>2026-09-29T07:55:38Z</time><speed>0.000</speed><sat>37</sat></trkpt>
  <trkpt lat="39.07683888" lon="33.41253391"><ele>957.027</ele><time>2026-09-29T07:55:39Z</time><speed>0.000</speed><sat>37</sat></trkpt>
  <trkpt lat="39.07683887" lon="33.41253390"><ele>957.029</ele><time>2026-09-29T07:55:40Z</time><speed>0.000</speed><sat>37</sat></trkpt>
  <trkpt lat="39.07683887" lon="33.41253389"><ele>957.032</ele><time>2026-09-29T07:55:41Z</time><speed>0.000</speed><sat>37</sat></trkpt>
  <trkpt lat="39.07683886" lon="33.41253387"><ele>957.032</ele><time>2026-09-29T07:55:42Z</time><speed>0.000</speed><sat>37</sat></trkpt>
  <trkpt lat="39.07683885" lon="33.41253386"><ele>957.033</ele><time>2026-09-29T07:55:43Z</time><speed>0.000</speed><sat>37</sat></trkpt>
  <trkpt lat="39.07683884" lon="33.41253383"><ele>957.038</ele><time>2026-09-29T07:55:44Z</time><speed>0.000</speed><sat>37</sat></trkpt>
  <trkpt lat="39.07683883" lon="33.41253380"><ele>957.043</ele><time>2026-09-29T07:55:45Z</time><speed>0.000</speed><sat>37</sat></trkpt>
  <trkpt lat="39.07683882" lon="33.41253377"><ele>957.043</ele><time>2026-09-29T07:55:46Z</time><speed>0.000</speed><sat>37</sat></trkpt>
  <trkpt lat="39.07683880" lon="33.41253373"><ele>957.048</ele><time>2026-09-29T07:55:47Z</time><speed>0.000</speed><sat>37</sat></trkpt>
  <trkpt lat="39.07683878" lon="33.41253370"><ele>957.051</ele><time>2026-09-29T07:55:48Z</time><speed>0.000</speed><sat>37</sat></trkpt>
  <trkpt lat="39.07683877" lon="33.41253368"><ele>957.053</ele><time>2026-09-29T07:55:49Z</time><speed>0.000</speed><sat>37</sat></trkpt>
  <trkpt lat="39.07683876" lon="33.41253365"><ele>957.054</ele><time>2026-09-29T07:55:50Z</time><speed>0.000</speed><sat>38</sat></trkpt>
  <trkpt lat="39.07683875" lon="33.41253362"><ele>957.056</ele><time>2026-09-29T07:55:51Z</time><speed>0.000</speed><sat>38</sat></trkpt>
  <trkpt lat="39.07683874" lon="33.41253360"><ele>957.058</ele><time>2026-09-29T07:55:52Z</time><speed>0.000</speed><sat>38</sat></trkpt>
  <trkpt lat="39.07683873" lon="33.41253360"><ele>957.059</ele><time>2026-09-29T07:55:53Z</time><speed>0.000</speed><sat>38</sat></trkpt>
  <trkpt lat="39.07683873" lon="33.41253359"><ele>957.060</ele><time>2026-09-29T07:55:54Z</time><speed>0.000</speed><sat>38</sat></trkpt>
  <trkpt lat="39.07683872" lon="33.41253357"><ele>957.063</ele><time>2026-09-29T07:55:55Z</time><speed>0.000</speed><sat>38</sat></trkpt>
  <trkpt lat="39.07683871" lon="33.41253354"><ele>957.065</ele><time>2026-09-29T07:55:56Z</time><speed>0.000</speed><sat>38</sat></trkpt>
  <trkpt lat="39.07683871" lon="33.41253353"><ele>957.064</ele><time>2026-09-29T07:55:57Z</time><speed>0.000</speed><sat>38</sat></trkpt>
  <trkpt lat="39.07683870" lon="33.41253353"><ele>957.066</ele><time>2026-09-29T07:55:58Z</time><speed>0.000</speed><sat>38</sat></trkpt>
  <trkpt lat="39.07683870" lon="33.41253353"><ele>957.066</ele><time>2026-09-29T07:55:59Z</time><speed>0.000</speed><sat>37</sat></trkpt>
  <trkpt lat="39.07683871" lon="33.41253354"><ele>957.063</ele><time>2026-09-29T07:56:00Z</time><speed>0.000</speed><sat>37</sat></trkpt>
  <trkpt lat="39.07683872" lon="33.41253355"><ele>957.062</ele><time>2026-09-29T07:56:01Z</time><speed>0.000</speed><sat>37</sat></trkpt>
  <trkpt lat="39.07683873" lon="33.41253356"><ele>957.060</ele><time>2026-09-29T07:56:02Z</time><speed>0.000</speed><sat>38</sat></trkpt>
  <trkpt lat="39.07683875" lon="33.41253358"><ele>957.057</ele><time>2026-09-29T07:56:03Z</time><speed>0.000</speed><sat>38</sat></trkpt>
  <trkpt lat="39.07683877" lon="33.41253360"><ele>957.056</ele><time>2026-09-29T07:56:04Z</time><speed>0.000</speed><sat>37</sat></trkpt>
  <trkpt lat="39.07683878" lon="33.41253360"><ele>957.056</ele><time>2026-09-29T07:56:05Z</time><speed>0.000</speed><sat>38</sat></trkpt>
  <trkpt lat="39.07683879" lon="33.41253360"><ele>957.057</ele><time>2026-09-29T07:56:06Z</time><speed>0.000</speed><sat>38</sat></trkpt>
  <trkpt lat="39.07683878" lon="33.41253359"><ele>957.059</ele><time>2026-09-29T07:56:07Z</time><speed>0.000</speed><sat>38</sat></trkpt>
  <trkpt lat="39.07683878" lon="33.41253358"><ele>957.060</ele><time>2026-09-29T07:56:08Z</time><speed>0.000</speed><sat>38</sat></trkpt>
  <trkpt lat="39.07683877" lon="33.41253355"><ele>957.063</ele><time>2026-09-29T07:56:09Z</time><speed>0.000</speed><sat>38</sat></trkpt>
  <trkpt lat="39.07683876" lon="33.41253353"><ele>957.065</ele><time>2026-09-29T07:56:10Z</time><speed>0.000</speed><sat>38</sat></trkpt>
  <trkpt lat="39.07683874" lon="33.41253351"><ele>957.069</ele><time>2026-09-29T07:56:11Z</time><speed>0.000</speed><sat>38</sat></trkpt>
  <trkpt lat="39.07683873" lon="33.41253350"><ele>957.073</ele><time>2026-09-29T07:56:12Z</time><speed>0.000</speed><sat>37</sat></trkpt>
  <trkpt lat="39.07683871" lon="33.41253347"><ele>957.076</ele><time>2026-09-29T07:56:13Z</time><speed>0.000</speed><sat>37</sat></trkpt>
  <trkpt lat="39.07683869" lon="33.41253344"><ele>957.080</ele><time>2026-09-29T07:56:14Z</time><speed>0.000</speed><sat>37</sat></trkpt>
  <trkpt lat="39.07683867" lon="33.41253341"><ele>957.083</ele><time>2026-09-29T07:56:15Z</time><speed>0.000</speed><sat>37</sat></trkpt>
  <trkpt lat="39.07683866" lon="33.41253339"><ele>957.085</ele><time>2026-09-29T07:56:16Z</time><speed>0.000</speed><sat>37</sat></trkpt>
  <trkpt lat="39.07683865" lon="33.41253337"><ele>957.088</ele><time>2026-09-29T07:56:17Z</time><speed>0.000</speed><sat>36</sat></trkpt>
  <trkpt lat="39.07683863" lon="33.41253335"><ele>957.088</ele><time>2026-09-29T07:56:18Z</time><speed>0.000</speed><sat>36</sat></trkpt>
  <trkpt lat="39.07683863" lon="33.41253334"><ele>957.089</ele><time>2026-09-29T07:56:19Z</time><speed>0.000</speed><sat>36</sat></trkpt>
  <trkpt lat="39.07683862" lon="33.41253333"><ele>957.090</ele><time>2026-09-29T07:56:20Z</time><speed>0.000</speed><sat>36</sat></trkpt>
  <trkpt lat="39.07683862" lon="33.41253333"><ele>957.092</ele><time>2026-09-29T07:56:21Z</time><speed>0.000</speed><sat>36</sat></trkpt>
  <trkpt lat="39.07683861" lon="33.41253333"><ele>957.092</ele><time>2026-09-29T07:56:22Z</time><speed>0.000</speed><sat>36</sat></trkpt>
  <trkpt lat="39.07683861" lon="33.41253333"><ele>957.090</ele><time>2026-09-29T07:56:23Z</time><speed>0.000</speed><sat>36</sat></trkpt>
  <trkpt lat="39.07683862" lon="33.41253334"><ele>957.088</ele><time>2026-09-29T07:56:24Z</time><speed>0.000</speed><sat>36</sat></trkpt>
  <trkpt lat="39.07683862" lon="33.41253336"><ele>957.087</ele><time>2026-09-29T07:56:25Z</time><speed>0.000</speed><sat>36</sat></trkpt>
  <trkpt lat="39.07683862" lon="33.41253337"><ele>957.086</ele><time>2026-09-29T07:56:26Z</time><speed>0.000</speed><sat>36</sat></trkpt>
  <trkpt lat="39.07683863" lon="33.41253339"><ele>957.084</ele><time>2026-09-29T07:56:27Z</time><speed>0.000</speed><sat>36</sat></trkpt>
  <trkpt lat="39.07683863" lon="33.41253340"><ele>957.084</ele><time>2026-09-29T07:56:28Z</time><speed>0.000</speed><sat>36</sat></trkpt>
  <trkpt lat="39.07683862" lon="33.41253340"><ele>957.084</ele><time>2026-09-29T07:56:29Z</time><speed>0.000</speed><sat>36</sat></trkpt>
  <trkpt lat="39.07683862" lon="33.41253341"><ele>957.083</ele><time>2026-09-29T07:56:30Z</time><speed>0.000</speed><sat>36</sat></trkpt>
  <trkpt lat="39.07683861" lon="33.41253341"><ele>957.086</ele><time>2026-09-29T07:56:31Z</time><speed>0.000</speed><sat>36</sat></trkpt>
  <trkpt lat="39.07683860" lon="33.41253341"><ele>957.087</ele><time>2026-09-29T07:56:32Z</time><speed>0.000</speed><sat>36</sat></trkpt>
  <trkpt lat="39.07683858" lon="33.41253341"><ele>957.090</ele><time>2026-09-29T07:56:33Z</time><speed>0.000</speed><sat>36</sat></trkpt>
  <trkpt lat="39.07683857" lon="33.41253339"><ele>957.093</ele><time>2026-09-29T07:56:34Z</time><speed>0.000</speed><sat>35</sat></trkpt>
  <trkpt lat="39.07683855" lon="33.41253338"><ele>957.095</ele><time>2026-09-29T07:56:35Z</time><speed>0.000</speed><sat>35</sat></trkpt>
  <trkpt lat="39.07683854" lon="33.41253337"><ele>957.098</ele><time>2026-09-29T07:56:36Z</time><speed>0.000</speed><sat>35</sat></trkpt>
  <trkpt lat="39.07683853" lon="33.41253335"><ele>957.101</ele><time>2026-09-29T07:56:37Z</time><speed>0.000</speed><sat>35</sat></trkpt>
  <trkpt lat="39.07683852" lon="33.41253334"><ele>957.103</ele><time>2026-09-29T07:56:38Z</time><speed>0.000</speed><sat>35</sat></trkpt>
  <trkpt lat="39.07683852" lon="33.41253333"><ele>957.106</ele><time>2026-09-29T07:56:39Z</time><speed>0.000</speed><sat>35</sat></trkpt>
  <trkpt lat="39.07683851" lon="33.41253332"><ele>957.107</ele><time>2026-09-29T07:56:40Z</time><speed>0.000</speed><sat>35</sat></trkpt>
  <trkpt lat="39.07683850" lon="33.41253331"><ele>957.108</ele><time>2026-09-29T07:56:41Z</time><speed>0.000</speed><sat>35</sat></trkpt>
  <trkpt lat="39.07683849" lon="33.41253330"><ele>957.110</ele><time>2026-09-29T07:56:42Z</time><speed>0.000</speed><sat>35</sat></trkpt>
  <trkpt lat="39.07683848" lon="33.41253329"><ele>957.112</ele><time>2026-09-29T07:56:43Z</time><speed>0.000</speed><sat>35</sat></trkpt>
  <trkpt lat="39.07683847" lon="33.41253328"><ele>957.115</ele><time>2026-09-29T07:56:44Z</time><speed>0.000</speed><sat>35</sat></trkpt>
  <trkpt lat="39.07683846" lon="33.41253327"><ele>957.115</ele><time>2026-09-29T07:56:45Z</time><speed>0.000</speed><sat>35</sat></trkpt>
  <trkpt lat="39.07683845" lon="33.41253326"><ele>957.117</ele><time>2026-09-29T07:56:46Z</time><speed>0.000</speed><sat>35</sat></trkpt>
  <trkpt lat="39.07683845" lon="33.41253327"><ele>957.117</ele><time>2026-09-29T07:56:47Z</time><speed>0.000</speed><sat>35</sat></trkpt>
  <trkpt lat="39.07683845" lon="33.41253327"><ele>957.118</ele><time>2026-09-29T07:56:48Z</time><speed>0.000</speed><sat>35</sat></trkpt>
  <trkpt lat="39.07683844" lon="33.41253328"><ele>957.120</ele><time>2026-09-29T07:56:49Z</time><speed>0.000</speed><sat>36</sat></trkpt>
  <trkpt lat="39.07683844" lon="33.41253328"><ele>957.121</ele><time>2026-09-29T07:56:50Z</time><speed>0.000</speed><sat>36</sat></trkpt>
  <trkpt lat="39.07683844" lon="33.41253329"><ele>957.122</ele><time>2026-09-29T07:56:51Z</time><speed>0.000</speed><sat>36</sat></trkpt>
  <trkpt lat="39.07683844" lon="33.41253329"><ele>957.121</ele><time>2026-09-29T07:56:52Z</time><speed>0.000</speed><sat>36</sat></trkpt>
  <trkpt lat="39.07683843" lon="33.41253329"><ele>957.123</ele><time>2026-09-29T07:56:53Z</time><speed>0.000</speed><sat>36</sat></trkpt>
  <trkpt lat="39.07683842" lon="33.41253328"><ele>957.125</ele><time>2026-09-29T07:56:54Z</time><speed>0.000</speed><sat>36</sat></trkpt>
  <trkpt lat="39.07683840" lon="33.41253326"><ele>957.128</ele><time>2026-09-29T07:56:55Z</time><speed>0.000</speed><sat>36</sat></trkpt>
  <trkpt lat="39.07683840" lon="33.41253326"><ele>957.131</ele><time>2026-09-29T07:56:56Z</time><speed>0.000</speed><sat>35</sat></trkpt>
  <trkpt lat="39.07683839" lon="33.41253326"><ele>957.134</ele><time>2026-09-29T07:56:57Z</time><speed>0.000</speed><sat>35</sat></trkpt>
  <trkpt lat="39.07683839" lon="33.41253325"><ele>957.138</ele><time>2026-09-29T07:56:58Z</time><speed>0.000</speed><sat>36</sat></trkpt>
  <trkpt lat="39.07683838" lon="33.41253324"><ele>957.141</ele><time>2026-09-29T07:56:59Z</time><speed>0.000</speed><sat>36</sat></trkpt>
  <trkpt lat="39.07683837" lon="33.41253322"><ele>957.145</ele><time>2026-09-29T07:57:00Z</time><speed>0.000</speed><sat>36</sat></trkpt>
  <trkpt lat="39.07683836" lon="33.41253320"><ele>957.151</ele><time>2026-09-29T07:57:01Z</time><speed>0.000</speed><sat>36</sat></trkpt>
  <trkpt lat="39.07683835" lon="33.41253319"><ele>957.156</ele><time>2026-09-29T07:57:02Z</time><speed>0.000</speed><sat>35</sat></trkpt>
  <trkpt lat="39.07683834" lon="33.41253317"><ele>957.161</ele><time>2026-09-29T07:57:03Z</time><speed>0.000</speed><sat>35</sat></trkpt>
  <trkpt lat="39.07683833" lon="33.41253315"><ele>957.166</ele><time>2026-09-29T07:57:04Z</time><speed>0.000</speed><sat>34</sat></trkpt>
  <trkpt lat="39.07683832" lon="33.41253313"><ele>957.170</ele><time>2026-09-29T07:57:05Z</time><speed>0.000</speed><sat>34</sat></trkpt>
  <trkpt lat="39.07683831" lon="33.41253310"><ele>957.176</ele><time>2026-09-29T07:57:06Z</time><speed>0.000</speed><sat>37</sat></trkpt>
  <trkpt lat="39.07683830" lon="33.41253308"><ele>957.177</ele><time>2026-09-29T07:57:07Z</time><speed>0.000</speed><sat>38</sat></trkpt>
  <trkpt lat="39.07683828" lon="33.41253307"><ele>957.180</ele><time>2026-09-29T07:57:08Z</time><speed>0.000</speed><sat>38</sat></trkpt>
  <trkpt lat="39.07683826" lon="33.41253305"><ele>957.182</ele><time>2026-09-29T07:57:09Z</time><speed>0.000</speed><sat>38</sat></trkpt>
  <trkpt lat="39.07683825" lon="33.41253304"><ele>957.185</ele><time>2026-09-29T07:57:10Z</time><speed>0.000</speed><sat>37</sat></trkpt>
  <trkpt lat="39.07683824" lon="33.41253304"><ele>957.185</ele><time>2026-09-29T07:57:11Z</time><speed>0.000</speed><sat>37</sat></trkpt>
  <trkpt lat="39.07683823" lon="33.41253303"><ele>957.185</ele><time>2026-09-29T07:57:12Z</time><speed>0.000</speed><sat>37</sat></trkpt>
  <trkpt lat="39.07683822" lon="33.41253302"><ele>957.186</ele><time>2026-09-29T07:57:13Z</time><speed>0.000</speed><sat>37</sat></trkpt>
  <trkpt lat="39.07683821" lon="33.41253303"><ele>957.185</ele><time>2026-09-29T07:57:14Z</time><speed>0.000</speed><sat>35</sat></trkpt>
  <trkpt lat="39.07683820" lon="33.41253303"><ele>957.186</ele><time>2026-09-29T07:57:15Z</time><speed>0.000</speed><sat>35</sat></trkpt>
  <trkpt lat="39.07683820" lon="33.41253303"><ele>957.188</ele><time>2026-09-29T07:57:16Z</time><speed>0.000</speed><sat>35</sat></trkpt>
  <trkpt lat="39.07683819" lon="33.41253304"><ele>957.189</ele><time>2026-09-29T07:57:17Z</time><speed>0.000</speed><sat>35</sat></trkpt>
  <trkpt lat="39.07683818" lon="33.41253304"><ele>957.191</ele><time>2026-09-29T07:57:18Z</time><speed>0.000</speed><sat>35</sat></trkpt>
  <trkpt lat="39.07683817" lon="33.41253304"><ele>957.193</ele><time>2026-09-29T07:57:19Z</time><speed>0.000</speed><sat>35</sat></trkpt>
  <trkpt lat="39.07683815" lon="33.41253304"><ele>957.195</ele><time>2026-09-29T07:57:20Z</time><speed>0.000</speed><sat>35</sat></trkpt>
  <trkpt lat="39.07683814" lon="33.41253304"><ele>957.196</ele><time>2026-09-29T07:57:21Z</time><speed>0.000</speed><sat>35</sat></trkpt>
  <trkpt lat="39.07683813" lon="33.41253304"><ele>957.196</ele><time>2026-09-29T07:57:22Z</time><speed>0.000</speed><sat>35</sat></trkpt>
  <trkpt lat="39.07683813" lon="33.41253304"><ele>957.199</ele><time>2026-09-29T07:57:23Z</time><speed>0.000</speed><sat>35</sat></trkpt>
  <trkpt lat="39.07683812" lon="33.41253304"><ele>957.200</ele><time>2026-09-29T07:57:24Z</time><speed>0.000</speed><sat>35</sat></trkpt>
  <trkpt lat="39.07683811" lon="33.41253303"><ele>957.201</ele><time>2026-09-29T07:57:25Z</time><speed>0.000</speed><sat>35</sat></trkpt>
  <trkpt lat="39.07683811" lon="33.41253303"><ele>957.202</ele><time>2026-09-29T07:57:26Z</time><speed>0.000</speed><sat>35</sat></trkpt>
  <trkpt lat="39.07683811" lon="33.41253302"><ele>957.203</ele><time>2026-09-29T07:57:27Z</time><speed>0.000</speed><sat>35</sat></trkpt>
  <trkpt lat="39.07683810" lon="33.41253301"><ele>957.203</ele><time>2026-09-29T07:57:28Z</time><speed>0.000</speed><sat>35</sat></trkpt>
  <trkpt lat="39.07683810" lon="33.41253301"><ele>957.204</ele><time>2026-09-29T07:57:29Z</time><speed>0.000</speed><sat>35</sat></trkpt>
  <trkpt lat="39.07683809" lon="33.41253301"><ele>957.207</ele><time>2026-09-29T07:57:30Z</time><speed>0.000</speed><sat>36</sat></trkpt>
  <trkpt lat="39.07683809" lon="33.41253301"><ele>957.209</ele><time>2026-09-29T07:57:31Z</time><speed>0.000</speed><sat>36</sat></trkpt>
  <trkpt lat="39.07683809" lon="33.41253301"><ele>957.209</ele><time>2026-09-29T07:57:32Z</time><speed>0.000</speed><sat>36</sat></trkpt>
  <trkpt lat="39.07683808" lon="33.41253301"><ele>957.211</ele><time>2026-09-29T07:57:33Z</time><speed>0.000</speed><sat>36</sat></trkpt>
  <trkpt lat="39.07683807" lon="33.41253301"><ele>957.212</ele><time>2026-09-29T07:57:34Z</time><speed>0.000</speed><sat>36</sat></trkpt>
  <trkpt lat="39.07683807" lon="33.41253301"><ele>957.212</ele><time>2026-09-29T07:57:35Z</time><speed>0.000</speed><sat>36</sat></trkpt>
  <trkpt lat="39.07683807" lon="33.41253301"><ele>957.214</ele><time>2026-09-29T07:57:36Z</time><speed>0.000</speed><sat>36</sat></trkpt>
  <trkpt lat="39.07683807" lon="33.41253300"><ele>957.214</ele><time>2026-09-29T07:57:37Z</time><speed>0.000</speed><sat>36</sat></trkpt>
  <trkpt lat="39.07683807" lon="33.41253296"><ele>957.215</ele><time>2026-09-29T07:57:38Z</time><speed>0.000</speed><sat>37</sat></trkpt>
  <trkpt lat="39.07683806" lon="33.41253294"><ele>957.216</ele><time>2026-09-29T07:57:39Z</time><speed>0.000</speed><sat>36</sat></trkpt>
  <trkpt lat="39.07683806" lon="33.41253293"><ele>957.217</ele><time>2026-09-29T07:57:40Z</time><speed>0.000</speed><sat>37</sat></trkpt>
  <trkpt lat="39.07683806" lon="33.41253291"><ele>957.219</ele><time>2026-09-29T07:57:41Z</time><speed>0.000</speed><sat>37</sat></trkpt>
  <trkpt lat="39.07683805" lon="33.41253290"><ele>957.220</ele><time>2026-09-29T07:57:42Z</time><speed>0.000</speed><sat>37</sat></trkpt>
  <trkpt lat="39.07683804" lon="33.41253288"><ele>957.223</ele><time>2026-09-29T07:57:43Z</time><speed>0.000</speed><sat>37</sat></trkpt>
  <trkpt lat="39.07683803" lon="33.41253286"><ele>957.224</ele><time>2026-09-29T07:57:44Z</time><speed>0.000</speed><sat>38</sat></trkpt>
  <trkpt lat="39.07683801" lon="33.41253285"><ele>957.228</ele><time>2026-09-29T07:57:45Z</time><speed>0.000</speed><sat>38</sat></trkpt>
  <trkpt lat="39.07683800" lon="33.41253281"><ele>957.229</ele><time>2026-09-29T07:57:46Z</time><speed>0.000</speed><sat>37</sat></trkpt>
  <trkpt lat="39.07683800" lon="33.41253279"><ele>957.229</ele><time>2026-09-29T07:57:47Z</time><speed>0.000</speed><sat>37</sat></trkpt>
  <trkpt lat="39.07683799" lon="33.41253276"><ele>957.232</ele><time>2026-09-29T07:57:48Z</time><speed>0.000</speed><sat>37</sat></trkpt>
  <trkpt lat="39.07683799" lon="33.41253273"><ele>957.235</ele><time>2026-09-29T07:57:49Z</time><speed>0.000</speed><sat>37</sat></trkpt>
  <trkpt lat="39.07683798" lon="33.41253269"><ele>957.238</ele><time>2026-09-29T07:57:50Z</time><speed>0.000</speed><sat>37</sat></trkpt>
  <trkpt lat="39.07683797" lon="33.41253266"><ele>957.238</ele><time>2026-09-29T07:57:51Z</time><speed>0.000</speed><sat>35</sat></trkpt>
  <trkpt lat="39.07683796" lon="33.41253263"><ele>957.239</ele><time>2026-09-29T07:57:52Z</time><speed>0.000</speed><sat>36</sat></trkpt>
  <trkpt lat="39.07683794" lon="33.41253259"><ele>957.241</ele><time>2026-09-29T07:57:53Z</time><speed>0.000</speed><sat>36</sat></trkpt>
  <trkpt lat="39.07683792" lon="33.41253256"><ele>957.241</ele><time>2026-09-29T07:57:54Z</time><speed>0.000</speed><sat>36</sat></trkpt>
  <trkpt lat="39.07683790" lon="33.41253251"><ele>957.245</ele><time>2026-09-29T07:57:55Z</time><speed>0.000</speed><sat>36</sat></trkpt>
  <trkpt lat="39.07683788" lon="33.41253248"><ele>957.248</ele><time>2026-09-29T07:57:56Z</time><speed>0.000</speed><sat>36</sat></trkpt>
  <trkpt lat="39.07683787" lon="33.41253245"><ele>957.251</ele><time>2026-09-29T07:57:57Z</time><speed>0.000</speed><sat>38</sat></trkpt>
  <trkpt lat="39.07683786" lon="33.41253244"><ele>957.252</ele><time>2026-09-29T07:57:58Z</time><speed>0.000</speed><sat>38</sat></trkpt>
  <trkpt lat="39.07683271" lon="33.41253722"><ele>957.179</ele><time>2026-09-29T07:57:59Z</time><speed>1.020</speed><sat>38</sat></trkpt>
  <trkpt lat="39.07682969" lon="33.41254103"><ele>957.683</ele><time>2026-09-29T07:58:00Z</time><speed>0.000</speed><sat>39</sat></trkpt>
  <trkpt lat="39.07683760" lon="33.41254502"><ele>959.148</ele><time>2026-09-29T07:58:01Z</time><speed>1.500</speed><sat>38</sat></trkpt>
  <trkpt lat="39.07684555" lon="33.41254483"><ele>958.861</ele><time>2026-09-29T07:58:02Z</time><speed>0.000</speed><sat>38</sat></trkpt>
  <trkpt lat="39.07684685" lon="33.41254203"><ele>958.865</ele><time>2026-09-29T07:58:03Z</time><speed>0.000</speed><sat>39</sat></trkpt>
  <trkpt lat="39.07684752" lon="33.41254058"><ele>958.868</ele><time>2026-09-29T07:58:04Z</time><speed>0.000</speed><sat>39</sat></trkpt>
  <trkpt lat="39.07684719" lon="33.41254184"><ele>959.026</ele><time>2026-09-29T07:58:05Z</time><speed>0.550</speed><sat>39</sat></trkpt>
  <trkpt lat="39.07684031" lon="33.41254391"><ele>959.238</ele><time>2026-09-29T07:58:06Z</time><speed>1.120</speed><sat>39</sat></trkpt>
  <trkpt lat="39.07683267" lon="33.41254603"><ele>959.093</ele><time>2026-09-29T07:58:07Z</time><speed>0.000</speed><sat>37</sat></trkpt>
  <trkpt lat="39.07683265" lon="33.41254766"><ele>959.345</ele><time>2026-09-29T07:58:08Z</time><speed>0.000</speed><sat>35</sat></trkpt>
  <trkpt lat="39.07683255" lon="33.41254830"><ele>959.316</ele><time>2026-09-29T07:58:09Z</time><speed>0.000</speed><sat>38</sat></trkpt>
  <trkpt lat="39.07683249" lon="33.41254863"><ele>959.316</ele><time>2026-09-29T07:58:10Z</time><speed>0.000</speed><sat>38</sat></trkpt>
  <trkpt lat="39.07683245" lon="33.41254880"><ele>959.318</ele><time>2026-09-29T07:58:11Z</time><speed>0.000</speed><sat>38</sat></trkpt>
  <trkpt lat="39.07683242" lon="33.41254888"><ele>959.318</ele><time>2026-09-29T07:58:12Z</time><speed>0.000</speed><sat>37</sat></trkpt>
  <trkpt lat="39.07683240" lon="33.41254893"><ele>959.319</ele><time>2026-09-29T07:58:13Z</time><speed>0.000</speed><sat>37</sat></trkpt>
  <trkpt lat="39.07683238" lon="33.41254896"><ele>959.320</ele><time>2026-09-29T07:58:14Z</time><speed>0.000</speed><sat>36</sat></trkpt>
  <trkpt lat="39.07683236" lon="33.41254898"><ele>959.320</ele><time>2026-09-29T07:58:15Z</time><speed>0.000</speed><sat>34</sat></trkpt>
  <trkpt lat="39.07683233" lon="33.41254900"><ele>959.320</ele><time>2026-09-29T07:58:16Z</time><speed>0.000</speed><sat>33</sat></trkpt>
  <trkpt lat="39.07683230" lon="33.41254903"><ele>959.320</ele><time>2026-09-29T07:58:17Z</time><speed>0.000</speed><sat>33</sat></trkpt>
  <trkpt lat="39.07683227" lon="33.41254902"><ele>959.322</ele><time>2026-09-29T07:58:18Z</time><speed>0.000</speed><sat>33</sat></trkpt>
  <trkpt lat="39.07683223" lon="33.41254898"><ele>959.322</ele><time>2026-09-29T07:58:19Z</time><speed>0.000</speed><sat>38</sat></trkpt>
  <trkpt lat="39.07683222" lon="33.41254897"><ele>959.326</ele><time>2026-09-29T07:58:20Z</time><speed>0.000</speed><sat>38</sat></trkpt>
  <trkpt lat="39.07683220" lon="33.41254897"><ele>959.326</ele><time>2026-09-29T07:58:21Z</time><speed>0.000</speed><sat>39</sat></trkpt>
  <trkpt lat="39.07683219" lon="33.41254898"><ele>959.325</ele><time>2026-09-29T07:58:22Z</time><speed>0.000</speed><sat>39</sat></trkpt>
  <trkpt lat="39.07683223" lon="33.41254981"><ele>959.964</ele><time>2026-09-29T07:58:23Z</time><speed>0.260</speed><sat>39</sat></trkpt>
  <trkpt lat="39.07683286" lon="33.41255052"><ele>959.992</ele><time>2026-09-29T07:58:24Z</time><speed>0.000</speed><sat>39</sat></trkpt>
  <trkpt lat="39.07683375" lon="33.41255076"><ele>959.992</ele><time>2026-09-29T07:58:25Z</time><speed>0.000</speed><sat>38</sat></trkpt>
  <trkpt lat="39.07683421" lon="33.41255089"><ele>959.992</ele><time>2026-09-29T07:58:26Z</time><speed>0.000</speed><sat>36</sat></trkpt>
  <trkpt lat="39.07683437" lon="33.41255091"><ele>959.992</ele><time>2026-09-29T07:58:27Z</time><speed>0.000</speed><sat>35</sat></trkpt>
  <trkpt lat="39.07683321" lon="33.41255161"><ele>959.783</ele><time>2026-09-29T07:58:28Z</time><speed>0.000</speed><sat>37</sat></trkpt>
  <trkpt lat="39.07683228" lon="33.41255169"><ele>959.744</ele><time>2026-09-29T07:58:29Z</time><speed>0.000</speed><sat>38</sat></trkpt>
  <trkpt lat="39.07683181" lon="33.41255177"><ele>959.742</ele><time>2026-09-29T07:58:30Z</time><speed>0.000</speed><sat>37</sat></trkpt>
  <trkpt lat="39.07683158" lon="33.41255184"><ele>959.742</ele><time>2026-09-29T07:58:31Z</time><speed>0.000</speed><sat>38</sat></trkpt>
  <trkpt lat="39.07683145" lon="33.41255185"><ele>959.743</ele><time>2026-09-29T07:58:32Z</time><speed>0.000</speed><sat>39</sat></trkpt>
  <trkpt lat="39.07683137" lon="33.41255186"><ele>959.743</ele><time>2026-09-29T07:58:33Z</time><speed>0.000</speed><sat>38</sat></trkpt>
  <trkpt lat="39.07683134" lon="33.41255187"><ele>959.743</ele><time>2026-09-29T07:58:34Z</time><speed>0.000</speed><sat>38</sat></trkpt>
  <trkpt lat="39.07683191" lon="33.41255060"><ele>959.945</ele><time>2026-09-29T07:58:35Z</time><speed>0.000</speed><sat>39</sat></trkpt>
  <trkpt lat="39.07683579" lon="33.41255137"><ele>960.026</ele><time>2026-09-29T07:58:36Z</time><speed>0.640</speed><sat>39</sat></trkpt>
  <trkpt lat="39.07683763" lon="33.41255117"><ele>960.073</ele><time>2026-09-29T07:58:37Z</time><speed>0.000</speed><sat>39</sat></trkpt>
  <trkpt lat="39.07683713" lon="33.41255075"><ele>960.074</ele><time>2026-09-29T07:58:38Z</time><speed>0.000</speed><sat>38</sat></trkpt>
  <trkpt lat="39.07683688" lon="33.41255056"><ele>960.076</ele><time>2026-09-29T07:58:39Z</time><speed>0.000</speed><sat>37</sat></trkpt>
  <trkpt lat="39.07683675" lon="33.41255045"><ele>960.078</ele><time>2026-09-29T07:58:40Z</time><speed>0.000</speed><sat>38</sat></trkpt>
  <trkpt lat="39.07683668" lon="33.41255042"><ele>960.078</ele><time>2026-09-29T07:58:41Z</time><speed>0.000</speed><sat>37</sat></trkpt>
  <trkpt lat="39.07683665" lon="33.41255041"><ele>960.079</ele><time>2026-09-29T07:58:42Z</time><speed>0.000</speed><sat>37</sat></trkpt>
  <trkpt lat="39.07683663" lon="33.41255042"><ele>960.079</ele><time>2026-09-29T07:58:43Z</time><speed>0.000</speed><sat>37</sat></trkpt>
  <trkpt lat="39.07683662" lon="33.41255042"><ele>960.082</ele><time>2026-09-29T07:58:44Z</time><speed>0.000</speed><sat>37</sat></trkpt>
  <trkpt lat="39.07683661" lon="33.41255045"><ele>960.085</ele><time>2026-09-29T07:58:45Z</time><speed>0.000</speed><sat>36</sat></trkpt>
  <trkpt lat="39.07683661" lon="33.41255047"><ele>960.086</ele><time>2026-09-29T07:58:46Z</time><speed>0.000</speed><sat>35</sat></trkpt>
  <trkpt lat="39.07683660" lon="33.41255048"><ele>960.086</ele><time>2026-09-29T07:58:47Z</time><speed>0.000</speed><sat>33</sat></trkpt>
  <trkpt lat="39.07683660" lon="33.41255049"><ele>960.087</ele><time>2026-09-29T07:58:48Z</time><speed>0.000</speed><sat>32</sat></trkpt>
  <trkpt lat="39.07683659" lon="33.41255049"><ele>960.087</ele><time>2026-09-29T07:58:49Z</time><speed>0.000</speed><sat>32</sat></trkpt>
  <trkpt lat="39.07683649" lon="33.41255084"><ele>960.243</ele><time>2026-09-29T07:58:50Z</time><speed>0.380</speed><sat>33</sat></trkpt>
  <trkpt lat="39.07683568" lon="33.41255082"><ele>960.260</ele><time>2026-09-29T07:58:51Z</time><speed>0.000</speed><sat>33</sat></trkpt>
  <trkpt lat="39.07683450" lon="33.41255041"><ele>960.260</ele><time>2026-09-29T07:58:52Z</time><speed>0.000</speed><sat>34</sat></trkpt>
  <trkpt lat="39.07683387" lon="33.41255018"><ele>960.265</ele><time>2026-09-29T07:58:53Z</time><speed>0.000</speed><sat>33</sat></trkpt>
  <trkpt lat="39.07683355" lon="33.41255004"><ele>960.269</ele><time>2026-09-29T07:58:54Z</time><speed>0.000</speed><sat>36</sat></trkpt>
  <trkpt lat="39.07683336" lon="33.41254991"><ele>960.272</ele><time>2026-09-29T07:58:55Z</time><speed>0.000</speed><sat>36</sat></trkpt>
  <trkpt lat="39.07683327" lon="33.41254982"><ele>960.278</ele><time>2026-09-29T07:58:56Z</time><speed>0.000</speed><sat>36</sat></trkpt>
  <trkpt lat="39.07683319" lon="33.41254973"><ele>960.282</ele><time>2026-09-29T07:58:57Z</time><speed>0.000</speed><sat>36</sat></trkpt>
  <trkpt lat="39.07683312" lon="33.41254960"><ele>960.287</ele><time>2026-09-29T07:58:58Z</time><speed>0.000</speed><sat>36</sat></trkpt>
  <trkpt lat="39.07683307" lon="33.41254946"><ele>960.288</ele><time>2026-09-29T07:58:59Z</time><speed>0.000</speed><sat>36</sat></trkpt>
  <trkpt lat="39.07683303" lon="33.41254935"><ele>960.289</ele><time>2026-09-29T07:59:00Z</time><speed>0.000</speed><sat>36</sat></trkpt>
  <trkpt lat="39.07683302" lon="33.41254927"><ele>960.288</ele><time>2026-09-29T07:59:01Z</time><speed>0.000</speed><sat>36</sat></trkpt>
  <trkpt lat="39.07683301" lon="33.41254922"><ele>960.286</ele><time>2026-09-29T07:59:02Z</time><speed>0.000</speed><sat>36</sat></trkpt>
  <trkpt lat="39.07683301" lon="33.41254919"><ele>960.285</ele><time>2026-09-29T07:59:03Z</time><speed>0.000</speed><sat>36</sat></trkpt>
  <trkpt lat="39.07683300" lon="33.41254917"><ele>960.283</ele><time>2026-09-29T07:59:04Z</time><speed>0.000</speed><sat>36</sat></trkpt>
  <trkpt lat="39.07683298" lon="33.41254916"><ele>960.281</ele><time>2026-09-29T07:59:05Z</time><speed>0.000</speed><sat>36</sat></trkpt>
  <trkpt lat="39.07683298" lon="33.41254916"><ele>960.282</ele><time>2026-09-29T07:59:06Z</time><speed>0.000</speed><sat>34</sat></trkpt>
  <trkpt lat="39.07683296" lon="33.41254917"><ele>960.287</ele><time>2026-09-29T07:59:07Z</time><speed>0.000</speed><sat>31</sat></trkpt>
  <trkpt lat="39.07683295" lon="33.41254918"><ele>960.288</ele><time>2026-09-29T07:59:08Z</time><speed>0.000</speed><sat>33</sat></trkpt>
  <trkpt lat="39.07683294" lon="33.41254917"><ele>960.285</ele><time>2026-09-29T07:59:09Z</time><speed>0.000</speed><sat>33</sat></trkpt>
  <trkpt lat="39.07683294" lon="33.41254917"><ele>960.284</ele><time>2026-09-29T07:59:10Z</time><speed>0.000</speed><sat>33</sat></trkpt>
  <trkpt lat="39.07683292" lon="33.41254918"><ele>960.281</ele><time>2026-09-29T07:59:11Z</time><speed>0.000</speed><sat>33</sat></trkpt>
  <trkpt lat="39.07683291" lon="33.41254918"><ele>960.279</ele><time>2026-09-29T07:59:12Z</time><speed>0.000</speed><sat>33</sat></trkpt>
  <trkpt lat="39.07683288" lon="33.41254918"><ele>960.274</ele><time>2026-09-29T07:59:13Z</time><speed>0.000</speed><sat>34</sat></trkpt>
  <trkpt lat="39.07683288" lon="33.41254920"><ele>960.275</ele><time>2026-09-29T07:59:14Z</time><speed>0.000</speed><sat>34</sat></trkpt>
  <trkpt lat="39.07683287" lon="33.41254923"><ele>960.276</ele><time>2026-09-29T07:59:15Z</time><speed>0.000</speed><sat>34</sat></trkpt>
  <trkpt lat="39.07683287" lon="33.41254924"><ele>960.277</ele><time>2026-09-29T07:59:16Z</time><speed>0.000</speed><sat>34</sat></trkpt>
  <trkpt lat="39.07683286" lon="33.41254926"><ele>960.277</ele><time>2026-09-29T07:59:17Z</time><speed>0.000</speed><sat>34</sat></trkpt>
  <trkpt lat="39.07683284" lon="33.41254927"><ele>960.276</ele><time>2026-09-29T07:59:18Z</time><speed>0.000</speed><sat>34</sat></trkpt>
  <trkpt lat="39.07683283" lon="33.41254928"><ele>960.275</ele><time>2026-09-29T07:59:19Z</time><speed>0.000</speed><sat>34</sat></trkpt>
  <trkpt lat="39.07683282" lon="33.41254931"><ele>960.274</ele><time>2026-09-29T07:59:20Z</time><speed>0.000</speed><sat>34</sat></trkpt>
  <trkpt lat="39.07683281" lon="33.41254935"><ele>960.273</ele><time>2026-09-29T07:59:21Z</time><speed>0.000</speed><sat>33</sat></trkpt>
  <trkpt lat="39.07683280" lon="33.41254939"><ele>960.275</ele><time>2026-09-29T07:59:22Z</time><speed>0.000</speed><sat>34</sat></trkpt>
  <trkpt lat="39.07683278" lon="33.41254942"><ele>960.272</ele><time>2026-09-29T07:59:23Z</time><speed>0.000</speed><sat>33</sat></trkpt>
  <trkpt lat="39.07683276" lon="33.41254945"><ele>960.271</ele><time>2026-09-29T07:59:24Z</time><speed>0.000</speed><sat>33</sat></trkpt>
  <trkpt lat="39.07683275" lon="33.41254947"><ele>960.271</ele><time>2026-09-29T07:59:25Z</time><speed>0.000</speed><sat>33</sat></trkpt>
  <trkpt lat="39.07683275" lon="33.41254948"><ele>960.270</ele><time>2026-09-29T07:59:26Z</time><speed>0.000</speed><sat>32</sat></trkpt>
  <trkpt lat="39.07683274" lon="33.41254949"><ele>960.270</ele><time>2026-09-29T07:59:27Z</time><speed>0.000</speed><sat>31</sat></trkpt>
  <trkpt lat="39.07683274" lon="33.41254950"><ele>960.269</ele><time>2026-09-29T07:59:28Z</time><speed>0.000</speed><sat>30</sat></trkpt>
  <trkpt lat="39.07683272" lon="33.41254951"><ele>960.267</ele><time>2026-09-29T07:59:29Z</time><speed>0.000</speed><sat>29</sat></trkpt>
  <trkpt lat="39.07683272" lon="33.41254951"><ele>960.267</ele><time>2026-09-29T07:59:30Z</time><speed>0.000</speed><sat>30</sat></trkpt>
  <trkpt lat="39.07683271" lon="33.41254949"><ele>960.265</ele><time>2026-09-29T07:59:31Z</time><speed>0.000</speed><sat>30</sat></trkpt>
  <trkpt lat="39.07683270" lon="33.41254948"><ele>960.266</ele><time>2026-09-29T07:59:32Z</time><speed>0.000</speed><sat>30</sat></trkpt>
  <trkpt lat="39.07683269" lon="33.41254947"><ele>960.264</ele><time>2026-09-29T07:59:33Z</time><speed>0.000</speed><sat>30</sat></trkpt>
  <trkpt lat="39.07683269" lon="33.41254947"><ele>960.264</ele><time>2026-09-29T07:59:34Z</time><speed>0.000</speed><sat>30</sat></trkpt>
  <trkpt lat="39.07683269" lon="33.41254947"><ele>960.265</ele><time>2026-09-29T07:59:35Z</time><speed>0.000</speed><sat>29</sat></trkpt>
  <trkpt lat="39.07683268" lon="33.41254946"><ele>960.263</ele><time>2026-09-29T07:59:36Z</time><speed>0.000</speed><sat>29</sat></trkpt>
  <trkpt lat="39.07683268" lon="33.41254946"><ele>960.263</ele><time>2026-09-29T07:59:37Z</time><speed>0.000</speed><sat>27</sat></trkpt>
  <trkpt lat="39.07683268" lon="33.41254945"><ele>960.262</ele><time>2026-09-29T07:59:38Z</time><speed>0.000</speed><sat>28</sat></trkpt>
  <trkpt lat="39.07683268" lon="33.41254943"><ele>960.260</ele><time>2026-09-29T07:59:39Z</time><speed>0.000</speed><sat>29</sat></trkpt>
  <trkpt lat="39.07683268" lon="33.41254942"><ele>960.259</ele><time>2026-09-29T07:59:40Z</time><speed>0.000</speed><sat>29</sat></trkpt>
  <trkpt lat="39.07683268" lon="33.41254941"><ele>960.258</ele><time>2026-09-29T07:59:41Z</time><speed>0.000</speed><sat>28</sat></trkpt>
  <trkpt lat="39.07683268" lon="33.41254940"><ele>960.256</ele><time>2026-09-29T07:59:42Z</time><speed>0.000</speed><sat>28</sat></trkpt>
  <trkpt lat="39.07683269" lon="33.41254939"><ele>960.256</ele><time>2026-09-29T07:59:43Z</time><speed>0.000</speed><sat>27</sat></trkpt>
  <trkpt lat="39.07683268" lon="33.41254937"><ele>960.254</ele><time>2026-09-29T07:59:44Z</time><speed>0.000</speed><sat>29</sat></trkpt>
  <trkpt lat="39.07683268" lon="33.41254932"><ele>960.250</ele><time>2026-09-29T07:59:45Z</time><speed>0.000</speed><sat>31</sat></trkpt>
  <trkpt lat="39.07683267" lon="33.41254926"><ele>960.248</ele><time>2026-09-29T07:59:46Z</time><speed>0.000</speed><sat>31</sat></trkpt>
  <trkpt lat="39.07683264" lon="33.41254920"><ele>960.243</ele><time>2026-09-29T07:59:47Z</time><speed>0.000</speed><sat>33</sat></trkpt>
  <trkpt lat="39.07683260" lon="33.41254914"><ele>960.236</ele><time>2026-09-29T07:59:48Z</time><speed>0.000</speed><sat>33</sat></trkpt>
  <trkpt lat="39.07683258" lon="33.41254911"><ele>960.236</ele><time>2026-09-29T07:59:49Z</time><speed>0.000</speed><sat>34</sat></trkpt>
  <trkpt lat="39.07683257" lon="33.41254909"><ele>960.235</ele><time>2026-09-29T07:59:50Z</time><speed>0.000</speed><sat>34</sat></trkpt>
  <trkpt lat="39.07683256" lon="33.41254908"><ele>960.233</ele><time>2026-09-29T07:59:51Z</time><speed>0.000</speed><sat>34</sat></trkpt>
  <trkpt lat="39.07683255" lon="33.41254907"><ele>960.231</ele><time>2026-09-29T07:59:52Z</time><speed>0.000</speed><sat>34</sat></trkpt>
  <trkpt lat="39.07683255" lon="33.41254905"><ele>960.231</ele><time>2026-09-29T07:59:53Z</time><speed>0.000</speed><sat>35</sat></trkpt>
  <trkpt lat="39.07683254" lon="33.41254904"><ele>960.229</ele><time>2026-09-29T07:59:54Z</time><speed>0.000</speed><sat>34</sat></trkpt>
  <trkpt lat="39.07683254" lon="33.41254903"><ele>960.229</ele><time>2026-09-29T07:59:55Z</time><speed>0.000</speed><sat>31</sat></trkpt>
  <trkpt lat="39.07683254" lon="33.41254902"><ele>960.227</ele><time>2026-09-29T07:59:56Z</time><speed>0.000</speed><sat>31</sat></trkpt>
  <trkpt lat="39.07683254" lon="33.41254901"><ele>960.223</ele><time>2026-09-29T07:59:57Z</time><speed>0.000</speed><sat>31</sat></trkpt>
  <trkpt lat="39.07683254" lon="33.41254900"><ele>960.224</ele><time>2026-09-29T07:59:58Z</time><speed>0.000</speed><sat>32</sat></trkpt>
  <trkpt lat="39.07683255" lon="33.41254898"><ele>960.226</ele><time>2026-09-29T07:59:59Z</time><speed>0.000</speed><sat>31</sat></trkpt>
  <trkpt lat="39.07683256" lon="33.41254896"><ele>960.226</ele><time>2026-09-29T08:00:00Z</time><speed>0.000</speed><sat>31</sat></trkpt>
  <trkpt lat="39.07683257" lon="33.41254894"><ele>960.226</ele><time>2026-09-29T08:00:01Z</time><speed>0.000</speed><sat>31</sat></trkpt>
  <trkpt lat="39.07683257" lon="33.41254893"><ele>960.225</ele><time>2026-09-29T08:00:02Z</time><speed>0.000</speed><sat>31</sat></trkpt>
  <trkpt lat="39.07683256" lon="33.41254888"><ele>960.224</ele><time>2026-09-29T08:00:03Z</time><speed>0.000</speed><sat>31</sat></trkpt>
  <trkpt lat="39.07683255" lon="33.41254885"><ele>960.223</ele><time>2026-09-29T08:00:04Z</time><speed>0.000</speed><sat>33</sat></trkpt>
  <trkpt lat="39.07683255" lon="33.41254884"><ele>960.223</ele><time>2026-09-29T08:00:05Z</time><speed>0.000</speed><sat>33</sat></trkpt>
  <trkpt lat="39.07683254" lon="33.41254883"><ele>960.223</ele><time>2026-09-29T08:00:06Z</time><speed>0.000</speed><sat>33</sat></trkpt>
  <trkpt lat="39.07683254" lon="33.41254882"><ele>960.221</ele><time>2026-09-29T08:00:07Z</time><speed>0.000</speed><sat>33</sat></trkpt>
  <trkpt lat="39.07683254" lon="33.41254882"><ele>960.219</ele><time>2026-09-29T08:00:08Z</time><speed>0.000</speed><sat>33</sat></trkpt>
  <trkpt lat="39.07683254" lon="33.41254881"><ele>960.218</ele><time>2026-09-29T08:00:09Z</time><speed>0.000</speed><sat>33</sat></trkpt>
  <trkpt lat="39.07683252" lon="33.41254877"><ele>960.213</ele><time>2026-09-29T08:00:10Z</time><speed>0.000</speed><sat>31</sat></trkpt>
  <trkpt lat="39.07683252" lon="33.41254873"><ele>960.213</ele><time>2026-09-29T08:00:11Z</time><speed>0.000</speed><sat>34</sat></trkpt>
  <trkpt lat="39.07683251" lon="33.41254870"><ele>960.211</ele><time>2026-09-29T08:00:12Z</time><speed>0.000</speed><sat>34</sat></trkpt>
  <trkpt lat="39.07683252" lon="33.41254868"><ele>960.211</ele><time>2026-09-29T08:00:13Z</time><speed>0.000</speed><sat>34</sat></trkpt>
  <trkpt lat="39.07683252" lon="33.41254867"><ele>960.210</ele><time>2026-09-29T08:00:14Z</time><speed>0.000</speed><sat>35</sat></trkpt>
  <trkpt lat="39.07683252" lon="33.41254866"><ele>960.209</ele><time>2026-09-29T08:00:15Z</time><speed>0.000</speed><sat>35</sat></trkpt>
  <trkpt lat="39.07683252" lon="33.41254866"><ele>960.209</ele><time>2026-09-29T08:00:16Z</time><speed>0.000</speed><sat>35</sat></trkpt>
  <trkpt lat="39.07683252" lon="33.41254866"><ele>960.207</ele><time>2026-09-29T08:00:17Z</time><speed>0.000</speed><sat>33</sat></trkpt>
  <trkpt lat="39.07683251" lon="33.41254867"><ele>960.206</ele><time>2026-09-29T08:00:18Z</time><speed>0.000</speed><sat>34</sat></trkpt>
  <trkpt lat="39.07683252" lon="33.41254867"><ele>960.207</ele><time>2026-09-29T08:00:19Z</time><speed>0.000</speed><sat>33</sat></trkpt>
  <trkpt lat="39.07683251" lon="33.41254867"><ele>960.206</ele><time>2026-09-29T08:00:20Z</time><speed>0.000</speed><sat>32</sat></trkpt>
  <trkpt lat="39.07683251" lon="33.41254867"><ele>960.203</ele><time>2026-09-29T08:00:21Z</time><speed>0.000</speed><sat>32</sat></trkpt>
  <trkpt lat="39.07683251" lon="33.41254866"><ele>960.202</ele><time>2026-09-29T08:00:22Z</time><speed>0.000</speed><sat>33</sat></trkpt>
  <trkpt lat="39.07683251" lon="33.41254864"><ele>960.200</ele><time>2026-09-29T08:00:23Z</time><speed>0.000</speed><sat>33</sat></trkpt>
  <trkpt lat="39.07683252" lon="33.41254862"><ele>960.200</ele><time>2026-09-29T08:00:24Z</time><speed>0.000</speed><sat>31</sat></trkpt>
  <trkpt lat="39.07683252" lon="33.41254860"><ele>960.198</ele><time>2026-09-29T08:00:25Z</time><speed>0.000</speed><sat>32</sat></trkpt>
  <trkpt lat="39.07683253" lon="33.41254859"><ele>960.197</ele><time>2026-09-29T08:00:26Z</time><speed>0.000</speed><sat>32</sat></trkpt>
  <trkpt lat="39.07683253" lon="33.41254857"><ele>960.193</ele><time>2026-09-29T08:00:27Z</time><speed>0.000</speed><sat>33</sat></trkpt>
  <trkpt lat="39.07683253" lon="33.41254855"><ele>960.193</ele><time>2026-09-29T08:00:28Z</time><speed>0.000</speed><sat>33</sat></trkpt>
  <trkpt lat="39.07683253" lon="33.41254855"><ele>960.191</ele><time>2026-09-29T08:00:29Z</time><speed>0.000</speed><sat>34</sat></trkpt>
  <trkpt lat="39.07683253" lon="33.41254854"><ele>960.192</ele><time>2026-09-29T08:00:30Z</time><speed>0.000</speed><sat>34</sat></trkpt>
  <trkpt lat="39.07683253" lon="33.41254854"><ele>960.191</ele><time>2026-09-29T08:00:31Z</time><speed>0.000</speed><sat>33</sat></trkpt>
  <trkpt lat="39.07683254" lon="33.41254853"><ele>960.193</ele><time>2026-09-29T08:00:32Z</time><speed>0.000</speed><sat>33</sat></trkpt>
  <trkpt lat="39.07683254" lon="33.41254852"><ele>960.193</ele><time>2026-09-29T08:00:33Z</time><speed>0.000</speed><sat>31</sat></trkpt>
  <trkpt lat="39.07683255" lon="33.41254852"><ele>960.195</ele><time>2026-09-29T08:00:34Z</time><speed>0.000</speed><sat>31</sat></trkpt>
  <trkpt lat="39.07683255" lon="33.41254852"><ele>960.194</ele><time>2026-09-29T08:00:35Z</time><speed>0.000</speed><sat>32</sat></trkpt>
  <trkpt lat="39.07683255" lon="33.41254852"><ele>960.195</ele><time>2026-09-29T08:00:36Z</time><speed>0.000</speed><sat>32</sat></trkpt>
  <trkpt lat="39.07683256" lon="33.41254853"><ele>960.197</ele><time>2026-09-29T08:00:37Z</time><speed>0.000</speed><sat>32</sat></trkpt>
  <trkpt lat="39.07683256" lon="33.41254854"><ele>960.196</ele><time>2026-09-29T08:00:38Z</time><speed>0.000</speed><sat>34</sat></trkpt>
  <trkpt lat="39.07683256" lon="33.41254853"><ele>960.197</ele><time>2026-09-29T08:00:39Z</time><speed>0.000</speed><sat>34</sat></trkpt>
  <trkpt lat="39.07683256" lon="33.41254854"><ele>960.197</ele><time>2026-09-29T08:00:40Z</time><speed>0.000</speed><sat>34</sat></trkpt>
  <trkpt lat="39.07683256" lon="33.41254854"><ele>960.197</ele><time>2026-09-29T08:00:41Z</time><speed>0.000</speed><sat>34</sat></trkpt>
  <trkpt lat="39.07683256" lon="33.41254854"><ele>960.197</ele><time>2026-09-29T08:00:42Z</time><speed>0.000</speed><sat>34</sat></trkpt>
  <trkpt lat="39.07683256" lon="33.41254855"><ele>960.196</ele><time>2026-09-29T08:00:43Z</time><speed>0.000</speed><sat>34</sat></trkpt>
  <trkpt lat="39.07683255" lon="33.41254856"><ele>960.196</ele><time>2026-09-29T08:00:44Z</time><speed>0.000</speed><sat>31</sat></trkpt>
  <trkpt lat="39.07683255" lon="33.41254856"><ele>960.196</ele><time>2026-09-29T08:00:45Z</time><speed>0.000</speed><sat>31</sat></trkpt>
  <trkpt lat="39.07683255" lon="33.41254856"><ele>960.196</ele><time>2026-09-29T08:00:46Z</time><speed>0.000</speed><sat>32</sat></trkpt>
  <trkpt lat="39.07683255" lon="33.41254855"><ele>960.196</ele><time>2026-09-29T08:00:47Z</time><speed>0.000</speed><sat>32</sat></trkpt>
  <trkpt lat="39.07683256" lon="33.41254854"><ele>960.197</ele><time>2026-09-29T08:00:48Z</time><speed>0.000</speed><sat>32</sat></trkpt>
  <trkpt lat="39.07683255" lon="33.41254853"><ele>960.203</ele><time>2026-09-29T08:00:49Z</time><speed>0.000</speed><sat>32</sat></trkpt>
  <trkpt lat="39.07683255" lon="33.41254853"><ele>960.204</ele><time>2026-09-29T08:00:50Z</time><speed>0.000</speed><sat>35</sat></trkpt>
  <trkpt lat="39.07683255" lon="33.41254853"><ele>960.204</ele><time>2026-09-29T08:00:51Z</time><speed>0.000</speed><sat>35</sat></trkpt>
  <trkpt lat="39.07683255" lon="33.41254852"><ele>960.204</ele><time>2026-09-29T08:00:52Z</time><speed>0.000</speed><sat>35</sat></trkpt>
  <trkpt lat="39.07683255" lon="33.41254852"><ele>960.204</ele><time>2026-09-29T08:00:53Z</time><speed>0.000</speed><sat>35</sat></trkpt>
  <trkpt lat="39.07683255" lon="33.41254852"><ele>960.204</ele><time>2026-09-29T08:00:54Z</time><speed>0.000</speed><sat>35</sat></trkpt>
  <trkpt lat="39.07683256" lon="33.41254851"><ele>960.204</ele><time>2026-09-29T08:00:55Z</time><speed>0.000</speed><sat>35</sat></trkpt>
  <trkpt lat="39.07683255" lon="33.41254851"><ele>960.203</ele><time>2026-09-29T08:00:56Z</time><speed>0.000</speed><sat>33</sat></trkpt>
  <trkpt lat="39.07683255" lon="33.41254853"><ele>960.202</ele><time>2026-09-29T08:00:57Z</time><speed>0.000</speed><sat>32</sat></trkpt>
  <trkpt lat="39.07683254" lon="33.41254854"><ele>960.203</ele><time>2026-09-29T08:00:58Z</time><speed>0.000</speed><sat>31</sat></trkpt>
  <trkpt lat="39.07683252" lon="33.41254855"><ele>960.202</ele><time>2026-09-29T08:00:59Z</time><speed>0.000</speed><sat>32</sat></trkpt>
  <trkpt lat="39.07683251" lon="33.41254856"><ele>960.201</ele><time>2026-09-29T08:01:00Z</time><speed>0.000</speed><sat>32</sat></trkpt>
  <trkpt lat="39.07683249" lon="33.41254858"><ele>960.199</ele><time>2026-09-29T08:01:01Z</time><speed>0.000</speed><sat>32</sat></trkpt>
  <trkpt lat="39.07683247" lon="33.41254859"><ele>960.199</ele><time>2026-09-29T08:01:02Z</time><speed>0.000</speed><sat>32</sat></trkpt>
  <trkpt lat="39.07683245" lon="33.41254862"><ele>960.199</ele><time>2026-09-29T08:01:03Z</time><speed>0.000</speed><sat>33</sat></trkpt>
  <trkpt lat="39.07683243" lon="33.41254864"><ele>960.196</ele><time>2026-09-29T08:01:04Z</time><speed>0.000</speed><sat>34</sat></trkpt>
  <trkpt lat="39.07683242" lon="33.41254866"><ele>960.195</ele><time>2026-09-29T08:01:05Z</time><speed>0.000</speed><sat>35</sat></trkpt>
  <trkpt lat="39.07683240" lon="33.41254869"><ele>960.193</ele><time>2026-09-29T08:01:06Z</time><speed>0.000</speed><sat>35</sat></trkpt>
  <trkpt lat="39.07683238" lon="33.41254871"><ele>960.192</ele><time>2026-09-29T08:01:07Z</time><speed>0.000</speed><sat>35</sat></trkpt>
  <trkpt lat="39.07683236" lon="33.41254874"><ele>960.191</ele><time>2026-09-29T08:01:08Z</time><speed>0.000</speed><sat>35</sat></trkpt>
  <trkpt lat="39.07683233" lon="33.41254875"><ele>960.189</ele><time>2026-09-29T08:01:09Z</time><speed>0.000</speed><sat>35</sat></trkpt>
  <trkpt lat="39.07683232" lon="33.41254875"><ele>960.191</ele><time>2026-09-29T08:01:10Z</time><speed>0.000</speed><sat>34</sat></trkpt>
  <trkpt lat="39.07683231" lon="33.41254874"><ele>960.188</ele><time>2026-09-29T08:01:11Z</time><speed>0.000</speed><sat>33</sat></trkpt>
  <trkpt lat="39.07683230" lon="33.41254873"><ele>960.188</ele><time>2026-09-29T08:01:12Z</time><speed>0.000</speed><sat>34</sat></trkpt>
  <trkpt lat="39.07683228" lon="33.41254871"><ele>960.184</ele><time>2026-09-29T08:01:13Z</time><speed>0.000</speed><sat>34</sat></trkpt>
  <trkpt lat="39.07683226" lon="33.41254870"><ele>960.180</ele><time>2026-09-29T08:01:14Z</time><speed>0.000</speed><sat>34</sat></trkpt>
  <trkpt lat="39.07683223" lon="33.41254868"><ele>960.175</ele><time>2026-09-29T08:01:15Z</time><speed>0.000</speed><sat>33</sat></trkpt>
  <trkpt lat="39.07683221" lon="33.41254866"><ele>960.172</ele><time>2026-09-29T08:01:16Z</time><speed>0.000</speed><sat>33</sat></trkpt>
  <trkpt lat="39.07683220" lon="33.41254865"><ele>960.172</ele><time>2026-09-29T08:01:17Z</time><speed>0.000</speed><sat>34</sat></trkpt>
  <trkpt lat="39.07683218" lon="33.41254863"><ele>960.169</ele><time>2026-09-29T08:01:18Z</time><speed>0.000</speed><sat>33</sat></trkpt>
  <trkpt lat="39.07683216" lon="33.41254864"><ele>960.167</ele><time>2026-09-29T08:01:19Z</time><speed>0.000</speed><sat>33</sat></trkpt>
  <trkpt lat="39.07683214" lon="33.41254866"><ele>960.167</ele><time>2026-09-29T08:01:20Z</time><speed>0.000</speed><sat>33</sat></trkpt>
  <trkpt lat="39.07683211" lon="33.41254868"><ele>960.167</ele><time>2026-09-29T08:01:21Z</time><speed>0.000</speed><sat>33</sat></trkpt>
  <trkpt lat="39.07683209" lon="33.41254871"><ele>960.164</ele><time>2026-09-29T08:01:22Z</time><speed>0.000</speed><sat>33</sat></trkpt>
  <trkpt lat="39.07683206" lon="33.41254873"><ele>960.163</ele><time>2026-09-29T08:01:23Z</time><speed>0.000</speed><sat>33</sat></trkpt>
  <trkpt lat="39.07683203" lon="33.41254874"><ele>960.158</ele><time>2026-09-29T08:01:24Z</time><speed>0.000</speed><sat>33</sat></trkpt>
  <trkpt lat="39.07683201" lon="33.41254873"><ele>960.156</ele><time>2026-09-29T08:01:25Z</time><speed>0.000</speed><sat>33</sat></trkpt>
  <trkpt lat="39.07683199" lon="33.41254873"><ele>960.157</ele><time>2026-09-29T08:01:26Z</time><speed>0.000</speed><sat>33</sat></trkpt>
  <trkpt lat="39.07683197" lon="33.41254874"><ele>960.155</ele><time>2026-09-29T08:01:27Z</time><speed>0.000</speed><sat>33</sat></trkpt>
  <trkpt lat="39.07683195" lon="33.41254873"><ele>960.154</ele><time>2026-09-29T08:01:28Z</time><speed>0.000</speed><sat>33</sat></trkpt>
  <trkpt lat="39.07683194" lon="33.41254874"><ele>960.153</ele><time>2026-09-29T08:01:29Z</time><speed>0.000</speed><sat>33</sat></trkpt>
  <trkpt lat="39.07683193" lon="33.41254875"><ele>960.155</ele><time>2026-09-29T08:01:30Z</time><speed>0.000</speed><sat>33</sat></trkpt>
  <trkpt lat="39.07683192" lon="33.41254876"><ele>960.154</ele><time>2026-09-29T08:01:31Z</time><speed>0.000</speed><sat>33</sat></trkpt>
  <trkpt lat="39.07683191" lon="33.41254876"><ele>960.155</ele><time>2026-09-29T08:01:32Z</time><speed>0.000</speed><sat>33</sat></trkpt>
  <trkpt lat="39.07683190" lon="33.41254876"><ele>960.154</ele><time>2026-09-29T08:01:33Z</time><speed>0.000</speed><sat>34</sat></trkpt>
  <trkpt lat="39.07683189" lon="33.41254877"><ele>960.153</ele><time>2026-09-29T08:01:34Z</time><speed>0.000</speed><sat>34</sat></trkpt>
  <trkpt lat="39.07683187" lon="33.41254878"><ele>960.151</ele><time>2026-09-29T08:01:35Z</time><speed>0.000</speed><sat>34</sat></trkpt>
  <trkpt lat="39.07683186" lon="33.41254879"><ele>960.152</ele><time>2026-09-29T08:01:36Z</time><speed>0.000</speed><sat>34</sat></trkpt>
  <trkpt lat="39.07683186" lon="33.41254878"><ele>960.152</ele><time>2026-09-29T08:01:37Z</time><speed>0.000</speed><sat>34</sat></trkpt>
  <trkpt lat="39.07683185" lon="33.41254878"><ele>960.151</ele><time>2026-09-29T08:01:38Z</time><speed>0.000</speed><sat>34</sat></trkpt>
  <trkpt lat="39.07683184" lon="33.41254878"><ele>960.151</ele><time>2026-09-29T08:01:39Z</time><speed>0.000</speed><sat>34</sat></trkpt>
  <trkpt lat="39.07683183" lon="33.41254879"><ele>960.151</ele><time>2026-09-29T08:01:40Z</time><speed>0.000</speed><sat>34</sat></trkpt>
  <trkpt lat="39.07683182" lon="33.41254879"><ele>960.152</ele><time>2026-09-29T08:01:41Z</time><speed>0.000</speed><sat>34</sat></trkpt>
  <trkpt lat="39.07683182" lon="33.41254879"><ele>960.151</ele><time>2026-09-29T08:01:42Z</time><speed>0.000</speed><sat>34</sat></trkpt>
  <trkpt lat="39.07683181" lon="33.41254880"><ele>960.151</ele><time>2026-09-29T08:01:43Z</time><speed>0.000</speed><sat>34</sat></trkpt>
  <trkpt lat="39.07683180" lon="33.41254881"><ele>960.151</ele><time>2026-09-29T08:01:44Z</time><speed>0.000</speed><sat>34</sat></trkpt>
  <trkpt lat="39.07683180" lon="33.41254882"><ele>960.152</ele><time>2026-09-29T08:01:45Z</time><speed>0.000</speed><sat>34</sat></trkpt>
  <trkpt lat="39.07683179" lon="33.41254881"><ele>960.150</ele><time>2026-09-29T08:01:46Z</time><speed>0.000</speed><sat>34</sat></trkpt>
  <trkpt lat="39.07683179" lon="33.41254880"><ele>960.149</ele><time>2026-09-29T08:01:47Z</time><speed>0.000</speed><sat>34</sat></trkpt>
  <trkpt lat="39.07683179" lon="33.41254880"><ele>960.150</ele><time>2026-09-29T08:01:48Z</time><speed>0.000</speed><sat>33</sat></trkpt>
  <trkpt lat="39.07683178" lon="33.41254880"><ele>960.150</ele><time>2026-09-29T08:01:49Z</time><speed>0.000</speed><sat>33</sat></trkpt>
  <trkpt lat="39.07683178" lon="33.41254878"><ele>960.147</ele><time>2026-09-29T08:01:50Z</time><speed>0.000</speed><sat>34</sat></trkpt>
  <trkpt lat="39.07683176" lon="33.41254875"><ele>960.144</ele><time>2026-09-29T08:01:51Z</time><speed>0.000</speed><sat>34</sat></trkpt>
  <trkpt lat="39.07683176" lon="33.41254874"><ele>960.144</ele><time>2026-09-29T08:01:52Z</time><speed>0.000</speed><sat>34</sat></trkpt>
  <trkpt lat="39.07683175" lon="33.41254873"><ele>960.143</ele><time>2026-09-29T08:01:53Z</time><speed>0.000</speed><sat>34</sat></trkpt>
  <trkpt lat="39.07683174" lon="33.41254873"><ele>960.143</ele><time>2026-09-29T08:01:54Z</time><speed>0.000</speed><sat>35</sat></trkpt>
  <trkpt lat="39.07683174" lon="33.41254873"><ele>960.140</ele><time>2026-09-29T08:01:55Z</time><speed>0.000</speed><sat>35</sat></trkpt>
  <trkpt lat="39.07683173" lon="33.41254872"><ele>960.138</ele><time>2026-09-29T08:01:56Z</time><speed>0.000</speed><sat>35</sat></trkpt>
  <trkpt lat="39.07683173" lon="33.41254872"><ele>960.138</ele><time>2026-09-29T08:01:57Z</time><speed>0.000</speed><sat>35</sat></trkpt>
  <trkpt lat="39.07683173" lon="33.41254869"><ele>960.137</ele><time>2026-09-29T08:01:58Z</time><speed>0.000</speed><sat>35</sat></trkpt>
  <trkpt lat="39.07683173" lon="33.41254868"><ele>960.136</ele><time>2026-09-29T08:01:59Z</time><speed>0.000</speed><sat>35</sat></trkpt>
  <trkpt lat="39.07683174" lon="33.41254867"><ele>960.135</ele><time>2026-09-29T08:02:00Z</time><speed>0.000</speed><sat>34</sat></trkpt>
  <trkpt lat="39.07683176" lon="33.41254867"><ele>960.136</ele><time>2026-09-29T08:02:01Z</time><speed>0.000</speed><sat>34</sat></trkpt>
  <trkpt lat="39.07683176" lon="33.41254866"><ele>960.134</ele><time>2026-09-29T08:02:02Z</time><speed>0.000</speed><sat>35</sat></trkpt>
  <trkpt lat="39.07683177" lon="33.41254864"><ele>960.135</ele><time>2026-09-29T08:02:03Z</time><speed>0.000</speed><sat>35</sat></trkpt>
  <trkpt lat="39.07683176" lon="33.41254862"><ele>960.134</ele><time>2026-09-29T08:02:04Z</time><speed>0.000</speed><sat>32</sat></trkpt>
  <trkpt lat="39.07683175" lon="33.41254861"><ele>960.131</ele><time>2026-09-29T08:02:05Z</time><speed>0.000</speed><sat>35</sat></trkpt>
  <trkpt lat="39.07683173" lon="33.41254860"><ele>960.130</ele><time>2026-09-29T08:02:06Z</time><speed>0.000</speed><sat>35</sat></trkpt>
  <trkpt lat="39.07683171" lon="33.41254858"><ele>960.128</ele><time>2026-09-29T08:02:07Z</time><speed>0.000</speed><sat>35</sat></trkpt>
  <trkpt lat="39.07683170" lon="33.41254857"><ele>960.128</ele><time>2026-09-29T08:02:08Z</time><speed>0.000</speed><sat>33</sat></trkpt>
  <trkpt lat="39.07683169" lon="33.41254857"><ele>960.126</ele><time>2026-09-29T08:02:09Z</time><speed>0.000</speed><sat>34</sat></trkpt>
  <trkpt lat="39.07683170" lon="33.41254858"><ele>960.127</ele><time>2026-09-29T08:02:10Z</time><speed>0.000</speed><sat>34</sat></trkpt>
  <trkpt lat="39.07683171" lon="33.41254859"><ele>960.127</ele><time>2026-09-29T08:02:11Z</time><speed>0.000</speed><sat>33</sat></trkpt>
  <trkpt lat="39.07683171" lon="33.41254861"><ele>960.127</ele><time>2026-09-29T08:02:12Z</time><speed>0.000</speed><sat>33</sat></trkpt>
  <trkpt lat="39.07683172" lon="33.41254862"><ele>960.126</ele><time>2026-09-29T08:02:13Z</time><speed>0.000</speed><sat>33</sat></trkpt>
  <trkpt lat="39.07683172" lon="33.41254863"><ele>960.126</ele><time>2026-09-29T08:02:14Z</time><speed>0.000</speed><sat>34</sat></trkpt>
  <trkpt lat="39.07683171" lon="33.41254863"><ele>960.124</ele><time>2026-09-29T08:02:15Z</time><speed>0.000</speed><sat>34</sat></trkpt>
  <trkpt lat="39.07683171" lon="33.41254863"><ele>960.121</ele><time>2026-09-29T08:02:16Z</time><speed>0.000</speed><sat>34</sat></trkpt>
  <trkpt lat="39.07683169" lon="33.41254861"><ele>960.120</ele><time>2026-09-29T08:02:17Z</time><speed>0.000</speed><sat>33</sat></trkpt>
  <trkpt lat="39.07683168" lon="33.41254859"><ele>960.119</ele><time>2026-09-29T08:02:18Z</time><speed>0.000</speed><sat>33</sat></trkpt>
  <trkpt lat="39.07683168" lon="33.41254857"><ele>960.121</ele><time>2026-09-29T08:02:19Z</time><speed>0.000</speed><sat>33</sat></trkpt>
  <trkpt lat="39.07683168" lon="33.41254856"><ele>960.120</ele><time>2026-09-29T08:02:20Z</time><speed>0.000</speed><sat>32</sat></trkpt>
  <trkpt lat="39.07683168" lon="33.41254856"><ele>960.119</ele><time>2026-09-29T08:02:21Z</time><speed>0.000</speed><sat>32</sat></trkpt>
  <trkpt lat="39.07683167" lon="33.41254856"><ele>960.118</ele><time>2026-09-29T08:02:22Z</time><speed>0.000</speed><sat>32</sat></trkpt>
  <trkpt lat="39.07683167" lon="33.41254857"><ele>960.117</ele><time>2026-09-29T08:02:23Z</time><speed>0.000</speed><sat>32</sat></trkpt>
  <trkpt lat="39.07683167" lon="33.41254858"><ele>960.118</ele><time>2026-09-29T08:02:24Z</time><speed>0.000</speed><sat>33</sat></trkpt>
  <trkpt lat="39.07683167" lon="33.41254858"><ele>960.116</ele><time>2026-09-29T08:02:25Z</time><speed>0.000</speed><sat>32</sat></trkpt>
  <trkpt lat="39.07683166" lon="33.41254858"><ele>960.115</ele><time>2026-09-29T08:02:26Z</time><speed>0.000</speed><sat>32</sat></trkpt>
  <trkpt lat="39.07683166" lon="33.41254858"><ele>960.114</ele><time>2026-09-29T08:02:27Z</time><speed>0.000</speed><sat>32</sat></trkpt>
  <trkpt lat="39.07683087" lon="33.41254948"><ele>959.687</ele><time>2026-09-29T08:02:28Z</time><speed>0.000</speed><sat>37</sat></trkpt>
  <trkpt lat="39.07683045" lon="33.41254993"><ele>960.439</ele><time>2026-09-29T08:02:29Z</time><speed>0.000</speed><sat>37</sat></trkpt>
  <trkpt lat="39.07682895" lon="33.41255287"><ele>959.762</ele><time>2026-09-29T08:02:30Z</time><speed>0.400</speed><sat>38</sat></trkpt>
  <trkpt lat="39.07682818" lon="33.41255644"><ele>959.740</ele><time>2026-09-29T08:02:31Z</time><speed>0.000</speed><sat>39</sat></trkpt>
  <trkpt lat="39.07682862" lon="33.41255804"><ele>959.734</ele><time>2026-09-29T08:02:32Z</time><speed>0.000</speed><sat>39</sat></trkpt>
  <trkpt lat="39.07682885" lon="33.41255901"><ele>959.724</ele><time>2026-09-29T08:02:33Z</time><speed>0.000</speed><sat>39</sat></trkpt>
  <trkpt lat="39.07682895" lon="33.41255960"><ele>959.721</ele><time>2026-09-29T08:02:34Z</time><speed>0.000</speed><sat>39</sat></trkpt>
  <trkpt lat="39.07682896" lon="33.41255996"><ele>959.728</ele><time>2026-09-29T08:02:35Z</time><speed>0.000</speed><sat>39</sat></trkpt>
  <trkpt lat="39.07682893" lon="33.41256020"><ele>959.731</ele><time>2026-09-29T08:02:36Z</time><speed>0.000</speed><sat>39</sat></trkpt>
  <trkpt lat="39.07682887" lon="33.41256035"><ele>959.732</ele><time>2026-09-29T08:02:37Z</time><speed>0.000</speed><sat>38</sat></trkpt>
  <trkpt lat="39.07682881" lon="33.41256046"><ele>959.732</ele><time>2026-09-29T08:02:38Z</time><speed>0.000</speed><sat>38</sat></trkpt>
  <trkpt lat="39.07682876" lon="33.41256053"><ele>959.741</ele><time>2026-09-29T08:02:39Z</time><speed>0.000</speed><sat>38</sat></trkpt>
  <trkpt lat="39.07682871" lon="33.41256061"><ele>959.738</ele><time>2026-09-29T08:02:40Z</time><speed>0.000</speed><sat>38</sat></trkpt>
  <trkpt lat="39.07682868" lon="33.41256069"><ele>959.729</ele><time>2026-09-29T08:02:41Z</time><speed>0.000</speed><sat>38</sat></trkpt>
  <trkpt lat="39.07682867" lon="33.41256077"><ele>959.724</ele><time>2026-09-29T08:02:42Z</time><speed>0.000</speed><sat>38</sat></trkpt>
  <trkpt lat="39.07682868" lon="33.41256083"><ele>959.718</ele><time>2026-09-29T08:02:43Z</time><speed>0.000</speed><sat>38</sat></trkpt>
  <trkpt lat="39.07682870" lon="33.41256090"><ele>959.709</ele><time>2026-09-29T08:02:44Z</time><speed>0.000</speed><sat>39</sat></trkpt>
  <trkpt lat="39.07682871" lon="33.41256094"><ele>959.705</ele><time>2026-09-29T08:02:45Z</time><speed>0.000</speed><sat>39</sat></trkpt>
  <trkpt lat="39.07682870" lon="33.41256098"><ele>959.699</ele><time>2026-09-29T08:02:46Z</time><speed>0.000</speed><sat>39</sat></trkpt>
  <trkpt lat="39.07682871" lon="33.41256104"><ele>959.688</ele><time>2026-09-29T08:02:47Z</time><speed>0.000</speed><sat>38</sat></trkpt>
  <trkpt lat="39.07682874" lon="33.41256113"><ele>959.675</ele><time>2026-09-29T08:02:48Z</time><speed>0.000</speed><sat>38</sat></trkpt>
  <trkpt lat="39.07682873" lon="33.41256119"><ele>959.665</ele><time>2026-09-29T08:02:49Z</time><speed>0.000</speed><sat>38</sat></trkpt>
  <trkpt lat="39.07682873" lon="33.41256122"><ele>959.663</ele><time>2026-09-29T08:02:50Z</time><speed>0.000</speed><sat>38</sat></trkpt>
  <trkpt lat="39.07682874" lon="33.41256123"><ele>959.665</ele><time>2026-09-29T08:02:51Z</time><speed>0.000</speed><sat>37</sat></trkpt>
  <trkpt lat="39.07682876" lon="33.41256127"><ele>959.658</ele><time>2026-09-29T08:02:52Z</time><speed>0.000</speed><sat>38</sat></trkpt>
  <trkpt lat="39.07682879" lon="33.41256135"><ele>959.642</ele><time>2026-09-29T08:02:53Z</time><speed>0.000</speed><sat>38</sat></trkpt>
  <trkpt lat="39.07682883" lon="33.41256143"><ele>959.634</ele><time>2026-09-29T08:02:54Z</time><speed>0.000</speed><sat>38</sat></trkpt>
  <trkpt lat="39.07682885" lon="33.41256147"><ele>959.631</ele><time>2026-09-29T08:02:55Z</time><speed>0.000</speed><sat>38</sat></trkpt>
  <trkpt lat="39.07682888" lon="33.41256154"><ele>959.615</ele><time>2026-09-29T08:02:56Z</time><speed>0.000</speed><sat>38</sat></trkpt>
  <trkpt lat="39.07682892" lon="33.41256162"><ele>959.596</ele><time>2026-09-29T08:02:57Z</time><speed>0.000</speed><sat>38</sat></trkpt>
  <trkpt lat="39.07682894" lon="33.41256170"><ele>959.589</ele><time>2026-09-29T08:02:58Z</time><speed>0.000</speed><sat>38</sat></trkpt>
  <trkpt lat="39.07682894" lon="33.41256175"><ele>959.583</ele><time>2026-09-29T08:02:59Z</time><speed>0.000</speed><sat>38</sat></trkpt>
  <trkpt lat="39.07682894" lon="33.41256179"><ele>959.580</ele><time>2026-09-29T08:03:00Z</time><speed>0.000</speed><sat>38</sat></trkpt>
  <trkpt lat="39.07682891" lon="33.41256181"><ele>959.570</ele><time>2026-09-29T08:03:01Z</time><speed>0.000</speed><sat>38</sat></trkpt>
  <trkpt lat="39.07682889" lon="33.41256181"><ele>959.563</ele><time>2026-09-29T08:03:02Z</time><speed>0.000</speed><sat>37</sat></trkpt>
  <trkpt lat="39.07682886" lon="33.41256183"><ele>959.552</ele><time>2026-09-29T08:03:03Z</time><speed>0.000</speed><sat>37</sat></trkpt>
  <trkpt lat="39.07682883" lon="33.41256185"><ele>959.543</ele><time>2026-09-29T08:03:04Z</time><speed>0.000</speed><sat>38</sat></trkpt>
  <trkpt lat="39.07682880" lon="33.41256186"><ele>959.533</ele><time>2026-09-29T08:03:05Z</time><speed>0.000</speed><sat>38</sat></trkpt>
  <trkpt lat="39.07682878" lon="33.41256186"><ele>959.530</ele><time>2026-09-29T08:03:06Z</time><speed>0.000</speed><sat>38</sat></trkpt>
  <trkpt lat="39.07682878" lon="33.41256187"><ele>959.527</ele><time>2026-09-29T08:03:07Z</time><speed>0.000</speed><sat>38</sat></trkpt>
  <trkpt lat="39.07682879" lon="33.41256188"><ele>959.524</ele><time>2026-09-29T08:03:08Z</time><speed>0.000</speed><sat>38</sat></trkpt>
  <trkpt lat="39.07682880" lon="33.41256191"><ele>959.517</ele><time>2026-09-29T08:03:09Z</time><speed>0.000</speed><sat>38</sat></trkpt>
  <trkpt lat="39.07682881" lon="33.41256195"><ele>959.511</ele><time>2026-09-29T08:03:10Z</time><speed>0.000</speed><sat>38</sat></trkpt>
  <trkpt lat="39.07682883" lon="33.41256200"><ele>959.500</ele><time>2026-09-29T08:03:11Z</time><speed>0.000</speed><sat>38</sat></trkpt>
  <trkpt lat="39.07682883" lon="33.41256204"><ele>959.494</ele><time>2026-09-29T08:03:12Z</time><speed>0.000</speed><sat>38</sat></trkpt>
  <trkpt lat="39.07682883" lon="33.41256209"><ele>959.485</ele><time>2026-09-29T08:03:13Z</time><speed>0.000</speed><sat>37</sat></trkpt>
  <trkpt lat="39.07682883" lon="33.41256213"><ele>959.475</ele><time>2026-09-29T08:03:14Z</time><speed>0.000</speed><sat>37</sat></trkpt>
  <trkpt lat="39.07682884" lon="33.41256217"><ele>959.469</ele><time>2026-09-29T08:03:15Z</time><speed>0.000</speed><sat>38</sat></trkpt>
  <trkpt lat="39.07682885" lon="33.41256219"><ele>959.466</ele><time>2026-09-29T08:03:16Z</time><speed>0.000</speed><sat>38</sat></trkpt>
  <trkpt lat="39.07682886" lon="33.41256222"><ele>959.464</ele><time>2026-09-29T08:03:17Z</time><speed>0.000</speed><sat>38</sat></trkpt>
  <trkpt lat="39.07682887" lon="33.41256224"><ele>959.455</ele><time>2026-09-29T08:03:18Z</time><speed>0.000</speed><sat>38</sat></trkpt>
  <trkpt lat="39.07682888" lon="33.41256229"><ele>959.447</ele><time>2026-09-29T08:03:19Z</time><speed>0.000</speed><sat>38</sat></trkpt>
  <trkpt lat="39.07682890" lon="33.41256233"><ele>959.442</ele><time>2026-09-29T08:03:20Z</time><speed>0.000</speed><sat>38</sat></trkpt>
  <trkpt lat="39.07682894" lon="33.41256239"><ele>959.434</ele><time>2026-09-29T08:03:21Z</time><speed>0.000</speed><sat>38</sat></trkpt>
  <trkpt lat="39.07682900" lon="33.41256245"><ele>959.427</ele><time>2026-09-29T08:03:22Z</time><speed>0.000</speed><sat>38</sat></trkpt>
  <trkpt lat="39.07682907" lon="33.41256252"><ele>959.423</ele><time>2026-09-29T08:03:23Z</time><speed>0.000</speed><sat>38</sat></trkpt>
  <trkpt lat="39.07682916" lon="33.41256261"><ele>959.415</ele><time>2026-09-29T08:03:24Z</time><speed>0.000</speed><sat>38</sat></trkpt>
  <trkpt lat="39.07682925" lon="33.41256271"><ele>959.409</ele><time>2026-09-29T08:03:25Z</time><speed>0.000</speed><sat>38</sat></trkpt>
  <trkpt lat="39.07682934" lon="33.41256282"><ele>959.401</ele><time>2026-09-29T08:03:26Z</time><speed>0.000</speed><sat>38</sat></trkpt>
  <trkpt lat="39.07682941" lon="33.41256290"><ele>959.402</ele><time>2026-09-29T08:03:27Z</time><speed>0.000</speed><sat>38</sat></trkpt>
  <trkpt lat="39.07682947" lon="33.41256295"><ele>959.400</ele><time>2026-09-29T08:03:28Z</time><speed>0.000</speed><sat>38</sat></trkpt>
  <trkpt lat="39.07682952" lon="33.41256300"><ele>959.402</ele><time>2026-09-29T08:03:29Z</time><speed>0.000</speed><sat>38</sat></trkpt>
  <trkpt lat="39.07682956" lon="33.41256304"><ele>959.395</ele><time>2026-09-29T08:03:30Z</time><speed>0.000</speed><sat>38</sat></trkpt>
  <trkpt lat="39.07682960" lon="33.41256307"><ele>959.391</ele><time>2026-09-29T08:03:31Z</time><speed>0.000</speed><sat>38</sat></trkpt>
  <trkpt lat="39.07682962" lon="33.41256310"><ele>959.387</ele><time>2026-09-29T08:03:32Z</time><speed>0.000</speed><sat>38</sat></trkpt>
  <trkpt lat="39.07682964" lon="33.41256312"><ele>959.386</ele><time>2026-09-29T08:03:33Z</time><speed>0.000</speed><sat>38</sat></trkpt>
  <trkpt lat="39.07682967" lon="33.41256316"><ele>959.381</ele><time>2026-09-29T08:03:34Z</time><speed>0.000</speed><sat>38</sat></trkpt>
  <trkpt lat="39.07682970" lon="33.41256320"><ele>959.375</ele><time>2026-09-29T08:03:35Z</time><speed>0.000</speed><sat>38</sat></trkpt>
  <trkpt lat="39.07682974" lon="33.41256324"><ele>959.369</ele><time>2026-09-29T08:03:36Z</time><speed>0.000</speed><sat>38</sat></trkpt>
  <trkpt lat="39.07682977" lon="33.41256329"><ele>959.359</ele><time>2026-09-29T08:03:37Z</time><speed>0.000</speed><sat>38</sat></trkpt>
  <trkpt lat="39.07682980" lon="33.41256334"><ele>959.356</ele><time>2026-09-29T08:03:38Z</time><speed>0.000</speed><sat>38</sat></trkpt>
  <trkpt lat="39.07682981" lon="33.41256337"><ele>959.353</ele><time>2026-09-29T08:03:39Z</time><speed>0.000</speed><sat>37</sat></trkpt>
  <trkpt lat="39.07682981" lon="33.41256338"><ele>959.354</ele><time>2026-09-29T08:03:40Z</time><speed>0.000</speed><sat>37</sat></trkpt>
  <trkpt lat="39.07682979" lon="33.41256340"><ele>959.355</ele><time>2026-09-29T08:03:41Z</time><speed>0.000</speed><sat>38</sat></trkpt>
  <trkpt lat="39.07682977" lon="33.41256342"><ele>959.352</ele><time>2026-09-29T08:03:42Z</time><speed>0.000</speed><sat>38</sat></trkpt>
  <trkpt lat="39.07682973" lon="33.41256343"><ele>959.354</ele><time>2026-09-29T08:03:43Z</time><speed>0.000</speed><sat>38</sat></trkpt>
  <trkpt lat="39.07682972" lon="33.41256345"><ele>959.353</ele><time>2026-09-29T08:03:44Z</time><speed>0.000</speed><sat>38</sat></trkpt>
  <trkpt lat="39.07682970" lon="33.41256349"><ele>959.352</ele><time>2026-09-29T08:03:45Z</time><speed>0.000</speed><sat>38</sat></trkpt>
  <trkpt lat="39.07682970" lon="33.41256353"><ele>959.349</ele><time>2026-09-29T08:03:46Z</time><speed>0.000</speed><sat>38</sat></trkpt>
  <trkpt lat="39.07682970" lon="33.41256355"><ele>959.347</ele><time>2026-09-29T08:03:47Z</time><speed>0.000</speed><sat>38</sat></trkpt>
  <trkpt lat="39.07682969" lon="33.41256359"><ele>959.345</ele><time>2026-09-29T08:03:48Z</time><speed>0.000</speed><sat>38</sat></trkpt>
  <trkpt lat="39.07682969" lon="33.41256362"><ele>959.339</ele><time>2026-09-29T08:03:49Z</time><speed>0.000</speed><sat>39</sat></trkpt>
  <trkpt lat="39.07682968" lon="33.41256364"><ele>959.341</ele><time>2026-09-29T08:03:50Z</time><speed>0.000</speed><sat>39</sat></trkpt>
  <trkpt lat="39.07682966" lon="33.41256365"><ele>959.344</ele><time>2026-09-29T08:03:51Z</time><speed>0.000</speed><sat>39</sat></trkpt>
  <trkpt lat="39.07682963" lon="33.41256365"><ele>959.347</ele><time>2026-09-29T08:03:52Z</time><speed>0.000</speed><sat>39</sat></trkpt>
  <trkpt lat="39.07682961" lon="33.41256369"><ele>959.342</ele><time>2026-09-29T08:03:53Z</time><speed>0.000</speed><sat>39</sat></trkpt>
  <trkpt lat="39.07682961" lon="33.41256371"><ele>959.341</ele><time>2026-09-29T08:03:54Z</time><speed>0.000</speed><sat>39</sat></trkpt>
  <trkpt lat="39.07682962" lon="33.41256375"><ele>959.335</ele><time>2026-09-29T08:03:55Z</time><speed>0.000</speed><sat>39</sat></trkpt>
  <trkpt lat="39.07682965" lon="33.41256379"><ele>959.333</ele><time>2026-09-29T08:03:56Z</time><speed>0.000</speed><sat>39</sat></trkpt>
  <trkpt lat="39.07682969" lon="33.41256383"><ele>959.331</ele><time>2026-09-29T08:03:57Z</time><speed>0.000</speed><sat>39</sat></trkpt>
  <trkpt lat="39.07682973" lon="33.41256386"><ele>959.331</ele><time>2026-09-29T08:03:58Z</time><speed>0.000</speed><sat>39</sat></trkpt>
  <trkpt lat="39.07682976" lon="33.41256390"><ele>959.332</ele><time>2026-09-29T08:03:59Z</time><speed>0.000</speed><sat>39</sat></trkpt>
  <trkpt lat="39.07682980" lon="33.41256394"><ele>959.328</ele><time>2026-09-29T08:04:00Z</time><speed>0.000</speed><sat>39</sat></trkpt>
  <trkpt lat="39.07682984" lon="33.41256399"><ele>959.328</ele><time>2026-09-29T08:04:01Z</time><speed>0.000</speed><sat>39</sat></trkpt>
  <trkpt lat="39.07682988" lon="33.41256404"><ele>959.322</ele><time>2026-09-29T08:04:02Z</time><speed>0.000</speed><sat>39</sat></trkpt>
  <trkpt lat="39.07682991" lon="33.41256409"><ele>959.317</ele><time>2026-09-29T08:04:03Z</time><speed>0.000</speed><sat>39</sat></trkpt>
  <trkpt lat="39.07682995" lon="33.41256412"><ele>959.313</ele><time>2026-09-29T08:04:04Z</time><speed>0.000</speed><sat>39</sat></trkpt>
  <trkpt lat="39.07682997" lon="33.41256415"><ele>959.307</ele><time>2026-09-29T08:04:05Z</time><speed>0.000</speed><sat>39</sat></trkpt>
  <trkpt lat="39.07683001" lon="33.41256419"><ele>959.297</ele><time>2026-09-29T08:04:06Z</time><speed>0.000</speed><sat>39</sat></trkpt>
  <trkpt lat="39.07683004" lon="33.41256422"><ele>959.288</ele><time>2026-09-29T08:04:07Z</time><speed>0.000</speed><sat>39</sat></trkpt>
  <trkpt lat="39.07683007" lon="33.41256424"><ele>959.284</ele><time>2026-09-29T08:04:08Z</time><speed>0.000</speed><sat>39</sat></trkpt>
  <trkpt lat="39.07683009" lon="33.41256424"><ele>959.281</ele><time>2026-09-29T08:04:09Z</time><speed>0.000</speed><sat>39</sat></trkpt>
  <trkpt lat="39.07683011" lon="33.41256424"><ele>959.279</ele><time>2026-09-29T08:04:10Z</time><speed>0.000</speed><sat>39</sat></trkpt>
  <trkpt lat="39.07683015" lon="33.41256423"><ele>959.277</ele><time>2026-09-29T08:04:11Z</time><speed>0.000</speed><sat>39</sat></trkpt>
  <trkpt lat="39.07683016" lon="33.41256423"><ele>959.285</ele><time>2026-09-29T08:04:12Z</time><speed>0.000</speed><sat>39</sat></trkpt>
  <trkpt lat="39.07683017" lon="33.41256423"><ele>959.286</ele><time>2026-09-29T08:04:13Z</time><speed>0.000</speed><sat>39</sat></trkpt>
  <trkpt lat="39.07683019" lon="33.41256424"><ele>959.286</ele><time>2026-09-29T08:04:14Z</time><speed>0.000</speed><sat>39</sat></trkpt>
  <trkpt lat="39.07683021" lon="33.41256427"><ele>959.280</ele><time>2026-09-29T08:04:15Z</time><speed>0.000</speed><sat>39</sat></trkpt>
  <trkpt lat="39.07683022" lon="33.41256430"><ele>959.279</ele><time>2026-09-29T08:04:16Z</time><speed>0.000</speed><sat>39</sat></trkpt>
  <trkpt lat="39.07683024" lon="33.41256433"><ele>959.273</ele><time>2026-09-29T08:04:17Z</time><speed>0.000</speed><sat>39</sat></trkpt>
  <trkpt lat="39.07683026" lon="33.41256438"><ele>959.267</ele><time>2026-09-29T08:04:18Z</time><speed>0.000</speed><sat>39</sat></trkpt>
  <trkpt lat="39.07683027" lon="33.41256441"><ele>959.270</ele><time>2026-09-29T08:04:19Z</time><speed>0.000</speed><sat>38</sat></trkpt>
  <trkpt lat="39.07683028" lon="33.41256444"><ele>959.270</ele><time>2026-09-29T08:04:20Z</time><speed>0.000</speed><sat>38</sat></trkpt>
  <trkpt lat="39.07683029" lon="33.41256446"><ele>959.266</ele><time>2026-09-29T08:04:21Z</time><speed>0.000</speed><sat>38</sat></trkpt>
  <trkpt lat="39.07683031" lon="33.41256448"><ele>959.265</ele><time>2026-09-29T08:04:22Z</time><speed>0.000</speed><sat>38</sat></trkpt>
  <trkpt lat="39.07683031" lon="33.41256447"><ele>959.271</ele><time>2026-09-29T08:04:23Z</time><speed>0.000</speed><sat>38</sat></trkpt>
  <trkpt lat="39.07683031" lon="33.41256445"><ele>959.273</ele><time>2026-09-29T08:04:24Z</time><speed>0.000</speed><sat>38</sat></trkpt>
  <trkpt lat="39.07683030" lon="33.41256445"><ele>959.276</ele><time>2026-09-29T08:04:25Z</time><speed>0.000</speed><sat>38</sat></trkpt>
  <trkpt lat="39.07683030" lon="33.41256447"><ele>959.269</ele><time>2026-09-29T08:04:26Z</time><speed>0.000</speed><sat>39</sat></trkpt>
  <trkpt lat="39.07683032" lon="33.41256449"><ele>959.265</ele><time>2026-09-29T08:04:27Z</time><speed>0.000</speed><sat>38</sat></trkpt>
  <trkpt lat="39.07683035" lon="33.41256452"><ele>959.258</ele><time>2026-09-29T08:04:28Z</time><speed>0.000</speed><sat>39</sat></trkpt>
  <trkpt lat="39.07683038" lon="33.41256457"><ele>959.247</ele><time>2026-09-29T08:04:29Z</time><speed>0.000</speed><sat>39</sat></trkpt>
  <trkpt lat="39.07683041" lon="33.41256459"><ele>959.246</ele><time>2026-09-29T08:04:30Z</time><speed>0.000</speed><sat>39</sat></trkpt>
  <trkpt lat="39.07683045" lon="33.41256461"><ele>959.245</ele><time>2026-09-29T08:04:31Z</time><speed>0.000</speed><sat>39</sat></trkpt>
  <trkpt lat="39.07683049" lon="33.41256463"><ele>959.246</ele><time>2026-09-29T08:04:32Z</time><speed>0.000</speed><sat>38</sat></trkpt>
  <trkpt lat="39.07683053" lon="33.41256464"><ele>959.243</ele><time>2026-09-29T08:04:33Z</time><speed>0.000</speed><sat>38</sat></trkpt>
  <trkpt lat="39.07683055" lon="33.41256464"><ele>959.243</ele><time>2026-09-29T08:04:34Z</time><speed>0.000</speed><sat>38</sat></trkpt>
  <trkpt lat="39.07683058" lon="33.41256465"><ele>959.243</ele><time>2026-09-29T08:04:35Z</time><speed>0.000</speed><sat>38</sat></trkpt>
  <trkpt lat="39.07683062" lon="33.41256469"><ele>959.240</ele><time>2026-09-29T08:04:36Z</time><speed>0.000</speed><sat>38</sat></trkpt>
  <trkpt lat="39.07683065" lon="33.41256475"><ele>959.229</ele><time>2026-09-29T08:04:37Z</time><speed>0.000</speed><sat>38</sat></trkpt>
  <trkpt lat="39.07683068" lon="33.41256480"><ele>959.223</ele><time>2026-09-29T08:04:38Z</time><speed>0.000</speed><sat>38</sat></trkpt>
  <trkpt lat="39.07683073" lon="33.41256486"><ele>959.212</ele><time>2026-09-29T08:04:39Z</time><speed>0.000</speed><sat>38</sat></trkpt>
  <trkpt lat="39.07683077" lon="33.41256491"><ele>959.204</ele><time>2026-09-29T08:04:40Z</time><speed>0.000</speed><sat>38</sat></trkpt>
  <trkpt lat="39.07683081" lon="33.41256498"><ele>959.188</ele><time>2026-09-29T08:04:41Z</time><speed>0.000</speed><sat>38</sat></trkpt>
  <trkpt lat="39.07683085" lon="33.41256505"><ele>959.178</ele><time>2026-09-29T08:04:42Z</time><speed>0.000</speed><sat>38</sat></trkpt>
  <trkpt lat="39.07683071" lon="33.41256402"><ele>958.610</ele><time>2026-09-29T08:04:43Z</time><speed>0.210</speed><sat>39</sat></trkpt>
  <trkpt lat="39.07683103" lon="33.41256296"><ele>958.591</ele><time>2026-09-29T08:04:44Z</time><speed>0.000</speed><sat>39</sat></trkpt>
  <trkpt lat="39.07683167" lon="33.41256245"><ele>958.594</ele><time>2026-09-29T08:04:45Z</time><speed>0.000</speed><sat>39</sat></trkpt>
  <trkpt lat="39.07683200" lon="33.41256217"><ele>958.594</ele><time>2026-09-29T08:04:46Z</time><speed>0.000</speed><sat>39</sat></trkpt>
  <trkpt lat="39.07683216" lon="33.41256202"><ele>958.599</ele><time>2026-09-29T08:04:47Z</time><speed>0.000</speed><sat>39</sat></trkpt>
  <trkpt lat="39.07683225" lon="33.41256192"><ele>958.603</ele><time>2026-09-29T08:04:48Z</time><speed>0.000</speed><sat>39</sat></trkpt>
  <trkpt lat="39.07683230" lon="33.41256185"><ele>958.605</ele><time>2026-09-29T08:04:49Z</time><speed>0.000</speed><sat>39</sat></trkpt>
  <trkpt lat="39.07683234" lon="33.41256178"><ele>958.610</ele><time>2026-09-29T08:04:50Z</time><speed>0.000</speed><sat>37</sat></trkpt>
  <trkpt lat="39.07683236" lon="33.41256172"><ele>958.610</ele><time>2026-09-29T08:04:51Z</time><speed>0.000</speed><sat>36</sat></trkpt>
  <trkpt lat="39.07683238" lon="33.41256167"><ele>958.609</ele><time>2026-09-29T08:04:52Z</time><speed>0.000</speed><sat>36</sat></trkpt>
  <trkpt lat="39.07683240" lon="33.41256160"><ele>958.616</ele><time>2026-09-29T08:04:53Z</time><speed>0.000</speed><sat>36</sat></trkpt>
  <trkpt lat="39.07683241" lon="33.41256153"><ele>958.624</ele><time>2026-09-29T08:04:54Z</time><speed>0.000</speed><sat>36</sat></trkpt>
  <trkpt lat="39.07683242" lon="33.41256146"><ele>958.629</ele><time>2026-09-29T08:04:55Z</time><speed>0.000</speed><sat>37</sat></trkpt>
  <trkpt lat="39.07683243" lon="33.41256140"><ele>958.632</ele><time>2026-09-29T08:04:56Z</time><speed>0.000</speed><sat>36</sat></trkpt>
  <trkpt lat="39.07683244" lon="33.41256135"><ele>958.633</ele><time>2026-09-29T08:04:57Z</time><speed>0.000</speed><sat>36</sat></trkpt>
  <trkpt lat="39.07683244" lon="33.41256130"><ele>958.640</ele><time>2026-09-29T08:04:58Z</time><speed>0.000</speed><sat>36</sat></trkpt>
  <trkpt lat="39.07683210" lon="33.41256082"><ele>958.836</ele><time>2026-09-29T08:04:59Z</time><speed>0.000</speed><sat>36</sat></trkpt>
  <trkpt lat="39.07683117" lon="33.41255882"><ele>958.985</ele><time>2026-09-29T08:05:00Z</time><speed>0.220</speed><sat>36</sat></trkpt>
  <trkpt lat="39.07683071" lon="33.41255695"><ele>958.986</ele><time>2026-09-29T08:05:01Z</time><speed>0.000</speed><sat>36</sat></trkpt>
  <trkpt lat="39.07683070" lon="33.41255660"><ele>958.996</ele><time>2026-09-29T08:05:02Z</time><speed>0.000</speed><sat>36</sat></trkpt>
  <trkpt lat="39.07683070" lon="33.41255639"><ele>959.005</ele><time>2026-09-29T08:05:03Z</time><speed>0.000</speed><sat>36</sat></trkpt>
  <trkpt lat="39.07683070" lon="33.41255627"><ele>959.013</ele><time>2026-09-29T08:05:04Z</time><speed>0.000</speed><sat>35</sat></trkpt>
  <trkpt lat="39.07683070" lon="33.41255619"><ele>959.020</ele><time>2026-09-29T08:05:05Z</time><speed>0.000</speed><sat>35</sat></trkpt>
  <trkpt lat="39.07683069" lon="33.41255614"><ele>959.028</ele><time>2026-09-29T08:05:06Z</time><speed>0.000</speed><sat>36</sat></trkpt>
  <trkpt lat="39.07683069" lon="33.41255609"><ele>959.037</ele><time>2026-09-29T08:05:07Z</time><speed>0.000</speed><sat>36</sat></trkpt>
  <trkpt lat="39.07683069" lon="33.41255604"><ele>959.043</ele><time>2026-09-29T08:05:08Z</time><speed>0.000</speed><sat>36</sat></trkpt>
  <trkpt lat="39.07683068" lon="33.41255597"><ele>959.054</ele><time>2026-09-29T08:05:09Z</time><speed>0.000</speed><sat>36</sat></trkpt>
  <trkpt lat="39.07683066" lon="33.41255589"><ele>959.063</ele><time>2026-09-29T08:05:10Z</time><speed>0.000</speed><sat>36</sat></trkpt>
  <trkpt lat="39.07683064" lon="33.41255581"><ele>959.070</ele><time>2026-09-29T08:05:11Z</time><speed>0.000</speed><sat>36</sat></trkpt>
  <trkpt lat="39.07683062" lon="33.41255575"><ele>959.082</ele><time>2026-09-29T08:05:12Z</time><speed>0.000</speed><sat>35</sat></trkpt>
  <trkpt lat="39.07683059" lon="33.41255568"><ele>959.091</ele><time>2026-09-29T08:05:13Z</time><speed>0.000</speed><sat>35</sat></trkpt>
  <trkpt lat="39.07683056" lon="33.41255561"><ele>959.101</ele><time>2026-09-29T08:05:14Z</time><speed>0.000</speed><sat>35</sat></trkpt>
  <trkpt lat="39.07683052" lon="33.41255556"><ele>959.111</ele><time>2026-09-29T08:05:15Z</time><speed>0.000</speed><sat>35</sat></trkpt>
  <trkpt lat="39.07683048" lon="33.41255548"><ele>959.127</ele><time>2026-09-29T08:05:16Z</time><speed>0.000</speed><sat>35</sat></trkpt>
  <trkpt lat="39.07683044" lon="33.41255542"><ele>959.139</ele><time>2026-09-29T08:05:17Z</time><speed>0.000</speed><sat>35</sat></trkpt>
  <trkpt lat="39.07683041" lon="33.41255536"><ele>959.150</ele><time>2026-09-29T08:05:18Z</time><speed>0.000</speed><sat>35</sat></trkpt>
  <trkpt lat="39.07683038" lon="33.41255528"><ele>959.162</ele><time>2026-09-29T08:05:19Z</time><speed>0.000</speed><sat>35</sat></trkpt>
  <trkpt lat="39.07683037" lon="33.41255518"><ele>959.176</ele><time>2026-09-29T08:05:20Z</time><speed>0.000</speed><sat>35</sat></trkpt>
  <trkpt lat="39.07683035" lon="33.41255509"><ele>959.190</ele><time>2026-09-29T08:05:21Z</time><speed>0.000</speed><sat>35</sat></trkpt>
  <trkpt lat="39.07683033" lon="33.41255500"><ele>959.203</ele><time>2026-09-29T08:05:22Z</time><speed>0.000</speed><sat>35</sat></trkpt>
  <trkpt lat="39.07683032" lon="33.41255493"><ele>959.217</ele><time>2026-09-29T08:05:23Z</time><speed>0.000</speed><sat>35</sat></trkpt>
  <trkpt lat="39.07683031" lon="33.41255486"><ele>959.233</ele><time>2026-09-29T08:05:24Z</time><speed>0.000</speed><sat>35</sat></trkpt>
  <trkpt lat="39.07683029" lon="33.41255481"><ele>959.245</ele><time>2026-09-29T08:05:25Z</time><speed>0.000</speed><sat>35</sat></trkpt>
  <trkpt lat="39.07683027" lon="33.41255477"><ele>959.255</ele><time>2026-09-29T08:05:26Z</time><speed>0.000</speed><sat>35</sat></trkpt>
  <trkpt lat="39.07683024" lon="33.41255470"><ele>959.269</ele><time>2026-09-29T08:05:27Z</time><speed>0.000</speed><sat>35</sat></trkpt>
  <trkpt lat="39.07683021" lon="33.41255463"><ele>959.283</ele><time>2026-09-29T08:05:28Z</time><speed>0.000</speed><sat>35</sat></trkpt>
  <trkpt lat="39.07683018" lon="33.41255456"><ele>959.294</ele><time>2026-09-29T08:05:29Z</time><speed>0.000</speed><sat>35</sat></trkpt>
  <trkpt lat="39.07683015" lon="33.41255451"><ele>959.305</ele><time>2026-09-29T08:05:30Z</time><speed>0.000</speed><sat>35</sat></trkpt>
  <trkpt lat="39.07683013" lon="33.41255446"><ele>959.317</ele><time>2026-09-29T08:05:31Z</time><speed>0.000</speed><sat>36</sat></trkpt>
  <trkpt lat="39.07683011" lon="33.41255442"><ele>959.325</ele><time>2026-09-29T08:05:32Z</time><speed>0.000</speed><sat>36</sat></trkpt>
  <trkpt lat="39.07683010" lon="33.41255437"><ele>959.337</ele><time>2026-09-29T08:05:33Z</time><speed>0.000</speed><sat>36</sat></trkpt>
  <trkpt lat="39.07683007" lon="33.41255431"><ele>959.354</ele><time>2026-09-29T08:05:34Z</time><speed>0.000</speed><sat>36</sat></trkpt>
  <trkpt lat="39.07683004" lon="33.41255424"><ele>959.371</ele><time>2026-09-29T08:05:35Z</time><speed>0.000</speed><sat>36</sat></trkpt>
  <trkpt lat="39.07683002" lon="33.41255419"><ele>959.383</ele><time>2026-09-29T08:05:36Z</time><speed>0.000</speed><sat>36</sat></trkpt>
  <trkpt lat="39.07682999" lon="33.41255414"><ele>959.393</ele><time>2026-09-29T08:05:37Z</time><speed>0.000</speed><sat>36</sat></trkpt>
  <trkpt lat="39.07682997" lon="33.41255411"><ele>959.400</ele><time>2026-09-29T08:05:38Z</time><speed>0.000</speed><sat>36</sat></trkpt>
  <trkpt lat="39.07682994" lon="33.41255405"><ele>959.409</ele><time>2026-09-29T08:05:39Z</time><speed>0.000</speed><sat>36</sat></trkpt>
  <trkpt lat="39.07682991" lon="33.41255398"><ele>959.422</ele><time>2026-09-29T08:05:40Z</time><speed>0.000</speed><sat>38</sat></trkpt>
  <trkpt lat="39.07682987" lon="33.41255392"><ele>959.429</ele><time>2026-09-29T08:05:41Z</time><speed>0.000</speed><sat>37</sat></trkpt>
  <trkpt lat="39.07682984" lon="33.41255387"><ele>959.436</ele><time>2026-09-29T08:05:42Z</time><speed>0.000</speed><sat>37</sat></trkpt>
  <trkpt lat="39.07682982" lon="33.41255383"><ele>959.445</ele><time>2026-09-29T08:05:43Z</time><speed>0.000</speed><sat>37</sat></trkpt>
  <trkpt lat="39.07682979" lon="33.41255379"><ele>959.453</ele><time>2026-09-29T08:05:44Z</time><speed>0.000</speed><sat>37</sat></trkpt>
  <trkpt lat="39.07682977" lon="33.41255374"><ele>959.462</ele><time>2026-09-29T08:05:45Z</time><speed>0.000</speed><sat>38</sat></trkpt>
  <trkpt lat="39.07682974" lon="33.41255367"><ele>959.475</ele><time>2026-09-29T08:05:46Z</time><speed>0.000</speed><sat>38</sat></trkpt>
  <trkpt lat="39.07682972" lon="33.41255361"><ele>959.486</ele><time>2026-09-29T08:05:47Z</time><speed>0.000</speed><sat>39</sat></trkpt>
  <trkpt lat="39.07682969" lon="33.41255356"><ele>959.493</ele><time>2026-09-29T08:05:48Z</time><speed>0.000</speed><sat>39</sat></trkpt>
  <trkpt lat="39.07682966" lon="33.41255351"><ele>959.500</ele><time>2026-09-29T08:05:49Z</time><speed>0.000</speed><sat>39</sat></trkpt>
  <trkpt lat="39.07682962" lon="33.41255346"><ele>959.509</ele><time>2026-09-29T08:05:50Z</time><speed>0.000</speed><sat>39</sat></trkpt>
  <trkpt lat="39.07682960" lon="33.41255341"><ele>959.516</ele><time>2026-09-29T08:05:51Z</time><speed>0.000</speed><sat>39</sat></trkpt>
  <trkpt lat="39.07682956" lon="33.41255336"><ele>959.527</ele><time>2026-09-29T08:05:52Z</time><speed>0.000</speed><sat>39</sat></trkpt>
  <trkpt lat="39.07682952" lon="33.41255330"><ele>959.540</ele><time>2026-09-29T08:05:53Z</time><speed>0.000</speed><sat>39</sat></trkpt>
  <trkpt lat="39.07682948" lon="33.41255324"><ele>959.549</ele><time>2026-09-29T08:05:54Z</time><speed>0.000</speed><sat>39</sat></trkpt>
  <trkpt lat="39.07682944" lon="33.41255317"><ele>959.559</ele><time>2026-09-29T08:05:55Z</time><speed>0.000</speed><sat>38</sat></trkpt>
  <trkpt lat="39.07682942" lon="33.41255312"><ele>959.566</ele><time>2026-09-29T08:05:56Z</time><speed>0.000</speed><sat>38</sat></trkpt>
  <trkpt lat="39.07682940" lon="33.41255307"><ele>959.574</ele><time>2026-09-29T08:05:57Z</time><speed>0.000</speed><sat>38</sat></trkpt>
  <trkpt lat="39.07682937" lon="33.41255302"><ele>959.582</ele><time>2026-09-29T08:05:58Z</time><speed>0.000</speed><sat>37</sat></trkpt>
  <trkpt lat="39.07682935" lon="33.41255297"><ele>959.591</ele><time>2026-09-29T08:05:59Z</time><speed>0.000</speed><sat>37</sat></trkpt>
  <trkpt lat="39.07682933" lon="33.41255290"><ele>959.599</ele><time>2026-09-29T08:06:00Z</time><speed>0.000</speed><sat>37</sat></trkpt>
  <trkpt lat="39.07682931" lon="33.41255285"><ele>959.607</ele><time>2026-09-29T08:06:01Z</time><speed>0.000</speed><sat>37</sat></trkpt>
  <trkpt lat="39.07682929" lon="33.41255281"><ele>959.614</ele><time>2026-09-29T08:06:02Z</time><speed>0.000</speed><sat>37</sat></trkpt>
  <trkpt lat="39.07682928" lon="33.41255277"><ele>959.622</ele><time>2026-09-29T08:06:03Z</time><speed>0.000</speed><sat>36</sat></trkpt>
  <trkpt lat="39.07682926" lon="33.41255272"><ele>959.628</ele><time>2026-09-29T08:06:04Z</time><speed>0.000</speed><sat>36</sat></trkpt>
  <trkpt lat="39.07682926" lon="33.41255268"><ele>959.627</ele><time>2026-09-29T08:06:05Z</time><speed>0.000</speed><sat>35</sat></trkpt>
  <trkpt lat="39.07682926" lon="33.41255264"><ele>959.630</ele><time>2026-09-29T08:06:06Z</time><speed>0.000</speed><sat>35</sat></trkpt>
  <trkpt lat="39.07682926" lon="33.41255261"><ele>959.632</ele><time>2026-09-29T08:06:07Z</time><speed>0.000</speed><sat>35</sat></trkpt>
  <trkpt lat="39.07682926" lon="33.41255259"><ele>959.631</ele><time>2026-09-29T08:06:08Z</time><speed>0.000</speed><sat>35</sat></trkpt>
  <trkpt lat="39.07682926" lon="33.41255258"><ele>959.633</ele><time>2026-09-29T08:06:09Z</time><speed>0.000</speed><sat>35</sat></trkpt>
  <trkpt lat="39.07682926" lon="33.41255257"><ele>959.632</ele><time>2026-09-29T08:06:10Z</time><speed>0.000</speed><sat>35</sat></trkpt>
  <trkpt lat="39.07682928" lon="33.41255255"><ele>959.634</ele><time>2026-09-29T08:06:11Z</time><speed>0.000</speed><sat>35</sat></trkpt>
  <trkpt lat="39.07682927" lon="33.41255252"><ele>959.638</ele><time>2026-09-29T08:06:12Z</time><speed>0.000</speed><sat>35</sat></trkpt>
  <trkpt lat="39.07682926" lon="33.41255248"><ele>959.640</ele><time>2026-09-29T08:06:13Z</time><speed>0.000</speed><sat>35</sat></trkpt>
  <trkpt lat="39.07682925" lon="33.41255246"><ele>959.641</ele><time>2026-09-29T08:06:14Z</time><speed>0.000</speed><sat>35</sat></trkpt>
  <trkpt lat="39.07682924" lon="33.41255246"><ele>959.643</ele><time>2026-09-29T08:06:15Z</time><speed>0.000</speed><sat>35</sat></trkpt>
  <trkpt lat="39.07682925" lon="33.41255245"><ele>959.643</ele><time>2026-09-29T08:06:16Z</time><speed>0.000</speed><sat>35</sat></trkpt>
  <trkpt lat="39.07682924" lon="33.41255244"><ele>959.646</ele><time>2026-09-29T08:06:17Z</time><speed>0.000</speed><sat>35</sat></trkpt>
  <trkpt lat="39.07682923" lon="33.41255243"><ele>959.650</ele><time>2026-09-29T08:06:18Z</time><speed>0.000</speed><sat>35</sat></trkpt>
  <trkpt lat="39.07682921" lon="33.41255241"><ele>959.655</ele><time>2026-09-29T08:06:19Z</time><speed>0.000</speed><sat>35</sat></trkpt>
  <trkpt lat="39.07682919" lon="33.41255237"><ele>959.662</ele><time>2026-09-29T08:06:20Z</time><speed>0.000</speed><sat>36</sat></trkpt>
  <trkpt lat="39.07682917" lon="33.41255232"><ele>959.665</ele><time>2026-09-29T08:06:21Z</time><speed>0.000</speed><sat>36</sat></trkpt>
  <trkpt lat="39.07682917" lon="33.41255227"><ele>959.665</ele><time>2026-09-29T08:06:22Z</time><speed>0.000</speed><sat>37</sat></trkpt>
  <trkpt lat="39.07682916" lon="33.41255222"><ele>959.666</ele><time>2026-09-29T08:06:23Z</time><speed>0.000</speed><sat>37</sat></trkpt>
  <trkpt lat="39.07682916" lon="33.41255217"><ele>959.668</ele><time>2026-09-29T08:06:24Z</time><speed>0.000</speed><sat>36</sat></trkpt>
  <trkpt lat="39.07682917" lon="33.41255214"><ele>959.668</ele><time>2026-09-29T08:06:25Z</time><speed>0.000</speed><sat>36</sat></trkpt>
  <trkpt lat="39.07682917" lon="33.41255209"><ele>959.671</ele><time>2026-09-29T08:06:26Z</time><speed>0.000</speed><sat>36</sat></trkpt>
  <trkpt lat="39.07682916" lon="33.41255204"><ele>959.676</ele><time>2026-09-29T08:06:27Z</time><speed>0.000</speed><sat>36</sat></trkpt>
  <trkpt lat="39.07682916" lon="33.41255198"><ele>959.681</ele><time>2026-09-29T08:06:28Z</time><speed>0.000</speed><sat>35</sat></trkpt>
  <trkpt lat="39.07682915" lon="33.41255195"><ele>959.686</ele><time>2026-09-29T08:06:29Z</time><speed>0.000</speed><sat>35</sat></trkpt>
  <trkpt lat="39.07682913" lon="33.41255191"><ele>959.691</ele><time>2026-09-29T08:06:30Z</time><speed>0.000</speed><sat>35</sat></trkpt>
  <trkpt lat="39.07682911" lon="33.41255187"><ele>959.693</ele><time>2026-09-29T08:06:31Z</time><speed>0.000</speed><sat>35</sat></trkpt>
  <trkpt lat="39.07682908" lon="33.41255181"><ele>959.696</ele><time>2026-09-29T08:06:32Z</time><speed>0.000</speed><sat>35</sat></trkpt>
  <trkpt lat="39.07682903" lon="33.41255174"><ele>959.702</ele><time>2026-09-29T08:06:33Z</time><speed>0.000</speed><sat>36</sat></trkpt>
  <trkpt lat="39.07682900" lon="33.41255165"><ele>959.710</ele><time>2026-09-29T08:06:34Z</time><speed>0.000</speed><sat>35</sat></trkpt>
  <trkpt lat="39.07682897" lon="33.41255156"><ele>959.717</ele><time>2026-09-29T08:06:35Z</time><speed>0.000</speed><sat>34</sat></trkpt>
  <trkpt lat="39.07682894" lon="33.41255147"><ele>959.725</ele><time>2026-09-29T08:06:36Z</time><speed>0.000</speed><sat>34</sat></trkpt>
  <trkpt lat="39.07682891" lon="33.41255141"><ele>959.731</ele><time>2026-09-29T08:06:37Z</time><speed>0.000</speed><sat>35</sat></trkpt>
  <trkpt lat="39.07682889" lon="33.41255136"><ele>959.734</ele><time>2026-09-29T08:06:38Z</time><speed>0.000</speed><sat>36</sat></trkpt>
  <trkpt lat="39.07682889" lon="33.41255132"><ele>959.737</ele><time>2026-09-29T08:06:39Z</time><speed>0.000</speed><sat>37</sat></trkpt>
  <trkpt lat="39.07682889" lon="33.41255128"><ele>959.741</ele><time>2026-09-29T08:06:40Z</time><speed>0.000</speed><sat>37</sat></trkpt>
  <trkpt lat="39.07682889" lon="33.41255125"><ele>959.744</ele><time>2026-09-29T08:06:41Z</time><speed>0.000</speed><sat>38</sat></trkpt>
  <trkpt lat="39.07682888" lon="33.41255123"><ele>959.747</ele><time>2026-09-29T08:06:42Z</time><speed>0.000</speed><sat>38</sat></trkpt>
  <trkpt lat="39.07682887" lon="33.41255120"><ele>959.752</ele><time>2026-09-29T08:06:43Z</time><speed>0.000</speed><sat>38</sat></trkpt>
  <trkpt lat="39.07682885" lon="33.41255117"><ele>959.758</ele><time>2026-09-29T08:06:44Z</time><speed>0.000</speed><sat>38</sat></trkpt>
  <trkpt lat="39.07682883" lon="33.41255113"><ele>959.761</ele><time>2026-09-29T08:06:45Z</time><speed>0.000</speed><sat>38</sat></trkpt>
  <trkpt lat="39.07682881" lon="33.41255108"><ele>959.768</ele><time>2026-09-29T08:06:46Z</time><speed>0.000</speed><sat>38</sat></trkpt>
  <trkpt lat="39.07682879" lon="33.41255104"><ele>959.775</ele><time>2026-09-29T08:06:47Z</time><speed>0.000</speed><sat>38</sat></trkpt>
  <trkpt lat="39.07682875" lon="33.41255100"><ele>959.784</ele><time>2026-09-29T08:06:48Z</time><speed>0.000</speed><sat>38</sat></trkpt>
  <trkpt lat="39.07682873" lon="33.41255095"><ele>959.790</ele><time>2026-09-29T08:06:49Z</time><speed>0.000</speed><sat>37</sat></trkpt>
  <trkpt lat="39.07682871" lon="33.41255092"><ele>959.793</ele><time>2026-09-29T08:06:50Z</time><speed>0.000</speed><sat>37</sat></trkpt>
  <trkpt lat="39.07682869" lon="33.41255087"><ele>959.802</ele><time>2026-09-29T08:06:51Z</time><speed>0.000</speed><sat>37</sat></trkpt>
  <trkpt lat="39.07682867" lon="33.41255081"><ele>959.812</ele><time>2026-09-29T08:06:52Z</time><speed>0.000</speed><sat>37</sat></trkpt>
  <trkpt lat="39.07682865" lon="33.41255077"><ele>959.821</ele><time>2026-09-29T08:06:53Z</time><speed>0.000</speed><sat>37</sat></trkpt>
  <trkpt lat="39.07682861" lon="33.41255071"><ele>959.832</ele><time>2026-09-29T08:06:54Z</time><speed>0.000</speed><sat>37</sat></trkpt>
  <trkpt lat="39.07682857" lon="33.41255065"><ele>959.841</ele><time>2026-09-29T08:06:55Z</time><speed>0.000</speed><sat>37</sat></trkpt>
  <trkpt lat="39.07682853" lon="33.41255059"><ele>959.853</ele><time>2026-09-29T08:06:56Z</time><speed>0.000</speed><sat>37</sat></trkpt>
  <trkpt lat="39.07682848" lon="33.41255052"><ele>959.866</ele><time>2026-09-29T08:06:57Z</time><speed>0.000</speed><sat>37</sat></trkpt>
  <trkpt lat="39.07682842" lon="33.41255045"><ele>959.881</ele><time>2026-09-29T08:06:58Z</time><speed>0.000</speed><sat>37</sat></trkpt>
  <trkpt lat="39.07682837" lon="33.41255039"><ele>959.891</ele><time>2026-09-29T08:06:59Z</time><speed>0.000</speed><sat>37</sat></trkpt>
  <trkpt lat="39.07682831" lon="33.41255033"><ele>959.900</ele><time>2026-09-29T08:07:00Z</time><speed>0.000</speed><sat>37</sat></trkpt>
  <trkpt lat="39.07682827" lon="33.41255027"><ele>959.908</ele><time>2026-09-29T08:07:01Z</time><speed>0.000</speed><sat>37</sat></trkpt>
  <trkpt lat="39.07682823" lon="33.41255021"><ele>959.915</ele><time>2026-09-29T08:07:02Z</time><speed>0.000</speed><sat>37</sat></trkpt>
  <trkpt lat="39.07682817" lon="33.41255017"><ele>959.923</ele><time>2026-09-29T08:07:03Z</time><speed>0.000</speed><sat>37</sat></trkpt>
  <trkpt lat="39.07682812" lon="33.41255013"><ele>959.933</ele><time>2026-09-29T08:07:04Z</time><speed>0.000</speed><sat>37</sat></trkpt>
  <trkpt lat="39.07682806" lon="33.41255009"><ele>959.940</ele><time>2026-09-29T08:07:05Z</time><speed>0.000</speed><sat>37</sat></trkpt>
  <trkpt lat="39.07682801" lon="33.41255005"><ele>959.952</ele><time>2026-09-29T08:07:06Z</time><speed>0.000</speed><sat>37</sat></trkpt>
  <trkpt lat="39.07682795" lon="33.41255002"><ele>959.963</ele><time>2026-09-29T08:07:07Z</time><speed>0.000</speed><sat>37</sat></trkpt>
  <trkpt lat="39.07682790" lon="33.41254998"><ele>959.974</ele><time>2026-09-29T08:07:08Z</time><speed>0.000</speed><sat>37</sat></trkpt>
  <trkpt lat="39.07682786" lon="33.41254993"><ele>959.985</ele><time>2026-09-29T08:07:09Z</time><speed>0.000</speed><sat>37</sat></trkpt>
  <trkpt lat="39.07682781" lon="33.41254988"><ele>959.995</ele><time>2026-09-29T08:07:10Z</time><speed>0.000</speed><sat>37</sat></trkpt>
  <trkpt lat="39.07682776" lon="33.41254982"><ele>960.006</ele><time>2026-09-29T08:07:11Z</time><speed>0.000</speed><sat>37</sat></trkpt>
  <trkpt lat="39.07682772" lon="33.41254977"><ele>960.015</ele><time>2026-09-29T08:07:12Z</time><speed>0.000</speed><sat>37</sat></trkpt>
  <trkpt lat="39.07682768" lon="33.41254975"><ele>960.021</ele><time>2026-09-29T08:07:13Z</time><speed>0.000</speed><sat>38</sat></trkpt>
  <trkpt lat="39.07682765" lon="33.41254973"><ele>960.029</ele><time>2026-09-29T08:07:14Z</time><speed>0.000</speed><sat>38</sat></trkpt>
  <trkpt lat="39.07682761" lon="33.41254971"><ele>960.036</ele><time>2026-09-29T08:07:15Z</time><speed>0.000</speed><sat>38</sat></trkpt>
  <trkpt lat="39.07682758" lon="33.41254969"><ele>960.047</ele><time>2026-09-29T08:07:16Z</time><speed>0.000</speed><sat>38</sat></trkpt>
  <trkpt lat="39.07682756" lon="33.41254966"><ele>960.057</ele><time>2026-09-29T08:07:17Z</time><speed>0.000</speed><sat>38</sat></trkpt>
  <trkpt lat="39.07682754" lon="33.41254963"><ele>960.067</ele><time>2026-09-29T08:07:18Z</time><speed>0.000</speed><sat>38</sat></trkpt>
  <trkpt lat="39.07682752" lon="33.41254959"><ele>960.079</ele><time>2026-09-29T08:07:19Z</time><speed>0.000</speed><sat>37</sat></trkpt>
  <trkpt lat="39.07682750" lon="33.41254955"><ele>960.089</ele><time>2026-09-29T08:07:20Z</time><speed>0.000</speed><sat>37</sat></trkpt>
  <trkpt lat="39.07682749" lon="33.41254951"><ele>960.094</ele><time>2026-09-29T08:07:21Z</time><speed>0.000</speed><sat>37</sat></trkpt>
  <trkpt lat="39.07682747" lon="33.41254948"><ele>960.102</ele><time>2026-09-29T08:07:22Z</time><speed>0.000</speed><sat>37</sat></trkpt>
  <trkpt lat="39.07682745" lon="33.41254944"><ele>960.109</ele><time>2026-09-29T08:07:23Z</time><speed>0.000</speed><sat>37</sat></trkpt>
  <trkpt lat="39.07682743" lon="33.41254940"><ele>960.117</ele><time>2026-09-29T08:07:24Z</time><speed>0.000</speed><sat>37</sat></trkpt>
  <trkpt lat="39.07682741" lon="33.41254938"><ele>960.124</ele><time>2026-09-29T08:07:25Z</time><speed>0.000</speed><sat>37</sat></trkpt>
  <trkpt lat="39.07682739" lon="33.41254935"><ele>960.136</ele><time>2026-09-29T08:07:26Z</time><speed>0.000</speed><sat>37</sat></trkpt>
  <trkpt lat="39.07682736" lon="33.41254932"><ele>960.148</ele><time>2026-09-29T08:07:27Z</time><speed>0.000</speed><sat>37</sat></trkpt>
  <trkpt lat="39.07682723" lon="33.41254944"><ele>960.419</ele><time>2026-09-29T08:07:28Z</time><speed>0.000</speed><sat>37</sat></trkpt>
  <trkpt lat="39.07682770" lon="33.41254640"><ele>960.404</ele><time>2026-09-29T08:07:29Z</time><speed>0.300</speed><sat>37</sat></trkpt>
  <trkpt lat="39.07682806" lon="33.41254476"><ele>960.479</ele><time>2026-09-29T08:07:30Z</time><speed>0.000</speed><sat>36</sat></trkpt>
  <trkpt lat="39.07682854" lon="33.41254465"><ele>961.859</ele><time>2026-09-29T08:07:31Z</time><speed>0.000</speed><sat>36</sat></trkpt>
  <trkpt lat="39.07682991" lon="33.41254474"><ele>961.660</ele><time>2026-09-29T08:07:32Z</time><speed>0.000</speed><sat>36</sat></trkpt>
  <trkpt lat="39.07683185" lon="33.41254568"><ele>961.582</ele><time>2026-09-29T08:07:33Z</time><speed>0.000</speed><sat>36</sat></trkpt>
  <trkpt lat="39.07683263" lon="33.41254626"><ele>961.600</ele><time>2026-09-29T08:07:34Z</time><speed>0.000</speed><sat>36</sat></trkpt>
  <trkpt lat="39.07683296" lon="33.41254648"><ele>961.615</ele><time>2026-09-29T08:07:35Z</time><speed>0.000</speed><sat>36</sat></trkpt>
  <trkpt lat="39.07683305" lon="33.41254654"><ele>961.629</ele><time>2026-09-29T08:07:36Z</time><speed>0.000</speed><sat>36</sat></trkpt>
  <trkpt lat="39.07683302" lon="33.41254650"><ele>961.648</ele><time>2026-09-29T08:07:37Z</time><speed>0.000</speed><sat>36</sat></trkpt>
  <trkpt lat="39.07683295" lon="33.41254643"><ele>961.667</ele><time>2026-09-29T08:07:38Z</time><speed>0.000</speed><sat>36</sat></trkpt>
  <trkpt lat="39.07683286" lon="33.41254636"><ele>961.679</ele><time>2026-09-29T08:07:39Z</time><speed>0.000</speed><sat>36</sat></trkpt>
  <trkpt lat="39.07683275" lon="33.41254627"><ele>961.693</ele><time>2026-09-29T08:07:40Z</time><speed>0.000</speed><sat>36</sat></trkpt>
  <trkpt lat="39.07683266" lon="33.41254614"><ele>961.713</ele><time>2026-09-29T08:07:41Z</time><speed>0.000</speed><sat>36</sat></trkpt>
  <trkpt lat="39.07683261" lon="33.41254603"><ele>961.729</ele><time>2026-09-29T08:07:42Z</time><speed>0.000</speed><sat>36</sat></trkpt>
  <trkpt lat="39.07683251" lon="33.41254595"><ele>961.743</ele><time>2026-09-29T08:07:43Z</time><speed>0.000</speed><sat>37</sat></trkpt>
  <trkpt lat="39.07683242" lon="33.41254585"><ele>961.755</ele><time>2026-09-29T08:07:44Z</time><speed>0.000</speed><sat>37</sat></trkpt>
  <trkpt lat="39.07683238" lon="33.41254576"><ele>961.761</ele><time>2026-09-29T08:07:45Z</time><speed>0.000</speed><sat>37</sat></trkpt>
  <trkpt lat="39.07683238" lon="33.41254569"><ele>961.765</ele><time>2026-09-29T08:07:46Z</time><speed>0.000</speed><sat>37</sat></trkpt>
  <trkpt lat="39.07683235" lon="33.41254558"><ele>961.776</ele><time>2026-09-29T08:07:47Z</time><speed>0.000</speed><sat>37</sat></trkpt>
  <trkpt lat="39.07683233" lon="33.41254544"><ele>961.790</ele><time>2026-09-29T08:07:48Z</time><speed>0.000</speed><sat>37</sat></trkpt>
  <trkpt lat="39.07683229" lon="33.41254529"><ele>961.800</ele><time>2026-09-29T08:07:49Z</time><speed>0.000</speed><sat>36</sat></trkpt>
  <trkpt lat="39.07683229" lon="33.41254520"><ele>961.806</ele><time>2026-09-29T08:07:50Z</time><speed>0.000</speed><sat>37</sat></trkpt>
  <trkpt lat="39.07683229" lon="33.41254515"><ele>961.808</ele><time>2026-09-29T08:07:51Z</time><speed>0.000</speed><sat>37</sat></trkpt>
  <trkpt lat="39.07683223" lon="33.41254512"><ele>961.825</ele><time>2026-09-29T08:07:52Z</time><speed>0.000</speed><sat>37</sat></trkpt>
  <trkpt lat="39.07683219" lon="33.41254507"><ele>961.831</ele><time>2026-09-29T08:07:53Z</time><speed>0.000</speed><sat>37</sat></trkpt>
  <trkpt lat="39.07683216" lon="33.41254503"><ele>961.836</ele><time>2026-09-29T08:07:54Z</time><speed>0.000</speed><sat>37</sat></trkpt>
  <trkpt lat="39.07683218" lon="33.41254497"><ele>961.838</ele><time>2026-09-29T08:07:55Z</time><speed>0.000</speed><sat>38</sat></trkpt>
  <trkpt lat="39.07683222" lon="33.41254488"><ele>961.845</ele><time>2026-09-29T08:07:56Z</time><speed>0.000</speed><sat>38</sat></trkpt>
  <trkpt lat="39.07683224" lon="33.41254478"><ele>961.852</ele><time>2026-09-29T08:07:57Z</time><speed>0.000</speed><sat>38</sat></trkpt>
  <trkpt lat="39.07683227" lon="33.41254471"><ele>961.858</ele><time>2026-09-29T08:07:58Z</time><speed>0.000</speed><sat>37</sat></trkpt>
  <trkpt lat="39.07683227" lon="33.41254467"><ele>961.863</ele><time>2026-09-29T08:07:59Z</time><speed>0.000</speed><sat>37</sat></trkpt>
  <trkpt lat="39.07683228" lon="33.41254461"><ele>961.869</ele><time>2026-09-29T08:08:00Z</time><speed>0.000</speed><sat>37</sat></trkpt>
  <trkpt lat="39.07683228" lon="33.41254459"><ele>961.868</ele><time>2026-09-29T08:08:01Z</time><speed>0.000</speed><sat>37</sat></trkpt>
  <trkpt lat="39.07683227" lon="33.41254454"><ele>961.875</ele><time>2026-09-29T08:08:02Z</time><speed>0.000</speed><sat>38</sat></trkpt>
  <trkpt lat="39.07683226" lon="33.41254447"><ele>961.888</ele><time>2026-09-29T08:08:03Z</time><speed>0.000</speed><sat>39</sat></trkpt>
  <trkpt lat="39.07683226" lon="33.41254437"><ele>961.895</ele><time>2026-09-29T08:08:04Z</time><speed>0.000</speed><sat>39</sat></trkpt>
  <trkpt lat="39.07683229" lon="33.41254430"><ele>961.902</ele><time>2026-09-29T08:08:05Z</time><speed>0.000</speed><sat>39</sat></trkpt>
  <trkpt lat="39.07683235" lon="33.41254421"><ele>961.908</ele><time>2026-09-29T08:08:06Z</time><speed>0.000</speed><sat>39</sat></trkpt>
  <trkpt lat="39.07683244" lon="33.41254416"><ele>961.909</ele><time>2026-09-29T08:08:07Z</time><speed>0.000</speed><sat>39</sat></trkpt>
  <trkpt lat="39.07683251" lon="33.41254410"><ele>961.913</ele><time>2026-09-29T08:08:08Z</time><speed>0.000</speed><sat>39</sat></trkpt>
  <trkpt lat="39.07683258" lon="33.41254402"><ele>961.920</ele><time>2026-09-29T08:08:09Z</time><speed>0.000</speed><sat>39</sat></trkpt>
  <trkpt lat="39.07683265" lon="33.41254395"><ele>961.926</ele><time>2026-09-29T08:08:10Z</time><speed>0.000</speed><sat>38</sat></trkpt>
  <trkpt lat="39.07683270" lon="33.41254389"><ele>961.929</ele><time>2026-09-29T08:08:11Z</time><speed>0.000</speed><sat>37</sat></trkpt>
  <trkpt lat="39.07683274" lon="33.41254385"><ele>961.934</ele><time>2026-09-29T08:08:12Z</time><speed>0.000</speed><sat>36</sat></trkpt>
  <trkpt lat="39.07683375" lon="33.41254355"><ele>962.329</ele><time>2026-09-29T08:08:13Z</time><speed>0.000</speed><sat>36</sat></trkpt>
  <trkpt lat="39.07683477" lon="33.41254331"><ele>962.332</ele><time>2026-09-29T08:08:14Z</time><speed>0.000</speed><sat>36</sat></trkpt>
  <trkpt lat="39.07683528" lon="33.41254321"><ele>962.333</ele><time>2026-09-29T08:08:15Z</time><speed>0.000</speed><sat>36</sat></trkpt>
  <trkpt lat="39.07683555" lon="33.41254315"><ele>962.336</ele><time>2026-09-29T08:08:16Z</time><speed>0.000</speed><sat>36</sat></trkpt>
  <trkpt lat="39.07683571" lon="33.41254310"><ele>962.341</ele><time>2026-09-29T08:08:17Z</time><speed>0.000</speed><sat>36</sat></trkpt>
  <trkpt lat="39.07683580" lon="33.41254304"><ele>962.349</ele><time>2026-09-29T08:08:18Z</time><speed>0.000</speed><sat>36</sat></trkpt>
  <trkpt lat="39.07683585" lon="33.41254298"><ele>962.359</ele><time>2026-09-29T08:08:19Z</time><speed>0.000</speed><sat>36</sat></trkpt>
  <trkpt lat="39.07683587" lon="33.41254291"><ele>962.369</ele><time>2026-09-29T08:08:20Z</time><speed>0.000</speed><sat>36</sat></trkpt>
  <trkpt lat="39.07683588" lon="33.41254286"><ele>962.371</ele><time>2026-09-29T08:08:21Z</time><speed>0.000</speed><sat>36</sat></trkpt>
  <trkpt lat="39.07683588" lon="33.41254283"><ele>962.372</ele><time>2026-09-29T08:08:22Z</time><speed>0.000</speed><sat>37</sat></trkpt>
  <trkpt lat="39.07683588" lon="33.41254280"><ele>962.377</ele><time>2026-09-29T08:08:23Z</time><speed>0.000</speed><sat>37</sat></trkpt>
  <trkpt lat="39.07683591" lon="33.41254279"><ele>962.375</ele><time>2026-09-29T08:08:24Z</time><speed>0.000</speed><sat>36</sat></trkpt>
  <trkpt lat="39.07683596" lon="33.41254278"><ele>962.377</ele><time>2026-09-29T08:08:25Z</time><speed>0.000</speed><sat>36</sat></trkpt>
  <trkpt lat="39.07683599" lon="33.41254276"><ele>962.378</ele><time>2026-09-29T08:08:26Z</time><speed>0.000</speed><sat>36</sat></trkpt>
  <trkpt lat="39.07683818" lon="33.41254304"><ele>962.145</ele><time>2026-09-29T08:08:27Z</time><speed>0.000</speed><sat>36</sat></trkpt>
  <trkpt lat="39.07684036" lon="33.41254335"><ele>962.144</ele><time>2026-09-29T08:08:28Z</time><speed>0.000</speed><sat>36</sat></trkpt>
  <trkpt lat="39.07684141" lon="33.41254350"><ele>962.148</ele><time>2026-09-29T08:08:29Z</time><speed>0.000</speed><sat>36</sat></trkpt>
  <trkpt lat="39.07684265" lon="33.41254253"><ele>962.033</ele><time>2026-09-29T08:08:30Z</time><speed>0.000</speed><sat>36</sat></trkpt>
  <trkpt lat="39.07684355" lon="33.41253939"><ele>961.864</ele><time>2026-09-29T08:08:31Z</time><speed>0.250</speed><sat>36</sat></trkpt>
  <trkpt lat="39.07684284" lon="33.41253137"><ele>962.109</ele><time>2026-09-29T08:08:32Z</time><speed>0.770</speed><sat>36</sat></trkpt>
  <trkpt lat="39.07684196" lon="33.41252754"><ele>962.046</ele><time>2026-09-29T08:08:33Z</time><speed>0.000</speed><sat>36</sat></trkpt>
  <trkpt lat="39.07684169" lon="33.41252796"><ele>962.889</ele><time>2026-09-29T08:08:34Z</time><speed>0.000</speed><sat>36</sat></trkpt>
  <trkpt lat="39.07684027" lon="33.41253134"><ele>963.391</ele><time>2026-09-29T08:08:35Z</time><speed>0.350</speed><sat>35</sat></trkpt>
  <trkpt lat="39.07684092" lon="33.41253446"><ele>962.810</ele><time>2026-09-29T08:08:36Z</time><speed>0.000</speed><sat>35</sat></trkpt>
  <trkpt lat="39.07684236" lon="33.41253539"><ele>962.434</ele><time>2026-09-29T08:08:37Z</time><speed>0.000</speed><sat>35</sat></trkpt>
  <trkpt lat="39.07684163" lon="33.41253675"><ele>962.254</ele><time>2026-09-29T08:08:38Z</time><speed>0.310</speed><sat>35</sat></trkpt>
  <trkpt lat="39.07684264" lon="33.41253703"><ele>962.062</ele><time>2026-09-29T08:08:39Z</time><speed>0.000</speed><sat>36</sat></trkpt>
  <trkpt lat="39.07684219" lon="33.41253726"><ele>962.995</ele><time>2026-09-29T08:08:40Z</time><speed>0.000</speed><sat>36</sat></trkpt>
  <trkpt lat="39.07684046" lon="33.41253852"><ele>963.527</ele><time>2026-09-29T08:08:41Z</time><speed>0.270</speed><sat>36</sat></trkpt>
  <trkpt lat="39.07683730" lon="33.41253878"><ele>964.295</ele><time>2026-09-29T08:08:42Z</time><speed>0.340</speed><sat>36</sat></trkpt>
  <trkpt lat="39.07683686" lon="33.41253764"><ele>964.897</ele><time>2026-09-29T08:08:43Z</time><speed>0.240</speed><sat>37</sat></trkpt>
  <trkpt lat="39.07683505" lon="33.41253376"><ele>965.417</ele><time>2026-09-29T08:08:44Z</time><speed>0.340</speed><sat>37</sat></trkpt>
  <trkpt lat="39.07683341" lon="33.41253059"><ele>966.577</ele><time>2026-09-29T08:08:45Z</time><speed>0.150</speed><sat>36</sat></trkpt>
  <trkpt lat="39.07683270" lon="33.41252874"><ele>966.453</ele><time>2026-09-29T08:08:46Z</time><speed>0.000</speed><sat>37</sat></trkpt>
  <trkpt lat="39.07683278" lon="33.41252777"><ele>966.628</ele><time>2026-09-29T08:08:47Z</time><speed>0.000</speed><sat>37</sat></trkpt>
  <trkpt lat="39.07683397" lon="33.41252301"><ele>967.185</ele><time>2026-09-29T08:08:48Z</time><speed>0.370</speed><sat>36</sat></trkpt>
  <trkpt lat="39.07683469" lon="33.41252003"><ele>967.838</ele><time>2026-09-29T08:08:49Z</time><speed>0.000</speed><sat>36</sat></trkpt>
  <trkpt lat="39.07683513" lon="33.41251937"><ele>967.754</ele><time>2026-09-29T08:08:50Z</time><speed>0.000</speed><sat>37</sat></trkpt>
  <trkpt lat="39.07683525" lon="33.41251926"><ele>967.767</ele><time>2026-09-29T08:08:51Z</time><speed>0.000</speed><sat>38</sat></trkpt>
  <trkpt lat="39.07683532" lon="33.41251913"><ele>967.771</ele><time>2026-09-29T08:08:52Z</time><speed>0.000</speed><sat>38</sat></trkpt>
  <trkpt lat="39.07683535" lon="33.41251900"><ele>967.782</ele><time>2026-09-29T08:08:53Z</time><speed>0.000</speed><sat>38</sat></trkpt>
  <trkpt lat="39.07683537" lon="33.41251887"><ele>967.792</ele><time>2026-09-29T08:08:54Z</time><speed>0.000</speed><sat>38</sat></trkpt>
  <trkpt lat="39.07683538" lon="33.41251877"><ele>967.801</ele><time>2026-09-29T08:08:55Z</time><speed>0.000</speed><sat>38</sat></trkpt>
  <trkpt lat="39.07683537" lon="33.41251867"><ele>967.804</ele><time>2026-09-29T08:08:56Z</time><speed>0.000</speed><sat>38</sat></trkpt>
  <trkpt lat="39.07683538" lon="33.41251860"><ele>967.805</ele><time>2026-09-29T08:08:57Z</time><speed>0.000</speed><sat>38</sat></trkpt>
  <trkpt lat="39.07683539" lon="33.41251855"><ele>967.812</ele><time>2026-09-29T08:08:58Z</time><speed>0.000</speed><sat>38</sat></trkpt>
  <trkpt lat="39.07683537" lon="33.41251853"><ele>967.811</ele><time>2026-09-29T08:08:59Z</time><speed>0.000</speed><sat>38</sat></trkpt>
  <trkpt lat="39.07683534" lon="33.41251852"><ele>967.813</ele><time>2026-09-29T08:09:00Z</time><speed>0.000</speed><sat>38</sat></trkpt>
  <trkpt lat="39.07683533" lon="33.41251852"><ele>967.808</ele><time>2026-09-29T08:09:01Z</time><speed>0.000</speed><sat>38</sat></trkpt>
  <trkpt lat="39.07683532" lon="33.41251853"><ele>967.809</ele><time>2026-09-29T08:09:02Z</time><speed>0.000</speed><sat>38</sat></trkpt>
  <trkpt lat="39.07683529" lon="33.41251850"><ele>967.820</ele><time>2026-09-29T08:09:03Z</time><speed>0.000</speed><sat>38</sat></trkpt>
  <trkpt lat="39.07683524" lon="33.41251845"><ele>967.825</ele><time>2026-09-29T08:09:04Z</time><speed>0.000</speed><sat>38</sat></trkpt>
  <trkpt lat="39.07683520" lon="33.41251842"><ele>967.825</ele><time>2026-09-29T08:09:05Z</time><speed>0.000</speed><sat>36</sat></trkpt>
  <trkpt lat="39.07683517" lon="33.41251839"><ele>967.822</ele><time>2026-09-29T08:09:06Z</time><speed>0.000</speed><sat>37</sat></trkpt>
  <trkpt lat="39.07683514" lon="33.41251837"><ele>967.822</ele><time>2026-09-29T08:09:07Z</time><speed>0.000</speed><sat>37</sat></trkpt>
  <trkpt lat="39.07683512" lon="33.41251830"><ele>967.832</ele><time>2026-09-29T08:09:08Z</time><speed>0.000</speed><sat>36</sat></trkpt>
  <trkpt lat="39.07683511" lon="33.41251824"><ele>967.835</ele><time>2026-09-29T08:09:09Z</time><speed>0.000</speed><sat>37</sat></trkpt>
  <trkpt lat="39.07683509" lon="33.41251821"><ele>967.835</ele><time>2026-09-29T08:09:10Z</time><speed>0.000</speed><sat>37</sat></trkpt>
  <trkpt lat="39.07683507" lon="33.41251819"><ele>967.833</ele><time>2026-09-29T08:09:11Z</time><speed>0.000</speed><sat>37</sat></trkpt>
  <trkpt lat="39.07683504" lon="33.41251814"><ele>967.844</ele><time>2026-09-29T08:09:12Z</time><speed>0.000</speed><sat>37</sat></trkpt>
  <trkpt lat="39.07683501" lon="33.41251806"><ele>967.849</ele><time>2026-09-29T08:09:13Z</time><speed>0.000</speed><sat>37</sat></trkpt>
  <trkpt lat="39.07683498" lon="33.41251800"><ele>967.857</ele><time>2026-09-29T08:09:14Z</time><speed>0.000</speed><sat>37</sat></trkpt>
  <trkpt lat="39.07683496" lon="33.41251795"><ele>967.860</ele><time>2026-09-29T08:09:15Z</time><speed>0.000</speed><sat>37</sat></trkpt>
  <trkpt lat="39.07683495" lon="33.41251792"><ele>967.861</ele><time>2026-09-29T08:09:16Z</time><speed>0.000</speed><sat>37</sat></trkpt>
  <trkpt lat="39.07683494" lon="33.41251789"><ele>967.864</ele><time>2026-09-29T08:09:17Z</time><speed>0.000</speed><sat>37</sat></trkpt>
  <trkpt lat="39.07683494" lon="33.41251787"><ele>967.864</ele><time>2026-09-29T08:09:18Z</time><speed>0.000</speed><sat>37</sat></trkpt>
  <trkpt lat="39.07683492" lon="33.41251784"><ele>967.862</ele><time>2026-09-29T08:09:19Z</time><speed>0.000</speed><sat>37</sat></trkpt>
  <trkpt lat="39.07683492" lon="33.41251781"><ele>967.858</ele><time>2026-09-29T08:09:20Z</time><speed>0.000</speed><sat>37</sat></trkpt>
  <trkpt lat="39.07683492" lon="33.41251780"><ele>967.854</ele><time>2026-09-29T08:09:21Z</time><speed>0.000</speed><sat>37</sat></trkpt>
  <trkpt lat="39.07683491" lon="33.41251778"><ele>967.852</ele><time>2026-09-29T08:09:22Z</time><speed>0.000</speed><sat>37</sat></trkpt>
  <trkpt lat="39.07683491" lon="33.41251777"><ele>967.850</ele><time>2026-09-29T08:09:23Z</time><speed>0.000</speed><sat>37</sat></trkpt>
  <trkpt lat="39.07683492" lon="33.41251774"><ele>967.852</ele><time>2026-09-29T08:09:24Z</time><speed>0.000</speed><sat>38</sat></trkpt>
  <trkpt lat="39.07683491" lon="33.41251769"><ele>967.855</ele><time>2026-09-29T08:09:25Z</time><speed>0.000</speed><sat>38</sat></trkpt>
  <trkpt lat="39.07683490" lon="33.41251764"><ele>967.857</ele><time>2026-09-29T08:09:26Z</time><speed>0.000</speed><sat>37</sat></trkpt>
  <trkpt lat="39.07683490" lon="33.41251758"><ele>967.859</ele><time>2026-09-29T08:09:27Z</time><speed>0.000</speed><sat>37</sat></trkpt>
  <trkpt lat="39.07683489" lon="33.41251752"><ele>967.858</ele><time>2026-09-29T08:09:28Z</time><speed>0.000</speed><sat>37</sat></trkpt>
  <trkpt lat="39.07683488" lon="33.41251744"><ele>967.862</ele><time>2026-09-29T08:09:29Z</time><speed>0.000</speed><sat>37</sat></trkpt>
  <trkpt lat="39.07683485" lon="33.41251734"><ele>967.870</ele><time>2026-09-29T08:09:30Z</time><speed>0.000</speed><sat>37</sat></trkpt>
  <trkpt lat="39.07683483" lon="33.41251722"><ele>967.886</ele><time>2026-09-29T08:09:31Z</time><speed>0.000</speed><sat>37</sat></trkpt>
  <trkpt lat="39.07683481" lon="33.41251711"><ele>967.893</ele><time>2026-09-29T08:09:32Z</time><speed>0.000</speed><sat>37</sat></trkpt>
  <trkpt lat="39.07683481" lon="33.41251703"><ele>967.893</ele><time>2026-09-29T08:09:33Z</time><speed>0.000</speed><sat>36</sat></trkpt>
  <trkpt lat="39.07683483" lon="33.41251698"><ele>967.888</ele><time>2026-09-29T08:09:34Z</time><speed>0.000</speed><sat>36</sat></trkpt>
  <trkpt lat="39.07683482" lon="33.41251690"><ele>967.897</ele><time>2026-09-29T08:09:35Z</time><speed>0.000</speed><sat>36</sat></trkpt>
  <trkpt lat="39.07683481" lon="33.41251684"><ele>967.897</ele><time>2026-09-29T08:09:36Z</time><speed>0.000</speed><sat>36</sat></trkpt>
  <trkpt lat="39.07683480" lon="33.41251677"><ele>967.896</ele><time>2026-09-29T08:09:37Z</time><speed>0.000</speed><sat>36</sat></trkpt>
  <trkpt lat="39.07683478" lon="33.41251668"><ele>967.905</ele><time>2026-09-29T08:09:38Z</time><speed>0.000</speed><sat>36</sat></trkpt>
  <trkpt lat="39.07683476" lon="33.41251658"><ele>967.914</ele><time>2026-09-29T08:09:39Z</time><speed>0.000</speed><sat>37</sat></trkpt>
  <trkpt lat="39.07683473" lon="33.41251649"><ele>967.922</ele><time>2026-09-29T08:09:40Z</time><speed>0.000</speed><sat>37</sat></trkpt>
  <trkpt lat="39.07683471" lon="33.41251643"><ele>967.923</ele><time>2026-09-29T08:09:41Z</time><speed>0.000</speed><sat>37</sat></trkpt>
  <trkpt lat="39.07683471" lon="33.41251639"><ele>967.919</ele><time>2026-09-29T08:09:42Z</time><speed>0.000</speed><sat>38</sat></trkpt>
  <trkpt lat="39.07683472" lon="33.41251637"><ele>967.917</ele><time>2026-09-29T08:09:43Z</time><speed>0.000</speed><sat>38</sat></trkpt>
  <trkpt lat="39.07683471" lon="33.41251632"><ele>967.923</ele><time>2026-09-29T08:09:44Z</time><speed>0.000</speed><sat>38</sat></trkpt>
  <trkpt lat="39.07683468" lon="33.41251624"><ele>967.932</ele><time>2026-09-29T08:09:45Z</time><speed>0.000</speed><sat>38</sat></trkpt>
  <trkpt lat="39.07683466" lon="33.41251614"><ele>967.943</ele><time>2026-09-29T08:09:46Z</time><speed>0.000</speed><sat>37</sat></trkpt>
  <trkpt lat="39.07683462" lon="33.41251605"><ele>967.952</ele><time>2026-09-29T08:09:47Z</time><speed>0.000</speed><sat>37</sat></trkpt>
  <trkpt lat="39.07683457" lon="33.41251595"><ele>967.962</ele><time>2026-09-29T08:09:48Z</time><speed>0.000</speed><sat>38</sat></trkpt>
  <trkpt lat="39.07683454" lon="33.41251585"><ele>967.969</ele><time>2026-09-29T08:09:49Z</time><speed>0.000</speed><sat>38</sat></trkpt>
  <trkpt lat="39.07683451" lon="33.41251581"><ele>967.966</ele><time>2026-09-29T08:09:50Z</time><speed>0.000</speed><sat>38</sat></trkpt>
  <trkpt lat="39.07683448" lon="33.41251574"><ele>967.966</ele><time>2026-09-29T08:09:51Z</time><speed>0.000</speed><sat>38</sat></trkpt>
  <trkpt lat="39.07683445" lon="33.41251564"><ele>967.970</ele><time>2026-09-29T08:09:52Z</time><speed>0.000</speed><sat>38</sat></trkpt>
  <trkpt lat="39.07683440" lon="33.41251552"><ele>967.975</ele><time>2026-09-29T08:09:53Z</time><speed>0.000</speed><sat>38</sat></trkpt>
  <trkpt lat="39.07683436" lon="33.41251540"><ele>967.982</ele><time>2026-09-29T08:09:54Z</time><speed>0.000</speed><sat>38</sat></trkpt>
  <trkpt lat="39.07683432" lon="33.41251528"><ele>967.988</ele><time>2026-09-29T08:09:55Z</time><speed>0.000</speed><sat>38</sat></trkpt>
  <trkpt lat="39.07683428" lon="33.41251516"><ele>967.995</ele><time>2026-09-29T08:09:56Z</time><speed>0.000</speed><sat>38</sat></trkpt>
  <trkpt lat="39.07683425" lon="33.41251505"><ele>968.003</ele><time>2026-09-29T08:09:57Z</time><speed>0.000</speed><sat>38</sat></trkpt>
  <trkpt lat="39.07683422" lon="33.41251496"><ele>968.004</ele><time>2026-09-29T08:09:58Z</time><speed>0.000</speed><sat>38</sat></trkpt>
  <trkpt lat="39.07683421" lon="33.41251493"><ele>968.003</ele><time>2026-09-29T08:09:59Z</time><speed>0.000</speed><sat>38</sat></trkpt>
  <trkpt lat="39.07683420" lon="33.41251493"><ele>967.994</ele><time>2026-09-29T08:10:00Z</time><speed>0.000</speed><sat>38</sat></trkpt>
  <trkpt lat="39.07683419" lon="33.41251490"><ele>967.995</ele><time>2026-09-29T08:10:01Z</time><speed>0.000</speed><sat>38</sat></trkpt>
  <trkpt lat="39.07683418" lon="33.41251486"><ele>967.997</ele><time>2026-09-29T08:10:02Z</time><speed>0.000</speed><sat>38</sat></trkpt>
  <trkpt lat="39.07683417" lon="33.41251484"><ele>967.999</ele><time>2026-09-29T08:10:03Z</time><speed>0.000</speed><sat>38</sat></trkpt>
  <trkpt lat="39.07683414" lon="33.41251483"><ele>967.998</ele><time>2026-09-29T08:10:04Z</time><speed>0.000</speed><sat>38</sat></trkpt>
  <trkpt lat="39.07683412" lon="33.41251481"><ele>967.999</ele><time>2026-09-29T08:10:05Z</time><speed>0.000</speed><sat>37</sat></trkpt>
  <trkpt lat="39.07683409" lon="33.41251475"><ele>968.008</ele><time>2026-09-29T08:10:06Z</time><speed>0.000</speed><sat>37</sat></trkpt>
  <trkpt lat="39.07683404" lon="33.41251466"><ele>968.017</ele><time>2026-09-29T08:10:07Z</time><speed>0.000</speed><sat>37</sat></trkpt>
  <trkpt lat="39.07683400" lon="33.41251456"><ele>968.025</ele><time>2026-09-29T08:10:08Z</time><speed>0.000</speed><sat>37</sat></trkpt>
  <trkpt lat="39.07683396" lon="33.41251451"><ele>968.024</ele><time>2026-09-29T08:10:09Z</time><speed>0.000</speed><sat>37</sat></trkpt>
  <trkpt lat="39.07683392" lon="33.41251445"><ele>968.033</ele><time>2026-09-29T08:10:10Z</time><speed>0.000</speed><sat>37</sat></trkpt>
  <trkpt lat="39.07683389" lon="33.41251441"><ele>968.036</ele><time>2026-09-29T08:10:11Z</time><speed>0.000</speed><sat>37</sat></trkpt>
  <trkpt lat="39.07683385" lon="33.41251437"><ele>968.044</ele><time>2026-09-29T08:10:12Z</time><speed>0.000</speed><sat>38</sat></trkpt>
  <trkpt lat="39.07683380" lon="33.41251431"><ele>968.059</ele><time>2026-09-29T08:10:13Z</time><speed>0.000</speed><sat>38</sat></trkpt>
  <trkpt lat="39.07683375" lon="33.41251428"><ele>968.062</ele><time>2026-09-29T08:10:14Z</time><speed>0.000</speed><sat>38</sat></trkpt>
  <trkpt lat="39.07683372" lon="33.41251428"><ele>968.057</ele><time>2026-09-29T08:10:15Z</time><speed>0.000</speed><sat>38</sat></trkpt>
  <trkpt lat="39.07683370" lon="33.41251429"><ele>968.052</ele><time>2026-09-29T08:10:16Z</time><speed>0.000</speed><sat>38</sat></trkpt>
  <trkpt lat="39.07683368" lon="33.41251429"><ele>968.054</ele><time>2026-09-29T08:10:17Z</time><speed>0.000</speed><sat>38</sat></trkpt>
  <trkpt lat="39.07683366" lon="33.41251429"><ele>968.058</ele><time>2026-09-29T08:10:18Z</time><speed>0.000</speed><sat>38</sat></trkpt>
  <trkpt lat="39.07683361" lon="33.41251426"><ele>968.070</ele><time>2026-09-29T08:10:19Z</time><speed>0.000</speed><sat>38</sat></trkpt>
  <trkpt lat="39.07683359" lon="33.41251424"><ele>968.071</ele><time>2026-09-29T08:10:20Z</time><speed>0.000</speed><sat>39</sat></trkpt>
  <trkpt lat="39.07683355" lon="33.41251425"><ele>968.075</ele><time>2026-09-29T08:10:21Z</time><speed>0.000</speed><sat>39</sat></trkpt>
  <trkpt lat="39.07683352" lon="33.41251426"><ele>968.074</ele><time>2026-09-29T08:10:22Z</time><speed>0.000</speed><sat>39</sat></trkpt>
  <trkpt lat="39.07683348" lon="33.41251421"><ele>968.087</ele><time>2026-09-29T08:10:23Z</time><speed>0.000</speed><sat>39</sat></trkpt>
  <trkpt lat="39.07683342" lon="33.41251419"><ele>968.092</ele><time>2026-09-29T08:10:24Z</time><speed>0.000</speed><sat>39</sat></trkpt>
  <trkpt lat="39.07683337" lon="33.41251417"><ele>968.098</ele><time>2026-09-29T08:10:25Z</time><speed>0.000</speed><sat>39</sat></trkpt>
  <trkpt lat="39.07683331" lon="33.41251413"><ele>968.103</ele><time>2026-09-29T08:10:26Z</time><speed>0.000</speed><sat>39</sat></trkpt>
  <trkpt lat="39.07683324" lon="33.41251407"><ele>968.107</ele><time>2026-09-29T08:10:27Z</time><speed>0.000</speed><sat>39</sat></trkpt>
  <trkpt lat="39.07683317" lon="33.41251404"><ele>968.104</ele><time>2026-09-29T08:10:28Z</time><speed>0.000</speed><sat>39</sat></trkpt>
  <trkpt lat="39.07683312" lon="33.41251403"><ele>968.104</ele><time>2026-09-29T08:10:29Z</time><speed>0.000</speed><sat>39</sat></trkpt>
  <trkpt lat="39.07683307" lon="33.41251402"><ele>968.106</ele><time>2026-09-29T08:10:30Z</time><speed>0.000</speed><sat>39</sat></trkpt>
  <trkpt lat="39.07683303" lon="33.41251406"><ele>968.106</ele><time>2026-09-29T08:10:31Z</time><speed>0.000</speed><sat>38</sat></trkpt>
  <trkpt lat="39.07683298" lon="33.41251408"><ele>968.108</ele><time>2026-09-29T08:10:32Z</time><speed>0.000</speed><sat>38</sat></trkpt>
  <trkpt lat="39.07683292" lon="33.41251409"><ele>968.116</ele><time>2026-09-29T08:10:33Z</time><speed>0.000</speed><sat>38</sat></trkpt>
  <trkpt lat="39.07683286" lon="33.41251407"><ele>968.123</ele><time>2026-09-29T08:10:34Z</time><speed>0.000</speed><sat>38</sat></trkpt>
  <trkpt lat="39.07683278" lon="33.41251402"><ele>968.136</ele><time>2026-09-29T08:10:35Z</time><speed>0.000</speed><sat>38</sat></trkpt>
  <trkpt lat="39.07683273" lon="33.41251398"><ele>968.139</ele><time>2026-09-29T08:10:36Z</time><speed>0.000</speed><sat>38</sat></trkpt>
  <trkpt lat="39.07683269" lon="33.41251395"><ele>968.145</ele><time>2026-09-29T08:10:37Z</time><speed>0.000</speed><sat>39</sat></trkpt>
  <trkpt lat="39.07683264" lon="33.41251397"><ele>968.137</ele><time>2026-09-29T08:10:38Z</time><speed>0.000</speed><sat>39</sat></trkpt>
  <trkpt lat="39.07683258" lon="33.41251399"><ele>968.135</ele><time>2026-09-29T08:10:39Z</time><speed>0.000</speed><sat>39</sat></trkpt>
  <trkpt lat="39.07683251" lon="33.41251401"><ele>968.136</ele><time>2026-09-29T08:10:40Z</time><speed>0.000</speed><sat>39</sat></trkpt>
  <trkpt lat="39.07683244" lon="33.41251399"><ele>968.149</ele><time>2026-09-29T08:10:41Z</time><speed>0.000</speed><sat>39</sat></trkpt>
  <trkpt lat="39.07683237" lon="33.41251400"><ele>968.154</ele><time>2026-09-29T08:10:42Z</time><speed>0.000</speed><sat>38</sat></trkpt>
  <trkpt lat="39.07683231" lon="33.41251402"><ele>968.154</ele><time>2026-09-29T08:10:43Z</time><speed>0.000</speed><sat>38</sat></trkpt>
  <trkpt lat="39.07683226" lon="33.41251404"><ele>968.154</ele><time>2026-09-29T08:10:44Z</time><speed>0.000</speed><sat>38</sat></trkpt>
  <trkpt lat="39.07683221" lon="33.41251407"><ele>968.157</ele><time>2026-09-29T08:10:45Z</time><speed>0.000</speed><sat>38</sat></trkpt>
  <trkpt lat="39.07683215" lon="33.41251407"><ele>968.163</ele><time>2026-09-29T08:10:46Z</time><speed>0.000</speed><sat>38</sat></trkpt>
  <trkpt lat="39.07683208" lon="33.41251403"><ele>968.168</ele><time>2026-09-29T08:10:47Z</time><speed>0.000</speed><sat>38</sat></trkpt>
  <trkpt lat="39.07683203" lon="33.41251402"><ele>968.170</ele><time>2026-09-29T08:10:48Z</time><speed>0.000</speed><sat>38</sat></trkpt>
  <trkpt lat="39.07683196" lon="33.41251403"><ele>968.173</ele><time>2026-09-29T08:10:49Z</time><speed>0.000</speed><sat>38</sat></trkpt>
  <trkpt lat="39.07683190" lon="33.41251402"><ele>968.181</ele><time>2026-09-29T08:10:50Z</time><speed>0.000</speed><sat>38</sat></trkpt>
  <trkpt lat="39.07683185" lon="33.41251398"><ele>968.190</ele><time>2026-09-29T08:10:51Z</time><speed>0.000</speed><sat>38</sat></trkpt>
  <trkpt lat="39.07683179" lon="33.41251394"><ele>968.195</ele><time>2026-09-29T08:10:52Z</time><speed>0.000</speed><sat>38</sat></trkpt>
  <trkpt lat="39.07683172" lon="33.41251389"><ele>968.201</ele><time>2026-09-29T08:10:53Z</time><speed>0.000</speed><sat>38</sat></trkpt>
  <trkpt lat="39.07683164" lon="33.41251386"><ele>968.202</ele><time>2026-09-29T08:10:54Z</time><speed>0.000</speed><sat>38</sat></trkpt>
  <trkpt lat="39.07683157" lon="33.41251384"><ele>968.205</ele><time>2026-09-29T08:10:55Z</time><speed>0.000</speed><sat>38</sat></trkpt>
  <trkpt lat="39.07683153" lon="33.41251383"><ele>968.204</ele><time>2026-09-29T08:10:56Z</time><speed>0.000</speed><sat>38</sat></trkpt>
  <trkpt lat="39.07683147" lon="33.41251383"><ele>968.207</ele><time>2026-09-29T08:10:57Z</time><speed>0.000</speed><sat>37</sat></trkpt>
  <trkpt lat="39.07683141" lon="33.41251379"><ele>968.219</ele><time>2026-09-29T08:10:58Z</time><speed>0.000</speed><sat>37</sat></trkpt>
  <trkpt lat="39.07683136" lon="33.41251377"><ele>968.226</ele><time>2026-09-29T08:10:59Z</time><speed>0.000</speed><sat>37</sat></trkpt>
  <trkpt lat="39.07683133" lon="33.41251379"><ele>968.225</ele><time>2026-09-29T08:11:00Z</time><speed>0.000</speed><sat>37</sat></trkpt>
  <trkpt lat="39.07683130" lon="33.41251384"><ele>968.225</ele><time>2026-09-29T08:11:01Z</time><speed>0.000</speed><sat>37</sat></trkpt>
  <trkpt lat="39.07683126" lon="33.41251386"><ele>968.234</ele><time>2026-09-29T08:11:02Z</time><speed>0.000</speed><sat>37</sat></trkpt>
  <trkpt lat="39.07683120" lon="33.41251386"><ele>968.242</ele><time>2026-09-29T08:11:03Z</time><speed>0.000</speed><sat>37</sat></trkpt>
  <trkpt lat="39.07683116" lon="33.41251390"><ele>968.241</ele><time>2026-09-29T08:11:04Z</time><speed>0.000</speed><sat>37</sat></trkpt>
  <trkpt lat="39.07683113" lon="33.41251395"><ele>968.237</ele><time>2026-09-29T08:11:05Z</time><speed>0.000</speed><sat>37</sat></trkpt>
  <trkpt lat="39.07683111" lon="33.41251398"><ele>968.237</ele><time>2026-09-29T08:11:06Z</time><speed>0.000</speed><sat>37</sat></trkpt>
  <trkpt lat="39.07683111" lon="33.41251403"><ele>968.230</ele><time>2026-09-29T08:11:07Z</time><speed>0.000</speed><sat>38</sat></trkpt>
  <trkpt lat="39.07683109" lon="33.41251409"><ele>968.227</ele><time>2026-09-29T08:11:08Z</time><speed>0.000</speed><sat>38</sat></trkpt>
  <trkpt lat="39.07683106" lon="33.41251413"><ele>968.226</ele><time>2026-09-29T08:11:09Z</time><speed>0.000</speed><sat>38</sat></trkpt>
  <trkpt lat="39.07683103" lon="33.41251418"><ele>968.226</ele><time>2026-09-29T08:11:10Z</time><speed>0.000</speed><sat>38</sat></trkpt>
  <trkpt lat="39.07683101" lon="33.41251423"><ele>968.227</ele><time>2026-09-29T08:11:11Z</time><speed>0.000</speed><sat>38</sat></trkpt>
  <trkpt lat="39.07683097" lon="33.41251426"><ele>968.230</ele><time>2026-09-29T08:11:12Z</time><speed>0.000</speed><sat>38</sat></trkpt>
  <trkpt lat="39.07683090" lon="33.41251430"><ele>968.235</ele><time>2026-09-29T08:11:13Z</time><speed>0.000</speed><sat>38</sat></trkpt>
  <trkpt lat="39.07683085" lon="33.41251436"><ele>968.238</ele><time>2026-09-29T08:11:14Z</time><speed>0.000</speed><sat>38</sat></trkpt>
  <trkpt lat="39.07683080" lon="33.41251443"><ele>968.235</ele><time>2026-09-29T08:11:15Z</time><speed>0.000</speed><sat>37</sat></trkpt>
  <trkpt lat="39.07683077" lon="33.41251450"><ele>968.232</ele><time>2026-09-29T08:11:16Z</time><speed>0.000</speed><sat>37</sat></trkpt>
  <trkpt lat="39.07683073" lon="33.41251457"><ele>968.230</ele><time>2026-09-29T08:11:17Z</time><speed>0.000</speed><sat>37</sat></trkpt>
  <trkpt lat="39.07683068" lon="33.41251464"><ele>968.226</ele><time>2026-09-29T08:11:18Z</time><speed>0.000</speed><sat>37</sat></trkpt>
  <trkpt lat="39.07683065" lon="33.41251472"><ele>968.220</ele><time>2026-09-29T08:11:19Z</time><speed>0.000</speed><sat>37</sat></trkpt>
  <trkpt lat="39.07683061" lon="33.41251478"><ele>968.215</ele><time>2026-09-29T08:11:20Z</time><speed>0.000</speed><sat>37</sat></trkpt>
  <trkpt lat="39.07683057" lon="33.41251484"><ele>968.215</ele><time>2026-09-29T08:11:21Z</time><speed>0.000</speed><sat>37</sat></trkpt>
  <trkpt lat="39.07683051" lon="33.41251491"><ele>968.209</ele><time>2026-09-29T08:11:22Z</time><speed>0.000</speed><sat>37</sat></trkpt>
  <trkpt lat="39.07683045" lon="33.41251498"><ele>968.210</ele><time>2026-09-29T08:11:23Z</time><speed>0.000</speed><sat>37</sat></trkpt>
  <trkpt lat="39.07683037" lon="33.41251504"><ele>968.213</ele><time>2026-09-29T08:11:24Z</time><speed>0.000</speed><sat>37</sat></trkpt>
  <trkpt lat="39.07683030" lon="33.41251510"><ele>968.214</ele><time>2026-09-29T08:11:25Z</time><speed>0.000</speed><sat>37</sat></trkpt>
  <trkpt lat="39.07683023" lon="33.41251516"><ele>968.216</ele><time>2026-09-29T08:11:26Z</time><speed>0.000</speed><sat>37</sat></trkpt>
  <trkpt lat="39.07683018" lon="33.41251521"><ele>968.216</ele><time>2026-09-29T08:11:27Z</time><speed>0.000</speed><sat>37</sat></trkpt>
  <trkpt lat="39.07683012" lon="33.41251526"><ele>968.220</ele><time>2026-09-29T08:11:28Z</time><speed>0.000</speed><sat>37</sat></trkpt>
  <trkpt lat="39.07683006" lon="33.41251528"><ele>968.221</ele><time>2026-09-29T08:11:29Z</time><speed>0.000</speed><sat>37</sat></trkpt>
  <trkpt lat="39.07683000" lon="33.41251530"><ele>968.222</ele><time>2026-09-29T08:11:30Z</time><speed>0.000</speed><sat>37</sat></trkpt>
  <trkpt lat="39.07682995" lon="33.41251532"><ele>968.228</ele><time>2026-09-29T08:11:31Z</time><speed>0.000</speed><sat>37</sat></trkpt>
  <trkpt lat="39.07682992" lon="33.41251533"><ele>968.229</ele><time>2026-09-29T08:11:32Z</time><speed>0.000</speed><sat>37</sat></trkpt>
  <trkpt lat="39.07682987" lon="33.41251533"><ele>968.236</ele><time>2026-09-29T08:11:33Z</time><speed>0.000</speed><sat>37</sat></trkpt>
  <trkpt lat="39.07682980" lon="33.41251535"><ele>968.240</ele><time>2026-09-29T08:11:34Z</time><speed>0.000</speed><sat>38</sat></trkpt>
  <trkpt lat="39.07682972" lon="33.41251538"><ele>968.244</ele><time>2026-09-29T08:11:35Z</time><speed>0.000</speed><sat>38</sat></trkpt>
  <trkpt lat="39.07682963" lon="33.41251540"><ele>968.249</ele><time>2026-09-29T08:11:36Z</time><speed>0.000</speed><sat>38</sat></trkpt>
  <trkpt lat="39.07682953" lon="33.41251541"><ele>968.258</ele><time>2026-09-29T08:11:37Z</time><speed>0.000</speed><sat>38</sat></trkpt>
  <trkpt lat="39.07682941" lon="33.41251539"><ele>968.265</ele><time>2026-09-29T08:11:38Z</time><speed>0.000</speed><sat>38</sat></trkpt>
  <trkpt lat="39.07682930" lon="33.41251538"><ele>968.270</ele><time>2026-09-29T08:11:39Z</time><speed>0.000</speed><sat>38</sat></trkpt>
  <trkpt lat="39.07682921" lon="33.41251538"><ele>968.273</ele><time>2026-09-29T08:11:40Z</time><speed>0.000</speed><sat>38</sat></trkpt>
  <trkpt lat="39.07682912" lon="33.41251539"><ele>968.277</ele><time>2026-09-29T08:11:41Z</time><speed>0.000</speed><sat>38</sat></trkpt>
  <trkpt lat="39.07682904" lon="33.41251540"><ele>968.280</ele><time>2026-09-29T08:11:42Z</time><speed>0.000</speed><sat>38</sat></trkpt>
  <trkpt lat="39.07682897" lon="33.41251540"><ele>968.282</ele><time>2026-09-29T08:11:43Z</time><speed>0.000</speed><sat>38</sat></trkpt>
  <trkpt lat="39.07682890" lon="33.41251542"><ele>968.282</ele><time>2026-09-29T08:11:44Z</time><speed>0.000</speed><sat>38</sat></trkpt>
  <trkpt lat="39.07682884" lon="33.41251544"><ele>968.282</ele><time>2026-09-29T08:11:45Z</time><speed>0.000</speed><sat>38</sat></trkpt>
  <trkpt lat="39.07682879" lon="33.41251544"><ele>968.289</ele><time>2026-09-29T08:11:46Z</time><speed>0.000</speed><sat>38</sat></trkpt>
  <trkpt lat="39.07682873" lon="33.41251543"><ele>968.298</ele><time>2026-09-29T08:11:47Z</time><speed>0.000</speed><sat>38</sat></trkpt>
  <trkpt lat="39.07682866" lon="33.41251542"><ele>968.305</ele><time>2026-09-29T08:11:48Z</time><speed>0.000</speed><sat>38</sat></trkpt>
  <trkpt lat="39.07682859" lon="33.41251540"><ele>968.309</ele><time>2026-09-29T08:11:49Z</time><speed>0.000</speed><sat>38</sat></trkpt>
  <trkpt lat="39.07682852" lon="33.41251537"><ele>968.311</ele><time>2026-09-29T08:11:50Z</time><speed>0.000</speed><sat>38</sat></trkpt>
  <trkpt lat="39.07682845" lon="33.41251533"><ele>968.322</ele><time>2026-09-29T08:11:51Z</time><speed>0.000</speed><sat>38</sat></trkpt>
  <trkpt lat="39.07682837" lon="33.41251528"><ele>968.328</ele><time>2026-09-29T08:11:52Z</time><speed>0.000</speed><sat>38</sat></trkpt>
  <trkpt lat="39.07682830" lon="33.41251523"><ele>968.334</ele><time>2026-09-29T08:11:53Z</time><speed>0.000</speed><sat>38</sat></trkpt>
  <trkpt lat="39.07682825" lon="33.41251519"><ele>968.337</ele><time>2026-09-29T08:11:54Z</time><speed>0.000</speed><sat>38</sat></trkpt>
  <trkpt lat="39.07682820" lon="33.41251517"><ele>968.339</ele><time>2026-09-29T08:11:55Z</time><speed>0.000</speed><sat>38</sat></trkpt>
  <trkpt lat="39.07682815" lon="33.41251517"><ele>968.340</ele><time>2026-09-29T08:11:56Z</time><speed>0.000</speed><sat>38</sat></trkpt>
  <trkpt lat="39.07682809" lon="33.41251514"><ele>968.344</ele><time>2026-09-29T08:11:57Z</time><speed>0.000</speed><sat>38</sat></trkpt>
  <trkpt lat="39.07682803" lon="33.41251508"><ele>968.346</ele><time>2026-09-29T08:11:58Z</time><speed>0.000</speed><sat>38</sat></trkpt>
  <trkpt lat="39.07682795" lon="33.41251503"><ele>968.351</ele><time>2026-09-29T08:11:59Z</time><speed>0.000</speed><sat>38</sat></trkpt>
  <trkpt lat="39.07682788" lon="33.41251499"><ele>968.357</ele><time>2026-09-29T08:12:00Z</time><speed>0.000</speed><sat>38</sat></trkpt>
  <trkpt lat="39.07682782" lon="33.41251496"><ele>968.364</ele><time>2026-09-29T08:12:01Z</time><speed>0.000</speed><sat>38</sat></trkpt>
  <trkpt lat="39.07682776" lon="33.41251493"><ele>968.368</ele><time>2026-09-29T08:12:02Z</time><speed>0.000</speed><sat>38</sat></trkpt>
  <trkpt lat="39.07682771" lon="33.41251488"><ele>968.371</ele><time>2026-09-29T08:12:03Z</time><speed>0.000</speed><sat>38</sat></trkpt>
  <trkpt lat="39.07682769" lon="33.41251483"><ele>968.376</ele><time>2026-09-29T08:12:04Z</time><speed>0.000</speed><sat>38</sat></trkpt>
  <trkpt lat="39.07682765" lon="33.41251478"><ele>968.378</ele><time>2026-09-29T08:12:05Z</time><speed>0.000</speed><sat>38</sat></trkpt>
  <trkpt lat="39.07682763" lon="33.41251476"><ele>968.376</ele><time>2026-09-29T08:12:06Z</time><speed>0.000</speed><sat>38</sat></trkpt>
  <trkpt lat="39.07682763" lon="33.41251475"><ele>968.371</ele><time>2026-09-29T08:12:07Z</time><speed>0.000</speed><sat>38</sat></trkpt>
  <trkpt lat="39.07682761" lon="33.41251474"><ele>968.366</ele><time>2026-09-29T08:12:08Z</time><speed>0.000</speed><sat>38</sat></trkpt>
  <trkpt lat="39.07682760" lon="33.41251474"><ele>968.360</ele><time>2026-09-29T08:12:09Z</time><speed>0.000</speed><sat>38</sat></trkpt>
  <trkpt lat="39.07682759" lon="33.41251473"><ele>968.364</ele><time>2026-09-29T08:12:10Z</time><speed>0.000</speed><sat>38</sat></trkpt>
  <trkpt lat="39.07682758" lon="33.41251470"><ele>968.361</ele><time>2026-09-29T08:12:11Z</time><speed>0.000</speed><sat>38</sat></trkpt>
  <trkpt lat="39.07682756" lon="33.41251466"><ele>968.364</ele><time>2026-09-29T08:12:12Z</time><speed>0.000</speed><sat>38</sat></trkpt>
  <trkpt lat="39.07682753" lon="33.41251462"><ele>968.366</ele><time>2026-09-29T08:12:13Z</time><speed>0.000</speed><sat>37</sat></trkpt>
  <trkpt lat="39.07682750" lon="33.41251457"><ele>968.371</ele><time>2026-09-29T08:12:14Z</time><speed>0.000</speed><sat>37</sat></trkpt>
  <trkpt lat="39.07682745" lon="33.41251451"><ele>968.373</ele><time>2026-09-29T08:12:15Z</time><speed>0.000</speed><sat>37</sat></trkpt>
  <trkpt lat="39.07682742" lon="33.41251444"><ele>968.377</ele><time>2026-09-29T08:12:16Z</time><speed>0.000</speed><sat>37</sat></trkpt>
  <trkpt lat="39.07682739" lon="33.41251436"><ele>968.377</ele><time>2026-09-29T08:12:17Z</time><speed>0.000</speed><sat>37</sat></trkpt>
  <trkpt lat="39.07682737" lon="33.41251429"><ele>968.378</ele><time>2026-09-29T08:12:18Z</time><speed>0.000</speed><sat>37</sat></trkpt>
  <trkpt lat="39.07682736" lon="33.41251424"><ele>968.375</ele><time>2026-09-29T08:12:19Z</time><speed>0.000</speed><sat>37</sat></trkpt>
  <trkpt lat="39.07682736" lon="33.41251421"><ele>968.372</ele><time>2026-09-29T08:12:20Z</time><speed>0.000</speed><sat>37</sat></trkpt>
  <trkpt lat="39.07682738" lon="33.41251418"><ele>968.370</ele><time>2026-09-29T08:12:21Z</time><speed>0.000</speed><sat>37</sat></trkpt>
  <trkpt lat="39.07682832" lon="33.41251573"><ele>967.538</ele><time>2026-09-29T08:12:22Z</time><speed>0.210</speed><sat>38</sat></trkpt>
  <trkpt lat="39.07682897" lon="33.41251773"><ele>967.533</ele><time>2026-09-29T08:12:23Z</time><speed>0.000</speed><sat>39</sat></trkpt>
  <trkpt lat="39.07682897" lon="33.41251918"><ele>967.515</ele><time>2026-09-29T08:12:24Z</time><speed>0.000</speed><sat>39</sat></trkpt>
  <trkpt lat="39.07682899" lon="33.41251997"><ele>967.494</ele><time>2026-09-29T08:12:25Z</time><speed>0.000</speed><sat>39</sat></trkpt>
  <trkpt lat="39.07682902" lon="33.41252039"><ele>967.485</ele><time>2026-09-29T08:12:26Z</time><speed>0.000</speed><sat>39</sat></trkpt>
  <trkpt lat="39.07682905" lon="33.41252063"><ele>967.472</ele><time>2026-09-29T08:12:27Z</time><speed>0.000</speed><sat>39</sat></trkpt>
  <trkpt lat="39.07682909" lon="33.41252078"><ele>967.461</ele><time>2026-09-29T08:12:28Z</time><speed>0.000</speed><sat>39</sat></trkpt>
  <trkpt lat="39.07682913" lon="33.41252089"><ele>967.450</ele><time>2026-09-29T08:12:29Z</time><speed>0.000</speed><sat>39</sat></trkpt>
  <trkpt lat="39.07682915" lon="33.41252099"><ele>967.432</ele><time>2026-09-29T08:12:30Z</time><speed>0.000</speed><sat>39</sat></trkpt>
  <trkpt lat="39.07682916" lon="33.41252111"><ele>967.403</ele><time>2026-09-29T08:12:31Z</time><speed>0.000</speed><sat>38</sat></trkpt>
  <trkpt lat="39.07682918" lon="33.41252124"><ele>967.380</ele><time>2026-09-29T08:12:32Z</time><speed>0.000</speed><sat>38</sat></trkpt>
  <trkpt lat="39.07682922" lon="33.41252138"><ele>967.362</ele><time>2026-09-29T08:12:33Z</time><speed>0.000</speed><sat>38</sat></trkpt>
  <trkpt lat="39.07682925" lon="33.41252151"><ele>967.347</ele><time>2026-09-29T08:12:34Z</time><speed>0.000</speed><sat>38</sat></trkpt>
  <trkpt lat="39.07682928" lon="33.41252162"><ele>967.333</ele><time>2026-09-29T08:12:35Z</time><speed>0.000</speed><sat>38</sat></trkpt>
  <trkpt lat="39.07682931" lon="33.41252173"><ele>967.311</ele><time>2026-09-29T08:12:36Z</time><speed>0.000</speed><sat>38</sat></trkpt>
  <trkpt lat="39.07682935" lon="33.41252185"><ele>967.289</ele><time>2026-09-29T08:12:37Z</time><speed>0.000</speed><sat>38</sat></trkpt>
  <trkpt lat="39.07682939" lon="33.41252197"><ele>967.265</ele><time>2026-09-29T08:12:38Z</time><speed>0.000</speed><sat>38</sat></trkpt>
  <trkpt lat="39.07682941" lon="33.41252209"><ele>967.245</ele><time>2026-09-29T08:12:39Z</time><speed>0.000</speed><sat>38</sat></trkpt>
  <trkpt lat="39.07682942" lon="33.41252219"><ele>967.228</ele><time>2026-09-29T08:12:40Z</time><speed>0.000</speed><sat>38</sat></trkpt>
  <trkpt lat="39.07682941" lon="33.41252228"><ele>967.213</ele><time>2026-09-29T08:12:41Z</time><speed>0.000</speed><sat>38</sat></trkpt>
  <trkpt lat="39.07682942" lon="33.41252239"><ele>967.194</ele><time>2026-09-29T08:12:42Z</time><speed>0.000</speed><sat>38</sat></trkpt>
  <trkpt lat="39.07682944" lon="33.41252251"><ele>967.175</ele><time>2026-09-29T08:12:43Z</time><speed>0.000</speed><sat>38</sat></trkpt>
  <trkpt lat="39.07682948" lon="33.41252260"><ele>967.153</ele><time>2026-09-29T08:12:44Z</time><speed>0.000</speed><sat>37</sat></trkpt>
  <trkpt lat="39.07682951" lon="33.41252270"><ele>967.131</ele><time>2026-09-29T08:12:45Z</time><speed>0.000</speed><sat>37</sat></trkpt>
  <trkpt lat="39.07682957" lon="33.41252280"><ele>967.106</ele><time>2026-09-29T08:12:46Z</time><speed>0.000</speed><sat>37</sat></trkpt>
  <trkpt lat="39.07682963" lon="33.41252294"><ele>967.078</ele><time>2026-09-29T08:12:47Z</time><speed>0.000</speed><sat>37</sat></trkpt>
  <trkpt lat="39.07682971" lon="33.41252309"><ele>967.056</ele><time>2026-09-29T08:12:48Z</time><speed>0.000</speed><sat>37</sat></trkpt>
  <trkpt lat="39.07682978" lon="33.41252323"><ele>967.037</ele><time>2026-09-29T08:12:49Z</time><speed>0.000</speed><sat>37</sat></trkpt>
  <trkpt lat="39.07682984" lon="33.41252336"><ele>967.017</ele><time>2026-09-29T08:12:50Z</time><speed>0.000</speed><sat>37</sat></trkpt>
  <trkpt lat="39.07682990" lon="33.41252347"><ele>967.000</ele><time>2026-09-29T08:12:51Z</time><speed>0.000</speed><sat>37</sat></trkpt>
  <trkpt lat="39.07682997" lon="33.41252358"><ele>966.978</ele><time>2026-09-29T08:12:52Z</time><speed>0.000</speed><sat>38</sat></trkpt>
  <trkpt lat="39.07683004" lon="33.41252370"><ele>966.954</ele><time>2026-09-29T08:12:53Z</time><speed>0.000</speed><sat>38</sat></trkpt>
  <trkpt lat="39.07683009" lon="33.41252381"><ele>966.935</ele><time>2026-09-29T08:12:54Z</time><speed>0.000</speed><sat>38</sat></trkpt>
  <trkpt lat="39.07683014" lon="33.41252391"><ele>966.922</ele><time>2026-09-29T08:12:55Z</time><speed>0.000</speed><sat>38</sat></trkpt>
  <trkpt lat="39.07683018" lon="33.41252400"><ele>966.910</ele><time>2026-09-29T08:12:56Z</time><speed>0.000</speed><sat>38</sat></trkpt>
  <trkpt lat="39.07683020" lon="33.41252408"><ele>966.900</ele><time>2026-09-29T08:12:57Z</time><speed>0.000</speed><sat>38</sat></trkpt>
  <trkpt lat="39.07683021" lon="33.41252415"><ele>966.885</ele><time>2026-09-29T08:12:58Z</time><speed>0.000</speed><sat>38</sat></trkpt>
  <trkpt lat="39.07683022" lon="33.41252423"><ele>966.869</ele><time>2026-09-29T08:12:59Z</time><speed>0.000</speed><sat>37</sat></trkpt>
  <trkpt lat="39.07683024" lon="33.41252432"><ele>966.850</ele><time>2026-09-29T08:13:00Z</time><speed>0.000</speed><sat>37</sat></trkpt>
  <trkpt lat="39.07683027" lon="33.41252442"><ele>966.831</ele><time>2026-09-29T08:13:01Z</time><speed>0.000</speed><sat>37</sat></trkpt>
  <trkpt lat="39.07683028" lon="33.41252455"><ele>966.819</ele><time>2026-09-29T08:13:02Z</time><speed>0.000</speed><sat>37</sat></trkpt>
  <trkpt lat="39.07683030" lon="33.41252467"><ele>966.802</ele><time>2026-09-29T08:13:03Z</time><speed>0.000</speed><sat>37</sat></trkpt>
  <trkpt lat="39.07683032" lon="33.41252477"><ele>966.786</ele><time>2026-09-29T08:13:04Z</time><speed>0.000</speed><sat>37</sat></trkpt>
  <trkpt lat="39.07683035" lon="33.41252488"><ele>966.770</ele><time>2026-09-29T08:13:05Z</time><speed>0.000</speed><sat>37</sat></trkpt>
  <trkpt lat="39.07683037" lon="33.41252499"><ele>966.754</ele><time>2026-09-29T08:13:06Z</time><speed>0.000</speed><sat>37</sat></trkpt>
  <trkpt lat="39.07683038" lon="33.41252511"><ele>966.739</ele><time>2026-09-29T08:13:07Z</time><speed>0.000</speed><sat>37</sat></trkpt>
  <trkpt lat="39.07683037" lon="33.41252522"><ele>966.724</ele><time>2026-09-29T08:13:08Z</time><speed>0.000</speed><sat>38</sat></trkpt>
  <trkpt lat="39.07683036" lon="33.41252532"><ele>966.711</ele><time>2026-09-29T08:13:09Z</time><speed>0.000</speed><sat>38</sat></trkpt>
  <trkpt lat="39.07683035" lon="33.41252543"><ele>966.695</ele><time>2026-09-29T08:13:10Z</time><speed>0.000</speed><sat>38</sat></trkpt>
  <trkpt lat="39.07683035" lon="33.41252555"><ele>966.674</ele><time>2026-09-29T08:13:11Z</time><speed>0.000</speed><sat>38</sat></trkpt>
  <trkpt lat="39.07683034" lon="33.41252565"><ele>966.654</ele><time>2026-09-29T08:13:12Z</time><speed>0.000</speed><sat>38</sat></trkpt>
  <trkpt lat="39.07683033" lon="33.41252577"><ele>966.628</ele><time>2026-09-29T08:13:13Z</time><speed>0.000</speed><sat>38</sat></trkpt>
  <trkpt lat="39.07683032" lon="33.41252590"><ele>966.606</ele><time>2026-09-29T08:13:14Z</time><speed>0.000</speed><sat>38</sat></trkpt>
  <trkpt lat="39.07683032" lon="33.41252604"><ele>966.586</ele><time>2026-09-29T08:13:15Z</time><speed>0.000</speed><sat>38</sat></trkpt>
  <trkpt lat="39.07683031" lon="33.41252615"><ele>966.565</ele><time>2026-09-29T08:13:16Z</time><speed>0.000</speed><sat>38</sat></trkpt>
  <trkpt lat="39.07683029" lon="33.41252624"><ele>966.552</ele><time>2026-09-29T08:13:17Z</time><speed>0.000</speed><sat>38</sat></trkpt>
  <trkpt lat="39.07683028" lon="33.41252633"><ele>966.532</ele><time>2026-09-29T08:13:18Z</time><speed>0.000</speed><sat>38</sat></trkpt>
  <trkpt lat="39.07683028" lon="33.41252643"><ele>966.512</ele><time>2026-09-29T08:13:19Z</time><speed>0.000</speed><sat>39</sat></trkpt>
  <trkpt lat="39.07683030" lon="33.41252656"><ele>966.492</ele><time>2026-09-29T08:13:20Z</time><speed>0.000</speed><sat>39</sat></trkpt>
  <trkpt lat="39.07683031" lon="33.41252669"><ele>966.470</ele><time>2026-09-29T08:13:21Z</time><speed>0.000</speed><sat>39</sat></trkpt>
  <trkpt lat="39.07683034" lon="33.41252680"><ele>966.453</ele><time>2026-09-29T08:13:22Z</time><speed>0.000</speed><sat>39</sat></trkpt>
  <trkpt lat="39.07683038" lon="33.41252690"><ele>966.434</ele><time>2026-09-29T08:13:23Z</time><speed>0.000</speed><sat>39</sat></trkpt>
  <trkpt lat="39.07683042" lon="33.41252701"><ele>966.416</ele><time>2026-09-29T08:13:24Z</time><speed>0.000</speed><sat>38</sat></trkpt>
  <trkpt lat="39.07683045" lon="33.41252712"><ele>966.399</ele><time>2026-09-29T08:13:25Z</time><speed>0.000</speed><sat>38</sat></trkpt>
  <trkpt lat="39.07683048" lon="33.41252724"><ele>966.381</ele><time>2026-09-29T08:13:26Z</time><speed>0.000</speed><sat>38</sat></trkpt>
  <trkpt lat="39.07683050" lon="33.41252736"><ele>966.360</ele><time>2026-09-29T08:13:27Z</time><speed>0.000</speed><sat>38</sat></trkpt>
  <trkpt lat="39.07683054" lon="33.41252748"><ele>966.339</ele><time>2026-09-29T08:13:28Z</time><speed>0.000</speed><sat>38</sat></trkpt>
  <trkpt lat="39.07683057" lon="33.41252759"><ele>966.318</ele><time>2026-09-29T08:13:29Z</time><speed>0.000</speed><sat>38</sat></trkpt>
  <trkpt lat="39.07683062" lon="33.41252771"><ele>966.297</ele><time>2026-09-29T08:13:30Z</time><speed>0.000</speed><sat>38</sat></trkpt>
  <trkpt lat="39.07683067" lon="33.41252784"><ele>966.275</ele><time>2026-09-29T08:13:31Z</time><speed>0.000</speed><sat>39</sat></trkpt>
  <trkpt lat="39.07683073" lon="33.41252798"><ele>966.250</ele><time>2026-09-29T08:13:32Z</time><speed>0.000</speed><sat>39</sat></trkpt>
  <trkpt lat="39.07683078" lon="33.41252812"><ele>966.233</ele><time>2026-09-29T08:13:33Z</time><speed>0.000</speed><sat>39</sat></trkpt>
  <trkpt lat="39.07683084" lon="33.41252826"><ele>966.207</ele><time>2026-09-29T08:13:34Z</time><speed>0.000</speed><sat>39</sat></trkpt>
  <trkpt lat="39.07683088" lon="33.41252841"><ele>966.183</ele><time>2026-09-29T08:13:35Z</time><speed>0.000</speed><sat>39</sat></trkpt>
  <trkpt lat="39.07683091" lon="33.41252854"><ele>966.159</ele><time>2026-09-29T08:13:36Z</time><speed>0.000</speed><sat>40</sat></trkpt>
  <trkpt lat="39.07683264" lon="33.41252958"><ele>964.256</ele><time>2026-09-29T08:13:37Z</time><speed>0.240</speed><sat>40</sat></trkpt>
  <trkpt lat="39.07683343" lon="33.41252935"><ele>964.329</ele><time>2026-09-29T08:13:38Z</time><speed>0.000</speed><sat>40</sat></trkpt>
  <trkpt lat="39.07683456" lon="33.41253131"><ele>964.330</ele><time>2026-09-29T08:13:39Z</time><speed>0.000</speed><sat>40</sat></trkpt>
  <trkpt lat="39.07683521" lon="33.41253241"><ele>964.329</ele><time>2026-09-29T08:13:40Z</time><speed>0.000</speed><sat>40</sat></trkpt>
  <trkpt lat="39.07683553" lon="33.41253294"><ele>964.326</ele><time>2026-09-29T08:13:41Z</time><speed>0.000</speed><sat>40</sat></trkpt>
  <trkpt lat="39.07683568" lon="33.41253320"><ele>964.322</ele><time>2026-09-29T08:13:42Z</time><speed>0.000</speed><sat>40</sat></trkpt>
  <trkpt lat="39.07683576" lon="33.41253331"><ele>964.321</ele><time>2026-09-29T08:13:43Z</time><speed>0.000</speed><sat>40</sat></trkpt>
  <trkpt lat="39.07683580" lon="33.41253336"><ele>964.318</ele><time>2026-09-29T08:13:44Z</time><speed>0.000</speed><sat>40</sat></trkpt>
  <trkpt lat="39.07683582" lon="33.41253337"><ele>964.315</ele><time>2026-09-29T08:13:45Z</time><speed>0.000</speed><sat>40</sat></trkpt>
  <trkpt lat="39.07683582" lon="33.41253336"><ele>964.313</ele><time>2026-09-29T08:13:46Z</time><speed>0.000</speed><sat>39</sat></trkpt>
  <trkpt lat="39.07683581" lon="33.41253335"><ele>964.311</ele><time>2026-09-29T08:13:47Z</time><speed>0.000</speed><sat>39</sat></trkpt>
  <trkpt lat="39.07683580" lon="33.41253334"><ele>964.308</ele><time>2026-09-29T08:13:48Z</time><speed>0.000</speed><sat>38</sat></trkpt>
  <trkpt lat="39.07683579" lon="33.41253332"><ele>964.303</ele><time>2026-09-29T08:13:49Z</time><speed>0.000</speed><sat>38</sat></trkpt>
  <trkpt lat="39.07683579" lon="33.41253330"><ele>964.301</ele><time>2026-09-29T08:13:50Z</time><speed>0.000</speed><sat>37</sat></trkpt>
  <trkpt lat="39.07683579" lon="33.41253329"><ele>964.297</ele><time>2026-09-29T08:13:51Z</time><speed>0.000</speed><sat>37</sat></trkpt>
  <trkpt lat="39.07683578" lon="33.41253326"><ele>964.297</ele><time>2026-09-29T08:13:52Z</time><speed>0.000</speed><sat>37</sat></trkpt>
  <trkpt lat="39.07683576" lon="33.41253324"><ele>964.296</ele><time>2026-09-29T08:13:53Z</time><speed>0.000</speed><sat>37</sat></trkpt>
  <trkpt lat="39.07683575" lon="33.41253322"><ele>964.295</ele><time>2026-09-29T08:13:54Z</time><speed>0.000</speed><sat>37</sat></trkpt>
  <trkpt lat="39.07683575" lon="33.41253320"><ele>964.294</ele><time>2026-09-29T08:13:55Z</time><speed>0.000</speed><sat>37</sat></trkpt>
  <trkpt lat="39.07683575" lon="33.41253319"><ele>964.292</ele><time>2026-09-29T08:13:56Z</time><speed>0.000</speed><sat>37</sat></trkpt>
  <trkpt lat="39.07683576" lon="33.41253317"><ele>964.290</ele><time>2026-09-29T08:13:57Z</time><speed>0.000</speed><sat>37</sat></trkpt>
  <trkpt lat="39.07683577" lon="33.41253316"><ele>964.287</ele><time>2026-09-29T08:13:58Z</time><speed>0.000</speed><sat>37</sat></trkpt>
  <trkpt lat="39.07683577" lon="33.41253315"><ele>964.286</ele><time>2026-09-29T08:13:59Z</time><speed>0.000</speed><sat>37</sat></trkpt>
  <trkpt lat="39.07683578" lon="33.41253315"><ele>964.283</ele><time>2026-09-29T08:14:00Z</time><speed>0.000</speed><sat>37</sat></trkpt>
  <trkpt lat="39.07683579" lon="33.41253315"><ele>964.281</ele><time>2026-09-29T08:14:01Z</time><speed>0.000</speed><sat>37</sat></trkpt>
  <trkpt lat="39.07683579" lon="33.41253316"><ele>964.278</ele><time>2026-09-29T08:14:02Z</time><speed>0.000</speed><sat>38</sat></trkpt>
  <trkpt lat="39.07683580" lon="33.41253317"><ele>964.276</ele><time>2026-09-29T08:14:03Z</time><speed>0.000</speed><sat>38</sat></trkpt>
  <trkpt lat="39.07683580" lon="33.41253317"><ele>964.274</ele><time>2026-09-29T08:14:04Z</time><speed>0.000</speed><sat>38</sat></trkpt>
  <trkpt lat="39.07683580" lon="33.41253317"><ele>964.271</ele><time>2026-09-29T08:14:05Z</time><speed>0.000</speed><sat>38</sat></trkpt>
  <trkpt lat="39.07683581" lon="33.41253317"><ele>964.268</ele><time>2026-09-29T08:14:06Z</time><speed>0.000</speed><sat>39</sat></trkpt>
  <trkpt lat="39.07683581" lon="33.41253317"><ele>964.267</ele><time>2026-09-29T08:14:07Z</time><speed>0.000</speed><sat>39</sat></trkpt>
  <trkpt lat="39.07683582" lon="33.41253317"><ele>964.265</ele><time>2026-09-29T08:14:08Z</time><speed>0.000</speed><sat>38</sat></trkpt>
  <trkpt lat="39.07683583" lon="33.41253316"><ele>964.264</ele><time>2026-09-29T08:14:09Z</time><speed>0.000</speed><sat>38</sat></trkpt>
  <trkpt lat="39.07683585" lon="33.41253314"><ele>964.265</ele><time>2026-09-29T08:14:10Z</time><speed>0.000</speed><sat>38</sat></trkpt>
  <trkpt lat="39.07683586" lon="33.41253312"><ele>964.266</ele><time>2026-09-29T08:14:11Z</time><speed>0.000</speed><sat>39</sat></trkpt>
  <trkpt lat="39.07683587" lon="33.41253311"><ele>964.267</ele><time>2026-09-29T08:14:12Z</time><speed>0.000</speed><sat>39</sat></trkpt>
  <trkpt lat="39.07683587" lon="33.41253308"><ele>964.267</ele><time>2026-09-29T08:14:13Z</time><speed>0.000</speed><sat>39</sat></trkpt>
  <trkpt lat="39.07683588" lon="33.41253306"><ele>964.269</ele><time>2026-09-29T08:14:14Z</time><speed>0.000</speed><sat>39</sat></trkpt>
  <trkpt lat="39.07683587" lon="33.41253304"><ele>964.267</ele><time>2026-09-29T08:14:15Z</time><speed>0.000</speed><sat>38</sat></trkpt>
  <trkpt lat="39.07683587" lon="33.41253302"><ele>964.265</ele><time>2026-09-29T08:14:16Z</time><speed>0.000</speed><sat>38</sat></trkpt>
  <trkpt lat="39.07683587" lon="33.41253300"><ele>964.263</ele><time>2026-09-29T08:14:17Z</time><speed>0.000</speed><sat>38</sat></trkpt>
  <trkpt lat="39.07683586" lon="33.41253298"><ele>964.260</ele><time>2026-09-29T08:14:18Z</time><speed>0.000</speed><sat>38</sat></trkpt>
  <trkpt lat="39.07683586" lon="33.41253296"><ele>964.262</ele><time>2026-09-29T08:14:19Z</time><speed>0.000</speed><sat>38</sat></trkpt>
  <trkpt lat="39.07683584" lon="33.41253294"><ele>964.262</ele><time>2026-09-29T08:14:20Z</time><speed>0.000</speed><sat>38</sat></trkpt>
  <trkpt lat="39.07683584" lon="33.41253294"><ele>964.260</ele><time>2026-09-29T08:14:21Z</time><speed>0.000</speed><sat>38</sat></trkpt>
  <trkpt lat="39.07683584" lon="33.41253294"><ele>964.256</ele><time>2026-09-29T08:14:22Z</time><speed>0.000</speed><sat>38</sat></trkpt>
  <trkpt lat="39.07683585" lon="33.41253296"><ele>964.255</ele><time>2026-09-29T08:14:23Z</time><speed>0.000</speed><sat>38</sat></trkpt>
  <trkpt lat="39.07683585" lon="33.41253295"><ele>964.253</ele><time>2026-09-29T08:14:24Z</time><speed>0.000</speed><sat>37</sat></trkpt>
  <trkpt lat="39.07683586" lon="33.41253295"><ele>964.248</ele><time>2026-09-29T08:14:25Z</time><speed>0.000</speed><sat>37</sat></trkpt>
  <trkpt lat="39.07683587" lon="33.41253295"><ele>964.244</ele><time>2026-09-29T08:14:26Z</time><speed>0.000</speed><sat>37</sat></trkpt>
  <trkpt lat="39.07683587" lon="33.41253296"><ele>964.242</ele><time>2026-09-29T08:14:27Z</time><speed>0.000</speed><sat>38</sat></trkpt>
  <trkpt lat="39.07683586" lon="33.41253296"><ele>964.241</ele><time>2026-09-29T08:14:28Z</time><speed>0.000</speed><sat>38</sat></trkpt>
  <trkpt lat="39.07683585" lon="33.41253297"><ele>964.240</ele><time>2026-09-29T08:14:29Z</time><speed>0.000</speed><sat>38</sat></trkpt>
  <trkpt lat="39.07683584" lon="33.41253297"><ele>964.236</ele><time>2026-09-29T08:14:30Z</time><speed>0.000</speed><sat>38</sat></trkpt>
  <trkpt lat="39.07683585" lon="33.41253297"><ele>964.231</ele><time>2026-09-29T08:14:31Z</time><speed>0.000</speed><sat>39</sat></trkpt>
  <trkpt lat="39.07683585" lon="33.41253294"><ele>964.224</ele><time>2026-09-29T08:14:32Z</time><speed>0.000</speed><sat>38</sat></trkpt>
  <trkpt lat="39.07683585" lon="33.41253293"><ele>964.221</ele><time>2026-09-29T08:14:33Z</time><speed>0.000</speed><sat>38</sat></trkpt>
  <trkpt lat="39.07683584" lon="33.41253293"><ele>964.218</ele><time>2026-09-29T08:14:34Z</time><speed>0.000</speed><sat>38</sat></trkpt>
  <trkpt lat="39.07683445" lon="33.41253206"><ele>964.293</ele><time>2026-09-29T08:14:35Z</time><speed>0.280</speed><sat>38</sat></trkpt>
  <trkpt lat="39.07683225" lon="33.41252701"><ele>964.042</ele><time>2026-09-29T08:14:36Z</time><speed>0.560</speed><sat>39</sat></trkpt>
  <trkpt lat="39.07683168" lon="33.41252429"><ele>963.860</ele><time>2026-09-29T08:14:37Z</time><speed>0.370</speed><sat>38</sat></trkpt>
  <trkpt lat="39.07683161" lon="33.41252536"><ele>964.066</ele><time>2026-09-29T08:14:38Z</time><speed>0.000</speed><sat>38</sat></trkpt>
  <trkpt lat="39.07683131" lon="33.41253253"><ele>964.077</ele><time>2026-09-29T08:14:39Z</time><speed>0.000</speed><sat>39</sat></trkpt>
  <trkpt lat="39.07683105" lon="33.41253636"><ele>964.072</ele><time>2026-09-29T08:14:40Z</time><speed>0.000</speed><sat>39</sat></trkpt>
  <trkpt lat="39.07683089" lon="33.41253829"><ele>964.068</ele><time>2026-09-29T08:14:41Z</time><speed>0.000</speed><sat>39</sat></trkpt>
  <trkpt lat="39.07683080" lon="33.41253924"><ele>964.059</ele><time>2026-09-29T08:14:42Z</time><speed>0.000</speed><sat>39</sat></trkpt>
  <trkpt lat="39.07683075" lon="33.41253972"><ele>964.057</ele><time>2026-09-29T08:14:43Z</time><speed>0.000</speed><sat>39</sat></trkpt>
  <trkpt lat="39.07683076" lon="33.41253994"><ele>964.053</ele><time>2026-09-29T08:14:44Z</time><speed>0.000</speed><sat>39</sat></trkpt>
  <trkpt lat="39.07683080" lon="33.41254009"><ele>964.041</ele><time>2026-09-29T08:14:45Z</time><speed>0.000</speed><sat>39</sat></trkpt>
  <trkpt lat="39.07683082" lon="33.41254020"><ele>964.036</ele><time>2026-09-29T08:14:46Z</time><speed>0.000</speed><sat>39</sat></trkpt>
  <trkpt lat="39.07683080" lon="33.41254019"><ele>964.032</ele><time>2026-09-29T08:14:47Z</time><speed>0.000</speed><sat>39</sat></trkpt>
  <trkpt lat="39.07683078" lon="33.41254009"><ele>964.035</ele><time>2026-09-29T08:14:48Z</time><speed>0.000</speed><sat>39</sat></trkpt>
  <trkpt lat="39.07683074" lon="33.41253997"><ele>964.028</ele><time>2026-09-29T08:14:49Z</time><speed>0.000</speed><sat>40</sat></trkpt>
  <trkpt lat="39.07683068" lon="33.41253991"><ele>964.033</ele><time>2026-09-29T08:14:50Z</time><speed>0.000</speed><sat>40</sat></trkpt>
  <trkpt lat="39.07683063" lon="33.41253989"><ele>964.029</ele><time>2026-09-29T08:14:51Z</time><speed>0.000</speed><sat>40</sat></trkpt>
  <trkpt lat="39.07683059" lon="33.41253988"><ele>964.023</ele><time>2026-09-29T08:14:52Z</time><speed>0.000</speed><sat>40</sat></trkpt>
  <trkpt lat="39.07683055" lon="33.41253987"><ele>964.025</ele><time>2026-09-29T08:14:53Z</time><speed>0.000</speed><sat>40</sat></trkpt>
  <trkpt lat="39.07683051" lon="33.41253984"><ele>964.025</ele><time>2026-09-29T08:14:54Z</time><speed>0.000</speed><sat>40</sat></trkpt>
  <trkpt lat="39.07683048" lon="33.41253980"><ele>964.021</ele><time>2026-09-29T08:14:55Z</time><speed>0.000</speed><sat>40</sat></trkpt>
  <trkpt lat="39.07683047" lon="33.41253984"><ele>964.015</ele><time>2026-09-29T08:14:56Z</time><speed>0.000</speed><sat>40</sat></trkpt>
  <trkpt lat="39.07683048" lon="33.41253985"><ele>964.016</ele><time>2026-09-29T08:14:57Z</time><speed>0.000</speed><sat>40</sat></trkpt>
  <trkpt lat="39.07683047" lon="33.41253978"><ele>964.012</ele><time>2026-09-29T08:14:58Z</time><speed>0.000</speed><sat>40</sat></trkpt>
  <trkpt lat="39.07683042" lon="33.41253970"><ele>964.012</ele><time>2026-09-29T08:14:59Z</time><speed>0.000</speed><sat>40</sat></trkpt>
  <trkpt lat="39.07683040" lon="33.41253969"><ele>963.995</ele><time>2026-09-29T08:15:00Z</time><speed>0.000</speed><sat>40</sat></trkpt>
  <trkpt lat="39.07683040" lon="33.41253967"><ele>963.992</ele><time>2026-09-29T08:15:01Z</time><speed>0.000</speed><sat>40</sat></trkpt>
  <trkpt lat="39.07683039" lon="33.41253965"><ele>963.991</ele><time>2026-09-29T08:15:02Z</time><speed>0.000</speed><sat>40</sat></trkpt>
  <trkpt lat="39.07683042" lon="33.41253963"><ele>963.991</ele><time>2026-09-29T08:15:03Z</time><speed>0.000</speed><sat>40</sat></trkpt>
  <trkpt lat="39.07683046" lon="33.41253961"><ele>963.987</ele><time>2026-09-29T08:15:04Z</time><speed>0.000</speed><sat>40</sat></trkpt>
  <trkpt lat="39.07683047" lon="33.41253960"><ele>963.990</ele><time>2026-09-29T08:15:05Z</time><speed>0.000</speed><sat>40</sat></trkpt>
  <trkpt lat="39.07683049" lon="33.41253960"><ele>963.989</ele><time>2026-09-29T08:15:06Z</time><speed>0.000</speed><sat>40</sat></trkpt>
  <trkpt lat="39.07683053" lon="33.41253959"><ele>963.986</ele><time>2026-09-29T08:15:07Z</time><speed>0.000</speed><sat>39</sat></trkpt>
  <trkpt lat="39.07683057" lon="33.41253960"><ele>963.986</ele><time>2026-09-29T08:15:08Z</time><speed>0.000</speed><sat>38</sat></trkpt>
  <trkpt lat="39.07683062" lon="33.41253959"><ele>963.980</ele><time>2026-09-29T08:15:09Z</time><speed>0.000</speed><sat>34</sat></trkpt>
  <trkpt lat="39.07683231" lon="33.41253816"><ele>963.374</ele><time>2026-09-29T08:15:10Z</time><speed>0.290</speed><sat>38</sat></trkpt>
  <trkpt lat="39.07684341" lon="33.41253957"><ele>962.623</ele><time>2026-09-29T08:15:11Z</time><speed>0.000</speed><sat>38</sat></trkpt>
  <trkpt lat="39.07685096" lon="33.41254006"><ele>962.759</ele><time>2026-09-29T08:15:12Z</time><speed>0.000</speed><sat>38</sat></trkpt>
  <trkpt lat="39.07685476" lon="33.41254031"><ele>962.755</ele><time>2026-09-29T08:15:13Z</time><speed>0.000</speed><sat>38</sat></trkpt>
  <trkpt lat="39.07685666" lon="33.41254038"><ele>962.755</ele><time>2026-09-29T08:15:14Z</time><speed>0.000</speed><sat>38</sat></trkpt>
  <trkpt lat="39.07685765" lon="33.41254040"><ele>962.750</ele><time>2026-09-29T08:15:15Z</time><speed>0.000</speed><sat>38</sat></trkpt>
  <trkpt lat="39.07685818" lon="33.41254042"><ele>962.744</ele><time>2026-09-29T08:15:16Z</time><speed>0.000</speed><sat>39</sat></trkpt>
  <trkpt lat="39.07685844" lon="33.41254040"><ele>962.746</ele><time>2026-09-29T08:15:17Z</time><speed>0.000</speed><sat>39</sat></trkpt>
  <trkpt lat="39.07685856" lon="33.41254036"><ele>962.747</ele><time>2026-09-29T08:15:18Z</time><speed>0.000</speed><sat>39</sat></trkpt>
  <trkpt lat="39.07685765" lon="33.41253891"><ele>962.545</ele><time>2026-09-29T08:15:19Z</time><speed>0.350</speed><sat>38</sat></trkpt>
  <trkpt lat="39.07685664" lon="33.41253848"><ele>962.582</ele><time>2026-09-29T08:15:20Z</time><speed>0.000</speed><sat>39</sat></trkpt>
  <trkpt lat="39.07685604" lon="33.41253932"><ele>962.581</ele><time>2026-09-29T08:15:21Z</time><speed>0.000</speed><sat>39</sat></trkpt>
  <trkpt lat="39.07685570" lon="33.41253978"><ele>962.568</ele><time>2026-09-29T08:15:22Z</time><speed>0.000</speed><sat>40</sat></trkpt>
  <trkpt lat="39.07685550" lon="33.41254004"><ele>962.560</ele><time>2026-09-29T08:15:23Z</time><speed>0.000</speed><sat>40</sat></trkpt>
  <trkpt lat="39.07685539" lon="33.41254019"><ele>962.556</ele><time>2026-09-29T08:15:24Z</time><speed>0.000</speed><sat>40</sat></trkpt>
  <trkpt lat="39.07685530" lon="33.41254026"><ele>962.553</ele><time>2026-09-29T08:15:25Z</time><speed>0.000</speed><sat>40</sat></trkpt>
  <trkpt lat="39.07685529" lon="33.41254513"><ele>962.005</ele><time>2026-09-29T08:15:26Z</time><speed>0.000</speed><sat>40</sat></trkpt>
  <trkpt lat="39.07685519" lon="33.41254773"><ele>961.971</ele><time>2026-09-29T08:15:27Z</time><speed>0.000</speed><sat>40</sat></trkpt>
  <trkpt lat="39.07685514" lon="33.41254915"><ele>961.968</ele><time>2026-09-29T08:15:28Z</time><speed>0.000</speed><sat>40</sat></trkpt>
  <trkpt lat="39.07685510" lon="33.41254992"><ele>961.962</ele><time>2026-09-29T08:15:29Z</time><speed>0.000</speed><sat>40</sat></trkpt>
  <trkpt lat="39.07685508" lon="33.41255036"><ele>961.961</ele><time>2026-09-29T08:15:30Z</time><speed>0.000</speed><sat>39</sat></trkpt>
  <trkpt lat="39.07685507" lon="33.41255065"><ele>961.955</ele><time>2026-09-29T08:15:31Z</time><speed>0.000</speed><sat>39</sat></trkpt>
  <trkpt lat="39.07685508" lon="33.41255084"><ele>961.953</ele><time>2026-09-29T08:15:32Z</time><speed>0.000</speed><sat>39</sat></trkpt>
  <trkpt lat="39.07685509" lon="33.41255100"><ele>961.949</ele><time>2026-09-29T08:15:33Z</time><speed>0.000</speed><sat>38</sat></trkpt>
  <trkpt lat="39.07685509" lon="33.41255113"><ele>961.943</ele><time>2026-09-29T08:15:34Z</time><speed>0.000</speed><sat>38</sat></trkpt>
  <trkpt lat="39.07685510" lon="33.41255123"><ele>961.938</ele><time>2026-09-29T08:15:35Z</time><speed>0.000</speed><sat>36</sat></trkpt>
  <trkpt lat="39.07685510" lon="33.41255132"><ele>961.936</ele><time>2026-09-29T08:15:36Z</time><speed>0.000</speed><sat>36</sat></trkpt>
  <trkpt lat="39.07685511" lon="33.41255140"><ele>961.933</ele><time>2026-09-29T08:15:37Z</time><speed>0.000</speed><sat>35</sat></trkpt>
  <trkpt lat="39.07685462" lon="33.41255050"><ele>961.581</ele><time>2026-09-29T08:15:38Z</time><speed>0.000</speed><sat>37</sat></trkpt>
  <trkpt lat="39.07685410" lon="33.41254977"><ele>961.570</ele><time>2026-09-29T08:15:39Z</time><speed>0.000</speed><sat>37</sat></trkpt>
  <trkpt lat="39.07685163" lon="33.41255174"><ele>960.985</ele><time>2026-09-29T08:15:40Z</time><speed>0.260</speed><sat>38</sat></trkpt>
  <trkpt lat="39.07685144" lon="33.41255609"><ele>960.919</ele><time>2026-09-29T08:15:41Z</time><speed>0.000</speed><sat>38</sat></trkpt>
  <trkpt lat="39.07685180" lon="33.41255847"><ele>960.910</ele><time>2026-09-29T08:15:42Z</time><speed>0.000</speed><sat>39</sat></trkpt>
  <trkpt lat="39.07685195" lon="33.41256081"><ele>960.774</ele><time>2026-09-29T08:15:43Z</time><speed>0.000</speed><sat>39</sat></trkpt>
  <trkpt lat="39.07685224" lon="33.41256291"><ele>960.775</ele><time>2026-09-29T08:15:44Z</time><speed>0.000</speed><sat>39</sat></trkpt>
  <trkpt lat="39.07685254" lon="33.41256373"><ele>960.777</ele><time>2026-09-29T08:15:45Z</time><speed>0.000</speed><sat>39</sat></trkpt>
  <trkpt lat="39.07685267" lon="33.41256418"><ele>960.776</ele><time>2026-09-29T08:15:46Z</time><speed>0.000</speed><sat>39</sat></trkpt>
  <trkpt lat="39.07685272" lon="33.41256444"><ele>960.771</ele><time>2026-09-29T08:15:47Z</time><speed>0.000</speed><sat>39</sat></trkpt>
  <trkpt lat="39.07685275" lon="33.41256461"><ele>960.766</ele><time>2026-09-29T08:15:48Z</time><speed>0.000</speed><sat>39</sat></trkpt>
  <trkpt lat="39.07685274" lon="33.41256472"><ele>960.763</ele><time>2026-09-29T08:15:49Z</time><speed>0.000</speed><sat>39</sat></trkpt>
  <trkpt lat="39.07685272" lon="33.41256478"><ele>960.758</ele><time>2026-09-29T08:15:50Z</time><speed>0.000</speed><sat>38</sat></trkpt>
  <trkpt lat="39.07685269" lon="33.41256483"><ele>960.755</ele><time>2026-09-29T08:15:51Z</time><speed>0.000</speed><sat>38</sat></trkpt>
  <trkpt lat="39.07685268" lon="33.41256486"><ele>960.754</ele><time>2026-09-29T08:15:52Z</time><speed>0.000</speed><sat>37</sat></trkpt>
  <trkpt lat="39.07685267" lon="33.41256489"><ele>960.752</ele><time>2026-09-29T08:15:53Z</time><speed>0.000</speed><sat>37</sat></trkpt>
  <trkpt lat="39.07685266" lon="33.41256491"><ele>960.747</ele><time>2026-09-29T08:15:54Z</time><speed>0.000</speed><sat>37</sat></trkpt>
  <trkpt lat="39.07685265" lon="33.41256492"><ele>960.743</ele><time>2026-09-29T08:15:55Z</time><speed>0.000</speed><sat>37</sat></trkpt>
  <trkpt lat="39.07685263" lon="33.41256494"><ele>960.739</ele><time>2026-09-29T08:15:56Z</time><speed>0.000</speed><sat>37</sat></trkpt>
  <trkpt lat="39.07685261" lon="33.41256494"><ele>960.734</ele><time>2026-09-29T08:15:57Z</time><speed>0.000</speed><sat>37</sat></trkpt>
  <trkpt lat="39.07685257" lon="33.41256493"><ele>960.730</ele><time>2026-09-29T08:15:58Z</time><speed>0.000</speed><sat>36</sat></trkpt>
  <trkpt lat="39.07685253" lon="33.41256493"><ele>960.725</ele><time>2026-09-29T08:15:59Z</time><speed>0.000</speed><sat>37</sat></trkpt>
  <trkpt lat="39.07685250" lon="33.41256494"><ele>960.720</ele><time>2026-09-29T08:16:00Z</time><speed>0.000</speed><sat>38</sat></trkpt>
  <trkpt lat="39.07685249" lon="33.41256496"><ele>960.716</ele><time>2026-09-29T08:16:01Z</time><speed>0.000</speed><sat>38</sat></trkpt>
  <trkpt lat="39.07685248" lon="33.41256500"><ele>960.715</ele><time>2026-09-29T08:16:02Z</time><speed>0.000</speed><sat>38</sat></trkpt>
  <trkpt lat="39.07685244" lon="33.41256537"><ele>961.254</ele><time>2026-09-29T08:16:03Z</time><speed>0.000</speed><sat>38</sat></trkpt>
  <trkpt lat="39.07685252" lon="33.41256556"><ele>961.261</ele><time>2026-09-29T08:16:04Z</time><speed>0.000</speed><sat>38</sat></trkpt>
  <trkpt lat="39.07685269" lon="33.41256544"><ele>961.260</ele><time>2026-09-29T08:16:05Z</time><speed>0.000</speed><sat>38</sat></trkpt>
  <trkpt lat="39.07685285" lon="33.41256557"><ele>961.042</ele><time>2026-09-29T08:16:06Z</time><speed>0.000</speed><sat>38</sat></trkpt>
  <trkpt lat="39.07685253" lon="33.41256642"><ele>961.009</ele><time>2026-09-29T08:16:07Z</time><speed>0.000</speed><sat>38</sat></trkpt>
  <trkpt lat="39.07685244" lon="33.41256924"><ele>961.454</ele><time>2026-09-29T08:16:08Z</time><speed>0.270</speed><sat>38</sat></trkpt>
  <trkpt lat="39.07685318" lon="33.41257165"><ele>961.455</ele><time>2026-09-29T08:16:09Z</time><speed>0.000</speed><sat>37</sat></trkpt>
  <trkpt lat="39.07685365" lon="33.41257217"><ele>961.455</ele><time>2026-09-29T08:16:10Z</time><speed>0.000</speed><sat>38</sat></trkpt>
  <trkpt lat="39.07685384" lon="33.41257248"><ele>961.449</ele><time>2026-09-29T08:16:11Z</time><speed>0.000</speed><sat>38</sat></trkpt>
  <trkpt lat="39.07685389" lon="33.41257262"><ele>961.446</ele><time>2026-09-29T08:16:12Z</time><speed>0.000</speed><sat>38</sat></trkpt>
  <trkpt lat="39.07685382" lon="33.41257280"><ele>961.044</ele><time>2026-09-29T08:16:13Z</time><speed>0.000</speed><sat>38</sat></trkpt>
  <trkpt lat="39.07685229" lon="33.41257436"><ele>961.415</ele><time>2026-09-29T08:16:14Z</time><speed>0.390</speed><sat>38</sat></trkpt>
  <trkpt lat="39.07685094" lon="33.41257401"><ele>961.401</ele><time>2026-09-29T08:16:15Z</time><speed>0.000</speed><sat>39</sat></trkpt>
  <trkpt lat="39.07685077" lon="33.41257291"><ele>961.398</ele><time>2026-09-29T08:16:16Z</time><speed>0.000</speed><sat>39</sat></trkpt>
  <trkpt lat="39.07685069" lon="33.41257236"><ele>961.393</ele><time>2026-09-29T08:16:17Z</time><speed>0.000</speed><sat>39</sat></trkpt>
  <trkpt lat="39.07685064" lon="33.41257207"><ele>961.398</ele><time>2026-09-29T08:16:18Z</time><speed>0.000</speed><sat>39</sat></trkpt>
  <trkpt lat="39.07685058" lon="33.41257190"><ele>961.405</ele><time>2026-09-29T08:16:19Z</time><speed>0.000</speed><sat>39</sat></trkpt>
  <trkpt lat="39.07685004" lon="33.41257199"><ele>961.728</ele><time>2026-09-29T08:16:20Z</time><speed>0.000</speed><sat>39</sat></trkpt>
  <trkpt lat="39.07684909" lon="33.41257208"><ele>961.834</ele><time>2026-09-29T08:16:21Z</time><speed>0.000</speed><sat>38</sat></trkpt>
  <trkpt lat="39.07684759" lon="33.41257139"><ele>961.417</ele><time>2026-09-29T08:16:22Z</time><speed>0.150</speed><sat>38</sat></trkpt>
  <trkpt lat="39.07684415" lon="33.41256991"><ele>961.049</ele><time>2026-09-29T08:16:23Z</time><speed>0.340</speed><sat>38</sat></trkpt>
  <trkpt lat="39.07683911" lon="33.41256509"><ele>960.204</ele><time>2026-09-29T08:16:24Z</time><speed>0.580</speed><sat>36</sat></trkpt>
  <trkpt lat="39.07683750" lon="33.41255940"><ele>959.058</ele><time>2026-09-29T08:16:25Z</time><speed>0.460</speed><sat>38</sat></trkpt>
 </trkseg>
</trk>

</gpx>
 