<?xml version="1.0" encoding="UTF-8"?>
<!-- Created with BasicAirData GPS Logger for Android - ver. 3.3.0 -->
<!-- Track 26 = 1439 TrackPoints + 0 Placemarks -->

<!-- Track Statistics (based on Total Time | Time in Movement): -->
<!--  Distance = 4.25 km -->
<!--  Duration = 23:58 | 16:09 -->
<!--  Altitude Gap = -19 m -->
<!--  Max Speed = 38 km/h -->
<!--  Avg Speed = 10.7 | 15.8 km/h -->
<!--  Direction = NW -->
<!--  Activity = car -->
<!--  Altitudes = Raw -->

<gpx version="1.0"
     creator="BasicAirData GPS Logger 3.3.0"
     xmlns="http://www.topografix.com/GPX/1/0"
     xmlns:xsi="http://www.w3.org/2001/XMLSchema-instance"
     xsi:schemaLocation="http://www.topografix.com/GPX/1/0 http://www.topografix.com/GPX/1/0/gpx.xsd">
<name>GPS Logger 20260915-091128</name>
<time>2026-09-15T20:03:28Z</time>
<keywords>car</keywords>
<bounds minlat="38.39038673" minlon="42.10559895" maxlat="38.40456067" maxlon="42.12573322" />

<trk>
 <name>Track 20260915-091128</name>
 <trkseg>
  <trkpt lat="38.39039492" lon="42.12422269"><ele>1537.161</ele><time>2026-09-15T06:11:28Z</time><speed>1.310</speed><sat>30</sat></trkpt>
  <trkpt lat="38.39038673" lon="42.12422457"><ele>1536.990</ele><time>2026-09-15T06:11:29Z</time><speed>0.610</speed><sat>30</sat></trkpt>
  <trkpt lat="38.39038845" lon="42.12423006"><ele>1536.966</ele><time>2026-09-15T06:11:30Z</time><speed>0.210</speed><sat>30</sat></trkpt>
  <trkpt lat="38.39039442" lon="42.12422923"><ele>1537.486</ele><time>2026-09-15T06:11:31Z</time><speed>0.440</speed><sat>30</sat></trkpt>
  <trkpt lat="38.39039921" lon="42.12422865"><ele>1537.585</ele><time>2026-09-15T06:11:32Z</time><speed>0.600</speed><sat>30</sat></trkpt>
  <trkpt lat="38.39040709" lon="42.12422738"><ele>1537.406</ele><time>2026-09-15T06:11:33Z</time><speed>0.740</speed><sat>30</sat></trkpt>
  <trkpt lat="38.39041349" lon="42.12422441"><ele>1537.509</ele><time>2026-09-15T06:11:34Z</time><speed>0.460</speed><sat>30</sat></trkpt>
  <trkpt lat="38.39041308" lon="42.12422433"><ele>1537.654</ele><time>2026-09-15T06:11:35Z</time><speed>0.000</speed><sat>30</sat></trkpt>
  <trkpt lat="38.39041291" lon="42.12422371"><ele>1537.498</ele><time>2026-09-15T06:11:36Z</time><speed>0.000</speed><sat>30</sat></trkpt>
  <trkpt lat="38.39041294" lon="42.12422327"><ele>1537.437</ele><time>2026-09-15T06:11:37Z</time><speed>0.000</speed><sat>30</sat></trkpt>
  <trkpt lat="38.39041315" lon="42.12422397"><ele>1537.109</ele><time>2026-09-15T06:11:38Z</time><speed>0.000</speed><sat>30</sat></trkpt>
  <trkpt lat="38.39041442" lon="42.12422445"><ele>1536.941</ele><time>2026-09-15T06:11:39Z</time><speed>0.000</speed><sat>30</sat></trkpt>
  <trkpt lat="38.39041515" lon="42.12422420"><ele>1536.875</ele><time>2026-09-15T06:11:40Z</time><speed>0.000</speed><sat>30</sat></trkpt>
  <trkpt lat="38.39041222" lon="42.12423107"><ele>1536.997</ele><time>2026-09-15T06:11:41Z</time><speed>0.520</speed><sat>29</sat></trkpt>
  <trkpt lat="38.39040591" lon="42.12424474"><ele>1537.106</ele><time>2026-09-15T06:11:42Z</time><speed>1.860</speed><sat>30</sat></trkpt>
  <trkpt lat="38.39040266" lon="42.12425963"><ele>1537.052</ele><time>2026-09-15T06:11:43Z</time><speed>1.060</speed><sat>30</sat></trkpt>
  <trkpt lat="38.39040220" lon="42.12426467"><ele>1537.146</ele><time>2026-09-15T06:11:44Z</time><speed>0.170</speed><sat>30</sat></trkpt>
  <trkpt lat="38.39040140" lon="42.12426311"><ele>1537.464</ele><time>2026-09-15T06:11:45Z</time><speed>0.000</speed><sat>30</sat></trkpt>
  <trkpt lat="38.39040389" lon="42.12426254"><ele>1537.342</ele><time>2026-09-15T06:11:46Z</time><speed>0.740</speed><sat>30</sat></trkpt>
  <trkpt lat="38.39040846" lon="42.12425870"><ele>1537.548</ele><time>2026-09-15T06:11:47Z</time><speed>0.740</speed><sat>30</sat></trkpt>
  <trkpt lat="38.39041132" lon="42.12425065"><ele>1537.252</ele><time>2026-09-15T06:11:48Z</time><speed>0.500</speed><sat>30</sat></trkpt>
  <trkpt lat="38.39041313" lon="42.12424603"><ele>1537.389</ele><time>2026-09-15T06:11:49Z</time><speed>0.160</speed><sat>30</sat></trkpt>
  <trkpt lat="38.39041441" lon="42.12424380"><ele>1537.472</ele><time>2026-09-15T06:11:50Z</time><speed>0.260</speed><sat>30</sat></trkpt>
  <trkpt lat="38.39041554" lon="42.12425579"><ele>1537.617</ele><time>2026-09-15T06:11:51Z</time><speed>2.090</speed><sat>30</sat></trkpt>
  <trkpt lat="38.39042166" lon="42.12428609"><ele>1537.273</ele><time>2026-09-15T06:11:52Z</time><speed>3.240</speed><sat>30</sat></trkpt>
  <trkpt lat="38.39043450" lon="42.12431682"><ele>1536.923</ele><time>2026-09-15T06:11:53Z</time><speed>2.890</speed><sat>30</sat></trkpt>
  <trkpt lat="38.39045195" lon="42.12434679"><ele>1536.630</ele><time>2026-09-15T06:11:54Z</time><speed>3.540</speed><sat>30</sat></trkpt>
  <trkpt lat="38.39047387" lon="42.12438228"><ele>1536.257</ele><time>2026-09-15T06:11:55Z</time><speed>4.190</speed><sat>30</sat></trkpt>
  <trkpt lat="38.39049547" lon="42.12442180"><ele>1535.687</ele><time>2026-09-15T06:11:56Z</time><speed>4.160</speed><sat>30</sat></trkpt>
  <trkpt lat="38.39051622" lon="42.12446651"><ele>1534.947</ele><time>2026-09-15T06:11:57Z</time><speed>4.830</speed><sat>30</sat></trkpt>
  <trkpt lat="38.39053747" lon="42.12451622"><ele>1534.242</ele><time>2026-09-15T06:11:58Z</time><speed>5.020</speed><sat>29</sat></trkpt>
  <trkpt lat="38.39055982" lon="42.12457347"><ele>1533.475</ele><time>2026-09-15T06:11:59Z</time><speed>5.560</speed><sat>30</sat></trkpt>
  <trkpt lat="38.39058500" lon="42.12463637"><ele>1532.460</ele><time>2026-09-15T06:12:00Z</time><speed>6.150</speed><sat>29</sat></trkpt>
  <trkpt lat="38.39061925" lon="42.12470319"><ele>1531.810</ele><time>2026-09-15T06:12:01Z</time><speed>6.930</speed><sat>29</sat></trkpt>
  <trkpt lat="38.39066356" lon="42.12476976"><ele>1531.550</ele><time>2026-09-15T06:12:02Z</time><speed>7.370</speed><sat>27</sat></trkpt>
  <trkpt lat="38.39071156" lon="42.12482981"><ele>1531.030</ele><time>2026-09-15T06:12:03Z</time><speed>7.420</speed><sat>28</sat></trkpt>
  <trkpt lat="38.39076651" lon="42.12488411"><ele>1530.392</ele><time>2026-09-15T06:12:04Z</time><speed>7.640</speed><sat>28</sat></trkpt>
  <trkpt lat="38.39082868" lon="42.12493391"><ele>1529.421</ele><time>2026-09-15T06:12:05Z</time><speed>8.050</speed><sat>29</sat></trkpt>
  <trkpt lat="38.39089891" lon="42.12498217"><ele>1528.455</ele><time>2026-09-15T06:12:06Z</time><speed>8.700</speed><sat>27</sat></trkpt>
  <trkpt lat="38.39097281" lon="42.12502771"><ele>1527.591</ele><time>2026-09-15T06:12:07Z</time><speed>9.060</speed><sat>26</sat></trkpt>
  <trkpt lat="38.39104655" lon="42.12507822"><ele>1526.836</ele><time>2026-09-15T06:12:08Z</time><speed>9.280</speed><sat>26</sat></trkpt>
  <trkpt lat="38.39111610" lon="42.12513218"><ele>1526.218</ele><time>2026-09-15T06:12:09Z</time><speed>9.180</speed><sat>27</sat></trkpt>
  <trkpt lat="38.39117958" lon="42.12519123"><ele>1525.758</ele><time>2026-09-15T06:12:10Z</time><speed>8.650</speed><sat>26</sat></trkpt>
  <trkpt lat="38.39123491" lon="42.12524846"><ele>1525.492</ele><time>2026-09-15T06:12:11Z</time><speed>7.910</speed><sat>25</sat></trkpt>
  <trkpt lat="38.39128776" lon="42.12529932"><ele>1525.293</ele><time>2026-09-15T06:12:12Z</time><speed>7.360</speed><sat>26</sat></trkpt>
  <trkpt lat="38.39134739" lon="42.12533825"><ele>1524.701</ele><time>2026-09-15T06:12:13Z</time><speed>7.240</speed><sat>25</sat></trkpt>
  <trkpt lat="38.39140879" lon="42.12536583"><ele>1524.213</ele><time>2026-09-15T06:12:14Z</time><speed>7.360</speed><sat>26</sat></trkpt>
  <trkpt lat="38.39147515" lon="42.12538218"><ele>1523.474</ele><time>2026-09-15T06:12:15Z</time><speed>7.490</speed><sat>26</sat></trkpt>
  <trkpt lat="38.39154187" lon="42.12540454"><ele>1522.966</ele><time>2026-09-15T06:12:16Z</time><speed>7.550</speed><sat>26</sat></trkpt>
  <trkpt lat="38.39160063" lon="42.12543841"><ele>1522.466</ele><time>2026-09-15T06:12:17Z</time><speed>7.260</speed><sat>27</sat></trkpt>
  <trkpt lat="38.39165670" lon="42.12546972"><ele>1522.115</ele><time>2026-09-15T06:12:18Z</time><speed>6.790</speed><sat>28</sat></trkpt>
  <trkpt lat="38.39170972" lon="42.12550128"><ele>1521.730</ele><time>2026-09-15T06:12:19Z</time><speed>6.410</speed><sat>28</sat></trkpt>
  <trkpt lat="38.39176136" lon="42.12553586"><ele>1520.927</ele><time>2026-09-15T06:12:20Z</time><speed>6.550</speed><sat>28</sat></trkpt>
  <trkpt lat="38.39181446" lon="42.12558123"><ele>1519.867</ele><time>2026-09-15T06:12:21Z</time><speed>7.020</speed><sat>28</sat></trkpt>
  <trkpt lat="38.39186634" lon="42.12563524"><ele>1519.084</ele><time>2026-09-15T06:12:22Z</time><speed>7.250</speed><sat>28</sat></trkpt>
  <trkpt lat="38.39191104" lon="42.12568655"><ele>1518.341</ele><time>2026-09-15T06:12:23Z</time><speed>6.540</speed><sat>28</sat></trkpt>
  <trkpt lat="38.39195850" lon="42.12571981"><ele>1517.621</ele><time>2026-09-15T06:12:24Z</time><speed>6.020</speed><sat>28</sat></trkpt>
  <trkpt lat="38.39201543" lon="42.12573322"><ele>1516.800</ele><time>2026-09-15T06:12:25Z</time><speed>6.350</speed><sat>28</sat></trkpt>
  <trkpt lat="38.39207727" lon="42.12572867"><ele>1516.224</ele><time>2026-09-15T06:12:26Z</time><speed>6.840</speed><sat>28</sat></trkpt>
  <trkpt lat="38.39214084" lon="42.12570698"><ele>1515.443</ele><time>2026-09-15T06:12:27Z</time><speed>7.250</speed><sat>28</sat></trkpt>
  <trkpt lat="38.39220585" lon="42.12567828"><ele>1514.934</ele><time>2026-09-15T06:12:28Z</time><speed>7.780</speed><sat>28</sat></trkpt>
  <trkpt lat="38.39227578" lon="42.12564644"><ele>1514.479</ele><time>2026-09-15T06:12:29Z</time><speed>8.010</speed><sat>28</sat></trkpt>
  <trkpt lat="38.39234538" lon="42.12560866"><ele>1514.282</ele><time>2026-09-15T06:12:30Z</time><speed>8.110</speed><sat>28</sat></trkpt>
  <trkpt lat="38.39241129" lon="42.12557507"><ele>1513.676</ele><time>2026-09-15T06:12:31Z</time><speed>7.910</speed><sat>28</sat></trkpt>
  <trkpt lat="38.39247537" lon="42.12554106"><ele>1513.370</ele><time>2026-09-15T06:12:32Z</time><speed>7.650</speed><sat>28</sat></trkpt>
  <trkpt lat="38.39254017" lon="42.12551068"><ele>1513.142</ele><time>2026-09-15T06:12:33Z</time><speed>7.470</speed><sat>29</sat></trkpt>
  <trkpt lat="38.39260142" lon="42.12548227"><ele>1512.705</ele><time>2026-09-15T06:12:34Z</time><speed>7.210</speed><sat>29</sat></trkpt>
  <trkpt lat="38.39266013" lon="42.12545769"><ele>1512.470</ele><time>2026-09-15T06:12:35Z</time><speed>6.830</speed><sat>29</sat></trkpt>
  <trkpt lat="38.39271417" lon="42.12544384"><ele>1511.917</ele><time>2026-09-15T06:12:36Z</time><speed>6.360</speed><sat>28</sat></trkpt>
  <trkpt lat="38.39276573" lon="42.12543727"><ele>1511.535</ele><time>2026-09-15T06:12:37Z</time><speed>5.770</speed><sat>29</sat></trkpt>
  <trkpt lat="38.39280972" lon="42.12543856"><ele>1511.015</ele><time>2026-09-15T06:12:38Z</time><speed>4.960</speed><sat>29</sat></trkpt>
  <trkpt lat="38.39284516" lon="42.12543893"><ele>1510.502</ele><time>2026-09-15T06:12:39Z</time><speed>4.250</speed><sat>29</sat></trkpt>
  <trkpt lat="38.39287918" lon="42.12544447"><ele>1510.201</ele><time>2026-09-15T06:12:40Z</time><speed>3.770</speed><sat>29</sat></trkpt>
  <trkpt lat="38.39291462" lon="42.12544794"><ele>1509.887</ele><time>2026-09-15T06:12:41Z</time><speed>3.950</speed><sat>30</sat></trkpt>
  <trkpt lat="38.39294013" lon="42.12545077"><ele>1509.755</ele><time>2026-09-15T06:12:42Z</time><speed>3.230</speed><sat>30</sat></trkpt>
  <trkpt lat="38.39295501" lon="42.12545401"><ele>1509.581</ele><time>2026-09-15T06:12:43Z</time><speed>1.750</speed><sat>30</sat></trkpt>
  <trkpt lat="38.39296996" lon="42.12545655"><ele>1509.564</ele><time>2026-09-15T06:12:44Z</time><speed>1.490</speed><sat>30</sat></trkpt>
  <trkpt lat="38.39298879" lon="42.12545501"><ele>1509.320</ele><time>2026-09-15T06:12:45Z</time><speed>2.200</speed><sat>30</sat></trkpt>
  <trkpt lat="38.39301212" lon="42.12545279"><ele>1509.109</ele><time>2026-09-15T06:12:46Z</time><speed>2.680</speed><sat>30</sat></trkpt>
  <trkpt lat="38.39303976" lon="42.12544792"><ele>1509.057</ele><time>2026-09-15T06:12:47Z</time><speed>3.020</speed><sat>30</sat></trkpt>
  <trkpt lat="38.39306970" lon="42.12544171"><ele>1508.504</ele><time>2026-09-15T06:12:48Z</time><speed>3.420</speed><sat>30</sat></trkpt>
  <trkpt lat="38.39310782" lon="42.12542391"><ele>1508.318</ele><time>2026-09-15T06:12:49Z</time><speed>4.910</speed><sat>30</sat></trkpt>
  <trkpt lat="38.39314823" lon="42.12539979"><ele>1508.002</ele><time>2026-09-15T06:12:50Z</time><speed>4.790</speed><sat>30</sat></trkpt>
  <trkpt lat="38.39318320" lon="42.12535332"><ele>1507.873</ele><time>2026-09-15T06:12:51Z</time><speed>5.340</speed><sat>28</sat></trkpt>
  <trkpt lat="38.39321115" lon="42.12531239"><ele>1507.665</ele><time>2026-09-15T06:12:52Z</time><speed>5.040</speed><sat>28</sat></trkpt>
  <trkpt lat="38.39324656" lon="42.12526628"><ele>1507.585</ele><time>2026-09-15T06:12:53Z</time><speed>5.620</speed><sat>28</sat></trkpt>
  <trkpt lat="38.39328366" lon="42.12522371"><ele>1507.504</ele><time>2026-09-15T06:12:54Z</time><speed>5.440</speed><sat>26</sat></trkpt>
  <trkpt lat="38.39331338" lon="42.12518617"><ele>1507.619</ele><time>2026-09-15T06:12:55Z</time><speed>4.410</speed><sat>26</sat></trkpt>
  <trkpt lat="38.39334580" lon="42.12514941"><ele>1507.492</ele><time>2026-09-15T06:12:56Z</time><speed>4.590</speed><sat>26</sat></trkpt>
  <trkpt lat="38.39337915" lon="42.12510846"><ele>1507.649</ele><time>2026-09-15T06:12:57Z</time><speed>5.390</speed><sat>27</sat></trkpt>
  <trkpt lat="38.39341398" lon="42.12505489"><ele>1507.722</ele><time>2026-09-15T06:12:58Z</time><speed>6.320</speed><sat>27</sat></trkpt>
  <trkpt lat="38.39344368" lon="42.12499922"><ele>1507.856</ele><time>2026-09-15T06:12:59Z</time><speed>6.190</speed><sat>28</sat></trkpt>
  <trkpt lat="38.39347159" lon="42.12493799"><ele>1508.450</ele><time>2026-09-15T06:13:00Z</time><speed>6.140</speed><sat>27</sat></trkpt>
  <trkpt lat="38.39350244" lon="42.12487839"><ele>1509.334</ele><time>2026-09-15T06:13:01Z</time><speed>6.250</speed><sat>26</sat></trkpt>
  <trkpt lat="38.39353121" lon="42.12481732"><ele>1510.158</ele><time>2026-09-15T06:13:02Z</time><speed>6.380</speed><sat>27</sat></trkpt>
  <trkpt lat="38.39355777" lon="42.12475224"><ele>1511.187</ele><time>2026-09-15T06:13:03Z</time><speed>6.460</speed><sat>27</sat></trkpt>
  <trkpt lat="38.39358215" lon="42.12468761"><ele>1511.759</ele><time>2026-09-15T06:13:04Z</time><speed>6.650</speed><sat>27</sat></trkpt>
  <trkpt lat="38.39360036" lon="42.12461147"><ele>1512.365</ele><time>2026-09-15T06:13:05Z</time><speed>7.460</speed><sat>26</sat></trkpt>
  <trkpt lat="38.39361644" lon="42.12452955"><ele>1512.677</ele><time>2026-09-15T06:13:06Z</time><speed>7.040</speed><sat>26</sat></trkpt>
  <trkpt lat="38.39362896" lon="42.12444985"><ele>1512.929</ele><time>2026-09-15T06:13:07Z</time><speed>7.270</speed><sat>26</sat></trkpt>
  <trkpt lat="38.39364355" lon="42.12436427"><ele>1513.251</ele><time>2026-09-15T06:13:08Z</time><speed>7.860</speed><sat>29</sat></trkpt>
  <trkpt lat="38.39366152" lon="42.12427443"><ele>1513.866</ele><time>2026-09-15T06:13:09Z</time><speed>8.140</speed><sat>27</sat></trkpt>
  <trkpt lat="38.39368118" lon="42.12417726"><ele>1514.640</ele><time>2026-09-15T06:13:10Z</time><speed>8.610</speed><sat>27</sat></trkpt>
  <trkpt lat="38.39370381" lon="42.12407730"><ele>1515.595</ele><time>2026-09-15T06:13:11Z</time><speed>8.940</speed><sat>28</sat></trkpt>
  <trkpt lat="38.39372609" lon="42.12398005"><ele>1516.381</ele><time>2026-09-15T06:13:12Z</time><speed>8.980</speed><sat>28</sat></trkpt>
  <trkpt lat="38.39375123" lon="42.12388524"><ele>1517.209</ele><time>2026-09-15T06:13:13Z</time><speed>8.820</speed><sat>29</sat></trkpt>
  <trkpt lat="38.39378289" lon="42.12379306"><ele>1518.030</ele><time>2026-09-15T06:13:14Z</time><speed>8.790</speed><sat>27</sat></trkpt>
  <trkpt lat="38.39381770" lon="42.12370299"><ele>1518.617</ele><time>2026-09-15T06:13:15Z</time><speed>8.560</speed><sat>26</sat></trkpt>
  <trkpt lat="38.39385458" lon="42.12361798"><ele>1519.314</ele><time>2026-09-15T06:13:16Z</time><speed>8.340</speed><sat>26</sat></trkpt>
  <trkpt lat="38.39389468" lon="42.12353667"><ele>1520.018</ele><time>2026-09-15T06:13:17Z</time><speed>8.280</speed><sat>26</sat></trkpt>
  <trkpt lat="38.39393459" lon="42.12345841"><ele>1520.311</ele><time>2026-09-15T06:13:18Z</time><speed>8.250</speed><sat>27</sat></trkpt>
  <trkpt lat="38.39397487" lon="42.12338380"><ele>1520.569</ele><time>2026-09-15T06:13:19Z</time><speed>8.160</speed><sat>27</sat></trkpt>
  <trkpt lat="38.39402423" lon="42.12331072"><ele>1521.176</ele><time>2026-09-15T06:13:20Z</time><speed>8.340</speed><sat>28</sat></trkpt>
  <trkpt lat="38.39407937" lon="42.12324547"><ele>1521.599</ele><time>2026-09-15T06:13:21Z</time><speed>8.390</speed><sat>28</sat></trkpt>
  <trkpt lat="38.39413261" lon="42.12318281"><ele>1521.900</ele><time>2026-09-15T06:13:22Z</time><speed>8.270</speed><sat>29</sat></trkpt>
  <trkpt lat="38.39418349" lon="42.12312448"><ele>1522.260</ele><time>2026-09-15T06:13:23Z</time><speed>7.650</speed><sat>27</sat></trkpt>
  <trkpt lat="38.39423000" lon="42.12307138"><ele>1522.898</ele><time>2026-09-15T06:13:24Z</time><speed>6.920</speed><sat>28</sat></trkpt>
  <trkpt lat="38.39426869" lon="42.12302026"><ele>1523.162</ele><time>2026-09-15T06:13:25Z</time><speed>5.880</speed><sat>28</sat></trkpt>
  <trkpt lat="38.39430626" lon="42.12296456"><ele>1523.208</ele><time>2026-09-15T06:13:26Z</time><speed>6.150</speed><sat>28</sat></trkpt>
  <trkpt lat="38.39432510" lon="42.12290490"><ele>1522.968</ele><time>2026-09-15T06:13:27Z</time><speed>5.880</speed><sat>29</sat></trkpt>
  <trkpt lat="38.39433638" lon="42.12283285"><ele>1523.181</ele><time>2026-09-15T06:13:28Z</time><speed>6.440</speed><sat>29</sat></trkpt>
  <trkpt lat="38.39433547" lon="42.12275756"><ele>1523.081</ele><time>2026-09-15T06:13:29Z</time><speed>6.910</speed><sat>29</sat></trkpt>
  <trkpt lat="38.39433020" lon="42.12268357"><ele>1522.956</ele><time>2026-09-15T06:13:30Z</time><speed>6.790</speed><sat>29</sat></trkpt>
  <trkpt lat="38.39432829" lon="42.12260363"><ele>1522.967</ele><time>2026-09-15T06:13:31Z</time><speed>7.150</speed><sat>29</sat></trkpt>
  <trkpt lat="38.39432478" lon="42.12252225"><ele>1522.892</ele><time>2026-09-15T06:13:32Z</time><speed>7.160</speed><sat>29</sat></trkpt>
  <trkpt lat="38.39432926" lon="42.12244493"><ele>1522.515</ele><time>2026-09-15T06:13:33Z</time><speed>6.700</speed><sat>27</sat></trkpt>
  <trkpt lat="38.39433863" lon="42.12236967"><ele>1522.172</ele><time>2026-09-15T06:13:34Z</time><speed>6.530</speed><sat>28</sat></trkpt>
  <trkpt lat="38.39435391" lon="42.12229860"><ele>1522.291</ele><time>2026-09-15T06:13:35Z</time><speed>6.420</speed><sat>28</sat></trkpt>
  <trkpt lat="38.39437347" lon="42.12222880"><ele>1522.497</ele><time>2026-09-15T06:13:36Z</time><speed>6.610</speed><sat>27</sat></trkpt>
  <trkpt lat="38.39439716" lon="42.12214983"><ele>1523.070</ele><time>2026-09-15T06:13:37Z</time><speed>7.360</speed><sat>27</sat></trkpt>
  <trkpt lat="38.39442485" lon="42.12208367"><ele>1523.686</ele><time>2026-09-15T06:13:38Z</time><speed>6.740</speed><sat>27</sat></trkpt>
  <trkpt lat="38.39445757" lon="42.12201918"><ele>1523.785</ele><time>2026-09-15T06:13:39Z</time><speed>6.830</speed><sat>26</sat></trkpt>
  <trkpt lat="38.39449095" lon="42.12195336"><ele>1524.546</ele><time>2026-09-15T06:13:40Z</time><speed>6.320</speed><sat>25</sat></trkpt>
  <trkpt lat="38.39451990" lon="42.12189525"><ele>1524.898</ele><time>2026-09-15T06:13:41Z</time><speed>5.880</speed><sat>25</sat></trkpt>
  <trkpt lat="38.39454734" lon="42.12184348"><ele>1525.266</ele><time>2026-09-15T06:13:42Z</time><speed>5.480</speed><sat>27</sat></trkpt>
  <trkpt lat="38.39456867" lon="42.12180018"><ele>1525.483</ele><time>2026-09-15T06:13:43Z</time><speed>3.970</speed><sat>27</sat></trkpt>
  <trkpt lat="38.39458155" lon="42.12177343"><ele>1525.828</ele><time>2026-09-15T06:13:44Z</time><speed>1.780</speed><sat>27</sat></trkpt>
  <trkpt lat="38.39458865" lon="42.12176287"><ele>1526.250</ele><time>2026-09-15T06:13:45Z</time><speed>0.000</speed><sat>27</sat></trkpt>
  <trkpt lat="38.39459097" lon="42.12175889"><ele>1526.486</ele><time>2026-09-15T06:13:46Z</time><speed>0.360</speed><sat>27</sat></trkpt>
  <trkpt lat="38.39459356" lon="42.12175515"><ele>1526.199</ele><time>2026-09-15T06:13:47Z</time><speed>0.500</speed><sat>29</sat></trkpt>
  <trkpt lat="38.39459319" lon="42.12175604"><ele>1526.019</ele><time>2026-09-15T06:13:48Z</time><speed>0.000</speed><sat>29</sat></trkpt>
  <trkpt lat="38.39459400" lon="42.12175455"><ele>1526.064</ele><time>2026-09-15T06:13:49Z</time><speed>0.000</speed><sat>29</sat></trkpt>
  <trkpt lat="38.39459464" lon="42.12175495"><ele>1526.120</ele><time>2026-09-15T06:13:50Z</time><speed>0.000</speed><sat>29</sat></trkpt>
  <trkpt lat="38.39459524" lon="42.12175414"><ele>1526.177</ele><time>2026-09-15T06:13:51Z</time><speed>0.000</speed><sat>29</sat></trkpt>
  <trkpt lat="38.39459687" lon="42.12175307"><ele>1526.237</ele><time>2026-09-15T06:13:52Z</time><speed>0.000</speed><sat>29</sat></trkpt>
  <trkpt lat="38.39459802" lon="42.12175275"><ele>1526.204</ele><time>2026-09-15T06:13:53Z</time><speed>0.000</speed><sat>27</sat></trkpt>
  <trkpt lat="38.39459862" lon="42.12175214"><ele>1526.135</ele><time>2026-09-15T06:13:54Z</time><speed>0.000</speed><sat>27</sat></trkpt>
  <trkpt lat="38.39459914" lon="42.12175198"><ele>1526.151</ele><time>2026-09-15T06:13:55Z</time><speed>0.000</speed><sat>26</sat></trkpt>
  <trkpt lat="38.39459887" lon="42.12175131"><ele>1526.120</ele><time>2026-09-15T06:13:56Z</time><speed>0.000</speed><sat>26</sat></trkpt>
  <trkpt lat="38.39459943" lon="42.12175075"><ele>1526.211</ele><time>2026-09-15T06:13:57Z</time><speed>0.000</speed><sat>26</sat></trkpt>
  <trkpt lat="38.39459964" lon="42.12175014"><ele>1526.258</ele><time>2026-09-15T06:13:58Z</time><speed>0.000</speed><sat>26</sat></trkpt>
  <trkpt lat="38.39459977" lon="42.12174994"><ele>1526.278</ele><time>2026-09-15T06:13:59Z</time><speed>0.000</speed><sat>26</sat></trkpt>
  <trkpt lat="38.39460054" lon="42.12174607"><ele>1526.338</ele><time>2026-09-15T06:14:00Z</time><speed>0.190</speed><sat>26</sat></trkpt>
  <trkpt lat="38.39461252" lon="42.12172669"><ele>1526.594</ele><time>2026-09-15T06:14:01Z</time><speed>2.640</speed><sat>26</sat></trkpt>
  <trkpt lat="38.39463501" lon="42.12170253"><ele>1526.507</ele><time>2026-09-15T06:14:02Z</time><speed>3.780</speed><sat>26</sat></trkpt>
  <trkpt lat="38.39465339" lon="42.12167406"><ele>1526.737</ele><time>2026-09-15T06:14:03Z</time><speed>3.640</speed><sat>26</sat></trkpt>
  <trkpt lat="38.39467543" lon="42.12163360"><ele>1527.273</ele><time>2026-09-15T06:14:04Z</time><speed>4.630</speed><sat>26</sat></trkpt>
  <trkpt lat="38.39469812" lon="42.12159252"><ele>1527.639</ele><time>2026-09-15T06:14:05Z</time><speed>4.410</speed><sat>26</sat></trkpt>
  <trkpt lat="38.39471339" lon="42.12156284"><ele>1527.770</ele><time>2026-09-15T06:14:06Z</time><speed>2.600</speed><sat>26</sat></trkpt>
  <trkpt lat="38.39472031" lon="42.12154829"><ele>1527.896</ele><time>2026-09-15T06:14:07Z</time><speed>1.260</speed><sat>26</sat></trkpt>
  <trkpt lat="38.39472350" lon="42.12154239"><ele>1528.067</ele><time>2026-09-15T06:14:08Z</time><speed>0.680</speed><sat>25</sat></trkpt>
  <trkpt lat="38.39472548" lon="42.12153674"><ele>1528.342</ele><time>2026-09-15T06:14:09Z</time><speed>0.920</speed><sat>24</sat></trkpt>
  <trkpt lat="38.39472801" lon="42.12152451"><ele>1528.379</ele><time>2026-09-15T06:14:10Z</time><speed>1.540</speed><sat>24</sat></trkpt>
  <trkpt lat="38.39473563" lon="42.12150545"><ele>1528.432</ele><time>2026-09-15T06:14:11Z</time><speed>2.280</speed><sat>26</sat></trkpt>
  <trkpt lat="38.39475030" lon="42.12148297"><ele>1528.453</ele><time>2026-09-15T06:14:12Z</time><speed>2.790</speed><sat>27</sat></trkpt>
  <trkpt lat="38.39476811" lon="42.12145790"><ele>1528.235</ele><time>2026-09-15T06:14:13Z</time><speed>3.070</speed><sat>27</sat></trkpt>
  <trkpt lat="38.39478520" lon="42.12142825"><ele>1527.854</ele><time>2026-09-15T06:14:14Z</time><speed>3.250</speed><sat>27</sat></trkpt>
  <trkpt lat="38.39479881" lon="42.12140063"><ele>1527.347</ele><time>2026-09-15T06:14:15Z</time><speed>2.700</speed><sat>28</sat></trkpt>
  <trkpt lat="38.39480890" lon="42.12137882"><ele>1527.631</ele><time>2026-09-15T06:14:16Z</time><speed>2.030</speed><sat>28</sat></trkpt>
  <trkpt lat="38.39481608" lon="42.12136351"><ele>1527.862</ele><time>2026-09-15T06:14:17Z</time><speed>1.390</speed><sat>28</sat></trkpt>
  <trkpt lat="38.39481937" lon="42.12135546"><ele>1527.867</ele><time>2026-09-15T06:14:18Z</time><speed>0.670</speed><sat>28</sat></trkpt>
  <trkpt lat="38.39482140" lon="42.12134861"><ele>1527.721</ele><time>2026-09-15T06:14:19Z</time><speed>0.920</speed><sat>27</sat></trkpt>
  <trkpt lat="38.39482560" lon="42.12133742"><ele>1527.787</ele><time>2026-09-15T06:14:20Z</time><speed>1.390</speed><sat>27</sat></trkpt>
  <trkpt lat="38.39483231" lon="42.12132010"><ele>1527.673</ele><time>2026-09-15T06:14:21Z</time><speed>1.930</speed><sat>26</sat></trkpt>
  <trkpt lat="38.39484295" lon="42.12129288"><ele>1527.515</ele><time>2026-09-15T06:14:22Z</time><speed>3.110</speed><sat>26</sat></trkpt>
  <trkpt lat="38.39485801" lon="42.12125424"><ele>1527.232</ele><time>2026-09-15T06:14:23Z</time><speed>3.990</speed><sat>26</sat></trkpt>
  <trkpt lat="38.39487538" lon="42.12120910"><ele>1527.438</ele><time>2026-09-15T06:14:24Z</time><speed>4.300</speed><sat>27</sat></trkpt>
  <trkpt lat="38.39489421" lon="42.12116163"><ele>1527.292</ele><time>2026-09-15T06:14:25Z</time><speed>4.550</speed><sat>27</sat></trkpt>
  <trkpt lat="38.39491278" lon="42.12111169"><ele>1527.483</ele><time>2026-09-15T06:14:26Z</time><speed>4.730</speed><sat>27</sat></trkpt>
  <trkpt lat="38.39492602" lon="42.12104988"><ele>1527.239</ele><time>2026-09-15T06:14:27Z</time><speed>5.010</speed><sat>29</sat></trkpt>
  <trkpt lat="38.39493112" lon="42.12098367"><ele>1527.329</ele><time>2026-09-15T06:14:28Z</time><speed>6.370</speed><sat>29</sat></trkpt>
  <trkpt lat="38.39494192" lon="42.12091091"><ele>1527.400</ele><time>2026-09-15T06:14:29Z</time><speed>6.640</speed><sat>29</sat></trkpt>
  <trkpt lat="38.39495253" lon="42.12082400"><ele>1527.567</ele><time>2026-09-15T06:14:30Z</time><speed>8.150</speed><sat>29</sat></trkpt>
  <trkpt lat="38.39495888" lon="42.12072915"><ele>1527.816</ele><time>2026-09-15T06:14:31Z</time><speed>8.820</speed><sat>29</sat></trkpt>
  <trkpt lat="38.39497210" lon="42.12063505"><ele>1528.333</ele><time>2026-09-15T06:14:32Z</time><speed>8.580</speed><sat>29</sat></trkpt>
  <trkpt lat="38.39499054" lon="42.12053751"><ele>1528.970</ele><time>2026-09-15T06:14:33Z</time><speed>8.740</speed><sat>30</sat></trkpt>
  <trkpt lat="38.39500440" lon="42.12044576"><ele>1529.590</ele><time>2026-09-15T06:14:34Z</time><speed>8.270</speed><sat>29</sat></trkpt>
  <trkpt lat="38.39502045" lon="42.12035391"><ele>1529.999</ele><time>2026-09-15T06:14:35Z</time><speed>8.240</speed><sat>29</sat></trkpt>
  <trkpt lat="38.39503851" lon="42.12026601"><ele>1530.304</ele><time>2026-09-15T06:14:36Z</time><speed>7.850</speed><sat>29</sat></trkpt>
  <trkpt lat="38.39506156" lon="42.12017851"><ele>1530.948</ele><time>2026-09-15T06:14:37Z</time><speed>7.790</speed><sat>32</sat></trkpt>
  <trkpt lat="38.39508900" lon="42.12009509"><ele>1531.307</ele><time>2026-09-15T06:14:38Z</time><speed>7.790</speed><sat>32</sat></trkpt>
  <trkpt lat="38.39511563" lon="42.12001092"><ele>1531.844</ele><time>2026-09-15T06:14:39Z</time><speed>8.060</speed><sat>32</sat></trkpt>
  <trkpt lat="38.39514862" lon="42.11992349"><ele>1532.120</ele><time>2026-09-15T06:14:40Z</time><speed>8.630</speed><sat>33</sat></trkpt>
  <trkpt lat="38.39518547" lon="42.11983199"><ele>1532.655</ele><time>2026-09-15T06:14:41Z</time><speed>8.920</speed><sat>33</sat></trkpt>
  <trkpt lat="38.39522674" lon="42.11974202"><ele>1533.412</ele><time>2026-09-15T06:14:42Z</time><speed>9.050</speed><sat>33</sat></trkpt>
  <trkpt lat="38.39527439" lon="42.11966149"><ele>1534.095</ele><time>2026-09-15T06:14:43Z</time><speed>9.020</speed><sat>33</sat></trkpt>
  <trkpt lat="38.39532607" lon="42.11958010"><ele>1534.558</ele><time>2026-09-15T06:14:44Z</time><speed>9.170</speed><sat>33</sat></trkpt>
  <trkpt lat="38.39539251" lon="42.11952364"><ele>1536.127</ele><time>2026-09-15T06:14:45Z</time><speed>9.020</speed><sat>33</sat></trkpt>
  <trkpt lat="38.39546102" lon="42.11946929"><ele>1537.198</ele><time>2026-09-15T06:14:46Z</time><speed>8.970</speed><sat>32</sat></trkpt>
  <trkpt lat="38.39553254" lon="42.11942687"><ele>1538.612</ele><time>2026-09-15T06:14:47Z</time><speed>8.600</speed><sat>32</sat></trkpt>
  <trkpt lat="38.39560566" lon="42.11939712"><ele>1539.698</ele><time>2026-09-15T06:14:48Z</time><speed>8.460</speed><sat>32</sat></trkpt>
  <trkpt lat="38.39567382" lon="42.11936077"><ele>1540.808</ele><time>2026-09-15T06:14:49Z</time><speed>8.190</speed><sat>32</sat></trkpt>
  <trkpt lat="38.39573736" lon="42.11931596"><ele>1541.947</ele><time>2026-09-15T06:14:50Z</time><speed>8.110</speed><sat>31</sat></trkpt>
  <trkpt lat="38.39580212" lon="42.11926683"><ele>1543.033</ele><time>2026-09-15T06:14:51Z</time><speed>8.280</speed><sat>30</sat></trkpt>
  <trkpt lat="38.39587129" lon="42.11922069"><ele>1544.389</ele><time>2026-09-15T06:14:52Z</time><speed>8.420</speed><sat>31</sat></trkpt>
  <trkpt lat="38.39594130" lon="42.11919000"><ele>1545.353</ele><time>2026-09-15T06:14:53Z</time><speed>8.360</speed><sat>31</sat></trkpt>
  <trkpt lat="38.39601545" lon="42.11917459"><ele>1546.149</ele><time>2026-09-15T06:14:54Z</time><speed>8.430</speed><sat>30</sat></trkpt>
  <trkpt lat="38.39609276" lon="42.11916908"><ele>1547.600</ele><time>2026-09-15T06:14:55Z</time><speed>8.590</speed><sat>30</sat></trkpt>
  <trkpt lat="38.39617055" lon="42.11917413"><ele>1549.020</ele><time>2026-09-15T06:14:56Z</time><speed>8.490</speed><sat>30</sat></trkpt>
  <trkpt lat="38.39624465" lon="42.11919187"><ele>1551.375</ele><time>2026-09-15T06:14:57Z</time><speed>8.490</speed><sat>30</sat></trkpt>
  <trkpt lat="38.39632068" lon="42.11921374"><ele>1552.882</ele><time>2026-09-15T06:14:58Z</time><speed>8.550</speed><sat>31</sat></trkpt>
  <trkpt lat="38.39639820" lon="42.11923414"><ele>1554.456</ele><time>2026-09-15T06:14:59Z</time><speed>8.710</speed><sat>32</sat></trkpt>
  <trkpt lat="38.39648021" lon="42.11924990"><ele>1555.733</ele><time>2026-09-15T06:15:00Z</time><speed>8.870</speed><sat>32</sat></trkpt>
  <trkpt lat="38.39656419" lon="42.11925027"><ele>1557.381</ele><time>2026-09-15T06:15:01Z</time><speed>9.020</speed><sat>32</sat></trkpt>
  <trkpt lat="38.39664414" lon="42.11924418"><ele>1558.744</ele><time>2026-09-15T06:15:02Z</time><speed>8.650</speed><sat>32</sat></trkpt>
  <trkpt lat="38.39671371" lon="42.11923006"><ele>1560.060</ele><time>2026-09-15T06:15:03Z</time><speed>8.070</speed><sat>32</sat></trkpt>
  <trkpt lat="38.39677869" lon="42.11922218"><ele>1561.516</ele><time>2026-09-15T06:15:04Z</time><speed>7.450</speed><sat>32</sat></trkpt>
  <trkpt lat="38.39683381" lon="42.11921492"><ele>1562.642</ele><time>2026-09-15T06:15:05Z</time><speed>6.300</speed><sat>33</sat></trkpt>
  <trkpt lat="38.39687445" lon="42.11919989"><ele>1563.284</ele><time>2026-09-15T06:15:06Z</time><speed>4.580</speed><sat>33</sat></trkpt>
  <trkpt lat="38.39689725" lon="42.11917791"><ele>1563.945</ele><time>2026-09-15T06:15:07Z</time><speed>2.900</speed><sat>31</sat></trkpt>
  <trkpt lat="38.39691118" lon="42.11915926"><ele>1564.841</ele><time>2026-09-15T06:15:08Z</time><speed>2.330</speed><sat>32</sat></trkpt>
  <trkpt lat="38.39692837" lon="42.11912666"><ele>1565.060</ele><time>2026-09-15T06:15:09Z</time><speed>3.320</speed><sat>32</sat></trkpt>
  <trkpt lat="38.39694912" lon="42.11907760"><ele>1565.462</ele><time>2026-09-15T06:15:10Z</time><speed>4.630</speed><sat>32</sat></trkpt>
  <trkpt lat="38.39696254" lon="42.11901891"><ele>1565.326</ele><time>2026-09-15T06:15:11Z</time><speed>5.420</speed><sat>32</sat></trkpt>
  <trkpt lat="38.39697888" lon="42.11895530"><ele>1565.374</ele><time>2026-09-15T06:15:12Z</time><speed>5.490</speed><sat>31</sat></trkpt>
  <trkpt lat="38.39699587" lon="42.11888409"><ele>1565.568</ele><time>2026-09-15T06:15:13Z</time><speed>6.430</speed><sat>31</sat></trkpt>
  <trkpt lat="38.39701653" lon="42.11879771"><ele>1565.880</ele><time>2026-09-15T06:15:14Z</time><speed>7.500</speed><sat>30</sat></trkpt>
  <trkpt lat="38.39703781" lon="42.11870924"><ele>1566.082</ele><time>2026-09-15T06:15:15Z</time><speed>8.040</speed><sat>28</sat></trkpt>
  <trkpt lat="38.39706479" lon="42.11861642"><ele>1566.227</ele><time>2026-09-15T06:15:16Z</time><speed>8.300</speed><sat>28</sat></trkpt>
  <trkpt lat="38.39709405" lon="42.11852837"><ele>1566.514</ele><time>2026-09-15T06:15:17Z</time><speed>8.420</speed><sat>30</sat></trkpt>
  <trkpt lat="38.39712690" lon="42.11843937"><ele>1566.706</ele><time>2026-09-15T06:15:18Z</time><speed>8.610</speed><sat>30</sat></trkpt>
  <trkpt lat="38.39716119" lon="42.11834789"><ele>1566.875</ele><time>2026-09-15T06:15:19Z</time><speed>8.820</speed><sat>30</sat></trkpt>
  <trkpt lat="38.39719901" lon="42.11825126"><ele>1566.659</ele><time>2026-09-15T06:15:20Z</time><speed>9.210</speed><sat>30</sat></trkpt>
  <trkpt lat="38.39722642" lon="42.11817505"><ele>1567.666</ele><time>2026-09-15T06:15:21Z</time><speed>8.070</speed><sat>30</sat></trkpt>
  <trkpt lat="38.39725161" lon="42.11809504"><ele>1567.897</ele><time>2026-09-15T06:15:22Z</time><speed>6.970</speed><sat>30</sat></trkpt>
  <trkpt lat="38.39727479" lon="42.11801534"><ele>1567.588</ele><time>2026-09-15T06:15:23Z</time><speed>6.990</speed><sat>29</sat></trkpt>
  <trkpt lat="38.39729772" lon="42.11794643"><ele>1567.819</ele><time>2026-09-15T06:15:24Z</time><speed>6.810</speed><sat>28</sat></trkpt>
  <trkpt lat="38.39731918" lon="42.11786565"><ele>1568.172</ele><time>2026-09-15T06:15:25Z</time><speed>7.400</speed><sat>28</sat></trkpt>
  <trkpt lat="38.39733134" lon="42.11778494"><ele>1567.743</ele><time>2026-09-15T06:15:26Z</time><speed>7.270</speed><sat>27</sat></trkpt>
  <trkpt lat="38.39733261" lon="42.11768215"><ele>1567.272</ele><time>2026-09-15T06:15:27Z</time><speed>8.430</speed><sat>28</sat></trkpt>
  <trkpt lat="38.39732196" lon="42.11759082"><ele>1566.873</ele><time>2026-09-15T06:15:28Z</time><speed>8.640</speed><sat>27</sat></trkpt>
  <trkpt lat="38.39730318" lon="42.11749516"><ele>1566.475</ele><time>2026-09-15T06:15:29Z</time><speed>8.130</speed><sat>27</sat></trkpt>
  <trkpt lat="38.39729043" lon="42.11740705"><ele>1566.347</ele><time>2026-09-15T06:15:30Z</time><speed>7.620</speed><sat>29</sat></trkpt>
  <trkpt lat="38.39727550" lon="42.11732771"><ele>1565.977</ele><time>2026-09-15T06:15:31Z</time><speed>6.900</speed><sat>29</sat></trkpt>
  <trkpt lat="38.39725871" lon="42.11725421"><ele>1566.479</ele><time>2026-09-15T06:15:32Z</time><speed>7.020</speed><sat>29</sat></trkpt>
  <trkpt lat="38.39724959" lon="42.11721548"><ele>1567.631</ele><time>2026-09-15T06:15:33Z</time><speed>4.520</speed><sat>29</sat></trkpt>
  <trkpt lat="38.39726001" lon="42.11719838"><ele>1566.058</ele><time>2026-09-15T06:15:34Z</time><speed>1.940</speed><sat>29</sat></trkpt>
  <trkpt lat="38.39724381" lon="42.11716678"><ele>1566.557</ele><time>2026-09-15T06:15:35Z</time><speed>3.120</speed><sat>30</sat></trkpt>
  <trkpt lat="38.39723427" lon="42.11714447"><ele>1566.390</ele><time>2026-09-15T06:15:36Z</time><speed>2.360</speed><sat>29</sat></trkpt>
  <trkpt lat="38.39723610" lon="42.11711151"><ele>1566.297</ele><time>2026-09-15T06:15:37Z</time><speed>2.950</speed><sat>29</sat></trkpt>
  <trkpt lat="38.39722411" lon="42.11707115"><ele>1567.373</ele><time>2026-09-15T06:15:38Z</time><speed>3.800</speed><sat>29</sat></trkpt>
  <trkpt lat="38.39723460" lon="42.11701445"><ele>1566.649</ele><time>2026-09-15T06:15:39Z</time><speed>5.100</speed><sat>29</sat></trkpt>
  <trkpt lat="38.39724735" lon="42.11694429"><ele>1565.962</ele><time>2026-09-15T06:15:40Z</time><speed>5.500</speed><sat>28</sat></trkpt>
  <trkpt lat="38.39725619" lon="42.11688875"><ele>1565.707</ele><time>2026-09-15T06:15:41Z</time><speed>6.180</speed><sat>29</sat></trkpt>
  <trkpt lat="38.39727144" lon="42.11682113"><ele>1565.654</ele><time>2026-09-15T06:15:42Z</time><speed>6.080</speed><sat>29</sat></trkpt>
  <trkpt lat="38.39729342" lon="42.11674299"><ele>1565.494</ele><time>2026-09-15T06:15:43Z</time><speed>7.840</speed><sat>29</sat></trkpt>
  <trkpt lat="38.39732160" lon="42.11665714"><ele>1564.787</ele><time>2026-09-15T06:15:44Z</time><speed>8.640</speed><sat>29</sat></trkpt>
  <trkpt lat="38.39733956" lon="42.11656379"><ele>1565.569</ele><time>2026-09-15T06:15:45Z</time><speed>8.470</speed><sat>28</sat></trkpt>
  <trkpt lat="38.39736020" lon="42.11646517"><ele>1565.664</ele><time>2026-09-15T06:15:46Z</time><speed>9.150</speed><sat>27</sat></trkpt>
  <trkpt lat="38.39737216" lon="42.11635319"><ele>1565.617</ele><time>2026-09-15T06:15:47Z</time><speed>9.620</speed><sat>25</sat></trkpt>
  <trkpt lat="38.39739036" lon="42.11623935"><ele>1565.875</ele><time>2026-09-15T06:15:48Z</time><speed>10.080</speed><sat>25</sat></trkpt>
  <trkpt lat="38.39740579" lon="42.11612370"><ele>1566.320</ele><time>2026-09-15T06:15:49Z</time><speed>10.090</speed><sat>23</sat></trkpt>
  <trkpt lat="38.39741330" lon="42.11601024"><ele>1566.588</ele><time>2026-09-15T06:15:50Z</time><speed>9.830</speed><sat>22</sat></trkpt>
  <trkpt lat="38.39741577" lon="42.11590659"><ele>1566.468</ele><time>2026-09-15T06:15:51Z</time><speed>9.020</speed><sat>22</sat></trkpt>
  <trkpt lat="38.39740942" lon="42.11580369"><ele>1566.768</ele><time>2026-09-15T06:15:52Z</time><speed>9.030</speed><sat>24</sat></trkpt>
  <trkpt lat="38.39741201" lon="42.11568646"><ele>1564.897</ele><time>2026-09-15T06:15:53Z</time><speed>9.620</speed><sat>24</sat></trkpt>
  <trkpt lat="38.39740030" lon="42.11557154"><ele>1564.456</ele><time>2026-09-15T06:15:54Z</time><speed>10.310</speed><sat>26</sat></trkpt>
  <trkpt lat="38.39738889" lon="42.11545238"><ele>1564.579</ele><time>2026-09-15T06:15:55Z</time><speed>10.470</speed><sat>26</sat></trkpt>
  <trkpt lat="38.39737662" lon="42.11533290"><ele>1564.895</ele><time>2026-09-15T06:15:56Z</time><speed>10.650</speed><sat>27</sat></trkpt>
  <trkpt lat="38.39736110" lon="42.11521000"><ele>1565.315</ele><time>2026-09-15T06:15:57Z</time><speed>10.600</speed><sat>27</sat></trkpt>
  <trkpt lat="38.39734237" lon="42.11509673"><ele>1564.375</ele><time>2026-09-15T06:15:58Z</time><speed>10.360</speed><sat>27</sat></trkpt>
  <trkpt lat="38.39729941" lon="42.11499142"><ele>1563.862</ele><time>2026-09-15T06:15:59Z</time><speed>10.070</speed><sat>26</sat></trkpt>
  <trkpt lat="38.39724813" lon="42.11490078"><ele>1563.639</ele><time>2026-09-15T06:16:00Z</time><speed>9.820</speed><sat>27</sat></trkpt>
  <trkpt lat="38.39719488" lon="42.11482317"><ele>1563.258</ele><time>2026-09-15T06:16:01Z</time><speed>9.410</speed><sat>28</sat></trkpt>
  <trkpt lat="38.39714975" lon="42.11475315"><ele>1562.164</ele><time>2026-09-15T06:16:02Z</time><speed>8.220</speed><sat>28</sat></trkpt>
  <trkpt lat="38.39710370" lon="42.11469140"><ele>1562.668</ele><time>2026-09-15T06:16:03Z</time><speed>7.290</speed><sat>28</sat></trkpt>
  <trkpt lat="38.39705550" lon="42.11465040"><ele>1562.091</ele><time>2026-09-15T06:16:04Z</time><speed>6.370</speed><sat>28</sat></trkpt>
  <trkpt lat="38.39702565" lon="42.11461840"><ele>1562.491</ele><time>2026-09-15T06:16:05Z</time><speed>5.400</speed><sat>29</sat></trkpt>
  <trkpt lat="38.39701520" lon="42.11457227"><ele>1562.764</ele><time>2026-09-15T06:16:06Z</time><speed>4.460</speed><sat>29</sat></trkpt>
  <trkpt lat="38.39699892" lon="42.11452671"><ele>1562.222</ele><time>2026-09-15T06:16:07Z</time><speed>4.700</speed><sat>30</sat></trkpt>
  <trkpt lat="38.39697996" lon="42.11448644"><ele>1562.510</ele><time>2026-09-15T06:16:08Z</time><speed>4.170</speed><sat>30</sat></trkpt>
  <trkpt lat="38.39696682" lon="42.11442038"><ele>1562.226</ele><time>2026-09-15T06:16:09Z</time><speed>5.370</speed><sat>30</sat></trkpt>
  <trkpt lat="38.39697853" lon="42.11431547"><ele>1562.604</ele><time>2026-09-15T06:16:10Z</time><speed>7.770</speed><sat>30</sat></trkpt>
  <trkpt lat="38.39701124" lon="42.11422284"><ele>1562.184</ele><time>2026-09-15T06:16:11Z</time><speed>8.380</speed><sat>30</sat></trkpt>
  <trkpt lat="38.39704743" lon="42.11413069"><ele>1562.669</ele><time>2026-09-15T06:16:12Z</time><speed>8.920</speed><sat>30</sat></trkpt>
  <trkpt lat="38.39708228" lon="42.11405013"><ele>1561.993</ele><time>2026-09-15T06:16:13Z</time><speed>8.870</speed><sat>30</sat></trkpt>
  <trkpt lat="38.39713803" lon="42.11396196"><ele>1562.272</ele><time>2026-09-15T06:16:14Z</time><speed>9.170</speed><sat>30</sat></trkpt>
  <trkpt lat="38.39718738" lon="42.11388998"><ele>1561.865</ele><time>2026-09-15T06:16:15Z</time><speed>8.700</speed><sat>30</sat></trkpt>
  <trkpt lat="38.39723151" lon="42.11381210"><ele>1561.710</ele><time>2026-09-15T06:16:16Z</time><speed>8.070</speed><sat>30</sat></trkpt>
  <trkpt lat="38.39727054" lon="42.11372315"><ele>1560.466</ele><time>2026-09-15T06:16:17Z</time><speed>8.030</speed><sat>29</sat></trkpt>
  <trkpt lat="38.39728991" lon="42.11363830"><ele>1560.104</ele><time>2026-09-15T06:16:18Z</time><speed>7.670</speed><sat>25</sat></trkpt>
  <trkpt lat="38.39728715" lon="42.11355448"><ele>1559.522</ele><time>2026-09-15T06:16:19Z</time><speed>7.280</speed><sat>22</sat></trkpt>
  <trkpt lat="38.39727017" lon="42.11348000"><ele>1559.141</ele><time>2026-09-15T06:16:20Z</time><speed>6.960</speed><sat>22</sat></trkpt>
  <trkpt lat="38.39724524" lon="42.11341042"><ele>1559.272</ele><time>2026-09-15T06:16:21Z</time><speed>6.740</speed><sat>22</sat></trkpt>
  <trkpt lat="38.39720406" lon="42.11334745"><ele>1559.182</ele><time>2026-09-15T06:16:22Z</time><speed>6.610</speed><sat>23</sat></trkpt>
  <trkpt lat="38.39714493" lon="42.11329778"><ele>1560.013</ele><time>2026-09-15T06:16:23Z</time><speed>7.210</speed><sat>26</sat></trkpt>
  <trkpt lat="38.39708173" lon="42.11325762"><ele>1559.779</ele><time>2026-09-15T06:16:24Z</time><speed>7.950</speed><sat>27</sat></trkpt>
  <trkpt lat="38.39701087" lon="42.11321349"><ele>1560.622</ele><time>2026-09-15T06:16:25Z</time><speed>8.220</speed><sat>27</sat></trkpt>
  <trkpt lat="38.39693592" lon="42.11317232"><ele>1561.182</ele><time>2026-09-15T06:16:26Z</time><speed>8.200</speed><sat>28</sat></trkpt>
  <trkpt lat="38.39688673" lon="42.11314737"><ele>1560.349</ele><time>2026-09-15T06:16:27Z</time><speed>7.330</speed><sat>28</sat></trkpt>
  <trkpt lat="38.39682877" lon="42.11312831"><ele>1561.395</ele><time>2026-09-15T06:16:28Z</time><speed>6.370</speed><sat>27</sat></trkpt>
  <trkpt lat="38.39679483" lon="42.11311962"><ele>1560.633</ele><time>2026-09-15T06:16:29Z</time><speed>4.410</speed><sat>26</sat></trkpt>
  <trkpt lat="38.39676762" lon="42.11311113"><ele>1561.165</ele><time>2026-09-15T06:16:30Z</time><speed>2.730</speed><sat>25</sat></trkpt>
  <trkpt lat="38.39675489" lon="42.11309720"><ele>1560.329</ele><time>2026-09-15T06:16:31Z</time><speed>1.900</speed><sat>25</sat></trkpt>
  <trkpt lat="38.39674628" lon="42.11310048"><ele>1560.292</ele><time>2026-09-15T06:16:32Z</time><speed>1.240</speed><sat>24</sat></trkpt>
  <trkpt lat="38.39672571" lon="42.11309589"><ele>1560.228</ele><time>2026-09-15T06:16:33Z</time><speed>1.780</speed><sat>25</sat></trkpt>
  <trkpt lat="38.39669992" lon="42.11308501"><ele>1560.446</ele><time>2026-09-15T06:16:34Z</time><speed>2.860</speed><sat>25</sat></trkpt>
  <trkpt lat="38.39666838" lon="42.11308422"><ele>1561.005</ele><time>2026-09-15T06:16:35Z</time><speed>3.160</speed><sat>25</sat></trkpt>
  <trkpt lat="38.39664955" lon="42.11308232"><ele>1561.937</ele><time>2026-09-15T06:16:36Z</time><speed>2.740</speed><sat>26</sat></trkpt>
  <trkpt lat="38.39662961" lon="42.11306934"><ele>1562.292</ele><time>2026-09-15T06:16:37Z</time><speed>2.260</speed><sat>26</sat></trkpt>
  <trkpt lat="38.39662267" lon="42.11306364"><ele>1562.093</ele><time>2026-09-15T06:16:38Z</time><speed>1.490</speed><sat>25</sat></trkpt>
  <trkpt lat="38.39661296" lon="42.11306004"><ele>1562.317</ele><time>2026-09-15T06:16:39Z</time><speed>0.670</speed><sat>26</sat></trkpt>
  <trkpt lat="38.39661236" lon="42.11305865"><ele>1562.570</ele><time>2026-09-15T06:16:40Z</time><speed>0.000</speed><sat>27</sat></trkpt>
  <trkpt lat="38.39661581" lon="42.11305922"><ele>1562.768</ele><time>2026-09-15T06:16:41Z</time><speed>0.000</speed><sat>27</sat></trkpt>
  <trkpt lat="38.39661778" lon="42.11306087"><ele>1562.812</ele><time>2026-09-15T06:16:42Z</time><speed>0.000</speed><sat>27</sat></trkpt>
  <trkpt lat="38.39661869" lon="42.11306312"><ele>1562.909</ele><time>2026-09-15T06:16:43Z</time><speed>0.000</speed><sat>27</sat></trkpt>
  <trkpt lat="38.39661785" lon="42.11306479"><ele>1563.188</ele><time>2026-09-15T06:16:44Z</time><speed>0.000</speed><sat>26</sat></trkpt>
  <trkpt lat="38.39661719" lon="42.11306671"><ele>1563.130</ele><time>2026-09-15T06:16:45Z</time><speed>0.000</speed><sat>26</sat></trkpt>
  <trkpt lat="38.39661591" lon="42.11306812"><ele>1563.340</ele><time>2026-09-15T06:16:46Z</time><speed>0.000</speed><sat>24</sat></trkpt>
  <trkpt lat="38.39661502" lon="42.11306879"><ele>1563.115</ele><time>2026-09-15T06:16:47Z</time><speed>0.000</speed><sat>25</sat></trkpt>
  <trkpt lat="38.39661482" lon="42.11306943"><ele>1563.235</ele><time>2026-09-15T06:16:48Z</time><speed>0.000</speed><sat>25</sat></trkpt>
  <trkpt lat="38.39661569" lon="42.11306937"><ele>1562.848</ele><time>2026-09-15T06:16:49Z</time><speed>0.000</speed><sat>25</sat></trkpt>
  <trkpt lat="38.39661639" lon="42.11306921"><ele>1562.506</ele><time>2026-09-15T06:16:50Z</time><speed>0.000</speed><sat>26</sat></trkpt>
  <trkpt lat="38.39661619" lon="42.11306872"><ele>1562.403</ele><time>2026-09-15T06:16:51Z</time><speed>0.000</speed><sat>26</sat></trkpt>
  <trkpt lat="38.39661580" lon="42.11306855"><ele>1562.364</ele><time>2026-09-15T06:16:52Z</time><speed>0.000</speed><sat>26</sat></trkpt>
  <trkpt lat="38.39661567" lon="42.11306945"><ele>1562.116</ele><time>2026-09-15T06:16:53Z</time><speed>0.000</speed><sat>26</sat></trkpt>
  <trkpt lat="38.39661594" lon="42.11307062"><ele>1562.228</ele><time>2026-09-15T06:16:54Z</time><speed>0.000</speed><sat>26</sat></trkpt>
  <trkpt lat="38.39661677" lon="42.11307052"><ele>1562.046</ele><time>2026-09-15T06:16:55Z</time><speed>0.000</speed><sat>26</sat></trkpt>
  <trkpt lat="38.39661506" lon="42.11307123"><ele>1561.784</ele><time>2026-09-15T06:16:56Z</time><speed>0.170</speed><sat>25</sat></trkpt>
  <trkpt lat="38.39661463" lon="42.11307187"><ele>1561.313</ele><time>2026-09-15T06:16:57Z</time><speed>0.000</speed><sat>25</sat></trkpt>
  <trkpt lat="38.39661523" lon="42.11307167"><ele>1561.039</ele><time>2026-09-15T06:16:58Z</time><speed>0.000</speed><sat>24</sat></trkpt>
  <trkpt lat="38.39661534" lon="42.11307117"><ele>1560.963</ele><time>2026-09-15T06:16:59Z</time><speed>0.000</speed><sat>23</sat></trkpt>
  <trkpt lat="38.39661661" lon="42.11307238"><ele>1560.929</ele><time>2026-09-15T06:17:00Z</time><speed>0.000</speed><sat>23</sat></trkpt>
  <trkpt lat="38.39661780" lon="42.11307244"><ele>1560.755</ele><time>2026-09-15T06:17:01Z</time><speed>0.000</speed><sat>23</sat></trkpt>
  <trkpt lat="38.39661837" lon="42.11307254"><ele>1560.806</ele><time>2026-09-15T06:17:02Z</time><speed>0.000</speed><sat>23</sat></trkpt>
  <trkpt lat="38.39661885" lon="42.11307258"><ele>1560.867</ele><time>2026-09-15T06:17:03Z</time><speed>0.000</speed><sat>23</sat></trkpt>
  <trkpt lat="38.39661882" lon="42.11307260"><ele>1561.012</ele><time>2026-09-15T06:17:04Z</time><speed>0.000</speed><sat>17</sat></trkpt>
  <trkpt lat="38.39661809" lon="42.11307331"><ele>1561.270</ele><time>2026-09-15T06:17:05Z</time><speed>0.000</speed><sat>15</sat></trkpt>
  <trkpt lat="38.39661872" lon="42.11307338"><ele>1561.749</ele><time>2026-09-15T06:17:06Z</time><speed>0.300</speed><sat>15</sat></trkpt>
  <trkpt lat="38.39661497" lon="42.11306944"><ele>1560.875</ele><time>2026-09-15T06:17:07Z</time><speed>0.650</speed><sat>15</sat></trkpt>
  <trkpt lat="38.39660807" lon="42.11306475"><ele>1560.445</ele><time>2026-09-15T06:17:08Z</time><speed>0.670</speed><sat>16</sat></trkpt>
  <trkpt lat="38.39659750" lon="42.11305755"><ele>1561.839</ele><time>2026-09-15T06:17:09Z</time><speed>1.000</speed><sat>16</sat></trkpt>
  <trkpt lat="38.39657923" lon="42.11304191"><ele>1561.850</ele><time>2026-09-15T06:17:10Z</time><speed>1.850</speed><sat>16</sat></trkpt>
  <trkpt lat="38.39655560" lon="42.11302071"><ele>1560.583</ele><time>2026-09-15T06:17:11Z</time><speed>2.170</speed><sat>17</sat></trkpt>
  <trkpt lat="38.39653389" lon="42.11300565"><ele>1562.204</ele><time>2026-09-15T06:17:12Z</time><speed>1.800</speed><sat>20</sat></trkpt>
  <trkpt lat="38.39650310" lon="42.11298983"><ele>1562.832</ele><time>2026-09-15T06:17:13Z</time><speed>2.780</speed><sat>21</sat></trkpt>
  <trkpt lat="38.39646400" lon="42.11297410"><ele>1563.252</ele><time>2026-09-15T06:17:14Z</time><speed>3.360</speed><sat>22</sat></trkpt>
  <trkpt lat="38.39632365" lon="42.11289541"><ele>1564.307</ele><time>2026-09-15T06:17:15Z</time><speed>5.360</speed><sat>23</sat></trkpt>
  <trkpt lat="38.39626110" lon="42.11286684"><ele>1563.502</ele><time>2026-09-15T06:17:16Z</time><speed>5.770</speed><sat>24</sat></trkpt>
  <trkpt lat="38.39617710" lon="42.11283652"><ele>1563.485</ele><time>2026-09-15T06:17:17Z</time><speed>6.640</speed><sat>24</sat></trkpt>
  <trkpt lat="38.39610358" lon="42.11273930"><ele>1562.748</ele><time>2026-09-15T06:17:18Z</time><speed>7.890</speed><sat>23</sat></trkpt>
  <trkpt lat="38.39603677" lon="42.11266979"><ele>1561.489</ele><time>2026-09-15T06:17:19Z</time><speed>8.320</speed><sat>23</sat></trkpt>
  <trkpt lat="38.39597968" lon="42.11259260"><ele>1560.868</ele><time>2026-09-15T06:17:20Z</time><speed>8.730</speed><sat>24</sat></trkpt>
  <trkpt lat="38.39593342" lon="42.11250996"><ele>1560.855</ele><time>2026-09-15T06:17:21Z</time><speed>9.160</speed><sat>23</sat></trkpt>
  <trkpt lat="38.39588717" lon="42.11241888"><ele>1561.609</ele><time>2026-09-15T06:17:22Z</time><speed>9.480</speed><sat>23</sat></trkpt>
  <trkpt lat="38.39585317" lon="42.11231476"><ele>1561.538</ele><time>2026-09-15T06:17:23Z</time><speed>9.900</speed><sat>24</sat></trkpt>
  <trkpt lat="38.39582323" lon="42.11221129"><ele>1561.756</ele><time>2026-09-15T06:17:24Z</time><speed>9.690</speed><sat>24</sat></trkpt>
  <trkpt lat="38.39578059" lon="42.11211698"><ele>1561.122</ele><time>2026-09-15T06:17:25Z</time><speed>9.010</speed><sat>24</sat></trkpt>
  <trkpt lat="38.39574967" lon="42.11203223"><ele>1561.103</ele><time>2026-09-15T06:17:26Z</time><speed>8.410</speed><sat>24</sat></trkpt>
  <trkpt lat="38.39571955" lon="42.11194339"><ele>1560.743</ele><time>2026-09-15T06:17:27Z</time><speed>8.380</speed><sat>23</sat></trkpt>
  <trkpt lat="38.39569115" lon="42.11185398"><ele>1560.540</ele><time>2026-09-15T06:17:28Z</time><speed>8.360</speed><sat>21</sat></trkpt>
  <trkpt lat="38.39567362" lon="42.11176026"><ele>1559.577</ele><time>2026-09-15T06:17:29Z</time><speed>8.210</speed><sat>23</sat></trkpt>
  <trkpt lat="38.39567522" lon="42.11166580"><ele>1560.242</ele><time>2026-09-15T06:17:30Z</time><speed>8.100</speed><sat>24</sat></trkpt>
  <trkpt lat="38.39569303" lon="42.11156663"><ele>1559.672</ele><time>2026-09-15T06:17:31Z</time><speed>7.890</speed><sat>23</sat></trkpt>
  <trkpt lat="38.39571295" lon="42.11147769"><ele>1559.312</ele><time>2026-09-15T06:17:32Z</time><speed>8.100</speed><sat>23</sat></trkpt>
  <trkpt lat="38.39573013" lon="42.11139181"><ele>1558.778</ele><time>2026-09-15T06:17:33Z</time><speed>8.320</speed><sat>24</sat></trkpt>
  <trkpt lat="38.39572929" lon="42.11129324"><ele>1559.223</ele><time>2026-09-15T06:17:34Z</time><speed>8.430</speed><sat>24</sat></trkpt>
  <trkpt lat="38.39572716" lon="42.11119222"><ele>1558.573</ele><time>2026-09-15T06:17:35Z</time><speed>8.820</speed><sat>24</sat></trkpt>
  <trkpt lat="38.39572500" lon="42.11109460"><ele>1558.108</ele><time>2026-09-15T06:17:36Z</time><speed>8.960</speed><sat>22</sat></trkpt>
  <trkpt lat="38.39573435" lon="42.11099519"><ele>1558.726</ele><time>2026-09-15T06:17:37Z</time><speed>8.930</speed><sat>22</sat></trkpt>
  <trkpt lat="38.39575228" lon="42.11089931"><ele>1558.042</ele><time>2026-09-15T06:17:38Z</time><speed>8.380</speed><sat>21</sat></trkpt>
  <trkpt lat="38.39577323" lon="42.11082010"><ele>1558.126</ele><time>2026-09-15T06:17:39Z</time><speed>7.830</speed><sat>22</sat></trkpt>
  <trkpt lat="38.39580513" lon="42.11074385"><ele>1558.240</ele><time>2026-09-15T06:17:40Z</time><speed>7.610</speed><sat>22</sat></trkpt>
  <trkpt lat="38.39585057" lon="42.11066465"><ele>1557.923</ele><time>2026-09-15T06:17:41Z</time><speed>8.390</speed><sat>22</sat></trkpt>
  <trkpt lat="38.39590114" lon="42.11058874"><ele>1558.519</ele><time>2026-09-15T06:17:42Z</time><speed>8.690</speed><sat>23</sat></trkpt>
  <trkpt lat="38.39595344" lon="42.11050757"><ele>1559.640</ele><time>2026-09-15T06:17:43Z</time><speed>8.950</speed><sat>23</sat></trkpt>
  <trkpt lat="38.39599666" lon="42.11042506"><ele>1560.603</ele><time>2026-09-15T06:17:44Z</time><speed>8.750</speed><sat>25</sat></trkpt>
  <trkpt lat="38.39604434" lon="42.11034663"><ele>1562.077</ele><time>2026-09-15T06:17:45Z</time><speed>8.510</speed><sat>25</sat></trkpt>
  <trkpt lat="38.39608542" lon="42.11026992"><ele>1563.386</ele><time>2026-09-15T06:17:46Z</time><speed>8.020</speed><sat>25</sat></trkpt>
  <trkpt lat="38.39611364" lon="42.11020194"><ele>1564.110</ele><time>2026-09-15T06:17:47Z</time><speed>6.790</speed><sat>24</sat></trkpt>
  <trkpt lat="38.39613724" lon="42.11013143"><ele>1564.508</ele><time>2026-09-15T06:17:48Z</time><speed>6.520</speed><sat>24</sat></trkpt>
  <trkpt lat="38.39614840" lon="42.11006101"><ele>1564.940</ele><time>2026-09-15T06:17:49Z</time><speed>6.150</speed><sat>24</sat></trkpt>
  <trkpt lat="38.39616727" lon="42.10999059"><ele>1565.271</ele><time>2026-09-15T06:17:50Z</time><speed>5.830</speed><sat>25</sat></trkpt>
  <trkpt lat="38.39619155" lon="42.10994098"><ele>1565.408</ele><time>2026-09-15T06:17:51Z</time><speed>5.550</speed><sat>26</sat></trkpt>
  <trkpt lat="38.39622215" lon="42.10989763"><ele>1564.723</ele><time>2026-09-15T06:17:52Z</time><speed>5.320</speed><sat>28</sat></trkpt>
  <trkpt lat="38.39625445" lon="42.10985676"><ele>1564.345</ele><time>2026-09-15T06:17:53Z</time><speed>5.120</speed><sat>28</sat></trkpt>
  <trkpt lat="38.39629771" lon="42.10981674"><ele>1564.072</ele><time>2026-09-15T06:17:54Z</time><speed>5.380</speed><sat>28</sat></trkpt>
  <trkpt lat="38.39632811" lon="42.10980529"><ele>1563.563</ele><time>2026-09-15T06:17:55Z</time><speed>4.310</speed><sat>28</sat></trkpt>
  <trkpt lat="38.39635853" lon="42.10979224"><ele>1562.876</ele><time>2026-09-15T06:17:56Z</time><speed>3.830</speed><sat>26</sat></trkpt>
  <trkpt lat="38.39637956" lon="42.10979144"><ele>1562.555</ele><time>2026-09-15T06:17:57Z</time><speed>2.680</speed><sat>24</sat></trkpt>
  <trkpt lat="38.39643641" lon="42.10979617"><ele>1562.200</ele><time>2026-09-15T06:17:58Z</time><speed>5.410</speed><sat>19</sat></trkpt>
  <trkpt lat="38.39650222" lon="42.10978457"><ele>1563.422</ele><time>2026-09-15T06:17:59Z</time><speed>6.390</speed><sat>18</sat></trkpt>
  <trkpt lat="38.39657381" lon="42.10976282"><ele>1564.817</ele><time>2026-09-15T06:18:00Z</time><speed>7.050</speed><sat>20</sat></trkpt>
  <trkpt lat="38.39663992" lon="42.10973417"><ele>1565.267</ele><time>2026-09-15T06:18:01Z</time><speed>7.540</speed><sat>19</sat></trkpt>
  <trkpt lat="38.39671707" lon="42.10971106"><ele>1565.053</ele><time>2026-09-15T06:18:02Z</time><speed>8.050</speed><sat>20</sat></trkpt>
  <trkpt lat="38.39679235" lon="42.10968098"><ele>1565.597</ele><time>2026-09-15T06:18:03Z</time><speed>8.420</speed><sat>20</sat></trkpt>
  <trkpt lat="38.39686788" lon="42.10967036"><ele>1565.993</ele><time>2026-09-15T06:18:04Z</time><speed>8.510</speed><sat>20</sat></trkpt>
  <trkpt lat="38.39694274" lon="42.10966085"><ele>1566.726</ele><time>2026-09-15T06:18:05Z</time><speed>8.170</speed><sat>20</sat></trkpt>
  <trkpt lat="38.39701042" lon="42.10966132"><ele>1567.635</ele><time>2026-09-15T06:18:06Z</time><speed>8.250</speed><sat>21</sat></trkpt>
  <trkpt lat="38.39709107" lon="42.10966268"><ele>1567.221</ele><time>2026-09-15T06:18:07Z</time><speed>8.450</speed><sat>24</sat></trkpt>
  <trkpt lat="38.39714869" lon="42.10968303"><ele>1567.383</ele><time>2026-09-15T06:18:08Z</time><speed>7.050</speed><sat>27</sat></trkpt>
  <trkpt lat="38.39720921" lon="42.10970641"><ele>1566.889</ele><time>2026-09-15T06:18:09Z</time><speed>5.980</speed><sat>28</sat></trkpt>
  <trkpt lat="38.39726636" lon="42.10973384"><ele>1566.554</ele><time>2026-09-15T06:18:10Z</time><speed>6.210</speed><sat>30</sat></trkpt>
  <trkpt lat="38.39730794" lon="42.10976975"><ele>1566.107</ele><time>2026-09-15T06:18:11Z</time><speed>6.110</speed><sat>31</sat></trkpt>
  <trkpt lat="38.39733608" lon="42.10981377"><ele>1567.054</ele><time>2026-09-15T06:18:12Z</time><speed>4.540</speed><sat>31</sat></trkpt>
  <trkpt lat="38.39735549" lon="42.10983964"><ele>1567.338</ele><time>2026-09-15T06:18:13Z</time><speed>3.050</speed><sat>32</sat></trkpt>
  <trkpt lat="38.39736186" lon="42.10985668"><ele>1567.054</ele><time>2026-09-15T06:18:14Z</time><speed>1.770</speed><sat>31</sat></trkpt>
  <trkpt lat="38.39736910" lon="42.10987340"><ele>1567.115</ele><time>2026-09-15T06:18:15Z</time><speed>1.640</speed><sat>31</sat></trkpt>
  <trkpt lat="38.39737776" lon="42.10989290"><ele>1567.306</ele><time>2026-09-15T06:18:16Z</time><speed>1.970</speed><sat>31</sat></trkpt>
  <trkpt lat="38.39738741" lon="42.10991565"><ele>1567.298</ele><time>2026-09-15T06:18:17Z</time><speed>2.250</speed><sat>30</sat></trkpt>
  <trkpt lat="38.39741258" lon="42.10993950"><ele>1567.633</ele><time>2026-09-15T06:18:18Z</time><speed>2.650</speed><sat>28</sat></trkpt>
  <trkpt lat="38.39743456" lon="42.10995211"><ele>1566.964</ele><time>2026-09-15T06:18:19Z</time><speed>2.540</speed><sat>27</sat></trkpt>
  <trkpt lat="38.39746154" lon="42.10996627"><ele>1567.505</ele><time>2026-09-15T06:18:20Z</time><speed>2.760</speed><sat>26</sat></trkpt>
  <trkpt lat="38.39747373" lon="42.10998600"><ele>1566.679</ele><time>2026-09-15T06:18:21Z</time><speed>2.180</speed><sat>26</sat></trkpt>
  <trkpt lat="38.39748606" lon="42.11000181"><ele>1566.494</ele><time>2026-09-15T06:18:22Z</time><speed>1.820</speed><sat>26</sat></trkpt>
  <trkpt lat="38.39749026" lon="42.11000822"><ele>1567.667</ele><time>2026-09-15T06:18:23Z</time><speed>0.740</speed><sat>26</sat></trkpt>
  <trkpt lat="38.39748778" lon="42.11000311"><ele>1568.144</ele><time>2026-09-15T06:18:24Z</time><speed>0.000</speed><sat>27</sat></trkpt>
  <trkpt lat="38.39748542" lon="42.10999856"><ele>1568.240</ele><time>2026-09-15T06:18:25Z</time><speed>0.000</speed><sat>27</sat></trkpt>
  <trkpt lat="38.39748433" lon="42.10999664"><ele>1568.361</ele><time>2026-09-15T06:18:26Z</time><speed>0.000</speed><sat>27</sat></trkpt>
  <trkpt lat="38.39748357" lon="42.10999627"><ele>1568.462</ele><time>2026-09-15T06:18:27Z</time><speed>0.000</speed><sat>27</sat></trkpt>
  <trkpt lat="38.39748300" lon="42.10999592"><ele>1568.524</ele><time>2026-09-15T06:18:28Z</time><speed>0.000</speed><sat>27</sat></trkpt>
  <trkpt lat="38.39748258" lon="42.10999551"><ele>1568.553</ele><time>2026-09-15T06:18:29Z</time><speed>0.000</speed><sat>27</sat></trkpt>
  <trkpt lat="38.39748221" lon="42.10999536"><ele>1568.588</ele><time>2026-09-15T06:18:30Z</time><speed>0.000</speed><sat>27</sat></trkpt>
  <trkpt lat="38.39748208" lon="42.10999603"><ele>1568.490</ele><time>2026-09-15T06:18:31Z</time><speed>0.000</speed><sat>24</sat></trkpt>
  <trkpt lat="38.39748194" lon="42.10999641"><ele>1568.485</ele><time>2026-09-15T06:18:32Z</time><speed>0.000</speed><sat>24</sat></trkpt>
  <trkpt lat="38.39748192" lon="42.10999640"><ele>1568.539</ele><time>2026-09-15T06:18:33Z</time><speed>0.000</speed><sat>24</sat></trkpt>
  <trkpt lat="38.39748189" lon="42.10999644"><ele>1568.539</ele><time>2026-09-15T06:18:34Z</time><speed>0.000</speed><sat>25</sat></trkpt>
  <trkpt lat="38.39748186" lon="42.10999637"><ele>1568.478</ele><time>2026-09-15T06:18:35Z</time><speed>0.000</speed><sat>25</sat></trkpt>
  <trkpt lat="38.39748184" lon="42.10999638"><ele>1568.429</ele><time>2026-09-15T06:18:36Z</time><speed>0.000</speed><sat>25</sat></trkpt>
  <trkpt lat="38.39748184" lon="42.10999633"><ele>1568.457</ele><time>2026-09-15T06:18:37Z</time><speed>0.000</speed><sat>26</sat></trkpt>
  <trkpt lat="38.39748279" lon="42.10999882"><ele>1568.232</ele><time>2026-09-15T06:18:38Z</time><speed>0.500</speed><sat>26</sat></trkpt>
  <trkpt lat="38.39748827" lon="42.11000772"><ele>1568.406</ele><time>2026-09-15T06:18:39Z</time><speed>1.190</speed><sat>26</sat></trkpt>
  <trkpt lat="38.39749759" lon="42.11002662"><ele>1567.941</ele><time>2026-09-15T06:18:40Z</time><speed>2.320</speed><sat>26</sat></trkpt>
  <trkpt lat="38.39751044" lon="42.11005095"><ele>1567.825</ele><time>2026-09-15T06:18:41Z</time><speed>2.460</speed><sat>26</sat></trkpt>
  <trkpt lat="38.39753110" lon="42.11008314"><ele>1567.262</ele><time>2026-09-15T06:18:42Z</time><speed>3.960</speed><sat>26</sat></trkpt>
  <trkpt lat="38.39759453" lon="42.11016151"><ele>1567.384</ele><time>2026-09-15T06:18:43Z</time><speed>6.260</speed><sat>26</sat></trkpt>
  <trkpt lat="38.39763939" lon="42.11022057"><ele>1566.503</ele><time>2026-09-15T06:18:44Z</time><speed>6.660</speed><sat>24</sat></trkpt>
  <trkpt lat="38.39768149" lon="42.11027693"><ele>1564.734</ele><time>2026-09-15T06:18:45Z</time><speed>7.080</speed><sat>25</sat></trkpt>
  <trkpt lat="38.39772789" lon="42.11033794"><ele>1564.553</ele><time>2026-09-15T06:18:46Z</time><speed>7.400</speed><sat>26</sat></trkpt>
  <trkpt lat="38.39777838" lon="42.11039809"><ele>1563.468</ele><time>2026-09-15T06:18:47Z</time><speed>7.680</speed><sat>26</sat></trkpt>
  <trkpt lat="38.39782877" lon="42.11045418"><ele>1562.973</ele><time>2026-09-15T06:18:48Z</time><speed>7.990</speed><sat>26</sat></trkpt>
  <trkpt lat="38.39789313" lon="42.11051434"><ele>1562.800</ele><time>2026-09-15T06:18:49Z</time><speed>8.180</speed><sat>26</sat></trkpt>
  <trkpt lat="38.39795060" lon="42.11056675"><ele>1562.574</ele><time>2026-09-15T06:18:50Z</time><speed>8.070</speed><sat>27</sat></trkpt>
  <trkpt lat="38.39801892" lon="42.11060770"><ele>1561.415</ele><time>2026-09-15T06:18:51Z</time><speed>8.220</speed><sat>27</sat></trkpt>
  <trkpt lat="38.39808400" lon="42.11065257"><ele>1560.785</ele><time>2026-09-15T06:18:52Z</time><speed>8.110</speed><sat>26</sat></trkpt>
  <trkpt lat="38.39814435" lon="42.11069728"><ele>1560.898</ele><time>2026-09-15T06:18:53Z</time><speed>7.880</speed><sat>27</sat></trkpt>
  <trkpt lat="38.39819814" lon="42.11072764"><ele>1560.309</ele><time>2026-09-15T06:18:54Z</time><speed>7.450</speed><sat>27</sat></trkpt>
  <trkpt lat="38.39825414" lon="42.11075943"><ele>1559.172</ele><time>2026-09-15T06:18:55Z</time><speed>6.980</speed><sat>28</sat></trkpt>
  <trkpt lat="38.39831043" lon="42.11078970"><ele>1559.001</ele><time>2026-09-15T06:18:56Z</time><speed>6.570</speed><sat>27</sat></trkpt>
  <trkpt lat="38.39836824" lon="42.11082431"><ele>1557.589</ele><time>2026-09-15T06:18:57Z</time><speed>6.500</speed><sat>27</sat></trkpt>
  <trkpt lat="38.39842109" lon="42.11084953"><ele>1557.385</ele><time>2026-09-15T06:18:58Z</time><speed>6.290</speed><sat>27</sat></trkpt>
  <trkpt lat="38.39847638" lon="42.11088304"><ele>1557.387</ele><time>2026-09-15T06:18:59Z</time><speed>6.580</speed><sat>26</sat></trkpt>
  <trkpt lat="38.39853153" lon="42.11091942"><ele>1556.747</ele><time>2026-09-15T06:19:00Z</time><speed>6.890</speed><sat>25</sat></trkpt>
  <trkpt lat="38.39858136" lon="42.11095832"><ele>1555.825</ele><time>2026-09-15T06:19:01Z</time><speed>6.710</speed><sat>25</sat></trkpt>
  <trkpt lat="38.39861829" lon="42.11098422"><ele>1555.678</ele><time>2026-09-15T06:19:02Z</time><speed>4.770</speed><sat>27</sat></trkpt>
  <trkpt lat="38.39864890" lon="42.11101257"><ele>1555.602</ele><time>2026-09-15T06:19:03Z</time><speed>4.130</speed><sat>29</sat></trkpt>
  <trkpt lat="38.39868112" lon="42.11104065"><ele>1555.986</ele><time>2026-09-15T06:19:04Z</time><speed>3.880</speed><sat>30</sat></trkpt>
  <trkpt lat="38.39873034" lon="42.11108162"><ele>1556.188</ele><time>2026-09-15T06:19:05Z</time><speed>5.940</speed><sat>30</sat></trkpt>
  <trkpt lat="38.39879246" lon="42.11113491"><ele>1556.057</ele><time>2026-09-15T06:19:06Z</time><speed>7.470</speed><sat>29</sat></trkpt>
  <trkpt lat="38.39885802" lon="42.11118898"><ele>1555.644</ele><time>2026-09-15T06:19:07Z</time><speed>8.190</speed><sat>29</sat></trkpt>
  <trkpt lat="38.39893194" lon="42.11122233"><ele>1554.584</ele><time>2026-09-15T06:19:08Z</time><speed>8.990</speed><sat>30</sat></trkpt>
  <trkpt lat="38.39901163" lon="42.11125382"><ele>1553.323</ele><time>2026-09-15T06:19:09Z</time><speed>9.020</speed><sat>29</sat></trkpt>
  <trkpt lat="38.39908739" lon="42.11126867"><ele>1553.593</ele><time>2026-09-15T06:19:10Z</time><speed>8.500</speed><sat>29</sat></trkpt>
  <trkpt lat="38.39916523" lon="42.11127862"><ele>1553.311</ele><time>2026-09-15T06:19:11Z</time><speed>8.250</speed><sat>29</sat></trkpt>
  <trkpt lat="38.39924416" lon="42.11127774"><ele>1553.340</ele><time>2026-09-15T06:19:12Z</time><speed>8.330</speed><sat>28</sat></trkpt>
  <trkpt lat="38.39932281" lon="42.11126160"><ele>1553.250</ele><time>2026-09-15T06:19:13Z</time><speed>8.650</speed><sat>29</sat></trkpt>
  <trkpt lat="38.39938975" lon="42.11122538"><ele>1552.850</ele><time>2026-09-15T06:19:14Z</time><speed>8.570</speed><sat>29</sat></trkpt>
  <trkpt lat="38.39945197" lon="42.11117053"><ele>1552.908</ele><time>2026-09-15T06:19:15Z</time><speed>8.570</speed><sat>29</sat></trkpt>
  <trkpt lat="38.39950944" lon="42.11109558"><ele>1552.584</ele><time>2026-09-15T06:19:16Z</time><speed>8.760</speed><sat>29</sat></trkpt>
  <trkpt lat="38.39956464" lon="42.11101443"><ele>1552.838</ele><time>2026-09-15T06:19:17Z</time><speed>9.050</speed><sat>29</sat></trkpt>
  <trkpt lat="38.39962222" lon="42.11093667"><ele>1552.842</ele><time>2026-09-15T06:19:18Z</time><speed>9.200</speed><sat>29</sat></trkpt>
  <trkpt lat="38.39967530" lon="42.11086249"><ele>1552.092</ele><time>2026-09-15T06:19:19Z</time><speed>8.760</speed><sat>29</sat></trkpt>
  <trkpt lat="38.39973195" lon="42.11079212"><ele>1551.937</ele><time>2026-09-15T06:19:20Z</time><speed>8.860</speed><sat>29</sat></trkpt>
  <trkpt lat="38.39979246" lon="42.11073001"><ele>1551.329</ele><time>2026-09-15T06:19:21Z</time><speed>8.660</speed><sat>28</sat></trkpt>
  <trkpt lat="38.39985903" lon="42.11067677"><ele>1550.403</ele><time>2026-09-15T06:19:22Z</time><speed>8.530</speed><sat>29</sat></trkpt>
  <trkpt lat="38.39992788" lon="42.11063425"><ele>1550.424</ele><time>2026-09-15T06:19:23Z</time><speed>8.400</speed><sat>29</sat></trkpt>
  <trkpt lat="38.40000116" lon="42.11061033"><ele>1549.834</ele><time>2026-09-15T06:19:24Z</time><speed>8.390</speed><sat>28</sat></trkpt>
  <trkpt lat="38.40007726" lon="42.11060691"><ele>1549.281</ele><time>2026-09-15T06:19:25Z</time><speed>8.450</speed><sat>28</sat></trkpt>
  <trkpt lat="38.40015253" lon="42.11061393"><ele>1548.783</ele><time>2026-09-15T06:19:26Z</time><speed>8.530</speed><sat>27</sat></trkpt>
  <trkpt lat="38.40023073" lon="42.11061959"><ele>1547.969</ele><time>2026-09-15T06:19:27Z</time><speed>8.700</speed><sat>28</sat></trkpt>
  <trkpt lat="38.40030640" lon="42.11062826"><ele>1546.933</ele><time>2026-09-15T06:19:28Z</time><speed>8.590</speed><sat>28</sat></trkpt>
  <trkpt lat="38.40038143" lon="42.11063025"><ele>1546.061</ele><time>2026-09-15T06:19:29Z</time><speed>8.250</speed><sat>28</sat></trkpt>
  <trkpt lat="38.40045458" lon="42.11061873"><ele>1544.784</ele><time>2026-09-15T06:19:30Z</time><speed>8.110</speed><sat>28</sat></trkpt>
  <trkpt lat="38.40052294" lon="42.11058494"><ele>1542.861</ele><time>2026-09-15T06:19:31Z</time><speed>8.110</speed><sat>28</sat></trkpt>
  <trkpt lat="38.40059054" lon="42.11054438"><ele>1541.320</ele><time>2026-09-15T06:19:32Z</time><speed>8.220</speed><sat>28</sat></trkpt>
  <trkpt lat="38.40065502" lon="42.11049863"><ele>1539.759</ele><time>2026-09-15T06:19:33Z</time><speed>8.350</speed><sat>27</sat></trkpt>
  <trkpt lat="38.40072318" lon="42.11044698"><ele>1538.905</ele><time>2026-09-15T06:19:34Z</time><speed>8.480</speed><sat>26</sat></trkpt>
  <trkpt lat="38.40078782" lon="42.11039398"><ele>1537.044</ele><time>2026-09-15T06:19:35Z</time><speed>8.750</speed><sat>27</sat></trkpt>
  <trkpt lat="38.40085488" lon="42.11034486"><ele>1535.843</ele><time>2026-09-15T06:19:36Z</time><speed>8.750</speed><sat>26</sat></trkpt>
  <trkpt lat="38.40092603" lon="42.11029854"><ele>1535.402</ele><time>2026-09-15T06:19:37Z</time><speed>8.820</speed><sat>26</sat></trkpt>
  <trkpt lat="38.40100092" lon="42.11026203"><ele>1535.505</ele><time>2026-09-15T06:19:38Z</time><speed>8.950</speed><sat>26</sat></trkpt>
  <trkpt lat="38.40107285" lon="42.11023074"><ele>1535.529</ele><time>2026-09-15T06:19:39Z</time><speed>8.510</speed><sat>26</sat></trkpt>
  <trkpt lat="38.40113972" lon="42.11020065"><ele>1535.618</ele><time>2026-09-15T06:19:40Z</time><speed>8.070</speed><sat>26</sat></trkpt>
  <trkpt lat="38.40119988" lon="42.11017706"><ele>1535.080</ele><time>2026-09-15T06:19:41Z</time><speed>7.400</speed><sat>26</sat></trkpt>
  <trkpt lat="38.40125148" lon="42.11015749"><ele>1535.058</ele><time>2026-09-15T06:19:42Z</time><speed>6.210</speed><sat>25</sat></trkpt>
  <trkpt lat="38.40128754" lon="42.11014109"><ele>1535.010</ele><time>2026-09-15T06:19:43Z</time><speed>4.710</speed><sat>21</sat></trkpt>
  <trkpt lat="38.40131952" lon="42.11012753"><ele>1535.365</ele><time>2026-09-15T06:19:44Z</time><speed>4.010</speed><sat>25</sat></trkpt>
  <trkpt lat="38.40133900" lon="42.11011707"><ele>1534.761</ele><time>2026-09-15T06:19:45Z</time><speed>2.930</speed><sat>25</sat></trkpt>
  <trkpt lat="38.40136570" lon="42.11010475"><ele>1534.311</ele><time>2026-09-15T06:19:46Z</time><speed>2.990</speed><sat>25</sat></trkpt>
  <trkpt lat="38.40139152" lon="42.11008915"><ele>1534.108</ele><time>2026-09-15T06:19:47Z</time><speed>3.270</speed><sat>27</sat></trkpt>
  <trkpt lat="38.40143397" lon="42.11007143"><ele>1534.558</ele><time>2026-09-15T06:19:48Z</time><speed>4.900</speed><sat>27</sat></trkpt>
  <trkpt lat="38.40147747" lon="42.11005267"><ele>1534.798</ele><time>2026-09-15T06:19:49Z</time><speed>5.290</speed><sat>26</sat></trkpt>
  <trkpt lat="38.40151883" lon="42.11003604"><ele>1535.234</ele><time>2026-09-15T06:19:50Z</time><speed>5.060</speed><sat>24</sat></trkpt>
  <trkpt lat="38.40156617" lon="42.11001602"><ele>1535.536</ele><time>2026-09-15T06:19:51Z</time><speed>5.290</speed><sat>23</sat></trkpt>
  <trkpt lat="38.40161430" lon="42.10999434"><ele>1535.407</ele><time>2026-09-15T06:19:52Z</time><speed>5.740</speed><sat>22</sat></trkpt>
  <trkpt lat="38.40166448" lon="42.10997676"><ele>1535.870</ele><time>2026-09-15T06:19:53Z</time><speed>5.940</speed><sat>25</sat></trkpt>
  <trkpt lat="38.40172446" lon="42.10995400"><ele>1536.166</ele><time>2026-09-15T06:19:54Z</time><speed>6.520</speed><sat>24</sat></trkpt>
  <trkpt lat="38.40178337" lon="42.10993343"><ele>1536.309</ele><time>2026-09-15T06:19:55Z</time><speed>6.510</speed><sat>23</sat></trkpt>
  <trkpt lat="38.40183589" lon="42.10991457"><ele>1536.477</ele><time>2026-09-15T06:19:56Z</time><speed>6.310</speed><sat>23</sat></trkpt>
  <trkpt lat="38.40187656" lon="42.10988857"><ele>1535.547</ele><time>2026-09-15T06:19:57Z</time><speed>5.750</speed><sat>23</sat></trkpt>
  <trkpt lat="38.40192952" lon="42.10987370"><ele>1535.794</ele><time>2026-09-15T06:19:58Z</time><speed>5.980</speed><sat>26</sat></trkpt>
  <trkpt lat="38.40198602" lon="42.10984599"><ele>1536.837</ele><time>2026-09-15T06:19:59Z</time><speed>6.060</speed><sat>24</sat></trkpt>
  <trkpt lat="38.40203563" lon="42.10982326"><ele>1537.142</ele><time>2026-09-15T06:20:00Z</time><speed>5.760</speed><sat>23</sat></trkpt>
  <trkpt lat="38.40209217" lon="42.10979087"><ele>1536.632</ele><time>2026-09-15T06:20:01Z</time><speed>5.970</speed><sat>23</sat></trkpt>
  <trkpt lat="38.40213599" lon="42.10974773"><ele>1536.388</ele><time>2026-09-15T06:20:02Z</time><speed>5.570</speed><sat>23</sat></trkpt>
  <trkpt lat="38.40217826" lon="42.10971451"><ele>1535.312</ele><time>2026-09-15T06:20:03Z</time><speed>5.660</speed><sat>23</sat></trkpt>
  <trkpt lat="38.40221663" lon="42.10966262"><ele>1534.110</ele><time>2026-09-15T06:20:04Z</time><speed>5.940</speed><sat>21</sat></trkpt>
  <trkpt lat="38.40225706" lon="42.10960736"><ele>1534.005</ele><time>2026-09-15T06:20:05Z</time><speed>6.360</speed><sat>20</sat></trkpt>
  <trkpt lat="38.40230116" lon="42.10956188"><ele>1533.087</ele><time>2026-09-15T06:20:06Z</time><speed>6.560</speed><sat>21</sat></trkpt>
  <trkpt lat="38.40234251" lon="42.10951370"><ele>1532.119</ele><time>2026-09-15T06:20:07Z</time><speed>6.400</speed><sat>22</sat></trkpt>
  <trkpt lat="38.40238460" lon="42.10946891"><ele>1531.250</ele><time>2026-09-15T06:20:08Z</time><speed>6.100</speed><sat>23</sat></trkpt>
  <trkpt lat="38.40243377" lon="42.10942228"><ele>1532.369</ele><time>2026-09-15T06:20:09Z</time><speed>6.240</speed><sat>23</sat></trkpt>
  <trkpt lat="38.40247819" lon="42.10938353"><ele>1533.299</ele><time>2026-09-15T06:20:10Z</time><speed>5.820</speed><sat>22</sat></trkpt>
  <trkpt lat="38.40251028" lon="42.10935624"><ele>1534.596</ele><time>2026-09-15T06:20:11Z</time><speed>4.310</speed><sat>22</sat></trkpt>
  <trkpt lat="38.40253950" lon="42.10933165"><ele>1534.750</ele><time>2026-09-15T06:20:12Z</time><speed>4.140</speed><sat>21</sat></trkpt>
  <trkpt lat="38.40256494" lon="42.10930891"><ele>1534.604</ele><time>2026-09-15T06:20:13Z</time><speed>3.720</speed><sat>19</sat></trkpt>
  <trkpt lat="38.40258864" lon="42.10928567"><ele>1534.787</ele><time>2026-09-15T06:20:14Z</time><speed>3.520</speed><sat>19</sat></trkpt>
  <trkpt lat="38.40263175" lon="42.10925044"><ele>1534.879</ele><time>2026-09-15T06:20:15Z</time><speed>4.310</speed><sat>19</sat></trkpt>
  <trkpt lat="38.40267429" lon="42.10922739"><ele>1534.933</ele><time>2026-09-15T06:20:16Z</time><speed>4.840</speed><sat>18</sat></trkpt>
  <trkpt lat="38.40271947" lon="42.10922930"><ele>1536.178</ele><time>2026-09-15T06:20:17Z</time><speed>5.140</speed><sat>17</sat></trkpt>
  <trkpt lat="38.40277446" lon="42.10925046"><ele>1536.339</ele><time>2026-09-15T06:20:18Z</time><speed>4.840</speed><sat>17</sat></trkpt>
  <trkpt lat="38.40284279" lon="42.10927448"><ele>1536.753</ele><time>2026-09-15T06:20:19Z</time><speed>5.310</speed><sat>21</sat></trkpt>
  <trkpt lat="38.40290632" lon="42.10930342"><ele>1535.100</ele><time>2026-09-15T06:20:20Z</time><speed>5.940</speed><sat>22</sat></trkpt>
  <trkpt lat="38.40294561" lon="42.10933525"><ele>1534.115</ele><time>2026-09-15T06:20:21Z</time><speed>6.010</speed><sat>21</sat></trkpt>
  <trkpt lat="38.40300642" lon="42.10937492"><ele>1534.269</ele><time>2026-09-15T06:20:22Z</time><speed>7.020</speed><sat>21</sat></trkpt>
  <trkpt lat="38.40306230" lon="42.10942055"><ele>1534.159</ele><time>2026-09-15T06:20:23Z</time><speed>7.090</speed><sat>20</sat></trkpt>
  <trkpt lat="38.40310950" lon="42.10946911"><ele>1532.567</ele><time>2026-09-15T06:20:24Z</time><speed>7.020</speed><sat>22</sat></trkpt>
  <trkpt lat="38.40314303" lon="42.10949515"><ele>1531.995</ele><time>2026-09-15T06:20:25Z</time><speed>5.230</speed><sat>22</sat></trkpt>
  <trkpt lat="38.40318523" lon="42.10951315"><ele>1531.138</ele><time>2026-09-15T06:20:26Z</time><speed>4.450</speed><sat>22</sat></trkpt>
  <trkpt lat="38.40321951" lon="42.10953117"><ele>1531.483</ele><time>2026-09-15T06:20:27Z</time><speed>4.400</speed><sat>22</sat></trkpt>
  <trkpt lat="38.40328616" lon="42.10953812"><ele>1532.045</ele><time>2026-09-15T06:20:28Z</time><speed>5.690</speed><sat>22</sat></trkpt>
  <trkpt lat="38.40334431" lon="42.10954559"><ele>1531.245</ele><time>2026-09-15T06:20:29Z</time><speed>5.790</speed><sat>22</sat></trkpt>
  <trkpt lat="38.40340569" lon="42.10953582"><ele>1531.525</ele><time>2026-09-15T06:20:30Z</time><speed>6.260</speed><sat>22</sat></trkpt>
  <trkpt lat="38.40347309" lon="42.10951201"><ele>1531.712</ele><time>2026-09-15T06:20:31Z</time><speed>7.010</speed><sat>22</sat></trkpt>
  <trkpt lat="38.40353879" lon="42.10949130"><ele>1531.381</ele><time>2026-09-15T06:20:32Z</time><speed>7.530</speed><sat>22</sat></trkpt>
  <trkpt lat="38.40360899" lon="42.10946241"><ele>1531.119</ele><time>2026-09-15T06:20:33Z</time><speed>7.980</speed><sat>21</sat></trkpt>
  <trkpt lat="38.40367702" lon="42.10942863"><ele>1530.855</ele><time>2026-09-15T06:20:34Z</time><speed>8.050</speed><sat>22</sat></trkpt>
  <trkpt lat="38.40374519" lon="42.10939530"><ele>1530.831</ele><time>2026-09-15T06:20:35Z</time><speed>8.000</speed><sat>22</sat></trkpt>
  <trkpt lat="38.40381010" lon="42.10935314"><ele>1530.781</ele><time>2026-09-15T06:20:36Z</time><speed>7.960</speed><sat>22</sat></trkpt>
  <trkpt lat="38.40387550" lon="42.10931610"><ele>1529.182</ele><time>2026-09-15T06:20:37Z</time><speed>7.440</speed><sat>22</sat></trkpt>
  <trkpt lat="38.40393796" lon="42.10928045"><ele>1529.682</ele><time>2026-09-15T06:20:38Z</time><speed>6.890</speed><sat>24</sat></trkpt>
  <trkpt lat="38.40399517" lon="42.10924978"><ele>1528.360</ele><time>2026-09-15T06:20:39Z</time><speed>6.590</speed><sat>25</sat></trkpt>
  <trkpt lat="38.40405303" lon="42.10921848"><ele>1529.971</ele><time>2026-09-15T06:20:40Z</time><speed>6.620</speed><sat>26</sat></trkpt>
  <trkpt lat="38.40410129" lon="42.10918253"><ele>1528.891</ele><time>2026-09-15T06:20:41Z</time><speed>6.760</speed><sat>26</sat></trkpt>
  <trkpt lat="38.40415639" lon="42.10914898"><ele>1528.020</ele><time>2026-09-15T06:20:42Z</time><speed>6.870</speed><sat>27</sat></trkpt>
  <trkpt lat="38.40421113" lon="42.10911339"><ele>1526.640</ele><time>2026-09-15T06:20:43Z</time><speed>6.900</speed><sat>27</sat></trkpt>
  <trkpt lat="38.40426539" lon="42.10907120"><ele>1525.970</ele><time>2026-09-15T06:20:44Z</time><speed>6.920</speed><sat>26</sat></trkpt>
  <trkpt lat="38.40431969" lon="42.10902888"><ele>1525.529</ele><time>2026-09-15T06:20:45Z</time><speed>7.050</speed><sat>26</sat></trkpt>
  <trkpt lat="38.40437076" lon="42.10898539"><ele>1525.104</ele><time>2026-09-15T06:20:46Z</time><speed>6.900</speed><sat>25</sat></trkpt>
  <trkpt lat="38.40441919" lon="42.10893968"><ele>1524.019</ele><time>2026-09-15T06:20:47Z</time><speed>6.560</speed><sat>25</sat></trkpt>
  <trkpt lat="38.40446093" lon="42.10889448"><ele>1523.022</ele><time>2026-09-15T06:20:48Z</time><speed>6.020</speed><sat>24</sat></trkpt>
  <trkpt lat="38.40449806" lon="42.10885104"><ele>1522.468</ele><time>2026-09-15T06:20:49Z</time><speed>5.430</speed><sat>24</sat></trkpt>
  <trkpt lat="38.40452571" lon="42.10880515"><ele>1521.549</ele><time>2026-09-15T06:20:50Z</time><speed>5.270</speed><sat>24</sat></trkpt>
  <trkpt lat="38.40454240" lon="42.10875117"><ele>1520.881</ele><time>2026-09-15T06:20:51Z</time><speed>5.240</speed><sat>25</sat></trkpt>
  <trkpt lat="38.40455386" lon="42.10868762"><ele>1521.045</ele><time>2026-09-15T06:20:52Z</time><speed>5.300</speed><sat>23</sat></trkpt>
  <trkpt lat="38.40456067" lon="42.10862623"><ele>1521.056</ele><time>2026-09-15T06:20:53Z</time><speed>5.440</speed><sat>23</sat></trkpt>
  <trkpt lat="38.40455671" lon="42.10856482"><ele>1520.713</ele><time>2026-09-15T06:20:54Z</time><speed>5.440</speed><sat>23</sat></trkpt>
  <trkpt lat="38.40454305" lon="42.10850162"><ele>1519.978</ele><time>2026-09-15T06:20:55Z</time><speed>5.730</speed><sat>23</sat></trkpt>
  <trkpt lat="38.40452220" lon="42.10844322"><ele>1519.226</ele><time>2026-09-15T06:20:56Z</time><speed>5.490</speed><sat>23</sat></trkpt>
  <trkpt lat="38.40450675" lon="42.10838763"><ele>1518.637</ele><time>2026-09-15T06:20:57Z</time><speed>4.820</speed><sat>25</sat></trkpt>
  <trkpt lat="38.40449495" lon="42.10833995"><ele>1518.435</ele><time>2026-09-15T06:20:58Z</time><speed>4.260</speed><sat>26</sat></trkpt>
  <trkpt lat="38.40448740" lon="42.10830047"><ele>1518.657</ele><time>2026-09-15T06:20:59Z</time><speed>3.460</speed><sat>29</sat></trkpt>
  <trkpt lat="38.40448106" lon="42.10828717"><ele>1518.109</ele><time>2026-09-15T06:21:00Z</time><speed>2.020</speed><sat>28</sat></trkpt>
  <trkpt lat="38.40447574" lon="42.10826802"><ele>1517.957</ele><time>2026-09-15T06:21:01Z</time><speed>1.930</speed><sat>28</sat></trkpt>
  <trkpt lat="38.40447155" lon="42.10823606"><ele>1517.825</ele><time>2026-09-15T06:21:02Z</time><speed>3.020</speed><sat>27</sat></trkpt>
  <trkpt lat="38.40446250" lon="42.10820021"><ele>1517.178</ele><time>2026-09-15T06:21:03Z</time><speed>3.500</speed><sat>25</sat></trkpt>
  <trkpt lat="38.40445622" lon="42.10816152"><ele>1516.784</ele><time>2026-09-15T06:21:04Z</time><speed>3.180</speed><sat>24</sat></trkpt>
  <trkpt lat="38.40445360" lon="42.10813668"><ele>1516.312</ele><time>2026-09-15T06:21:05Z</time><speed>2.130</speed><sat>23</sat></trkpt>
  <trkpt lat="38.40444572" lon="42.10811975"><ele>1516.620</ele><time>2026-09-15T06:21:06Z</time><speed>1.750</speed><sat>23</sat></trkpt>
  <trkpt lat="38.40443883" lon="42.10809966"><ele>1516.517</ele><time>2026-09-15T06:21:07Z</time><speed>1.780</speed><sat>23</sat></trkpt>
  <trkpt lat="38.40442423" lon="42.10807966"><ele>1516.569</ele><time>2026-09-15T06:21:08Z</time><speed>2.590</speed><sat>23</sat></trkpt>
  <trkpt lat="38.40440103" lon="42.10806410"><ele>1516.202</ele><time>2026-09-15T06:21:09Z</time><speed>2.820</speed><sat>24</sat></trkpt>
  <trkpt lat="38.40436045" lon="42.10806730"><ele>1516.083</ele><time>2026-09-15T06:21:10Z</time><speed>4.910</speed><sat>23</sat></trkpt>
  <trkpt lat="38.40428134" lon="42.10809376"><ele>1516.376</ele><time>2026-09-15T06:21:11Z</time><speed>5.820</speed><sat>23</sat></trkpt>
  <trkpt lat="38.40422616" lon="42.10811909"><ele>1515.957</ele><time>2026-09-15T06:21:12Z</time><speed>6.600</speed><sat>23</sat></trkpt>
  <trkpt lat="38.40416987" lon="42.10815330"><ele>1515.647</ele><time>2026-09-15T06:21:13Z</time><speed>7.420</speed><sat>23</sat></trkpt>
  <trkpt lat="38.40410675" lon="42.10819093"><ele>1515.201</ele><time>2026-09-15T06:21:14Z</time><speed>8.130</speed><sat>23</sat></trkpt>
  <trkpt lat="38.40403868" lon="42.10823291"><ele>1514.664</ele><time>2026-09-15T06:21:15Z</time><speed>8.640</speed><sat>22</sat></trkpt>
  <trkpt lat="38.40397099" lon="42.10827755"><ele>1514.019</ele><time>2026-09-15T06:21:16Z</time><speed>8.570</speed><sat>22</sat></trkpt>
  <trkpt lat="38.40389593" lon="42.10832082"><ele>1513.872</ele><time>2026-09-15T06:21:17Z</time><speed>8.460</speed><sat>22</sat></trkpt>
  <trkpt lat="38.40382325" lon="42.10835924"><ele>1514.043</ele><time>2026-09-15T06:21:18Z</time><speed>8.420</speed><sat>22</sat></trkpt>
  <trkpt lat="38.40375560" lon="42.10839479"><ele>1514.021</ele><time>2026-09-15T06:21:19Z</time><speed>8.200</speed><sat>22</sat></trkpt>
  <trkpt lat="38.40369336" lon="42.10841847"><ele>1514.325</ele><time>2026-09-15T06:21:20Z</time><speed>7.330</speed><sat>22</sat></trkpt>
  <trkpt lat="38.40362666" lon="42.10843469"><ele>1514.736</ele><time>2026-09-15T06:21:21Z</time><speed>7.440</speed><sat>22</sat></trkpt>
  <trkpt lat="38.40356796" lon="42.10843404"><ele>1513.281</ele><time>2026-09-15T06:21:22Z</time><speed>6.650</speed><sat>23</sat></trkpt>
  <trkpt lat="38.40351854" lon="42.10842728"><ele>1512.183</ele><time>2026-09-15T06:21:23Z</time><speed>5.600</speed><sat>23</sat></trkpt>
  <trkpt lat="38.40347420" lon="42.10842160"><ele>1512.417</ele><time>2026-09-15T06:21:24Z</time><speed>5.090</speed><sat>25</sat></trkpt>
  <trkpt lat="38.40342396" lon="42.10839312"><ele>1513.017</ele><time>2026-09-15T06:21:25Z</time><speed>5.450</speed><sat>26</sat></trkpt>
  <trkpt lat="38.40337456" lon="42.10836849"><ele>1512.594</ele><time>2026-09-15T06:21:26Z</time><speed>5.280</speed><sat>26</sat></trkpt>
  <trkpt lat="38.40333495" lon="42.10834586"><ele>1512.749</ele><time>2026-09-15T06:21:27Z</time><speed>5.160</speed><sat>26</sat></trkpt>
  <trkpt lat="38.40329917" lon="42.10832686"><ele>1512.693</ele><time>2026-09-15T06:21:28Z</time><speed>4.650</speed><sat>27</sat></trkpt>
  <trkpt lat="38.40326506" lon="42.10831047"><ele>1513.474</ele><time>2026-09-15T06:21:29Z</time><speed>4.640</speed><sat>27</sat></trkpt>
  <trkpt lat="38.40322186" lon="42.10828905"><ele>1513.134</ele><time>2026-09-15T06:21:30Z</time><speed>4.810</speed><sat>27</sat></trkpt>
  <trkpt lat="38.40318095" lon="42.10826606"><ele>1512.455</ele><time>2026-09-15T06:21:31Z</time><speed>4.820</speed><sat>27</sat></trkpt>
  <trkpt lat="38.40313957" lon="42.10823747"><ele>1512.323</ele><time>2026-09-15T06:21:32Z</time><speed>5.070</speed><sat>27</sat></trkpt>
  <trkpt lat="38.40309365" lon="42.10821487"><ele>1512.613</ele><time>2026-09-15T06:21:33Z</time><speed>5.080</speed><sat>27</sat></trkpt>
  <trkpt lat="38.40304915" lon="42.10819032"><ele>1512.282</ele><time>2026-09-15T06:21:34Z</time><speed>5.430</speed><sat>26</sat></trkpt>
  <trkpt lat="38.40300178" lon="42.10817672"><ele>1512.946</ele><time>2026-09-15T06:21:35Z</time><speed>5.430</speed><sat>26</sat></trkpt>
  <trkpt lat="38.40296168" lon="42.10816020"><ele>1513.139</ele><time>2026-09-15T06:21:36Z</time><speed>5.290</speed><sat>26</sat></trkpt>
  <trkpt lat="38.40291507" lon="42.10814685"><ele>1513.123</ele><time>2026-09-15T06:21:37Z</time><speed>5.220</speed><sat>26</sat></trkpt>
  <trkpt lat="38.40287262" lon="42.10813517"><ele>1512.957</ele><time>2026-09-15T06:21:38Z</time><speed>4.890</speed><sat>26</sat></trkpt>
  <trkpt lat="38.40283118" lon="42.10812515"><ele>1513.080</ele><time>2026-09-15T06:21:39Z</time><speed>5.010</speed><sat>26</sat></trkpt>
  <trkpt lat="38.40278752" lon="42.10811857"><ele>1513.585</ele><time>2026-09-15T06:21:40Z</time><speed>5.070</speed><sat>26</sat></trkpt>
  <trkpt lat="38.40274425" lon="42.10811676"><ele>1514.070</ele><time>2026-09-15T06:21:41Z</time><speed>5.150</speed><sat>25</sat></trkpt>
  <trkpt lat="38.40270212" lon="42.10811761"><ele>1514.232</ele><time>2026-09-15T06:21:42Z</time><speed>4.790</speed><sat>24</sat></trkpt>
  <trkpt lat="38.40266640" lon="42.10812079"><ele>1514.261</ele><time>2026-09-15T06:21:43Z</time><speed>4.040</speed><sat>25</sat></trkpt>
  <trkpt lat="38.40263817" lon="42.10812541"><ele>1514.235</ele><time>2026-09-15T06:21:44Z</time><speed>3.220</speed><sat>25</sat></trkpt>
  <trkpt lat="38.40260690" lon="42.10812683"><ele>1513.678</ele><time>2026-09-15T06:21:45Z</time><speed>3.300</speed><sat>24</sat></trkpt>
  <trkpt lat="38.40257240" lon="42.10813518"><ele>1513.680</ele><time>2026-09-15T06:21:46Z</time><speed>3.870</speed><sat>23</sat></trkpt>
  <trkpt lat="38.40253599" lon="42.10814911"><ele>1513.311</ele><time>2026-09-15T06:21:47Z</time><speed>4.200</speed><sat>23</sat></trkpt>
  <trkpt lat="38.40249963" lon="42.10816259"><ele>1513.171</ele><time>2026-09-15T06:21:48Z</time><speed>4.200</speed><sat>21</sat></trkpt>
  <trkpt lat="38.40246791" lon="42.10817196"><ele>1513.142</ele><time>2026-09-15T06:21:49Z</time><speed>4.000</speed><sat>21</sat></trkpt>
  <trkpt lat="38.40243637" lon="42.10818283"><ele>1513.079</ele><time>2026-09-15T06:21:50Z</time><speed>3.880</speed><sat>22</sat></trkpt>
  <trkpt lat="38.40240590" lon="42.10819678"><ele>1513.009</ele><time>2026-09-15T06:21:51Z</time><speed>3.610</speed><sat>22</sat></trkpt>
  <trkpt lat="38.40237623" lon="42.10821487"><ele>1512.781</ele><time>2026-09-15T06:21:52Z</time><speed>3.590</speed><sat>22</sat></trkpt>
  <trkpt lat="38.40234482" lon="42.10823425"><ele>1512.525</ele><time>2026-09-15T06:21:53Z</time><speed>3.690</speed><sat>23</sat></trkpt>
  <trkpt lat="38.40231316" lon="42.10825347"><ele>1512.494</ele><time>2026-09-15T06:21:54Z</time><speed>3.810</speed><sat>24</sat></trkpt>
  <trkpt lat="38.40228112" lon="42.10827201"><ele>1512.992</ele><time>2026-09-15T06:21:55Z</time><speed>3.850</speed><sat>25</sat></trkpt>
  <trkpt lat="38.40224989" lon="42.10829113"><ele>1513.620</ele><time>2026-09-15T06:21:56Z</time><speed>3.680</speed><sat>26</sat></trkpt>
  <trkpt lat="38.40222088" lon="42.10830837"><ele>1513.650</ele><time>2026-09-15T06:21:57Z</time><speed>3.300</speed><sat>26</sat></trkpt>
  <trkpt lat="38.40219457" lon="42.10832074"><ele>1513.412</ele><time>2026-09-15T06:21:58Z</time><speed>2.840</speed><sat>26</sat></trkpt>
  <trkpt lat="38.40217203" lon="42.10832668"><ele>1513.163</ele><time>2026-09-15T06:21:59Z</time><speed>2.280</speed><sat>26</sat></trkpt>
  <trkpt lat="38.40215641" lon="42.10832798"><ele>1513.361</ele><time>2026-09-15T06:22:00Z</time><speed>1.280</speed><sat>26</sat></trkpt>
  <trkpt lat="38.40214425" lon="42.10832596"><ele>1513.297</ele><time>2026-09-15T06:22:01Z</time><speed>1.430</speed><sat>26</sat></trkpt>
  <trkpt lat="38.40212362" lon="42.10831719"><ele>1512.376</ele><time>2026-09-15T06:22:02Z</time><speed>3.080</speed><sat>26</sat></trkpt>
  <trkpt lat="38.40209346" lon="42.10829481"><ele>1512.791</ele><time>2026-09-15T06:22:03Z</time><speed>3.960</speed><sat>26</sat></trkpt>
  <trkpt lat="38.40206342" lon="42.10826306"><ele>1512.470</ele><time>2026-09-15T06:22:04Z</time><speed>4.130</speed><sat>28</sat></trkpt>
  <trkpt lat="38.40203410" lon="42.10822467"><ele>1512.306</ele><time>2026-09-15T06:22:05Z</time><speed>4.550</speed><sat>28</sat></trkpt>
  <trkpt lat="38.40200312" lon="42.10818512"><ele>1512.445</ele><time>2026-09-15T06:22:06Z</time><speed>4.590</speed><sat>28</sat></trkpt>
  <trkpt lat="38.40197129" lon="42.10815195"><ele>1512.908</ele><time>2026-09-15T06:22:07Z</time><speed>4.130</speed><sat>28</sat></trkpt>
  <trkpt lat="38.40193892" lon="42.10813084"><ele>1512.601</ele><time>2026-09-15T06:22:08Z</time><speed>3.740</speed><sat>29</sat></trkpt>
  <trkpt lat="38.40190385" lon="42.10812350"><ele>1512.005</ele><time>2026-09-15T06:22:09Z</time><speed>3.980</speed><sat>28</sat></trkpt>
  <trkpt lat="38.40186794" lon="42.10812825"><ele>1511.415</ele><time>2026-09-15T06:22:10Z</time><speed>3.920</speed><sat>26</sat></trkpt>
  <trkpt lat="38.40183985" lon="42.10813892"><ele>1512.342</ele><time>2026-09-15T06:22:11Z</time><speed>2.870</speed><sat>26</sat></trkpt>
  <trkpt lat="38.40181989" lon="42.10815167"><ele>1512.523</ele><time>2026-09-15T06:22:12Z</time><speed>2.350</speed><sat>25</sat></trkpt>
  <trkpt lat="38.40180267" lon="42.10816780"><ele>1512.349</ele><time>2026-09-15T06:22:13Z</time><speed>2.540</speed><sat>24</sat></trkpt>
  <trkpt lat="38.40177949" lon="42.10819679"><ele>1512.624</ele><time>2026-09-15T06:22:14Z</time><speed>4.020</speed><sat>23</sat></trkpt>
  <trkpt lat="38.40174997" lon="42.10823463"><ele>1513.454</ele><time>2026-09-15T06:22:15Z</time><speed>4.610</speed><sat>23</sat></trkpt>
  <trkpt lat="38.40171034" lon="42.10828413"><ele>1513.369</ele><time>2026-09-15T06:22:16Z</time><speed>5.110</speed><sat>23</sat></trkpt>
  <trkpt lat="38.40167088" lon="42.10832780"><ele>1512.980</ele><time>2026-09-15T06:22:17Z</time><speed>5.490</speed><sat>23</sat></trkpt>
  <trkpt lat="38.40163341" lon="42.10836962"><ele>1513.173</ele><time>2026-09-15T06:22:18Z</time><speed>5.590</speed><sat>22</sat></trkpt>
  <trkpt lat="38.40159636" lon="42.10840670"><ele>1513.219</ele><time>2026-09-15T06:22:19Z</time><speed>5.250</speed><sat>22</sat></trkpt>
  <trkpt lat="38.40156115" lon="42.10843756"><ele>1513.237</ele><time>2026-09-15T06:22:20Z</time><speed>4.630</speed><sat>22</sat></trkpt>
  <trkpt lat="38.40152664" lon="42.10846167"><ele>1514.523</ele><time>2026-09-15T06:22:21Z</time><speed>4.880</speed><sat>21</sat></trkpt>
  <trkpt lat="38.40148001" lon="42.10848400"><ele>1515.149</ele><time>2026-09-15T06:22:22Z</time><speed>4.940</speed><sat>24</sat></trkpt>
  <trkpt lat="38.40144722" lon="42.10850777"><ele>1515.633</ele><time>2026-09-15T06:22:23Z</time><speed>4.640</speed><sat>24</sat></trkpt>
  <trkpt lat="38.40141418" lon="42.10852674"><ele>1515.831</ele><time>2026-09-15T06:22:24Z</time><speed>4.220</speed><sat>24</sat></trkpt>
  <trkpt lat="38.40139012" lon="42.10853499"><ele>1516.007</ele><time>2026-09-15T06:22:25Z</time><speed>3.070</speed><sat>25</sat></trkpt>
  <trkpt lat="38.40138496" lon="42.10854979"><ele>1517.667</ele><time>2026-09-15T06:22:26Z</time><speed>1.050</speed><sat>25</sat></trkpt>
  <trkpt lat="38.40136941" lon="42.10856363"><ele>1518.056</ele><time>2026-09-15T06:22:27Z</time><speed>1.030</speed><sat>25</sat></trkpt>
  <trkpt lat="38.40135222" lon="42.10857345"><ele>1518.463</ele><time>2026-09-15T06:22:28Z</time><speed>1.630</speed><sat>24</sat></trkpt>
  <trkpt lat="38.40134449" lon="42.10857448"><ele>1519.047</ele><time>2026-09-15T06:22:29Z</time><speed>1.370</speed><sat>21</sat></trkpt>
  <trkpt lat="38.40130504" lon="42.10857799"><ele>1519.394</ele><time>2026-09-15T06:22:30Z</time><speed>4.200</speed><sat>22</sat></trkpt>
  <trkpt lat="38.40126441" lon="42.10857365"><ele>1519.983</ele><time>2026-09-15T06:22:31Z</time><speed>3.760</speed><sat>20</sat></trkpt>
  <trkpt lat="38.40122877" lon="42.10856515"><ele>1520.802</ele><time>2026-09-15T06:22:32Z</time><speed>3.800</speed><sat>23</sat></trkpt>
  <trkpt lat="38.40119351" lon="42.10855356"><ele>1520.911</ele><time>2026-09-15T06:22:33Z</time><speed>3.940</speed><sat>25</sat></trkpt>
  <trkpt lat="38.40115888" lon="42.10853906"><ele>1520.488</ele><time>2026-09-15T06:22:34Z</time><speed>4.030</speed><sat>25</sat></trkpt>
  <trkpt lat="38.40112503" lon="42.10852335"><ele>1520.277</ele><time>2026-09-15T06:22:35Z</time><speed>3.980</speed><sat>26</sat></trkpt>
  <trkpt lat="38.40109339" lon="42.10850696"><ele>1519.573</ele><time>2026-09-15T06:22:36Z</time><speed>3.810</speed><sat>26</sat></trkpt>
  <trkpt lat="38.40106345" lon="42.10848953"><ele>1519.650</ele><time>2026-09-15T06:22:37Z</time><speed>3.720</speed><sat>26</sat></trkpt>
  <trkpt lat="38.40103444" lon="42.10846967"><ele>1519.108</ele><time>2026-09-15T06:22:38Z</time><speed>3.610</speed><sat>25</sat></trkpt>
  <trkpt lat="38.40100296" lon="42.10844968"><ele>1518.918</ele><time>2026-09-15T06:22:39Z</time><speed>3.830</speed><sat>24</sat></trkpt>
  <trkpt lat="38.40097191" lon="42.10842722"><ele>1518.229</ele><time>2026-09-15T06:22:40Z</time><speed>3.720</speed><sat>24</sat></trkpt>
  <trkpt lat="38.40094635" lon="42.10840196"><ele>1517.391</ele><time>2026-09-15T06:22:41Z</time><speed>3.480</speed><sat>26</sat></trkpt>
  <trkpt lat="38.40092392" lon="42.10837147"><ele>1517.896</ele><time>2026-09-15T06:22:42Z</time><speed>3.640</speed><sat>27</sat></trkpt>
  <trkpt lat="38.40090489" lon="42.10833725"><ele>1518.411</ele><time>2026-09-15T06:22:43Z</time><speed>3.730</speed><sat>28</sat></trkpt>
  <trkpt lat="38.40088845" lon="42.10829701"><ele>1518.377</ele><time>2026-09-15T06:22:44Z</time><speed>4.070</speed><sat>28</sat></trkpt>
  <trkpt lat="38.40087518" lon="42.10825314"><ele>1518.562</ele><time>2026-09-15T06:22:45Z</time><speed>4.030</speed><sat>28</sat></trkpt>
  <trkpt lat="38.40086544" lon="42.10821832"><ele>1517.961</ele><time>2026-09-15T06:22:46Z</time><speed>2.830</speed><sat>27</sat></trkpt>
  <trkpt lat="38.40085811" lon="42.10819806"><ele>1518.164</ele><time>2026-09-15T06:22:47Z</time><speed>1.760</speed><sat>27</sat></trkpt>
  <trkpt lat="38.40085072" lon="42.10818514"><ele>1518.402</ele><time>2026-09-15T06:22:48Z</time><speed>1.530</speed><sat>27</sat></trkpt>
  <trkpt lat="38.40084302" lon="42.10817492"><ele>1518.347</ele><time>2026-09-15T06:22:49Z</time><speed>1.380</speed><sat>27</sat></trkpt>
  <trkpt lat="38.40083716" lon="42.10816624"><ele>1518.361</ele><time>2026-09-15T06:22:50Z</time><speed>1.110</speed><sat>27</sat></trkpt>
  <trkpt lat="38.40083321" lon="42.10815626"><ele>1518.824</ele><time>2026-09-15T06:22:51Z</time><speed>1.210</speed><sat>27</sat></trkpt>
  <trkpt lat="38.40083018" lon="42.10814508"><ele>1518.364</ele><time>2026-09-15T06:22:52Z</time><speed>1.190</speed><sat>28</sat></trkpt>
  <trkpt lat="38.40082796" lon="42.10813466"><ele>1518.019</ele><time>2026-09-15T06:22:53Z</time><speed>1.010</speed><sat>28</sat></trkpt>
  <trkpt lat="38.40082640" lon="42.10812599"><ele>1517.543</ele><time>2026-09-15T06:22:54Z</time><speed>0.890</speed><sat>28</sat></trkpt>
  <trkpt lat="38.40082487" lon="42.10811520"><ele>1516.998</ele><time>2026-09-15T06:22:55Z</time><speed>1.090</speed><sat>27</sat></trkpt>
  <trkpt lat="38.40082623" lon="42.10811571"><ele>1517.108</ele><time>2026-09-15T06:22:56Z</time><speed>0.000</speed><sat>24</sat></trkpt>
  <trkpt lat="38.40082768" lon="42.10811983"><ele>1517.069</ele><time>2026-09-15T06:22:57Z</time><speed>0.000</speed><sat>23</sat></trkpt>
  <trkpt lat="38.40082924" lon="42.10812270"><ele>1516.808</ele><time>2026-09-15T06:22:58Z</time><speed>0.000</speed><sat>20</sat></trkpt>
  <trkpt lat="38.40083040" lon="42.10812447"><ele>1516.748</ele><time>2026-09-15T06:22:59Z</time><speed>0.000</speed><sat>21</sat></trkpt>
  <trkpt lat="38.40083082" lon="42.10812440"><ele>1516.553</ele><time>2026-09-15T06:23:00Z</time><speed>0.000</speed><sat>21</sat></trkpt>
  <trkpt lat="38.40083264" lon="42.10812410"><ele>1516.601</ele><time>2026-09-15T06:23:01Z</time><speed>0.000</speed><sat>22</sat></trkpt>
  <trkpt lat="38.40083323" lon="42.10812378"><ele>1516.584</ele><time>2026-09-15T06:23:02Z</time><speed>0.000</speed><sat>22</sat></trkpt>
  <trkpt lat="38.40083296" lon="42.10812652"><ele>1516.353</ele><time>2026-09-15T06:23:03Z</time><speed>0.000</speed><sat>22</sat></trkpt>
  <trkpt lat="38.40083633" lon="42.10812251"><ele>1516.195</ele><time>2026-09-15T06:23:04Z</time><speed>0.750</speed><sat>22</sat></trkpt>
  <trkpt lat="38.40083711" lon="42.10811481"><ele>1516.496</ele><time>2026-09-15T06:23:05Z</time><speed>0.420</speed><sat>22</sat></trkpt>
  <trkpt lat="38.40083632" lon="42.10811075"><ele>1517.315</ele><time>2026-09-15T06:23:06Z</time><speed>0.000</speed><sat>22</sat></trkpt>
  <trkpt lat="38.40083872" lon="42.10810368"><ele>1517.334</ele><time>2026-09-15T06:23:07Z</time><speed>1.000</speed><sat>23</sat></trkpt>
  <trkpt lat="38.40084289" lon="42.10808802"><ele>1516.340</ele><time>2026-09-15T06:23:08Z</time><speed>1.480</speed><sat>23</sat></trkpt>
  <trkpt lat="38.40084604" lon="42.10806676"><ele>1515.510</ele><time>2026-09-15T06:23:09Z</time><speed>1.950</speed><sat>24</sat></trkpt>
  <trkpt lat="38.40084516" lon="42.10803615"><ele>1514.925</ele><time>2026-09-15T06:23:10Z</time><speed>2.630</speed><sat>24</sat></trkpt>
  <trkpt lat="38.40084441" lon="42.10800598"><ele>1515.508</ele><time>2026-09-15T06:23:11Z</time><speed>2.230</speed><sat>24</sat></trkpt>
  <trkpt lat="38.40084307" lon="42.10797969"><ele>1514.895</ele><time>2026-09-15T06:23:12Z</time><speed>2.010</speed><sat>25</sat></trkpt>
  <trkpt lat="38.40083987" lon="42.10794757"><ele>1514.717</ele><time>2026-09-15T06:23:13Z</time><speed>2.940</speed><sat>25</sat></trkpt>
  <trkpt lat="38.40083632" lon="42.10790534"><ele>1514.701</ele><time>2026-09-15T06:23:14Z</time><speed>3.690</speed><sat>25</sat></trkpt>
  <trkpt lat="38.40083292" lon="42.10785884"><ele>1513.785</ele><time>2026-09-15T06:23:15Z</time><speed>3.900</speed><sat>25</sat></trkpt>
  <trkpt lat="38.40082871" lon="42.10781706"><ele>1515.564</ele><time>2026-09-15T06:23:16Z</time><speed>3.250</speed><sat>25</sat></trkpt>
  <trkpt lat="38.40082488" lon="42.10778097"><ele>1515.905</ele><time>2026-09-15T06:23:17Z</time><speed>2.950</speed><sat>25</sat></trkpt>
  <trkpt lat="38.40082039" lon="42.10774374"><ele>1515.447</ele><time>2026-09-15T06:23:18Z</time><speed>3.180</speed><sat>25</sat></trkpt>
  <trkpt lat="38.40081402" lon="42.10770297"><ele>1515.320</ele><time>2026-09-15T06:23:19Z</time><speed>3.580</speed><sat>27</sat></trkpt>
  <trkpt lat="38.40080293" lon="42.10765998"><ele>1515.154</ele><time>2026-09-15T06:23:20Z</time><speed>3.800</speed><sat>27</sat></trkpt>
  <trkpt lat="38.40078894" lon="42.10761668"><ele>1514.811</ele><time>2026-09-15T06:23:21Z</time><speed>3.830</speed><sat>26</sat></trkpt>
  <trkpt lat="38.40077476" lon="42.10757656"><ele>1514.527</ele><time>2026-09-15T06:23:22Z</time><speed>3.560</speed><sat>25</sat></trkpt>
  <trkpt lat="38.40075910" lon="42.10754081"><ele>1514.050</ele><time>2026-09-15T06:23:23Z</time><speed>3.480</speed><sat>25</sat></trkpt>
  <trkpt lat="38.40073968" lon="42.10750818"><ele>1513.887</ele><time>2026-09-15T06:23:24Z</time><speed>3.580</speed><sat>25</sat></trkpt>
  <trkpt lat="38.40071448" lon="42.10747664"><ele>1513.377</ele><time>2026-09-15T06:23:25Z</time><speed>3.840</speed><sat>23</sat></trkpt>
  <trkpt lat="38.40068900" lon="42.10744853"><ele>1512.231</ele><time>2026-09-15T06:23:26Z</time><speed>3.410</speed><sat>24</sat></trkpt>
  <trkpt lat="38.40066546" lon="42.10742434"><ele>1511.950</ele><time>2026-09-15T06:23:27Z</time><speed>3.130</speed><sat>25</sat></trkpt>
  <trkpt lat="38.40064272" lon="42.10740195"><ele>1512.086</ele><time>2026-09-15T06:23:28Z</time><speed>3.070</speed><sat>25</sat></trkpt>
  <trkpt lat="38.40061492" lon="42.10737827"><ele>1511.603</ele><time>2026-09-15T06:23:29Z</time><speed>3.850</speed><sat>25</sat></trkpt>
  <trkpt lat="38.40058676" lon="42.10736080"><ele>1511.186</ele><time>2026-09-15T06:23:30Z</time><speed>3.260</speed><sat>26</sat></trkpt>
  <trkpt lat="38.40055854" lon="42.10735240"><ele>1510.030</ele><time>2026-09-15T06:23:31Z</time><speed>3.460</speed><sat>26</sat></trkpt>
  <trkpt lat="38.40053315" lon="42.10734727"><ele>1508.523</ele><time>2026-09-15T06:23:32Z</time><speed>3.020</speed><sat>26</sat></trkpt>
  <trkpt lat="38.40050897" lon="42.10733955"><ele>1508.715</ele><time>2026-09-15T06:23:33Z</time><speed>3.120</speed><sat>26</sat></trkpt>
  <trkpt lat="38.40048709" lon="42.10732441"><ele>1508.585</ele><time>2026-09-15T06:23:34Z</time><speed>3.040</speed><sat>25</sat></trkpt>
  <trkpt lat="38.40047429" lon="42.10730190"><ele>1509.966</ele><time>2026-09-15T06:23:35Z</time><speed>2.490</speed><sat>26</sat></trkpt>
  <trkpt lat="38.40047597" lon="42.10727404"><ele>1507.452</ele><time>2026-09-15T06:23:36Z</time><speed>2.310</speed><sat>24</sat></trkpt>
  <trkpt lat="38.40047944" lon="42.10724016"><ele>1508.201</ele><time>2026-09-15T06:23:37Z</time><speed>3.240</speed><sat>25</sat></trkpt>
  <trkpt lat="38.40048040" lon="42.10719364"><ele>1508.926</ele><time>2026-09-15T06:23:38Z</time><speed>4.360</speed><sat>25</sat></trkpt>
  <trkpt lat="38.40048739" lon="42.10712367"><ele>1510.076</ele><time>2026-09-15T06:23:39Z</time><speed>5.060</speed><sat>25</sat></trkpt>
  <trkpt lat="38.40048413" lon="42.10706174"><ele>1510.013</ele><time>2026-09-15T06:23:40Z</time><speed>5.310</speed><sat>25</sat></trkpt>
  <trkpt lat="38.40048683" lon="42.10700585"><ele>1509.851</ele><time>2026-09-15T06:23:41Z</time><speed>4.940</speed><sat>25</sat></trkpt>
  <trkpt lat="38.40047871" lon="42.10695114"><ele>1509.900</ele><time>2026-09-15T06:23:42Z</time><speed>4.790</speed><sat>25</sat></trkpt>
  <trkpt lat="38.40047341" lon="42.10688208"><ele>1509.461</ele><time>2026-09-15T06:23:43Z</time><speed>5.650</speed><sat>26</sat></trkpt>
  <trkpt lat="38.40046505" lon="42.10681584"><ele>1510.343</ele><time>2026-09-15T06:23:44Z</time><speed>5.890</speed><sat>26</sat></trkpt>
  <trkpt lat="38.40046169" lon="42.10676608"><ele>1510.048</ele><time>2026-09-15T06:23:45Z</time><speed>4.970</speed><sat>25</sat></trkpt>
  <trkpt lat="38.40045962" lon="42.10671541"><ele>1510.368</ele><time>2026-09-15T06:23:46Z</time><speed>4.260</speed><sat>24</sat></trkpt>
  <trkpt lat="38.40045370" lon="42.10666173"><ele>1510.170</ele><time>2026-09-15T06:23:47Z</time><speed>4.070</speed><sat>24</sat></trkpt>
  <trkpt lat="38.40044992" lon="42.10660171"><ele>1510.161</ele><time>2026-09-15T06:23:48Z</time><speed>4.430</speed><sat>23</sat></trkpt>
  <trkpt lat="38.40044328" lon="42.10655307"><ele>1509.601</ele><time>2026-09-15T06:23:49Z</time><speed>4.570</speed><sat>25</sat></trkpt>
  <trkpt lat="38.40041933" lon="42.10648331"><ele>1509.077</ele><time>2026-09-15T06:23:50Z</time><speed>5.070</speed><sat>25</sat></trkpt>
  <trkpt lat="38.40039913" lon="42.10643045"><ele>1507.408</ele><time>2026-09-15T06:23:51Z</time><speed>5.240</speed><sat>26</sat></trkpt>
  <trkpt lat="38.40037541" lon="42.10636812"><ele>1507.949</ele><time>2026-09-15T06:23:52Z</time><speed>5.820</speed><sat>26</sat></trkpt>
  <trkpt lat="38.40035164" lon="42.10631488"><ele>1507.343</ele><time>2026-09-15T06:23:53Z</time><speed>5.940</speed><sat>26</sat></trkpt>
  <trkpt lat="38.40033068" lon="42.10625535"><ele>1507.139</ele><time>2026-09-15T06:23:54Z</time><speed>5.560</speed><sat>26</sat></trkpt>
  <trkpt lat="38.40031922" lon="42.10621204"><ele>1508.353</ele><time>2026-09-15T06:23:55Z</time><speed>4.520</speed><sat>25</sat></trkpt>
  <trkpt lat="38.40031228" lon="42.10616944"><ele>1507.909</ele><time>2026-09-15T06:23:56Z</time><speed>3.610</speed><sat>24</sat></trkpt>
  <trkpt lat="38.40032369" lon="42.10612661"><ele>1509.942</ele><time>2026-09-15T06:23:57Z</time><speed>3.680</speed><sat>24</sat></trkpt>
  <trkpt lat="38.40032443" lon="42.10608926"><ele>1511.877</ele><time>2026-09-15T06:23:58Z</time><speed>3.040</speed><sat>24</sat></trkpt>
  <trkpt lat="38.40034515" lon="42.10605366"><ele>1511.051</ele><time>2026-09-15T06:23:59Z</time><speed>3.700</speed><sat>25</sat></trkpt>
  <trkpt lat="38.40037028" lon="42.10602073"><ele>1510.708</ele><time>2026-09-15T06:24:00Z</time><speed>3.690</speed><sat>25</sat></trkpt>
  <trkpt lat="38.40039048" lon="42.10600083"><ele>1510.508</ele><time>2026-09-15T06:24:01Z</time><speed>2.790</speed><sat>25</sat></trkpt>
  <trkpt lat="38.40040555" lon="42.10598671"><ele>1511.077</ele><time>2026-09-15T06:24:02Z</time><speed>2.130</speed><sat>25</sat></trkpt>
  <trkpt lat="38.40042208" lon="42.10597821"><ele>1511.559</ele><time>2026-09-15T06:24:03Z</time><speed>1.780</speed><sat>25</sat></trkpt>
  <trkpt lat="38.40043815" lon="42.10597142"><ele>1511.412</ele><time>2026-09-15T06:24:04Z</time><speed>1.610</speed><sat>24</sat></trkpt>
  <trkpt lat="38.40045464" lon="42.10596343"><ele>1511.590</ele><time>2026-09-15T06:24:05Z</time><speed>1.830</speed><sat>24</sat></trkpt>
  <trkpt lat="38.40046796" lon="42.10595089"><ele>1511.233</ele><time>2026-09-15T06:24:06Z</time><speed>1.900</speed><sat>23</sat></trkpt>
  <trkpt lat="38.40048147" lon="42.10593500"><ele>1511.221</ele><time>2026-09-15T06:24:07Z</time><speed>2.170</speed><sat>23</sat></trkpt>
  <trkpt lat="38.40049667" lon="42.10591641"><ele>1511.085</ele><time>2026-09-15T06:24:08Z</time><speed>2.370</speed><sat>23</sat></trkpt>
  <trkpt lat="38.40051412" lon="42.10589701"><ele>1510.812</ele><time>2026-09-15T06:24:09Z</time><speed>2.600</speed><sat>22</sat></trkpt>
  <trkpt lat="38.40053676" lon="42.10587434"><ele>1511.447</ele><time>2026-09-15T06:24:10Z</time><speed>3.440</speed><sat>22</sat></trkpt>
  <trkpt lat="38.40056794" lon="42.10584566"><ele>1511.700</ele><time>2026-09-15T06:24:11Z</time><speed>4.490</speed><sat>22</sat></trkpt>
  <trkpt lat="38.40060495" lon="42.10581336"><ele>1511.967</ele><time>2026-09-15T06:24:12Z</time><speed>4.870</speed><sat>23</sat></trkpt>
  <trkpt lat="38.40065423" lon="42.10576029"><ele>1512.279</ele><time>2026-09-15T06:24:13Z</time><speed>5.520</speed><sat>24</sat></trkpt>
  <trkpt lat="38.40069146" lon="42.10572082"><ele>1512.240</ele><time>2026-09-15T06:24:14Z</time><speed>5.060</speed><sat>22</sat></trkpt>
  <trkpt lat="38.40072882" lon="42.10568340"><ele>1511.629</ele><time>2026-09-15T06:24:15Z</time><speed>5.080</speed><sat>22</sat></trkpt>
  <trkpt lat="38.40077020" lon="42.10564718"><ele>1512.688</ele><time>2026-09-15T06:24:16Z</time><speed>5.510</speed><sat>22</sat></trkpt>
  <trkpt lat="38.40082211" lon="42.10560918"><ele>1513.247</ele><time>2026-09-15T06:24:17Z</time><speed>6.230</speed><sat>21</sat></trkpt>
  <trkpt lat="38.40082107" lon="42.10561850"><ele>1512.832</ele><time>2026-09-15T06:24:18Z</time><speed>3.890</speed><sat>23</sat></trkpt>
  <trkpt lat="38.40079504" lon="42.10564085"><ele>1513.069</ele><time>2026-09-15T06:24:19Z</time><speed>0.460</speed><sat>22</sat></trkpt>
  <trkpt lat="38.40079075" lon="42.10564506"><ele>1512.934</ele><time>2026-09-15T06:24:20Z</time><speed>0.000</speed><sat>22</sat></trkpt>
  <trkpt lat="38.40079747" lon="42.10564204"><ele>1513.070</ele><time>2026-09-15T06:24:21Z</time><speed>0.000</speed><sat>23</sat></trkpt>
  <trkpt lat="38.40079800" lon="42.10564210"><ele>1512.930</ele><time>2026-09-15T06:24:22Z</time><speed>0.000</speed><sat>23</sat></trkpt>
  <trkpt lat="38.40079684" lon="42.10564177"><ele>1512.885</ele><time>2026-09-15T06:24:23Z</time><speed>0.000</speed><sat>22</sat></trkpt>
  <trkpt lat="38.40079936" lon="42.10563885"><ele>1512.591</ele><time>2026-09-15T06:24:24Z</time><speed>0.000</speed><sat>23</sat></trkpt>
  <trkpt lat="38.40079718" lon="42.10563297"><ele>1512.600</ele><time>2026-09-15T06:24:25Z</time><speed>0.000</speed><sat>24</sat></trkpt>
  <trkpt lat="38.40079660" lon="42.10563009"><ele>1512.468</ele><time>2026-09-15T06:24:26Z</time><speed>0.000</speed><sat>24</sat></trkpt>
  <trkpt lat="38.40079668" lon="42.10562904"><ele>1512.473</ele><time>2026-09-15T06:24:27Z</time><speed>0.000</speed><sat>24</sat></trkpt>
  <trkpt lat="38.40079738" lon="42.10562762"><ele>1512.477</ele><time>2026-09-15T06:24:28Z</time><speed>0.000</speed><sat>24</sat></trkpt>
  <trkpt lat="38.40079653" lon="42.10562873"><ele>1512.641</ele><time>2026-09-15T06:24:29Z</time><speed>0.000</speed><sat>24</sat></trkpt>
  <trkpt lat="38.40079607" lon="42.10562871"><ele>1512.535</ele><time>2026-09-15T06:24:30Z</time><speed>0.000</speed><sat>23</sat></trkpt>
  <trkpt lat="38.40079628" lon="42.10562928"><ele>1512.578</ele><time>2026-09-15T06:24:31Z</time><speed>0.000</speed><sat>21</sat></trkpt>
  <trkpt lat="38.40079596" lon="42.10562940"><ele>1512.573</ele><time>2026-09-15T06:24:32Z</time><speed>0.000</speed><sat>20</sat></trkpt>
  <trkpt lat="38.40079619" lon="42.10562966"><ele>1512.531</ele><time>2026-09-15T06:24:33Z</time><speed>0.000</speed><sat>21</sat></trkpt>
  <trkpt lat="38.40079573" lon="42.10563029"><ele>1512.586</ele><time>2026-09-15T06:24:34Z</time><speed>0.000</speed><sat>20</sat></trkpt>
  <trkpt lat="38.40079681" lon="42.10562994"><ele>1512.549</ele><time>2026-09-15T06:24:35Z</time><speed>0.000</speed><sat>21</sat></trkpt>
  <trkpt lat="38.40079710" lon="42.10563001"><ele>1512.553</ele><time>2026-09-15T06:24:36Z</time><speed>0.000</speed><sat>22</sat></trkpt>
  <trkpt lat="38.40079706" lon="42.10563003"><ele>1512.556</ele><time>2026-09-15T06:24:37Z</time><speed>0.000</speed><sat>22</sat></trkpt>
  <trkpt lat="38.40079421" lon="42.10563626"><ele>1512.832</ele><time>2026-09-15T06:24:38Z</time><speed>0.540</speed><sat>22</sat></trkpt>
  <trkpt lat="38.40079296" lon="42.10564989"><ele>1512.923</ele><time>2026-09-15T06:24:39Z</time><speed>0.560</speed><sat>25</sat></trkpt>
  <trkpt lat="38.40080186" lon="42.10565437"><ele>1512.183</ele><time>2026-09-15T06:24:40Z</time><speed>0.440</speed><sat>26</sat></trkpt>
  <trkpt lat="38.40080200" lon="42.10564729"><ele>1512.068</ele><time>2026-09-15T06:24:41Z</time><speed>0.000</speed><sat>26</sat></trkpt>
  <trkpt lat="38.40080286" lon="42.10564668"><ele>1512.087</ele><time>2026-09-15T06:24:42Z</time><speed>0.000</speed><sat>26</sat></trkpt>
  <trkpt lat="38.40080341" lon="42.10564501"><ele>1511.805</ele><time>2026-09-15T06:24:43Z</time><speed>0.000</speed><sat>26</sat></trkpt>
  <trkpt lat="38.40079978" lon="42.10563583"><ele>1511.491</ele><time>2026-09-15T06:24:44Z</time><speed>0.270</speed><sat>26</sat></trkpt>
  <trkpt lat="38.40078931" lon="42.10565046"><ele>1511.262</ele><time>2026-09-15T06:24:45Z</time><speed>0.720</speed><sat>24</sat></trkpt>
  <trkpt lat="38.40076936" lon="42.10567622"><ele>1511.129</ele><time>2026-09-15T06:24:46Z</time><speed>2.190</speed><sat>23</sat></trkpt>
  <trkpt lat="38.40075878" lon="42.10566734"><ele>1511.513</ele><time>2026-09-15T06:24:47Z</time><speed>1.420</speed><sat>21</sat></trkpt>
  <trkpt lat="38.40076646" lon="42.10568606"><ele>1511.123</ele><time>2026-09-15T06:24:48Z</time><speed>0.910</speed><sat>21</sat></trkpt>
  <trkpt lat="38.40075962" lon="42.10569916"><ele>1511.251</ele><time>2026-09-15T06:24:49Z</time><speed>1.330</speed><sat>21</sat></trkpt>
  <trkpt lat="38.40075399" lon="42.10571365"><ele>1511.701</ele><time>2026-09-15T06:24:50Z</time><speed>1.360</speed><sat>21</sat></trkpt>
  <trkpt lat="38.40074774" lon="42.10573012"><ele>1511.977</ele><time>2026-09-15T06:24:51Z</time><speed>1.680</speed><sat>21</sat></trkpt>
  <trkpt lat="38.40073957" lon="42.10574552"><ele>1512.205</ele><time>2026-09-15T06:24:52Z</time><speed>1.620</speed><sat>20</sat></trkpt>
  <trkpt lat="38.40072883" lon="42.10576103"><ele>1512.704</ele><time>2026-09-15T06:24:53Z</time><speed>2.000</speed><sat>21</sat></trkpt>
  <trkpt lat="38.40072948" lon="42.10575331"><ele>1511.701</ele><time>2026-09-15T06:24:54Z</time><speed>0.000</speed><sat>21</sat></trkpt>
  <trkpt lat="38.40073287" lon="42.10574560"><ele>1511.639</ele><time>2026-09-15T06:24:55Z</time><speed>0.000</speed><sat>21</sat></trkpt>
  <trkpt lat="38.40073324" lon="42.10574223"><ele>1510.953</ele><time>2026-09-15T06:24:56Z</time><speed>0.000</speed><sat>21</sat></trkpt>
  <trkpt lat="38.40073226" lon="42.10574088"><ele>1510.756</ele><time>2026-09-15T06:24:57Z</time><speed>0.000</speed><sat>22</sat></trkpt>
  <trkpt lat="38.40073183" lon="42.10573331"><ele>1510.418</ele><time>2026-09-15T06:24:58Z</time><speed>0.000</speed><sat>21</sat></trkpt>
  <trkpt lat="38.40073096" lon="42.10572969"><ele>1510.146</ele><time>2026-09-15T06:24:59Z</time><speed>0.250</speed><sat>21</sat></trkpt>
  <trkpt lat="38.40073135" lon="42.10572240"><ele>1508.889</ele><time>2026-09-15T06:25:00Z</time><speed>0.000</speed><sat>21</sat></trkpt>
  <trkpt lat="38.40072739" lon="42.10572050"><ele>1509.738</ele><time>2026-09-15T06:25:01Z</time><speed>0.000</speed><sat>22</sat></trkpt>
  <trkpt lat="38.40072563" lon="42.10571727"><ele>1509.536</ele><time>2026-09-15T06:25:02Z</time><speed>0.750</speed><sat>22</sat></trkpt>
  <trkpt lat="38.40073076" lon="42.10571049"><ele>1510.266</ele><time>2026-09-15T06:25:03Z</time><speed>1.650</speed><sat>23</sat></trkpt>
  <trkpt lat="38.40074433" lon="42.10569623"><ele>1509.217</ele><time>2026-09-15T06:25:04Z</time><speed>1.740</speed><sat>23</sat></trkpt>
  <trkpt lat="38.40076027" lon="42.10567744"><ele>1508.937</ele><time>2026-09-15T06:25:05Z</time><speed>2.420</speed><sat>23</sat></trkpt>
  <trkpt lat="38.40077477" lon="42.10565295"><ele>1508.665</ele><time>2026-09-15T06:25:06Z</time><speed>2.510</speed><sat>24</sat></trkpt>
  <trkpt lat="38.40079081" lon="42.10562742"><ele>1508.833</ele><time>2026-09-15T06:25:07Z</time><speed>2.770</speed><sat>24</sat></trkpt>
  <trkpt lat="38.40080419" lon="42.10560640"><ele>1509.140</ele><time>2026-09-15T06:25:08Z</time><speed>2.080</speed><sat>24</sat></trkpt>
  <trkpt lat="38.40080568" lon="42.10559895"><ele>1509.697</ele><time>2026-09-15T06:25:09Z</time><speed>0.330</speed><sat>24</sat></trkpt>
  <trkpt lat="38.40079423" lon="42.10560544"><ele>1510.094</ele><time>2026-09-15T06:25:10Z</time><speed>0.000</speed><sat>24</sat></trkpt>
  <trkpt lat="38.40078969" lon="42.10560822"><ele>1510.489</ele><time>2026-09-15T06:25:11Z</time><speed>0.000</speed><sat>21</sat></trkpt>
  <trkpt lat="38.40078769" lon="42.10561043"><ele>1510.639</ele><time>2026-09-15T06:25:12Z</time><speed>0.000</speed><sat>19</sat></trkpt>
  <trkpt lat="38.40078624" lon="42.10561334"><ele>1510.443</ele><time>2026-09-15T06:25:13Z</time><speed>0.000</speed><sat>19</sat></trkpt>
  <trkpt lat="38.40078720" lon="42.10561697"><ele>1510.406</ele><time>2026-09-15T06:25:14Z</time><speed>0.000</speed><sat>19</sat></trkpt>
  <trkpt lat="38.40078875" lon="42.10562100"><ele>1510.382</ele><time>2026-09-15T06:25:15Z</time><speed>0.000</speed><sat>19</sat></trkpt>
  <trkpt lat="38.40078972" lon="42.10562377"><ele>1510.155</ele><time>2026-09-15T06:25:16Z</time><speed>0.000</speed><sat>19</sat></trkpt>
  <trkpt lat="38.40079052" lon="42.10562569"><ele>1510.351</ele><time>2026-09-15T06:25:17Z</time><speed>0.000</speed><sat>19</sat></trkpt>
  <trkpt lat="38.40079102" lon="42.10562558"><ele>1510.253</ele><time>2026-09-15T06:25:18Z</time><speed>0.000</speed><sat>19</sat></trkpt>
  <trkpt lat="38.40079197" lon="42.10562562"><ele>1510.222</ele><time>2026-09-15T06:25:19Z</time><speed>0.000</speed><sat>19</sat></trkpt>
  <trkpt lat="38.40079240" lon="42.10562556"><ele>1510.128</ele><time>2026-09-15T06:25:20Z</time><speed>0.000</speed><sat>19</sat></trkpt>
  <trkpt lat="38.40079294" lon="42.10562901"><ele>1510.478</ele><time>2026-09-15T06:25:21Z</time><speed>0.000</speed><sat>20</sat></trkpt>
  <trkpt lat="38.40079339" lon="42.10563105"><ele>1510.587</ele><time>2026-09-15T06:25:22Z</time><speed>0.000</speed><sat>21</sat></trkpt>
  <trkpt lat="38.40079365" lon="42.10563212"><ele>1510.581</ele><time>2026-09-15T06:25:23Z</time><speed>0.000</speed><sat>21</sat></trkpt>
  <trkpt lat="38.40079431" lon="42.10563443"><ele>1510.768</ele><time>2026-09-15T06:25:24Z</time><speed>0.000</speed><sat>21</sat></trkpt>
  <trkpt lat="38.40079423" lon="42.10563374"><ele>1510.571</ele><time>2026-09-15T06:25:25Z</time><speed>0.000</speed><sat>23</sat></trkpt>
  <trkpt lat="38.40079425" lon="42.10563583"><ele>1510.877</ele><time>2026-09-15T06:25:26Z</time><speed>0.000</speed><sat>24</sat></trkpt>
  <trkpt lat="38.40079424" lon="42.10563730"><ele>1510.909</ele><time>2026-09-15T06:25:27Z</time><speed>0.000</speed><sat>24</sat></trkpt>
  <trkpt lat="38.40079455" lon="42.10563898"><ele>1511.038</ele><time>2026-09-15T06:25:28Z</time><speed>0.000</speed><sat>24</sat></trkpt>
  <trkpt lat="38.40079474" lon="42.10564004"><ele>1511.065</ele><time>2026-09-15T06:25:29Z</time><speed>0.000</speed><sat>25</sat></trkpt>
  <trkpt lat="38.40079495" lon="42.10564042"><ele>1511.082</ele><time>2026-09-15T06:25:30Z</time><speed>0.000</speed><sat>25</sat></trkpt>
  <trkpt lat="38.40079470" lon="42.10563981"><ele>1510.983</ele><time>2026-09-15T06:25:31Z</time><speed>0.000</speed><sat>25</sat></trkpt>
  <trkpt lat="38.40079454" lon="42.10563950"><ele>1510.977</ele><time>2026-09-15T06:25:32Z</time><speed>0.000</speed><sat>26</sat></trkpt>
  <trkpt lat="38.40079437" lon="42.10563918"><ele>1510.976</ele><time>2026-09-15T06:25:33Z</time><speed>0.000</speed><sat>25</sat></trkpt>
  <trkpt lat="38.40079423" lon="42.10563949"><ele>1511.078</ele><time>2026-09-15T06:25:34Z</time><speed>0.000</speed><sat>25</sat></trkpt>
  <trkpt lat="38.40079405" lon="42.10564032"><ele>1511.175</ele><time>2026-09-15T06:25:35Z</time><speed>0.000</speed><sat>26</sat></trkpt>
  <trkpt lat="38.40079464" lon="42.10563715"><ele>1511.356</ele><time>2026-09-15T06:25:36Z</time><speed>0.670</speed><sat>26</sat></trkpt>
  <trkpt lat="38.40079860" lon="42.10563010"><ele>1511.327</ele><time>2026-09-15T06:25:37Z</time><speed>1.010</speed><sat>25</sat></trkpt>
  <trkpt lat="38.40080445" lon="42.10562480"><ele>1511.069</ele><time>2026-09-15T06:25:38Z</time><speed>1.090</speed><sat>26</sat></trkpt>
  <trkpt lat="38.40080659" lon="42.10562508"><ele>1511.100</ele><time>2026-09-15T06:25:39Z</time><speed>0.340</speed><sat>26</sat></trkpt>
  <trkpt lat="38.40079818" lon="42.10563181"><ele>1512.474</ele><time>2026-09-15T06:25:40Z</time><speed>0.000</speed><sat>24</sat></trkpt>
  <trkpt lat="38.40079349" lon="42.10563506"><ele>1512.719</ele><time>2026-09-15T06:25:41Z</time><speed>0.000</speed><sat>19</sat></trkpt>
  <trkpt lat="38.40078957" lon="42.10563759"><ele>1512.974</ele><time>2026-09-15T06:25:42Z</time><speed>0.000</speed><sat>19</sat></trkpt>
  <trkpt lat="38.40078501" lon="42.10564309"><ele>1513.391</ele><time>2026-09-15T06:25:43Z</time><speed>0.000</speed><sat>19</sat></trkpt>
  <trkpt lat="38.40078084" lon="42.10564621"><ele>1513.456</ele><time>2026-09-15T06:25:44Z</time><speed>0.210</speed><sat>19</sat></trkpt>
  <trkpt lat="38.40077872" lon="42.10565021"><ele>1513.809</ele><time>2026-09-15T06:25:45Z</time><speed>0.220</speed><sat>19</sat></trkpt>
  <trkpt lat="38.40077893" lon="42.10565299"><ele>1514.167</ele><time>2026-09-15T06:25:46Z</time><speed>0.230</speed><sat>20</sat></trkpt>
  <trkpt lat="38.40077902" lon="42.10565649"><ele>1513.707</ele><time>2026-09-15T06:25:47Z</time><speed>0.270</speed><sat>20</sat></trkpt>
  <trkpt lat="38.40077971" lon="42.10565863"><ele>1513.413</ele><time>2026-09-15T06:25:48Z</time><speed>0.570</speed><sat>21</sat></trkpt>
  <trkpt lat="38.40078037" lon="42.10566114"><ele>1513.172</ele><time>2026-09-15T06:25:49Z</time><speed>0.260</speed><sat>22</sat></trkpt>
  <trkpt lat="38.40077754" lon="42.10565647"><ele>1513.168</ele><time>2026-09-15T06:25:50Z</time><speed>0.810</speed><sat>22</sat></trkpt>
  <trkpt lat="38.40076878" lon="42.10564739"><ele>1512.958</ele><time>2026-09-15T06:25:51Z</time><speed>1.340</speed><sat>22</sat></trkpt>
  <trkpt lat="38.40075945" lon="42.10564072"><ele>1513.324</ele><time>2026-09-15T06:25:52Z</time><speed>0.840</speed><sat>22</sat></trkpt>
  <trkpt lat="38.40074453" lon="42.10564075"><ele>1511.886</ele><time>2026-09-15T06:25:53Z</time><speed>2.110</speed><sat>23</sat></trkpt>
  <trkpt lat="38.40072986" lon="42.10564412"><ele>1511.735</ele><time>2026-09-15T06:25:54Z</time><speed>0.860</speed><sat>21</sat></trkpt>
  <trkpt lat="38.40072386" lon="42.10564776"><ele>1511.803</ele><time>2026-09-15T06:25:55Z</time><speed>0.580</speed><sat>20</sat></trkpt>
  <trkpt lat="38.40071763" lon="42.10565163"><ele>1511.317</ele><time>2026-09-15T06:25:56Z</time><speed>0.660</speed><sat>19</sat></trkpt>
  <trkpt lat="38.40071150" lon="42.10565606"><ele>1510.947</ele><time>2026-09-15T06:25:57Z</time><speed>0.610</speed><sat>19</sat></trkpt>
  <trkpt lat="38.40070766" lon="42.10566165"><ele>1510.904</ele><time>2026-09-15T06:25:58Z</time><speed>0.240</speed><sat>19</sat></trkpt>
  <trkpt lat="38.40070445" lon="42.10566890"><ele>1510.653</ele><time>2026-09-15T06:25:59Z</time><speed>0.330</speed><sat>21</sat></trkpt>
  <trkpt lat="38.40069880" lon="42.10567903"><ele>1510.282</ele><time>2026-09-15T06:26:00Z</time><speed>0.670</speed><sat>21</sat></trkpt>
  <trkpt lat="38.40069331" lon="42.10569486"><ele>1510.004</ele><time>2026-09-15T06:26:01Z</time><speed>1.250</speed><sat>20</sat></trkpt>
  <trkpt lat="38.40069061" lon="42.10571381"><ele>1509.891</ele><time>2026-09-15T06:26:02Z</time><speed>1.480</speed><sat>19</sat></trkpt>
  <trkpt lat="38.40068938" lon="42.10573489"><ele>1509.697</ele><time>2026-09-15T06:26:03Z</time><speed>1.630</speed><sat>20</sat></trkpt>
  <trkpt lat="38.40069051" lon="42.10575845"><ele>1505.795</ele><time>2026-09-15T06:26:04Z</time><speed>1.640</speed><sat>20</sat></trkpt>
  <trkpt lat="38.40068382" lon="42.10578584"><ele>1507.067</ele><time>2026-09-15T06:26:05Z</time><speed>1.760</speed><sat>24</sat></trkpt>
  <trkpt lat="38.40067726" lon="42.10580824"><ele>1507.978</ele><time>2026-09-15T06:26:06Z</time><speed>1.240</speed><sat>27</sat></trkpt>
  <trkpt lat="38.40067050" lon="42.10582178"><ele>1507.447</ele><time>2026-09-15T06:26:07Z</time><speed>0.730</speed><sat>27</sat></trkpt>
  <trkpt lat="38.40066356" lon="42.10583438"><ele>1508.071</ele><time>2026-09-15T06:26:08Z</time><speed>1.170</speed><sat>26</sat></trkpt>
  <trkpt lat="38.40065592" lon="42.10584739"><ele>1508.767</ele><time>2026-09-15T06:26:09Z</time><speed>1.060</speed><sat>26</sat></trkpt>
  <trkpt lat="38.40064855" lon="42.10585158"><ele>1509.112</ele><time>2026-09-15T06:26:10Z</time><speed>0.590</speed><sat>26</sat></trkpt>
  <trkpt lat="38.40063985" lon="42.10585579"><ele>1509.817</ele><time>2026-09-15T06:26:11Z</time><speed>1.050</speed><sat>26</sat></trkpt>
  <trkpt lat="38.40062801" lon="42.10585711"><ele>1508.487</ele><time>2026-09-15T06:26:12Z</time><speed>1.160</speed><sat>25</sat></trkpt>
  <trkpt lat="38.40061697" lon="42.10585999"><ele>1508.118</ele><time>2026-09-15T06:26:13Z</time><speed>1.120</speed><sat>25</sat></trkpt>
  <trkpt lat="38.40060658" lon="42.10586174"><ele>1507.845</ele><time>2026-09-15T06:26:14Z</time><speed>1.060</speed><sat>25</sat></trkpt>
  <trkpt lat="38.40059960" lon="42.10586304"><ele>1505.465</ele><time>2026-09-15T06:26:15Z</time><speed>1.170</speed><sat>24</sat></trkpt>
  <trkpt lat="38.40059203" lon="42.10586412"><ele>1505.057</ele><time>2026-09-15T06:26:16Z</time><speed>1.000</speed><sat>28</sat></trkpt>
  <trkpt lat="38.40058380" lon="42.10586402"><ele>1504.623</ele><time>2026-09-15T06:26:17Z</time><speed>1.020</speed><sat>27</sat></trkpt>
  <trkpt lat="38.40057514" lon="42.10586534"><ele>1504.476</ele><time>2026-09-15T06:26:18Z</time><speed>1.090</speed><sat>28</sat></trkpt>
  <trkpt lat="38.40056606" lon="42.10586879"><ele>1505.029</ele><time>2026-09-15T06:26:19Z</time><speed>1.110</speed><sat>27</sat></trkpt>
  <trkpt lat="38.40055911" lon="42.10587293"><ele>1505.039</ele><time>2026-09-15T06:26:20Z</time><speed>0.970</speed><sat>28</sat></trkpt>
  <trkpt lat="38.40055370" lon="42.10588058"><ele>1505.614</ele><time>2026-09-15T06:26:21Z</time><speed>1.070</speed><sat>28</sat></trkpt>
  <trkpt lat="38.40054841" lon="42.10588816"><ele>1506.027</ele><time>2026-09-15T06:26:22Z</time><speed>0.920</speed><sat>26</sat></trkpt>
  <trkpt lat="38.40053991" lon="42.10589424"><ele>1506.625</ele><time>2026-09-15T06:26:23Z</time><speed>1.020</speed><sat>26</sat></trkpt>
  <trkpt lat="38.40052822" lon="42.10589940"><ele>1507.098</ele><time>2026-09-15T06:26:24Z</time><speed>1.210</speed><sat>26</sat></trkpt>
  <trkpt lat="38.40051855" lon="42.10590574"><ele>1506.958</ele><time>2026-09-15T06:26:25Z</time><speed>1.200</speed><sat>26</sat></trkpt>
  <trkpt lat="38.40051298" lon="42.10591400"><ele>1507.332</ele><time>2026-09-15T06:26:26Z</time><speed>0.910</speed><sat>26</sat></trkpt>
  <trkpt lat="38.40051082" lon="42.10592125"><ele>1507.456</ele><time>2026-09-15T06:26:27Z</time><speed>0.620</speed><sat>26</sat></trkpt>
  <trkpt lat="38.40050951" lon="42.10592777"><ele>1507.286</ele><time>2026-09-15T06:26:28Z</time><speed>0.550</speed><sat>26</sat></trkpt>
  <trkpt lat="38.40050131" lon="42.10593465"><ele>1507.064</ele><time>2026-09-15T06:26:29Z</time><speed>1.020</speed><sat>26</sat></trkpt>
  <trkpt lat="38.40048079" lon="42.10594094"><ele>1506.852</ele><time>2026-09-15T06:26:30Z</time><speed>1.840</speed><sat>24</sat></trkpt>
  <trkpt lat="38.40045996" lon="42.10595132"><ele>1508.157</ele><time>2026-09-15T06:26:31Z</time><speed>1.720</speed><sat>23</sat></trkpt>
  <trkpt lat="38.40044536" lon="42.10596241"><ele>1508.509</ele><time>2026-09-15T06:26:32Z</time><speed>1.260</speed><sat>23</sat></trkpt>
  <trkpt lat="38.40043602" lon="42.10597617"><ele>1509.142</ele><time>2026-09-15T06:26:33Z</time><speed>1.170</speed><sat>23</sat></trkpt>
  <trkpt lat="38.40042887" lon="42.10598844"><ele>1508.952</ele><time>2026-09-15T06:26:34Z</time><speed>1.120</speed><sat>24</sat></trkpt>
  <trkpt lat="38.40042128" lon="42.10600015"><ele>1508.308</ele><time>2026-09-15T06:26:35Z</time><speed>1.200</speed><sat>24</sat></trkpt>
  <trkpt lat="38.40041274" lon="42.10601283"><ele>1507.913</ele><time>2026-09-15T06:26:36Z</time><speed>1.300</speed><sat>24</sat></trkpt>
  <trkpt lat="38.40040196" lon="42.10602308"><ele>1507.613</ele><time>2026-09-15T06:26:37Z</time><speed>1.350</speed><sat>24</sat></trkpt>
  <trkpt lat="38.40039149" lon="42.10603237"><ele>1508.308</ele><time>2026-09-15T06:26:38Z</time><speed>1.250</speed><sat>25</sat></trkpt>
  <trkpt lat="38.40038092" lon="42.10603980"><ele>1508.006</ele><time>2026-09-15T06:26:39Z</time><speed>1.250</speed><sat>25</sat></trkpt>
  <trkpt lat="38.40037000" lon="42.10604589"><ele>1508.073</ele><time>2026-09-15T06:26:40Z</time><speed>1.250</speed><sat>26</sat></trkpt>
  <trkpt lat="38.40035386" lon="42.10604912"><ele>1508.093</ele><time>2026-09-15T06:26:41Z</time><speed>1.270</speed><sat>26</sat></trkpt>
  <trkpt lat="38.40033381" lon="42.10604943"><ele>1507.801</ele><time>2026-09-15T06:26:42Z</time><speed>1.640</speed><sat>27</sat></trkpt>
  <trkpt lat="38.40031506" lon="42.10604805"><ele>1507.106</ele><time>2026-09-15T06:26:43Z</time><speed>1.220</speed><sat>27</sat></trkpt>
  <trkpt lat="38.40030334" lon="42.10604782"><ele>1507.177</ele><time>2026-09-15T06:26:44Z</time><speed>0.780</speed><sat>24</sat></trkpt>
  <trkpt lat="38.40028939" lon="42.10605446"><ele>1506.045</ele><time>2026-09-15T06:26:45Z</time><speed>1.560</speed><sat>24</sat></trkpt>
  <trkpt lat="38.40027925" lon="42.10606570"><ele>1506.381</ele><time>2026-09-15T06:26:46Z</time><speed>0.920</speed><sat>23</sat></trkpt>
  <trkpt lat="38.40027330" lon="42.10607889"><ele>1505.644</ele><time>2026-09-15T06:26:47Z</time><speed>1.050</speed><sat>23</sat></trkpt>
  <trkpt lat="38.40026955" lon="42.10609626"><ele>1504.823</ele><time>2026-09-15T06:26:48Z</time><speed>1.210</speed><sat>22</sat></trkpt>
  <trkpt lat="38.40026379" lon="42.10611416"><ele>1504.155</ele><time>2026-09-15T06:26:49Z</time><speed>1.320</speed><sat>22</sat></trkpt>
  <trkpt lat="38.40026042" lon="42.10613117"><ele>1504.489</ele><time>2026-09-15T06:26:50Z</time><speed>1.040</speed><sat>22</sat></trkpt>
  <trkpt lat="38.40025871" lon="42.10614596"><ele>1504.517</ele><time>2026-09-15T06:26:51Z</time><speed>1.150</speed><sat>22</sat></trkpt>
  <trkpt lat="38.40025970" lon="42.10616874"><ele>1505.252</ele><time>2026-09-15T06:26:52Z</time><speed>1.410</speed><sat>22</sat></trkpt>
  <trkpt lat="38.40026167" lon="42.10618788"><ele>1504.912</ele><time>2026-09-15T06:26:53Z</time><speed>1.300</speed><sat>26</sat></trkpt>
  <trkpt lat="38.40026752" lon="42.10620405"><ele>1505.396</ele><time>2026-09-15T06:26:54Z</time><speed>1.100</speed><sat>26</sat></trkpt>
  <trkpt lat="38.40027668" lon="42.10621804"><ele>1504.904</ele><time>2026-09-15T06:26:55Z</time><speed>1.170</speed><sat>26</sat></trkpt>
  <trkpt lat="38.40028781" lon="42.10623232"><ele>1506.544</ele><time>2026-09-15T06:26:56Z</time><speed>1.200</speed><sat>25</sat></trkpt>
  <trkpt lat="38.40029729" lon="42.10624134"><ele>1507.498</ele><time>2026-09-15T06:26:57Z</time><speed>0.620</speed><sat>27</sat></trkpt>
  <trkpt lat="38.40030512" lon="42.10624926"><ele>1508.144</ele><time>2026-09-15T06:26:58Z</time><speed>0.750</speed><sat>27</sat></trkpt>
  <trkpt lat="38.40031143" lon="42.10625742"><ele>1507.963</ele><time>2026-09-15T06:26:59Z</time><speed>0.590</speed><sat>27</sat></trkpt>
  <trkpt lat="38.40031496" lon="42.10627222"><ele>1509.051</ele><time>2026-09-15T06:27:00Z</time><speed>1.140</speed><sat>27</sat></trkpt>
  <trkpt lat="38.40031874" lon="42.10628910"><ele>1509.026</ele><time>2026-09-15T06:27:01Z</time><speed>1.040</speed><sat>27</sat></trkpt>
  <trkpt lat="38.40032261" lon="42.10629944"><ele>1508.527</ele><time>2026-09-15T06:27:02Z</time><speed>0.510</speed><sat>27</sat></trkpt>
  <trkpt lat="38.40032524" lon="42.10630149"><ele>1507.140</ele><time>2026-09-15T06:27:03Z</time><speed>0.000</speed><sat>27</sat></trkpt>
  <trkpt lat="38.40032930" lon="42.10630024"><ele>1507.394</ele><time>2026-09-15T06:27:04Z</time><speed>0.000</speed><sat>27</sat></trkpt>
  <trkpt lat="38.40033149" lon="42.10629936"><ele>1507.418</ele><time>2026-09-15T06:27:05Z</time><speed>0.000</speed><sat>27</sat></trkpt>
  <trkpt lat="38.40033264" lon="42.10629879"><ele>1507.429</ele><time>2026-09-15T06:27:06Z</time><speed>0.000</speed><sat>27</sat></trkpt>
  <trkpt lat="38.40033322" lon="42.10629851"><ele>1507.426</ele><time>2026-09-15T06:27:07Z</time><speed>0.000</speed><sat>28</sat></trkpt>
  <trkpt lat="38.40033351" lon="42.10629836"><ele>1507.418</ele><time>2026-09-15T06:27:08Z</time><speed>0.000</speed><sat>28</sat></trkpt>
  <trkpt lat="38.40033365" lon="42.10629829"><ele>1507.418</ele><time>2026-09-15T06:27:09Z</time><speed>0.000</speed><sat>29</sat></trkpt>
  <trkpt lat="38.40033373" lon="42.10629825"><ele>1507.415</ele><time>2026-09-15T06:27:10Z</time><speed>0.000</speed><sat>29</sat></trkpt>
  <trkpt lat="38.40033376" lon="42.10629816"><ele>1507.425</ele><time>2026-09-15T06:27:11Z</time><speed>0.000</speed><sat>28</sat></trkpt>
  <trkpt lat="38.40033378" lon="42.10629811"><ele>1507.425</ele><time>2026-09-15T06:27:12Z</time><speed>0.000</speed><sat>29</sat></trkpt>
  <trkpt lat="38.40033371" lon="42.10629800"><ele>1507.411</ele><time>2026-09-15T06:27:13Z</time><speed>0.000</speed><sat>28</sat></trkpt>
  <trkpt lat="38.40033576" lon="42.10629929"><ele>1507.299</ele><time>2026-09-15T06:27:14Z</time><speed>0.240</speed><sat>29</sat></trkpt>
  <trkpt lat="38.40033793" lon="42.10629775"><ele>1507.620</ele><time>2026-09-15T06:27:15Z</time><speed>0.000</speed><sat>29</sat></trkpt>
  <trkpt lat="38.40033874" lon="42.10629604"><ele>1507.551</ele><time>2026-09-15T06:27:16Z</time><speed>0.000</speed><sat>30</sat></trkpt>
  <trkpt lat="38.40033910" lon="42.10629493"><ele>1507.587</ele><time>2026-09-15T06:27:17Z</time><speed>0.000</speed><sat>29</sat></trkpt>
  <trkpt lat="38.40033919" lon="42.10629421"><ele>1507.620</ele><time>2026-09-15T06:27:18Z</time><speed>0.000</speed><sat>29</sat></trkpt>
  <trkpt lat="38.40033923" lon="42.10629385"><ele>1507.620</ele><time>2026-09-15T06:27:19Z</time><speed>0.000</speed><sat>29</sat></trkpt>
  <trkpt lat="38.40033924" lon="42.10629367"><ele>1507.620</ele><time>2026-09-15T06:27:20Z</time><speed>0.000</speed><sat>26</sat></trkpt>
  <trkpt lat="38.40033924" lon="42.10629358"><ele>1507.621</ele><time>2026-09-15T06:27:21Z</time><speed>0.000</speed><sat>24</sat></trkpt>
  <trkpt lat="38.40033925" lon="42.10629351"><ele>1507.619</ele><time>2026-09-15T06:27:22Z</time><speed>0.000</speed><sat>23</sat></trkpt>
  <trkpt lat="38.40033926" lon="42.10629347"><ele>1507.620</ele><time>2026-09-15T06:27:23Z</time><speed>0.000</speed><sat>25</sat></trkpt>
  <trkpt lat="38.40033923" lon="42.10629325"><ele>1507.653</ele><time>2026-09-15T06:27:24Z</time><speed>0.000</speed><sat>24</sat></trkpt>
  <trkpt lat="38.40033926" lon="42.10629502"><ele>1507.226</ele><time>2026-09-15T06:27:25Z</time><speed>0.290</speed><sat>26</sat></trkpt>
  <trkpt lat="38.40034187" lon="42.10630021"><ele>1508.194</ele><time>2026-09-15T06:27:26Z</time><speed>0.480</speed><sat>26</sat></trkpt>
  <trkpt lat="38.40034399" lon="42.10630501"><ele>1507.708</ele><time>2026-09-15T06:27:27Z</time><speed>0.260</speed><sat>26</sat></trkpt>
  <trkpt lat="38.40034497" lon="42.10630830"><ele>1507.776</ele><time>2026-09-15T06:27:28Z</time><speed>0.000</speed><sat>26</sat></trkpt>
  <trkpt lat="38.40034564" lon="42.10631106"><ele>1507.840</ele><time>2026-09-15T06:27:29Z</time><speed>0.000</speed><sat>26</sat></trkpt>
  <trkpt lat="38.40034587" lon="42.10631214"><ele>1507.843</ele><time>2026-09-15T06:27:30Z</time><speed>0.000</speed><sat>27</sat></trkpt>
  <trkpt lat="38.40034596" lon="42.10631269"><ele>1507.837</ele><time>2026-09-15T06:27:31Z</time><speed>0.000</speed><sat>26</sat></trkpt>
  <trkpt lat="38.40034598" lon="42.10631299"><ele>1507.839</ele><time>2026-09-15T06:27:32Z</time><speed>0.000</speed><sat>25</sat></trkpt>
  <trkpt lat="38.40034599" lon="42.10631313"><ele>1507.836</ele><time>2026-09-15T06:27:33Z</time><speed>0.000</speed><sat>26</sat></trkpt>
  <trkpt lat="38.40034600" lon="42.10631321"><ele>1507.842</ele><time>2026-09-15T06:27:34Z</time><speed>0.000</speed><sat>26</sat></trkpt>
  <trkpt lat="38.40034602" lon="42.10631325"><ele>1507.845</ele><time>2026-09-15T06:27:35Z</time><speed>0.000</speed><sat>26</sat></trkpt>
  <trkpt lat="38.40034602" lon="42.10631328"><ele>1507.850</ele><time>2026-09-15T06:27:36Z</time><speed>0.000</speed><sat>27</sat></trkpt>
  <trkpt lat="38.40034601" lon="42.10631330"><ele>1507.849</ele><time>2026-09-15T06:27:37Z</time><speed>0.000</speed><sat>27</sat></trkpt>
  <trkpt lat="38.40034592" lon="42.10631310"><ele>1507.846</ele><time>2026-09-15T06:27:38Z</time><speed>0.000</speed><sat>27</sat></trkpt>
  <trkpt lat="38.40034586" lon="42.10631286"><ele>1507.850</ele><time>2026-09-15T06:27:39Z</time><speed>0.000</speed><sat>28</sat></trkpt>
  <trkpt lat="38.40034585" lon="42.10631263"><ele>1507.859</ele><time>2026-09-15T06:27:40Z</time><speed>0.000</speed><sat>27</sat></trkpt>
  <trkpt lat="38.40034583" lon="42.10631238"><ele>1507.861</ele><time>2026-09-15T06:27:41Z</time><speed>0.000</speed><sat>28</sat></trkpt>
  <trkpt lat="38.40034583" lon="42.10631222"><ele>1507.856</ele><time>2026-09-15T06:27:42Z</time><speed>0.000</speed><sat>29</sat></trkpt>
  <trkpt lat="38.40034585" lon="42.10631213"><ele>1507.856</ele><time>2026-09-15T06:27:43Z</time><speed>0.000</speed><sat>29</sat></trkpt>
  <trkpt lat="38.40034587" lon="42.10631206"><ele>1507.854</ele><time>2026-09-15T06:27:44Z</time><speed>0.000</speed><sat>30</sat></trkpt>
  <trkpt lat="38.40034589" lon="42.10631200"><ele>1507.848</ele><time>2026-09-15T06:27:45Z</time><speed>0.000</speed><sat>30</sat></trkpt>
  <trkpt lat="38.40034591" lon="42.10631195"><ele>1507.842</ele><time>2026-09-15T06:27:46Z</time><speed>0.000</speed><sat>29</sat></trkpt>
  <trkpt lat="38.40034594" lon="42.10631190"><ele>1507.839</ele><time>2026-09-15T06:27:47Z</time><speed>0.000</speed><sat>28</sat></trkpt>
  <trkpt lat="38.40034598" lon="42.10631187"><ele>1507.845</ele><time>2026-09-15T06:27:48Z</time><speed>0.000</speed><sat>22</sat></trkpt>
  <trkpt lat="38.40034602" lon="42.10631186"><ele>1507.850</ele><time>2026-09-15T06:27:49Z</time><speed>0.000</speed><sat>22</sat></trkpt>
  <trkpt lat="38.40034620" lon="42.10631167"><ele>1507.907</ele><time>2026-09-15T06:27:50Z</time><speed>0.000</speed><sat>21</sat></trkpt>
  <trkpt lat="38.40034762" lon="42.10631004"><ele>1507.957</ele><time>2026-09-15T06:27:51Z</time><speed>0.000</speed><sat>27</sat></trkpt>
  <trkpt lat="38.40034856" lon="42.10631026"><ele>1508.113</ele><time>2026-09-15T06:27:52Z</time><speed>0.000</speed><sat>28</sat></trkpt>
  <trkpt lat="38.40035019" lon="42.10630851"><ele>1507.942</ele><time>2026-09-15T06:27:53Z</time><speed>0.260</speed><sat>28</sat></trkpt>
  <trkpt lat="38.40035006" lon="42.10630713"><ele>1508.024</ele><time>2026-09-15T06:27:54Z</time><speed>0.370</speed><sat>28</sat></trkpt>
  <trkpt lat="38.40034719" lon="42.10630687"><ele>1507.756</ele><time>2026-09-15T06:27:55Z</time><speed>0.260</speed><sat>28</sat></trkpt>
  <trkpt lat="38.40034678" lon="42.10630817"><ele>1505.750</ele><time>2026-09-15T06:27:56Z</time><speed>0.150</speed><sat>28</sat></trkpt>
  <trkpt lat="38.40034895" lon="42.10630884"><ele>1505.742</ele><time>2026-09-15T06:27:57Z</time><speed>0.000</speed><sat>27</sat></trkpt>
  <trkpt lat="38.40035027" lon="42.10630888"><ele>1505.746</ele><time>2026-09-15T06:27:58Z</time><speed>0.000</speed><sat>27</sat></trkpt>
  <trkpt lat="38.40035093" lon="42.10630890"><ele>1505.740</ele><time>2026-09-15T06:27:59Z</time><speed>0.000</speed><sat>28</sat></trkpt>
  <trkpt lat="38.40035125" lon="42.10630887"><ele>1505.746</ele><time>2026-09-15T06:28:00Z</time><speed>0.000</speed><sat>28</sat></trkpt>
  <trkpt lat="38.40034991" lon="42.10630760"><ele>1505.862</ele><time>2026-09-15T06:28:01Z</time><speed>0.000</speed><sat>28</sat></trkpt>
  <trkpt lat="38.40034856" lon="42.10630627"><ele>1505.848</ele><time>2026-09-15T06:28:02Z</time><speed>0.000</speed><sat>28</sat></trkpt>
  <trkpt lat="38.40034742" lon="42.10630531"><ele>1505.406</ele><time>2026-09-15T06:28:03Z</time><speed>0.000</speed><sat>28</sat></trkpt>
  <trkpt lat="38.40034677" lon="42.10630447"><ele>1505.478</ele><time>2026-09-15T06:28:04Z</time><speed>0.000</speed><sat>28</sat></trkpt>
  <trkpt lat="38.40034632" lon="42.10630373"><ele>1506.090</ele><time>2026-09-15T06:28:05Z</time><speed>0.000</speed><sat>27</sat></trkpt>
  <trkpt lat="38.40034591" lon="42.10630339"><ele>1506.133</ele><time>2026-09-15T06:28:06Z</time><speed>0.190</speed><sat>27</sat></trkpt>
  <trkpt lat="38.40034788" lon="42.10631411"><ele>1506.006</ele><time>2026-09-15T06:28:07Z</time><speed>1.140</speed><sat>26</sat></trkpt>
  <trkpt lat="38.40035327" lon="42.10632150"><ele>1506.248</ele><time>2026-09-15T06:28:08Z</time><speed>0.000</speed><sat>26</sat></trkpt>
  <trkpt lat="38.40035603" lon="42.10632179"><ele>1506.285</ele><time>2026-09-15T06:28:09Z</time><speed>0.000</speed><sat>26</sat></trkpt>
  <trkpt lat="38.40035742" lon="42.10632178"><ele>1506.315</ele><time>2026-09-15T06:28:10Z</time><speed>0.000</speed><sat>25</sat></trkpt>
  <trkpt lat="38.40035813" lon="42.10632167"><ele>1506.332</ele><time>2026-09-15T06:28:11Z</time><speed>0.000</speed><sat>25</sat></trkpt>
  <trkpt lat="38.40035849" lon="42.10632150"><ele>1506.347</ele><time>2026-09-15T06:28:12Z</time><speed>0.000</speed><sat>25</sat></trkpt>
  <trkpt lat="38.40035867" lon="42.10632126"><ele>1506.374</ele><time>2026-09-15T06:28:13Z</time><speed>0.000</speed><sat>25</sat></trkpt>
  <trkpt lat="38.40035875" lon="42.10632102"><ele>1506.380</ele><time>2026-09-15T06:28:14Z</time><speed>0.000</speed><sat>26</sat></trkpt>
  <trkpt lat="38.40035871" lon="42.10632193"><ele>1505.887</ele><time>2026-09-15T06:28:15Z</time><speed>0.000</speed><sat>28</sat></trkpt>
  <trkpt lat="38.40036060" lon="42.10632398"><ele>1505.687</ele><time>2026-09-15T06:28:16Z</time><speed>0.400</speed><sat>28</sat></trkpt>
  <trkpt lat="38.40036029" lon="42.10632231"><ele>1505.458</ele><time>2026-09-15T06:28:17Z</time><speed>0.180</speed><sat>28</sat></trkpt>
  <trkpt lat="38.40035596" lon="42.10632837"><ele>1506.297</ele><time>2026-09-15T06:28:18Z</time><speed>1.200</speed><sat>28</sat></trkpt>
  <trkpt lat="38.40034900" lon="42.10634370"><ele>1506.044</ele><time>2026-09-15T06:28:19Z</time><speed>1.600</speed><sat>28</sat></trkpt>
  <trkpt lat="38.40034564" lon="42.10635777"><ele>1505.818</ele><time>2026-09-15T06:28:20Z</time><speed>1.110</speed><sat>28</sat></trkpt>
  <trkpt lat="38.40034585" lon="42.10636931"><ele>1505.611</ele><time>2026-09-15T06:28:21Z</time><speed>1.040</speed><sat>27</sat></trkpt>
  <trkpt lat="38.40035012" lon="42.10637921"><ele>1505.560</ele><time>2026-09-15T06:28:22Z</time><speed>1.030</speed><sat>26</sat></trkpt>
  <trkpt lat="38.40035551" lon="42.10638910"><ele>1505.115</ele><time>2026-09-15T06:28:23Z</time><speed>1.080</speed><sat>25</sat></trkpt>
  <trkpt lat="38.40036607" lon="42.10640102"><ele>1504.789</ele><time>2026-09-15T06:28:24Z</time><speed>1.380</speed><sat>25</sat></trkpt>
  <trkpt lat="38.40037835" lon="42.10641258"><ele>1504.735</ele><time>2026-09-15T06:28:25Z</time><speed>1.290</speed><sat>24</sat></trkpt>
  <trkpt lat="38.40038829" lon="42.10642533"><ele>1504.917</ele><time>2026-09-15T06:28:26Z</time><speed>1.350</speed><sat>23</sat></trkpt>
  <trkpt lat="38.40039883" lon="42.10643712"><ele>1505.035</ele><time>2026-09-15T06:28:27Z</time><speed>1.010</speed><sat>22</sat></trkpt>
  <trkpt lat="38.40041019" lon="42.10644685"><ele>1505.298</ele><time>2026-09-15T06:28:28Z</time><speed>1.140</speed><sat>23</sat></trkpt>
  <trkpt lat="38.40042013" lon="42.10645817"><ele>1504.999</ele><time>2026-09-15T06:28:29Z</time><speed>1.270</speed><sat>23</sat></trkpt>
  <trkpt lat="38.40043110" lon="42.10647212"><ele>1505.655</ele><time>2026-09-15T06:28:30Z</time><speed>1.370</speed><sat>23</sat></trkpt>
  <trkpt lat="38.40043914" lon="42.10648691"><ele>1507.322</ele><time>2026-09-15T06:28:31Z</time><speed>1.220</speed><sat>24</sat></trkpt>
  <trkpt lat="38.40044401" lon="42.10650134"><ele>1507.978</ele><time>2026-09-15T06:28:32Z</time><speed>1.200</speed><sat>24</sat></trkpt>
  <trkpt lat="38.40045418" lon="42.10651812"><ele>1508.342</ele><time>2026-09-15T06:28:33Z</time><speed>1.730</speed><sat>24</sat></trkpt>
  <trkpt lat="38.40046669" lon="42.10653393"><ele>1509.090</ele><time>2026-09-15T06:28:34Z</time><speed>1.480</speed><sat>24</sat></trkpt>
  <trkpt lat="38.40048000" lon="42.10654862"><ele>1509.926</ele><time>2026-09-15T06:28:35Z</time><speed>1.620</speed><sat>22</sat></trkpt>
  <trkpt lat="38.40048808" lon="42.10656712"><ele>1509.715</ele><time>2026-09-15T06:28:36Z</time><speed>1.600</speed><sat>22</sat></trkpt>
  <trkpt lat="38.40048886" lon="42.10658730"><ele>1509.869</ele><time>2026-09-15T06:28:37Z</time><speed>1.700</speed><sat>21</sat></trkpt>
  <trkpt lat="38.40048669" lon="42.10660180"><ele>1510.105</ele><time>2026-09-15T06:28:38Z</time><speed>1.140</speed><sat>21</sat></trkpt>
  <trkpt lat="38.40048104" lon="42.10661599"><ele>1510.991</ele><time>2026-09-15T06:28:39Z</time><speed>1.320</speed><sat>21</sat></trkpt>
  <trkpt lat="38.40047806" lon="42.10663034"><ele>1510.572</ele><time>2026-09-15T06:28:40Z</time><speed>1.190</speed><sat>21</sat></trkpt>
  <trkpt lat="38.40047764" lon="42.10664784"><ele>1510.427</ele><time>2026-09-15T06:28:41Z</time><speed>1.710</speed><sat>22</sat></trkpt>
  <trkpt lat="38.40047358" lon="42.10667012"><ele>1510.849</ele><time>2026-09-15T06:28:42Z</time><speed>2.040</speed><sat>22</sat></trkpt>
  <trkpt lat="38.40046879" lon="42.10669280"><ele>1511.347</ele><time>2026-09-15T06:28:43Z</time><speed>1.910</speed><sat>21</sat></trkpt>
  <trkpt lat="38.40046662" lon="42.10671184"><ele>1513.702</ele><time>2026-09-15T06:28:44Z</time><speed>1.630</speed><sat>22</sat></trkpt>
  <trkpt lat="38.40046595" lon="42.10672700"><ele>1515.287</ele><time>2026-09-15T06:28:45Z</time><speed>1.100</speed><sat>24</sat></trkpt>
  <trkpt lat="38.40046591" lon="42.10673953"><ele>1515.376</ele><time>2026-09-15T06:28:46Z</time><speed>1.120</speed><sat>24</sat></trkpt>
  <trkpt lat="38.40046623" lon="42.10675370"><ele>1515.678</ele><time>2026-09-15T06:28:47Z</time><speed>1.310</speed><sat>24</sat></trkpt>
  <trkpt lat="38.40046600" lon="42.10676797"><ele>1515.217</ele><time>2026-09-15T06:28:48Z</time><speed>1.070</speed><sat>24</sat></trkpt>
  <trkpt lat="38.40046484" lon="42.10678006"><ele>1514.632</ele><time>2026-09-15T06:28:49Z</time><speed>1.170</speed><sat>24</sat></trkpt>
  <trkpt lat="38.40046130" lon="42.10679336"><ele>1514.924</ele><time>2026-09-15T06:28:50Z</time><speed>1.330</speed><sat>25</sat></trkpt>
  <trkpt lat="38.40045725" lon="42.10680477"><ele>1514.229</ele><time>2026-09-15T06:28:51Z</time><speed>0.940</speed><sat>25</sat></trkpt>
  <trkpt lat="38.40045331" lon="42.10681453"><ele>1514.193</ele><time>2026-09-15T06:28:52Z</time><speed>0.770</speed><sat>27</sat></trkpt>
  <trkpt lat="38.40045089" lon="42.10682259"><ele>1512.432</ele><time>2026-09-15T06:28:53Z</time><speed>0.970</speed><sat>27</sat></trkpt>
  <trkpt lat="38.40044929" lon="42.10683482"><ele>1512.039</ele><time>2026-09-15T06:28:54Z</time><speed>1.280</speed><sat>28</sat></trkpt>
  <trkpt lat="38.40044771" lon="42.10684578"><ele>1511.170</ele><time>2026-09-15T06:28:55Z</time><speed>1.040</speed><sat>28</sat></trkpt>
  <trkpt lat="38.40044623" lon="42.10685587"><ele>1511.824</ele><time>2026-09-15T06:28:56Z</time><speed>1.060</speed><sat>29</sat></trkpt>
  <trkpt lat="38.40044582" lon="42.10686758"><ele>1510.512</ele><time>2026-09-15T06:28:57Z</time><speed>1.260</speed><sat>28</sat></trkpt>
  <trkpt lat="38.40044388" lon="42.10687988"><ele>1510.960</ele><time>2026-09-15T06:28:58Z</time><speed>1.110</speed><sat>25</sat></trkpt>
  <trkpt lat="38.40044339" lon="42.10688969"><ele>1510.383</ele><time>2026-09-15T06:28:59Z</time><speed>0.840</speed><sat>26</sat></trkpt>
  <trkpt lat="38.40044450" lon="42.10690132"><ele>1509.175</ele><time>2026-09-15T06:29:00Z</time><speed>1.280</speed><sat>26</sat></trkpt>
  <trkpt lat="38.40044449" lon="42.10691490"><ele>1508.497</ele><time>2026-09-15T06:29:01Z</time><speed>1.090</speed><sat>26</sat></trkpt>
  <trkpt lat="38.40044462" lon="42.10692450"><ele>1508.027</ele><time>2026-09-15T06:29:02Z</time><speed>0.600</speed><sat>26</sat></trkpt>
  <trkpt lat="38.40044472" lon="42.10693185"><ele>1507.710</ele><time>2026-09-15T06:29:03Z</time><speed>0.650</speed><sat>26</sat></trkpt>
  <trkpt lat="38.40044293" lon="42.10693996"><ele>1508.153</ele><time>2026-09-15T06:29:04Z</time><speed>0.680</speed><sat>26</sat></trkpt>
  <trkpt lat="38.40043963" lon="42.10695140"><ele>1508.880</ele><time>2026-09-15T06:29:05Z</time><speed>1.050</speed><sat>25</sat></trkpt>
  <trkpt lat="38.40043578" lon="42.10696561"><ele>1508.784</ele><time>2026-09-15T06:29:06Z</time><speed>1.220</speed><sat>25</sat></trkpt>
  <trkpt lat="38.40043353" lon="42.10697816"><ele>1509.147</ele><time>2026-09-15T06:29:07Z</time><speed>1.130</speed><sat>25</sat></trkpt>
  <trkpt lat="38.40043416" lon="42.10699268"><ele>1508.481</ele><time>2026-09-15T06:29:08Z</time><speed>1.460</speed><sat>26</sat></trkpt>
  <trkpt lat="38.40043576" lon="42.10700671"><ele>1507.234</ele><time>2026-09-15T06:29:09Z</time><speed>1.210</speed><sat>26</sat></trkpt>
  <trkpt lat="38.40043839" lon="42.10701969"><ele>1506.771</ele><time>2026-09-15T06:29:10Z</time><speed>1.170</speed><sat>26</sat></trkpt>
  <trkpt lat="38.40043742" lon="42.10703563"><ele>1506.515</ele><time>2026-09-15T06:29:11Z</time><speed>1.570</speed><sat>27</sat></trkpt>
  <trkpt lat="38.40043342" lon="42.10704912"><ele>1506.741</ele><time>2026-09-15T06:29:12Z</time><speed>1.210</speed><sat>27</sat></trkpt>
  <trkpt lat="38.40042488" lon="42.10706133"><ele>1507.271</ele><time>2026-09-15T06:29:13Z</time><speed>1.550</speed><sat>27</sat></trkpt>
  <trkpt lat="38.40041666" lon="42.10707259"><ele>1508.488</ele><time>2026-09-15T06:29:14Z</time><speed>1.380</speed><sat>25</sat></trkpt>
  <trkpt lat="38.40041126" lon="42.10708528"><ele>1508.840</ele><time>2026-09-15T06:29:15Z</time><speed>1.540</speed><sat>26</sat></trkpt>
  <trkpt lat="38.40040888" lon="42.10710121"><ele>1509.431</ele><time>2026-09-15T06:29:16Z</time><speed>1.630</speed><sat>27</sat></trkpt>
  <trkpt lat="38.40041068" lon="42.10711791"><ele>1510.198</ele><time>2026-09-15T06:29:17Z</time><speed>1.440</speed><sat>26</sat></trkpt>
  <trkpt lat="38.40041591" lon="42.10713199"><ele>1510.176</ele><time>2026-09-15T06:29:18Z</time><speed>0.960</speed><sat>27</sat></trkpt>
  <trkpt lat="38.40042039" lon="42.10714522"><ele>1509.903</ele><time>2026-09-15T06:29:19Z</time><speed>1.280</speed><sat>27</sat></trkpt>
  <trkpt lat="38.40042232" lon="42.10715986"><ele>1509.399</ele><time>2026-09-15T06:29:20Z</time><speed>1.310</speed><sat>27</sat></trkpt>
  <trkpt lat="38.40042384" lon="42.10717451"><ele>1509.445</ele><time>2026-09-15T06:29:21Z</time><speed>1.320</speed><sat>26</sat></trkpt>
  <trkpt lat="38.40042770" lon="42.10719083"><ele>1509.106</ele><time>2026-09-15T06:29:22Z</time><speed>1.570</speed><sat>24</sat></trkpt>
  <trkpt lat="38.40043311" lon="42.10720759"><ele>1508.254</ele><time>2026-09-15T06:29:23Z</time><speed>1.500</speed><sat>24</sat></trkpt>
  <trkpt lat="38.40044172" lon="42.10722916"><ele>1507.785</ele><time>2026-09-15T06:29:24Z</time><speed>1.630</speed><sat>23</sat></trkpt>
  <trkpt lat="38.40044890" lon="42.10725134"><ele>1509.249</ele><time>2026-09-15T06:29:25Z</time><speed>1.380</speed><sat>28</sat></trkpt>
  <trkpt lat="38.40045504" lon="42.10727155"><ele>1509.274</ele><time>2026-09-15T06:29:26Z</time><speed>1.420</speed><sat>28</sat></trkpt>
  <trkpt lat="38.40046307" lon="42.10729185"><ele>1508.412</ele><time>2026-09-15T06:29:27Z</time><speed>1.510</speed><sat>28</sat></trkpt>
  <trkpt lat="38.40046656" lon="42.10731052"><ele>1508.621</ele><time>2026-09-15T06:29:28Z</time><speed>1.490</speed><sat>28</sat></trkpt>
  <trkpt lat="38.40047290" lon="42.10732791"><ele>1510.420</ele><time>2026-09-15T06:29:29Z</time><speed>1.170</speed><sat>28</sat></trkpt>
  <trkpt lat="38.40048299" lon="42.10734258"><ele>1512.122</ele><time>2026-09-15T06:29:30Z</time><speed>1.230</speed><sat>28</sat></trkpt>
  <trkpt lat="38.40049440" lon="42.10735404"><ele>1512.266</ele><time>2026-09-15T06:29:31Z</time><speed>1.090</speed><sat>28</sat></trkpt>
  <trkpt lat="38.40050541" lon="42.10736004"><ele>1511.643</ele><time>2026-09-15T06:29:32Z</time><speed>0.620</speed><sat>28</sat></trkpt>
  <trkpt lat="38.40051241" lon="42.10736265"><ele>1510.968</ele><time>2026-09-15T06:29:33Z</time><speed>0.530</speed><sat>28</sat></trkpt>
  <trkpt lat="38.40051930" lon="42.10736584"><ele>1511.607</ele><time>2026-09-15T06:29:34Z</time><speed>0.720</speed><sat>28</sat></trkpt>
  <trkpt lat="38.40052742" lon="42.10736927"><ele>1511.947</ele><time>2026-09-15T06:29:35Z</time><speed>1.170</speed><sat>28</sat></trkpt>
  <trkpt lat="38.40053605" lon="42.10737349"><ele>1512.103</ele><time>2026-09-15T06:29:36Z</time><speed>1.310</speed><sat>27</sat></trkpt>
  <trkpt lat="38.40054619" lon="42.10737558"><ele>1512.269</ele><time>2026-09-15T06:29:37Z</time><speed>1.300</speed><sat>27</sat></trkpt>
  <trkpt lat="38.40055676" lon="42.10737942"><ele>1512.534</ele><time>2026-09-15T06:29:38Z</time><speed>1.520</speed><sat>27</sat></trkpt>
  <trkpt lat="38.40056699" lon="42.10738057"><ele>1512.648</ele><time>2026-09-15T06:29:39Z</time><speed>1.240</speed><sat>27</sat></trkpt>
  <trkpt lat="38.40057307" lon="42.10738320"><ele>1511.974</ele><time>2026-09-15T06:29:40Z</time><speed>0.540</speed><sat>27</sat></trkpt>
  <trkpt lat="38.40057580" lon="42.10738853"><ele>1511.802</ele><time>2026-09-15T06:29:41Z</time><speed>0.660</speed><sat>28</sat></trkpt>
  <trkpt lat="38.40057973" lon="42.10739449"><ele>1510.694</ele><time>2026-09-15T06:29:42Z</time><speed>0.800</speed><sat>29</sat></trkpt>
  <trkpt lat="38.40058446" lon="42.10740137"><ele>1510.408</ele><time>2026-09-15T06:29:43Z</time><speed>0.690</speed><sat>29</sat></trkpt>
  <trkpt lat="38.40059295" lon="42.10740781"><ele>1510.069</ele><time>2026-09-15T06:29:44Z</time><speed>1.260</speed><sat>29</sat></trkpt>
  <trkpt lat="38.40060503" lon="42.10741386"><ele>1509.869</ele><time>2026-09-15T06:29:45Z</time><speed>1.350</speed><sat>29</sat></trkpt>
  <trkpt lat="38.40061727" lon="42.10742120"><ele>1510.834</ele><time>2026-09-15T06:29:46Z</time><speed>1.400</speed><sat>29</sat></trkpt>
  <trkpt lat="38.40062907" lon="42.10742899"><ele>1509.639</ele><time>2026-09-15T06:29:47Z</time><speed>1.320</speed><sat>29</sat></trkpt>
  <trkpt lat="38.40064013" lon="42.10743939"><ele>1510.204</ele><time>2026-09-15T06:29:48Z</time><speed>1.460</speed><sat>28</sat></trkpt>
  <trkpt lat="38.40064694" lon="42.10745078"><ele>1510.875</ele><time>2026-09-15T06:29:49Z</time><speed>1.080</speed><sat>28</sat></trkpt>
  <trkpt lat="38.40065155" lon="42.10746570"><ele>1510.434</ele><time>2026-09-15T06:29:50Z</time><speed>1.380</speed><sat>28</sat></trkpt>
  <trkpt lat="38.40065707" lon="42.10748162"><ele>1510.018</ele><time>2026-09-15T06:29:51Z</time><speed>1.550</speed><sat>28</sat></trkpt>
  <trkpt lat="38.40066579" lon="42.10749472"><ele>1508.144</ele><time>2026-09-15T06:29:52Z</time><speed>1.400</speed><sat>28</sat></trkpt>
  <trkpt lat="38.40067494" lon="42.10750105"><ele>1508.442</ele><time>2026-09-15T06:29:53Z</time><speed>0.680</speed><sat>28</sat></trkpt>
  <trkpt lat="38.40068730" lon="42.10750489"><ele>1509.146</ele><time>2026-09-15T06:29:54Z</time><speed>1.340</speed><sat>28</sat></trkpt>
  <trkpt lat="38.40070002" lon="42.10750996"><ele>1509.585</ele><time>2026-09-15T06:29:55Z</time><speed>1.020</speed><sat>27</sat></trkpt>
  <trkpt lat="38.40071079" lon="42.10751537"><ele>1509.379</ele><time>2026-09-15T06:29:56Z</time><speed>1.070</speed><sat>27</sat></trkpt>
  <trkpt lat="38.40072059" lon="42.10752254"><ele>1508.031</ele><time>2026-09-15T06:29:57Z</time><speed>1.020</speed><sat>27</sat></trkpt>
  <trkpt lat="38.40072898" lon="42.10753351"><ele>1508.383</ele><time>2026-09-15T06:29:58Z</time><speed>1.520</speed><sat>27</sat></trkpt>
  <trkpt lat="38.40073032" lon="42.10755479"><ele>1508.539</ele><time>2026-09-15T06:29:59Z</time><speed>2.500</speed><sat>27</sat></trkpt>
  <trkpt lat="38.40073323" lon="42.10757887"><ele>1509.480</ele><time>2026-09-15T06:30:00Z</time><speed>1.980</speed><sat>27</sat></trkpt>
  <trkpt lat="38.40073859" lon="42.10759586"><ele>1510.334</ele><time>2026-09-15T06:30:01Z</time><speed>1.500</speed><sat>28</sat></trkpt>
  <trkpt lat="38.40074660" lon="42.10761002"><ele>1511.353</ele><time>2026-09-15T06:30:02Z</time><speed>1.500</speed><sat>28</sat></trkpt>
  <trkpt lat="38.40075684" lon="42.10762457"><ele>1511.435</ele><time>2026-09-15T06:30:03Z</time><speed>1.560</speed><sat>29</sat></trkpt>
  <trkpt lat="38.40076705" lon="42.10763896"><ele>1511.518</ele><time>2026-09-15T06:30:04Z</time><speed>1.520</speed><sat>29</sat></trkpt>
  <trkpt lat="38.40077382" lon="42.10764651"><ele>1511.709</ele><time>2026-09-15T06:30:05Z</time><speed>0.350</speed><sat>29</sat></trkpt>
  <trkpt lat="38.40077958" lon="42.10765093"><ele>1511.438</ele><time>2026-09-15T06:30:06Z</time><speed>0.670</speed><sat>29</sat></trkpt>
  <trkpt lat="38.40078723" lon="42.10765797"><ele>1511.171</ele><time>2026-09-15T06:30:07Z</time><speed>1.090</speed><sat>29</sat></trkpt>
  <trkpt lat="38.40079639" lon="42.10766766"><ele>1511.005</ele><time>2026-09-15T06:30:08Z</time><speed>1.300</speed><sat>29</sat></trkpt>
  <trkpt lat="38.40080494" lon="42.10767627"><ele>1510.601</ele><time>2026-09-15T06:30:09Z</time><speed>0.600</speed><sat>28</sat></trkpt>
  <trkpt lat="38.40080996" lon="42.10768576"><ele>1510.230</ele><time>2026-09-15T06:30:10Z</time><speed>0.780</speed><sat>27</sat></trkpt>
  <trkpt lat="38.40081523" lon="42.10769797"><ele>1510.501</ele><time>2026-09-15T06:30:11Z</time><speed>1.120</speed><sat>25</sat></trkpt>
  <trkpt lat="38.40082945" lon="42.10770958"><ele>1510.636</ele><time>2026-09-15T06:30:12Z</time><speed>2.070</speed><sat>25</sat></trkpt>
  <trkpt lat="38.40084951" lon="42.10771416"><ele>1510.560</ele><time>2026-09-15T06:30:13Z</time><speed>2.040</speed><sat>25</sat></trkpt>
  <trkpt lat="38.40086711" lon="42.10771430"><ele>1510.433</ele><time>2026-09-15T06:30:14Z</time><speed>1.660</speed><sat>25</sat></trkpt>
  <trkpt lat="38.40087778" lon="42.10772068"><ele>1510.894</ele><time>2026-09-15T06:30:15Z</time><speed>1.490</speed><sat>25</sat></trkpt>
  <trkpt lat="38.40088438" lon="42.10773555"><ele>1511.948</ele><time>2026-09-15T06:30:16Z</time><speed>1.440</speed><sat>25</sat></trkpt>
  <trkpt lat="38.40088512" lon="42.10775424"><ele>1512.132</ele><time>2026-09-15T06:30:17Z</time><speed>1.280</speed><sat>25</sat></trkpt>
  <trkpt lat="38.40088280" lon="42.10777422"><ele>1512.089</ele><time>2026-09-15T06:30:18Z</time><speed>1.340</speed><sat>27</sat></trkpt>
  <trkpt lat="38.40088221" lon="42.10779401"><ele>1512.810</ele><time>2026-09-15T06:30:19Z</time><speed>1.510</speed><sat>27</sat></trkpt>
  <trkpt lat="38.40087866" lon="42.10781296"><ele>1513.280</ele><time>2026-09-15T06:30:20Z</time><speed>1.240</speed><sat>27</sat></trkpt>
  <trkpt lat="38.40087469" lon="42.10782990"><ele>1513.182</ele><time>2026-09-15T06:30:21Z</time><speed>1.150</speed><sat>27</sat></trkpt>
  <trkpt lat="38.40087188" lon="42.10784710"><ele>1513.408</ele><time>2026-09-15T06:30:22Z</time><speed>1.460</speed><sat>27</sat></trkpt>
  <trkpt lat="38.40086877" lon="42.10786928"><ele>1514.310</ele><time>2026-09-15T06:30:23Z</time><speed>1.930</speed><sat>27</sat></trkpt>
  <trkpt lat="38.40086552" lon="42.10789123"><ele>1514.036</ele><time>2026-09-15T06:30:24Z</time><speed>1.580</speed><sat>26</sat></trkpt>
  <trkpt lat="38.40086149" lon="42.10791012"><ele>1513.967</ele><time>2026-09-15T06:30:25Z</time><speed>1.560</speed><sat>26</sat></trkpt>
  <trkpt lat="38.40085763" lon="42.10792882"><ele>1514.054</ele><time>2026-09-15T06:30:26Z</time><speed>1.560</speed><sat>26</sat></trkpt>
  <trkpt lat="38.40085518" lon="42.10794521"><ele>1516.080</ele><time>2026-09-15T06:30:27Z</time><speed>1.400</speed><sat>25</sat></trkpt>
  <trkpt lat="38.40085281" lon="42.10796125"><ele>1515.650</ele><time>2026-09-15T06:30:28Z</time><speed>1.420</speed><sat>25</sat></trkpt>
  <trkpt lat="38.40084912" lon="42.10797612"><ele>1515.850</ele><time>2026-09-15T06:30:29Z</time><speed>1.320</speed><sat>26</sat></trkpt>
  <trkpt lat="38.40084526" lon="42.10799086"><ele>1516.523</ele><time>2026-09-15T06:30:30Z</time><speed>1.500</speed><sat>26</sat></trkpt>
  <trkpt lat="38.40084304" lon="42.10800739"><ele>1516.865</ele><time>2026-09-15T06:30:31Z</time><speed>1.440</speed><sat>25</sat></trkpt>
  <trkpt lat="38.40084254" lon="42.10802434"><ele>1516.992</ele><time>2026-09-15T06:30:32Z</time><speed>1.570</speed><sat>25</sat></trkpt>
  <trkpt lat="38.40084333" lon="42.10804185"><ele>1516.530</ele><time>2026-09-15T06:30:33Z</time><speed>1.550</speed><sat>25</sat></trkpt>
  <trkpt lat="38.40084696" lon="42.10806025"><ele>1516.259</ele><time>2026-09-15T06:30:34Z</time><speed>1.760</speed><sat>25</sat></trkpt>
  <trkpt lat="38.40084761" lon="42.10808259"><ele>1516.785</ele><time>2026-09-15T06:30:35Z</time><speed>1.910</speed><sat>25</sat></trkpt>
  <trkpt lat="38.40084607" lon="42.10809999"><ele>1516.539</ele><time>2026-09-15T06:30:36Z</time><speed>1.260</speed><sat>25</sat></trkpt>
  <trkpt lat="38.40084412" lon="42.10811184"><ele>1515.552</ele><time>2026-09-15T06:30:37Z</time><speed>1.220</speed><sat>26</sat></trkpt>
  <trkpt lat="38.40084340" lon="42.10812355"><ele>1517.323</ele><time>2026-09-15T06:30:38Z</time><speed>1.330</speed><sat>26</sat></trkpt>
  <trkpt lat="38.40084507" lon="42.10813519"><ele>1516.989</ele><time>2026-09-15T06:30:39Z</time><speed>1.230</speed><sat>26</sat></trkpt>
  <trkpt lat="38.40084962" lon="42.10814482"><ele>1516.579</ele><time>2026-09-15T06:30:40Z</time><speed>1.150</speed><sat>26</sat></trkpt>
  <trkpt lat="38.40085467" lon="42.10815376"><ele>1516.152</ele><time>2026-09-15T06:30:41Z</time><speed>1.140</speed><sat>26</sat></trkpt>
  <trkpt lat="38.40085837" lon="42.10816409"><ele>1514.831</ele><time>2026-09-15T06:30:42Z</time><speed>1.300</speed><sat>26</sat></trkpt>
  <trkpt lat="38.40085875" lon="42.10817808"><ele>1514.843</ele><time>2026-09-15T06:30:43Z</time><speed>1.460</speed><sat>26</sat></trkpt>
  <trkpt lat="38.40085755" lon="42.10819357"><ele>1515.168</ele><time>2026-09-15T06:30:44Z</time><speed>1.510</speed><sat>25</sat></trkpt>
  <trkpt lat="38.40085246" lon="42.10820758"><ele>1516.204</ele><time>2026-09-15T06:30:45Z</time><speed>1.500</speed><sat>25</sat></trkpt>
  <trkpt lat="38.40084943" lon="42.10821846"><ele>1516.223</ele><time>2026-09-15T06:30:46Z</time><speed>1.040</speed><sat>25</sat></trkpt>
  <trkpt lat="38.40085020" lon="42.10823008"><ele>1517.479</ele><time>2026-09-15T06:30:47Z</time><speed>1.270</speed><sat>25</sat></trkpt>
  <trkpt lat="38.40085411" lon="42.10824418"><ele>1516.946</ele><time>2026-09-15T06:30:48Z</time><speed>1.470</speed><sat>25</sat></trkpt>
  <trkpt lat="38.40085918" lon="42.10826173"><ele>1516.652</ele><time>2026-09-15T06:30:49Z</time><speed>1.650</speed><sat>25</sat></trkpt>
  <trkpt lat="38.40086274" lon="42.10827869"><ele>1516.654</ele><time>2026-09-15T06:30:50Z</time><speed>1.450</speed><sat>26</sat></trkpt>
  <trkpt lat="38.40086834" lon="42.10829334"><ele>1516.525</ele><time>2026-09-15T06:30:51Z</time><speed>1.580</speed><sat>26</sat></trkpt>
  <trkpt lat="38.40087610" lon="42.10830655"><ele>1518.337</ele><time>2026-09-15T06:30:52Z</time><speed>1.320</speed><sat>26</sat></trkpt>
  <trkpt lat="38.40088485" lon="42.10831916"><ele>1518.174</ele><time>2026-09-15T06:30:53Z</time><speed>1.380</speed><sat>26</sat></trkpt>
  <trkpt lat="38.40089340" lon="42.10832867"><ele>1517.837</ele><time>2026-09-15T06:30:54Z</time><speed>1.070</speed><sat>28</sat></trkpt>
  <trkpt lat="38.40090041" lon="42.10833742"><ele>1517.723</ele><time>2026-09-15T06:30:55Z</time><speed>0.690</speed><sat>28</sat></trkpt>
  <trkpt lat="38.40090853" lon="42.10834621"><ele>1517.423</ele><time>2026-09-15T06:30:56Z</time><speed>1.130</speed><sat>27</sat></trkpt>
  <trkpt lat="38.40091598" lon="42.10835704"><ele>1517.394</ele><time>2026-09-15T06:30:57Z</time><speed>1.040</speed><sat>27</sat></trkpt>
  <trkpt lat="38.40092488" lon="42.10836669"><ele>1516.681</ele><time>2026-09-15T06:30:58Z</time><speed>1.170</speed><sat>27</sat></trkpt>
  <trkpt lat="38.40093515" lon="42.10837947"><ele>1517.168</ele><time>2026-09-15T06:30:59Z</time><speed>1.330</speed><sat>27</sat></trkpt>
  <trkpt lat="38.40094494" lon="42.10839307"><ele>1517.215</ele><time>2026-09-15T06:31:00Z</time><speed>1.400</speed><sat>26</sat></trkpt>
  <trkpt lat="38.40095254" lon="42.10840633"><ele>1518.553</ele><time>2026-09-15T06:31:01Z</time><speed>1.180</speed><sat>26</sat></trkpt>
  <trkpt lat="38.40095687" lon="42.10841825"><ele>1519.848</ele><time>2026-09-15T06:31:02Z</time><speed>1.020</speed><sat>26</sat></trkpt>
  <trkpt lat="38.40096169" lon="42.10842933"><ele>1520.748</ele><time>2026-09-15T06:31:03Z</time><speed>1.280</speed><sat>27</sat></trkpt>
  <trkpt lat="38.40096675" lon="42.10844006"><ele>1521.901</ele><time>2026-09-15T06:31:04Z</time><speed>1.020</speed><sat>27</sat></trkpt>
  <trkpt lat="38.40097382" lon="42.10844770"><ele>1522.225</ele><time>2026-09-15T06:31:05Z</time><speed>1.190</speed><sat>27</sat></trkpt>
  <trkpt lat="38.40098075" lon="42.10845384"><ele>1523.323</ele><time>2026-09-15T06:31:06Z</time><speed>0.680</speed><sat>28</sat></trkpt>
  <trkpt lat="38.40098947" lon="42.10845746"><ele>1523.529</ele><time>2026-09-15T06:31:07Z</time><speed>1.100</speed><sat>28</sat></trkpt>
  <trkpt lat="38.40100114" lon="42.10846204"><ele>1524.320</ele><time>2026-09-15T06:31:08Z</time><speed>1.450</speed><sat>28</sat></trkpt>
  <trkpt lat="38.40101201" lon="42.10846435"><ele>1524.010</ele><time>2026-09-15T06:31:09Z</time><speed>1.090</speed><sat>28</sat></trkpt>
  <trkpt lat="38.40101736" lon="42.10846731"><ele>1524.337</ele><time>2026-09-15T06:31:10Z</time><speed>0.590</speed><sat>28</sat></trkpt>
  <trkpt lat="38.40101850" lon="42.10847674"><ele>1524.832</ele><time>2026-09-15T06:31:11Z</time><speed>0.950</speed><sat>28</sat></trkpt>
  <trkpt lat="38.40101517" lon="42.10849247"><ele>1526.172</ele><time>2026-09-15T06:31:12Z</time><speed>1.470</speed><sat>27</sat></trkpt>
  <trkpt lat="38.40101367" lon="42.10850421"><ele>1526.081</ele><time>2026-09-15T06:31:13Z</time><speed>0.620</speed><sat>27</sat></trkpt>
  <trkpt lat="38.40101512" lon="42.10851467"><ele>1525.074</ele><time>2026-09-15T06:31:14Z</time><speed>0.770</speed><sat>27</sat></trkpt>
  <trkpt lat="38.40101825" lon="42.10852489"><ele>1525.111</ele><time>2026-09-15T06:31:15Z</time><speed>1.060</speed><sat>27</sat></trkpt>
  <trkpt lat="38.40102327" lon="42.10853046"><ele>1523.280</ele><time>2026-09-15T06:31:16Z</time><speed>0.310</speed><sat>27</sat></trkpt>
  <trkpt lat="38.40102724" lon="42.10853177"><ele>1523.078</ele><time>2026-09-15T06:31:17Z</time><speed>0.200</speed><sat>27</sat></trkpt>
  <trkpt lat="38.40103047" lon="42.10853333"><ele>1523.699</ele><time>2026-09-15T06:31:18Z</time><speed>0.380</speed><sat>28</sat></trkpt>
  <trkpt lat="38.40103104" lon="42.10853734"><ele>1523.636</ele><time>2026-09-15T06:31:19Z</time><speed>0.500</speed><sat>27</sat></trkpt>
  <trkpt lat="38.40101831" lon="42.10854611"><ele>1524.162</ele><time>2026-09-15T06:31:20Z</time><speed>2.230</speed><sat>27</sat></trkpt>
  <trkpt lat="38.40100265" lon="42.10855813"><ele>1524.335</ele><time>2026-09-15T06:31:21Z</time><speed>1.840</speed><sat>27</sat></trkpt>
  <trkpt lat="38.40099619" lon="42.10856028"><ele>1523.969</ele><time>2026-09-15T06:31:22Z</time><speed>0.000</speed><sat>27</sat></trkpt>
  <trkpt lat="38.40099303" lon="42.10856019"><ele>1524.012</ele><time>2026-09-15T06:31:23Z</time><speed>0.000</speed><sat>25</sat></trkpt>
  <trkpt lat="38.40099143" lon="42.10856016"><ele>1524.016</ele><time>2026-09-15T06:31:24Z</time><speed>0.000</speed><sat>18</sat></trkpt>
  <trkpt lat="38.40099063" lon="42.10856013"><ele>1524.017</ele><time>2026-09-15T06:31:25Z</time><speed>0.000</speed><sat>13</sat></trkpt>
  <trkpt lat="38.40099021" lon="42.10856012"><ele>1524.020</ele><time>2026-09-15T06:31:26Z</time><speed>0.000</speed><sat>13</sat></trkpt>
  <trkpt lat="38.40099004" lon="42.10856014"><ele>1524.012</ele><time>2026-09-15T06:31:27Z</time><speed>0.000</speed><sat>12</sat></trkpt>
  <trkpt lat="38.40098994" lon="42.10856015"><ele>1524.014</ele><time>2026-09-15T06:31:28Z</time><speed>0.000</speed><sat>13</sat></trkpt>
  <trkpt lat="38.40098990" lon="42.10856015"><ele>1524.015</ele><time>2026-09-15T06:31:29Z</time><speed>0.000</speed><sat>13</sat></trkpt>
  <trkpt lat="38.40098988" lon="42.10856014"><ele>1524.015</ele><time>2026-09-15T06:31:30Z</time><speed>0.000</speed><sat>15</sat></trkpt>
  <trkpt lat="38.40098988" lon="42.10856012"><ele>1524.015</ele><time>2026-09-15T06:31:31Z</time><speed>0.000</speed><sat>17</sat></trkpt>
  <trkpt lat="38.40098991" lon="42.10856009"><ele>1524.010</ele><time>2026-09-15T06:31:32Z</time><speed>0.000</speed><sat>18</sat></trkpt>
  <trkpt lat="38.40099003" lon="42.10856005"><ele>1523.997</ele><time>2026-09-15T06:31:33Z</time><speed>0.000</speed><sat>20</sat></trkpt>
  <trkpt lat="38.40099010" lon="42.10855992"><ele>1523.998</ele><time>2026-09-15T06:31:34Z</time><speed>0.000</speed><sat>21</sat></trkpt>
  <trkpt lat="38.40099013" lon="42.10855986"><ele>1523.997</ele><time>2026-09-15T06:31:35Z</time><speed>0.000</speed><sat>22</sat></trkpt>
  <trkpt lat="38.40099015" lon="42.10855982"><ele>1523.997</ele><time>2026-09-15T06:31:36Z</time><speed>0.000</speed><sat>22</sat></trkpt>
  <trkpt lat="38.40099015" lon="42.10855980"><ele>1523.998</ele><time>2026-09-15T06:31:37Z</time><speed>0.000</speed><sat>22</sat></trkpt>
  <trkpt lat="38.40099015" lon="42.10855979"><ele>1523.998</ele><time>2026-09-15T06:31:38Z</time><speed>0.000</speed><sat>21</sat></trkpt>
  <trkpt lat="38.40099010" lon="42.10855982"><ele>1524.000</ele><time>2026-09-15T06:31:39Z</time><speed>0.000</speed><sat>20</sat></trkpt>
  <trkpt lat="38.40099004" lon="42.10855980"><ele>1524.007</ele><time>2026-09-15T06:31:40Z</time><speed>0.000</speed><sat>16</sat></trkpt>
  <trkpt lat="38.40098997" lon="42.10855980"><ele>1524.008</ele><time>2026-09-15T06:31:41Z</time><speed>0.000</speed><sat>13</sat></trkpt>
  <trkpt lat="38.40098993" lon="42.10855978"><ele>1524.007</ele><time>2026-09-15T06:31:42Z</time><speed>0.000</speed><sat>13</sat></trkpt>
  <trkpt lat="38.40098992" lon="42.10855977"><ele>1524.008</ele><time>2026-09-15T06:31:43Z</time><speed>0.000</speed><sat>13</sat></trkpt>
  <trkpt lat="38.40099042" lon="42.10855983"><ele>1524.048</ele><time>2026-09-15T06:31:44Z</time><speed>0.000</speed><sat>14</sat></trkpt>
  <trkpt lat="38.40099125" lon="42.10855985"><ele>1524.111</ele><time>2026-09-15T06:31:45Z</time><speed>0.000</speed><sat>15</sat></trkpt>
  <trkpt lat="38.40099175" lon="42.10855984"><ele>1524.101</ele><time>2026-09-15T06:31:46Z</time><speed>0.000</speed><sat>16</sat></trkpt>
  <trkpt lat="38.40099198" lon="42.10855981"><ele>1524.097</ele><time>2026-09-15T06:31:47Z</time><speed>0.000</speed><sat>16</sat></trkpt>
  <trkpt lat="38.40099210" lon="42.10855977"><ele>1524.091</ele><time>2026-09-15T06:31:48Z</time><speed>0.000</speed><sat>14</sat></trkpt>
  <trkpt lat="38.40099215" lon="42.10855974"><ele>1524.089</ele><time>2026-09-15T06:31:49Z</time><speed>0.000</speed><sat>14</sat></trkpt>
  <trkpt lat="38.40099219" lon="42.10855971"><ele>1524.086</ele><time>2026-09-15T06:31:50Z</time><speed>0.000</speed><sat>15</sat></trkpt>
  <trkpt lat="38.40099226" lon="42.10855965"><ele>1524.083</ele><time>2026-09-15T06:31:51Z</time><speed>0.000</speed><sat>14</sat></trkpt>
  <trkpt lat="38.40099238" lon="42.10855962"><ele>1524.074</ele><time>2026-09-15T06:31:52Z</time><speed>0.000</speed><sat>14</sat></trkpt>
  <trkpt lat="38.40099240" lon="42.10855954"><ele>1524.081</ele><time>2026-09-15T06:31:53Z</time><speed>0.000</speed><sat>16</sat></trkpt>
  <trkpt lat="38.40099239" lon="42.10855946"><ele>1524.081</ele><time>2026-09-15T06:31:54Z</time><speed>0.000</speed><sat>16</sat></trkpt>
  <trkpt lat="38.40099240" lon="42.10855940"><ele>1524.078</ele><time>2026-09-15T06:31:55Z</time><speed>0.000</speed><sat>15</sat></trkpt>
  <trkpt lat="38.40098958" lon="42.10855908"><ele>1524.007</ele><time>2026-09-15T06:31:56Z</time><speed>0.470</speed><sat>16</sat></trkpt>
  <trkpt lat="38.40098930" lon="42.10855808"><ele>1523.975</ele><time>2026-09-15T06:31:57Z</time><speed>0.000</speed><sat>17</sat></trkpt>
  <trkpt lat="38.40099151" lon="42.10855606"><ele>1523.814</ele><time>2026-09-15T06:31:58Z</time><speed>0.430</speed><sat>18</sat></trkpt>
  <trkpt lat="38.40099486" lon="42.10855614"><ele>1523.366</ele><time>2026-09-15T06:31:59Z</time><speed>0.000</speed><sat>17</sat></trkpt>
  <trkpt lat="38.40099646" lon="42.10855545"><ele>1523.451</ele><time>2026-09-15T06:32:00Z</time><speed>0.000</speed><sat>18</sat></trkpt>
  <trkpt lat="38.40099972" lon="42.10855413"><ele>1523.719</ele><time>2026-09-15T06:32:01Z</time><speed>0.000</speed><sat>19</sat></trkpt>
  <trkpt lat="38.40100171" lon="42.10855276"><ele>1523.839</ele><time>2026-09-15T06:32:02Z</time><speed>0.000</speed><sat>18</sat></trkpt>
  <trkpt lat="38.40100270" lon="42.10855206"><ele>1523.837</ele><time>2026-09-15T06:32:03Z</time><speed>0.000</speed><sat>18</sat></trkpt>
  <trkpt lat="38.40100320" lon="42.10855172"><ele>1523.838</ele><time>2026-09-15T06:32:04Z</time><speed>0.000</speed><sat>17</sat></trkpt>
  <trkpt lat="38.40100347" lon="42.10855153"><ele>1523.839</ele><time>2026-09-15T06:32:05Z</time><speed>0.000</speed><sat>16</sat></trkpt>
  <trkpt lat="38.40100361" lon="42.10855143"><ele>1523.839</ele><time>2026-09-15T06:32:06Z</time><speed>0.000</speed><sat>15</sat></trkpt>
  <trkpt lat="38.40100368" lon="42.10855138"><ele>1523.839</ele><time>2026-09-15T06:32:07Z</time><speed>0.000</speed><sat>9</sat></trkpt>
  <trkpt lat="38.40100372" lon="42.10855135"><ele>1523.839</ele><time>2026-09-15T06:32:08Z</time><speed>0.000</speed><sat>9</sat></trkpt>
  <trkpt lat="38.40100374" lon="42.10855133"><ele>1523.841</ele><time>2026-09-15T06:32:09Z</time><speed>0.000</speed><sat>9</sat></trkpt>
  <trkpt lat="38.40100377" lon="42.10855141"><ele>1523.838</ele><time>2026-09-15T06:32:10Z</time><speed>0.000</speed><sat>9</sat></trkpt>
  <trkpt lat="38.40100377" lon="42.10855144"><ele>1523.836</ele><time>2026-09-15T06:32:11Z</time><speed>0.000</speed><sat>10</sat></trkpt>
  <trkpt lat="38.40100380" lon="42.10855155"><ele>1523.832</ele><time>2026-09-15T06:32:12Z</time><speed>0.000</speed><sat>11</sat></trkpt>
  <trkpt lat="38.40100382" lon="42.10855163"><ele>1523.830</ele><time>2026-09-15T06:32:13Z</time><speed>0.000</speed><sat>11</sat></trkpt>
  <trkpt lat="38.40100330" lon="42.10855193"><ele>1523.680</ele><time>2026-09-15T06:32:14Z</time><speed>0.190</speed><sat>12</sat></trkpt>
  <trkpt lat="38.40100561" lon="42.10855426"><ele>1523.851</ele><time>2026-09-15T06:32:15Z</time><speed>0.000</speed><sat>13</sat></trkpt>
  <trkpt lat="38.40100927" lon="42.10855186"><ele>1522.671</ele><time>2026-09-15T06:32:16Z</time><speed>0.150</speed><sat>13</sat></trkpt>
  <trkpt lat="38.40100787" lon="42.10855187"><ele>1522.045</ele><time>2026-09-15T06:32:17Z</time><speed>0.310</speed><sat>16</sat></trkpt>
  <trkpt lat="38.40100730" lon="42.10854860"><ele>1521.812</ele><time>2026-09-15T06:32:18Z</time><speed>0.000</speed><sat>15</sat></trkpt>
  <trkpt lat="38.40100726" lon="42.10854720"><ele>1521.745</ele><time>2026-09-15T06:32:19Z</time><speed>0.000</speed><sat>15</sat></trkpt>
  <trkpt lat="38.40100725" lon="42.10854654"><ele>1521.742</ele><time>2026-09-15T06:32:20Z</time><speed>0.000</speed><sat>14</sat></trkpt>
  <trkpt lat="38.40100725" lon="42.10854621"><ele>1521.743</ele><time>2026-09-15T06:32:21Z</time><speed>0.000</speed><sat>14</sat></trkpt>
  <trkpt lat="38.40100725" lon="42.10854604"><ele>1521.742</ele><time>2026-09-15T06:32:22Z</time><speed>0.000</speed><sat>13</sat></trkpt>
  <trkpt lat="38.40100713" lon="42.10854593"><ele>1521.748</ele><time>2026-09-15T06:32:23Z</time><speed>0.000</speed><sat>11</sat></trkpt>
  <trkpt lat="38.40100780" lon="42.10855063"><ele>1521.605</ele><time>2026-09-15T06:32:24Z</time><speed>0.510</speed><sat>10</sat></trkpt>
  <trkpt lat="38.40100870" lon="42.10855071"><ele>1521.232</ele><time>2026-09-15T06:32:25Z</time><speed>0.000</speed><sat>8</sat></trkpt>
  <trkpt lat="38.40101029" lon="42.10855042"><ele>1521.049</ele><time>2026-09-15T06:32:26Z</time><speed>0.000</speed><sat>10</sat></trkpt>
  <trkpt lat="38.40101104" lon="42.10855029"><ele>1521.057</ele><time>2026-09-15T06:32:27Z</time><speed>0.000</speed><sat>8</sat></trkpt>
  <trkpt lat="38.40101143" lon="42.10855021"><ele>1521.060</ele><time>2026-09-15T06:32:28Z</time><speed>0.000</speed><sat>9</sat></trkpt>
  <trkpt lat="38.40101371" lon="42.10855238"><ele>1520.859</ele><time>2026-09-15T06:32:29Z</time><speed>0.300</speed><sat>13</sat></trkpt>
  <trkpt lat="38.40101930" lon="42.10855304"><ele>1521.169</ele><time>2026-09-15T06:32:30Z</time><speed>0.390</speed><sat>13</sat></trkpt>
  <trkpt lat="38.40102755" lon="42.10855192"><ele>1521.403</ele><time>2026-09-15T06:32:31Z</time><speed>0.000</speed><sat>13</sat></trkpt>
  <trkpt lat="38.40103267" lon="42.10854950"><ele>1521.542</ele><time>2026-09-15T06:32:32Z</time><speed>0.000</speed><sat>13</sat></trkpt>
  <trkpt lat="38.40103524" lon="42.10854820"><ele>1521.543</ele><time>2026-09-15T06:32:33Z</time><speed>0.000</speed><sat>14</sat></trkpt>
  <trkpt lat="38.40103651" lon="42.10854755"><ele>1521.547</ele><time>2026-09-15T06:32:34Z</time><speed>0.000</speed><sat>14</sat></trkpt>
  <trkpt lat="38.40103716" lon="42.10854720"><ele>1521.542</ele><time>2026-09-15T06:32:35Z</time><speed>0.000</speed><sat>16</sat></trkpt>
  <trkpt lat="38.40103750" lon="42.10854700"><ele>1521.540</ele><time>2026-09-15T06:32:36Z</time><speed>0.000</speed><sat>14</sat></trkpt>
  <trkpt lat="38.40103764" lon="42.10854690"><ele>1521.538</ele><time>2026-09-15T06:32:37Z</time><speed>0.000</speed><sat>15</sat></trkpt>
  <trkpt lat="38.40103769" lon="42.10854694"><ele>1521.535</ele><time>2026-09-15T06:32:38Z</time><speed>0.000</speed><sat>15</sat></trkpt>
  <trkpt lat="38.40103770" lon="42.10854692"><ele>1521.534</ele><time>2026-09-15T06:32:39Z</time><speed>0.000</speed><sat>13</sat></trkpt>
  <trkpt lat="38.40103771" lon="42.10854695"><ele>1521.534</ele><time>2026-09-15T06:32:40Z</time><speed>0.000</speed><sat>13</sat></trkpt>
  <trkpt lat="38.40103771" lon="42.10854692"><ele>1521.530</ele><time>2026-09-15T06:32:41Z</time><speed>0.000</speed><sat>10</sat></trkpt>
  <trkpt lat="38.40103771" lon="42.10854685"><ele>1521.528</ele><time>2026-09-15T06:32:42Z</time><speed>0.000</speed><sat>11</sat></trkpt>
  <trkpt lat="38.40103769" lon="42.10854689"><ele>1521.529</ele><time>2026-09-15T06:32:43Z</time><speed>0.000</speed><sat>11</sat></trkpt>
  <trkpt lat="38.40103769" lon="42.10854705"><ele>1521.525</ele><time>2026-09-15T06:32:44Z</time><speed>0.000</speed><sat>10</sat></trkpt>
  <trkpt lat="38.40103766" lon="42.10854720"><ele>1521.520</ele><time>2026-09-15T06:32:45Z</time><speed>0.000</speed><sat>11</sat></trkpt>
  <trkpt lat="38.40103765" lon="42.10854727"><ele>1521.518</ele><time>2026-09-15T06:32:46Z</time><speed>0.000</speed><sat>12</sat></trkpt>
  <trkpt lat="38.40103763" lon="42.10854728"><ele>1521.516</ele><time>2026-09-15T06:32:47Z</time><speed>0.000</speed><sat>12</sat></trkpt>
  <trkpt lat="38.40103760" lon="42.10854729"><ele>1521.514</ele><time>2026-09-15T06:32:48Z</time><speed>0.000</speed><sat>11</sat></trkpt>
  <trkpt lat="38.40103759" lon="42.10854727"><ele>1521.511</ele><time>2026-09-15T06:32:49Z</time><speed>0.000</speed><sat>10</sat></trkpt>
  <trkpt lat="38.40103760" lon="42.10854725"><ele>1521.510</ele><time>2026-09-15T06:32:50Z</time><speed>0.000</speed><sat>10</sat></trkpt>
  <trkpt lat="38.40103760" lon="42.10854722"><ele>1521.506</ele><time>2026-09-15T06:32:51Z</time><speed>0.000</speed><sat>9</sat></trkpt>
  <trkpt lat="38.40103761" lon="42.10854717"><ele>1521.502</ele><time>2026-09-15T06:32:52Z</time><speed>0.000</speed><sat>9</sat></trkpt>
  <trkpt lat="38.40103840" lon="42.10854665"><ele>1521.267</ele><time>2026-09-15T06:32:53Z</time><speed>0.000</speed><sat>9</sat></trkpt>
  <trkpt lat="38.40103887" lon="42.10854690"><ele>1521.213</ele><time>2026-09-15T06:32:54Z</time><speed>0.000</speed><sat>8</sat></trkpt>
  <trkpt lat="38.40103909" lon="42.10854699"><ele>1521.209</ele><time>2026-09-15T06:32:55Z</time><speed>0.000</speed><sat>8</sat></trkpt>
  <trkpt lat="38.40103919" lon="42.10854693"><ele>1521.199</ele><time>2026-09-15T06:32:56Z</time><speed>0.000</speed><sat>9</sat></trkpt>
  <trkpt lat="38.40103925" lon="42.10854686"><ele>1521.194</ele><time>2026-09-15T06:32:57Z</time><speed>0.000</speed><sat>10</sat></trkpt>
  <trkpt lat="38.40103925" lon="42.10854680"><ele>1521.190</ele><time>2026-09-15T06:32:58Z</time><speed>0.000</speed><sat>11</sat></trkpt>
  <trkpt lat="38.40103923" lon="42.10854669"><ele>1521.191</ele><time>2026-09-15T06:32:59Z</time><speed>0.000</speed><sat>10</sat></trkpt>
  <trkpt lat="38.40103923" lon="42.10854662"><ele>1521.189</ele><time>2026-09-15T06:33:00Z</time><speed>0.000</speed><sat>11</sat></trkpt>
  <trkpt lat="38.40103923" lon="42.10854658"><ele>1521.188</ele><time>2026-09-15T06:33:01Z</time><speed>0.000</speed><sat>11</sat></trkpt>
  <trkpt lat="38.40103923" lon="42.10854656"><ele>1521.188</ele><time>2026-09-15T06:33:02Z</time><speed>0.000</speed><sat>13</sat></trkpt>
  <trkpt lat="38.40103923" lon="42.10854655"><ele>1521.187</ele><time>2026-09-15T06:33:03Z</time><speed>0.000</speed><sat>14</sat></trkpt>
  <trkpt lat="38.40103924" lon="42.10854654"><ele>1521.185</ele><time>2026-09-15T06:33:04Z</time><speed>0.000</speed><sat>13</sat></trkpt>
  <trkpt lat="38.40103863" lon="42.10854485"><ele>1521.013</ele><time>2026-09-15T06:33:05Z</time><speed>0.000</speed><sat>12</sat></trkpt>
  <trkpt lat="38.40103745" lon="42.10854259"><ele>1521.038</ele><time>2026-09-15T06:33:06Z</time><speed>0.000</speed><sat>12</sat></trkpt>
  <trkpt lat="38.40103685" lon="42.10854146"><ele>1521.035</ele><time>2026-09-15T06:33:07Z</time><speed>0.000</speed><sat>11</sat></trkpt>
  <trkpt lat="38.40103653" lon="42.10854089"><ele>1521.034</ele><time>2026-09-15T06:33:08Z</time><speed>0.000</speed><sat>11</sat></trkpt>
  <trkpt lat="38.40103636" lon="42.10854060"><ele>1521.035</ele><time>2026-09-15T06:33:09Z</time><speed>0.000</speed><sat>12</sat></trkpt>
  <trkpt lat="38.40103627" lon="42.10854045"><ele>1521.035</ele><time>2026-09-15T06:33:10Z</time><speed>0.000</speed><sat>12</sat></trkpt>
  <trkpt lat="38.40103623" lon="42.10854037"><ele>1521.034</ele><time>2026-09-15T06:33:11Z</time><speed>0.000</speed><sat>13</sat></trkpt>
  <trkpt lat="38.40103622" lon="42.10854031"><ele>1521.030</ele><time>2026-09-15T06:33:12Z</time><speed>0.000</speed><sat>12</sat></trkpt>
  <trkpt lat="38.40103622" lon="42.10854029"><ele>1521.031</ele><time>2026-09-15T06:33:13Z</time><speed>0.000</speed><sat>13</sat></trkpt>
  <trkpt lat="38.40103621" lon="42.10854028"><ele>1521.030</ele><time>2026-09-15T06:33:14Z</time><speed>0.000</speed><sat>13</sat></trkpt>
  <trkpt lat="38.40103620" lon="42.10854028"><ele>1521.031</ele><time>2026-09-15T06:33:15Z</time><speed>0.000</speed><sat>10</sat></trkpt>
  <trkpt lat="38.40103620" lon="42.10854027"><ele>1521.029</ele><time>2026-09-15T06:33:16Z</time><speed>0.000</speed><sat>8</sat></trkpt>
  <trkpt lat="38.40103619" lon="42.10854025"><ele>1521.026</ele><time>2026-09-15T06:33:17Z</time><speed>0.000</speed><sat>7</sat></trkpt>
  <trkpt lat="38.40101416" lon="42.10833619"><ele>1494.347</ele><time>2026-09-15T06:33:18Z</time><speed>2.660</speed><sat>7</sat></trkpt>
  <trkpt lat="38.40102146" lon="42.10834674"><ele>1494.303</ele><time>2026-09-15T06:33:19Z</time><speed>2.510</speed><sat>8</sat></trkpt>
  <trkpt lat="38.40103876" lon="42.10836514"><ele>1495.343</ele><time>2026-09-15T06:33:20Z</time><speed>0.000</speed><sat>8</sat></trkpt>
  <trkpt lat="38.40104083" lon="42.10836734"><ele>1495.290</ele><time>2026-09-15T06:33:21Z</time><speed>0.000</speed><sat>7</sat></trkpt>
  <trkpt lat="38.40103749" lon="42.10840098"><ele>1494.623</ele><time>2026-09-15T06:33:22Z</time><speed>0.000</speed><sat>7</sat></trkpt>
  <trkpt lat="38.40104273" lon="42.10841694"><ele>1495.213</ele><time>2026-09-15T06:33:23Z</time><speed>0.000</speed><sat>8</sat></trkpt>
  <trkpt lat="38.40105777" lon="42.10841576"><ele>1495.930</ele><time>2026-09-15T06:33:24Z</time><speed>0.000</speed><sat>8</sat></trkpt>
  <trkpt lat="38.40106459" lon="42.10841124"><ele>1496.337</ele><time>2026-09-15T06:33:25Z</time><speed>0.000</speed><sat>9</sat></trkpt>
  <trkpt lat="38.40106163" lon="42.10840351"><ele>1497.880</ele><time>2026-09-15T06:33:26Z</time><speed>0.000</speed><sat>9</sat></trkpt>
  <trkpt lat="38.40107835" lon="42.10840790"><ele>1497.588</ele><time>2026-09-15T06:33:27Z</time><speed>0.000</speed><sat>8</sat></trkpt>
  <trkpt lat="38.40107719" lon="42.10840038"><ele>1496.975</ele><time>2026-09-15T06:33:28Z</time><speed>0.000</speed><sat>9</sat></trkpt>
  <trkpt lat="38.40107803" lon="42.10840719"><ele>1497.117</ele><time>2026-09-15T06:33:29Z</time><speed>0.000</speed><sat>10</sat></trkpt>
  <trkpt lat="38.40107988" lon="42.10841623"><ele>1497.728</ele><time>2026-09-15T06:33:30Z</time><speed>0.000</speed><sat>10</sat></trkpt>
  <trkpt lat="38.40107299" lon="42.10840453"><ele>1497.862</ele><time>2026-09-15T06:33:31Z</time><speed>0.000</speed><sat>12</sat></trkpt>
  <trkpt lat="38.40107782" lon="42.10841121"><ele>1498.070</ele><time>2026-09-15T06:33:32Z</time><speed>0.000</speed><sat>12</sat></trkpt>
  <trkpt lat="38.40108619" lon="42.10841666"><ele>1498.064</ele><time>2026-09-15T06:33:33Z</time><speed>0.000</speed><sat>14</sat></trkpt>
  <trkpt lat="38.40108429" lon="42.10841864"><ele>1498.383</ele><time>2026-09-15T06:33:34Z</time><speed>0.000</speed><sat>13</sat></trkpt>
  <trkpt lat="38.40109572" lon="42.10842014"><ele>1498.074</ele><time>2026-09-15T06:33:35Z</time><speed>0.000</speed><sat>13</sat></trkpt>
  <trkpt lat="38.40109410" lon="42.10841449"><ele>1498.767</ele><time>2026-09-15T06:33:36Z</time><speed>0.000</speed><sat>14</sat></trkpt>
  <trkpt lat="38.40109018" lon="42.10841616"><ele>1499.143</ele><time>2026-09-15T06:33:37Z</time><speed>0.000</speed><sat>14</sat></trkpt>
  <trkpt lat="38.40108608" lon="42.10841442"><ele>1498.876</ele><time>2026-09-15T06:33:38Z</time><speed>0.000</speed><sat>14</sat></trkpt>
  <trkpt lat="38.40108873" lon="42.10841502"><ele>1499.145</ele><time>2026-09-15T06:33:39Z</time><speed>0.000</speed><sat>13</sat></trkpt>
  <trkpt lat="38.40108986" lon="42.10841477"><ele>1499.194</ele><time>2026-09-15T06:33:40Z</time><speed>0.000</speed><sat>12</sat></trkpt>
  <trkpt lat="38.40109713" lon="42.10841757"><ele>1498.189</ele><time>2026-09-15T06:33:41Z</time><speed>0.000</speed><sat>13</sat></trkpt>
  <trkpt lat="38.40110379" lon="42.10842165"><ele>1497.335</ele><time>2026-09-15T06:33:42Z</time><speed>0.000</speed><sat>12</sat></trkpt>
  <trkpt lat="38.40110741" lon="42.10842168"><ele>1497.516</ele><time>2026-09-15T06:33:43Z</time><speed>0.000</speed><sat>11</sat></trkpt>
  <trkpt lat="38.40110771" lon="42.10842248"><ele>1497.091</ele><time>2026-09-15T06:33:44Z</time><speed>0.000</speed><sat>12</sat></trkpt>
  <trkpt lat="38.40111541" lon="42.10842477"><ele>1496.490</ele><time>2026-09-15T06:33:45Z</time><speed>0.000</speed><sat>13</sat></trkpt>
  <trkpt lat="38.40111609" lon="42.10842419"><ele>1496.677</ele><time>2026-09-15T06:33:46Z</time><speed>0.000</speed><sat>13</sat></trkpt>
  <trkpt lat="38.40110631" lon="42.10842259"><ele>1496.896</ele><time>2026-09-15T06:33:47Z</time><speed>0.000</speed><sat>14</sat></trkpt>
  <trkpt lat="38.40110795" lon="42.10842443"><ele>1496.729</ele><time>2026-09-15T06:33:48Z</time><speed>0.000</speed><sat>14</sat></trkpt>
  <trkpt lat="38.40110852" lon="42.10842462"><ele>1496.688</ele><time>2026-09-15T06:33:49Z</time><speed>0.000</speed><sat>15</sat></trkpt>
  <trkpt lat="38.40110747" lon="42.10842460"><ele>1496.847</ele><time>2026-09-15T06:33:50Z</time><speed>0.000</speed><sat>15</sat></trkpt>
  <trkpt lat="38.40110564" lon="42.10842530"><ele>1497.173</ele><time>2026-09-15T06:33:51Z</time><speed>0.000</speed><sat>15</sat></trkpt>
  <trkpt lat="38.40110536" lon="42.10842634"><ele>1497.512</ele><time>2026-09-15T06:33:52Z</time><speed>0.000</speed><sat>15</sat></trkpt>
  <trkpt lat="38.40110488" lon="42.10842643"><ele>1497.553</ele><time>2026-09-15T06:33:53Z</time><speed>0.000</speed><sat>15</sat></trkpt>
  <trkpt lat="38.40110529" lon="42.10842595"><ele>1497.384</ele><time>2026-09-15T06:33:54Z</time><speed>0.000</speed><sat>14</sat></trkpt>
  <trkpt lat="38.40110707" lon="42.10842683"><ele>1497.273</ele><time>2026-09-15T06:33:55Z</time><speed>0.000</speed><sat>15</sat></trkpt>
  <trkpt lat="38.40110769" lon="42.10842706"><ele>1497.260</ele><time>2026-09-15T06:33:56Z</time><speed>0.000</speed><sat>16</sat></trkpt>
  <trkpt lat="38.40110835" lon="42.10842870"><ele>1497.498</ele><time>2026-09-15T06:33:57Z</time><speed>0.000</speed><sat>15</sat></trkpt>
  <trkpt lat="38.40111012" lon="42.10843177"><ele>1497.712</ele><time>2026-09-15T06:33:58Z</time><speed>0.000</speed><sat>15</sat></trkpt>
  <trkpt lat="38.40111017" lon="42.10843180"><ele>1497.658</ele><time>2026-09-15T06:33:59Z</time><speed>0.000</speed><sat>18</sat></trkpt>
  <trkpt lat="38.40110950" lon="42.10843269"><ele>1497.988</ele><time>2026-09-15T06:34:00Z</time><speed>0.000</speed><sat>16</sat></trkpt>
  <trkpt lat="38.40110868" lon="42.10843464"><ele>1498.539</ele><time>2026-09-15T06:34:01Z</time><speed>0.000</speed><sat>16</sat></trkpt>
  <trkpt lat="38.40110877" lon="42.10843551"><ele>1498.890</ele><time>2026-09-15T06:34:02Z</time><speed>0.000</speed><sat>15</sat></trkpt>
  <trkpt lat="38.40110714" lon="42.10843630"><ele>1499.178</ele><time>2026-09-15T06:34:03Z</time><speed>0.000</speed><sat>17</sat></trkpt>
  <trkpt lat="38.40110626" lon="42.10843546"><ele>1498.889</ele><time>2026-09-15T06:34:04Z</time><speed>0.000</speed><sat>17</sat></trkpt>
  <trkpt lat="38.40110664" lon="42.10843503"><ele>1498.775</ele><time>2026-09-15T06:34:05Z</time><speed>0.000</speed><sat>16</sat></trkpt>
  <trkpt lat="38.40110662" lon="42.10843491"><ele>1498.735</ele><time>2026-09-15T06:34:06Z</time><speed>0.000</speed><sat>16</sat></trkpt>
  <trkpt lat="38.40110459" lon="42.10843519"><ele>1498.813</ele><time>2026-09-15T06:34:07Z</time><speed>0.000</speed><sat>16</sat></trkpt>
  <trkpt lat="38.40110108" lon="42.10843398"><ele>1498.634</ele><time>2026-09-15T06:34:08Z</time><speed>0.000</speed><sat>16</sat></trkpt>
  <trkpt lat="38.40110109" lon="42.10843416"><ele>1498.630</ele><time>2026-09-15T06:34:09Z</time><speed>0.000</speed><sat>15</sat></trkpt>
  <trkpt lat="38.40110125" lon="42.10843424"><ele>1498.599</ele><time>2026-09-15T06:34:10Z</time><speed>0.000</speed><sat>15</sat></trkpt>
  <trkpt lat="38.40109964" lon="42.10843487"><ele>1498.795</ele><time>2026-09-15T06:34:11Z</time><speed>0.000</speed><sat>15</sat></trkpt>
  <trkpt lat="38.40109962" lon="42.10843483"><ele>1498.787</ele><time>2026-09-15T06:34:12Z</time><speed>0.000</speed><sat>13</sat></trkpt>
  <trkpt lat="38.40109962" lon="42.10843483"><ele>1498.787</ele><time>2026-09-15T06:34:13Z</time><speed>0.000</speed><sat>13</sat></trkpt>
  <trkpt lat="38.40109986" lon="42.10843508"><ele>1498.786</ele><time>2026-09-15T06:34:14Z</time><speed>0.000</speed><sat>13</sat></trkpt>
  <trkpt lat="38.40109984" lon="42.10843504"><ele>1498.785</ele><time>2026-09-15T06:34:15Z</time><speed>0.000</speed><sat>13</sat></trkpt>
  <trkpt lat="38.40109975" lon="42.10843505"><ele>1498.800</ele><time>2026-09-15T06:34:16Z</time><speed>0.000</speed><sat>10</sat></trkpt>
  <trkpt lat="38.40109981" lon="42.10843514"><ele>1498.822</ele><time>2026-09-15T06:34:17Z</time><speed>0.000</speed><sat>8</sat></trkpt>
  <trkpt lat="38.40109977" lon="42.10843512"><ele>1498.831</ele><time>2026-09-15T06:34:18Z</time><speed>0.000</speed><sat>7</sat></trkpt>
  <trkpt lat="38.40109969" lon="42.10843508"><ele>1498.830</ele><time>2026-09-15T06:34:19Z</time><speed>0.000</speed><sat>7</sat></trkpt>
  <trkpt lat="38.40109967" lon="42.10843506"><ele>1498.832</ele><time>2026-09-15T06:34:20Z</time><speed>0.000</speed><sat>8</sat></trkpt>
  <trkpt lat="38.40109966" lon="42.10843506"><ele>1498.836</ele><time>2026-09-15T06:34:21Z</time><speed>0.000</speed><sat>8</sat></trkpt>
  <trkpt lat="38.40109964" lon="42.10843501"><ele>1498.836</ele><time>2026-09-15T06:34:22Z</time><speed>0.000</speed><sat>8</sat></trkpt>
  <trkpt lat="38.40109964" lon="42.10843504"><ele>1498.837</ele><time>2026-09-15T06:34:23Z</time><speed>0.000</speed><sat>9</sat></trkpt>
  <trkpt lat="38.40109970" lon="42.10843514"><ele>1498.840</ele><time>2026-09-15T06:34:24Z</time><speed>0.000</speed><sat>9</sat></trkpt>
  <trkpt lat="38.40109888" lon="42.10843538"><ele>1498.906</ele><time>2026-09-15T06:34:25Z</time><speed>0.000</speed><sat>9</sat></trkpt>
  <trkpt lat="38.40109875" lon="42.10843544"><ele>1498.928</ele><time>2026-09-15T06:34:26Z</time><speed>0.000</speed><sat>10</sat></trkpt>
  <trkpt lat="38.40109876" lon="42.10843550"><ele>1498.940</ele><time>2026-09-15T06:34:27Z</time><speed>0.000</speed><sat>10</sat></trkpt>
  <trkpt lat="38.40109860" lon="42.10843547"><ele>1498.954</ele><time>2026-09-15T06:34:28Z</time><speed>0.000</speed><sat>10</sat></trkpt>
  <trkpt lat="38.40109856" lon="42.10843540"><ele>1498.980</ele><time>2026-09-15T06:34:29Z</time><speed>0.000</speed><sat>9</sat></trkpt>
  <trkpt lat="38.40109860" lon="42.10843549"><ele>1498.982</ele><time>2026-09-15T06:34:30Z</time><speed>0.000</speed><sat>10</sat></trkpt>
  <trkpt lat="38.40109865" lon="42.10843549"><ele>1498.971</ele><time>2026-09-15T06:34:31Z</time><speed>0.000</speed><sat>10</sat></trkpt>
  <trkpt lat="38.40109857" lon="42.10843552"><ele>1498.961</ele><time>2026-09-15T06:34:32Z</time><speed>0.000</speed><sat>9</sat></trkpt>
  <trkpt lat="38.40109863" lon="42.10843559"><ele>1498.940</ele><time>2026-09-15T06:34:33Z</time><speed>0.000</speed><sat>9</sat></trkpt>
  <trkpt lat="38.40109870" lon="42.10843561"><ele>1498.899</ele><time>2026-09-15T06:34:34Z</time><speed>0.000</speed><sat>9</sat></trkpt>
  <trkpt lat="38.40109866" lon="42.10843561"><ele>1498.923</ele><time>2026-09-15T06:34:35Z</time><speed>0.000</speed><sat>10</sat></trkpt>
  <trkpt lat="38.40109861" lon="42.10843568"><ele>1498.939</ele><time>2026-09-15T06:34:36Z</time><speed>0.000</speed><sat>10</sat></trkpt>
  <trkpt lat="38.40109868" lon="42.10843568"><ele>1498.932</ele><time>2026-09-15T06:34:37Z</time><speed>0.000</speed><sat>10</sat></trkpt>
  <trkpt lat="38.40109836" lon="42.10843583"><ele>1498.739</ele><time>2026-09-15T06:34:38Z</time><speed>0.000</speed><sat>10</sat></trkpt>
  <trkpt lat="38.40109610" lon="42.10843682"><ele>1499.017</ele><time>2026-09-15T06:34:39Z</time><speed>0.000</speed><sat>12</sat></trkpt>
  <trkpt lat="38.40109598" lon="42.10843656"><ele>1499.586</ele><time>2026-09-15T06:34:40Z</time><speed>0.000</speed><sat>12</sat></trkpt>
  <trkpt lat="38.40109435" lon="42.10843642"><ele>1499.730</ele><time>2026-09-15T06:34:41Z</time><speed>0.000</speed><sat>12</sat></trkpt>
  <trkpt lat="38.40109430" lon="42.10843708"><ele>1498.530</ele><time>2026-09-15T06:34:42Z</time><speed>0.000</speed><sat>13</sat></trkpt>
  <trkpt lat="38.40109429" lon="42.10843712"><ele>1498.520</ele><time>2026-09-15T06:34:43Z</time><speed>0.000</speed><sat>13</sat></trkpt>
  <trkpt lat="38.40109411" lon="42.10843726"><ele>1498.502</ele><time>2026-09-15T06:34:44Z</time><speed>0.000</speed><sat>13</sat></trkpt>
  <trkpt lat="38.40109278" lon="42.10843789"><ele>1499.215</ele><time>2026-09-15T06:34:45Z</time><speed>0.000</speed><sat>13</sat></trkpt>
  <trkpt lat="38.40109214" lon="42.10843811"><ele>1498.939</ele><time>2026-09-15T06:34:46Z</time><speed>0.000</speed><sat>16</sat></trkpt>
  <trkpt lat="38.40108973" lon="42.10844011"><ele>1498.177</ele><time>2026-09-15T06:34:47Z</time><speed>0.000</speed><sat>16</sat></trkpt>
  <trkpt lat="38.40108966" lon="42.10844040"><ele>1498.163</ele><time>2026-09-15T06:34:48Z</time><speed>0.000</speed><sat>15</sat></trkpt>
  <trkpt lat="38.40108962" lon="42.10844065"><ele>1498.185</ele><time>2026-09-15T06:34:49Z</time><speed>0.000</speed><sat>17</sat></trkpt>
  <trkpt lat="38.40108870" lon="42.10844134"><ele>1498.313</ele><time>2026-09-15T06:34:50Z</time><speed>0.000</speed><sat>17</sat></trkpt>
  <trkpt lat="38.40108899" lon="42.10844140"><ele>1498.362</ele><time>2026-09-15T06:34:51Z</time><speed>0.000</speed><sat>18</sat></trkpt>
  <trkpt lat="38.40108864" lon="42.10844146"><ele>1498.336</ele><time>2026-09-15T06:34:52Z</time><speed>0.000</speed><sat>17</sat></trkpt>
  <trkpt lat="38.40108783" lon="42.10844130"><ele>1498.359</ele><time>2026-09-15T06:34:53Z</time><speed>0.000</speed><sat>18</sat></trkpt>
  <trkpt lat="38.40108611" lon="42.10844163"><ele>1498.432</ele><time>2026-09-15T06:34:54Z</time><speed>0.000</speed><sat>18</sat></trkpt>
  <trkpt lat="38.40108330" lon="42.10844293"><ele>1498.746</ele><time>2026-09-15T06:34:55Z</time><speed>0.000</speed><sat>18</sat></trkpt>
  <trkpt lat="38.40108286" lon="42.10844328"><ele>1498.765</ele><time>2026-09-15T06:34:56Z</time><speed>0.000</speed><sat>18</sat></trkpt>
  <trkpt lat="38.40108169" lon="42.10844404"><ele>1498.880</ele><time>2026-09-15T06:34:57Z</time><speed>0.000</speed><sat>16</sat></trkpt>
  <trkpt lat="38.40108034" lon="42.10844487"><ele>1498.979</ele><time>2026-09-15T06:34:58Z</time><speed>0.000</speed><sat>17</sat></trkpt>
  <trkpt lat="38.40107887" lon="42.10844564"><ele>1499.189</ele><time>2026-09-15T06:34:59Z</time><speed>0.000</speed><sat>18</sat></trkpt>
  <trkpt lat="38.40107667" lon="42.10844633"><ele>1499.717</ele><time>2026-09-15T06:35:00Z</time><speed>0.000</speed><sat>18</sat></trkpt>
  <trkpt lat="38.40107424" lon="42.10844671"><ele>1499.319</ele><time>2026-09-15T06:35:01Z</time><speed>0.000</speed><sat>20</sat></trkpt>
  <trkpt lat="38.40107372" lon="42.10844679"><ele>1499.395</ele><time>2026-09-15T06:35:02Z</time><speed>0.000</speed><sat>20</sat></trkpt>
  <trkpt lat="38.40107293" lon="42.10844704"><ele>1499.821</ele><time>2026-09-15T06:35:03Z</time><speed>0.000</speed><sat>20</sat></trkpt>
  <trkpt lat="38.40107278" lon="42.10844709"><ele>1499.845</ele><time>2026-09-15T06:35:04Z</time><speed>0.000</speed><sat>22</sat></trkpt>
  <trkpt lat="38.40107277" lon="42.10844751"><ele>1500.150</ele><time>2026-09-15T06:35:05Z</time><speed>0.000</speed><sat>21</sat></trkpt>
  <trkpt lat="38.40107261" lon="42.10844750"><ele>1500.171</ele><time>2026-09-15T06:35:06Z</time><speed>0.000</speed><sat>22</sat></trkpt>
  <trkpt lat="38.40107259" lon="42.10844757"><ele>1500.172</ele><time>2026-09-15T06:35:07Z</time><speed>0.000</speed><sat>22</sat></trkpt>
  <trkpt lat="38.40107259" lon="42.10844758"><ele>1500.221</ele><time>2026-09-15T06:35:08Z</time><speed>0.000</speed><sat>22</sat></trkpt>
  <trkpt lat="38.40107275" lon="42.10844761"><ele>1500.297</ele><time>2026-09-15T06:35:09Z</time><speed>0.000</speed><sat>21</sat></trkpt>
  <trkpt lat="38.40107264" lon="42.10844761"><ele>1500.267</ele><time>2026-09-15T06:35:10Z</time><speed>0.000</speed><sat>18</sat></trkpt>
  <trkpt lat="38.40107264" lon="42.10844762"><ele>1500.288</ele><time>2026-09-15T06:35:11Z</time><speed>0.000</speed><sat>17</sat></trkpt>
  <trkpt lat="38.40107271" lon="42.10844773"><ele>1500.298</ele><time>2026-09-15T06:35:12Z</time><speed>0.000</speed><sat>15</sat></trkpt>
  <trkpt lat="38.40107213" lon="42.10844709"><ele>1499.990</ele><time>2026-09-15T06:35:13Z</time><speed>0.000</speed><sat>14</sat></trkpt>
  <trkpt lat="38.40106697" lon="42.10844796"><ele>1501.943</ele><time>2026-09-15T06:35:14Z</time><speed>0.000</speed><sat>21</sat></trkpt>
  <trkpt lat="38.40106812" lon="42.10845048"><ele>1503.662</ele><time>2026-09-15T06:35:15Z</time><speed>0.000</speed><sat>21</sat></trkpt>
  <trkpt lat="38.40106190" lon="42.10844836"><ele>1503.503</ele><time>2026-09-15T06:35:16Z</time><speed>0.000</speed><sat>24</sat></trkpt>
  <trkpt lat="38.40106150" lon="42.10844853"><ele>1504.327</ele><time>2026-09-15T06:35:17Z</time><speed>0.000</speed><sat>25</sat></trkpt>
  <trkpt lat="38.40105976" lon="42.10844899"><ele>1504.841</ele><time>2026-09-15T06:35:18Z</time><speed>0.000</speed><sat>25</sat></trkpt>
  <trkpt lat="38.40105693" lon="42.10844984"><ele>1506.196</ele><time>2026-09-15T06:35:19Z</time><speed>0.000</speed><sat>27</sat></trkpt>
  <trkpt lat="38.40104225" lon="42.10848995"><ele>1512.548</ele><time>2026-09-15T06:35:20Z</time><speed>1.230</speed><sat>27</sat></trkpt>
  <trkpt lat="38.40102274" lon="42.10849484"><ele>1515.405</ele><time>2026-09-15T06:35:21Z</time><speed>0.000</speed><sat>27</sat></trkpt>
  <trkpt lat="38.40102569" lon="42.10849497"><ele>1514.866</ele><time>2026-09-15T06:35:22Z</time><speed>0.210</speed><sat>26</sat></trkpt>
  <trkpt lat="38.40102352" lon="42.10849471"><ele>1516.491</ele><time>2026-09-15T06:35:23Z</time><speed>0.000</speed><sat>27</sat></trkpt>
  <trkpt lat="38.40101978" lon="42.10849452"><ele>1517.262</ele><time>2026-09-15T06:35:24Z</time><speed>0.000</speed><sat>27</sat></trkpt>
  <trkpt lat="38.40101427" lon="42.10849661"><ele>1517.282</ele><time>2026-09-15T06:35:25Z</time><speed>0.000</speed><sat>28</sat></trkpt>
  <trkpt lat="38.40101229" lon="42.10849788"><ele>1517.701</ele><time>2026-09-15T06:35:26Z</time><speed>0.000</speed><sat>28</sat></trkpt>
 </trkseg>
</trk>

</gpx>
 