<?xml version="1.0" encoding="UTF-8"?>
<!-- Created with BasicAirData GPS Logger for Android - ver. 3.3.0 -->
<!-- Track 77 = 2098 TrackPoints + 0 Placemarks -->

<!-- Track Statistics (based on Total Time | Time in Movement): -->
<!--  Distance = 24.5 km -->
<!--  Duration = 51:01 | 36:18 -->
<!--  Altitude Gap = -18 m -->
<!--  Max Speed = 83 km/h -->
<!--  Avg Speed = 28.9 | 40.5 km/h -->
<!--  Direction = W -->
<!--  Activity = car -->
<!--  Altitudes = Raw -->

<gpx version="1.0"
     creator="BasicAirData GPS Logger 3.3.0"
     xmlns="http://www.topografix.com/GPX/1/0"
     xmlns:xsi="http://www.w3.org/2001/XMLSchema-instance"
     xsi:schemaLocation="http://www.topografix.com/GPX/1/0 http://www.topografix.com/GPX/1/0/gpx.xsd">
<name>GPS Logger 20261006-200917</name>
<time>2026-10-08T21:50:13Z</time>
<keywords>car</keywords>
<bounds minlat="40.96216209" minlon="28.82429365" maxlat="41.00106242" maxlon="29.07259866" />

<trk>
 <name>Track 20261006-200917</name>
 <trkseg>
  <trkpt lat="40.97529721" lon="29.07259866"><ele>72.544</ele><time>2026-10-06T17:09:17Z</time><speed>17.760</speed><sat>25</sat></trkpt>
  <trkpt lat="40.97539977" lon="29.07244010"><ele>75.678</ele><time>2026-10-06T17:09:18Z</time><speed>17.920</speed><sat>28</sat></trkpt>
  <trkpt lat="40.97551208" lon="29.07227623"><ele>76.540</ele><time>2026-10-06T17:09:19Z</time><speed>18.120</speed><sat>30</sat></trkpt>
  <trkpt lat="40.97562692" lon="29.07209607"><ele>76.205</ele><time>2026-10-06T17:09:20Z</time><speed>18.910</speed><sat>29</sat></trkpt>
  <trkpt lat="40.97575530" lon="29.07192543"><ele>76.989</ele><time>2026-10-06T17:09:21Z</time><speed>19.340</speed><sat>29</sat></trkpt>
  <trkpt lat="40.97587747" lon="29.07176315"><ele>77.711</ele><time>2026-10-06T17:09:22Z</time><speed>19.150</speed><sat>29</sat></trkpt>
  <trkpt lat="40.97600098" lon="29.07158035"><ele>77.611</ele><time>2026-10-06T17:09:23Z</time><speed>19.970</speed><sat>29</sat></trkpt>
  <trkpt lat="40.97612435" lon="29.07139153"><ele>77.422</ele><time>2026-10-06T17:09:24Z</time><speed>20.610</speed><sat>28</sat></trkpt>
  <trkpt lat="40.97624540" lon="29.07121105"><ele>77.169</ele><time>2026-10-06T17:09:25Z</time><speed>20.150</speed><sat>26</sat></trkpt>
  <trkpt lat="40.97637146" lon="29.07102085"><ele>78.053</ele><time>2026-10-06T17:09:26Z</time><speed>20.370</speed><sat>26</sat></trkpt>
  <trkpt lat="40.97649620" lon="29.07084182"><ele>77.245</ele><time>2026-10-06T17:09:27Z</time><speed>20.320</speed><sat>27</sat></trkpt>
  <trkpt lat="40.97662016" lon="29.07065155"><ele>76.597</ele><time>2026-10-06T17:09:28Z</time><speed>20.440</speed><sat>26</sat></trkpt>
  <trkpt lat="40.97674592" lon="29.07046737"><ele>78.466</ele><time>2026-10-06T17:09:29Z</time><speed>20.830</speed><sat>27</sat></trkpt>
  <trkpt lat="40.97686424" lon="29.07027656"><ele>78.216</ele><time>2026-10-06T17:09:30Z</time><speed>20.360</speed><sat>27</sat></trkpt>
  <trkpt lat="40.97700433" lon="29.07009279"><ele>77.606</ele><time>2026-10-06T17:09:31Z</time><speed>20.910</speed><sat>28</sat></trkpt>
  <trkpt lat="40.97712106" lon="29.06991387"><ele>77.518</ele><time>2026-10-06T17:09:32Z</time><speed>20.080</speed><sat>27</sat></trkpt>
  <trkpt lat="40.97724498" lon="29.06973284"><ele>77.306</ele><time>2026-10-06T17:09:33Z</time><speed>20.220</speed><sat>28</sat></trkpt>
  <trkpt lat="40.97737173" lon="29.06954083"><ele>77.265</ele><time>2026-10-06T17:09:34Z</time><speed>20.700</speed><sat>27</sat></trkpt>
  <trkpt lat="40.97748815" lon="29.06937213"><ele>78.155</ele><time>2026-10-06T17:09:35Z</time><speed>20.030</speed><sat>27</sat></trkpt>
  <trkpt lat="40.97761361" lon="29.06918779"><ele>77.838</ele><time>2026-10-06T17:09:36Z</time><speed>20.810</speed><sat>28</sat></trkpt>
  <trkpt lat="40.97774191" lon="29.06901316"><ele>77.907</ele><time>2026-10-06T17:09:37Z</time><speed>20.010</speed><sat>24</sat></trkpt>
  <trkpt lat="40.97785189" lon="29.06882688"><ele>78.376</ele><time>2026-10-06T17:09:38Z</time><speed>20.180</speed><sat>24</sat></trkpt>
  <trkpt lat="40.97797867" lon="29.06865960"><ele>78.660</ele><time>2026-10-06T17:09:39Z</time><speed>19.870</speed><sat>21</sat></trkpt>
  <trkpt lat="40.97809886" lon="29.06847330"><ele>78.311</ele><time>2026-10-06T17:09:40Z</time><speed>19.970</speed><sat>21</sat></trkpt>
  <trkpt lat="40.97818901" lon="29.06832178"><ele>77.342</ele><time>2026-10-06T17:09:41Z</time><speed>17.580</speed><sat>20</sat></trkpt>
  <trkpt lat="40.97829617" lon="29.06815662"><ele>76.547</ele><time>2026-10-06T17:09:42Z</time><speed>18.210</speed><sat>21</sat></trkpt>
  <trkpt lat="40.97841855" lon="29.06802497"><ele>77.677</ele><time>2026-10-06T17:09:43Z</time><speed>17.800</speed><sat>23</sat></trkpt>
  <trkpt lat="40.97852695" lon="29.06787122"><ele>74.514</ele><time>2026-10-06T17:09:44Z</time><speed>16.570</speed><sat>24</sat></trkpt>
  <trkpt lat="40.97861875" lon="29.06772550"><ele>74.504</ele><time>2026-10-06T17:09:45Z</time><speed>16.520</speed><sat>23</sat></trkpt>
  <trkpt lat="40.97870417" lon="29.06758760"><ele>74.113</ele><time>2026-10-06T17:09:46Z</time><speed>16.420</speed><sat>23</sat></trkpt>
  <trkpt lat="40.97879078" lon="29.06742295"><ele>74.125</ele><time>2026-10-06T17:09:47Z</time><speed>16.880</speed><sat>23</sat></trkpt>
  <trkpt lat="40.97887700" lon="29.06725876"><ele>73.758</ele><time>2026-10-06T17:09:48Z</time><speed>16.890</speed><sat>24</sat></trkpt>
  <trkpt lat="40.97895198" lon="29.06709269"><ele>73.758</ele><time>2026-10-06T17:09:49Z</time><speed>16.690</speed><sat>24</sat></trkpt>
  <trkpt lat="40.97901852" lon="29.06693057"><ele>71.956</ele><time>2026-10-06T17:09:50Z</time><speed>16.590</speed><sat>23</sat></trkpt>
  <trkpt lat="40.97909602" lon="29.06676414"><ele>71.472</ele><time>2026-10-06T17:09:51Z</time><speed>16.560</speed><sat>23</sat></trkpt>
  <trkpt lat="40.97917223" lon="29.06659416"><ele>71.515</ele><time>2026-10-06T17:09:52Z</time><speed>16.590</speed><sat>22</sat></trkpt>
  <trkpt lat="40.97924563" lon="29.06643100"><ele>71.542</ele><time>2026-10-06T17:09:53Z</time><speed>16.280</speed><sat>20</sat></trkpt>
  <trkpt lat="40.97928981" lon="29.06622310"><ele>71.013</ele><time>2026-10-06T17:09:54Z</time><speed>16.450</speed><sat>19</sat></trkpt>
  <trkpt lat="40.97933280" lon="29.06604054"><ele>72.273</ele><time>2026-10-06T17:09:55Z</time><speed>16.290</speed><sat>18</sat></trkpt>
  <trkpt lat="40.97938172" lon="29.06583017"><ele>71.082</ele><time>2026-10-06T17:09:56Z</time><speed>16.720</speed><sat>18</sat></trkpt>
  <trkpt lat="40.97940086" lon="29.06563860"><ele>71.813</ele><time>2026-10-06T17:09:57Z</time><speed>16.640</speed><sat>18</sat></trkpt>
  <trkpt lat="40.97941643" lon="29.06545475"><ele>71.637</ele><time>2026-10-06T17:09:58Z</time><speed>16.420</speed><sat>22</sat></trkpt>
  <trkpt lat="40.97944793" lon="29.06526187"><ele>74.227</ele><time>2026-10-06T17:09:59Z</time><speed>16.300</speed><sat>25</sat></trkpt>
  <trkpt lat="40.97945230" lon="29.06506092"><ele>73.978</ele><time>2026-10-06T17:10:00Z</time><speed>16.170</speed><sat>26</sat></trkpt>
  <trkpt lat="40.97946581" lon="29.06487512"><ele>71.914</ele><time>2026-10-06T17:10:01Z</time><speed>16.280</speed><sat>28</sat></trkpt>
  <trkpt lat="40.97947065" lon="29.06469086"><ele>73.944</ele><time>2026-10-06T17:10:02Z</time><speed>16.150</speed><sat>30</sat></trkpt>
  <trkpt lat="40.97946857" lon="29.06452345"><ele>75.610</ele><time>2026-10-06T17:10:03Z</time><speed>15.120</speed><sat>30</sat></trkpt>
  <trkpt lat="40.97944974" lon="29.06435169"><ele>74.809</ele><time>2026-10-06T17:10:04Z</time><speed>14.550</speed><sat>28</sat></trkpt>
  <trkpt lat="40.97943419" lon="29.06418259"><ele>75.290</ele><time>2026-10-06T17:10:05Z</time><speed>14.020</speed><sat>27</sat></trkpt>
  <trkpt lat="40.97941417" lon="29.06402841"><ele>75.788</ele><time>2026-10-06T17:10:06Z</time><speed>13.530</speed><sat>27</sat></trkpt>
  <trkpt lat="40.97938411" lon="29.06388006"><ele>76.073</ele><time>2026-10-06T17:10:07Z</time><speed>12.690</speed><sat>26</sat></trkpt>
  <trkpt lat="40.97937410" lon="29.06373321"><ele>77.065</ele><time>2026-10-06T17:10:08Z</time><speed>12.650</speed><sat>25</sat></trkpt>
  <trkpt lat="40.97935369" lon="29.06358860"><ele>78.080</ele><time>2026-10-06T17:10:09Z</time><speed>12.270</speed><sat>24</sat></trkpt>
  <trkpt lat="40.97933514" lon="29.06346491"><ele>78.249</ele><time>2026-10-06T17:10:10Z</time><speed>11.540</speed><sat>24</sat></trkpt>
  <trkpt lat="40.97931445" lon="29.06334100"><ele>78.474</ele><time>2026-10-06T17:10:11Z</time><speed>10.990</speed><sat>25</sat></trkpt>
  <trkpt lat="40.97930192" lon="29.06321840"><ele>78.925</ele><time>2026-10-06T17:10:12Z</time><speed>10.870</speed><sat>25</sat></trkpt>
  <trkpt lat="40.97928497" lon="29.06311102"><ele>79.795</ele><time>2026-10-06T17:10:13Z</time><speed>9.920</speed><sat>25</sat></trkpt>
  <trkpt lat="40.97927565" lon="29.06301351"><ele>81.434</ele><time>2026-10-06T17:10:14Z</time><speed>9.370</speed><sat>24</sat></trkpt>
  <trkpt lat="40.97926704" lon="29.06291085"><ele>81.604</ele><time>2026-10-06T17:10:15Z</time><speed>8.760</speed><sat>24</sat></trkpt>
  <trkpt lat="40.97924137" lon="29.06281155"><ele>81.438</ele><time>2026-10-06T17:10:16Z</time><speed>8.430</speed><sat>22</sat></trkpt>
  <trkpt lat="40.97923122" lon="29.06272883"><ele>80.981</ele><time>2026-10-06T17:10:17Z</time><speed>7.690</speed><sat>19</sat></trkpt>
  <trkpt lat="40.97921703" lon="29.06263813"><ele>80.872</ele><time>2026-10-06T17:10:18Z</time><speed>7.690</speed><sat>18</sat></trkpt>
  <trkpt lat="40.97920643" lon="29.06255303"><ele>81.074</ele><time>2026-10-06T17:10:19Z</time><speed>7.490</speed><sat>15</sat></trkpt>
  <trkpt lat="40.97918796" lon="29.06247713"><ele>80.931</ele><time>2026-10-06T17:10:20Z</time><speed>7.190</speed><sat>14</sat></trkpt>
  <trkpt lat="40.97917340" lon="29.06243166"><ele>81.060</ele><time>2026-10-06T17:10:21Z</time><speed>6.020</speed><sat>13</sat></trkpt>
  <trkpt lat="40.97914983" lon="29.06237903"><ele>81.241</ele><time>2026-10-06T17:10:22Z</time><speed>5.640</speed><sat>12</sat></trkpt>
  <trkpt lat="40.97914804" lon="29.06234889"><ele>80.616</ele><time>2026-10-06T17:10:23Z</time><speed>4.330</speed><sat>12</sat></trkpt>
  <trkpt lat="40.97914366" lon="29.06230994"><ele>80.986</ele><time>2026-10-06T17:10:24Z</time><speed>3.310</speed><sat>14</sat></trkpt>
  <trkpt lat="40.97913989" lon="29.06227114"><ele>81.131</ele><time>2026-10-06T17:10:25Z</time><speed>2.820</speed><sat>18</sat></trkpt>
  <trkpt lat="40.97913352" lon="29.06226650"><ele>81.177</ele><time>2026-10-06T17:10:26Z</time><speed>2.460</speed><sat>19</sat></trkpt>
  <trkpt lat="40.97912894" lon="29.06224611"><ele>82.685</ele><time>2026-10-06T17:10:27Z</time><speed>1.320</speed><sat>19</sat></trkpt>
  <trkpt lat="40.97910070" lon="29.06226291"><ele>82.159</ele><time>2026-10-06T17:10:28Z</time><speed>0.580</speed><sat>18</sat></trkpt>
  <trkpt lat="40.97909910" lon="29.06225630"><ele>83.041</ele><time>2026-10-06T17:10:29Z</time><speed>0.170</speed><sat>18</sat></trkpt>
  <trkpt lat="40.97911969" lon="29.06227780"><ele>81.599</ele><time>2026-10-06T17:10:30Z</time><speed>0.360</speed><sat>16</sat></trkpt>
  <trkpt lat="40.97913081" lon="29.06227828"><ele>79.823</ele><time>2026-10-06T17:10:31Z</time><speed>0.000</speed><sat>17</sat></trkpt>
  <trkpt lat="40.97913336" lon="29.06227984"><ele>78.286</ele><time>2026-10-06T17:10:32Z</time><speed>0.000</speed><sat>17</sat></trkpt>
  <trkpt lat="40.97914025" lon="29.06227183"><ele>78.429</ele><time>2026-10-06T17:10:33Z</time><speed>0.000</speed><sat>17</sat></trkpt>
  <trkpt lat="40.97914725" lon="29.06227137"><ele>77.196</ele><time>2026-10-06T17:10:34Z</time><speed>0.000</speed><sat>18</sat></trkpt>
  <trkpt lat="40.97915624" lon="29.06227052"><ele>76.130</ele><time>2026-10-06T17:10:35Z</time><speed>0.000</speed><sat>15</sat></trkpt>
  <trkpt lat="40.97916363" lon="29.06227188"><ele>75.311</ele><time>2026-10-06T17:10:36Z</time><speed>0.000</speed><sat>16</sat></trkpt>
  <trkpt lat="40.97917018" lon="29.06227277"><ele>74.513</ele><time>2026-10-06T17:10:37Z</time><speed>0.000</speed><sat>17</sat></trkpt>
  <trkpt lat="40.97917561" lon="29.06226638"><ele>74.264</ele><time>2026-10-06T17:10:38Z</time><speed>0.000</speed><sat>17</sat></trkpt>
  <trkpt lat="40.97918050" lon="29.06226416"><ele>74.002</ele><time>2026-10-06T17:10:39Z</time><speed>0.000</speed><sat>17</sat></trkpt>
  <trkpt lat="40.97918316" lon="29.06226443"><ele>73.727</ele><time>2026-10-06T17:10:40Z</time><speed>0.000</speed><sat>16</sat></trkpt>
  <trkpt lat="40.97917909" lon="29.06226543"><ele>74.020</ele><time>2026-10-06T17:10:41Z</time><speed>0.000</speed><sat>17</sat></trkpt>
  <trkpt lat="40.97918170" lon="29.06226311"><ele>73.936</ele><time>2026-10-06T17:10:42Z</time><speed>0.000</speed><sat>17</sat></trkpt>
  <trkpt lat="40.97918279" lon="29.06226185"><ele>73.918</ele><time>2026-10-06T17:10:43Z</time><speed>0.000</speed><sat>17</sat></trkpt>
  <trkpt lat="40.97918343" lon="29.06226135"><ele>73.903</ele><time>2026-10-06T17:10:44Z</time><speed>0.000</speed><sat>15</sat></trkpt>
  <trkpt lat="40.97918551" lon="29.06226104"><ele>73.891</ele><time>2026-10-06T17:10:45Z</time><speed>0.000</speed><sat>16</sat></trkpt>
  <trkpt lat="40.97918846" lon="29.06226054"><ele>73.929</ele><time>2026-10-06T17:10:46Z</time><speed>0.000</speed><sat>16</sat></trkpt>
  <trkpt lat="40.97918778" lon="29.06226055"><ele>73.978</ele><time>2026-10-06T17:10:47Z</time><speed>0.000</speed><sat>14</sat></trkpt>
  <trkpt lat="40.97918555" lon="29.06226116"><ele>74.112</ele><time>2026-10-06T17:10:48Z</time><speed>0.000</speed><sat>13</sat></trkpt>
  <trkpt lat="40.97918649" lon="29.06226095"><ele>74.123</ele><time>2026-10-06T17:10:49Z</time><speed>0.000</speed><sat>15</sat></trkpt>
  <trkpt lat="40.97918828" lon="29.06225543"><ele>73.090</ele><time>2026-10-06T17:10:50Z</time><speed>0.000</speed><sat>17</sat></trkpt>
  <trkpt lat="40.97918615" lon="29.06225580"><ele>73.149</ele><time>2026-10-06T17:10:51Z</time><speed>0.000</speed><sat>17</sat></trkpt>
  <trkpt lat="40.97918722" lon="29.06225590"><ele>73.012</ele><time>2026-10-06T17:10:52Z</time><speed>0.000</speed><sat>17</sat></trkpt>
  <trkpt lat="40.97918428" lon="29.06225491"><ele>72.899</ele><time>2026-10-06T17:10:53Z</time><speed>0.000</speed><sat>16</sat></trkpt>
  <trkpt lat="40.97918033" lon="29.06225419"><ele>72.670</ele><time>2026-10-06T17:10:54Z</time><speed>0.000</speed><sat>16</sat></trkpt>
  <trkpt lat="40.97917997" lon="29.06225411"><ele>72.694</ele><time>2026-10-06T17:10:55Z</time><speed>0.000</speed><sat>15</sat></trkpt>
  <trkpt lat="40.97917994" lon="29.06225448"><ele>72.680</ele><time>2026-10-06T17:10:56Z</time><speed>0.000</speed><sat>15</sat></trkpt>
  <trkpt lat="40.97918375" lon="29.06225167"><ele>72.784</ele><time>2026-10-06T17:10:57Z</time><speed>0.000</speed><sat>16</sat></trkpt>
  <trkpt lat="40.97918171" lon="29.06225365"><ele>73.063</ele><time>2026-10-06T17:10:58Z</time><speed>0.000</speed><sat>17</sat></trkpt>
  <trkpt lat="40.97917596" lon="29.06225482"><ele>72.461</ele><time>2026-10-06T17:10:59Z</time><speed>0.000</speed><sat>18</sat></trkpt>
  <trkpt lat="40.97918296" lon="29.06225113"><ele>72.867</ele><time>2026-10-06T17:11:00Z</time><speed>0.000</speed><sat>18</sat></trkpt>
  <trkpt lat="40.97917570" lon="29.06218771"><ele>72.897</ele><time>2026-10-06T17:11:01Z</time><speed>2.990</speed><sat>19</sat></trkpt>
  <trkpt lat="40.97918509" lon="29.06213035"><ele>72.465</ele><time>2026-10-06T17:11:02Z</time><speed>3.650</speed><sat>19</sat></trkpt>
  <trkpt lat="40.97919021" lon="29.06207329"><ele>73.186</ele><time>2026-10-06T17:11:03Z</time><speed>4.330</speed><sat>19</sat></trkpt>
  <trkpt lat="40.97919738" lon="29.06199261"><ele>73.031</ele><time>2026-10-06T17:11:04Z</time><speed>5.510</speed><sat>21</sat></trkpt>
  <trkpt lat="40.97920793" lon="29.06192654"><ele>72.089</ele><time>2026-10-06T17:11:05Z</time><speed>6.370</speed><sat>22</sat></trkpt>
  <trkpt lat="40.97915790" lon="29.06183903"><ele>72.034</ele><time>2026-10-06T17:11:06Z</time><speed>7.160</speed><sat>23</sat></trkpt>
  <trkpt lat="40.97909596" lon="29.06172398"><ele>71.857</ele><time>2026-10-06T17:11:07Z</time><speed>9.030</speed><sat>26</sat></trkpt>
  <trkpt lat="40.97907352" lon="29.06159853"><ele>71.561</ele><time>2026-10-06T17:11:08Z</time><speed>10.200</speed><sat>26</sat></trkpt>
  <trkpt lat="40.97904101" lon="29.06146572"><ele>71.333</ele><time>2026-10-06T17:11:09Z</time><speed>11.200</speed><sat>26</sat></trkpt>
  <trkpt lat="40.97899549" lon="29.06132124"><ele>72.378</ele><time>2026-10-06T17:11:10Z</time><speed>12.110</speed><sat>25</sat></trkpt>
  <trkpt lat="40.97895650" lon="29.06117352"><ele>72.755</ele><time>2026-10-06T17:11:11Z</time><speed>12.870</speed><sat>27</sat></trkpt>
  <trkpt lat="40.97892036" lon="29.06100762"><ele>74.274</ele><time>2026-10-06T17:11:12Z</time><speed>13.730</speed><sat>26</sat></trkpt>
  <trkpt lat="40.97888709" lon="29.06084533"><ele>75.171</ele><time>2026-10-06T17:11:13Z</time><speed>14.630</speed><sat>26</sat></trkpt>
  <trkpt lat="40.97884547" lon="29.06066884"><ele>74.584</ele><time>2026-10-06T17:11:14Z</time><speed>15.420</speed><sat>26</sat></trkpt>
  <trkpt lat="40.97880811" lon="29.06047975"><ele>73.758</ele><time>2026-10-06T17:11:15Z</time><speed>15.840</speed><sat>27</sat></trkpt>
  <trkpt lat="40.97877463" lon="29.06029378"><ele>73.771</ele><time>2026-10-06T17:11:16Z</time><speed>16.060</speed><sat>28</sat></trkpt>
  <trkpt lat="40.97873373" lon="29.06010212"><ele>72.860</ele><time>2026-10-06T17:11:17Z</time><speed>16.240</speed><sat>27</sat></trkpt>
  <trkpt lat="40.97869620" lon="29.05991751"><ele>72.958</ele><time>2026-10-06T17:11:18Z</time><speed>16.120</speed><sat>29</sat></trkpt>
  <trkpt lat="40.97865227" lon="29.05973620"><ele>73.323</ele><time>2026-10-06T17:11:19Z</time><speed>15.940</speed><sat>29</sat></trkpt>
  <trkpt lat="40.97860646" lon="29.05955419"><ele>73.938</ele><time>2026-10-06T17:11:20Z</time><speed>15.860</speed><sat>30</sat></trkpt>
  <trkpt lat="40.97855281" lon="29.05936730"><ele>73.815</ele><time>2026-10-06T17:11:21Z</time><speed>16.040</speed><sat>30</sat></trkpt>
  <trkpt lat="40.97851588" lon="29.05917002"><ele>74.035</ele><time>2026-10-06T17:11:22Z</time><speed>16.190</speed><sat>31</sat></trkpt>
  <trkpt lat="40.97848953" lon="29.05896739"><ele>74.893</ele><time>2026-10-06T17:11:23Z</time><speed>16.450</speed><sat>30</sat></trkpt>
  <trkpt lat="40.97845127" lon="29.05875609"><ele>76.347</ele><time>2026-10-06T17:11:24Z</time><speed>17.430</speed><sat>27</sat></trkpt>
  <trkpt lat="40.97841895" lon="29.05855286"><ele>75.874</ele><time>2026-10-06T17:11:25Z</time><speed>17.910</speed><sat>29</sat></trkpt>
  <trkpt lat="40.97837057" lon="29.05835176"><ele>76.419</ele><time>2026-10-06T17:11:26Z</time><speed>18.290</speed><sat>30</sat></trkpt>
  <trkpt lat="40.97833115" lon="29.05812948"><ele>76.461</ele><time>2026-10-06T17:11:27Z</time><speed>18.540</speed><sat>30</sat></trkpt>
  <trkpt lat="40.97831886" lon="29.05790041"><ele>75.221</ele><time>2026-10-06T17:11:28Z</time><speed>18.410</speed><sat>28</sat></trkpt>
  <trkpt lat="40.97829842" lon="29.05768806"><ele>73.343</ele><time>2026-10-06T17:11:29Z</time><speed>18.250</speed><sat>30</sat></trkpt>
  <trkpt lat="40.97827541" lon="29.05748896"><ele>73.413</ele><time>2026-10-06T17:11:30Z</time><speed>17.490</speed><sat>33</sat></trkpt>
  <trkpt lat="40.97824820" lon="29.05729593"><ele>71.970</ele><time>2026-10-06T17:11:31Z</time><speed>16.990</speed><sat>33</sat></trkpt>
  <trkpt lat="40.97823368" lon="29.05708617"><ele>70.419</ele><time>2026-10-06T17:11:32Z</time><speed>16.680</speed><sat>34</sat></trkpt>
  <trkpt lat="40.97820877" lon="29.05688783"><ele>70.799</ele><time>2026-10-06T17:11:33Z</time><speed>16.540</speed><sat>35</sat></trkpt>
  <trkpt lat="40.97817785" lon="29.05669194"><ele>71.194</ele><time>2026-10-06T17:11:34Z</time><speed>16.440</speed><sat>34</sat></trkpt>
  <trkpt lat="40.97814857" lon="29.05650126"><ele>70.872</ele><time>2026-10-06T17:11:35Z</time><speed>16.400</speed><sat>36</sat></trkpt>
  <trkpt lat="40.97811592" lon="29.05631548"><ele>70.892</ele><time>2026-10-06T17:11:36Z</time><speed>16.310</speed><sat>37</sat></trkpt>
  <trkpt lat="40.97808379" lon="29.05612318"><ele>70.530</ele><time>2026-10-06T17:11:37Z</time><speed>16.330</speed><sat>37</sat></trkpt>
  <trkpt lat="40.97804457" lon="29.05594024"><ele>70.853</ele><time>2026-10-06T17:11:38Z</time><speed>16.290</speed><sat>36</sat></trkpt>
  <trkpt lat="40.97801634" lon="29.05574442"><ele>70.997</ele><time>2026-10-06T17:11:39Z</time><speed>16.280</speed><sat>36</sat></trkpt>
  <trkpt lat="40.97799077" lon="29.05555462"><ele>70.537</ele><time>2026-10-06T17:11:40Z</time><speed>16.300</speed><sat>36</sat></trkpt>
  <trkpt lat="40.97795610" lon="29.05536049"><ele>70.303</ele><time>2026-10-06T17:11:41Z</time><speed>16.220</speed><sat>37</sat></trkpt>
  <trkpt lat="40.97793890" lon="29.05517324"><ele>70.538</ele><time>2026-10-06T17:11:42Z</time><speed>16.110</speed><sat>36</sat></trkpt>
  <trkpt lat="40.97791347" lon="29.05498649"><ele>70.965</ele><time>2026-10-06T17:11:43Z</time><speed>16.220</speed><sat>36</sat></trkpt>
  <trkpt lat="40.97789357" lon="29.05478982"><ele>70.797</ele><time>2026-10-06T17:11:44Z</time><speed>16.230</speed><sat>36</sat></trkpt>
  <trkpt lat="40.97786800" lon="29.05459357"><ele>71.820</ele><time>2026-10-06T17:11:45Z</time><speed>16.270</speed><sat>36</sat></trkpt>
  <trkpt lat="40.97783225" lon="29.05440089"><ele>70.994</ele><time>2026-10-06T17:11:46Z</time><speed>16.210</speed><sat>36</sat></trkpt>
  <trkpt lat="40.97780292" lon="29.05420264"><ele>70.548</ele><time>2026-10-06T17:11:47Z</time><speed>16.540</speed><sat>36</sat></trkpt>
  <trkpt lat="40.97777197" lon="29.05402111"><ele>70.041</ele><time>2026-10-06T17:11:48Z</time><speed>16.280</speed><sat>36</sat></trkpt>
  <trkpt lat="40.97774763" lon="29.05382958"><ele>69.671</ele><time>2026-10-06T17:11:49Z</time><speed>16.540</speed><sat>34</sat></trkpt>
  <trkpt lat="40.97771615" lon="29.05362590"><ele>68.998</ele><time>2026-10-06T17:11:50Z</time><speed>16.730</speed><sat>34</sat></trkpt>
  <trkpt lat="40.97768842" lon="29.05343725"><ele>69.549</ele><time>2026-10-06T17:11:51Z</time><speed>16.440</speed><sat>33</sat></trkpt>
  <trkpt lat="40.97766320" lon="29.05322586"><ele>69.801</ele><time>2026-10-06T17:11:52Z</time><speed>16.910</speed><sat>33</sat></trkpt>
  <trkpt lat="40.97766309" lon="29.05302430"><ele>71.299</ele><time>2026-10-06T17:11:53Z</time><speed>16.290</speed><sat>34</sat></trkpt>
  <trkpt lat="40.97766491" lon="29.05281218"><ele>71.734</ele><time>2026-10-06T17:11:54Z</time><speed>16.440</speed><sat>34</sat></trkpt>
  <trkpt lat="40.97767702" lon="29.05260224"><ele>71.965</ele><time>2026-10-06T17:11:55Z</time><speed>16.510</speed><sat>32</sat></trkpt>
  <trkpt lat="40.97768948" lon="29.05239907"><ele>71.607</ele><time>2026-10-06T17:11:56Z</time><speed>16.430</speed><sat>31</sat></trkpt>
  <trkpt lat="40.97770707" lon="29.05219732"><ele>69.488</ele><time>2026-10-06T17:11:57Z</time><speed>16.720</speed><sat>32</sat></trkpt>
  <trkpt lat="40.97770873" lon="29.05200202"><ele>69.044</ele><time>2026-10-06T17:11:58Z</time><speed>16.500</speed><sat>31</sat></trkpt>
  <trkpt lat="40.97772954" lon="29.05183743"><ele>67.766</ele><time>2026-10-06T17:11:59Z</time><speed>15.350</speed><sat>31</sat></trkpt>
  <trkpt lat="40.97774579" lon="29.05165228"><ele>67.066</ele><time>2026-10-06T17:12:00Z</time><speed>15.200</speed><sat>31</sat></trkpt>
  <trkpt lat="40.97776697" lon="29.05147628"><ele>66.612</ele><time>2026-10-06T17:12:01Z</time><speed>14.920</speed><sat>31</sat></trkpt>
  <trkpt lat="40.97779450" lon="29.05130514"><ele>65.733</ele><time>2026-10-06T17:12:02Z</time><speed>14.580</speed><sat>32</sat></trkpt>
  <trkpt lat="40.97784871" lon="29.05113246"><ele>64.924</ele><time>2026-10-06T17:12:03Z</time><speed>14.440</speed><sat>32</sat></trkpt>
  <trkpt lat="40.97789519" lon="29.05096572"><ele>65.848</ele><time>2026-10-06T17:12:04Z</time><speed>14.130</speed><sat>33</sat></trkpt>
  <trkpt lat="40.97796810" lon="29.05080038"><ele>66.099</ele><time>2026-10-06T17:12:05Z</time><speed>14.250</speed><sat>31</sat></trkpt>
  <trkpt lat="40.97803051" lon="29.05064391"><ele>66.161</ele><time>2026-10-06T17:12:06Z</time><speed>14.290</speed><sat>30</sat></trkpt>
  <trkpt lat="40.97809912" lon="29.05050353"><ele>65.414</ele><time>2026-10-06T17:12:07Z</time><speed>14.010</speed><sat>28</sat></trkpt>
  <trkpt lat="40.97812547" lon="29.05038515"><ele>63.922</ele><time>2026-10-06T17:12:08Z</time><speed>12.280</speed><sat>28</sat></trkpt>
  <trkpt lat="40.97817488" lon="29.05025524"><ele>62.861</ele><time>2026-10-06T17:12:09Z</time><speed>12.000</speed><sat>29</sat></trkpt>
  <trkpt lat="40.97822675" lon="29.05012876"><ele>61.120</ele><time>2026-10-06T17:12:10Z</time><speed>11.360</speed><sat>29</sat></trkpt>
  <trkpt lat="40.97828016" lon="29.05002794"><ele>60.908</ele><time>2026-10-06T17:12:11Z</time><speed>11.110</speed><sat>27</sat></trkpt>
  <trkpt lat="40.97832433" lon="29.04990740"><ele>61.771</ele><time>2026-10-06T17:12:12Z</time><speed>10.840</speed><sat>27</sat></trkpt>
  <trkpt lat="40.97837365" lon="29.04979748"><ele>61.904</ele><time>2026-10-06T17:12:13Z</time><speed>10.420</speed><sat>27</sat></trkpt>
  <trkpt lat="40.97842134" lon="29.04969448"><ele>62.925</ele><time>2026-10-06T17:12:14Z</time><speed>9.770</speed><sat>28</sat></trkpt>
  <trkpt lat="40.97847027" lon="29.04960642"><ele>61.669</ele><time>2026-10-06T17:12:15Z</time><speed>9.150</speed><sat>28</sat></trkpt>
  <trkpt lat="40.97851978" lon="29.04951065"><ele>61.262</ele><time>2026-10-06T17:12:16Z</time><speed>9.440</speed><sat>27</sat></trkpt>
  <trkpt lat="40.97856463" lon="29.04942806"><ele>60.834</ele><time>2026-10-06T17:12:17Z</time><speed>8.880</speed><sat>29</sat></trkpt>
  <trkpt lat="40.97860170" lon="29.04935367"><ele>60.427</ele><time>2026-10-06T17:12:18Z</time><speed>7.930</speed><sat>26</sat></trkpt>
  <trkpt lat="40.97863338" lon="29.04927867"><ele>61.501</ele><time>2026-10-06T17:12:19Z</time><speed>7.040</speed><sat>28</sat></trkpt>
  <trkpt lat="40.97866394" lon="29.04921288"><ele>63.934</ele><time>2026-10-06T17:12:20Z</time><speed>6.960</speed><sat>26</sat></trkpt>
  <trkpt lat="40.97868836" lon="29.04916610"><ele>63.982</ele><time>2026-10-06T17:12:21Z</time><speed>4.860</speed><sat>25</sat></trkpt>
  <trkpt lat="40.97872355" lon="29.04911209"><ele>65.537</ele><time>2026-10-06T17:12:22Z</time><speed>5.750</speed><sat>24</sat></trkpt>
  <trkpt lat="40.97874561" lon="29.04907422"><ele>65.835</ele><time>2026-10-06T17:12:23Z</time><speed>3.980</speed><sat>24</sat></trkpt>
  <trkpt lat="40.97877124" lon="29.04902396"><ele>65.251</ele><time>2026-10-06T17:12:24Z</time><speed>4.560</speed><sat>27</sat></trkpt>
  <trkpt lat="40.97879066" lon="29.04896985"><ele>65.772</ele><time>2026-10-06T17:12:25Z</time><speed>4.420</speed><sat>28</sat></trkpt>
  <trkpt lat="40.97881305" lon="29.04892999"><ele>66.396</ele><time>2026-10-06T17:12:26Z</time><speed>3.390</speed><sat>30</sat></trkpt>
  <trkpt lat="40.97883080" lon="29.04889456"><ele>68.493</ele><time>2026-10-06T17:12:27Z</time><speed>3.220</speed><sat>30</sat></trkpt>
  <trkpt lat="40.97884639" lon="29.04886217"><ele>68.784</ele><time>2026-10-06T17:12:28Z</time><speed>2.840</speed><sat>32</sat></trkpt>
  <trkpt lat="40.97886389" lon="29.04883693"><ele>68.911</ele><time>2026-10-06T17:12:29Z</time><speed>2.890</speed><sat>32</sat></trkpt>
  <trkpt lat="40.97888457" lon="29.04880862"><ele>69.167</ele><time>2026-10-06T17:12:30Z</time><speed>3.120</speed><sat>31</sat></trkpt>
  <trkpt lat="40.97892488" lon="29.04877293"><ele>69.605</ele><time>2026-10-06T17:12:31Z</time><speed>3.890</speed><sat>32</sat></trkpt>
  <trkpt lat="40.97892813" lon="29.04883854"><ele>69.457</ele><time>2026-10-06T17:12:32Z</time><speed>2.070</speed><sat>31</sat></trkpt>
  <trkpt lat="40.97892475" lon="29.04884091"><ele>68.830</ele><time>2026-10-06T17:12:33Z</time><speed>0.240</speed><sat>31</sat></trkpt>
  <trkpt lat="40.97892261" lon="29.04883741"><ele>68.292</ele><time>2026-10-06T17:12:34Z</time><speed>0.000</speed><sat>28</sat></trkpt>
  <trkpt lat="40.97891549" lon="29.04883288"><ele>68.618</ele><time>2026-10-06T17:12:35Z</time><speed>0.000</speed><sat>27</sat></trkpt>
  <trkpt lat="40.97891059" lon="29.04883193"><ele>68.865</ele><time>2026-10-06T17:12:36Z</time><speed>0.000</speed><sat>27</sat></trkpt>
  <trkpt lat="40.97890781" lon="29.04883063"><ele>69.160</ele><time>2026-10-06T17:12:37Z</time><speed>0.000</speed><sat>26</sat></trkpt>
  <trkpt lat="40.97890762" lon="29.04882945"><ele>69.465</ele><time>2026-10-06T17:12:38Z</time><speed>0.000</speed><sat>26</sat></trkpt>
  <trkpt lat="40.97890878" lon="29.04882920"><ele>69.449</ele><time>2026-10-06T17:12:39Z</time><speed>0.000</speed><sat>23</sat></trkpt>
  <trkpt lat="40.97890916" lon="29.04882813"><ele>69.504</ele><time>2026-10-06T17:12:40Z</time><speed>0.000</speed><sat>22</sat></trkpt>
  <trkpt lat="40.97890783" lon="29.04882755"><ele>69.809</ele><time>2026-10-06T17:12:41Z</time><speed>0.000</speed><sat>22</sat></trkpt>
  <trkpt lat="40.97890661" lon="29.04882743"><ele>70.235</ele><time>2026-10-06T17:12:42Z</time><speed>0.000</speed><sat>20</sat></trkpt>
  <trkpt lat="40.97890560" lon="29.04882700"><ele>70.255</ele><time>2026-10-06T17:12:43Z</time><speed>0.000</speed><sat>19</sat></trkpt>
  <trkpt lat="40.97890558" lon="29.04882733"><ele>70.725</ele><time>2026-10-06T17:12:44Z</time><speed>0.000</speed><sat>19</sat></trkpt>
  <trkpt lat="40.97890502" lon="29.04882716"><ele>70.816</ele><time>2026-10-06T17:12:45Z</time><speed>0.000</speed><sat>19</sat></trkpt>
  <trkpt lat="40.97890395" lon="29.04882679"><ele>70.947</ele><time>2026-10-06T17:12:46Z</time><speed>0.000</speed><sat>20</sat></trkpt>
  <trkpt lat="40.97890159" lon="29.04882580"><ele>71.249</ele><time>2026-10-06T17:12:47Z</time><speed>0.000</speed><sat>22</sat></trkpt>
  <trkpt lat="40.97890068" lon="29.04882529"><ele>71.231</ele><time>2026-10-06T17:12:48Z</time><speed>0.000</speed><sat>24</sat></trkpt>
  <trkpt lat="40.97890054" lon="29.04882522"><ele>71.108</ele><time>2026-10-06T17:12:49Z</time><speed>0.000</speed><sat>26</sat></trkpt>
  <trkpt lat="40.97890047" lon="29.04882516"><ele>71.110</ele><time>2026-10-06T17:12:50Z</time><speed>0.000</speed><sat>27</sat></trkpt>
  <trkpt lat="40.97890053" lon="29.04882207"><ele>71.472</ele><time>2026-10-06T17:12:51Z</time><speed>0.000</speed><sat>27</sat></trkpt>
  <trkpt lat="40.97890033" lon="29.04882022"><ele>71.536</ele><time>2026-10-06T17:12:52Z</time><speed>0.000</speed><sat>25</sat></trkpt>
  <trkpt lat="40.97890008" lon="29.04881927"><ele>71.559</ele><time>2026-10-06T17:12:53Z</time><speed>0.000</speed><sat>26</sat></trkpt>
  <trkpt lat="40.97889996" lon="29.04881874"><ele>71.564</ele><time>2026-10-06T17:12:54Z</time><speed>0.000</speed><sat>26</sat></trkpt>
  <trkpt lat="40.97889993" lon="29.04881843"><ele>71.561</ele><time>2026-10-06T17:12:55Z</time><speed>0.000</speed><sat>26</sat></trkpt>
  <trkpt lat="40.97889995" lon="29.04881826"><ele>71.553</ele><time>2026-10-06T17:12:56Z</time><speed>0.000</speed><sat>23</sat></trkpt>
  <trkpt lat="40.97889999" lon="29.04881815"><ele>71.552</ele><time>2026-10-06T17:12:57Z</time><speed>0.000</speed><sat>22</sat></trkpt>
  <trkpt lat="40.97890003" lon="29.04881808"><ele>71.550</ele><time>2026-10-06T17:12:58Z</time><speed>0.000</speed><sat>22</sat></trkpt>
  <trkpt lat="40.97890016" lon="29.04881812"><ele>71.540</ele><time>2026-10-06T17:12:59Z</time><speed>0.000</speed><sat>21</sat></trkpt>
  <trkpt lat="40.97890012" lon="29.04881788"><ele>71.565</ele><time>2026-10-06T17:13:00Z</time><speed>0.000</speed><sat>21</sat></trkpt>
  <trkpt lat="40.97890013" lon="29.04881775"><ele>71.567</ele><time>2026-10-06T17:13:01Z</time><speed>0.000</speed><sat>21</sat></trkpt>
  <trkpt lat="40.97890018" lon="29.04881763"><ele>71.573</ele><time>2026-10-06T17:13:02Z</time><speed>0.000</speed><sat>22</sat></trkpt>
  <trkpt lat="40.97891534" lon="29.04881494"><ele>66.378</ele><time>2026-10-06T17:13:03Z</time><speed>1.660</speed><sat>23</sat></trkpt>
  <trkpt lat="40.97893428" lon="29.04880224"><ele>65.118</ele><time>2026-10-06T17:13:04Z</time><speed>1.930</speed><sat>25</sat></trkpt>
  <trkpt lat="40.97895130" lon="29.04878237"><ele>65.749</ele><time>2026-10-06T17:13:05Z</time><speed>2.400</speed><sat>28</sat></trkpt>
  <trkpt lat="40.97897279" lon="29.04875777"><ele>63.018</ele><time>2026-10-06T17:13:06Z</time><speed>3.080</speed><sat>29</sat></trkpt>
  <trkpt lat="40.97899628" lon="29.04872755"><ele>60.974</ele><time>2026-10-06T17:13:07Z</time><speed>3.580</speed><sat>29</sat></trkpt>
  <trkpt lat="40.97902390" lon="29.04869085"><ele>59.974</ele><time>2026-10-06T17:13:08Z</time><speed>4.630</speed><sat>31</sat></trkpt>
  <trkpt lat="40.97907020" lon="29.04864948"><ele>60.063</ele><time>2026-10-06T17:13:09Z</time><speed>5.040</speed><sat>31</sat></trkpt>
  <trkpt lat="40.97908998" lon="29.04857944"><ele>60.579</ele><time>2026-10-06T17:13:10Z</time><speed>5.870</speed><sat>31</sat></trkpt>
  <trkpt lat="40.97912688" lon="29.04849390"><ele>60.574</ele><time>2026-10-06T17:13:11Z</time><speed>7.440</speed><sat>31</sat></trkpt>
  <trkpt lat="40.97916283" lon="29.04839946"><ele>61.872</ele><time>2026-10-06T17:13:12Z</time><speed>8.720</speed><sat>31</sat></trkpt>
  <trkpt lat="40.97919034" lon="29.04828452"><ele>63.054</ele><time>2026-10-06T17:13:13Z</time><speed>9.540</speed><sat>31</sat></trkpt>
  <trkpt lat="40.97920765" lon="29.04817112"><ele>63.552</ele><time>2026-10-06T17:13:14Z</time><speed>9.750</speed><sat>31</sat></trkpt>
  <trkpt lat="40.97924616" lon="29.04804430"><ele>63.394</ele><time>2026-10-06T17:13:15Z</time><speed>11.070</speed><sat>32</sat></trkpt>
  <trkpt lat="40.97931429" lon="29.04789195"><ele>62.472</ele><time>2026-10-06T17:13:16Z</time><speed>12.820</speed><sat>33</sat></trkpt>
  <trkpt lat="40.97937809" lon="29.04774421"><ele>61.615</ele><time>2026-10-06T17:13:17Z</time><speed>13.560</speed><sat>34</sat></trkpt>
  <trkpt lat="40.97944459" lon="29.04759248"><ele>61.619</ele><time>2026-10-06T17:13:18Z</time><speed>14.300</speed><sat>34</sat></trkpt>
  <trkpt lat="40.97950649" lon="29.04743039"><ele>61.786</ele><time>2026-10-06T17:13:19Z</time><speed>14.880</speed><sat>34</sat></trkpt>
  <trkpt lat="40.97957497" lon="29.04725829"><ele>59.832</ele><time>2026-10-06T17:13:20Z</time><speed>15.120</speed><sat>34</sat></trkpt>
  <trkpt lat="40.97964599" lon="29.04709489"><ele>58.352</ele><time>2026-10-06T17:13:21Z</time><speed>15.660</speed><sat>34</sat></trkpt>
  <trkpt lat="40.97972035" lon="29.04692174"><ele>57.991</ele><time>2026-10-06T17:13:22Z</time><speed>15.880</speed><sat>33</sat></trkpt>
  <trkpt lat="40.97978434" lon="29.04675439"><ele>58.309</ele><time>2026-10-06T17:13:23Z</time><speed>15.940</speed><sat>33</sat></trkpt>
  <trkpt lat="40.97986475" lon="29.04658677"><ele>58.133</ele><time>2026-10-06T17:13:24Z</time><speed>16.050</speed><sat>33</sat></trkpt>
  <trkpt lat="40.97993863" lon="29.04642710"><ele>57.458</ele><time>2026-10-06T17:13:25Z</time><speed>16.120</speed><sat>33</sat></trkpt>
  <trkpt lat="40.98001464" lon="29.04626270"><ele>57.133</ele><time>2026-10-06T17:13:26Z</time><speed>16.220</speed><sat>32</sat></trkpt>
  <trkpt lat="40.98008875" lon="29.04610159"><ele>56.172</ele><time>2026-10-06T17:13:27Z</time><speed>16.310</speed><sat>33</sat></trkpt>
  <trkpt lat="40.98016536" lon="29.04593305"><ele>56.108</ele><time>2026-10-06T17:13:28Z</time><speed>16.420</speed><sat>32</sat></trkpt>
  <trkpt lat="40.98024207" lon="29.04576739"><ele>56.299</ele><time>2026-10-06T17:13:29Z</time><speed>16.360</speed><sat>31</sat></trkpt>
  <trkpt lat="40.98031890" lon="29.04559594"><ele>56.134</ele><time>2026-10-06T17:13:30Z</time><speed>16.320</speed><sat>30</sat></trkpt>
  <trkpt lat="40.98039368" lon="29.04543138"><ele>56.621</ele><time>2026-10-06T17:13:31Z</time><speed>16.400</speed><sat>33</sat></trkpt>
  <trkpt lat="40.98047130" lon="29.04526800"><ele>56.722</ele><time>2026-10-06T17:13:32Z</time><speed>16.510</speed><sat>33</sat></trkpt>
  <trkpt lat="40.98054388" lon="29.04509950"><ele>56.286</ele><time>2026-10-06T17:13:33Z</time><speed>16.370</speed><sat>32</sat></trkpt>
  <trkpt lat="40.98062143" lon="29.04493263"><ele>55.693</ele><time>2026-10-06T17:13:34Z</time><speed>16.340</speed><sat>33</sat></trkpt>
  <trkpt lat="40.98069939" lon="29.04476071"><ele>55.331</ele><time>2026-10-06T17:13:35Z</time><speed>16.380</speed><sat>35</sat></trkpt>
  <trkpt lat="40.98077521" lon="29.04459446"><ele>55.185</ele><time>2026-10-06T17:13:36Z</time><speed>16.300</speed><sat>35</sat></trkpt>
  <trkpt lat="40.98086111" lon="29.04444003"><ele>55.284</ele><time>2026-10-06T17:13:37Z</time><speed>16.400</speed><sat>35</sat></trkpt>
  <trkpt lat="40.98095232" lon="29.04428424"><ele>55.697</ele><time>2026-10-06T17:13:38Z</time><speed>16.460</speed><sat>34</sat></trkpt>
  <trkpt lat="40.98105861" lon="29.04414320"><ele>55.502</ele><time>2026-10-06T17:13:39Z</time><speed>16.440</speed><sat>34</sat></trkpt>
  <trkpt lat="40.98115782" lon="29.04401184"><ele>55.240</ele><time>2026-10-06T17:13:40Z</time><speed>16.060</speed><sat>34</sat></trkpt>
  <trkpt lat="40.98126336" lon="29.04387213"><ele>53.805</ele><time>2026-10-06T17:13:41Z</time><speed>16.190</speed><sat>34</sat></trkpt>
  <trkpt lat="40.98137205" lon="29.04375481"><ele>54.643</ele><time>2026-10-06T17:13:42Z</time><speed>16.050</speed><sat>34</sat></trkpt>
  <trkpt lat="40.98149374" lon="29.04363920"><ele>54.131</ele><time>2026-10-06T17:13:43Z</time><speed>16.170</speed><sat>33</sat></trkpt>
  <trkpt lat="40.98161296" lon="29.04353037"><ele>54.628</ele><time>2026-10-06T17:13:44Z</time><speed>16.230</speed><sat>34</sat></trkpt>
  <trkpt lat="40.98174962" lon="29.04343884"><ele>54.588</ele><time>2026-10-06T17:13:45Z</time><speed>16.490</speed><sat>36</sat></trkpt>
  <trkpt lat="40.98188019" lon="29.04335542"><ele>54.388</ele><time>2026-10-06T17:13:46Z</time><speed>16.400</speed><sat>35</sat></trkpt>
  <trkpt lat="40.98201444" lon="29.04328030"><ele>53.863</ele><time>2026-10-06T17:13:47Z</time><speed>16.310</speed><sat>35</sat></trkpt>
  <trkpt lat="40.98215312" lon="29.04320497"><ele>53.125</ele><time>2026-10-06T17:13:48Z</time><speed>16.450</speed><sat>34</sat></trkpt>
  <trkpt lat="40.98229772" lon="29.04314595"><ele>52.889</ele><time>2026-10-06T17:13:49Z</time><speed>16.310</speed><sat>34</sat></trkpt>
  <trkpt lat="40.98244237" lon="29.04308249"><ele>51.349</ele><time>2026-10-06T17:13:50Z</time><speed>16.020</speed><sat>33</sat></trkpt>
  <trkpt lat="40.98258320" lon="29.04302722"><ele>51.308</ele><time>2026-10-06T17:13:51Z</time><speed>16.140</speed><sat>32</sat></trkpt>
  <trkpt lat="40.98271809" lon="29.04297871"><ele>51.227</ele><time>2026-10-06T17:13:52Z</time><speed>16.200</speed><sat>32</sat></trkpt>
  <trkpt lat="40.98286124" lon="29.04292641"><ele>50.310</ele><time>2026-10-06T17:13:53Z</time><speed>16.300</speed><sat>32</sat></trkpt>
  <trkpt lat="40.98299454" lon="29.04287236"><ele>49.126</ele><time>2026-10-06T17:13:54Z</time><speed>15.960</speed><sat>32</sat></trkpt>
  <trkpt lat="40.98311699" lon="29.04281052"><ele>49.753</ele><time>2026-10-06T17:13:55Z</time><speed>15.310</speed><sat>30</sat></trkpt>
  <trkpt lat="40.98326961" lon="29.04276799"><ele>49.204</ele><time>2026-10-06T17:13:56Z</time><speed>16.350</speed><sat>31</sat></trkpt>
  <trkpt lat="40.98341961" lon="29.04271385"><ele>48.850</ele><time>2026-10-06T17:13:57Z</time><speed>16.490</speed><sat>32</sat></trkpt>
  <trkpt lat="40.98355552" lon="29.04267650"><ele>48.432</ele><time>2026-10-06T17:13:58Z</time><speed>16.310</speed><sat>34</sat></trkpt>
  <trkpt lat="40.98370480" lon="29.04262876"><ele>49.143</ele><time>2026-10-06T17:13:59Z</time><speed>16.250</speed><sat>31</sat></trkpt>
  <trkpt lat="40.98384594" lon="29.04257259"><ele>48.418</ele><time>2026-10-06T17:14:00Z</time><speed>15.950</speed><sat>32</sat></trkpt>
  <trkpt lat="40.98399246" lon="29.04252367"><ele>49.353</ele><time>2026-10-06T17:14:01Z</time><speed>16.420</speed><sat>32</sat></trkpt>
  <trkpt lat="40.98413547" lon="29.04247347"><ele>48.566</ele><time>2026-10-06T17:14:02Z</time><speed>16.600</speed><sat>31</sat></trkpt>
  <trkpt lat="40.98428399" lon="29.04242374"><ele>48.992</ele><time>2026-10-06T17:14:03Z</time><speed>16.860</speed><sat>30</sat></trkpt>
  <trkpt lat="40.98444193" lon="29.04236046"><ele>47.631</ele><time>2026-10-06T17:14:04Z</time><speed>17.760</speed><sat>30</sat></trkpt>
  <trkpt lat="40.98460197" lon="29.04230124"><ele>47.785</ele><time>2026-10-06T17:14:05Z</time><speed>18.440</speed><sat>30</sat></trkpt>
  <trkpt lat="40.98476574" lon="29.04223232"><ele>46.379</ele><time>2026-10-06T17:14:06Z</time><speed>19.220</speed><sat>30</sat></trkpt>
  <trkpt lat="40.98494099" lon="29.04216282"><ele>46.636</ele><time>2026-10-06T17:14:07Z</time><speed>19.650</speed><sat>30</sat></trkpt>
  <trkpt lat="40.98511101" lon="29.04210440"><ele>45.336</ele><time>2026-10-06T17:14:08Z</time><speed>19.380</speed><sat>27</sat></trkpt>
  <trkpt lat="40.98528472" lon="29.04204158"><ele>45.431</ele><time>2026-10-06T17:14:09Z</time><speed>19.330</speed><sat>26</sat></trkpt>
  <trkpt lat="40.98543945" lon="29.04198599"><ele>46.029</ele><time>2026-10-06T17:14:10Z</time><speed>18.360</speed><sat>25</sat></trkpt>
  <trkpt lat="40.98560164" lon="29.04192121"><ele>45.563</ele><time>2026-10-06T17:14:11Z</time><speed>17.800</speed><sat>26</sat></trkpt>
  <trkpt lat="40.98576713" lon="29.04185736"><ele>44.911</ele><time>2026-10-06T17:14:12Z</time><speed>18.720</speed><sat>28</sat></trkpt>
  <trkpt lat="40.98591035" lon="29.04178923"><ele>46.114</ele><time>2026-10-06T17:14:13Z</time><speed>17.940</speed><sat>29</sat></trkpt>
  <trkpt lat="40.98604798" lon="29.04172437"><ele>46.683</ele><time>2026-10-06T17:14:14Z</time><speed>17.070</speed><sat>30</sat></trkpt>
  <trkpt lat="40.98617398" lon="29.04166337"><ele>45.826</ele><time>2026-10-06T17:14:15Z</time><speed>16.240</speed><sat>31</sat></trkpt>
  <trkpt lat="40.98627779" lon="29.04163090"><ele>45.840</ele><time>2026-10-06T17:14:16Z</time><speed>14.130</speed><sat>31</sat></trkpt>
  <trkpt lat="40.98637234" lon="29.04154880"><ele>45.395</ele><time>2026-10-06T17:14:17Z</time><speed>13.980</speed><sat>31</sat></trkpt>
  <trkpt lat="40.98650504" lon="29.04146847"><ele>43.734</ele><time>2026-10-06T17:14:18Z</time><speed>14.860</speed><sat>32</sat></trkpt>
  <trkpt lat="40.98661505" lon="29.04136728"><ele>45.566</ele><time>2026-10-06T17:14:19Z</time><speed>14.720</speed><sat>32</sat></trkpt>
  <trkpt lat="40.98671272" lon="29.04127604"><ele>45.582</ele><time>2026-10-06T17:14:20Z</time><speed>14.270</speed><sat>32</sat></trkpt>
  <trkpt lat="40.98682693" lon="29.04119187"><ele>45.493</ele><time>2026-10-06T17:14:21Z</time><speed>14.160</speed><sat>31</sat></trkpt>
  <trkpt lat="40.98694234" lon="29.04110482"><ele>45.316</ele><time>2026-10-06T17:14:22Z</time><speed>13.870</speed><sat>31</sat></trkpt>
  <trkpt lat="40.98704378" lon="29.04102642"><ele>45.693</ele><time>2026-10-06T17:14:23Z</time><speed>13.030</speed><sat>32</sat></trkpt>
  <trkpt lat="40.98715088" lon="29.04095083"><ele>44.041</ele><time>2026-10-06T17:14:24Z</time><speed>12.730</speed><sat>32</sat></trkpt>
  <trkpt lat="40.98725561" lon="29.04086836"><ele>42.576</ele><time>2026-10-06T17:14:25Z</time><speed>12.530</speed><sat>32</sat></trkpt>
  <trkpt lat="40.98735287" lon="29.04079488"><ele>41.269</ele><time>2026-10-06T17:14:26Z</time><speed>12.350</speed><sat>32</sat></trkpt>
  <trkpt lat="40.98744489" lon="29.04071570"><ele>42.125</ele><time>2026-10-06T17:14:27Z</time><speed>12.140</speed><sat>33</sat></trkpt>
  <trkpt lat="40.98753666" lon="29.04063519"><ele>42.877</ele><time>2026-10-06T17:14:28Z</time><speed>11.950</speed><sat>33</sat></trkpt>
  <trkpt lat="40.98762775" lon="29.04055914"><ele>43.328</ele><time>2026-10-06T17:14:29Z</time><speed>11.930</speed><sat>32</sat></trkpt>
  <trkpt lat="40.98771779" lon="29.04048705"><ele>43.552</ele><time>2026-10-06T17:14:30Z</time><speed>11.640</speed><sat>34</sat></trkpt>
  <trkpt lat="40.98780881" lon="29.04041348"><ele>43.260</ele><time>2026-10-06T17:14:31Z</time><speed>11.770</speed><sat>36</sat></trkpt>
  <trkpt lat="40.98789773" lon="29.04034546"><ele>43.126</ele><time>2026-10-06T17:14:32Z</time><speed>11.510</speed><sat>36</sat></trkpt>
  <trkpt lat="40.98797311" lon="29.04027540"><ele>42.614</ele><time>2026-10-06T17:14:33Z</time><speed>11.210</speed><sat>36</sat></trkpt>
  <trkpt lat="40.98805744" lon="29.04021397"><ele>42.526</ele><time>2026-10-06T17:14:34Z</time><speed>10.960</speed><sat>36</sat></trkpt>
  <trkpt lat="40.98813731" lon="29.04014971"><ele>43.781</ele><time>2026-10-06T17:14:35Z</time><speed>10.760</speed><sat>36</sat></trkpt>
  <trkpt lat="40.98822121" lon="29.04008364"><ele>43.894</ele><time>2026-10-06T17:14:36Z</time><speed>10.760</speed><sat>35</sat></trkpt>
  <trkpt lat="40.98829791" lon="29.04002124"><ele>43.483</ele><time>2026-10-06T17:14:37Z</time><speed>9.820</speed><sat>35</sat></trkpt>
  <trkpt lat="40.98837133" lon="29.03996158"><ele>43.767</ele><time>2026-10-06T17:14:38Z</time><speed>9.730</speed><sat>34</sat></trkpt>
  <trkpt lat="40.98844741" lon="29.03989257"><ele>43.858</ele><time>2026-10-06T17:14:39Z</time><speed>9.800</speed><sat>33</sat></trkpt>
  <trkpt lat="40.98851867" lon="29.03983102"><ele>44.090</ele><time>2026-10-06T17:14:40Z</time><speed>9.860</speed><sat>33</sat></trkpt>
  <trkpt lat="40.98859066" lon="29.03977735"><ele>43.717</ele><time>2026-10-06T17:14:41Z</time><speed>9.920</speed><sat>34</sat></trkpt>
  <trkpt lat="40.98867226" lon="29.03971623"><ele>44.093</ele><time>2026-10-06T17:14:42Z</time><speed>9.920</speed><sat>34</sat></trkpt>
  <trkpt lat="40.98874848" lon="29.03965160"><ele>43.862</ele><time>2026-10-06T17:14:43Z</time><speed>9.930</speed><sat>33</sat></trkpt>
  <trkpt lat="40.98883102" lon="29.03959279"><ele>43.822</ele><time>2026-10-06T17:14:44Z</time><speed>10.050</speed><sat>34</sat></trkpt>
  <trkpt lat="40.98891588" lon="29.03953121"><ele>43.797</ele><time>2026-10-06T17:14:45Z</time><speed>10.420</speed><sat>36</sat></trkpt>
  <trkpt lat="40.98899889" lon="29.03947347"><ele>43.805</ele><time>2026-10-06T17:14:46Z</time><speed>10.600</speed><sat>36</sat></trkpt>
  <trkpt lat="40.98908433" lon="29.03941886"><ele>43.598</ele><time>2026-10-06T17:14:47Z</time><speed>10.620</speed><sat>35</sat></trkpt>
  <trkpt lat="40.98917029" lon="29.03936352"><ele>44.588</ele><time>2026-10-06T17:14:48Z</time><speed>10.550</speed><sat>35</sat></trkpt>
  <trkpt lat="40.98924465" lon="29.03930297"><ele>45.042</ele><time>2026-10-06T17:14:49Z</time><speed>10.350</speed><sat>34</sat></trkpt>
  <trkpt lat="40.98932916" lon="29.03925541"><ele>45.294</ele><time>2026-10-06T17:14:50Z</time><speed>9.970</speed><sat>34</sat></trkpt>
  <trkpt lat="40.98940011" lon="29.03920409"><ele>45.716</ele><time>2026-10-06T17:14:51Z</time><speed>9.560</speed><sat>34</sat></trkpt>
  <trkpt lat="40.98947089" lon="29.03914163"><ele>47.138</ele><time>2026-10-06T17:14:52Z</time><speed>9.570</speed><sat>34</sat></trkpt>
  <trkpt lat="40.98954323" lon="29.03907954"><ele>48.289</ele><time>2026-10-06T17:14:53Z</time><speed>9.570</speed><sat>33</sat></trkpt>
  <trkpt lat="40.98962685" lon="29.03902379"><ele>47.804</ele><time>2026-10-06T17:14:54Z</time><speed>9.590</speed><sat>34</sat></trkpt>
  <trkpt lat="40.98970350" lon="29.03897340"><ele>47.482</ele><time>2026-10-06T17:14:55Z</time><speed>9.420</speed><sat>34</sat></trkpt>
  <trkpt lat="40.98978048" lon="29.03891360"><ele>47.643</ele><time>2026-10-06T17:14:56Z</time><speed>9.680</speed><sat>33</sat></trkpt>
  <trkpt lat="40.98985830" lon="29.03885685"><ele>47.381</ele><time>2026-10-06T17:14:57Z</time><speed>9.500</speed><sat>33</sat></trkpt>
  <trkpt lat="40.98993493" lon="29.03879452"><ele>47.148</ele><time>2026-10-06T17:14:58Z</time><speed>9.640</speed><sat>33</sat></trkpt>
  <trkpt lat="40.99000972" lon="29.03873875"><ele>47.086</ele><time>2026-10-06T17:14:59Z</time><speed>9.470</speed><sat>32</sat></trkpt>
  <trkpt lat="40.99008039" lon="29.03868184"><ele>46.738</ele><time>2026-10-06T17:15:00Z</time><speed>9.330</speed><sat>31</sat></trkpt>
  <trkpt lat="40.99015471" lon="29.03861836"><ele>46.531</ele><time>2026-10-06T17:15:01Z</time><speed>9.510</speed><sat>32</sat></trkpt>
  <trkpt lat="40.99022636" lon="29.03855348"><ele>46.397</ele><time>2026-10-06T17:15:02Z</time><speed>9.610</speed><sat>33</sat></trkpt>
  <trkpt lat="40.99029746" lon="29.03849037"><ele>46.408</ele><time>2026-10-06T17:15:03Z</time><speed>9.620</speed><sat>32</sat></trkpt>
  <trkpt lat="40.99036930" lon="29.03843043"><ele>46.292</ele><time>2026-10-06T17:15:04Z</time><speed>9.430</speed><sat>31</sat></trkpt>
  <trkpt lat="40.99044692" lon="29.03838184"><ele>47.043</ele><time>2026-10-06T17:15:05Z</time><speed>9.230</speed><sat>30</sat></trkpt>
  <trkpt lat="40.99051585" lon="29.03832842"><ele>47.095</ele><time>2026-10-06T17:15:06Z</time><speed>8.880</speed><sat>29</sat></trkpt>
  <trkpt lat="40.99058105" lon="29.03827943"><ele>47.445</ele><time>2026-10-06T17:15:07Z</time><speed>8.570</speed><sat>26</sat></trkpt>
  <trkpt lat="40.99064460" lon="29.03823100"><ele>47.455</ele><time>2026-10-06T17:15:08Z</time><speed>7.930</speed><sat>24</sat></trkpt>
  <trkpt lat="40.99070105" lon="29.03820105"><ele>46.996</ele><time>2026-10-06T17:15:09Z</time><speed>7.320</speed><sat>24</sat></trkpt>
  <trkpt lat="40.99075159" lon="29.03816031"><ele>46.514</ele><time>2026-10-06T17:15:10Z</time><speed>6.800</speed><sat>24</sat></trkpt>
  <trkpt lat="40.99080162" lon="29.03812480"><ele>46.427</ele><time>2026-10-06T17:15:11Z</time><speed>6.150</speed><sat>25</sat></trkpt>
  <trkpt lat="40.99084411" lon="29.03808929"><ele>45.690</ele><time>2026-10-06T17:15:12Z</time><speed>5.670</speed><sat>20</sat></trkpt>
  <trkpt lat="40.99088659" lon="29.03806023"><ele>45.647</ele><time>2026-10-06T17:15:13Z</time><speed>5.050</speed><sat>20</sat></trkpt>
  <trkpt lat="40.99092111" lon="29.03803004"><ele>45.588</ele><time>2026-10-06T17:15:14Z</time><speed>4.470</speed><sat>21</sat></trkpt>
  <trkpt lat="40.99094807" lon="29.03800639"><ele>44.701</ele><time>2026-10-06T17:15:15Z</time><speed>3.820</speed><sat>24</sat></trkpt>
  <trkpt lat="40.99097260" lon="29.03798788"><ele>44.278</ele><time>2026-10-06T17:15:16Z</time><speed>3.300</speed><sat>25</sat></trkpt>
  <trkpt lat="40.99099259" lon="29.03797267"><ele>43.929</ele><time>2026-10-06T17:15:17Z</time><speed>2.730</speed><sat>25</sat></trkpt>
  <trkpt lat="40.99100558" lon="29.03796803"><ele>43.070</ele><time>2026-10-06T17:15:18Z</time><speed>1.840</speed><sat>26</sat></trkpt>
  <trkpt lat="40.99100889" lon="29.03796238"><ele>42.106</ele><time>2026-10-06T17:15:19Z</time><speed>1.030</speed><sat>26</sat></trkpt>
  <trkpt lat="40.99100744" lon="29.03796497"><ele>41.151</ele><time>2026-10-06T17:15:20Z</time><speed>0.000</speed><sat>26</sat></trkpt>
  <trkpt lat="40.99100744" lon="29.03796554"><ele>41.018</ele><time>2026-10-06T17:15:21Z</time><speed>0.000</speed><sat>26</sat></trkpt>
  <trkpt lat="40.99100714" lon="29.03796499"><ele>40.953</ele><time>2026-10-06T17:15:22Z</time><speed>0.000</speed><sat>25</sat></trkpt>
  <trkpt lat="40.99100337" lon="29.03793878"><ele>40.057</ele><time>2026-10-06T17:15:23Z</time><speed>0.000</speed><sat>24</sat></trkpt>
  <trkpt lat="40.99101314" lon="29.03794336"><ele>40.833</ele><time>2026-10-06T17:15:24Z</time><speed>0.000</speed><sat>31</sat></trkpt>
  <trkpt lat="40.99101172" lon="29.03795637"><ele>40.656</ele><time>2026-10-06T17:15:25Z</time><speed>0.000</speed><sat>31</sat></trkpt>
  <trkpt lat="40.99100402" lon="29.03795626"><ele>39.881</ele><time>2026-10-06T17:15:26Z</time><speed>0.000</speed><sat>36</sat></trkpt>
  <trkpt lat="40.99100144" lon="29.03796500"><ele>39.580</ele><time>2026-10-06T17:15:27Z</time><speed>0.000</speed><sat>35</sat></trkpt>
  <trkpt lat="40.99100018" lon="29.03796676"><ele>39.544</ele><time>2026-10-06T17:15:28Z</time><speed>0.000</speed><sat>36</sat></trkpt>
  <trkpt lat="40.99099952" lon="29.03796686"><ele>39.502</ele><time>2026-10-06T17:15:29Z</time><speed>0.000</speed><sat>37</sat></trkpt>
  <trkpt lat="40.99099143" lon="29.03796178"><ele>39.030</ele><time>2026-10-06T17:15:30Z</time><speed>0.000</speed><sat>35</sat></trkpt>
  <trkpt lat="40.99099013" lon="29.03796415"><ele>38.887</ele><time>2026-10-06T17:15:31Z</time><speed>0.000</speed><sat>35</sat></trkpt>
  <trkpt lat="40.99098799" lon="29.03796459"><ele>38.776</ele><time>2026-10-06T17:15:32Z</time><speed>0.000</speed><sat>31</sat></trkpt>
  <trkpt lat="40.99098506" lon="29.03796375"><ele>38.670</ele><time>2026-10-06T17:15:33Z</time><speed>0.000</speed><sat>31</sat></trkpt>
  <trkpt lat="40.99098302" lon="29.03796418"><ele>38.569</ele><time>2026-10-06T17:15:34Z</time><speed>0.000</speed><sat>30</sat></trkpt>
  <trkpt lat="40.99098268" lon="29.03796592"><ele>38.548</ele><time>2026-10-06T17:15:35Z</time><speed>0.000</speed><sat>29</sat></trkpt>
  <trkpt lat="40.99098189" lon="29.03796759"><ele>38.522</ele><time>2026-10-06T17:15:36Z</time><speed>0.000</speed><sat>29</sat></trkpt>
  <trkpt lat="40.99098095" lon="29.03796823"><ele>38.437</ele><time>2026-10-06T17:15:37Z</time><speed>0.000</speed><sat>27</sat></trkpt>
  <trkpt lat="40.99098020" lon="29.03796625"><ele>38.375</ele><time>2026-10-06T17:15:38Z</time><speed>0.000</speed><sat>30</sat></trkpt>
  <trkpt lat="40.99097945" lon="29.03796695"><ele>38.312</ele><time>2026-10-06T17:15:39Z</time><speed>0.000</speed><sat>29</sat></trkpt>
  <trkpt lat="40.99097888" lon="29.03796781"><ele>38.252</ele><time>2026-10-06T17:15:40Z</time><speed>0.000</speed><sat>30</sat></trkpt>
  <trkpt lat="40.99097811" lon="29.03796892"><ele>38.165</ele><time>2026-10-06T17:15:41Z</time><speed>0.000</speed><sat>31</sat></trkpt>
  <trkpt lat="40.99097810" lon="29.03796901"><ele>38.158</ele><time>2026-10-06T17:15:42Z</time><speed>0.000</speed><sat>30</sat></trkpt>
  <trkpt lat="40.99097786" lon="29.03796899"><ele>38.127</ele><time>2026-10-06T17:15:43Z</time><speed>0.000</speed><sat>25</sat></trkpt>
  <trkpt lat="40.99097793" lon="29.03796954"><ele>38.140</ele><time>2026-10-06T17:15:44Z</time><speed>0.000</speed><sat>24</sat></trkpt>
  <trkpt lat="40.99097793" lon="29.03796934"><ele>38.158</ele><time>2026-10-06T17:15:45Z</time><speed>0.000</speed><sat>24</sat></trkpt>
  <trkpt lat="40.99097605" lon="29.03796509"><ele>38.018</ele><time>2026-10-06T17:15:46Z</time><speed>0.000</speed><sat>23</sat></trkpt>
  <trkpt lat="40.99097583" lon="29.03796538"><ele>37.995</ele><time>2026-10-06T17:15:47Z</time><speed>0.000</speed><sat>24</sat></trkpt>
  <trkpt lat="40.99097592" lon="29.03796606"><ele>37.993</ele><time>2026-10-06T17:15:48Z</time><speed>0.000</speed><sat>25</sat></trkpt>
  <trkpt lat="40.99097619" lon="29.03796606"><ele>38.027</ele><time>2026-10-06T17:15:49Z</time><speed>0.000</speed><sat>31</sat></trkpt>
  <trkpt lat="40.99097618" lon="29.03796598"><ele>38.040</ele><time>2026-10-06T17:15:50Z</time><speed>0.000</speed><sat>31</sat></trkpt>
  <trkpt lat="40.99097620" lon="29.03796602"><ele>38.038</ele><time>2026-10-06T17:15:51Z</time><speed>0.000</speed><sat>30</sat></trkpt>
  <trkpt lat="40.99097647" lon="29.03796642"><ele>38.079</ele><time>2026-10-06T17:15:52Z</time><speed>0.000</speed><sat>29</sat></trkpt>
  <trkpt lat="40.99097572" lon="29.03796361"><ele>38.019</ele><time>2026-10-06T17:15:53Z</time><speed>0.000</speed><sat>29</sat></trkpt>
  <trkpt lat="40.99097578" lon="29.03796343"><ele>38.039</ele><time>2026-10-06T17:15:54Z</time><speed>0.000</speed><sat>27</sat></trkpt>
  <trkpt lat="40.99097587" lon="29.03796323"><ele>38.069</ele><time>2026-10-06T17:15:55Z</time><speed>0.000</speed><sat>21</sat></trkpt>
  <trkpt lat="40.99101553" lon="29.03794263"><ele>38.961</ele><time>2026-10-06T17:15:56Z</time><speed>3.210</speed><sat>22</sat></trkpt>
  <trkpt lat="40.99104471" lon="29.03790899"><ele>38.761</ele><time>2026-10-06T17:15:57Z</time><speed>4.280</speed><sat>22</sat></trkpt>
  <trkpt lat="40.99108361" lon="29.03787215"><ele>38.595</ele><time>2026-10-06T17:15:58Z</time><speed>4.930</speed><sat>22</sat></trkpt>
  <trkpt lat="40.99113020" lon="29.03779852"><ele>38.473</ele><time>2026-10-06T17:15:59Z</time><speed>6.180</speed><sat>20</sat></trkpt>
  <trkpt lat="40.99118880" lon="29.03775802"><ele>39.707</ele><time>2026-10-06T17:16:00Z</time><speed>7.290</speed><sat>23</sat></trkpt>
  <trkpt lat="40.99124921" lon="29.03766240"><ele>38.925</ele><time>2026-10-06T17:16:01Z</time><speed>8.300</speed><sat>28</sat></trkpt>
  <trkpt lat="40.99131011" lon="29.03758979"><ele>40.357</ele><time>2026-10-06T17:16:02Z</time><speed>8.390</speed><sat>27</sat></trkpt>
  <trkpt lat="40.99137856" lon="29.03749512"><ele>40.426</ele><time>2026-10-06T17:16:03Z</time><speed>8.990</speed><sat>26</sat></trkpt>
  <trkpt lat="40.99147479" lon="29.03741170"><ele>40.811</ele><time>2026-10-06T17:16:04Z</time><speed>9.840</speed><sat>26</sat></trkpt>
  <trkpt lat="40.99153958" lon="29.03731446"><ele>41.732</ele><time>2026-10-06T17:16:05Z</time><speed>9.400</speed><sat>29</sat></trkpt>
  <trkpt lat="40.99160304" lon="29.03724032"><ele>41.730</ele><time>2026-10-06T17:16:06Z</time><speed>9.280</speed><sat>31</sat></trkpt>
  <trkpt lat="40.99166612" lon="29.03716452"><ele>41.885</ele><time>2026-10-06T17:16:07Z</time><speed>9.210</speed><sat>34</sat></trkpt>
  <trkpt lat="40.99173743" lon="29.03709797"><ele>41.585</ele><time>2026-10-06T17:16:08Z</time><speed>9.220</speed><sat>35</sat></trkpt>
  <trkpt lat="40.99179321" lon="29.03702016"><ele>41.603</ele><time>2026-10-06T17:16:09Z</time><speed>9.210</speed><sat>35</sat></trkpt>
  <trkpt lat="40.99186265" lon="29.03694240"><ele>43.814</ele><time>2026-10-06T17:16:10Z</time><speed>9.300</speed><sat>35</sat></trkpt>
  <trkpt lat="40.99192961" lon="29.03686651"><ele>44.981</ele><time>2026-10-06T17:16:11Z</time><speed>9.380</speed><sat>34</sat></trkpt>
  <trkpt lat="40.99198422" lon="29.03679063"><ele>46.025</ele><time>2026-10-06T17:16:12Z</time><speed>9.300</speed><sat>35</sat></trkpt>
  <trkpt lat="40.99205045" lon="29.03670782"><ele>46.288</ele><time>2026-10-06T17:16:13Z</time><speed>9.090</speed><sat>36</sat></trkpt>
  <trkpt lat="40.99210697" lon="29.03663340"><ele>46.210</ele><time>2026-10-06T17:16:14Z</time><speed>9.110</speed><sat>36</sat></trkpt>
  <trkpt lat="40.99216013" lon="29.03654341"><ele>47.026</ele><time>2026-10-06T17:16:15Z</time><speed>9.190</speed><sat>36</sat></trkpt>
  <trkpt lat="40.99221699" lon="29.03646011"><ele>47.057</ele><time>2026-10-06T17:16:16Z</time><speed>9.330</speed><sat>37</sat></trkpt>
  <trkpt lat="40.99227521" lon="29.03636979"><ele>47.420</ele><time>2026-10-06T17:16:17Z</time><speed>9.250</speed><sat>37</sat></trkpt>
  <trkpt lat="40.99232690" lon="29.03628550"><ele>48.008</ele><time>2026-10-06T17:16:18Z</time><speed>9.280</speed><sat>37</sat></trkpt>
  <trkpt lat="40.99237958" lon="29.03619860"><ele>48.424</ele><time>2026-10-06T17:16:19Z</time><speed>9.250</speed><sat>37</sat></trkpt>
  <trkpt lat="40.99243187" lon="29.03610655"><ele>48.384</ele><time>2026-10-06T17:16:20Z</time><speed>9.230</speed><sat>37</sat></trkpt>
  <trkpt lat="40.99248087" lon="29.03601892"><ele>48.038</ele><time>2026-10-06T17:16:21Z</time><speed>9.250</speed><sat>37</sat></trkpt>
  <trkpt lat="40.99253057" lon="29.03592455"><ele>47.916</ele><time>2026-10-06T17:16:22Z</time><speed>9.220</speed><sat>37</sat></trkpt>
  <trkpt lat="40.99257339" lon="29.03583978"><ele>47.784</ele><time>2026-10-06T17:16:23Z</time><speed>9.150</speed><sat>37</sat></trkpt>
  <trkpt lat="40.99261842" lon="29.03574781"><ele>47.540</ele><time>2026-10-06T17:16:24Z</time><speed>9.140</speed><sat>37</sat></trkpt>
  <trkpt lat="40.99266139" lon="29.03565090"><ele>47.361</ele><time>2026-10-06T17:16:25Z</time><speed>9.260</speed><sat>37</sat></trkpt>
  <trkpt lat="40.99270632" lon="29.03555912"><ele>47.608</ele><time>2026-10-06T17:16:26Z</time><speed>9.210</speed><sat>37</sat></trkpt>
  <trkpt lat="40.99274731" lon="29.03545752"><ele>48.495</ele><time>2026-10-06T17:16:27Z</time><speed>9.260</speed><sat>37</sat></trkpt>
  <trkpt lat="40.99277949" lon="29.03536334"><ele>47.962</ele><time>2026-10-06T17:16:28Z</time><speed>9.180</speed><sat>36</sat></trkpt>
  <trkpt lat="40.99281891" lon="29.03525960"><ele>47.888</ele><time>2026-10-06T17:16:29Z</time><speed>9.140</speed><sat>36</sat></trkpt>
  <trkpt lat="40.99286072" lon="29.03515484"><ele>47.056</ele><time>2026-10-06T17:16:30Z</time><speed>9.250</speed><sat>36</sat></trkpt>
  <trkpt lat="40.99289577" lon="29.03505971"><ele>46.753</ele><time>2026-10-06T17:16:31Z</time><speed>9.230</speed><sat>36</sat></trkpt>
  <trkpt lat="40.99293521" lon="29.03496571"><ele>46.353</ele><time>2026-10-06T17:16:32Z</time><speed>9.150</speed><sat>36</sat></trkpt>
  <trkpt lat="40.99298019" lon="29.03487626"><ele>47.093</ele><time>2026-10-06T17:16:33Z</time><speed>9.100</speed><sat>36</sat></trkpt>
  <trkpt lat="40.99303002" lon="29.03478521"><ele>47.340</ele><time>2026-10-06T17:16:34Z</time><speed>9.290</speed><sat>36</sat></trkpt>
  <trkpt lat="40.99307803" lon="29.03469530"><ele>46.873</ele><time>2026-10-06T17:16:35Z</time><speed>9.260</speed><sat>36</sat></trkpt>
  <trkpt lat="40.99312685" lon="29.03460112"><ele>46.839</ele><time>2026-10-06T17:16:36Z</time><speed>9.260</speed><sat>36</sat></trkpt>
  <trkpt lat="40.99317649" lon="29.03450184"><ele>46.623</ele><time>2026-10-06T17:16:37Z</time><speed>9.230</speed><sat>35</sat></trkpt>
  <trkpt lat="40.99322281" lon="29.03441199"><ele>46.293</ele><time>2026-10-06T17:16:38Z</time><speed>9.220</speed><sat>34</sat></trkpt>
  <trkpt lat="40.99327014" lon="29.03432105"><ele>46.420</ele><time>2026-10-06T17:16:39Z</time><speed>9.240</speed><sat>33</sat></trkpt>
  <trkpt lat="40.99331563" lon="29.03422272"><ele>46.188</ele><time>2026-10-06T17:16:40Z</time><speed>9.230</speed><sat>33</sat></trkpt>
  <trkpt lat="40.99336129" lon="29.03413126"><ele>46.381</ele><time>2026-10-06T17:16:41Z</time><speed>9.220</speed><sat>32</sat></trkpt>
  <trkpt lat="40.99340765" lon="29.03403720"><ele>46.433</ele><time>2026-10-06T17:16:42Z</time><speed>9.250</speed><sat>31</sat></trkpt>
  <trkpt lat="40.99345475" lon="29.03394400"><ele>46.405</ele><time>2026-10-06T17:16:43Z</time><speed>9.280</speed><sat>30</sat></trkpt>
  <trkpt lat="40.99350183" lon="29.03385587"><ele>46.512</ele><time>2026-10-06T17:16:44Z</time><speed>9.160</speed><sat>32</sat></trkpt>
  <trkpt lat="40.99355180" lon="29.03376829"><ele>47.151</ele><time>2026-10-06T17:16:45Z</time><speed>9.150</speed><sat>31</sat></trkpt>
  <trkpt lat="40.99359320" lon="29.03368139"><ele>47.193</ele><time>2026-10-06T17:16:46Z</time><speed>9.070</speed><sat>31</sat></trkpt>
  <trkpt lat="40.99363709" lon="29.03359411"><ele>47.990</ele><time>2026-10-06T17:16:47Z</time><speed>8.860</speed><sat>31</sat></trkpt>
  <trkpt lat="40.99367744" lon="29.03350491"><ele>48.069</ele><time>2026-10-06T17:16:48Z</time><speed>8.800</speed><sat>32</sat></trkpt>
  <trkpt lat="40.99371909" lon="29.03341602"><ele>48.121</ele><time>2026-10-06T17:16:49Z</time><speed>8.790</speed><sat>31</sat></trkpt>
  <trkpt lat="40.99491194" lon="29.03193365"><ele>47.173</ele><time>2026-10-06T17:17:04Z</time><speed>16.030</speed><sat>13</sat></trkpt>
  <trkpt lat="40.99504645" lon="29.03182704"><ele>47.257</ele><time>2026-10-06T17:17:05Z</time><speed>17.250</speed><sat>15</sat></trkpt>
  <trkpt lat="40.99517050" lon="29.03170698"><ele>47.257</ele><time>2026-10-06T17:17:06Z</time><speed>17.090</speed><sat>15</sat></trkpt>
  <trkpt lat="40.99530492" lon="29.03161201"><ele>47.689</ele><time>2026-10-06T17:17:07Z</time><speed>17.030</speed><sat>16</sat></trkpt>
  <trkpt lat="40.99546075" lon="29.03154833"><ele>46.325</ele><time>2026-10-06T17:17:08Z</time><speed>17.090</speed><sat>16</sat></trkpt>
  <trkpt lat="40.99559991" lon="29.03144594"><ele>45.756</ele><time>2026-10-06T17:17:09Z</time><speed>17.380</speed><sat>17</sat></trkpt>
  <trkpt lat="40.99573855" lon="29.03134196"><ele>46.012</ele><time>2026-10-06T17:17:10Z</time><speed>17.760</speed><sat>18</sat></trkpt>
  <trkpt lat="40.99586311" lon="29.03123574"><ele>46.225</ele><time>2026-10-06T17:17:11Z</time><speed>17.890</speed><sat>18</sat></trkpt>
  <trkpt lat="40.99600452" lon="29.03114916"><ele>46.133</ele><time>2026-10-06T17:17:12Z</time><speed>17.780</speed><sat>18</sat></trkpt>
  <trkpt lat="40.99613890" lon="29.03103235"><ele>45.675</ele><time>2026-10-06T17:17:13Z</time><speed>18.090</speed><sat>18</sat></trkpt>
  <trkpt lat="40.99627183" lon="29.03092596"><ele>45.799</ele><time>2026-10-06T17:17:14Z</time><speed>17.800</speed><sat>19</sat></trkpt>
  <trkpt lat="40.99640189" lon="29.03080914"><ele>46.771</ele><time>2026-10-06T17:17:15Z</time><speed>17.760</speed><sat>17</sat></trkpt>
  <trkpt lat="40.99653686" lon="29.03072719"><ele>45.566</ele><time>2026-10-06T17:17:16Z</time><speed>17.500</speed><sat>16</sat></trkpt>
  <trkpt lat="40.99667868" lon="29.03061415"><ele>45.676</ele><time>2026-10-06T17:17:17Z</time><speed>18.130</speed><sat>16</sat></trkpt>
  <trkpt lat="40.99681090" lon="29.03049143"><ele>45.415</ele><time>2026-10-06T17:17:18Z</time><speed>17.760</speed><sat>16</sat></trkpt>
  <trkpt lat="40.99694963" lon="29.03037714"><ele>45.115</ele><time>2026-10-06T17:17:19Z</time><speed>17.720</speed><sat>16</sat></trkpt>
  <trkpt lat="40.99708071" lon="29.03028309"><ele>45.234</ele><time>2026-10-06T17:17:20Z</time><speed>17.110</speed><sat>15</sat></trkpt>
  <trkpt lat="40.99722687" lon="29.03021441"><ele>44.115</ele><time>2026-10-06T17:17:21Z</time><speed>17.000</speed><sat>17</sat></trkpt>
  <trkpt lat="40.99736817" lon="29.03013543"><ele>42.664</ele><time>2026-10-06T17:17:22Z</time><speed>16.890</speed><sat>20</sat></trkpt>
  <trkpt lat="40.99750992" lon="29.03003929"><ele>42.046</ele><time>2026-10-06T17:17:23Z</time><speed>17.120</speed><sat>21</sat></trkpt>
  <trkpt lat="40.99765154" lon="29.02998006"><ele>43.283</ele><time>2026-10-06T17:17:24Z</time><speed>16.380</speed><sat>23</sat></trkpt>
  <trkpt lat="40.99780675" lon="29.02993408"><ele>42.177</ele><time>2026-10-06T17:17:25Z</time><speed>16.870</speed><sat>23</sat></trkpt>
  <trkpt lat="40.99794837" lon="29.02988636"><ele>41.371</ele><time>2026-10-06T17:17:26Z</time><speed>15.940</speed><sat>25</sat></trkpt>
  <trkpt lat="40.99811386" lon="29.02985353"><ele>41.359</ele><time>2026-10-06T17:17:27Z</time><speed>16.680</speed><sat>26</sat></trkpt>
  <trkpt lat="40.99825881" lon="29.02983284"><ele>39.321</ele><time>2026-10-06T17:17:28Z</time><speed>16.230</speed><sat>29</sat></trkpt>
  <trkpt lat="40.99840077" lon="29.02981706"><ele>38.932</ele><time>2026-10-06T17:17:29Z</time><speed>16.050</speed><sat>30</sat></trkpt>
  <trkpt lat="40.99855334" lon="29.02980909"><ele>39.256</ele><time>2026-10-06T17:17:30Z</time><speed>15.910</speed><sat>31</sat></trkpt>
  <trkpt lat="40.99868564" lon="29.02982158"><ele>41.505</ele><time>2026-10-06T17:17:31Z</time><speed>15.180</speed><sat>32</sat></trkpt>
  <trkpt lat="40.99881527" lon="29.02983007"><ele>41.681</ele><time>2026-10-06T17:17:32Z</time><speed>14.530</speed><sat>32</sat></trkpt>
  <trkpt lat="40.99895358" lon="29.02983684"><ele>42.900</ele><time>2026-10-06T17:17:33Z</time><speed>14.330</speed><sat>32</sat></trkpt>
  <trkpt lat="40.99907852" lon="29.02985359"><ele>43.662</ele><time>2026-10-06T17:17:34Z</time><speed>14.080</speed><sat>32</sat></trkpt>
  <trkpt lat="40.99920721" lon="29.02988350"><ele>44.779</ele><time>2026-10-06T17:17:35Z</time><speed>14.030</speed><sat>33</sat></trkpt>
  <trkpt lat="40.99932557" lon="29.02992729"><ele>45.719</ele><time>2026-10-06T17:17:36Z</time><speed>13.430</speed><sat>33</sat></trkpt>
  <trkpt lat="40.99944122" lon="29.02996894"><ele>45.657</ele><time>2026-10-06T17:17:37Z</time><speed>12.660</speed><sat>32</sat></trkpt>
  <trkpt lat="40.99954840" lon="29.03000001"><ele>45.653</ele><time>2026-10-06T17:17:38Z</time><speed>12.780</speed><sat>31</sat></trkpt>
  <trkpt lat="40.99966113" lon="29.03003545"><ele>45.425</ele><time>2026-10-06T17:17:39Z</time><speed>11.980</speed><sat>31</sat></trkpt>
  <trkpt lat="40.99976513" lon="29.03007464"><ele>45.518</ele><time>2026-10-06T17:17:40Z</time><speed>11.660</speed><sat>31</sat></trkpt>
  <trkpt lat="40.99985004" lon="29.03012293"><ele>45.687</ele><time>2026-10-06T17:17:41Z</time><speed>11.140</speed><sat>33</sat></trkpt>
  <trkpt lat="40.99995410" lon="29.03015982"><ele>44.154</ele><time>2026-10-06T17:17:42Z</time><speed>10.630</speed><sat>31</sat></trkpt>
  <trkpt lat="41.00004336" lon="29.03020560"><ele>43.515</ele><time>2026-10-06T17:17:43Z</time><speed>9.970</speed><sat>31</sat></trkpt>
  <trkpt lat="41.00013201" lon="29.03025361"><ele>42.779</ele><time>2026-10-06T17:17:44Z</time><speed>9.640</speed><sat>32</sat></trkpt>
  <trkpt lat="41.00021593" lon="29.03029115"><ele>42.754</ele><time>2026-10-06T17:17:45Z</time><speed>8.960</speed><sat>32</sat></trkpt>
  <trkpt lat="41.00029046" lon="29.03032918"><ele>42.322</ele><time>2026-10-06T17:17:46Z</time><speed>8.120</speed><sat>31</sat></trkpt>
  <trkpt lat="41.00036542" lon="29.03035273"><ele>42.475</ele><time>2026-10-06T17:17:47Z</time><speed>7.810</speed><sat>31</sat></trkpt>
  <trkpt lat="41.00042670" lon="29.03038045"><ele>42.800</ele><time>2026-10-06T17:17:48Z</time><speed>7.200</speed><sat>31</sat></trkpt>
  <trkpt lat="41.00048953" lon="29.03041242"><ele>42.938</ele><time>2026-10-06T17:17:49Z</time><speed>7.100</speed><sat>31</sat></trkpt>
  <trkpt lat="41.00054868" lon="29.03042640"><ele>43.561</ele><time>2026-10-06T17:17:50Z</time><speed>6.240</speed><sat>32</sat></trkpt>
  <trkpt lat="41.00059772" lon="29.03045249"><ele>44.160</ele><time>2026-10-06T17:17:51Z</time><speed>5.680</speed><sat>32</sat></trkpt>
  <trkpt lat="41.00065526" lon="29.03046496"><ele>43.754</ele><time>2026-10-06T17:17:52Z</time><speed>5.280</speed><sat>33</sat></trkpt>
  <trkpt lat="41.00069959" lon="29.03047759"><ele>43.922</ele><time>2026-10-06T17:17:53Z</time><speed>4.760</speed><sat>33</sat></trkpt>
  <trkpt lat="41.00073714" lon="29.03049120"><ele>44.076</ele><time>2026-10-06T17:17:54Z</time><speed>4.280</speed><sat>33</sat></trkpt>
  <trkpt lat="41.00076857" lon="29.03050448"><ele>43.487</ele><time>2026-10-06T17:17:55Z</time><speed>3.750</speed><sat>33</sat></trkpt>
  <trkpt lat="41.00080359" lon="29.03051071"><ele>43.255</ele><time>2026-10-06T17:17:56Z</time><speed>3.400</speed><sat>34</sat></trkpt>
  <trkpt lat="41.00082689" lon="29.03052180"><ele>42.086</ele><time>2026-10-06T17:17:57Z</time><speed>2.880</speed><sat>34</sat></trkpt>
  <trkpt lat="41.00084996" lon="29.03052906"><ele>42.128</ele><time>2026-10-06T17:17:58Z</time><speed>2.380</speed><sat>34</sat></trkpt>
  <trkpt lat="41.00086613" lon="29.03053474"><ele>42.034</ele><time>2026-10-06T17:17:59Z</time><speed>1.780</speed><sat>35</sat></trkpt>
  <trkpt lat="41.00088255" lon="29.03053655"><ele>42.370</ele><time>2026-10-06T17:18:00Z</time><speed>0.950</speed><sat>35</sat></trkpt>
  <trkpt lat="41.00088925" lon="29.03053781"><ele>41.853</ele><time>2026-10-06T17:18:01Z</time><speed>0.690</speed><sat>35</sat></trkpt>
  <trkpt lat="41.00088857" lon="29.03054187"><ele>42.023</ele><time>2026-10-06T17:18:02Z</time><speed>0.000</speed><sat>35</sat></trkpt>
  <trkpt lat="41.00088653" lon="29.03054406"><ele>42.540</ele><time>2026-10-06T17:18:03Z</time><speed>0.000</speed><sat>35</sat></trkpt>
  <trkpt lat="41.00088360" lon="29.03054718"><ele>42.263</ele><time>2026-10-06T17:18:04Z</time><speed>0.000</speed><sat>35</sat></trkpt>
  <trkpt lat="41.00088367" lon="29.03054378"><ele>42.131</ele><time>2026-10-06T17:18:05Z</time><speed>0.000</speed><sat>35</sat></trkpt>
  <trkpt lat="41.00087991" lon="29.03054327"><ele>42.164</ele><time>2026-10-06T17:18:06Z</time><speed>0.000</speed><sat>35</sat></trkpt>
  <trkpt lat="41.00087813" lon="29.03054079"><ele>42.071</ele><time>2026-10-06T17:18:07Z</time><speed>0.000</speed><sat>35</sat></trkpt>
  <trkpt lat="41.00087815" lon="29.03053961"><ele>42.028</ele><time>2026-10-06T17:18:08Z</time><speed>0.000</speed><sat>35</sat></trkpt>
  <trkpt lat="41.00087874" lon="29.03053930"><ele>42.087</ele><time>2026-10-06T17:18:09Z</time><speed>0.000</speed><sat>35</sat></trkpt>
  <trkpt lat="41.00088058" lon="29.03053752"><ele>42.193</ele><time>2026-10-06T17:18:10Z</time><speed>0.000</speed><sat>36</sat></trkpt>
  <trkpt lat="41.00088082" lon="29.03053850"><ele>42.309</ele><time>2026-10-06T17:18:11Z</time><speed>0.000</speed><sat>36</sat></trkpt>
  <trkpt lat="41.00088087" lon="29.03053900"><ele>42.340</ele><time>2026-10-06T17:18:12Z</time><speed>0.000</speed><sat>36</sat></trkpt>
  <trkpt lat="41.00088105" lon="29.03053900"><ele>42.416</ele><time>2026-10-06T17:18:13Z</time><speed>0.000</speed><sat>36</sat></trkpt>
  <trkpt lat="41.00088079" lon="29.03053987"><ele>42.428</ele><time>2026-10-06T17:18:14Z</time><speed>0.000</speed><sat>35</sat></trkpt>
  <trkpt lat="41.00088086" lon="29.03054060"><ele>42.529</ele><time>2026-10-06T17:18:15Z</time><speed>0.000</speed><sat>35</sat></trkpt>
  <trkpt lat="41.00088061" lon="29.03054126"><ele>42.518</ele><time>2026-10-06T17:18:16Z</time><speed>0.000</speed><sat>35</sat></trkpt>
  <trkpt lat="41.00088052" lon="29.03054170"><ele>42.535</ele><time>2026-10-06T17:18:17Z</time><speed>0.000</speed><sat>34</sat></trkpt>
  <trkpt lat="41.00088045" lon="29.03054204"><ele>42.546</ele><time>2026-10-06T17:18:18Z</time><speed>0.000</speed><sat>34</sat></trkpt>
  <trkpt lat="41.00088050" lon="29.03054204"><ele>42.546</ele><time>2026-10-06T17:18:19Z</time><speed>0.000</speed><sat>32</sat></trkpt>
  <trkpt lat="41.00088050" lon="29.03054205"><ele>42.546</ele><time>2026-10-06T17:18:20Z</time><speed>0.000</speed><sat>32</sat></trkpt>
  <trkpt lat="41.00088046" lon="29.03054213"><ele>42.541</ele><time>2026-10-06T17:18:21Z</time><speed>0.000</speed><sat>32</sat></trkpt>
  <trkpt lat="41.00088048" lon="29.03054212"><ele>42.542</ele><time>2026-10-06T17:18:22Z</time><speed>0.000</speed><sat>32</sat></trkpt>
  <trkpt lat="41.00088049" lon="29.03054213"><ele>42.541</ele><time>2026-10-06T17:18:23Z</time><speed>0.000</speed><sat>31</sat></trkpt>
  <trkpt lat="41.00088049" lon="29.03054214"><ele>42.541</ele><time>2026-10-06T17:18:24Z</time><speed>0.000</speed><sat>30</sat></trkpt>
  <trkpt lat="41.00088050" lon="29.03054214"><ele>42.541</ele><time>2026-10-06T17:18:25Z</time><speed>0.000</speed><sat>25</sat></trkpt>
  <trkpt lat="41.00088051" lon="29.03054221"><ele>42.544</ele><time>2026-10-06T17:18:26Z</time><speed>0.000</speed><sat>14</sat></trkpt>
  <trkpt lat="41.00088053" lon="29.03054219"><ele>42.546</ele><time>2026-10-06T17:18:27Z</time><speed>0.000</speed><sat>14</sat></trkpt>
  <trkpt lat="41.00088056" lon="29.03054218"><ele>42.547</ele><time>2026-10-06T17:18:28Z</time><speed>0.000</speed><sat>17</sat></trkpt>
  <trkpt lat="41.00088056" lon="29.03054218"><ele>42.547</ele><time>2026-10-06T17:18:29Z</time><speed>0.000</speed><sat>19</sat></trkpt>
  <trkpt lat="41.00088058" lon="29.03054217"><ele>42.548</ele><time>2026-10-06T17:18:30Z</time><speed>0.000</speed><sat>17</sat></trkpt>
  <trkpt lat="41.00088059" lon="29.03054217"><ele>42.549</ele><time>2026-10-06T17:18:31Z</time><speed>0.000</speed><sat>21</sat></trkpt>
  <trkpt lat="41.00088062" lon="29.03054207"><ele>42.549</ele><time>2026-10-06T17:18:32Z</time><speed>0.000</speed><sat>23</sat></trkpt>
  <trkpt lat="41.00088063" lon="29.03054206"><ele>42.551</ele><time>2026-10-06T17:18:33Z</time><speed>0.000</speed><sat>24</sat></trkpt>
  <trkpt lat="41.00088065" lon="29.03054206"><ele>42.551</ele><time>2026-10-06T17:18:34Z</time><speed>0.000</speed><sat>21</sat></trkpt>
  <trkpt lat="41.00088064" lon="29.03054207"><ele>42.550</ele><time>2026-10-06T17:18:35Z</time><speed>0.000</speed><sat>20</sat></trkpt>
  <trkpt lat="41.00088064" lon="29.03054205"><ele>42.548</ele><time>2026-10-06T17:18:36Z</time><speed>0.000</speed><sat>21</sat></trkpt>
  <trkpt lat="41.00088066" lon="29.03054197"><ele>42.548</ele><time>2026-10-06T17:18:37Z</time><speed>0.000</speed><sat>19</sat></trkpt>
  <trkpt lat="41.00088069" lon="29.03054195"><ele>42.550</ele><time>2026-10-06T17:18:38Z</time><speed>0.000</speed><sat>17</sat></trkpt>
  <trkpt lat="41.00088070" lon="29.03054192"><ele>42.548</ele><time>2026-10-06T17:18:39Z</time><speed>0.000</speed><sat>18</sat></trkpt>
  <trkpt lat="41.00088069" lon="29.03054208"><ele>42.559</ele><time>2026-10-06T17:18:40Z</time><speed>0.000</speed><sat>19</sat></trkpt>
  <trkpt lat="41.00088070" lon="29.03054212"><ele>42.561</ele><time>2026-10-06T17:18:41Z</time><speed>0.000</speed><sat>27</sat></trkpt>
  <trkpt lat="41.00088072" lon="29.03054216"><ele>42.560</ele><time>2026-10-06T17:18:42Z</time><speed>0.000</speed><sat>29</sat></trkpt>
  <trkpt lat="41.00088055" lon="29.03054229"><ele>42.555</ele><time>2026-10-06T17:18:43Z</time><speed>0.000</speed><sat>28</sat></trkpt>
  <trkpt lat="41.00088058" lon="29.03054232"><ele>42.554</ele><time>2026-10-06T17:18:44Z</time><speed>0.000</speed><sat>28</sat></trkpt>
  <trkpt lat="41.00093268" lon="29.03056788"><ele>42.073</ele><time>2026-10-06T17:18:45Z</time><speed>3.800</speed><sat>28</sat></trkpt>
  <trkpt lat="41.00095774" lon="29.03057045"><ele>42.857</ele><time>2026-10-06T17:18:46Z</time><speed>2.430</speed><sat>29</sat></trkpt>
  <trkpt lat="41.00098020" lon="29.03058706"><ele>43.392</ele><time>2026-10-06T17:18:47Z</time><speed>3.240</speed><sat>28</sat></trkpt>
  <trkpt lat="41.00100259" lon="29.03061472"><ele>43.620</ele><time>2026-10-06T17:18:48Z</time><speed>3.490</speed><sat>27</sat></trkpt>
  <trkpt lat="41.00103014" lon="29.03064219"><ele>43.542</ele><time>2026-10-06T17:18:49Z</time><speed>3.970</speed><sat>27</sat></trkpt>
  <trkpt lat="41.00106242" lon="29.03066669"><ele>43.567</ele><time>2026-10-06T17:18:50Z</time><speed>4.170</speed><sat>26</sat></trkpt>
  <trkpt lat="40.99179871" lon="28.92125367"><ele>37.356</ele><time>2026-10-06T17:32:57Z</time><speed>16.470</speed><sat>26</sat></trkpt>
  <trkpt lat="40.99183450" lon="28.92105300"><ele>40.695</ele><time>2026-10-06T17:32:58Z</time><speed>16.650</speed><sat>30</sat></trkpt>
  <trkpt lat="40.99187542" lon="28.92086842"><ele>38.664</ele><time>2026-10-06T17:32:59Z</time><speed>16.690</speed><sat>31</sat></trkpt>
  <trkpt lat="40.99193052" lon="28.92067348"><ele>39.074</ele><time>2026-10-06T17:33:00Z</time><speed>16.540</speed><sat>31</sat></trkpt>
  <trkpt lat="40.99198258" lon="28.92047783"><ele>39.366</ele><time>2026-10-06T17:33:01Z</time><speed>16.710</speed><sat>31</sat></trkpt>
  <trkpt lat="40.99203860" lon="28.92029293"><ele>40.307</ele><time>2026-10-06T17:33:02Z</time><speed>16.720</speed><sat>32</sat></trkpt>
  <trkpt lat="40.99210016" lon="28.92011069"><ele>37.897</ele><time>2026-10-06T17:33:03Z</time><speed>16.840</speed><sat>33</sat></trkpt>
  <trkpt lat="40.99215021" lon="28.91992661"><ele>38.464</ele><time>2026-10-06T17:33:04Z</time><speed>16.470</speed><sat>32</sat></trkpt>
  <trkpt lat="40.99219634" lon="28.91974202"><ele>38.444</ele><time>2026-10-06T17:33:05Z</time><speed>16.590</speed><sat>33</sat></trkpt>
  <trkpt lat="40.99224867" lon="28.91955669"><ele>38.524</ele><time>2026-10-06T17:33:06Z</time><speed>16.470</speed><sat>34</sat></trkpt>
  <trkpt lat="40.99229673" lon="28.91937153"><ele>37.723</ele><time>2026-10-06T17:33:07Z</time><speed>16.310</speed><sat>34</sat></trkpt>
  <trkpt lat="40.99233899" lon="28.91918626"><ele>37.445</ele><time>2026-10-06T17:33:08Z</time><speed>16.180</speed><sat>34</sat></trkpt>
  <trkpt lat="40.99237819" lon="28.91900042"><ele>37.762</ele><time>2026-10-06T17:33:09Z</time><speed>15.660</speed><sat>34</sat></trkpt>
  <trkpt lat="40.99241544" lon="28.91882531"><ele>38.796</ele><time>2026-10-06T17:33:10Z</time><speed>15.110</speed><sat>34</sat></trkpt>
  <trkpt lat="40.99244747" lon="28.91865542"><ele>38.245</ele><time>2026-10-06T17:33:11Z</time><speed>14.570</speed><sat>34</sat></trkpt>
  <trkpt lat="40.99247965" lon="28.91849176"><ele>38.342</ele><time>2026-10-06T17:33:12Z</time><speed>14.020</speed><sat>34</sat></trkpt>
  <trkpt lat="40.99250734" lon="28.91833455"><ele>38.372</ele><time>2026-10-06T17:33:13Z</time><speed>13.370</speed><sat>34</sat></trkpt>
  <trkpt lat="40.99253570" lon="28.91817416"><ele>39.087</ele><time>2026-10-06T17:33:14Z</time><speed>12.820</speed><sat>34</sat></trkpt>
  <trkpt lat="40.99256115" lon="28.91802975"><ele>39.193</ele><time>2026-10-06T17:33:15Z</time><speed>12.190</speed><sat>34</sat></trkpt>
  <trkpt lat="40.99258355" lon="28.91789344"><ele>39.071</ele><time>2026-10-06T17:33:16Z</time><speed>11.860</speed><sat>34</sat></trkpt>
  <trkpt lat="40.99260564" lon="28.91776241"><ele>39.663</ele><time>2026-10-06T17:33:17Z</time><speed>11.270</speed><sat>34</sat></trkpt>
  <trkpt lat="40.99262980" lon="28.91763501"><ele>39.602</ele><time>2026-10-06T17:33:18Z</time><speed>10.760</speed><sat>34</sat></trkpt>
  <trkpt lat="40.99264536" lon="28.91751202"><ele>39.048</ele><time>2026-10-06T17:33:19Z</time><speed>10.300</speed><sat>34</sat></trkpt>
  <trkpt lat="40.99266664" lon="28.91739844"><ele>39.366</ele><time>2026-10-06T17:33:20Z</time><speed>9.620</speed><sat>34</sat></trkpt>
  <trkpt lat="40.99269016" lon="28.91728602"><ele>39.745</ele><time>2026-10-06T17:33:21Z</time><speed>9.200</speed><sat>34</sat></trkpt>
  <trkpt lat="40.99270431" lon="28.91718454"><ele>39.952</ele><time>2026-10-06T17:33:22Z</time><speed>8.360</speed><sat>34</sat></trkpt>
  <trkpt lat="40.99271819" lon="28.91708510"><ele>39.632</ele><time>2026-10-06T17:33:23Z</time><speed>7.660</speed><sat>34</sat></trkpt>
  <trkpt lat="40.99273391" lon="28.91699875"><ele>39.667</ele><time>2026-10-06T17:33:24Z</time><speed>7.390</speed><sat>33</sat></trkpt>
  <trkpt lat="40.99275138" lon="28.91692112"><ele>38.939</ele><time>2026-10-06T17:33:25Z</time><speed>6.730</speed><sat>33</sat></trkpt>
  <trkpt lat="40.99275884" lon="28.91685161"><ele>38.797</ele><time>2026-10-06T17:33:26Z</time><speed>6.020</speed><sat>30</sat></trkpt>
  <trkpt lat="40.99277083" lon="28.91678835"><ele>38.554</ele><time>2026-10-06T17:33:27Z</time><speed>5.460</speed><sat>29</sat></trkpt>
  <trkpt lat="40.99278233" lon="28.91672959"><ele>38.153</ele><time>2026-10-06T17:33:28Z</time><speed>4.760</speed><sat>28</sat></trkpt>
  <trkpt lat="40.99278922" lon="28.91667881"><ele>37.963</ele><time>2026-10-06T17:33:29Z</time><speed>4.030</speed><sat>28</sat></trkpt>
  <trkpt lat="40.99279934" lon="28.91663728"><ele>38.366</ele><time>2026-10-06T17:33:30Z</time><speed>3.490</speed><sat>29</sat></trkpt>
  <trkpt lat="40.99280534" lon="28.91660206"><ele>38.480</ele><time>2026-10-06T17:33:31Z</time><speed>2.890</speed><sat>28</sat></trkpt>
  <trkpt lat="40.99281198" lon="28.91657833"><ele>38.896</ele><time>2026-10-06T17:33:32Z</time><speed>2.130</speed><sat>30</sat></trkpt>
  <trkpt lat="40.99281726" lon="28.91656801"><ele>39.303</ele><time>2026-10-06T17:33:33Z</time><speed>1.220</speed><sat>31</sat></trkpt>
  <trkpt lat="40.99282371" lon="28.91656333"><ele>39.551</ele><time>2026-10-06T17:33:34Z</time><speed>0.290</speed><sat>32</sat></trkpt>
  <trkpt lat="40.99282974" lon="28.91656299"><ele>40.001</ele><time>2026-10-06T17:33:35Z</time><speed>0.000</speed><sat>32</sat></trkpt>
  <trkpt lat="40.99283204" lon="28.91656366"><ele>40.032</ele><time>2026-10-06T17:33:36Z</time><speed>0.000</speed><sat>33</sat></trkpt>
  <trkpt lat="40.99283501" lon="28.91656273"><ele>40.128</ele><time>2026-10-06T17:33:37Z</time><speed>0.000</speed><sat>33</sat></trkpt>
  <trkpt lat="40.99283378" lon="28.91656129"><ele>40.114</ele><time>2026-10-06T17:33:38Z</time><speed>0.000</speed><sat>33</sat></trkpt>
  <trkpt lat="40.99283364" lon="28.91656095"><ele>40.113</ele><time>2026-10-06T17:33:39Z</time><speed>0.000</speed><sat>33</sat></trkpt>
  <trkpt lat="40.99283706" lon="28.91655992"><ele>40.471</ele><time>2026-10-06T17:33:40Z</time><speed>0.000</speed><sat>32</sat></trkpt>
  <trkpt lat="40.99283836" lon="28.91655868"><ele>40.530</ele><time>2026-10-06T17:33:41Z</time><speed>0.000</speed><sat>31</sat></trkpt>
  <trkpt lat="40.99283996" lon="28.91655946"><ele>40.549</ele><time>2026-10-06T17:33:42Z</time><speed>0.000</speed><sat>31</sat></trkpt>
  <trkpt lat="40.99283939" lon="28.91655872"><ele>40.536</ele><time>2026-10-06T17:33:43Z</time><speed>0.000</speed><sat>31</sat></trkpt>
  <trkpt lat="40.99284053" lon="28.91655829"><ele>40.586</ele><time>2026-10-06T17:33:44Z</time><speed>0.000</speed><sat>31</sat></trkpt>
  <trkpt lat="40.99284074" lon="28.91655807"><ele>40.642</ele><time>2026-10-06T17:33:45Z</time><speed>0.000</speed><sat>31</sat></trkpt>
  <trkpt lat="40.99284069" lon="28.91655803"><ele>40.647</ele><time>2026-10-06T17:33:46Z</time><speed>0.000</speed><sat>32</sat></trkpt>
  <trkpt lat="40.99284025" lon="28.91655799"><ele>40.618</ele><time>2026-10-06T17:33:47Z</time><speed>0.000</speed><sat>33</sat></trkpt>
  <trkpt lat="40.99284036" lon="28.91655792"><ele>40.611</ele><time>2026-10-06T17:33:48Z</time><speed>0.000</speed><sat>32</sat></trkpt>
  <trkpt lat="40.99284035" lon="28.91655780"><ele>40.597</ele><time>2026-10-06T17:33:49Z</time><speed>0.000</speed><sat>32</sat></trkpt>
  <trkpt lat="40.99284024" lon="28.91655763"><ele>40.628</ele><time>2026-10-06T17:33:50Z</time><speed>0.000</speed><sat>32</sat></trkpt>
  <trkpt lat="40.99284046" lon="28.91655743"><ele>40.662</ele><time>2026-10-06T17:33:51Z</time><speed>0.000</speed><sat>32</sat></trkpt>
  <trkpt lat="40.99284033" lon="28.91655743"><ele>40.638</ele><time>2026-10-06T17:33:52Z</time><speed>0.000</speed><sat>31</sat></trkpt>
  <trkpt lat="40.99284079" lon="28.91655721"><ele>40.662</ele><time>2026-10-06T17:33:53Z</time><speed>0.000</speed><sat>30</sat></trkpt>
  <trkpt lat="40.99284095" lon="28.91655713"><ele>40.681</ele><time>2026-10-06T17:33:54Z</time><speed>0.000</speed><sat>30</sat></trkpt>
  <trkpt lat="40.99284094" lon="28.91655712"><ele>40.691</ele><time>2026-10-06T17:33:55Z</time><speed>0.000</speed><sat>29</sat></trkpt>
  <trkpt lat="40.99284106" lon="28.91655721"><ele>40.699</ele><time>2026-10-06T17:33:56Z</time><speed>0.000</speed><sat>29</sat></trkpt>
  <trkpt lat="40.99284111" lon="28.91655732"><ele>40.707</ele><time>2026-10-06T17:33:57Z</time><speed>0.000</speed><sat>30</sat></trkpt>
  <trkpt lat="40.99284125" lon="28.91655726"><ele>40.723</ele><time>2026-10-06T17:33:58Z</time><speed>0.000</speed><sat>31</sat></trkpt>
  <trkpt lat="40.99284122" lon="28.91655726"><ele>40.719</ele><time>2026-10-06T17:33:59Z</time><speed>0.000</speed><sat>31</sat></trkpt>
  <trkpt lat="40.99284111" lon="28.91655731"><ele>40.709</ele><time>2026-10-06T17:34:00Z</time><speed>0.000</speed><sat>32</sat></trkpt>
  <trkpt lat="40.99284113" lon="28.91655729"><ele>40.711</ele><time>2026-10-06T17:34:01Z</time><speed>0.000</speed><sat>32</sat></trkpt>
  <trkpt lat="40.99284106" lon="28.91655740"><ele>40.703</ele><time>2026-10-06T17:34:02Z</time><speed>0.000</speed><sat>32</sat></trkpt>
  <trkpt lat="40.99284187" lon="28.91655481"><ele>41.102</ele><time>2026-10-06T17:34:03Z</time><speed>0.460</speed><sat>31</sat></trkpt>
  <trkpt lat="40.99284966" lon="28.91654662"><ele>41.842</ele><time>2026-10-06T17:34:04Z</time><speed>1.320</speed><sat>31</sat></trkpt>
  <trkpt lat="40.99285654" lon="28.91652660"><ele>42.237</ele><time>2026-10-06T17:34:05Z</time><speed>1.400</speed><sat>31</sat></trkpt>
  <trkpt lat="40.99285679" lon="28.91650810"><ele>42.751</ele><time>2026-10-06T17:34:06Z</time><speed>1.760</speed><sat>31</sat></trkpt>
  <trkpt lat="40.99285876" lon="28.91648351"><ele>42.628</ele><time>2026-10-06T17:34:07Z</time><speed>2.180</speed><sat>31</sat></trkpt>
  <trkpt lat="40.99286136" lon="28.91645611"><ele>42.646</ele><time>2026-10-06T17:34:08Z</time><speed>2.550</speed><sat>32</sat></trkpt>
  <trkpt lat="40.99286440" lon="28.91642380"><ele>42.731</ele><time>2026-10-06T17:34:09Z</time><speed>2.910</speed><sat>31</sat></trkpt>
  <trkpt lat="40.99286973" lon="28.91638529"><ele>42.780</ele><time>2026-10-06T17:34:10Z</time><speed>3.480</speed><sat>32</sat></trkpt>
  <trkpt lat="40.99287648" lon="28.91633775"><ele>42.973</ele><time>2026-10-06T17:34:11Z</time><speed>4.430</speed><sat>32</sat></trkpt>
  <trkpt lat="40.99286942" lon="28.91626110"><ele>42.487</ele><time>2026-10-06T17:34:12Z</time><speed>5.370</speed><sat>32</sat></trkpt>
  <trkpt lat="40.99287740" lon="28.91618270"><ele>42.230</ele><time>2026-10-06T17:34:13Z</time><speed>6.420</speed><sat>32</sat></trkpt>
  <trkpt lat="40.99288632" lon="28.91609432"><ele>42.751</ele><time>2026-10-06T17:34:14Z</time><speed>7.570</speed><sat>32</sat></trkpt>
  <trkpt lat="40.99290295" lon="28.91599228"><ele>43.810</ele><time>2026-10-06T17:34:15Z</time><speed>8.610</speed><sat>32</sat></trkpt>
  <trkpt lat="40.99291598" lon="28.91587834"><ele>44.817</ele><time>2026-10-06T17:34:16Z</time><speed>9.510</speed><sat>33</sat></trkpt>
  <trkpt lat="40.99293601" lon="28.91574880"><ele>44.346</ele><time>2026-10-06T17:34:17Z</time><speed>10.640</speed><sat>33</sat></trkpt>
  <trkpt lat="40.99295166" lon="28.91560775"><ele>44.547</ele><time>2026-10-06T17:34:18Z</time><speed>11.590</speed><sat>33</sat></trkpt>
  <trkpt lat="40.99296680" lon="28.91545858"><ele>44.421</ele><time>2026-10-06T17:34:19Z</time><speed>12.450</speed><sat>33</sat></trkpt>
  <trkpt lat="40.99298465" lon="28.91530115"><ele>44.416</ele><time>2026-10-06T17:34:20Z</time><speed>13.280</speed><sat>33</sat></trkpt>
  <trkpt lat="40.99299161" lon="28.91514098"><ele>43.642</ele><time>2026-10-06T17:34:21Z</time><speed>14.570</speed><sat>33</sat></trkpt>
  <trkpt lat="40.99300113" lon="28.91497128"><ele>43.140</ele><time>2026-10-06T17:34:22Z</time><speed>15.160</speed><sat>34</sat></trkpt>
  <trkpt lat="40.99300549" lon="28.91478779"><ele>42.994</ele><time>2026-10-06T17:34:23Z</time><speed>15.740</speed><sat>34</sat></trkpt>
  <trkpt lat="40.99300239" lon="28.91459857"><ele>42.629</ele><time>2026-10-06T17:34:24Z</time><speed>16.070</speed><sat>34</sat></trkpt>
  <trkpt lat="40.99299287" lon="28.91441159"><ele>42.035</ele><time>2026-10-06T17:34:25Z</time><speed>16.440</speed><sat>34</sat></trkpt>
  <trkpt lat="40.99297648" lon="28.91421365"><ele>42.583</ele><time>2026-10-06T17:34:26Z</time><speed>16.450</speed><sat>34</sat></trkpt>
  <trkpt lat="40.99295469" lon="28.91402142"><ele>43.073</ele><time>2026-10-06T17:34:27Z</time><speed>16.380</speed><sat>34</sat></trkpt>
  <trkpt lat="40.99292236" lon="28.91382422"><ele>43.442</ele><time>2026-10-06T17:34:28Z</time><speed>16.640</speed><sat>34</sat></trkpt>
  <trkpt lat="40.99288794" lon="28.91363302"><ele>43.664</ele><time>2026-10-06T17:34:29Z</time><speed>16.650</speed><sat>34</sat></trkpt>
  <trkpt lat="40.99284697" lon="28.91343660"><ele>42.977</ele><time>2026-10-06T17:34:30Z</time><speed>17.010</speed><sat>34</sat></trkpt>
  <trkpt lat="40.99280033" lon="28.91324861"><ele>43.306</ele><time>2026-10-06T17:34:31Z</time><speed>16.870</speed><sat>34</sat></trkpt>
  <trkpt lat="40.99274536" lon="28.91305447"><ele>43.817</ele><time>2026-10-06T17:34:32Z</time><speed>16.970</speed><sat>34</sat></trkpt>
  <trkpt lat="40.99269060" lon="28.91287017"><ele>43.975</ele><time>2026-10-06T17:34:33Z</time><speed>16.810</speed><sat>34</sat></trkpt>
  <trkpt lat="40.99263094" lon="28.91268868"><ele>43.517</ele><time>2026-10-06T17:34:34Z</time><speed>16.510</speed><sat>34</sat></trkpt>
  <trkpt lat="40.99257104" lon="28.91251004"><ele>43.401</ele><time>2026-10-06T17:34:35Z</time><speed>16.300</speed><sat>33</sat></trkpt>
  <trkpt lat="40.99248594" lon="28.91233499"><ele>43.339</ele><time>2026-10-06T17:34:36Z</time><speed>17.230</speed><sat>33</sat></trkpt>
  <trkpt lat="40.99241381" lon="28.91216249"><ele>43.217</ele><time>2026-10-06T17:34:37Z</time><speed>16.850</speed><sat>33</sat></trkpt>
  <trkpt lat="40.99232833" lon="28.91200225"><ele>43.268</ele><time>2026-10-06T17:34:38Z</time><speed>16.530</speed><sat>32</sat></trkpt>
  <trkpt lat="40.99225336" lon="28.91183995"><ele>43.053</ele><time>2026-10-06T17:34:39Z</time><speed>16.340</speed><sat>32</sat></trkpt>
  <trkpt lat="40.99215562" lon="28.91168564"><ele>44.808</ele><time>2026-10-06T17:34:40Z</time><speed>16.810</speed><sat>32</sat></trkpt>
  <trkpt lat="40.99205836" lon="28.91152966"><ele>44.883</ele><time>2026-10-06T17:34:41Z</time><speed>16.680</speed><sat>30</sat></trkpt>
  <trkpt lat="40.99195278" lon="28.91137267"><ele>45.294</ele><time>2026-10-06T17:34:42Z</time><speed>16.500</speed><sat>28</sat></trkpt>
  <trkpt lat="40.99186053" lon="28.91122636"><ele>44.813</ele><time>2026-10-06T17:34:43Z</time><speed>16.330</speed><sat>27</sat></trkpt>
  <trkpt lat="40.99176879" lon="28.91107832"><ele>44.705</ele><time>2026-10-06T17:34:44Z</time><speed>16.200</speed><sat>27</sat></trkpt>
  <trkpt lat="40.98623953" lon="28.90573024"><ele>47.613</ele><time>2026-10-06T17:35:32Z</time><speed>9.520</speed><sat>22</sat></trkpt>
  <trkpt lat="40.98619035" lon="28.90565948"><ele>48.157</ele><time>2026-10-06T17:35:33Z</time><speed>8.650</speed><sat>24</sat></trkpt>
  <trkpt lat="40.98614144" lon="28.90556117"><ele>46.757</ele><time>2026-10-06T17:35:34Z</time><speed>9.330</speed><sat>26</sat></trkpt>
  <trkpt lat="40.98608151" lon="28.90549817"><ele>47.578</ele><time>2026-10-06T17:35:35Z</time><speed>8.890</speed><sat>26</sat></trkpt>
  <trkpt lat="40.98603367" lon="28.90551903"><ele>48.718</ele><time>2026-10-06T17:35:36Z</time><speed>6.020</speed><sat>26</sat></trkpt>
  <trkpt lat="40.98598337" lon="28.90546743"><ele>48.675</ele><time>2026-10-06T17:35:37Z</time><speed>6.940</speed><sat>26</sat></trkpt>
  <trkpt lat="40.98594977" lon="28.90543206"><ele>48.590</ele><time>2026-10-06T17:35:38Z</time><speed>5.250</speed><sat>25</sat></trkpt>
  <trkpt lat="40.98594234" lon="28.90538404"><ele>48.716</ele><time>2026-10-06T17:35:39Z</time><speed>4.080</speed><sat>25</sat></trkpt>
  <trkpt lat="40.98590489" lon="28.90535579"><ele>48.855</ele><time>2026-10-06T17:35:40Z</time><speed>4.680</speed><sat>22</sat></trkpt>
  <trkpt lat="40.98588575" lon="28.90530867"><ele>48.563</ele><time>2026-10-06T17:35:41Z</time><speed>3.980</speed><sat>20</sat></trkpt>
  <trkpt lat="40.98586466" lon="28.90526432"><ele>48.867</ele><time>2026-10-06T17:35:42Z</time><speed>4.210</speed><sat>20</sat></trkpt>
  <trkpt lat="40.98581015" lon="28.90524903"><ele>49.005</ele><time>2026-10-06T17:35:43Z</time><speed>2.870</speed><sat>18</sat></trkpt>
  <trkpt lat="40.98580010" lon="28.90522795"><ele>48.879</ele><time>2026-10-06T17:35:44Z</time><speed>1.770</speed><sat>17</sat></trkpt>
  <trkpt lat="40.98578281" lon="28.90521912"><ele>50.762</ele><time>2026-10-06T17:35:45Z</time><speed>0.490</speed><sat>16</sat></trkpt>
  <trkpt lat="40.98577100" lon="28.90519915"><ele>51.018</ele><time>2026-10-06T17:35:46Z</time><speed>0.970</speed><sat>19</sat></trkpt>
  <trkpt lat="40.98577587" lon="28.90520808"><ele>50.730</ele><time>2026-10-06T17:35:47Z</time><speed>0.210</speed><sat>22</sat></trkpt>
  <trkpt lat="40.98578384" lon="28.90519581"><ele>49.760</ele><time>2026-10-06T17:35:48Z</time><speed>0.490</speed><sat>22</sat></trkpt>
  <trkpt lat="40.98579394" lon="28.90518374"><ele>50.458</ele><time>2026-10-06T17:35:49Z</time><speed>2.060</speed><sat>22</sat></trkpt>
  <trkpt lat="40.98580650" lon="28.90516871"><ele>51.741</ele><time>2026-10-06T17:35:50Z</time><speed>1.470</speed><sat>22</sat></trkpt>
  <trkpt lat="40.98581141" lon="28.90516404"><ele>51.583</ele><time>2026-10-06T17:35:51Z</time><speed>0.180</speed><sat>22</sat></trkpt>
  <trkpt lat="40.98581615" lon="28.90516303"><ele>51.925</ele><time>2026-10-06T17:35:52Z</time><speed>0.870</speed><sat>22</sat></trkpt>
  <trkpt lat="40.98582519" lon="28.90515541"><ele>49.972</ele><time>2026-10-06T17:35:53Z</time><speed>1.410</speed><sat>19</sat></trkpt>
  <trkpt lat="40.98582870" lon="28.90515009"><ele>52.480</ele><time>2026-10-06T17:35:54Z</time><speed>0.240</speed><sat>18</sat></trkpt>
  <trkpt lat="40.98582576" lon="28.90514850"><ele>51.448</ele><time>2026-10-06T17:35:55Z</time><speed>0.520</speed><sat>18</sat></trkpt>
  <trkpt lat="40.98582196" lon="28.90514822"><ele>52.167</ele><time>2026-10-06T17:35:56Z</time><speed>0.190</speed><sat>18</sat></trkpt>
  <trkpt lat="40.98581793" lon="28.90514484"><ele>52.567</ele><time>2026-10-06T17:35:57Z</time><speed>0.650</speed><sat>18</sat></trkpt>
  <trkpt lat="40.98581678" lon="28.90514551"><ele>53.078</ele><time>2026-10-06T17:35:58Z</time><speed>0.470</speed><sat>18</sat></trkpt>
  <trkpt lat="40.98581984" lon="28.90515446"><ele>53.401</ele><time>2026-10-06T17:35:59Z</time><speed>0.840</speed><sat>19</sat></trkpt>
  <trkpt lat="40.98583600" lon="28.90516262"><ele>52.776</ele><time>2026-10-06T17:36:00Z</time><speed>2.220</speed><sat>20</sat></trkpt>
  <trkpt lat="40.98583903" lon="28.90516543"><ele>52.507</ele><time>2026-10-06T17:36:01Z</time><speed>0.590</speed><sat>16</sat></trkpt>
  <trkpt lat="40.98583537" lon="28.90516422"><ele>52.983</ele><time>2026-10-06T17:36:02Z</time><speed>0.440</speed><sat>19</sat></trkpt>
  <trkpt lat="40.98583337" lon="28.90515922"><ele>53.858</ele><time>2026-10-06T17:36:03Z</time><speed>0.530</speed><sat>19</sat></trkpt>
  <trkpt lat="40.98582580" lon="28.90515664"><ele>53.739</ele><time>2026-10-06T17:36:04Z</time><speed>0.000</speed><sat>20</sat></trkpt>
  <trkpt lat="40.98582252" lon="28.90514903"><ele>54.421</ele><time>2026-10-06T17:36:05Z</time><speed>0.000</speed><sat>20</sat></trkpt>
  <trkpt lat="40.98582001" lon="28.90514272"><ele>53.769</ele><time>2026-10-06T17:36:06Z</time><speed>0.000</speed><sat>19</sat></trkpt>
  <trkpt lat="40.98581639" lon="28.90514540"><ele>52.823</ele><time>2026-10-06T17:36:07Z</time><speed>0.000</speed><sat>21</sat></trkpt>
  <trkpt lat="40.98581480" lon="28.90514622"><ele>52.607</ele><time>2026-10-06T17:36:08Z</time><speed>0.000</speed><sat>22</sat></trkpt>
  <trkpt lat="40.98581386" lon="28.90514675"><ele>52.606</ele><time>2026-10-06T17:36:09Z</time><speed>0.000</speed><sat>25</sat></trkpt>
  <trkpt lat="40.98580844" lon="28.90514188"><ele>54.289</ele><time>2026-10-06T17:36:10Z</time><speed>0.000</speed><sat>26</sat></trkpt>
  <trkpt lat="40.98580477" lon="28.90514040"><ele>54.837</ele><time>2026-10-06T17:36:11Z</time><speed>0.000</speed><sat>26</sat></trkpt>
  <trkpt lat="40.98580062" lon="28.90513764"><ele>55.233</ele><time>2026-10-06T17:36:12Z</time><speed>0.000</speed><sat>26</sat></trkpt>
  <trkpt lat="40.98579776" lon="28.90513617"><ele>55.067</ele><time>2026-10-06T17:36:13Z</time><speed>0.000</speed><sat>28</sat></trkpt>
  <trkpt lat="40.98579558" lon="28.90513485"><ele>54.760</ele><time>2026-10-06T17:36:14Z</time><speed>0.000</speed><sat>29</sat></trkpt>
  <trkpt lat="40.98579479" lon="28.90513325"><ele>55.059</ele><time>2026-10-06T17:36:15Z</time><speed>0.000</speed><sat>27</sat></trkpt>
  <trkpt lat="40.98579408" lon="28.90513317"><ele>55.624</ele><time>2026-10-06T17:36:16Z</time><speed>0.000</speed><sat>28</sat></trkpt>
  <trkpt lat="40.98579456" lon="28.90513334"><ele>55.791</ele><time>2026-10-06T17:36:17Z</time><speed>0.000</speed><sat>28</sat></trkpt>
  <trkpt lat="40.98579434" lon="28.90513053"><ele>56.476</ele><time>2026-10-06T17:36:18Z</time><speed>0.370</speed><sat>28</sat></trkpt>
  <trkpt lat="40.98579209" lon="28.90511860"><ele>56.897</ele><time>2026-10-06T17:36:19Z</time><speed>1.240</speed><sat>28</sat></trkpt>
  <trkpt lat="40.98578335" lon="28.90510160"><ele>57.344</ele><time>2026-10-06T17:36:20Z</time><speed>1.790</speed><sat>26</sat></trkpt>
  <trkpt lat="40.98576870" lon="28.90508264"><ele>58.681</ele><time>2026-10-06T17:36:21Z</time><speed>2.330</speed><sat>26</sat></trkpt>
  <trkpt lat="40.98574986" lon="28.90506202"><ele>58.444</ele><time>2026-10-06T17:36:22Z</time><speed>2.760</speed><sat>26</sat></trkpt>
  <trkpt lat="40.98573229" lon="28.90504019"><ele>57.210</ele><time>2026-10-06T17:36:23Z</time><speed>2.580</speed><sat>25</sat></trkpt>
  <trkpt lat="40.98571069" lon="28.90501286"><ele>56.897</ele><time>2026-10-06T17:36:24Z</time><speed>4.100</speed><sat>24</sat></trkpt>
  <trkpt lat="40.98567103" lon="28.90497849"><ele>57.472</ele><time>2026-10-06T17:36:25Z</time><speed>5.150</speed><sat>22</sat></trkpt>
  <trkpt lat="40.98563476" lon="28.90492777"><ele>55.498</ele><time>2026-10-06T17:36:26Z</time><speed>6.280</speed><sat>26</sat></trkpt>
  <trkpt lat="40.98558145" lon="28.90487507"><ele>54.729</ele><time>2026-10-06T17:36:27Z</time><speed>6.910</speed><sat>26</sat></trkpt>
  <trkpt lat="40.98551617" lon="28.90481029"><ele>54.591</ele><time>2026-10-06T17:36:28Z</time><speed>8.010</speed><sat>27</sat></trkpt>
  <trkpt lat="40.98545067" lon="28.90473762"><ele>54.147</ele><time>2026-10-06T17:36:29Z</time><speed>9.110</speed><sat>28</sat></trkpt>
  <trkpt lat="40.98538018" lon="28.90466588"><ele>54.138</ele><time>2026-10-06T17:36:30Z</time><speed>10.260</speed><sat>28</sat></trkpt>
  <trkpt lat="40.98530569" lon="28.90458571"><ele>53.152</ele><time>2026-10-06T17:36:31Z</time><speed>11.290</speed><sat>29</sat></trkpt>
  <trkpt lat="40.98522857" lon="28.90449042"><ele>52.734</ele><time>2026-10-06T17:36:32Z</time><speed>12.170</speed><sat>30</sat></trkpt>
  <trkpt lat="40.98513642" lon="28.90438937"><ele>53.656</ele><time>2026-10-06T17:36:33Z</time><speed>12.990</speed><sat>30</sat></trkpt>
  <trkpt lat="40.98504609" lon="28.90428615"><ele>53.988</ele><time>2026-10-06T17:36:34Z</time><speed>13.810</speed><sat>32</sat></trkpt>
  <trkpt lat="40.98494314" lon="28.90417671"><ele>54.761</ele><time>2026-10-06T17:36:35Z</time><speed>14.590</speed><sat>30</sat></trkpt>
  <trkpt lat="40.98484013" lon="28.90405443"><ele>55.252</ele><time>2026-10-06T17:36:36Z</time><speed>15.300</speed><sat>31</sat></trkpt>
  <trkpt lat="40.98472814" lon="28.90393152"><ele>56.063</ele><time>2026-10-06T17:36:37Z</time><speed>15.750</speed><sat>31</sat></trkpt>
  <trkpt lat="40.98461664" lon="28.90380645"><ele>56.415</ele><time>2026-10-06T17:36:38Z</time><speed>16.070</speed><sat>30</sat></trkpt>
  <trkpt lat="40.98450921" lon="28.90367974"><ele>56.738</ele><time>2026-10-06T17:36:39Z</time><speed>16.240</speed><sat>30</sat></trkpt>
  <trkpt lat="40.98439984" lon="28.90354555"><ele>56.715</ele><time>2026-10-06T17:36:40Z</time><speed>16.530</speed><sat>30</sat></trkpt>
  <trkpt lat="40.98429188" lon="28.90341146"><ele>56.736</ele><time>2026-10-06T17:36:41Z</time><speed>16.480</speed><sat>30</sat></trkpt>
  <trkpt lat="40.98418498" lon="28.90327525"><ele>56.826</ele><time>2026-10-06T17:36:42Z</time><speed>16.480</speed><sat>30</sat></trkpt>
  <trkpt lat="40.98407726" lon="28.90313096"><ele>55.573</ele><time>2026-10-06T17:36:43Z</time><speed>16.400</speed><sat>30</sat></trkpt>
  <trkpt lat="40.98397411" lon="28.90298881"><ele>55.416</ele><time>2026-10-06T17:36:44Z</time><speed>16.590</speed><sat>32</sat></trkpt>
  <trkpt lat="40.98387362" lon="28.90284120"><ele>56.677</ele><time>2026-10-06T17:36:45Z</time><speed>16.920</speed><sat>32</sat></trkpt>
  <trkpt lat="40.98377496" lon="28.90268596"><ele>56.024</ele><time>2026-10-06T17:36:46Z</time><speed>17.560</speed><sat>31</sat></trkpt>
  <trkpt lat="40.98367575" lon="28.90251397"><ele>55.835</ele><time>2026-10-06T17:36:47Z</time><speed>18.100</speed><sat>31</sat></trkpt>
  <trkpt lat="40.98358512" lon="28.90233894"><ele>56.000</ele><time>2026-10-06T17:36:48Z</time><speed>18.240</speed><sat>31</sat></trkpt>
  <trkpt lat="40.98349217" lon="28.90215495"><ele>54.776</ele><time>2026-10-06T17:36:49Z</time><speed>18.120</speed><sat>32</sat></trkpt>
  <trkpt lat="40.98341445" lon="28.90197554"><ele>55.257</ele><time>2026-10-06T17:36:50Z</time><speed>17.660</speed><sat>33</sat></trkpt>
  <trkpt lat="40.98333197" lon="28.90179171"><ele>54.937</ele><time>2026-10-06T17:36:51Z</time><speed>17.640</speed><sat>33</sat></trkpt>
  <trkpt lat="40.98324972" lon="28.90160758"><ele>53.193</ele><time>2026-10-06T17:36:52Z</time><speed>17.280</speed><sat>33</sat></trkpt>
  <trkpt lat="40.98316722" lon="28.90143031"><ele>53.886</ele><time>2026-10-06T17:36:53Z</time><speed>17.460</speed><sat>33</sat></trkpt>
  <trkpt lat="40.98310455" lon="28.90124600"><ele>53.258</ele><time>2026-10-06T17:36:54Z</time><speed>17.040</speed><sat>32</sat></trkpt>
  <trkpt lat="40.98303912" lon="28.90104196"><ele>52.824</ele><time>2026-10-06T17:36:55Z</time><speed>17.970</speed><sat>32</sat></trkpt>
  <trkpt lat="40.98298243" lon="28.90084250"><ele>52.796</ele><time>2026-10-06T17:36:56Z</time><speed>17.790</speed><sat>31</sat></trkpt>
  <trkpt lat="40.98292716" lon="28.90065278"><ele>52.471</ele><time>2026-10-06T17:36:57Z</time><speed>17.590</speed><sat>29</sat></trkpt>
  <trkpt lat="40.98286001" lon="28.90046265"><ele>52.387</ele><time>2026-10-06T17:36:58Z</time><speed>17.390</speed><sat>29</sat></trkpt>
  <trkpt lat="40.98278450" lon="28.90026943"><ele>52.895</ele><time>2026-10-06T17:36:59Z</time><speed>17.880</speed><sat>20</sat></trkpt>
  <trkpt lat="40.98272910" lon="28.90007457"><ele>52.642</ele><time>2026-10-06T17:37:00Z</time><speed>17.460</speed><sat>21</sat></trkpt>
  <trkpt lat="40.98268774" lon="28.89987374"><ele>52.491</ele><time>2026-10-06T17:37:01Z</time><speed>17.510</speed><sat>23</sat></trkpt>
  <trkpt lat="40.98263961" lon="28.89967605"><ele>52.513</ele><time>2026-10-06T17:37:02Z</time><speed>17.420</speed><sat>22</sat></trkpt>
  <trkpt lat="40.98255976" lon="28.89947101"><ele>52.523</ele><time>2026-10-06T17:37:03Z</time><speed>18.230</speed><sat>23</sat></trkpt>
  <trkpt lat="40.98249697" lon="28.89926706"><ele>52.908</ele><time>2026-10-06T17:37:04Z</time><speed>17.980</speed><sat>23</sat></trkpt>
  <trkpt lat="40.98246873" lon="28.89906711"><ele>52.788</ele><time>2026-10-06T17:37:05Z</time><speed>17.400</speed><sat>27</sat></trkpt>
  <trkpt lat="40.98243331" lon="28.89888009"><ele>50.872</ele><time>2026-10-06T17:37:06Z</time><speed>17.380</speed><sat>28</sat></trkpt>
  <trkpt lat="40.98239929" lon="28.89869415"><ele>48.754</ele><time>2026-10-06T17:37:07Z</time><speed>17.230</speed><sat>28</sat></trkpt>
  <trkpt lat="40.98239505" lon="28.89848559"><ele>47.036</ele><time>2026-10-06T17:37:08Z</time><speed>17.470</speed><sat>29</sat></trkpt>
  <trkpt lat="40.98238037" lon="28.89827965"><ele>46.574</ele><time>2026-10-06T17:37:09Z</time><speed>17.960</speed><sat>29</sat></trkpt>
  <trkpt lat="40.98238079" lon="28.89808558"><ele>46.644</ele><time>2026-10-06T17:37:10Z</time><speed>17.500</speed><sat>30</sat></trkpt>
  <trkpt lat="40.98240082" lon="28.89788506"><ele>44.255</ele><time>2026-10-06T17:37:11Z</time><speed>17.560</speed><sat>30</sat></trkpt>
  <trkpt lat="40.98242467" lon="28.89768499"><ele>43.985</ele><time>2026-10-06T17:37:12Z</time><speed>17.690</speed><sat>29</sat></trkpt>
  <trkpt lat="40.98242878" lon="28.89747501"><ele>42.549</ele><time>2026-10-06T17:37:13Z</time><speed>17.830</speed><sat>28</sat></trkpt>
  <trkpt lat="40.98243645" lon="28.89727307"><ele>42.237</ele><time>2026-10-06T17:37:14Z</time><speed>17.540</speed><sat>28</sat></trkpt>
  <trkpt lat="40.98244226" lon="28.89706586"><ele>41.554</ele><time>2026-10-06T17:37:15Z</time><speed>17.520</speed><sat>28</sat></trkpt>
  <trkpt lat="40.98244011" lon="28.89684629"><ele>41.659</ele><time>2026-10-06T17:37:16Z</time><speed>17.210</speed><sat>28</sat></trkpt>
  <trkpt lat="40.98244360" lon="28.89663602"><ele>41.123</ele><time>2026-10-06T17:37:17Z</time><speed>17.380</speed><sat>28</sat></trkpt>
  <trkpt lat="40.98245457" lon="28.89642125"><ele>39.465</ele><time>2026-10-06T17:37:18Z</time><speed>17.530</speed><sat>27</sat></trkpt>
  <trkpt lat="40.98244983" lon="28.89622783"><ele>37.248</ele><time>2026-10-06T17:37:19Z</time><speed>17.470</speed><sat>27</sat></trkpt>
  <trkpt lat="40.98245501" lon="28.89602245"><ele>36.736</ele><time>2026-10-06T17:37:20Z</time><speed>17.290</speed><sat>27</sat></trkpt>
  <trkpt lat="40.98245463" lon="28.89580446"><ele>36.948</ele><time>2026-10-06T17:37:21Z</time><speed>18.070</speed><sat>27</sat></trkpt>
  <trkpt lat="40.98246933" lon="28.89559461"><ele>37.967</ele><time>2026-10-06T17:37:22Z</time><speed>17.360</speed><sat>24</sat></trkpt>
  <trkpt lat="40.98247353" lon="28.89538211"><ele>37.836</ele><time>2026-10-06T17:37:23Z</time><speed>17.350</speed><sat>26</sat></trkpt>
  <trkpt lat="40.98247503" lon="28.89515689"><ele>38.110</ele><time>2026-10-06T17:37:24Z</time><speed>18.000</speed><sat>28</sat></trkpt>
  <trkpt lat="40.98247969" lon="28.89493199"><ele>37.599</ele><time>2026-10-06T17:37:25Z</time><speed>18.540</speed><sat>28</sat></trkpt>
  <trkpt lat="40.98247363" lon="28.89470760"><ele>37.521</ele><time>2026-10-06T17:37:26Z</time><speed>19.230</speed><sat>28</sat></trkpt>
  <trkpt lat="40.98246592" lon="28.89447895"><ele>38.586</ele><time>2026-10-06T17:37:27Z</time><speed>19.450</speed><sat>27</sat></trkpt>
  <trkpt lat="40.98245780" lon="28.89424274"><ele>38.487</ele><time>2026-10-06T17:37:28Z</time><speed>19.750</speed><sat>28</sat></trkpt>
  <trkpt lat="40.98244377" lon="28.89400936"><ele>37.960</ele><time>2026-10-06T17:37:29Z</time><speed>20.040</speed><sat>26</sat></trkpt>
  <trkpt lat="40.98243657" lon="28.89375950"><ele>38.111</ele><time>2026-10-06T17:37:30Z</time><speed>20.290</speed><sat>28</sat></trkpt>
  <trkpt lat="40.98243751" lon="28.89352910"><ele>40.279</ele><time>2026-10-06T17:37:31Z</time><speed>19.780</speed><sat>29</sat></trkpt>
  <trkpt lat="40.98243615" lon="28.89327252"><ele>39.106</ele><time>2026-10-06T17:37:32Z</time><speed>20.340</speed><sat>30</sat></trkpt>
  <trkpt lat="40.98243890" lon="28.89302770"><ele>40.001</ele><time>2026-10-06T17:37:33Z</time><speed>20.160</speed><sat>32</sat></trkpt>
  <trkpt lat="40.98243836" lon="28.89278918"><ele>39.725</ele><time>2026-10-06T17:37:34Z</time><speed>20.310</speed><sat>32</sat></trkpt>
  <trkpt lat="40.98244257" lon="28.89254015"><ele>39.649</ele><time>2026-10-06T17:37:35Z</time><speed>20.320</speed><sat>32</sat></trkpt>
  <trkpt lat="40.98244446" lon="28.89229961"><ele>38.742</ele><time>2026-10-06T17:37:36Z</time><speed>20.400</speed><sat>33</sat></trkpt>
  <trkpt lat="40.98244918" lon="28.89204668"><ele>38.928</ele><time>2026-10-06T17:37:37Z</time><speed>20.490</speed><sat>34</sat></trkpt>
  <trkpt lat="40.98245585" lon="28.89180395"><ele>38.970</ele><time>2026-10-06T17:37:38Z</time><speed>20.600</speed><sat>34</sat></trkpt>
  <trkpt lat="40.98246333" lon="28.89155474"><ele>38.380</ele><time>2026-10-06T17:37:39Z</time><speed>20.550</speed><sat>34</sat></trkpt>
  <trkpt lat="40.98247077" lon="28.89130942"><ele>37.997</ele><time>2026-10-06T17:37:40Z</time><speed>20.490</speed><sat>34</sat></trkpt>
  <trkpt lat="40.98247737" lon="28.89106663"><ele>36.817</ele><time>2026-10-06T17:37:41Z</time><speed>20.480</speed><sat>34</sat></trkpt>
  <trkpt lat="40.98248311" lon="28.89082161"><ele>36.727</ele><time>2026-10-06T17:37:42Z</time><speed>20.400</speed><sat>34</sat></trkpt>
  <trkpt lat="40.98248546" lon="28.89057512"><ele>36.453</ele><time>2026-10-06T17:37:43Z</time><speed>20.480</speed><sat>34</sat></trkpt>
  <trkpt lat="40.98248557" lon="28.89032726"><ele>36.498</ele><time>2026-10-06T17:37:44Z</time><speed>20.540</speed><sat>34</sat></trkpt>
  <trkpt lat="40.98247969" lon="28.89008009"><ele>36.179</ele><time>2026-10-06T17:37:45Z</time><speed>20.510</speed><sat>34</sat></trkpt>
  <trkpt lat="40.98246971" lon="28.88983319"><ele>36.209</ele><time>2026-10-06T17:37:46Z</time><speed>20.640</speed><sat>34</sat></trkpt>
  <trkpt lat="40.98246181" lon="28.88958898"><ele>35.720</ele><time>2026-10-06T17:37:47Z</time><speed>20.580</speed><sat>34</sat></trkpt>
  <trkpt lat="40.98245208" lon="28.88934331"><ele>35.370</ele><time>2026-10-06T17:37:48Z</time><speed>20.640</speed><sat>34</sat></trkpt>
  <trkpt lat="40.98244695" lon="28.88910452"><ele>35.319</ele><time>2026-10-06T17:37:49Z</time><speed>20.580</speed><sat>33</sat></trkpt>
  <trkpt lat="40.98243988" lon="28.88885908"><ele>35.662</ele><time>2026-10-06T17:37:50Z</time><speed>20.630</speed><sat>32</sat></trkpt>
  <trkpt lat="40.98243385" lon="28.88861702"><ele>36.379</ele><time>2026-10-06T17:37:51Z</time><speed>20.400</speed><sat>31</sat></trkpt>
  <trkpt lat="40.98242802" lon="28.88836198"><ele>36.858</ele><time>2026-10-06T17:37:52Z</time><speed>20.480</speed><sat>30</sat></trkpt>
  <trkpt lat="40.98242579" lon="28.88812024"><ele>37.284</ele><time>2026-10-06T17:37:53Z</time><speed>20.410</speed><sat>30</sat></trkpt>
  <trkpt lat="40.98242910" lon="28.88787679"><ele>37.773</ele><time>2026-10-06T17:37:54Z</time><speed>20.230</speed><sat>30</sat></trkpt>
  <trkpt lat="40.98242799" lon="28.88765367"><ele>37.903</ele><time>2026-10-06T17:37:55Z</time><speed>19.350</speed><sat>30</sat></trkpt>
  <trkpt lat="40.98242625" lon="28.88741254"><ele>39.016</ele><time>2026-10-06T17:37:56Z</time><speed>20.880</speed><sat>30</sat></trkpt>
  <trkpt lat="40.98242542" lon="28.88717579"><ele>40.023</ele><time>2026-10-06T17:37:57Z</time><speed>20.980</speed><sat>31</sat></trkpt>
  <trkpt lat="40.98242688" lon="28.88693461"><ele>40.591</ele><time>2026-10-06T17:37:58Z</time><speed>21.100</speed><sat>33</sat></trkpt>
  <trkpt lat="40.98242719" lon="28.88669087"><ele>41.168</ele><time>2026-10-06T17:37:59Z</time><speed>21.010</speed><sat>32</sat></trkpt>
  <trkpt lat="40.98242864" lon="28.88645294"><ele>41.040</ele><time>2026-10-06T17:38:00Z</time><speed>20.700</speed><sat>32</sat></trkpt>
  <trkpt lat="40.98243130" lon="28.88621297"><ele>41.202</ele><time>2026-10-06T17:38:01Z</time><speed>20.100</speed><sat>32</sat></trkpt>
  <trkpt lat="40.98242225" lon="28.88597937"><ele>41.597</ele><time>2026-10-06T17:38:02Z</time><speed>19.650</speed><sat>32</sat></trkpt>
  <trkpt lat="40.98241416" lon="28.88574822"><ele>42.641</ele><time>2026-10-06T17:38:03Z</time><speed>18.710</speed><sat>34</sat></trkpt>
  <trkpt lat="40.98241316" lon="28.88553134"><ele>42.782</ele><time>2026-10-06T17:38:04Z</time><speed>18.270</speed><sat>34</sat></trkpt>
  <trkpt lat="40.98240733" lon="28.88531925"><ele>43.441</ele><time>2026-10-06T17:38:05Z</time><speed>17.480</speed><sat>34</sat></trkpt>
  <trkpt lat="40.98239642" lon="28.88511255"><ele>43.154</ele><time>2026-10-06T17:38:06Z</time><speed>16.880</speed><sat>34</sat></trkpt>
  <trkpt lat="40.98237975" lon="28.88490279"><ele>43.443</ele><time>2026-10-06T17:38:07Z</time><speed>16.870</speed><sat>34</sat></trkpt>
  <trkpt lat="40.98235656" lon="28.88470176"><ele>43.824</ele><time>2026-10-06T17:38:08Z</time><speed>16.880</speed><sat>34</sat></trkpt>
  <trkpt lat="40.98233359" lon="28.88450290"><ele>44.132</ele><time>2026-10-06T17:38:09Z</time><speed>16.660</speed><sat>34</sat></trkpt>
  <trkpt lat="40.98230475" lon="28.88430654"><ele>44.056</ele><time>2026-10-06T17:38:10Z</time><speed>16.540</speed><sat>34</sat></trkpt>
  <trkpt lat="40.98226922" lon="28.88411497"><ele>43.532</ele><time>2026-10-06T17:38:11Z</time><speed>16.390</speed><sat>34</sat></trkpt>
  <trkpt lat="40.98223912" lon="28.88391649"><ele>43.442</ele><time>2026-10-06T17:38:12Z</time><speed>16.540</speed><sat>34</sat></trkpt>
  <trkpt lat="40.98220671" lon="28.88373076"><ele>43.057</ele><time>2026-10-06T17:38:13Z</time><speed>16.330</speed><sat>34</sat></trkpt>
  <trkpt lat="40.98217499" lon="28.88354627"><ele>42.435</ele><time>2026-10-06T17:38:14Z</time><speed>16.290</speed><sat>34</sat></trkpt>
  <trkpt lat="40.98214286" lon="28.88336221"><ele>41.797</ele><time>2026-10-06T17:38:15Z</time><speed>16.160</speed><sat>34</sat></trkpt>
  <trkpt lat="40.98210692" lon="28.88317654"><ele>41.469</ele><time>2026-10-06T17:38:16Z</time><speed>15.560</speed><sat>34</sat></trkpt>
  <trkpt lat="40.98208161" lon="28.88299279"><ele>41.789</ele><time>2026-10-06T17:38:17Z</time><speed>14.990</speed><sat>33</sat></trkpt>
  <trkpt lat="40.98205307" lon="28.88281939"><ele>42.258</ele><time>2026-10-06T17:38:18Z</time><speed>14.580</speed><sat>33</sat></trkpt>
  <trkpt lat="40.98202998" lon="28.88265032"><ele>42.066</ele><time>2026-10-06T17:38:19Z</time><speed>13.880</speed><sat>33</sat></trkpt>
  <trkpt lat="40.98200282" lon="28.88248672"><ele>42.422</ele><time>2026-10-06T17:38:20Z</time><speed>13.800</speed><sat>33</sat></trkpt>
  <trkpt lat="40.98197807" lon="28.88233572"><ele>42.695</ele><time>2026-10-06T17:38:21Z</time><speed>12.730</speed><sat>33</sat></trkpt>
  <trkpt lat="40.98195667" lon="28.88218601"><ele>42.761</ele><time>2026-10-06T17:38:22Z</time><speed>12.300</speed><sat>33</sat></trkpt>
  <trkpt lat="40.98193654" lon="28.88204215"><ele>42.582</ele><time>2026-10-06T17:38:23Z</time><speed>12.150</speed><sat>34</sat></trkpt>
  <trkpt lat="40.98191838" lon="28.88190195"><ele>42.583</ele><time>2026-10-06T17:38:24Z</time><speed>11.610</speed><sat>34</sat></trkpt>
  <trkpt lat="40.98189758" lon="28.88176665"><ele>43.123</ele><time>2026-10-06T17:38:25Z</time><speed>11.070</speed><sat>34</sat></trkpt>
  <trkpt lat="40.98187725" lon="28.88164348"><ele>43.156</ele><time>2026-10-06T17:38:26Z</time><speed>10.250</speed><sat>34</sat></trkpt>
  <trkpt lat="40.98186120" lon="28.88152595"><ele>42.908</ele><time>2026-10-06T17:38:27Z</time><speed>9.710</speed><sat>34</sat></trkpt>
  <trkpt lat="40.98184568" lon="28.88141500"><ele>43.205</ele><time>2026-10-06T17:38:28Z</time><speed>9.210</speed><sat>34</sat></trkpt>
  <trkpt lat="40.98182968" lon="28.88130377"><ele>43.269</ele><time>2026-10-06T17:38:29Z</time><speed>8.440</speed><sat>33</sat></trkpt>
  <trkpt lat="40.98181391" lon="28.88120888"><ele>43.057</ele><time>2026-10-06T17:38:30Z</time><speed>7.730</speed><sat>32</sat></trkpt>
  <trkpt lat="40.98180101" lon="28.88112568"><ele>43.410</ele><time>2026-10-06T17:38:31Z</time><speed>7.170</speed><sat>32</sat></trkpt>
  <trkpt lat="40.98179184" lon="28.88104457"><ele>43.847</ele><time>2026-10-06T17:38:32Z</time><speed>6.240</speed><sat>32</sat></trkpt>
  <trkpt lat="40.98178185" lon="28.88097322"><ele>43.470</ele><time>2026-10-06T17:38:33Z</time><speed>5.830</speed><sat>31</sat></trkpt>
  <trkpt lat="40.98177629" lon="28.88090430"><ele>43.503</ele><time>2026-10-06T17:38:34Z</time><speed>5.120</speed><sat>30</sat></trkpt>
  <trkpt lat="40.98176752" lon="28.88084788"><ele>43.347</ele><time>2026-10-06T17:38:35Z</time><speed>4.530</speed><sat>31</sat></trkpt>
  <trkpt lat="40.98176292" lon="28.88081006"><ele>43.197</ele><time>2026-10-06T17:38:36Z</time><speed>3.020</speed><sat>31</sat></trkpt>
  <trkpt lat="40.98175400" lon="28.88076699"><ele>42.976</ele><time>2026-10-06T17:38:37Z</time><speed>3.460</speed><sat>32</sat></trkpt>
  <trkpt lat="40.98174927" lon="28.88073591"><ele>42.745</ele><time>2026-10-06T17:38:38Z</time><speed>2.810</speed><sat>32</sat></trkpt>
  <trkpt lat="40.98175060" lon="28.88071198"><ele>42.758</ele><time>2026-10-06T17:38:39Z</time><speed>2.060</speed><sat>32</sat></trkpt>
  <trkpt lat="40.98175166" lon="28.88069895"><ele>42.706</ele><time>2026-10-06T17:38:40Z</time><speed>1.190</speed><sat>32</sat></trkpt>
  <trkpt lat="40.98175100" lon="28.88068594"><ele>42.921</ele><time>2026-10-06T17:38:41Z</time><speed>0.800</speed><sat>30</sat></trkpt>
  <trkpt lat="40.98174885" lon="28.88067306"><ele>42.506</ele><time>2026-10-06T17:38:42Z</time><speed>0.540</speed><sat>29</sat></trkpt>
  <trkpt lat="40.98174184" lon="28.88067007"><ele>43.806</ele><time>2026-10-06T17:38:43Z</time><speed>0.000</speed><sat>28</sat></trkpt>
  <trkpt lat="40.98173684" lon="28.88067024"><ele>44.213</ele><time>2026-10-06T17:38:44Z</time><speed>0.000</speed><sat>28</sat></trkpt>
  <trkpt lat="40.98174025" lon="28.88066611"><ele>44.505</ele><time>2026-10-06T17:38:45Z</time><speed>0.430</speed><sat>28</sat></trkpt>
  <trkpt lat="40.98174081" lon="28.88066315"><ele>44.889</ele><time>2026-10-06T17:38:46Z</time><speed>0.150</speed><sat>28</sat></trkpt>
  <trkpt lat="40.98174013" lon="28.88066108"><ele>45.668</ele><time>2026-10-06T17:38:47Z</time><speed>0.000</speed><sat>29</sat></trkpt>
  <trkpt lat="40.98173910" lon="28.88065710"><ele>45.965</ele><time>2026-10-06T17:38:48Z</time><speed>0.000</speed><sat>31</sat></trkpt>
  <trkpt lat="40.98173870" lon="28.88065461"><ele>46.425</ele><time>2026-10-06T17:38:49Z</time><speed>0.000</speed><sat>29</sat></trkpt>
  <trkpt lat="40.98173971" lon="28.88065387"><ele>46.565</ele><time>2026-10-06T17:38:50Z</time><speed>0.000</speed><sat>29</sat></trkpt>
  <trkpt lat="40.98174025" lon="28.88065368"><ele>46.366</ele><time>2026-10-06T17:38:51Z</time><speed>0.000</speed><sat>30</sat></trkpt>
  <trkpt lat="40.98174279" lon="28.88065467"><ele>46.022</ele><time>2026-10-06T17:38:52Z</time><speed>0.000</speed><sat>31</sat></trkpt>
  <trkpt lat="40.98174620" lon="28.88065571"><ele>45.517</ele><time>2026-10-06T17:38:53Z</time><speed>0.000</speed><sat>31</sat></trkpt>
  <trkpt lat="40.98174029" lon="28.88065842"><ele>44.645</ele><time>2026-10-06T17:38:54Z</time><speed>0.000</speed><sat>31</sat></trkpt>
  <trkpt lat="40.98173240" lon="28.88066264"><ele>43.916</ele><time>2026-10-06T17:38:55Z</time><speed>0.000</speed><sat>31</sat></trkpt>
  <trkpt lat="40.98172735" lon="28.88066622"><ele>43.574</ele><time>2026-10-06T17:38:56Z</time><speed>0.000</speed><sat>31</sat></trkpt>
  <trkpt lat="40.98172182" lon="28.88066816"><ele>43.344</ele><time>2026-10-06T17:38:57Z</time><speed>0.000</speed><sat>28</sat></trkpt>
  <trkpt lat="40.98171536" lon="28.88067073"><ele>42.854</ele><time>2026-10-06T17:38:58Z</time><speed>0.000</speed><sat>29</sat></trkpt>
  <trkpt lat="40.98171148" lon="28.88067243"><ele>42.778</ele><time>2026-10-06T17:38:59Z</time><speed>0.000</speed><sat>29</sat></trkpt>
  <trkpt lat="40.98170698" lon="28.88067440"><ele>42.249</ele><time>2026-10-06T17:39:00Z</time><speed>0.000</speed><sat>29</sat></trkpt>
  <trkpt lat="40.98170335" lon="28.88067605"><ele>42.011</ele><time>2026-10-06T17:39:01Z</time><speed>0.000</speed><sat>29</sat></trkpt>
  <trkpt lat="40.98170125" lon="28.88067704"><ele>41.945</ele><time>2026-10-06T17:39:02Z</time><speed>0.000</speed><sat>30</sat></trkpt>
  <trkpt lat="40.98169985" lon="28.88067761"><ele>41.911</ele><time>2026-10-06T17:39:03Z</time><speed>0.000</speed><sat>30</sat></trkpt>
  <trkpt lat="40.98169908" lon="28.88067799"><ele>41.911</ele><time>2026-10-06T17:39:04Z</time><speed>0.000</speed><sat>30</sat></trkpt>
  <trkpt lat="40.98169789" lon="28.88067835"><ele>41.896</ele><time>2026-10-06T17:39:05Z</time><speed>0.000</speed><sat>31</sat></trkpt>
  <trkpt lat="40.98169731" lon="28.88067859"><ele>41.906</ele><time>2026-10-06T17:39:06Z</time><speed>0.000</speed><sat>32</sat></trkpt>
  <trkpt lat="40.98169703" lon="28.88067876"><ele>41.908</ele><time>2026-10-06T17:39:07Z</time><speed>0.000</speed><sat>32</sat></trkpt>
  <trkpt lat="40.98169706" lon="28.88067890"><ele>41.943</ele><time>2026-10-06T17:39:08Z</time><speed>0.000</speed><sat>32</sat></trkpt>
  <trkpt lat="40.98169705" lon="28.88067899"><ele>41.945</ele><time>2026-10-06T17:39:09Z</time><speed>0.000</speed><sat>32</sat></trkpt>
  <trkpt lat="40.98169707" lon="28.88067901"><ele>41.944</ele><time>2026-10-06T17:39:10Z</time><speed>0.000</speed><sat>31</sat></trkpt>
  <trkpt lat="40.98169713" lon="28.88067909"><ele>41.952</ele><time>2026-10-06T17:39:11Z</time><speed>0.000</speed><sat>30</sat></trkpt>
  <trkpt lat="40.98169504" lon="28.88066879"><ele>42.072</ele><time>2026-10-06T17:39:12Z</time><speed>1.500</speed><sat>31</sat></trkpt>
  <trkpt lat="40.98169224" lon="28.88064562"><ele>42.185</ele><time>2026-10-06T17:39:13Z</time><speed>1.910</speed><sat>30</sat></trkpt>
  <trkpt lat="40.98168903" lon="28.88061855"><ele>42.555</ele><time>2026-10-06T17:39:14Z</time><speed>2.310</speed><sat>31</sat></trkpt>
  <trkpt lat="40.98168499" lon="28.88058705"><ele>43.362</ele><time>2026-10-06T17:39:15Z</time><speed>2.720</speed><sat>31</sat></trkpt>
  <trkpt lat="40.98168092" lon="28.88055102"><ele>43.164</ele><time>2026-10-06T17:39:16Z</time><speed>3.160</speed><sat>30</sat></trkpt>
  <trkpt lat="40.98167577" lon="28.88050706"><ele>43.221</ele><time>2026-10-06T17:39:17Z</time><speed>3.950</speed><sat>31</sat></trkpt>
  <trkpt lat="40.98166883" lon="28.88045294"><ele>42.951</ele><time>2026-10-06T17:39:18Z</time><speed>4.890</speed><sat>30</sat></trkpt>
  <trkpt lat="40.98166407" lon="28.88036491"><ele>42.940</ele><time>2026-10-06T17:39:19Z</time><speed>6.080</speed><sat>31</sat></trkpt>
  <trkpt lat="40.98165011" lon="28.88028559"><ele>42.970</ele><time>2026-10-06T17:39:20Z</time><speed>7.140</speed><sat>29</sat></trkpt>
  <trkpt lat="40.98163664" lon="28.88019488"><ele>43.085</ele><time>2026-10-06T17:39:21Z</time><speed>8.180</speed><sat>30</sat></trkpt>
  <trkpt lat="40.98161431" lon="28.88008945"><ele>43.035</ele><time>2026-10-06T17:39:22Z</time><speed>9.330</speed><sat>30</sat></trkpt>
  <trkpt lat="40.98159167" lon="28.87997072"><ele>42.957</ele><time>2026-10-06T17:39:23Z</time><speed>10.250</speed><sat>30</sat></trkpt>
  <trkpt lat="40.98156288" lon="28.87984258"><ele>43.203</ele><time>2026-10-06T17:39:24Z</time><speed>11.280</speed><sat>30</sat></trkpt>
  <trkpt lat="40.98153858" lon="28.87970067"><ele>43.370</ele><time>2026-10-06T17:39:25Z</time><speed>12.120</speed><sat>30</sat></trkpt>
  <trkpt lat="40.98151341" lon="28.87954670"><ele>44.318</ele><time>2026-10-06T17:39:26Z</time><speed>12.900</speed><sat>31</sat></trkpt>
  <trkpt lat="40.98148433" lon="28.87938657"><ele>45.218</ele><time>2026-10-06T17:39:27Z</time><speed>13.610</speed><sat>30</sat></trkpt>
  <trkpt lat="40.98145325" lon="28.87921628"><ele>46.441</ele><time>2026-10-06T17:39:28Z</time><speed>14.360</speed><sat>29</sat></trkpt>
  <trkpt lat="40.98141638" lon="28.87904290"><ele>47.022</ele><time>2026-10-06T17:39:29Z</time><speed>14.970</speed><sat>29</sat></trkpt>
  <trkpt lat="40.98138579" lon="28.87885696"><ele>47.653</ele><time>2026-10-06T17:39:30Z</time><speed>15.600</speed><sat>29</sat></trkpt>
  <trkpt lat="40.98134872" lon="28.87867118"><ele>47.852</ele><time>2026-10-06T17:39:31Z</time><speed>15.980</speed><sat>28</sat></trkpt>
  <trkpt lat="40.98131739" lon="28.87847689"><ele>48.251</ele><time>2026-10-06T17:39:32Z</time><speed>16.350</speed><sat>28</sat></trkpt>
  <trkpt lat="40.98127794" lon="28.87828431"><ele>48.608</ele><time>2026-10-06T17:39:33Z</time><speed>16.670</speed><sat>27</sat></trkpt>
  <trkpt lat="40.98124283" lon="28.87809486"><ele>48.567</ele><time>2026-10-06T17:39:34Z</time><speed>16.430</speed><sat>28</sat></trkpt>
  <trkpt lat="40.98121404" lon="28.87790243"><ele>49.733</ele><time>2026-10-06T17:39:35Z</time><speed>16.670</speed><sat>26</sat></trkpt>
  <trkpt lat="40.98117697" lon="28.87771785"><ele>49.751</ele><time>2026-10-06T17:39:36Z</time><speed>16.370</speed><sat>28</sat></trkpt>
  <trkpt lat="40.98114146" lon="28.87752978"><ele>50.314</ele><time>2026-10-06T17:39:37Z</time><speed>16.420</speed><sat>29</sat></trkpt>
  <trkpt lat="40.98110492" lon="28.87734110"><ele>50.779</ele><time>2026-10-06T17:39:38Z</time><speed>16.250</speed><sat>29</sat></trkpt>
  <trkpt lat="40.98106854" lon="28.87714569"><ele>50.709</ele><time>2026-10-06T17:39:39Z</time><speed>16.260</speed><sat>28</sat></trkpt>
  <trkpt lat="40.98103487" lon="28.87695325"><ele>50.521</ele><time>2026-10-06T17:39:40Z</time><speed>16.190</speed><sat>27</sat></trkpt>
  <trkpt lat="40.98099917" lon="28.87676387"><ele>51.000</ele><time>2026-10-06T17:39:41Z</time><speed>16.090</speed><sat>28</sat></trkpt>
  <trkpt lat="40.98096833" lon="28.87657630"><ele>50.615</ele><time>2026-10-06T17:39:42Z</time><speed>16.040</speed><sat>27</sat></trkpt>
  <trkpt lat="40.98093509" lon="28.87638313"><ele>50.706</ele><time>2026-10-06T17:39:43Z</time><speed>15.990</speed><sat>27</sat></trkpt>
  <trkpt lat="40.98090580" lon="28.87619218"><ele>51.310</ele><time>2026-10-06T17:39:44Z</time><speed>15.920</speed><sat>29</sat></trkpt>
  <trkpt lat="40.98087590" lon="28.87600944"><ele>51.437</ele><time>2026-10-06T17:39:45Z</time><speed>15.840</speed><sat>28</sat></trkpt>
  <trkpt lat="40.98084586" lon="28.87581823"><ele>50.671</ele><time>2026-10-06T17:39:46Z</time><speed>15.850</speed><sat>30</sat></trkpt>
  <trkpt lat="40.98081251" lon="28.87562990"><ele>50.706</ele><time>2026-10-06T17:39:47Z</time><speed>15.790</speed><sat>29</sat></trkpt>
  <trkpt lat="40.98078846" lon="28.87544680"><ele>50.147</ele><time>2026-10-06T17:39:48Z</time><speed>15.780</speed><sat>29</sat></trkpt>
  <trkpt lat="40.98075616" lon="28.87526600"><ele>50.792</ele><time>2026-10-06T17:39:49Z</time><speed>15.710</speed><sat>30</sat></trkpt>
  <trkpt lat="40.98072934" lon="28.87508702"><ele>50.342</ele><time>2026-10-06T17:39:50Z</time><speed>15.730</speed><sat>29</sat></trkpt>
  <trkpt lat="40.98070378" lon="28.87490796"><ele>50.419</ele><time>2026-10-06T17:39:51Z</time><speed>15.700</speed><sat>30</sat></trkpt>
  <trkpt lat="40.98068539" lon="28.87472530"><ele>50.357</ele><time>2026-10-06T17:39:52Z</time><speed>15.660</speed><sat>28</sat></trkpt>
  <trkpt lat="40.98066749" lon="28.87454126"><ele>50.633</ele><time>2026-10-06T17:39:53Z</time><speed>15.550</speed><sat>28</sat></trkpt>
  <trkpt lat="40.98065023" lon="28.87436454"><ele>50.636</ele><time>2026-10-06T17:39:54Z</time><speed>15.280</speed><sat>28</sat></trkpt>
  <trkpt lat="40.98063267" lon="28.87418330"><ele>49.946</ele><time>2026-10-06T17:39:55Z</time><speed>14.680</speed><sat>27</sat></trkpt>
  <trkpt lat="40.98061554" lon="28.87402379"><ele>49.784</ele><time>2026-10-06T17:39:56Z</time><speed>13.730</speed><sat>27</sat></trkpt>
  <trkpt lat="40.98059541" lon="28.87386832"><ele>49.859</ele><time>2026-10-06T17:39:57Z</time><speed>13.460</speed><sat>27</sat></trkpt>
  <trkpt lat="40.98057181" lon="28.87370212"><ele>49.952</ele><time>2026-10-06T17:39:58Z</time><speed>13.930</speed><sat>27</sat></trkpt>
  <trkpt lat="40.98054813" lon="28.87353475"><ele>50.051</ele><time>2026-10-06T17:39:59Z</time><speed>14.260</speed><sat>27</sat></trkpt>
  <trkpt lat="40.98053696" lon="28.87343699"><ele>50.092</ele><time>2026-10-06T17:40:00Z</time><speed>12.100</speed><sat>26</sat></trkpt>
  <trkpt lat="40.98051788" lon="28.87330784"><ele>50.073</ele><time>2026-10-06T17:40:01Z</time><speed>11.900</speed><sat>24</sat></trkpt>
  <trkpt lat="40.98050352" lon="28.87316864"><ele>50.442</ele><time>2026-10-06T17:40:02Z</time><speed>10.870</speed><sat>22</sat></trkpt>
  <trkpt lat="40.98048672" lon="28.87303523"><ele>51.603</ele><time>2026-10-06T17:40:03Z</time><speed>11.250</speed><sat>23</sat></trkpt>
  <trkpt lat="40.98047587" lon="28.87291086"><ele>52.140</ele><time>2026-10-06T17:40:04Z</time><speed>10.180</speed><sat>20</sat></trkpt>
  <trkpt lat="40.98045085" lon="28.87280696"><ele>51.232</ele><time>2026-10-06T17:40:05Z</time><speed>9.420</speed><sat>21</sat></trkpt>
  <trkpt lat="40.98042678" lon="28.87270507"><ele>50.826</ele><time>2026-10-06T17:40:06Z</time><speed>8.960</speed><sat>22</sat></trkpt>
  <trkpt lat="40.98040694" lon="28.87261541"><ele>52.204</ele><time>2026-10-06T17:40:07Z</time><speed>8.360</speed><sat>25</sat></trkpt>
  <trkpt lat="40.98039761" lon="28.87253809"><ele>52.251</ele><time>2026-10-06T17:40:08Z</time><speed>7.850</speed><sat>25</sat></trkpt>
  <trkpt lat="40.98038625" lon="28.87246118"><ele>52.465</ele><time>2026-10-06T17:40:09Z</time><speed>7.190</speed><sat>25</sat></trkpt>
  <trkpt lat="40.98037303" lon="28.87237341"><ele>52.097</ele><time>2026-10-06T17:40:10Z</time><speed>6.510</speed><sat>26</sat></trkpt>
  <trkpt lat="40.98036056" lon="28.87229628"><ele>52.496</ele><time>2026-10-06T17:40:11Z</time><speed>6.450</speed><sat>26</sat></trkpt>
  <trkpt lat="40.98034626" lon="28.87223504"><ele>52.691</ele><time>2026-10-06T17:40:12Z</time><speed>5.360</speed><sat>25</sat></trkpt>
  <trkpt lat="40.98033868" lon="28.87217010"><ele>51.380</ele><time>2026-10-06T17:40:13Z</time><speed>4.740</speed><sat>24</sat></trkpt>
  <trkpt lat="40.98033021" lon="28.87211578"><ele>50.791</ele><time>2026-10-06T17:40:14Z</time><speed>4.140</speed><sat>24</sat></trkpt>
  <trkpt lat="40.98032249" lon="28.87207331"><ele>51.054</ele><time>2026-10-06T17:40:15Z</time><speed>3.560</speed><sat>24</sat></trkpt>
  <trkpt lat="40.98032155" lon="28.87202893"><ele>51.073</ele><time>2026-10-06T17:40:16Z</time><speed>3.130</speed><sat>25</sat></trkpt>
  <trkpt lat="40.98031864" lon="28.87199308"><ele>50.977</ele><time>2026-10-06T17:40:17Z</time><speed>2.530</speed><sat>25</sat></trkpt>
  <trkpt lat="40.98031283" lon="28.87196531"><ele>50.955</ele><time>2026-10-06T17:40:18Z</time><speed>1.800</speed><sat>25</sat></trkpt>
  <trkpt lat="40.98031338" lon="28.87195044"><ele>50.184</ele><time>2026-10-06T17:40:19Z</time><speed>0.970</speed><sat>25</sat></trkpt>
  <trkpt lat="40.98031370" lon="28.87194005"><ele>50.079</ele><time>2026-10-06T17:40:20Z</time><speed>0.580</speed><sat>26</sat></trkpt>
  <trkpt lat="40.98031292" lon="28.87193808"><ele>51.222</ele><time>2026-10-06T17:40:21Z</time><speed>0.000</speed><sat>27</sat></trkpt>
  <trkpt lat="40.98031460" lon="28.87193677"><ele>51.496</ele><time>2026-10-06T17:40:22Z</time><speed>0.000</speed><sat>26</sat></trkpt>
  <trkpt lat="40.98031532" lon="28.87193650"><ele>51.144</ele><time>2026-10-06T17:40:23Z</time><speed>0.000</speed><sat>26</sat></trkpt>
  <trkpt lat="40.98031633" lon="28.87193582"><ele>50.936</ele><time>2026-10-06T17:40:24Z</time><speed>0.000</speed><sat>26</sat></trkpt>
  <trkpt lat="40.98031682" lon="28.87193428"><ele>50.878</ele><time>2026-10-06T17:40:25Z</time><speed>0.000</speed><sat>26</sat></trkpt>
  <trkpt lat="40.98031714" lon="28.87193252"><ele>50.896</ele><time>2026-10-06T17:40:26Z</time><speed>0.000</speed><sat>26</sat></trkpt>
  <trkpt lat="40.98031783" lon="28.87193178"><ele>50.676</ele><time>2026-10-06T17:40:27Z</time><speed>0.000</speed><sat>27</sat></trkpt>
  <trkpt lat="40.98031725" lon="28.87193123"><ele>50.765</ele><time>2026-10-06T17:40:28Z</time><speed>0.000</speed><sat>27</sat></trkpt>
  <trkpt lat="40.98031669" lon="28.87192504"><ele>50.093</ele><time>2026-10-06T17:40:29Z</time><speed>0.480</speed><sat>26</sat></trkpt>
  <trkpt lat="40.98031446" lon="28.87192694"><ele>49.541</ele><time>2026-10-06T17:40:30Z</time><speed>0.430</speed><sat>26</sat></trkpt>
  <trkpt lat="40.98031167" lon="28.87193366"><ele>49.480</ele><time>2026-10-06T17:40:31Z</time><speed>0.500</speed><sat>26</sat></trkpt>
  <trkpt lat="40.98031272" lon="28.87194816"><ele>48.762</ele><time>2026-10-06T17:40:32Z</time><speed>1.000</speed><sat>26</sat></trkpt>
  <trkpt lat="40.98031832" lon="28.87196170"><ele>49.578</ele><time>2026-10-06T17:40:33Z</time><speed>0.660</speed><sat>25</sat></trkpt>
  <trkpt lat="40.98032910" lon="28.87197501"><ele>49.272</ele><time>2026-10-06T17:40:34Z</time><speed>0.000</speed><sat>23</sat></trkpt>
  <trkpt lat="40.98033535" lon="28.87198156"><ele>49.287</ele><time>2026-10-06T17:40:35Z</time><speed>0.000</speed><sat>24</sat></trkpt>
  <trkpt lat="40.98033748" lon="28.87198573"><ele>49.285</ele><time>2026-10-06T17:40:36Z</time><speed>0.000</speed><sat>23</sat></trkpt>
  <trkpt lat="40.98033815" lon="28.87199016"><ele>48.996</ele><time>2026-10-06T17:40:37Z</time><speed>0.000</speed><sat>21</sat></trkpt>
  <trkpt lat="40.98033987" lon="28.87199181"><ele>49.097</ele><time>2026-10-06T17:40:38Z</time><speed>0.000</speed><sat>20</sat></trkpt>
  <trkpt lat="40.98033731" lon="28.87199889"><ele>47.678</ele><time>2026-10-06T17:40:39Z</time><speed>0.000</speed><sat>20</sat></trkpt>
  <trkpt lat="40.98033407" lon="28.87200578"><ele>47.257</ele><time>2026-10-06T17:40:40Z</time><speed>0.000</speed><sat>19</sat></trkpt>
  <trkpt lat="40.98033189" lon="28.87200920"><ele>47.009</ele><time>2026-10-06T17:40:41Z</time><speed>0.000</speed><sat>18</sat></trkpt>
  <trkpt lat="40.98033027" lon="28.87201165"><ele>46.912</ele><time>2026-10-06T17:40:42Z</time><speed>0.000</speed><sat>19</sat></trkpt>
  <trkpt lat="40.98033040" lon="28.87201270"><ele>47.112</ele><time>2026-10-06T17:40:43Z</time><speed>0.000</speed><sat>20</sat></trkpt>
  <trkpt lat="40.98033077" lon="28.87201359"><ele>47.240</ele><time>2026-10-06T17:40:44Z</time><speed>0.000</speed><sat>21</sat></trkpt>
  <trkpt lat="40.98033225" lon="28.87201388"><ele>47.604</ele><time>2026-10-06T17:40:45Z</time><speed>0.000</speed><sat>22</sat></trkpt>
  <trkpt lat="40.98033241" lon="28.87201505"><ele>47.637</ele><time>2026-10-06T17:40:46Z</time><speed>0.000</speed><sat>22</sat></trkpt>
  <trkpt lat="40.98033219" lon="28.87201741"><ele>47.836</ele><time>2026-10-06T17:40:47Z</time><speed>0.000</speed><sat>21</sat></trkpt>
  <trkpt lat="40.98033148" lon="28.87201903"><ele>47.703</ele><time>2026-10-06T17:40:48Z</time><speed>0.000</speed><sat>21</sat></trkpt>
  <trkpt lat="40.98033132" lon="28.87202056"><ele>47.810</ele><time>2026-10-06T17:40:49Z</time><speed>0.000</speed><sat>21</sat></trkpt>
  <trkpt lat="40.98033137" lon="28.87202118"><ele>47.885</ele><time>2026-10-06T17:40:50Z</time><speed>0.000</speed><sat>21</sat></trkpt>
  <trkpt lat="40.98033128" lon="28.87202148"><ele>47.833</ele><time>2026-10-06T17:40:51Z</time><speed>0.000</speed><sat>21</sat></trkpt>
  <trkpt lat="40.98033102" lon="28.87202230"><ele>47.850</ele><time>2026-10-06T17:40:52Z</time><speed>0.000</speed><sat>21</sat></trkpt>
  <trkpt lat="40.98033096" lon="28.87202247"><ele>47.840</ele><time>2026-10-06T17:40:53Z</time><speed>0.000</speed><sat>21</sat></trkpt>
  <trkpt lat="40.98033095" lon="28.87202240"><ele>47.810</ele><time>2026-10-06T17:40:54Z</time><speed>0.000</speed><sat>21</sat></trkpt>
  <trkpt lat="40.98033098" lon="28.87202204"><ele>47.780</ele><time>2026-10-06T17:40:55Z</time><speed>0.000</speed><sat>21</sat></trkpt>
  <trkpt lat="40.98033116" lon="28.87202127"><ele>47.832</ele><time>2026-10-06T17:40:56Z</time><speed>0.000</speed><sat>22</sat></trkpt>
  <trkpt lat="40.98033105" lon="28.87202022"><ele>47.833</ele><time>2026-10-06T17:40:57Z</time><speed>0.000</speed><sat>23</sat></trkpt>
  <trkpt lat="40.98033102" lon="28.87201952"><ele>47.850</ele><time>2026-10-06T17:40:58Z</time><speed>0.000</speed><sat>24</sat></trkpt>
  <trkpt lat="40.98033086" lon="28.87199013"><ele>48.689</ele><time>2026-10-06T17:40:59Z</time><speed>2.660</speed><sat>24</sat></trkpt>
  <trkpt lat="40.98032892" lon="28.87193566"><ele>49.833</ele><time>2026-10-06T17:41:00Z</time><speed>3.790</speed><sat>24</sat></trkpt>
  <trkpt lat="40.98032414" lon="28.87186910"><ele>50.654</ele><time>2026-10-06T17:41:01Z</time><speed>4.810</speed><sat>24</sat></trkpt>
  <trkpt lat="40.98032811" lon="28.87172746"><ele>50.355</ele><time>2026-10-06T17:41:02Z</time><speed>6.040</speed><sat>24</sat></trkpt>
  <trkpt lat="40.98032320" lon="28.87164241"><ele>51.997</ele><time>2026-10-06T17:41:03Z</time><speed>6.820</speed><sat>24</sat></trkpt>
  <trkpt lat="40.98031103" lon="28.87153927"><ele>51.780</ele><time>2026-10-06T17:41:04Z</time><speed>7.930</speed><sat>24</sat></trkpt>
  <trkpt lat="40.98029055" lon="28.87143958"><ele>52.408</ele><time>2026-10-06T17:41:05Z</time><speed>8.360</speed><sat>23</sat></trkpt>
  <trkpt lat="40.98026822" lon="28.87129706"><ele>52.661</ele><time>2026-10-06T17:41:06Z</time><speed>10.410</speed><sat>23</sat></trkpt>
  <trkpt lat="40.98024836" lon="28.87114781"><ele>51.697</ele><time>2026-10-06T17:41:07Z</time><speed>11.590</speed><sat>23</sat></trkpt>
  <trkpt lat="40.98022344" lon="28.87100120"><ele>51.950</ele><time>2026-10-06T17:41:08Z</time><speed>12.180</speed><sat>22</sat></trkpt>
  <trkpt lat="40.98019756" lon="28.87083667"><ele>52.279</ele><time>2026-10-06T17:41:09Z</time><speed>13.200</speed><sat>20</sat></trkpt>
  <trkpt lat="40.98016977" lon="28.87067448"><ele>51.747</ele><time>2026-10-06T17:41:10Z</time><speed>13.600</speed><sat>16</sat></trkpt>
  <trkpt lat="40.98014241" lon="28.87049343"><ele>51.930</ele><time>2026-10-06T17:41:11Z</time><speed>14.330</speed><sat>17</sat></trkpt>
  <trkpt lat="40.98012307" lon="28.87028438"><ele>52.829</ele><time>2026-10-06T17:41:12Z</time><speed>15.200</speed><sat>17</sat></trkpt>
  <trkpt lat="40.98011034" lon="28.87008399"><ele>54.002</ele><time>2026-10-06T17:41:13Z</time><speed>15.840</speed><sat>19</sat></trkpt>
  <trkpt lat="40.98008068" lon="28.86987812"><ele>54.112</ele><time>2026-10-06T17:41:14Z</time><speed>16.440</speed><sat>20</sat></trkpt>
  <trkpt lat="40.98004845" lon="28.86968894"><ele>55.170</ele><time>2026-10-06T17:41:15Z</time><speed>16.540</speed><sat>20</sat></trkpt>
  <trkpt lat="40.98002260" lon="28.86949351"><ele>54.964</ele><time>2026-10-06T17:41:16Z</time><speed>16.830</speed><sat>20</sat></trkpt>
  <trkpt lat="40.97998345" lon="28.86931800"><ele>53.960</ele><time>2026-10-06T17:41:17Z</time><speed>16.320</speed><sat>17</sat></trkpt>
  <trkpt lat="40.97995976" lon="28.86912775"><ele>54.342</ele><time>2026-10-06T17:41:18Z</time><speed>16.300</speed><sat>18</sat></trkpt>
  <trkpt lat="40.97992126" lon="28.86892401"><ele>52.713</ele><time>2026-10-06T17:41:19Z</time><speed>16.350</speed><sat>18</sat></trkpt>
  <trkpt lat="40.97988082" lon="28.86874514"><ele>52.920</ele><time>2026-10-06T17:41:20Z</time><speed>16.360</speed><sat>18</sat></trkpt>
  <trkpt lat="40.97984894" lon="28.86854103"><ele>52.827</ele><time>2026-10-06T17:41:21Z</time><speed>17.070</speed><sat>18</sat></trkpt>
  <trkpt lat="40.97983426" lon="28.86833585"><ele>52.446</ele><time>2026-10-06T17:41:22Z</time><speed>17.400</speed><sat>19</sat></trkpt>
  <trkpt lat="40.97981250" lon="28.86811482"><ele>51.299</ele><time>2026-10-06T17:41:23Z</time><speed>17.970</speed><sat>21</sat></trkpt>
  <trkpt lat="40.97980002" lon="28.86789491"><ele>51.179</ele><time>2026-10-06T17:41:24Z</time><speed>18.860</speed><sat>20</sat></trkpt>
  <trkpt lat="40.97980093" lon="28.86767448"><ele>50.016</ele><time>2026-10-06T17:41:25Z</time><speed>19.250</speed><sat>21</sat></trkpt>
  <trkpt lat="40.97981052" lon="28.86745303"><ele>49.879</ele><time>2026-10-06T17:41:26Z</time><speed>19.140</speed><sat>20</sat></trkpt>
  <trkpt lat="40.97982168" lon="28.86720814"><ele>49.397</ele><time>2026-10-06T17:41:27Z</time><speed>20.260</speed><sat>20</sat></trkpt>
  <trkpt lat="40.97984013" lon="28.86695860"><ele>48.579</ele><time>2026-10-06T17:41:28Z</time><speed>20.620</speed><sat>19</sat></trkpt>
  <trkpt lat="40.97986041" lon="28.86670406"><ele>44.184</ele><time>2026-10-06T17:41:29Z</time><speed>21.090</speed><sat>19</sat></trkpt>
  <trkpt lat="40.97987659" lon="28.86644312"><ele>40.940</ele><time>2026-10-06T17:41:30Z</time><speed>21.540</speed><sat>20</sat></trkpt>
  <trkpt lat="40.97988939" lon="28.86617903"><ele>40.166</ele><time>2026-10-06T17:41:31Z</time><speed>21.600</speed><sat>22</sat></trkpt>
  <trkpt lat="40.97991268" lon="28.86590406"><ele>39.425</ele><time>2026-10-06T17:41:32Z</time><speed>21.740</speed><sat>20</sat></trkpt>
  <trkpt lat="40.97992673" lon="28.86564368"><ele>38.818</ele><time>2026-10-06T17:41:33Z</time><speed>21.840</speed><sat>24</sat></trkpt>
  <trkpt lat="40.97993223" lon="28.86539623"><ele>39.060</ele><time>2026-10-06T17:41:34Z</time><speed>21.460</speed><sat>22</sat></trkpt>
  <trkpt lat="40.97993949" lon="28.86513480"><ele>38.452</ele><time>2026-10-06T17:41:35Z</time><speed>21.940</speed><sat>22</sat></trkpt>
  <trkpt lat="40.97994332" lon="28.86487531"><ele>38.880</ele><time>2026-10-06T17:41:36Z</time><speed>21.890</speed><sat>22</sat></trkpt>
  <trkpt lat="40.97995027" lon="28.86460832"><ele>38.507</ele><time>2026-10-06T17:41:37Z</time><speed>21.800</speed><sat>21</sat></trkpt>
  <trkpt lat="40.97996203" lon="28.86436919"><ele>38.511</ele><time>2026-10-06T17:41:38Z</time><speed>21.140</speed><sat>24</sat></trkpt>
  <trkpt lat="40.97997347" lon="28.86410982"><ele>37.455</ele><time>2026-10-06T17:41:39Z</time><speed>21.530</speed><sat>24</sat></trkpt>
  <trkpt lat="40.97998190" lon="28.86384492"><ele>36.350</ele><time>2026-10-06T17:41:40Z</time><speed>21.740</speed><sat>26</sat></trkpt>
  <trkpt lat="40.98000251" lon="28.86357987"><ele>36.726</ele><time>2026-10-06T17:41:41Z</time><speed>21.930</speed><sat>26</sat></trkpt>
  <trkpt lat="40.98001534" lon="28.86332135"><ele>37.278</ele><time>2026-10-06T17:41:42Z</time><speed>21.970</speed><sat>26</sat></trkpt>
  <trkpt lat="40.98002588" lon="28.86305391"><ele>38.696</ele><time>2026-10-06T17:41:43Z</time><speed>22.030</speed><sat>30</sat></trkpt>
  <trkpt lat="40.98003203" lon="28.86279767"><ele>38.116</ele><time>2026-10-06T17:41:44Z</time><speed>22.030</speed><sat>30</sat></trkpt>
  <trkpt lat="40.98003999" lon="28.86254033"><ele>37.775</ele><time>2026-10-06T17:41:45Z</time><speed>21.990</speed><sat>31</sat></trkpt>
  <trkpt lat="40.98005652" lon="28.86228149"><ele>38.585</ele><time>2026-10-06T17:41:46Z</time><speed>21.540</speed><sat>31</sat></trkpt>
  <trkpt lat="40.98007282" lon="28.86202620"><ele>38.616</ele><time>2026-10-06T17:41:47Z</time><speed>21.580</speed><sat>31</sat></trkpt>
  <trkpt lat="40.98008107" lon="28.86180858"><ele>38.333</ele><time>2026-10-06T17:41:48Z</time><speed>19.560</speed><sat>32</sat></trkpt>
  <trkpt lat="40.98009518" lon="28.86159146"><ele>38.867</ele><time>2026-10-06T17:41:49Z</time><speed>18.360</speed><sat>30</sat></trkpt>
  <trkpt lat="40.98010042" lon="28.86139204"><ele>39.558</ele><time>2026-10-06T17:41:50Z</time><speed>17.240</speed><sat>31</sat></trkpt>
  <trkpt lat="40.98010350" lon="28.86118499"><ele>39.227</ele><time>2026-10-06T17:41:51Z</time><speed>16.860</speed><sat>29</sat></trkpt>
  <trkpt lat="40.98010924" lon="28.86099060"><ele>38.808</ele><time>2026-10-06T17:41:52Z</time><speed>16.780</speed><sat>26</sat></trkpt>
  <trkpt lat="40.98011422" lon="28.86079285"><ele>38.619</ele><time>2026-10-06T17:41:53Z</time><speed>16.620</speed><sat>25</sat></trkpt>
  <trkpt lat="40.98012608" lon="28.86057788"><ele>38.050</ele><time>2026-10-06T17:41:54Z</time><speed>17.420</speed><sat>24</sat></trkpt>
  <trkpt lat="40.98012508" lon="28.86037146"><ele>37.728</ele><time>2026-10-06T17:41:55Z</time><speed>17.440</speed><sat>25</sat></trkpt>
  <trkpt lat="40.98013658" lon="28.86017218"><ele>37.187</ele><time>2026-10-06T17:41:56Z</time><speed>17.230</speed><sat>24</sat></trkpt>
  <trkpt lat="40.98014676" lon="28.85997263"><ele>37.245</ele><time>2026-10-06T17:41:57Z</time><speed>16.720</speed><sat>26</sat></trkpt>
  <trkpt lat="40.98015212" lon="28.85976131"><ele>37.383</ele><time>2026-10-06T17:41:58Z</time><speed>16.990</speed><sat>28</sat></trkpt>
  <trkpt lat="40.98014693" lon="28.85957878"><ele>36.673</ele><time>2026-10-06T17:41:59Z</time><speed>16.500</speed><sat>29</sat></trkpt>
  <trkpt lat="40.98015687" lon="28.85937727"><ele>38.257</ele><time>2026-10-06T17:42:00Z</time><speed>16.530</speed><sat>28</sat></trkpt>
  <trkpt lat="40.98015644" lon="28.85916776"><ele>37.771</ele><time>2026-10-06T17:42:01Z</time><speed>16.560</speed><sat>28</sat></trkpt>
  <trkpt lat="40.98014808" lon="28.85901371"><ele>35.022</ele><time>2026-10-06T17:42:02Z</time><speed>15.490</speed><sat>29</sat></trkpt>
  <trkpt lat="40.98015843" lon="28.85883111"><ele>35.878</ele><time>2026-10-06T17:42:03Z</time><speed>15.200</speed><sat>28</sat></trkpt>
  <trkpt lat="40.98016571" lon="28.85864455"><ele>34.667</ele><time>2026-10-06T17:42:04Z</time><speed>14.470</speed><sat>27</sat></trkpt>
  <trkpt lat="40.98018195" lon="28.85847561"><ele>35.060</ele><time>2026-10-06T17:42:05Z</time><speed>14.200</speed><sat>27</sat></trkpt>
  <trkpt lat="40.98019400" lon="28.85830970"><ele>35.098</ele><time>2026-10-06T17:42:06Z</time><speed>13.810</speed><sat>28</sat></trkpt>
  <trkpt lat="40.98019868" lon="28.85815616"><ele>33.824</ele><time>2026-10-06T17:42:07Z</time><speed>13.280</speed><sat>29</sat></trkpt>
  <trkpt lat="40.98021137" lon="28.85799960"><ele>34.309</ele><time>2026-10-06T17:42:08Z</time><speed>13.020</speed><sat>30</sat></trkpt>
  <trkpt lat="40.98022148" lon="28.85785855"><ele>32.404</ele><time>2026-10-06T17:42:09Z</time><speed>12.430</speed><sat>30</sat></trkpt>
  <trkpt lat="40.98023287" lon="28.85770607"><ele>32.520</ele><time>2026-10-06T17:42:10Z</time><speed>11.850</speed><sat>30</sat></trkpt>
  <trkpt lat="40.98024018" lon="28.85755777"><ele>34.051</ele><time>2026-10-06T17:42:11Z</time><speed>11.800</speed><sat>30</sat></trkpt>
  <trkpt lat="40.98025675" lon="28.85742397"><ele>34.109</ele><time>2026-10-06T17:42:12Z</time><speed>11.510</speed><sat>30</sat></trkpt>
  <trkpt lat="40.98026093" lon="28.85730503"><ele>32.340</ele><time>2026-10-06T17:42:13Z</time><speed>10.670</speed><sat>29</sat></trkpt>
  <trkpt lat="40.98027995" lon="28.85716900"><ele>32.228</ele><time>2026-10-06T17:42:14Z</time><speed>10.340</speed><sat>28</sat></trkpt>
  <trkpt lat="40.98028390" lon="28.85706461"><ele>31.756</ele><time>2026-10-06T17:42:15Z</time><speed>9.640</speed><sat>26</sat></trkpt>
  <trkpt lat="40.98028458" lon="28.85697143"><ele>31.746</ele><time>2026-10-06T17:42:16Z</time><speed>9.390</speed><sat>25</sat></trkpt>
  <trkpt lat="40.98029300" lon="28.85686596"><ele>31.653</ele><time>2026-10-06T17:42:17Z</time><speed>8.680</speed><sat>27</sat></trkpt>
  <trkpt lat="40.98030044" lon="28.85676248"><ele>31.986</ele><time>2026-10-06T17:42:18Z</time><speed>8.590</speed><sat>27</sat></trkpt>
  <trkpt lat="40.98030445" lon="28.85664653"><ele>32.020</ele><time>2026-10-06T17:42:19Z</time><speed>8.710</speed><sat>27</sat></trkpt>
  <trkpt lat="40.98032693" lon="28.85652599"><ele>32.889</ele><time>2026-10-06T17:42:20Z</time><speed>10.370</speed><sat>25</sat></trkpt>
  <trkpt lat="40.98026796" lon="28.85649178"><ele>32.216</ele><time>2026-10-06T17:42:21Z</time><speed>6.420</speed><sat>28</sat></trkpt>
  <trkpt lat="40.98026768" lon="28.85640088"><ele>33.637</ele><time>2026-10-06T17:42:22Z</time><speed>6.610</speed><sat>26</sat></trkpt>
  <trkpt lat="40.98025697" lon="28.85631688"><ele>31.932</ele><time>2026-10-06T17:42:23Z</time><speed>6.670</speed><sat>23</sat></trkpt>
  <trkpt lat="40.98025763" lon="28.85624074"><ele>32.100</ele><time>2026-10-06T17:42:24Z</time><speed>5.080</speed><sat>22</sat></trkpt>
  <trkpt lat="40.98026037" lon="28.85618641"><ele>32.187</ele><time>2026-10-06T17:42:25Z</time><speed>5.000</speed><sat>25</sat></trkpt>
  <trkpt lat="40.98026372" lon="28.85611475"><ele>32.156</ele><time>2026-10-06T17:42:26Z</time><speed>5.400</speed><sat>26</sat></trkpt>
  <trkpt lat="40.98027923" lon="28.85607921"><ele>31.755</ele><time>2026-10-06T17:42:27Z</time><speed>3.040</speed><sat>26</sat></trkpt>
  <trkpt lat="40.98031520" lon="28.85603190"><ele>33.388</ele><time>2026-10-06T17:42:28Z</time><speed>4.970</speed><sat>28</sat></trkpt>
  <trkpt lat="40.98031003" lon="28.85599334"><ele>33.190</ele><time>2026-10-06T17:42:29Z</time><speed>3.510</speed><sat>30</sat></trkpt>
  <trkpt lat="40.98031561" lon="28.85595712"><ele>33.303</ele><time>2026-10-06T17:42:30Z</time><speed>3.230</speed><sat>30</sat></trkpt>
  <trkpt lat="40.98032483" lon="28.85592813"><ele>32.585</ele><time>2026-10-06T17:42:31Z</time><speed>2.000</speed><sat>28</sat></trkpt>
  <trkpt lat="40.98032434" lon="28.85589875"><ele>33.345</ele><time>2026-10-06T17:42:32Z</time><speed>1.510</speed><sat>28</sat></trkpt>
  <trkpt lat="40.98032064" lon="28.85587719"><ele>33.456</ele><time>2026-10-06T17:42:33Z</time><speed>1.020</speed><sat>28</sat></trkpt>
  <trkpt lat="40.98032205" lon="28.85587767"><ele>34.320</ele><time>2026-10-06T17:42:34Z</time><speed>0.390</speed><sat>27</sat></trkpt>
  <trkpt lat="40.98031979" lon="28.85587233"><ele>34.610</ele><time>2026-10-06T17:42:35Z</time><speed>0.000</speed><sat>27</sat></trkpt>
  <trkpt lat="40.98032310" lon="28.85587172"><ele>34.907</ele><time>2026-10-06T17:42:36Z</time><speed>0.450</speed><sat>28</sat></trkpt>
  <trkpt lat="40.98031218" lon="28.85586691"><ele>34.896</ele><time>2026-10-06T17:42:37Z</time><speed>0.610</speed><sat>30</sat></trkpt>
  <trkpt lat="40.98030751" lon="28.85586380"><ele>34.371</ele><time>2026-10-06T17:42:38Z</time><speed>0.450</speed><sat>29</sat></trkpt>
  <trkpt lat="40.98030067" lon="28.85586227"><ele>33.330</ele><time>2026-10-06T17:42:39Z</time><speed>0.590</speed><sat>30</sat></trkpt>
  <trkpt lat="40.98028999" lon="28.85585737"><ele>32.253</ele><time>2026-10-06T17:42:40Z</time><speed>0.830</speed><sat>30</sat></trkpt>
  <trkpt lat="40.98027515" lon="28.85585298"><ele>32.319</ele><time>2026-10-06T17:42:41Z</time><speed>0.940</speed><sat>30</sat></trkpt>
  <trkpt lat="40.98025821" lon="28.85584413"><ele>31.170</ele><time>2026-10-06T17:42:42Z</time><speed>1.310</speed><sat>29</sat></trkpt>
  <trkpt lat="40.98024006" lon="28.85583698"><ele>31.959</ele><time>2026-10-06T17:42:43Z</time><speed>1.060</speed><sat>28</sat></trkpt>
  <trkpt lat="40.98022693" lon="28.85583010"><ele>31.605</ele><time>2026-10-06T17:42:44Z</time><speed>0.500</speed><sat>30</sat></trkpt>
  <trkpt lat="40.98022263" lon="28.85581175"><ele>31.404</ele><time>2026-10-06T17:42:45Z</time><speed>2.110</speed><sat>30</sat></trkpt>
  <trkpt lat="40.98022161" lon="28.85579603"><ele>31.469</ele><time>2026-10-06T17:42:46Z</time><speed>0.790</speed><sat>30</sat></trkpt>
  <trkpt lat="40.98021889" lon="28.85578919"><ele>31.215</ele><time>2026-10-06T17:42:47Z</time><speed>0.560</speed><sat>30</sat></trkpt>
  <trkpt lat="40.98021308" lon="28.85577914"><ele>30.895</ele><time>2026-10-06T17:42:48Z</time><speed>0.830</speed><sat>31</sat></trkpt>
  <trkpt lat="40.98020908" lon="28.85576143"><ele>30.259</ele><time>2026-10-06T17:42:49Z</time><speed>1.530</speed><sat>32</sat></trkpt>
  <trkpt lat="40.98020279" lon="28.85573794"><ele>29.367</ele><time>2026-10-06T17:42:50Z</time><speed>1.430</speed><sat>32</sat></trkpt>
  <trkpt lat="40.98019439" lon="28.85572117"><ele>30.678</ele><time>2026-10-06T17:42:51Z</time><speed>0.330</speed><sat>32</sat></trkpt>
  <trkpt lat="40.98018586" lon="28.85571252"><ele>30.215</ele><time>2026-10-06T17:42:52Z</time><speed>0.000</speed><sat>31</sat></trkpt>
  <trkpt lat="40.98016678" lon="28.85570056"><ele>30.547</ele><time>2026-10-06T17:42:53Z</time><speed>0.000</speed><sat>30</sat></trkpt>
  <trkpt lat="40.98015590" lon="28.85568965"><ele>31.280</ele><time>2026-10-06T17:42:54Z</time><speed>0.000</speed><sat>30</sat></trkpt>
  <trkpt lat="40.98014716" lon="28.85568022"><ele>31.230</ele><time>2026-10-06T17:42:55Z</time><speed>0.000</speed><sat>28</sat></trkpt>
  <trkpt lat="40.98014231" lon="28.85567495"><ele>31.039</ele><time>2026-10-06T17:42:56Z</time><speed>0.000</speed><sat>30</sat></trkpt>
  <trkpt lat="40.98013878" lon="28.85567219"><ele>31.235</ele><time>2026-10-06T17:42:57Z</time><speed>0.000</speed><sat>32</sat></trkpt>
  <trkpt lat="40.98013504" lon="28.85566937"><ele>31.247</ele><time>2026-10-06T17:42:58Z</time><speed>0.000</speed><sat>31</sat></trkpt>
  <trkpt lat="40.98013133" lon="28.85566911"><ele>31.373</ele><time>2026-10-06T17:42:59Z</time><speed>0.000</speed><sat>32</sat></trkpt>
  <trkpt lat="40.98013089" lon="28.85566685"><ele>31.923</ele><time>2026-10-06T17:43:00Z</time><speed>0.000</speed><sat>32</sat></trkpt>
  <trkpt lat="40.98012952" lon="28.85566364"><ele>32.151</ele><time>2026-10-06T17:43:01Z</time><speed>0.000</speed><sat>31</sat></trkpt>
  <trkpt lat="40.98012896" lon="28.85566042"><ele>32.188</ele><time>2026-10-06T17:43:02Z</time><speed>0.000</speed><sat>31</sat></trkpt>
  <trkpt lat="40.98012877" lon="28.85565794"><ele>32.207</ele><time>2026-10-06T17:43:03Z</time><speed>0.000</speed><sat>31</sat></trkpt>
  <trkpt lat="40.98012862" lon="28.85565593"><ele>32.121</ele><time>2026-10-06T17:43:04Z</time><speed>0.000</speed><sat>31</sat></trkpt>
  <trkpt lat="40.98012792" lon="28.85565417"><ele>32.273</ele><time>2026-10-06T17:43:05Z</time><speed>0.000</speed><sat>32</sat></trkpt>
  <trkpt lat="40.98012748" lon="28.85565198"><ele>32.469</ele><time>2026-10-06T17:43:06Z</time><speed>0.000</speed><sat>32</sat></trkpt>
  <trkpt lat="40.98012747" lon="28.85565005"><ele>32.667</ele><time>2026-10-06T17:43:07Z</time><speed>0.000</speed><sat>32</sat></trkpt>
  <trkpt lat="40.98012735" lon="28.85564866"><ele>32.702</ele><time>2026-10-06T17:43:08Z</time><speed>0.000</speed><sat>32</sat></trkpt>
  <trkpt lat="40.98012717" lon="28.85564789"><ele>32.849</ele><time>2026-10-06T17:43:09Z</time><speed>0.000</speed><sat>31</sat></trkpt>
  <trkpt lat="40.98012695" lon="28.85564738"><ele>32.804</ele><time>2026-10-06T17:43:10Z</time><speed>0.000</speed><sat>32</sat></trkpt>
  <trkpt lat="40.98012669" lon="28.85564685"><ele>32.782</ele><time>2026-10-06T17:43:11Z</time><speed>0.000</speed><sat>32</sat></trkpt>
  <trkpt lat="40.98012654" lon="28.85564656"><ele>32.786</ele><time>2026-10-06T17:43:12Z</time><speed>0.000</speed><sat>32</sat></trkpt>
  <trkpt lat="40.98012664" lon="28.85564602"><ele>32.942</ele><time>2026-10-06T17:43:13Z</time><speed>0.000</speed><sat>32</sat></trkpt>
  <trkpt lat="40.98012666" lon="28.85564567"><ele>32.971</ele><time>2026-10-06T17:43:14Z</time><speed>0.000</speed><sat>32</sat></trkpt>
  <trkpt lat="40.98012657" lon="28.85564557"><ele>32.998</ele><time>2026-10-06T17:43:15Z</time><speed>0.000</speed><sat>32</sat></trkpt>
  <trkpt lat="40.98012650" lon="28.85564546"><ele>33.060</ele><time>2026-10-06T17:43:16Z</time><speed>0.000</speed><sat>32</sat></trkpt>
  <trkpt lat="40.98012643" lon="28.85564521"><ele>33.152</ele><time>2026-10-06T17:43:17Z</time><speed>0.000</speed><sat>31</sat></trkpt>
  <trkpt lat="40.98012640" lon="28.85564507"><ele>33.145</ele><time>2026-10-06T17:43:18Z</time><speed>0.000</speed><sat>31</sat></trkpt>
  <trkpt lat="40.98012638" lon="28.85564501"><ele>33.167</ele><time>2026-10-06T17:43:19Z</time><speed>0.000</speed><sat>31</sat></trkpt>
  <trkpt lat="40.98012636" lon="28.85564493"><ele>33.207</ele><time>2026-10-06T17:43:20Z</time><speed>0.000</speed><sat>30</sat></trkpt>
  <trkpt lat="40.98012639" lon="28.85564501"><ele>33.187</ele><time>2026-10-06T17:43:21Z</time><speed>0.000</speed><sat>30</sat></trkpt>
  <trkpt lat="40.98012644" lon="28.85564511"><ele>33.169</ele><time>2026-10-06T17:43:22Z</time><speed>0.000</speed><sat>29</sat></trkpt>
  <trkpt lat="40.98012647" lon="28.85564519"><ele>33.180</ele><time>2026-10-06T17:43:23Z</time><speed>0.000</speed><sat>29</sat></trkpt>
  <trkpt lat="40.98012648" lon="28.85564520"><ele>33.211</ele><time>2026-10-06T17:43:24Z</time><speed>0.000</speed><sat>29</sat></trkpt>
  <trkpt lat="40.98012649" lon="28.85564516"><ele>33.248</ele><time>2026-10-06T17:43:25Z</time><speed>0.000</speed><sat>29</sat></trkpt>
  <trkpt lat="40.98012647" lon="28.85564522"><ele>33.249</ele><time>2026-10-06T17:43:26Z</time><speed>0.000</speed><sat>29</sat></trkpt>
  <trkpt lat="40.98012646" lon="28.85564516"><ele>33.289</ele><time>2026-10-06T17:43:27Z</time><speed>0.000</speed><sat>29</sat></trkpt>
  <trkpt lat="40.98012647" lon="28.85564517"><ele>33.284</ele><time>2026-10-06T17:43:28Z</time><speed>0.000</speed><sat>28</sat></trkpt>
  <trkpt lat="40.98012647" lon="28.85564508"><ele>33.330</ele><time>2026-10-06T17:43:29Z</time><speed>0.000</speed><sat>28</sat></trkpt>
  <trkpt lat="40.98012647" lon="28.85564500"><ele>33.363</ele><time>2026-10-06T17:43:30Z</time><speed>0.000</speed><sat>28</sat></trkpt>
  <trkpt lat="40.98012642" lon="28.85564496"><ele>33.420</ele><time>2026-10-06T17:43:31Z</time><speed>0.000</speed><sat>28</sat></trkpt>
  <trkpt lat="40.98012645" lon="28.85564495"><ele>33.426</ele><time>2026-10-06T17:43:32Z</time><speed>0.000</speed><sat>30</sat></trkpt>
  <trkpt lat="40.98012649" lon="28.85564497"><ele>33.449</ele><time>2026-10-06T17:43:33Z</time><speed>0.000</speed><sat>31</sat></trkpt>
  <trkpt lat="40.98012656" lon="28.85564541"><ele>33.389</ele><time>2026-10-06T17:43:34Z</time><speed>0.000</speed><sat>31</sat></trkpt>
  <trkpt lat="40.98012658" lon="28.85564561"><ele>33.412</ele><time>2026-10-06T17:43:35Z</time><speed>0.000</speed><sat>31</sat></trkpt>
  <trkpt lat="40.98012662" lon="28.85564575"><ele>33.444</ele><time>2026-10-06T17:43:36Z</time><speed>0.000</speed><sat>31</sat></trkpt>
  <trkpt lat="40.98012664" lon="28.85564563"><ele>33.540</ele><time>2026-10-06T17:43:37Z</time><speed>0.000</speed><sat>31</sat></trkpt>
  <trkpt lat="40.98012667" lon="28.85564546"><ele>33.557</ele><time>2026-10-06T17:43:38Z</time><speed>0.000</speed><sat>30</sat></trkpt>
  <trkpt lat="40.98012671" lon="28.85564527"><ele>33.574</ele><time>2026-10-06T17:43:39Z</time><speed>0.000</speed><sat>29</sat></trkpt>
  <trkpt lat="40.98012673" lon="28.85564489"><ele>33.673</ele><time>2026-10-06T17:43:40Z</time><speed>0.000</speed><sat>29</sat></trkpt>
  <trkpt lat="40.98012670" lon="28.85564445"><ele>33.803</ele><time>2026-10-06T17:43:41Z</time><speed>0.000</speed><sat>30</sat></trkpt>
  <trkpt lat="40.98012726" lon="28.85564422"><ele>33.962</ele><time>2026-10-06T17:43:42Z</time><speed>0.000</speed><sat>30</sat></trkpt>
  <trkpt lat="40.98012754" lon="28.85564382"><ele>34.069</ele><time>2026-10-06T17:43:43Z</time><speed>0.000</speed><sat>30</sat></trkpt>
  <trkpt lat="40.98012767" lon="28.85564335"><ele>34.175</ele><time>2026-10-06T17:43:44Z</time><speed>0.000</speed><sat>30</sat></trkpt>
  <trkpt lat="40.98012772" lon="28.85564290"><ele>34.285</ele><time>2026-10-06T17:43:45Z</time><speed>0.000</speed><sat>30</sat></trkpt>
  <trkpt lat="40.98012774" lon="28.85564242"><ele>34.389</ele><time>2026-10-06T17:43:46Z</time><speed>0.000</speed><sat>30</sat></trkpt>
  <trkpt lat="40.98012775" lon="28.85564204"><ele>34.444</ele><time>2026-10-06T17:43:47Z</time><speed>0.000</speed><sat>30</sat></trkpt>
  <trkpt lat="40.98012235" lon="28.85564293"><ele>34.459</ele><time>2026-10-06T17:43:48Z</time><speed>1.170</speed><sat>30</sat></trkpt>
  <trkpt lat="40.98011731" lon="28.85564625"><ele>34.760</ele><time>2026-10-06T17:43:49Z</time><speed>0.750</speed><sat>30</sat></trkpt>
  <trkpt lat="40.98011830" lon="28.85565280"><ele>33.880</ele><time>2026-10-06T17:43:50Z</time><speed>0.520</speed><sat>30</sat></trkpt>
  <trkpt lat="40.98012281" lon="28.85565568"><ele>33.558</ele><time>2026-10-06T17:43:51Z</time><speed>0.430</speed><sat>30</sat></trkpt>
  <trkpt lat="40.98013882" lon="28.85565388"><ele>34.220</ele><time>2026-10-06T17:43:52Z</time><speed>0.000</speed><sat>30</sat></trkpt>
  <trkpt lat="40.98014519" lon="28.85565065"><ele>34.583</ele><time>2026-10-06T17:43:53Z</time><speed>0.000</speed><sat>30</sat></trkpt>
  <trkpt lat="40.98014745" lon="28.85564212"><ele>34.781</ele><time>2026-10-06T17:43:54Z</time><speed>0.000</speed><sat>31</sat></trkpt>
  <trkpt lat="40.98014731" lon="28.85563807"><ele>34.933</ele><time>2026-10-06T17:43:55Z</time><speed>0.000</speed><sat>31</sat></trkpt>
  <trkpt lat="40.98014747" lon="28.85563598"><ele>33.831</ele><time>2026-10-06T17:43:56Z</time><speed>0.000</speed><sat>32</sat></trkpt>
  <trkpt lat="40.98014640" lon="28.85563460"><ele>34.125</ele><time>2026-10-06T17:43:57Z</time><speed>0.000</speed><sat>32</sat></trkpt>
  <trkpt lat="40.98014285" lon="28.85563579"><ele>33.442</ele><time>2026-10-06T17:43:58Z</time><speed>0.340</speed><sat>32</sat></trkpt>
  <trkpt lat="40.98013961" lon="28.85563755"><ele>33.061</ele><time>2026-10-06T17:43:59Z</time><speed>0.220</speed><sat>32</sat></trkpt>
  <trkpt lat="40.98013704" lon="28.85563952"><ele>33.609</ele><time>2026-10-06T17:44:00Z</time><speed>0.190</speed><sat>32</sat></trkpt>
  <trkpt lat="40.98013523" lon="28.85564278"><ele>33.999</ele><time>2026-10-06T17:44:01Z</time><speed>0.240</speed><sat>32</sat></trkpt>
  <trkpt lat="40.98013052" lon="28.85564565"><ele>34.018</ele><time>2026-10-06T17:44:02Z</time><speed>0.000</speed><sat>32</sat></trkpt>
  <trkpt lat="40.98012714" lon="28.85564713"><ele>34.521</ele><time>2026-10-06T17:44:03Z</time><speed>0.000</speed><sat>32</sat></trkpt>
  <trkpt lat="40.98012644" lon="28.85564953"><ele>34.559</ele><time>2026-10-06T17:44:04Z</time><speed>0.220</speed><sat>31</sat></trkpt>
  <trkpt lat="40.98012631" lon="28.85565285"><ele>34.693</ele><time>2026-10-06T17:44:05Z</time><speed>0.360</speed><sat>30</sat></trkpt>
  <trkpt lat="40.98012548" lon="28.85565702"><ele>34.892</ele><time>2026-10-06T17:44:06Z</time><speed>0.390</speed><sat>29</sat></trkpt>
  <trkpt lat="40.98012454" lon="28.85566294"><ele>34.904</ele><time>2026-10-06T17:44:07Z</time><speed>0.520</speed><sat>30</sat></trkpt>
  <trkpt lat="40.98012356" lon="28.85566923"><ele>34.240</ele><time>2026-10-06T17:44:08Z</time><speed>0.390</speed><sat>30</sat></trkpt>
  <trkpt lat="40.98012422" lon="28.85567157"><ele>35.343</ele><time>2026-10-06T17:44:09Z</time><speed>0.000</speed><sat>29</sat></trkpt>
  <trkpt lat="40.98012915" lon="28.85567248"><ele>35.339</ele><time>2026-10-06T17:44:10Z</time><speed>0.000</speed><sat>29</sat></trkpt>
  <trkpt lat="40.98013202" lon="28.85567337"><ele>35.549</ele><time>2026-10-06T17:44:11Z</time><speed>0.000</speed><sat>29</sat></trkpt>
  <trkpt lat="40.98013077" lon="28.85567691"><ele>35.880</ele><time>2026-10-06T17:44:12Z</time><speed>0.480</speed><sat>29</sat></trkpt>
  <trkpt lat="40.98012697" lon="28.85568238"><ele>36.901</ele><time>2026-10-06T17:44:13Z</time><speed>0.430</speed><sat>31</sat></trkpt>
  <trkpt lat="40.98012236" lon="28.85568633"><ele>36.750</ele><time>2026-10-06T17:44:14Z</time><speed>0.230</speed><sat>31</sat></trkpt>
  <trkpt lat="40.98012203" lon="28.85569063"><ele>35.988</ele><time>2026-10-06T17:44:15Z</time><speed>0.390</speed><sat>32</sat></trkpt>
  <trkpt lat="40.98012330" lon="28.85569731"><ele>35.960</ele><time>2026-10-06T17:44:16Z</time><speed>0.470</speed><sat>32</sat></trkpt>
  <trkpt lat="40.98012328" lon="28.85570229"><ele>35.879</ele><time>2026-10-06T17:44:17Z</time><speed>0.240</speed><sat>32</sat></trkpt>
  <trkpt lat="40.98012248" lon="28.85570737"><ele>36.290</ele><time>2026-10-06T17:44:18Z</time><speed>0.400</speed><sat>32</sat></trkpt>
  <trkpt lat="40.98012171" lon="28.85571490"><ele>36.160</ele><time>2026-10-06T17:44:19Z</time><speed>0.620</speed><sat>32</sat></trkpt>
  <trkpt lat="40.98012059" lon="28.85572196"><ele>36.484</ele><time>2026-10-06T17:44:20Z</time><speed>0.440</speed><sat>32</sat></trkpt>
  <trkpt lat="40.98011999" lon="28.85572837"><ele>36.378</ele><time>2026-10-06T17:44:21Z</time><speed>0.520</speed><sat>32</sat></trkpt>
  <trkpt lat="40.98011818" lon="28.85573793"><ele>35.720</ele><time>2026-10-06T17:44:22Z</time><speed>0.880</speed><sat>31</sat></trkpt>
  <trkpt lat="40.98011424" lon="28.85574538"><ele>37.186</ele><time>2026-10-06T17:44:23Z</time><speed>0.470</speed><sat>31</sat></trkpt>
  <trkpt lat="40.98011401" lon="28.85575427"><ele>39.332</ele><time>2026-10-06T17:44:24Z</time><speed>1.320</speed><sat>31</sat></trkpt>
  <trkpt lat="40.98011565" lon="28.85576093"><ele>38.891</ele><time>2026-10-06T17:44:25Z</time><speed>0.480</speed><sat>32</sat></trkpt>
  <trkpt lat="40.98011604" lon="28.85576069"><ele>39.267</ele><time>2026-10-06T17:44:26Z</time><speed>0.260</speed><sat>32</sat></trkpt>
  <trkpt lat="40.98011424" lon="28.85576353"><ele>38.604</ele><time>2026-10-06T17:44:27Z</time><speed>0.390</speed><sat>32</sat></trkpt>
  <trkpt lat="40.98011359" lon="28.85576609"><ele>38.359</ele><time>2026-10-06T17:44:28Z</time><speed>0.300</speed><sat>32</sat></trkpt>
  <trkpt lat="40.98011076" lon="28.85576047"><ele>37.866</ele><time>2026-10-06T17:44:29Z</time><speed>0.000</speed><sat>32</sat></trkpt>
  <trkpt lat="40.98010795" lon="28.85575544"><ele>37.847</ele><time>2026-10-06T17:44:30Z</time><speed>0.000</speed><sat>31</sat></trkpt>
  <trkpt lat="40.98010428" lon="28.85575117"><ele>37.496</ele><time>2026-10-06T17:44:31Z</time><speed>0.000</speed><sat>31</sat></trkpt>
  <trkpt lat="40.98010241" lon="28.85574647"><ele>37.560</ele><time>2026-10-06T17:44:32Z</time><speed>0.000</speed><sat>31</sat></trkpt>
  <trkpt lat="40.98010025" lon="28.85574236"><ele>37.692</ele><time>2026-10-06T17:44:33Z</time><speed>0.000</speed><sat>32</sat></trkpt>
  <trkpt lat="40.98009709" lon="28.85573822"><ele>37.854</ele><time>2026-10-06T17:44:34Z</time><speed>0.000</speed><sat>30</sat></trkpt>
  <trkpt lat="40.98009448" lon="28.85573551"><ele>37.763</ele><time>2026-10-06T17:44:35Z</time><speed>0.000</speed><sat>30</sat></trkpt>
  <trkpt lat="40.98009364" lon="28.85573302"><ele>37.552</ele><time>2026-10-06T17:44:36Z</time><speed>0.000</speed><sat>29</sat></trkpt>
  <trkpt lat="40.98009257" lon="28.85573161"><ele>37.479</ele><time>2026-10-06T17:44:37Z</time><speed>0.000</speed><sat>29</sat></trkpt>
  <trkpt lat="40.98009162" lon="28.85572952"><ele>37.592</ele><time>2026-10-06T17:44:38Z</time><speed>0.000</speed><sat>28</sat></trkpt>
  <trkpt lat="40.98009086" lon="28.85572720"><ele>37.605</ele><time>2026-10-06T17:44:39Z</time><speed>0.000</speed><sat>28</sat></trkpt>
  <trkpt lat="40.98009060" lon="28.85572463"><ele>37.625</ele><time>2026-10-06T17:44:40Z</time><speed>0.000</speed><sat>26</sat></trkpt>
  <trkpt lat="40.98009089" lon="28.85572206"><ele>37.550</ele><time>2026-10-06T17:44:41Z</time><speed>0.000</speed><sat>25</sat></trkpt>
  <trkpt lat="40.98009097" lon="28.85571917"><ele>37.515</ele><time>2026-10-06T17:44:42Z</time><speed>0.000</speed><sat>24</sat></trkpt>
  <trkpt lat="40.98009060" lon="28.85571725"><ele>37.430</ele><time>2026-10-06T17:44:43Z</time><speed>0.000</speed><sat>26</sat></trkpt>
  <trkpt lat="40.98009018" lon="28.85571591"><ele>37.377</ele><time>2026-10-06T17:44:44Z</time><speed>0.000</speed><sat>28</sat></trkpt>
  <trkpt lat="40.98008914" lon="28.85571426"><ele>37.393</ele><time>2026-10-06T17:44:45Z</time><speed>0.000</speed><sat>28</sat></trkpt>
  <trkpt lat="40.98008853" lon="28.85571311"><ele>37.370</ele><time>2026-10-06T17:44:46Z</time><speed>0.000</speed><sat>29</sat></trkpt>
  <trkpt lat="40.98008820" lon="28.85571240"><ele>37.416</ele><time>2026-10-06T17:44:47Z</time><speed>0.000</speed><sat>29</sat></trkpt>
  <trkpt lat="40.98008814" lon="28.85571164"><ele>37.564</ele><time>2026-10-06T17:44:48Z</time><speed>0.000</speed><sat>29</sat></trkpt>
  <trkpt lat="40.98008852" lon="28.85571096"><ele>37.574</ele><time>2026-10-06T17:44:49Z</time><speed>0.000</speed><sat>29</sat></trkpt>
  <trkpt lat="40.98008883" lon="28.85571029"><ele>37.591</ele><time>2026-10-06T17:44:50Z</time><speed>0.000</speed><sat>28</sat></trkpt>
  <trkpt lat="40.98008898" lon="28.85570994"><ele>37.609</ele><time>2026-10-06T17:44:51Z</time><speed>0.000</speed><sat>29</sat></trkpt>
  <trkpt lat="40.98008905" lon="28.85570980"><ele>37.571</ele><time>2026-10-06T17:44:52Z</time><speed>0.000</speed><sat>28</sat></trkpt>
  <trkpt lat="40.98008928" lon="28.85570954"><ele>37.681</ele><time>2026-10-06T17:44:53Z</time><speed>0.000</speed><sat>26</sat></trkpt>
  <trkpt lat="40.98008935" lon="28.85570953"><ele>37.634</ele><time>2026-10-06T17:44:54Z</time><speed>0.000</speed><sat>27</sat></trkpt>
  <trkpt lat="40.98008933" lon="28.85570941"><ele>37.667</ele><time>2026-10-06T17:44:55Z</time><speed>0.000</speed><sat>28</sat></trkpt>
  <trkpt lat="40.98008907" lon="28.85570938"><ele>37.736</ele><time>2026-10-06T17:44:56Z</time><speed>0.000</speed><sat>27</sat></trkpt>
  <trkpt lat="40.98008843" lon="28.85570973"><ele>37.753</ele><time>2026-10-06T17:44:57Z</time><speed>0.000</speed><sat>27</sat></trkpt>
  <trkpt lat="40.98008802" lon="28.85570986"><ele>37.801</ele><time>2026-10-06T17:44:58Z</time><speed>0.000</speed><sat>29</sat></trkpt>
  <trkpt lat="40.98008755" lon="28.85571008"><ele>37.794</ele><time>2026-10-06T17:44:59Z</time><speed>0.000</speed><sat>29</sat></trkpt>
  <trkpt lat="40.98008729" lon="28.85571012"><ele>37.820</ele><time>2026-10-06T17:45:00Z</time><speed>0.000</speed><sat>27</sat></trkpt>
  <trkpt lat="40.98008715" lon="28.85571009"><ele>37.820</ele><time>2026-10-06T17:45:01Z</time><speed>0.000</speed><sat>28</sat></trkpt>
  <trkpt lat="40.98008688" lon="28.85571006"><ele>37.839</ele><time>2026-10-06T17:45:02Z</time><speed>0.000</speed><sat>28</sat></trkpt>
  <trkpt lat="40.98008671" lon="28.85571010"><ele>37.848</ele><time>2026-10-06T17:45:03Z</time><speed>0.000</speed><sat>29</sat></trkpt>
  <trkpt lat="40.98008628" lon="28.85571033"><ele>37.829</ele><time>2026-10-06T17:45:04Z</time><speed>0.000</speed><sat>29</sat></trkpt>
  <trkpt lat="40.98008613" lon="28.85571040"><ele>37.838</ele><time>2026-10-06T17:45:05Z</time><speed>0.000</speed><sat>29</sat></trkpt>
  <trkpt lat="40.98008609" lon="28.85571036"><ele>37.829</ele><time>2026-10-06T17:45:06Z</time><speed>0.000</speed><sat>31</sat></trkpt>
  <trkpt lat="40.98008602" lon="28.85571032"><ele>37.826</ele><time>2026-10-06T17:45:07Z</time><speed>0.000</speed><sat>31</sat></trkpt>
  <trkpt lat="40.98008594" lon="28.85571016"><ele>37.888</ele><time>2026-10-06T17:45:08Z</time><speed>0.000</speed><sat>31</sat></trkpt>
  <trkpt lat="40.98008589" lon="28.85570990"><ele>37.917</ele><time>2026-10-06T17:45:09Z</time><speed>0.000</speed><sat>30</sat></trkpt>
  <trkpt lat="40.98008589" lon="28.85570957"><ele>37.943</ele><time>2026-10-06T17:45:10Z</time><speed>0.000</speed><sat>30</sat></trkpt>
  <trkpt lat="40.98009413" lon="28.85569744"><ele>35.314</ele><time>2026-10-06T17:45:11Z</time><speed>0.540</speed><sat>30</sat></trkpt>
  <trkpt lat="40.98009862" lon="28.85568217"><ele>33.018</ele><time>2026-10-06T17:45:12Z</time><speed>0.470</speed><sat>31</sat></trkpt>
  <trkpt lat="40.98010238" lon="28.85566606"><ele>33.206</ele><time>2026-10-06T17:45:13Z</time><speed>0.510</speed><sat>30</sat></trkpt>
  <trkpt lat="40.98010503" lon="28.85565124"><ele>34.875</ele><time>2026-10-06T17:45:14Z</time><speed>0.000</speed><sat>30</sat></trkpt>
  <trkpt lat="40.98010948" lon="28.85563756"><ele>35.001</ele><time>2026-10-06T17:45:15Z</time><speed>0.340</speed><sat>31</sat></trkpt>
  <trkpt lat="40.98011597" lon="28.85561886"><ele>33.967</ele><time>2026-10-06T17:45:16Z</time><speed>0.590</speed><sat>31</sat></trkpt>
  <trkpt lat="40.98012136" lon="28.85560286"><ele>33.091</ele><time>2026-10-06T17:45:17Z</time><speed>0.250</speed><sat>31</sat></trkpt>
  <trkpt lat="40.98012610" lon="28.85558680"><ele>33.490</ele><time>2026-10-06T17:45:18Z</time><speed>0.420</speed><sat>31</sat></trkpt>
  <trkpt lat="40.98014002" lon="28.85555225"><ele>35.115</ele><time>2026-10-06T17:45:19Z</time><speed>0.000</speed><sat>32</sat></trkpt>
  <trkpt lat="40.98014912" lon="28.85553277"><ele>35.298</ele><time>2026-10-06T17:45:20Z</time><speed>0.000</speed><sat>32</sat></trkpt>
  <trkpt lat="40.98015656" lon="28.85552052"><ele>36.281</ele><time>2026-10-06T17:45:21Z</time><speed>0.000</speed><sat>31</sat></trkpt>
  <trkpt lat="40.98016316" lon="28.85551159"><ele>37.356</ele><time>2026-10-06T17:45:22Z</time><speed>0.000</speed><sat>31</sat></trkpt>
  <trkpt lat="40.98016758" lon="28.85550290"><ele>38.147</ele><time>2026-10-06T17:45:23Z</time><speed>0.000</speed><sat>32</sat></trkpt>
  <trkpt lat="40.98017004" lon="28.85549389"><ele>38.574</ele><time>2026-10-06T17:45:24Z</time><speed>0.000</speed><sat>32</sat></trkpt>
  <trkpt lat="40.98017378" lon="28.85549249"><ele>38.010</ele><time>2026-10-06T17:45:25Z</time><speed>0.000</speed><sat>31</sat></trkpt>
  <trkpt lat="40.98017714" lon="28.85549582"><ele>37.448</ele><time>2026-10-06T17:45:26Z</time><speed>0.000</speed><sat>31</sat></trkpt>
  <trkpt lat="40.98017914" lon="28.85549800"><ele>37.431</ele><time>2026-10-06T17:45:27Z</time><speed>0.000</speed><sat>31</sat></trkpt>
  <trkpt lat="40.98018164" lon="28.85549732"><ele>37.731</ele><time>2026-10-06T17:45:28Z</time><speed>0.000</speed><sat>31</sat></trkpt>
  <trkpt lat="40.98018330" lon="28.85549679"><ele>37.735</ele><time>2026-10-06T17:45:29Z</time><speed>0.000</speed><sat>30</sat></trkpt>
  <trkpt lat="40.98019278" lon="28.85549985"><ele>37.218</ele><time>2026-10-06T17:45:30Z</time><speed>0.660</speed><sat>30</sat></trkpt>
  <trkpt lat="40.98020052" lon="28.85550446"><ele>35.330</ele><time>2026-10-06T17:45:31Z</time><speed>0.000</speed><sat>31</sat></trkpt>
  <trkpt lat="40.98020749" lon="28.85550881"><ele>36.021</ele><time>2026-10-06T17:45:32Z</time><speed>0.340</speed><sat>30</sat></trkpt>
  <trkpt lat="40.98021591" lon="28.85551445"><ele>35.532</ele><time>2026-10-06T17:45:33Z</time><speed>0.410</speed><sat>30</sat></trkpt>
  <trkpt lat="40.98022457" lon="28.85551738"><ele>34.051</ele><time>2026-10-06T17:45:34Z</time><speed>0.380</speed><sat>30</sat></trkpt>
  <trkpt lat="40.98023705" lon="28.85552252"><ele>34.565</ele><time>2026-10-06T17:45:35Z</time><speed>0.000</speed><sat>31</sat></trkpt>
  <trkpt lat="40.98024227" lon="28.85552533"><ele>34.754</ele><time>2026-10-06T17:45:36Z</time><speed>0.000</speed><sat>31</sat></trkpt>
  <trkpt lat="40.98024919" lon="28.85552637"><ele>34.524</ele><time>2026-10-06T17:45:37Z</time><speed>0.000</speed><sat>29</sat></trkpt>
  <trkpt lat="40.98025742" lon="28.85552800"><ele>33.610</ele><time>2026-10-06T17:45:38Z</time><speed>0.000</speed><sat>29</sat></trkpt>
  <trkpt lat="40.98026604" lon="28.85552681"><ele>33.889</ele><time>2026-10-06T17:45:39Z</time><speed>0.000</speed><sat>28</sat></trkpt>
  <trkpt lat="40.98027238" lon="28.85552575"><ele>33.926</ele><time>2026-10-06T17:45:40Z</time><speed>0.000</speed><sat>28</sat></trkpt>
  <trkpt lat="40.98027876" lon="28.85552692"><ele>33.717</ele><time>2026-10-06T17:45:41Z</time><speed>0.000</speed><sat>28</sat></trkpt>
  <trkpt lat="40.98028147" lon="28.85552476"><ele>32.909</ele><time>2026-10-06T17:45:42Z</time><speed>0.000</speed><sat>28</sat></trkpt>
  <trkpt lat="40.98028168" lon="28.85552406"><ele>30.656</ele><time>2026-10-06T17:45:43Z</time><speed>0.300</speed><sat>30</sat></trkpt>
  <trkpt lat="40.98027741" lon="28.85551903"><ele>29.995</ele><time>2026-10-06T17:45:44Z</time><speed>0.810</speed><sat>31</sat></trkpt>
  <trkpt lat="40.98026981" lon="28.85550962"><ele>31.336</ele><time>2026-10-06T17:45:45Z</time><speed>0.960</speed><sat>32</sat></trkpt>
  <trkpt lat="40.98026629" lon="28.85550168"><ele>32.508</ele><time>2026-10-06T17:45:46Z</time><speed>0.330</speed><sat>32</sat></trkpt>
  <trkpt lat="40.98026460" lon="28.85549471"><ele>33.855</ele><time>2026-10-06T17:45:47Z</time><speed>0.520</speed><sat>32</sat></trkpt>
  <trkpt lat="40.98026742" lon="28.85548600"><ele>35.062</ele><time>2026-10-06T17:45:48Z</time><speed>0.000</speed><sat>32</sat></trkpt>
  <trkpt lat="40.98026959" lon="28.85548344"><ele>35.288</ele><time>2026-10-06T17:45:49Z</time><speed>0.000</speed><sat>30</sat></trkpt>
  <trkpt lat="40.98027280" lon="28.85548212"><ele>35.802</ele><time>2026-10-06T17:45:50Z</time><speed>0.000</speed><sat>30</sat></trkpt>
  <trkpt lat="40.98027592" lon="28.85548209"><ele>36.525</ele><time>2026-10-06T17:45:51Z</time><speed>0.000</speed><sat>30</sat></trkpt>
  <trkpt lat="40.98027841" lon="28.85548091"><ele>37.011</ele><time>2026-10-06T17:45:52Z</time><speed>0.000</speed><sat>30</sat></trkpt>
  <trkpt lat="40.98027858" lon="28.85548019"><ele>36.725</ele><time>2026-10-06T17:45:53Z</time><speed>0.000</speed><sat>31</sat></trkpt>
  <trkpt lat="40.98027876" lon="28.85547972"><ele>36.774</ele><time>2026-10-06T17:45:54Z</time><speed>0.000</speed><sat>29</sat></trkpt>
  <trkpt lat="40.98027848" lon="28.85547959"><ele>37.307</ele><time>2026-10-06T17:45:55Z</time><speed>0.000</speed><sat>29</sat></trkpt>
  <trkpt lat="40.98027826" lon="28.85548041"><ele>37.702</ele><time>2026-10-06T17:45:56Z</time><speed>0.000</speed><sat>29</sat></trkpt>
  <trkpt lat="40.98027753" lon="28.85548166"><ele>38.086</ele><time>2026-10-06T17:45:57Z</time><speed>0.000</speed><sat>32</sat></trkpt>
  <trkpt lat="40.98027693" lon="28.85548230"><ele>38.301</ele><time>2026-10-06T17:45:58Z</time><speed>0.000</speed><sat>33</sat></trkpt>
  <trkpt lat="40.98027650" lon="28.85548266"><ele>38.287</ele><time>2026-10-06T17:45:59Z</time><speed>0.000</speed><sat>33</sat></trkpt>
  <trkpt lat="40.98027637" lon="28.85548278"><ele>38.320</ele><time>2026-10-06T17:46:00Z</time><speed>0.000</speed><sat>33</sat></trkpt>
  <trkpt lat="40.98027631" lon="28.85548283"><ele>38.333</ele><time>2026-10-06T17:46:01Z</time><speed>0.000</speed><sat>33</sat></trkpt>
  <trkpt lat="40.98027626" lon="28.85548285"><ele>38.335</ele><time>2026-10-06T17:46:02Z</time><speed>0.000</speed><sat>33</sat></trkpt>
  <trkpt lat="40.98027280" lon="28.85547842"><ele>39.302</ele><time>2026-10-06T17:46:03Z</time><speed>0.500</speed><sat>32</sat></trkpt>
  <trkpt lat="40.98026726" lon="28.85547613"><ele>39.409</ele><time>2026-10-06T17:46:04Z</time><speed>0.650</speed><sat>32</sat></trkpt>
  <trkpt lat="40.98026197" lon="28.85547462"><ele>40.084</ele><time>2026-10-06T17:46:05Z</time><speed>0.450</speed><sat>32</sat></trkpt>
  <trkpt lat="40.98025733" lon="28.85547313"><ele>40.511</ele><time>2026-10-06T17:46:06Z</time><speed>0.500</speed><sat>31</sat></trkpt>
  <trkpt lat="40.98025340" lon="28.85546826"><ele>41.280</ele><time>2026-10-06T17:46:07Z</time><speed>0.750</speed><sat>32</sat></trkpt>
  <trkpt lat="40.98025078" lon="28.85546356"><ele>41.697</ele><time>2026-10-06T17:46:08Z</time><speed>0.210</speed><sat>32</sat></trkpt>
  <trkpt lat="40.98024940" lon="28.85546414"><ele>42.013</ele><time>2026-10-06T17:46:09Z</time><speed>0.000</speed><sat>32</sat></trkpt>
  <trkpt lat="40.98024865" lon="28.85546371"><ele>41.502</ele><time>2026-10-06T17:46:10Z</time><speed>0.000</speed><sat>33</sat></trkpt>
  <trkpt lat="40.98024761" lon="28.85546153"><ele>42.183</ele><time>2026-10-06T17:46:11Z</time><speed>0.000</speed><sat>33</sat></trkpt>
  <trkpt lat="40.98024644" lon="28.85546077"><ele>42.604</ele><time>2026-10-06T17:46:12Z</time><speed>0.000</speed><sat>33</sat></trkpt>
  <trkpt lat="40.98024449" lon="28.85546054"><ele>42.948</ele><time>2026-10-06T17:46:13Z</time><speed>0.000</speed><sat>32</sat></trkpt>
  <trkpt lat="40.98024348" lon="28.85545909"><ele>43.186</ele><time>2026-10-06T17:46:14Z</time><speed>0.000</speed><sat>30</sat></trkpt>
  <trkpt lat="40.98024220" lon="28.85545656"><ele>43.152</ele><time>2026-10-06T17:46:15Z</time><speed>0.000</speed><sat>30</sat></trkpt>
  <trkpt lat="40.98024131" lon="28.85545357"><ele>43.267</ele><time>2026-10-06T17:46:16Z</time><speed>0.000</speed><sat>32</sat></trkpt>
  <trkpt lat="40.98024033" lon="28.85545073"><ele>43.381</ele><time>2026-10-06T17:46:17Z</time><speed>0.000</speed><sat>32</sat></trkpt>
  <trkpt lat="40.98023943" lon="28.85544746"><ele>43.577</ele><time>2026-10-06T17:46:18Z</time><speed>0.000</speed><sat>32</sat></trkpt>
  <trkpt lat="40.98023884" lon="28.85544512"><ele>43.851</ele><time>2026-10-06T17:46:19Z</time><speed>0.000</speed><sat>32</sat></trkpt>
  <trkpt lat="40.98023831" lon="28.85544311"><ele>44.035</ele><time>2026-10-06T17:46:20Z</time><speed>0.000</speed><sat>32</sat></trkpt>
  <trkpt lat="40.98023798" lon="28.85544195"><ele>44.094</ele><time>2026-10-06T17:46:21Z</time><speed>0.000</speed><sat>31</sat></trkpt>
  <trkpt lat="40.98023750" lon="28.85544028"><ele>44.299</ele><time>2026-10-06T17:46:22Z</time><speed>0.160</speed><sat>31</sat></trkpt>
  <trkpt lat="40.98023736" lon="28.85543754"><ele>44.800</ele><time>2026-10-06T17:46:23Z</time><speed>0.290</speed><sat>32</sat></trkpt>
  <trkpt lat="40.98023623" lon="28.85543332"><ele>44.730</ele><time>2026-10-06T17:46:24Z</time><speed>0.420</speed><sat>32</sat></trkpt>
  <trkpt lat="40.98023469" lon="28.85542991"><ele>44.901</ele><time>2026-10-06T17:46:25Z</time><speed>0.220</speed><sat>32</sat></trkpt>
  <trkpt lat="40.98023319" lon="28.85543005"><ele>44.134</ele><time>2026-10-06T17:46:26Z</time><speed>0.000</speed><sat>33</sat></trkpt>
  <trkpt lat="40.98023194" lon="28.85543115"><ele>44.159</ele><time>2026-10-06T17:46:27Z</time><speed>0.000</speed><sat>33</sat></trkpt>
  <trkpt lat="40.98023082" lon="28.85543170"><ele>44.309</ele><time>2026-10-06T17:46:28Z</time><speed>0.000</speed><sat>33</sat></trkpt>
  <trkpt lat="40.98022999" lon="28.85543116"><ele>44.354</ele><time>2026-10-06T17:46:29Z</time><speed>0.000</speed><sat>33</sat></trkpt>
  <trkpt lat="40.98022925" lon="28.85543016"><ele>44.172</ele><time>2026-10-06T17:46:30Z</time><speed>0.000</speed><sat>33</sat></trkpt>
  <trkpt lat="40.98022856" lon="28.85542916"><ele>44.109</ele><time>2026-10-06T17:46:31Z</time><speed>0.000</speed><sat>33</sat></trkpt>
  <trkpt lat="40.98022844" lon="28.85542936"><ele>44.051</ele><time>2026-10-06T17:46:32Z</time><speed>0.000</speed><sat>32</sat></trkpt>
  <trkpt lat="40.98022852" lon="28.85542845"><ele>44.219</ele><time>2026-10-06T17:46:33Z</time><speed>0.200</speed><sat>31</sat></trkpt>
  <trkpt lat="40.98022949" lon="28.85542559"><ele>44.575</ele><time>2026-10-06T17:46:34Z</time><speed>0.340</speed><sat>31</sat></trkpt>
  <trkpt lat="40.98023059" lon="28.85542233"><ele>44.499</ele><time>2026-10-06T17:46:35Z</time><speed>0.280</speed><sat>32</sat></trkpt>
  <trkpt lat="40.98023002" lon="28.85542017"><ele>44.581</ele><time>2026-10-06T17:46:36Z</time><speed>0.390</speed><sat>29</sat></trkpt>
  <trkpt lat="40.98022809" lon="28.85542116"><ele>44.425</ele><time>2026-10-06T17:46:37Z</time><speed>0.290</speed><sat>30</sat></trkpt>
  <trkpt lat="40.98022629" lon="28.85542703"><ele>44.091</ele><time>2026-10-06T17:46:38Z</time><speed>0.360</speed><sat>29</sat></trkpt>
  <trkpt lat="40.98022625" lon="28.85543301"><ele>43.839</ele><time>2026-10-06T17:46:39Z</time><speed>0.200</speed><sat>30</sat></trkpt>
  <trkpt lat="40.98022534" lon="28.85544069"><ele>43.752</ele><time>2026-10-06T17:46:40Z</time><speed>0.000</speed><sat>30</sat></trkpt>
  <trkpt lat="40.98022482" lon="28.85544365"><ele>43.954</ele><time>2026-10-06T17:46:41Z</time><speed>0.000</speed><sat>30</sat></trkpt>
  <trkpt lat="40.98022456" lon="28.85544436"><ele>44.169</ele><time>2026-10-06T17:46:42Z</time><speed>0.000</speed><sat>30</sat></trkpt>
  <trkpt lat="40.98022410" lon="28.85544309"><ele>44.483</ele><time>2026-10-06T17:46:43Z</time><speed>0.000</speed><sat>30</sat></trkpt>
  <trkpt lat="40.98022584" lon="28.85544351"><ele>44.293</ele><time>2026-10-06T17:46:44Z</time><speed>0.280</speed><sat>30</sat></trkpt>
  <trkpt lat="40.98022721" lon="28.85544290"><ele>44.670</ele><time>2026-10-06T17:46:45Z</time><speed>0.000</speed><sat>30</sat></trkpt>
  <trkpt lat="40.98022756" lon="28.85544185"><ele>44.702</ele><time>2026-10-06T17:46:46Z</time><speed>0.000</speed><sat>30</sat></trkpt>
  <trkpt lat="40.98022758" lon="28.85544144"><ele>44.783</ele><time>2026-10-06T17:46:47Z</time><speed>0.000</speed><sat>29</sat></trkpt>
  <trkpt lat="40.98022801" lon="28.85544151"><ele>44.699</ele><time>2026-10-06T17:46:48Z</time><speed>0.000</speed><sat>29</sat></trkpt>
  <trkpt lat="40.98022822" lon="28.85544148"><ele>44.727</ele><time>2026-10-06T17:46:49Z</time><speed>0.000</speed><sat>29</sat></trkpt>
  <trkpt lat="40.98022840" lon="28.85544155"><ele>44.779</ele><time>2026-10-06T17:46:50Z</time><speed>0.000</speed><sat>30</sat></trkpt>
  <trkpt lat="40.98022865" lon="28.85544176"><ele>44.852</ele><time>2026-10-06T17:46:51Z</time><speed>0.000</speed><sat>30</sat></trkpt>
  <trkpt lat="40.98022876" lon="28.85544192"><ele>44.913</ele><time>2026-10-06T17:46:52Z</time><speed>0.000</speed><sat>30</sat></trkpt>
  <trkpt lat="40.98022910" lon="28.85544228"><ele>45.005</ele><time>2026-10-06T17:46:53Z</time><speed>0.000</speed><sat>29</sat></trkpt>
  <trkpt lat="40.98023022" lon="28.85544135"><ele>45.104</ele><time>2026-10-06T17:46:54Z</time><speed>0.000</speed><sat>29</sat></trkpt>
  <trkpt lat="40.98023273" lon="28.85544312"><ele>44.868</ele><time>2026-10-06T17:46:55Z</time><speed>0.000</speed><sat>29</sat></trkpt>
  <trkpt lat="40.98023342" lon="28.85544028"><ele>45.200</ele><time>2026-10-06T17:46:56Z</time><speed>0.000</speed><sat>29</sat></trkpt>
  <trkpt lat="40.98023587" lon="28.85543889"><ele>45.294</ele><time>2026-10-06T17:46:57Z</time><speed>0.000</speed><sat>30</sat></trkpt>
  <trkpt lat="40.98023821" lon="28.85543522"><ele>46.045</ele><time>2026-10-06T17:46:58Z</time><speed>0.220</speed><sat>29</sat></trkpt>
  <trkpt lat="40.98023930" lon="28.85543138"><ele>45.734</ele><time>2026-10-06T17:46:59Z</time><speed>0.240</speed><sat>30</sat></trkpt>
  <trkpt lat="40.98024058" lon="28.85542876"><ele>45.952</ele><time>2026-10-06T17:47:00Z</time><speed>0.000</speed><sat>31</sat></trkpt>
  <trkpt lat="40.98024137" lon="28.85542678"><ele>46.099</ele><time>2026-10-06T17:47:01Z</time><speed>0.000</speed><sat>31</sat></trkpt>
  <trkpt lat="40.98024126" lon="28.85542619"><ele>46.189</ele><time>2026-10-06T17:47:02Z</time><speed>0.000</speed><sat>31</sat></trkpt>
  <trkpt lat="40.98024151" lon="28.85542540"><ele>46.573</ele><time>2026-10-06T17:47:03Z</time><speed>0.000</speed><sat>31</sat></trkpt>
  <trkpt lat="40.98024131" lon="28.85542355"><ele>46.127</ele><time>2026-10-06T17:47:04Z</time><speed>0.000</speed><sat>31</sat></trkpt>
  <trkpt lat="40.98023979" lon="28.85541850"><ele>46.191</ele><time>2026-10-06T17:47:05Z</time><speed>0.390</speed><sat>29</sat></trkpt>
  <trkpt lat="40.98023760" lon="28.85541333"><ele>46.222</ele><time>2026-10-06T17:47:06Z</time><speed>0.220</speed><sat>28</sat></trkpt>
  <trkpt lat="40.98023497" lon="28.85540880"><ele>46.257</ele><time>2026-10-06T17:47:07Z</time><speed>0.000</speed><sat>29</sat></trkpt>
  <trkpt lat="40.98023397" lon="28.85540552"><ele>46.577</ele><time>2026-10-06T17:47:08Z</time><speed>0.000</speed><sat>28</sat></trkpt>
  <trkpt lat="40.98023405" lon="28.85540325"><ele>46.932</ele><time>2026-10-06T17:47:09Z</time><speed>0.000</speed><sat>29</sat></trkpt>
  <trkpt lat="40.98023377" lon="28.85540330"><ele>46.878</ele><time>2026-10-06T17:47:10Z</time><speed>0.190</speed><sat>29</sat></trkpt>
  <trkpt lat="40.98023599" lon="28.85540255"><ele>47.089</ele><time>2026-10-06T17:47:11Z</time><speed>0.340</speed><sat>29</sat></trkpt>
  <trkpt lat="40.98023851" lon="28.85540305"><ele>47.441</ele><time>2026-10-06T17:47:12Z</time><speed>0.150</speed><sat>28</sat></trkpt>
  <trkpt lat="40.98024095" lon="28.85540645"><ele>47.489</ele><time>2026-10-06T17:47:13Z</time><speed>0.000</speed><sat>30</sat></trkpt>
  <trkpt lat="40.98024260" lon="28.85540897"><ele>47.617</ele><time>2026-10-06T17:47:14Z</time><speed>0.000</speed><sat>30</sat></trkpt>
  <trkpt lat="40.98024319" lon="28.85541028"><ele>47.770</ele><time>2026-10-06T17:47:15Z</time><speed>0.000</speed><sat>30</sat></trkpt>
  <trkpt lat="40.98024366" lon="28.85541132"><ele>47.907</ele><time>2026-10-06T17:47:16Z</time><speed>0.000</speed><sat>30</sat></trkpt>
  <trkpt lat="40.98024444" lon="28.85541260"><ele>47.891</ele><time>2026-10-06T17:47:17Z</time><speed>0.000</speed><sat>30</sat></trkpt>
  <trkpt lat="40.98024518" lon="28.85541264"><ele>47.913</ele><time>2026-10-06T17:47:18Z</time><speed>0.000</speed><sat>30</sat></trkpt>
  <trkpt lat="40.98024503" lon="28.85541165"><ele>48.042</ele><time>2026-10-06T17:47:19Z</time><speed>0.000</speed><sat>30</sat></trkpt>
  <trkpt lat="40.98024462" lon="28.85541111"><ele>48.067</ele><time>2026-10-06T17:47:20Z</time><speed>0.000</speed><sat>29</sat></trkpt>
  <trkpt lat="40.98024437" lon="28.85541049"><ele>48.160</ele><time>2026-10-06T17:47:21Z</time><speed>0.000</speed><sat>29</sat></trkpt>
  <trkpt lat="40.98024444" lon="28.85541133"><ele>48.358</ele><time>2026-10-06T17:47:22Z</time><speed>0.200</speed><sat>29</sat></trkpt>
  <trkpt lat="40.98024278" lon="28.85541560"><ele>48.154</ele><time>2026-10-06T17:47:23Z</time><speed>0.420</speed><sat>30</sat></trkpt>
  <trkpt lat="40.98023971" lon="28.85541925"><ele>48.402</ele><time>2026-10-06T17:47:24Z</time><speed>0.000</speed><sat>31</sat></trkpt>
  <trkpt lat="40.98023673" lon="28.85542080"><ele>48.335</ele><time>2026-10-06T17:47:25Z</time><speed>0.400</speed><sat>31</sat></trkpt>
  <trkpt lat="40.98023322" lon="28.85542178"><ele>48.445</ele><time>2026-10-06T17:47:26Z</time><speed>0.000</speed><sat>31</sat></trkpt>
  <trkpt lat="40.98022932" lon="28.85542373"><ele>48.132</ele><time>2026-10-06T17:47:27Z</time><speed>0.310</speed><sat>31</sat></trkpt>
  <trkpt lat="40.98022650" lon="28.85542593"><ele>47.644</ele><time>2026-10-06T17:47:28Z</time><speed>0.000</speed><sat>31</sat></trkpt>
  <trkpt lat="40.98022520" lon="28.85542788"><ele>48.030</ele><time>2026-10-06T17:47:29Z</time><speed>0.000</speed><sat>31</sat></trkpt>
  <trkpt lat="40.98022476" lon="28.85542680"><ele>48.185</ele><time>2026-10-06T17:47:30Z</time><speed>0.000</speed><sat>31</sat></trkpt>
  <trkpt lat="40.98022454" lon="28.85542464"><ele>47.954</ele><time>2026-10-06T17:47:31Z</time><speed>0.150</speed><sat>31</sat></trkpt>
  <trkpt lat="40.98022431" lon="28.85542262"><ele>47.892</ele><time>2026-10-06T17:47:32Z</time><speed>0.000</speed><sat>31</sat></trkpt>
  <trkpt lat="40.98022604" lon="28.85542449"><ele>47.737</ele><time>2026-10-06T17:47:33Z</time><speed>0.380</speed><sat>32</sat></trkpt>
  <trkpt lat="40.98022741" lon="28.85542577"><ele>47.850</ele><time>2026-10-06T17:47:34Z</time><speed>0.000</speed><sat>31</sat></trkpt>
  <trkpt lat="40.98023091" lon="28.85542621"><ele>47.585</ele><time>2026-10-06T17:47:35Z</time><speed>0.470</speed><sat>30</sat></trkpt>
  <trkpt lat="40.98023545" lon="28.85543142"><ele>47.207</ele><time>2026-10-06T17:47:36Z</time><speed>0.620</speed><sat>31</sat></trkpt>
  <trkpt lat="40.98023939" lon="28.85543767"><ele>47.098</ele><time>2026-10-06T17:47:37Z</time><speed>0.560</speed><sat>31</sat></trkpt>
  <trkpt lat="40.98024321" lon="28.85544211"><ele>47.337</ele><time>2026-10-06T17:47:38Z</time><speed>0.480</speed><sat>32</sat></trkpt>
  <trkpt lat="40.98024625" lon="28.85544302"><ele>47.454</ele><time>2026-10-06T17:47:39Z</time><speed>0.200</speed><sat>32</sat></trkpt>
  <trkpt lat="40.98024885" lon="28.85543846"><ele>47.581</ele><time>2026-10-06T17:47:40Z</time><speed>0.000</speed><sat>31</sat></trkpt>
  <trkpt lat="40.98025073" lon="28.85543545"><ele>47.609</ele><time>2026-10-06T17:47:41Z</time><speed>0.000</speed><sat>30</sat></trkpt>
  <trkpt lat="40.98025143" lon="28.85543307"><ele>47.607</ele><time>2026-10-06T17:47:42Z</time><speed>0.000</speed><sat>30</sat></trkpt>
  <trkpt lat="40.98025134" lon="28.85542910"><ele>47.432</ele><time>2026-10-06T17:47:43Z</time><speed>0.410</speed><sat>30</sat></trkpt>
  <trkpt lat="40.98024959" lon="28.85542419"><ele>47.271</ele><time>2026-10-06T17:47:44Z</time><speed>0.360</speed><sat>29</sat></trkpt>
  <trkpt lat="40.98024489" lon="28.85542219"><ele>47.596</ele><time>2026-10-06T17:47:45Z</time><speed>0.420</speed><sat>31</sat></trkpt>
  <trkpt lat="40.98023914" lon="28.85542330"><ele>47.069</ele><time>2026-10-06T17:47:46Z</time><speed>0.500</speed><sat>31</sat></trkpt>
  <trkpt lat="40.98023405" lon="28.85542622"><ele>46.817</ele><time>2026-10-06T17:47:47Z</time><speed>0.370</speed><sat>32</sat></trkpt>
  <trkpt lat="40.98022939" lon="28.85543838"><ele>47.136</ele><time>2026-10-06T17:47:48Z</time><speed>1.510</speed><sat>32</sat></trkpt>
  <trkpt lat="40.98022773" lon="28.85545083"><ele>46.856</ele><time>2026-10-06T17:47:49Z</time><speed>0.860</speed><sat>32</sat></trkpt>
  <trkpt lat="40.98022857" lon="28.85545290"><ele>48.275</ele><time>2026-10-06T17:47:50Z</time><speed>0.200</speed><sat>32</sat></trkpt>
  <trkpt lat="40.98022810" lon="28.85543944"><ele>48.865</ele><time>2026-10-06T17:47:51Z</time><speed>0.000</speed><sat>32</sat></trkpt>
  <trkpt lat="40.98022791" lon="28.85543022"><ele>48.517</ele><time>2026-10-06T17:47:52Z</time><speed>0.000</speed><sat>32</sat></trkpt>
  <trkpt lat="40.98022380" lon="28.85542169"><ele>49.005</ele><time>2026-10-06T17:47:53Z</time><speed>0.000</speed><sat>30</sat></trkpt>
  <trkpt lat="40.98021816" lon="28.85541650"><ele>49.297</ele><time>2026-10-06T17:47:54Z</time><speed>0.000</speed><sat>31</sat></trkpt>
  <trkpt lat="40.98021409" lon="28.85541590"><ele>48.936</ele><time>2026-10-06T17:47:55Z</time><speed>0.000</speed><sat>32</sat></trkpt>
  <trkpt lat="40.98020977" lon="28.85541465"><ele>49.028</ele><time>2026-10-06T17:47:56Z</time><speed>0.000</speed><sat>32</sat></trkpt>
  <trkpt lat="40.98020768" lon="28.85541499"><ele>48.823</ele><time>2026-10-06T17:47:57Z</time><speed>0.000</speed><sat>32</sat></trkpt>
  <trkpt lat="40.98020493" lon="28.85541567"><ele>48.886</ele><time>2026-10-06T17:47:58Z</time><speed>0.000</speed><sat>32</sat></trkpt>
  <trkpt lat="40.98020376" lon="28.85541850"><ele>48.551</ele><time>2026-10-06T17:47:59Z</time><speed>0.000</speed><sat>31</sat></trkpt>
  <trkpt lat="40.98020278" lon="28.85542052"><ele>48.385</ele><time>2026-10-06T17:48:00Z</time><speed>0.000</speed><sat>31</sat></trkpt>
  <trkpt lat="40.98020134" lon="28.85542215"><ele>48.308</ele><time>2026-10-06T17:48:01Z</time><speed>0.000</speed><sat>31</sat></trkpt>
  <trkpt lat="40.98019881" lon="28.85542754"><ele>48.012</ele><time>2026-10-06T17:48:02Z</time><speed>0.790</speed><sat>31</sat></trkpt>
  <trkpt lat="40.98018224" lon="28.85544385"><ele>46.789</ele><time>2026-10-06T17:48:03Z</time><speed>2.550</speed><sat>31</sat></trkpt>
  <trkpt lat="40.98016913" lon="28.85545595"><ele>42.944</ele><time>2026-10-06T17:48:04Z</time><speed>0.630</speed><sat>30</sat></trkpt>
  <trkpt lat="40.98016823" lon="28.85547012"><ele>40.465</ele><time>2026-10-06T17:48:05Z</time><speed>1.990</speed><sat>31</sat></trkpt>
  <trkpt lat="40.98016792" lon="28.85548166"><ele>39.700</ele><time>2026-10-06T17:48:06Z</time><speed>0.530</speed><sat>31</sat></trkpt>
  <trkpt lat="40.98016526" lon="28.85548297"><ele>39.499</ele><time>2026-10-06T17:48:07Z</time><speed>0.330</speed><sat>31</sat></trkpt>
  <trkpt lat="40.98015822" lon="28.85548954"><ele>38.190</ele><time>2026-10-06T17:48:08Z</time><speed>0.780</speed><sat>32</sat></trkpt>
  <trkpt lat="40.98015026" lon="28.85549945"><ele>38.184</ele><time>2026-10-06T17:48:09Z</time><speed>0.470</speed><sat>32</sat></trkpt>
  <trkpt lat="40.98014074" lon="28.85551159"><ele>36.118</ele><time>2026-10-06T17:48:10Z</time><speed>1.100</speed><sat>32</sat></trkpt>
  <trkpt lat="40.98013040" lon="28.85552642"><ele>35.535</ele><time>2026-10-06T17:48:11Z</time><speed>0.940</speed><sat>32</sat></trkpt>
  <trkpt lat="40.98012288" lon="28.85554015"><ele>35.744</ele><time>2026-10-06T17:48:12Z</time><speed>0.890</speed><sat>32</sat></trkpt>
  <trkpt lat="40.98011386" lon="28.85555338"><ele>35.453</ele><time>2026-10-06T17:48:13Z</time><speed>0.940</speed><sat>32</sat></trkpt>
  <trkpt lat="40.98010466" lon="28.85556337"><ele>34.732</ele><time>2026-10-06T17:48:14Z</time><speed>0.610</speed><sat>30</sat></trkpt>
  <trkpt lat="40.98009882" lon="28.85556897"><ele>34.745</ele><time>2026-10-06T17:48:15Z</time><speed>0.250</speed><sat>29</sat></trkpt>
  <trkpt lat="40.98009634" lon="28.85557279"><ele>35.508</ele><time>2026-10-06T17:48:16Z</time><speed>0.520</speed><sat>30</sat></trkpt>
  <trkpt lat="40.98008822" lon="28.85557922"><ele>35.342</ele><time>2026-10-06T17:48:17Z</time><speed>0.000</speed><sat>28</sat></trkpt>
  <trkpt lat="40.98008295" lon="28.85558279"><ele>35.317</ele><time>2026-10-06T17:48:18Z</time><speed>0.000</speed><sat>30</sat></trkpt>
  <trkpt lat="40.98008204" lon="28.85558886"><ele>35.434</ele><time>2026-10-06T17:48:19Z</time><speed>0.000</speed><sat>30</sat></trkpt>
  <trkpt lat="40.98008575" lon="28.85559502"><ele>34.928</ele><time>2026-10-06T17:48:20Z</time><speed>0.000</speed><sat>30</sat></trkpt>
  <trkpt lat="40.98009283" lon="28.85559952"><ele>34.558</ele><time>2026-10-06T17:48:21Z</time><speed>0.000</speed><sat>29</sat></trkpt>
  <trkpt lat="40.98010088" lon="28.85560747"><ele>33.584</ele><time>2026-10-06T17:48:22Z</time><speed>0.000</speed><sat>29</sat></trkpt>
  <trkpt lat="40.98010665" lon="28.85561479"><ele>33.366</ele><time>2026-10-06T17:48:23Z</time><speed>0.000</speed><sat>29</sat></trkpt>
  <trkpt lat="40.98011042" lon="28.85562071"><ele>33.178</ele><time>2026-10-06T17:48:24Z</time><speed>0.000</speed><sat>30</sat></trkpt>
  <trkpt lat="40.98011287" lon="28.85562642"><ele>33.136</ele><time>2026-10-06T17:48:25Z</time><speed>0.000</speed><sat>31</sat></trkpt>
  <trkpt lat="40.98011630" lon="28.85562506"><ele>32.959</ele><time>2026-10-06T17:48:26Z</time><speed>0.000</speed><sat>31</sat></trkpt>
  <trkpt lat="40.98011922" lon="28.85562351"><ele>33.662</ele><time>2026-10-06T17:48:27Z</time><speed>0.000</speed><sat>31</sat></trkpt>
  <trkpt lat="40.98012146" lon="28.85562197"><ele>33.682</ele><time>2026-10-06T17:48:28Z</time><speed>0.000</speed><sat>32</sat></trkpt>
  <trkpt lat="40.98012308" lon="28.85562080"><ele>33.832</ele><time>2026-10-06T17:48:29Z</time><speed>0.000</speed><sat>32</sat></trkpt>
  <trkpt lat="40.98012417" lon="28.85561966"><ele>34.033</ele><time>2026-10-06T17:48:30Z</time><speed>0.000</speed><sat>32</sat></trkpt>
  <trkpt lat="40.98012410" lon="28.85561875"><ele>34.128</ele><time>2026-10-06T17:48:31Z</time><speed>0.000</speed><sat>32</sat></trkpt>
  <trkpt lat="40.98012309" lon="28.85561782"><ele>34.000</ele><time>2026-10-06T17:48:32Z</time><speed>0.000</speed><sat>31</sat></trkpt>
  <trkpt lat="40.98012065" lon="28.85561843"><ele>33.879</ele><time>2026-10-06T17:48:33Z</time><speed>0.000</speed><sat>32</sat></trkpt>
  <trkpt lat="40.98011898" lon="28.85561835"><ele>33.898</ele><time>2026-10-06T17:48:34Z</time><speed>0.000</speed><sat>32</sat></trkpt>
  <trkpt lat="40.98011821" lon="28.85561810"><ele>33.974</ele><time>2026-10-06T17:48:35Z</time><speed>0.000</speed><sat>32</sat></trkpt>
  <trkpt lat="40.98011722" lon="28.85561866"><ele>33.796</ele><time>2026-10-06T17:48:36Z</time><speed>0.000</speed><sat>32</sat></trkpt>
  <trkpt lat="40.98011676" lon="28.85561893"><ele>33.790</ele><time>2026-10-06T17:48:37Z</time><speed>0.000</speed><sat>32</sat></trkpt>
  <trkpt lat="40.98011638" lon="28.85561901"><ele>33.805</ele><time>2026-10-06T17:48:38Z</time><speed>0.000</speed><sat>31</sat></trkpt>
  <trkpt lat="40.98011629" lon="28.85561915"><ele>33.761</ele><time>2026-10-06T17:48:39Z</time><speed>0.000</speed><sat>31</sat></trkpt>
  <trkpt lat="40.98011617" lon="28.85561903"><ele>33.771</ele><time>2026-10-06T17:48:40Z</time><speed>0.000</speed><sat>28</sat></trkpt>
  <trkpt lat="40.98011603" lon="28.85561886"><ele>33.816</ele><time>2026-10-06T17:48:41Z</time><speed>0.000</speed><sat>27</sat></trkpt>
  <trkpt lat="40.98011586" lon="28.85561883"><ele>33.855</ele><time>2026-10-06T17:48:42Z</time><speed>0.000</speed><sat>29</sat></trkpt>
  <trkpt lat="40.98011575" lon="28.85561879"><ele>33.873</ele><time>2026-10-06T17:48:43Z</time><speed>0.000</speed><sat>30</sat></trkpt>
  <trkpt lat="40.98011575" lon="28.85561877"><ele>33.881</ele><time>2026-10-06T17:48:44Z</time><speed>0.000</speed><sat>30</sat></trkpt>
  <trkpt lat="40.98011573" lon="28.85561883"><ele>33.877</ele><time>2026-10-06T17:48:45Z</time><speed>0.000</speed><sat>30</sat></trkpt>
  <trkpt lat="40.98011610" lon="28.85561941"><ele>33.821</ele><time>2026-10-06T17:48:46Z</time><speed>0.000</speed><sat>30</sat></trkpt>
  <trkpt lat="40.98011629" lon="28.85561970"><ele>33.849</ele><time>2026-10-06T17:48:47Z</time><speed>0.000</speed><sat>30</sat></trkpt>
  <trkpt lat="40.98011643" lon="28.85561994"><ele>33.835</ele><time>2026-10-06T17:48:48Z</time><speed>0.000</speed><sat>29</sat></trkpt>
  <trkpt lat="40.98011649" lon="28.85562008"><ele>33.850</ele><time>2026-10-06T17:48:49Z</time><speed>0.000</speed><sat>29</sat></trkpt>
  <trkpt lat="40.98011660" lon="28.85562029"><ele>33.830</ele><time>2026-10-06T17:48:50Z</time><speed>0.000</speed><sat>29</sat></trkpt>
  <trkpt lat="40.98012401" lon="28.85562253"><ele>31.955</ele><time>2026-10-06T17:48:51Z</time><speed>0.530</speed><sat>28</sat></trkpt>
  <trkpt lat="40.98013454" lon="28.85562417"><ele>31.704</ele><time>2026-10-06T17:48:52Z</time><speed>0.750</speed><sat>29</sat></trkpt>
  <trkpt lat="40.98014430" lon="28.85562640"><ele>30.738</ele><time>2026-10-06T17:48:53Z</time><speed>0.620</speed><sat>29</sat></trkpt>
  <trkpt lat="40.98015133" lon="28.85562803"><ele>31.063</ele><time>2026-10-06T17:48:54Z</time><speed>0.520</speed><sat>29</sat></trkpt>
  <trkpt lat="40.98015694" lon="28.85563087"><ele>30.808</ele><time>2026-10-06T17:48:55Z</time><speed>0.000</speed><sat>29</sat></trkpt>
  <trkpt lat="40.98016242" lon="28.85563463"><ele>30.934</ele><time>2026-10-06T17:48:56Z</time><speed>0.000</speed><sat>29</sat></trkpt>
  <trkpt lat="40.98018010" lon="28.85564518"><ele>32.180</ele><time>2026-10-06T17:48:57Z</time><speed>0.000</speed><sat>29</sat></trkpt>
  <trkpt lat="40.98018998" lon="28.85565351"><ele>31.600</ele><time>2026-10-06T17:48:58Z</time><speed>0.000</speed><sat>28</sat></trkpt>
  <trkpt lat="40.98019666" lon="28.85565861"><ele>31.104</ele><time>2026-10-06T17:48:59Z</time><speed>0.000</speed><sat>28</sat></trkpt>
  <trkpt lat="40.98020338" lon="28.85566225"><ele>30.324</ele><time>2026-10-06T17:49:00Z</time><speed>0.000</speed><sat>28</sat></trkpt>
  <trkpt lat="40.98020740" lon="28.85566656"><ele>29.981</ele><time>2026-10-06T17:49:01Z</time><speed>0.000</speed><sat>27</sat></trkpt>
  <trkpt lat="40.98020951" lon="28.85566941"><ele>29.839</ele><time>2026-10-06T17:49:02Z</time><speed>0.000</speed><sat>28</sat></trkpt>
  <trkpt lat="40.98021392" lon="28.85567035"><ele>29.675</ele><time>2026-10-06T17:49:03Z</time><speed>0.000</speed><sat>29</sat></trkpt>
  <trkpt lat="40.98021547" lon="28.85567203"><ele>29.929</ele><time>2026-10-06T17:49:04Z</time><speed>0.000</speed><sat>28</sat></trkpt>
  <trkpt lat="40.98021703" lon="28.85567311"><ele>30.205</ele><time>2026-10-06T17:49:05Z</time><speed>0.000</speed><sat>29</sat></trkpt>
  <trkpt lat="40.98021827" lon="28.85567341"><ele>30.546</ele><time>2026-10-06T17:49:06Z</time><speed>0.000</speed><sat>29</sat></trkpt>
  <trkpt lat="40.98021961" lon="28.85567299"><ele>30.545</ele><time>2026-10-06T17:49:07Z</time><speed>0.000</speed><sat>28</sat></trkpt>
  <trkpt lat="40.98021994" lon="28.85567245"><ele>30.517</ele><time>2026-10-06T17:49:08Z</time><speed>0.000</speed><sat>29</sat></trkpt>
  <trkpt lat="40.98022102" lon="28.85567097"><ele>30.275</ele><time>2026-10-06T17:49:09Z</time><speed>0.000</speed><sat>29</sat></trkpt>
  <trkpt lat="40.98022112" lon="28.85567063"><ele>30.343</ele><time>2026-10-06T17:49:10Z</time><speed>0.000</speed><sat>28</sat></trkpt>
  <trkpt lat="40.98022147" lon="28.85566995"><ele>30.268</ele><time>2026-10-06T17:49:11Z</time><speed>0.000</speed><sat>28</sat></trkpt>
  <trkpt lat="40.98022189" lon="28.85566930"><ele>30.290</ele><time>2026-10-06T17:49:12Z</time><speed>0.000</speed><sat>28</sat></trkpt>
  <trkpt lat="40.98022201" lon="28.85566901"><ele>30.315</ele><time>2026-10-06T17:49:13Z</time><speed>0.000</speed><sat>27</sat></trkpt>
  <trkpt lat="40.98022190" lon="28.85566876"><ele>30.285</ele><time>2026-10-06T17:49:14Z</time><speed>0.000</speed><sat>27</sat></trkpt>
  <trkpt lat="40.98022182" lon="28.85566857"><ele>30.316</ele><time>2026-10-06T17:49:15Z</time><speed>0.000</speed><sat>29</sat></trkpt>
  <trkpt lat="40.98022180" lon="28.85566840"><ele>30.340</ele><time>2026-10-06T17:49:16Z</time><speed>0.000</speed><sat>28</sat></trkpt>
  <trkpt lat="40.98022179" lon="28.85566824"><ele>30.336</ele><time>2026-10-06T17:49:17Z</time><speed>0.000</speed><sat>28</sat></trkpt>
  <trkpt lat="40.98022178" lon="28.85566781"><ele>30.313</ele><time>2026-10-06T17:49:18Z</time><speed>0.000</speed><sat>27</sat></trkpt>
  <trkpt lat="40.98022188" lon="28.85566721"><ele>30.282</ele><time>2026-10-06T17:49:19Z</time><speed>0.000</speed><sat>31</sat></trkpt>
  <trkpt lat="40.98022216" lon="28.85566662"><ele>30.354</ele><time>2026-10-06T17:49:20Z</time><speed>0.000</speed><sat>31</sat></trkpt>
  <trkpt lat="40.98022185" lon="28.85566646"><ele>30.293</ele><time>2026-10-06T17:49:21Z</time><speed>0.000</speed><sat>31</sat></trkpt>
  <trkpt lat="40.98022168" lon="28.85566628"><ele>30.351</ele><time>2026-10-06T17:49:22Z</time><speed>0.000</speed><sat>31</sat></trkpt>
  <trkpt lat="40.98022171" lon="28.85566600"><ele>30.391</ele><time>2026-10-06T17:49:23Z</time><speed>0.000</speed><sat>31</sat></trkpt>
  <trkpt lat="40.98022151" lon="28.85566608"><ele>30.319</ele><time>2026-10-06T17:49:24Z</time><speed>0.000</speed><sat>31</sat></trkpt>
  <trkpt lat="40.98022158" lon="28.85566595"><ele>30.352</ele><time>2026-10-06T17:49:25Z</time><speed>0.000</speed><sat>30</sat></trkpt>
  <trkpt lat="40.98022162" lon="28.85566565"><ele>30.363</ele><time>2026-10-06T17:49:26Z</time><speed>0.000</speed><sat>29</sat></trkpt>
  <trkpt lat="40.98022141" lon="28.85566555"><ele>30.358</ele><time>2026-10-06T17:49:27Z</time><speed>0.000</speed><sat>29</sat></trkpt>
  <trkpt lat="40.98022121" lon="28.85566542"><ele>30.393</ele><time>2026-10-06T17:49:28Z</time><speed>0.000</speed><sat>29</sat></trkpt>
  <trkpt lat="40.98021983" lon="28.85566584"><ele>30.325</ele><time>2026-10-06T17:49:29Z</time><speed>0.000</speed><sat>29</sat></trkpt>
  <trkpt lat="40.98021919" lon="28.85566599"><ele>30.364</ele><time>2026-10-06T17:49:30Z</time><speed>0.000</speed><sat>30</sat></trkpt>
  <trkpt lat="40.98021890" lon="28.85566587"><ele>30.426</ele><time>2026-10-06T17:49:31Z</time><speed>0.000</speed><sat>30</sat></trkpt>
  <trkpt lat="40.98021875" lon="28.85566560"><ele>30.498</ele><time>2026-10-06T17:49:32Z</time><speed>0.000</speed><sat>30</sat></trkpt>
  <trkpt lat="40.98021840" lon="28.85566562"><ele>30.484</ele><time>2026-10-06T17:49:33Z</time><speed>0.000</speed><sat>30</sat></trkpt>
  <trkpt lat="40.98021830" lon="28.85566549"><ele>30.531</ele><time>2026-10-06T17:49:34Z</time><speed>0.000</speed><sat>31</sat></trkpt>
  <trkpt lat="40.98021822" lon="28.85566538"><ele>30.534</ele><time>2026-10-06T17:49:35Z</time><speed>0.000</speed><sat>31</sat></trkpt>
  <trkpt lat="40.98021824" lon="28.85566530"><ele>30.543</ele><time>2026-10-06T17:49:36Z</time><speed>0.000</speed><sat>31</sat></trkpt>
  <trkpt lat="40.98021827" lon="28.85566523"><ele>30.577</ele><time>2026-10-06T17:49:37Z</time><speed>0.000</speed><sat>31</sat></trkpt>
  <trkpt lat="40.98021828" lon="28.85566521"><ele>30.594</ele><time>2026-10-06T17:49:38Z</time><speed>0.000</speed><sat>31</sat></trkpt>
  <trkpt lat="40.98021827" lon="28.85566520"><ele>30.604</ele><time>2026-10-06T17:49:39Z</time><speed>0.000</speed><sat>31</sat></trkpt>
  <trkpt lat="40.98021824" lon="28.85566521"><ele>30.618</ele><time>2026-10-06T17:49:40Z</time><speed>0.000</speed><sat>30</sat></trkpt>
  <trkpt lat="40.98021823" lon="28.85566522"><ele>30.635</ele><time>2026-10-06T17:49:41Z</time><speed>0.000</speed><sat>29</sat></trkpt>
  <trkpt lat="40.98021830" lon="28.85566520"><ele>30.643</ele><time>2026-10-06T17:49:42Z</time><speed>0.000</speed><sat>26</sat></trkpt>
  <trkpt lat="40.98021835" lon="28.85566525"><ele>30.638</ele><time>2026-10-06T17:49:43Z</time><speed>0.000</speed><sat>28</sat></trkpt>
  <trkpt lat="40.98021841" lon="28.85566532"><ele>30.665</ele><time>2026-10-06T17:49:44Z</time><speed>0.000</speed><sat>29</sat></trkpt>
  <trkpt lat="40.98021852" lon="28.85566534"><ele>30.687</ele><time>2026-10-06T17:49:45Z</time><speed>0.000</speed><sat>31</sat></trkpt>
  <trkpt lat="40.98021870" lon="28.85566532"><ele>30.727</ele><time>2026-10-06T17:49:46Z</time><speed>0.000</speed><sat>31</sat></trkpt>
  <trkpt lat="40.98021883" lon="28.85566525"><ele>30.770</ele><time>2026-10-06T17:49:47Z</time><speed>0.000</speed><sat>31</sat></trkpt>
  <trkpt lat="40.98021894" lon="28.85566519"><ele>30.797</ele><time>2026-10-06T17:49:48Z</time><speed>0.000</speed><sat>30</sat></trkpt>
  <trkpt lat="40.98021910" lon="28.85566513"><ele>30.815</ele><time>2026-10-06T17:49:49Z</time><speed>0.000</speed><sat>29</sat></trkpt>
  <trkpt lat="40.98021922" lon="28.85566506"><ele>30.857</ele><time>2026-10-06T17:49:50Z</time><speed>0.000</speed><sat>29</sat></trkpt>
  <trkpt lat="40.98021892" lon="28.85566516"><ele>30.867</ele><time>2026-10-06T17:49:51Z</time><speed>0.000</speed><sat>28</sat></trkpt>
  <trkpt lat="40.98021882" lon="28.85566518"><ele>30.892</ele><time>2026-10-06T17:49:52Z</time><speed>0.000</speed><sat>29</sat></trkpt>
  <trkpt lat="40.98021888" lon="28.85566513"><ele>30.952</ele><time>2026-10-06T17:49:53Z</time><speed>0.000</speed><sat>28</sat></trkpt>
  <trkpt lat="40.98021887" lon="28.85566514"><ele>30.995</ele><time>2026-10-06T17:49:54Z</time><speed>0.000</speed><sat>29</sat></trkpt>
  <trkpt lat="40.98021884" lon="28.85566516"><ele>31.045</ele><time>2026-10-06T17:49:55Z</time><speed>0.000</speed><sat>29</sat></trkpt>
  <trkpt lat="40.98021883" lon="28.85566518"><ele>31.045</ele><time>2026-10-06T17:49:56Z</time><speed>0.000</speed><sat>29</sat></trkpt>
  <trkpt lat="40.98021888" lon="28.85566515"><ele>31.078</ele><time>2026-10-06T17:49:57Z</time><speed>0.000</speed><sat>30</sat></trkpt>
  <trkpt lat="40.98021888" lon="28.85566504"><ele>31.090</ele><time>2026-10-06T17:49:58Z</time><speed>0.000</speed><sat>30</sat></trkpt>
  <trkpt lat="40.98021889" lon="28.85566497"><ele>31.106</ele><time>2026-10-06T17:49:59Z</time><speed>0.000</speed><sat>30</sat></trkpt>
  <trkpt lat="40.98021890" lon="28.85566493"><ele>31.110</ele><time>2026-10-06T17:50:00Z</time><speed>0.000</speed><sat>29</sat></trkpt>
  <trkpt lat="40.98021891" lon="28.85566491"><ele>31.111</ele><time>2026-10-06T17:50:01Z</time><speed>0.000</speed><sat>29</sat></trkpt>
  <trkpt lat="40.98021891" lon="28.85566490"><ele>31.112</ele><time>2026-10-06T17:50:02Z</time><speed>0.000</speed><sat>28</sat></trkpt>
  <trkpt lat="40.98021892" lon="28.85566490"><ele>31.114</ele><time>2026-10-06T17:50:03Z</time><speed>0.000</speed><sat>28</sat></trkpt>
  <trkpt lat="40.98021893" lon="28.85566489"><ele>31.114</ele><time>2026-10-06T17:50:04Z</time><speed>0.000</speed><sat>26</sat></trkpt>
  <trkpt lat="40.98021850" lon="28.85566513"><ele>31.065</ele><time>2026-10-06T17:50:05Z</time><speed>0.000</speed><sat>24</sat></trkpt>
  <trkpt lat="40.98021831" lon="28.85566525"><ele>31.068</ele><time>2026-10-06T17:50:06Z</time><speed>0.000</speed><sat>21</sat></trkpt>
  <trkpt lat="40.98021822" lon="28.85566531"><ele>31.067</ele><time>2026-10-06T17:50:07Z</time><speed>0.000</speed><sat>24</sat></trkpt>
  <trkpt lat="40.98021821" lon="28.85566532"><ele>31.076</ele><time>2026-10-06T17:50:08Z</time><speed>0.000</speed><sat>24</sat></trkpt>
  <trkpt lat="40.98021824" lon="28.85566530"><ele>31.082</ele><time>2026-10-06T17:50:09Z</time><speed>0.000</speed><sat>24</sat></trkpt>
  <trkpt lat="40.98022299" lon="28.85566212"><ele>30.464</ele><time>2026-10-06T17:50:10Z</time><speed>0.280</speed><sat>24</sat></trkpt>
  <trkpt lat="40.98023167" lon="28.85565970"><ele>29.044</ele><time>2026-10-06T17:50:11Z</time><speed>0.520</speed><sat>26</sat></trkpt>
  <trkpt lat="40.98023876" lon="28.85565718"><ele>29.778</ele><time>2026-10-06T17:50:12Z</time><speed>0.420</speed><sat>26</sat></trkpt>
  <trkpt lat="40.98024692" lon="28.85565577"><ele>29.957</ele><time>2026-10-06T17:50:13Z</time><speed>0.490</speed><sat>27</sat></trkpt>
  <trkpt lat="40.98025555" lon="28.85565345"><ele>30.796</ele><time>2026-10-06T17:50:14Z</time><speed>0.540</speed><sat>27</sat></trkpt>
  <trkpt lat="40.98026366" lon="28.85565198"><ele>31.326</ele><time>2026-10-06T17:50:15Z</time><speed>0.470</speed><sat>27</sat></trkpt>
  <trkpt lat="40.98027475" lon="28.85564694"><ele>30.518</ele><time>2026-10-06T17:50:16Z</time><speed>1.090</speed><sat>25</sat></trkpt>
  <trkpt lat="40.98028457" lon="28.85563927"><ele>30.771</ele><time>2026-10-06T17:50:17Z</time><speed>0.940</speed><sat>23</sat></trkpt>
  <trkpt lat="40.98029049" lon="28.85563470"><ele>31.142</ele><time>2026-10-06T17:50:18Z</time><speed>0.660</speed><sat>22</sat></trkpt>
  <trkpt lat="40.98029365" lon="28.85563231"><ele>31.628</ele><time>2026-10-06T17:50:19Z</time><speed>0.470</speed><sat>22</sat></trkpt>
  <trkpt lat="40.98029263" lon="28.85564483"><ele>31.182</ele><time>2026-10-06T17:50:20Z</time><speed>0.000</speed><sat>20</sat></trkpt>
  <trkpt lat="40.98029242" lon="28.85565190"><ele>31.326</ele><time>2026-10-06T17:50:21Z</time><speed>0.000</speed><sat>18</sat></trkpt>
  <trkpt lat="40.98029343" lon="28.85565671"><ele>31.352</ele><time>2026-10-06T17:50:22Z</time><speed>0.000</speed><sat>20</sat></trkpt>
  <trkpt lat="40.98029529" lon="28.85566068"><ele>31.451</ele><time>2026-10-06T17:50:23Z</time><speed>0.000</speed><sat>23</sat></trkpt>
  <trkpt lat="40.98029948" lon="28.85566141"><ele>31.558</ele><time>2026-10-06T17:50:24Z</time><speed>0.000</speed><sat>23</sat></trkpt>
  <trkpt lat="40.98029858" lon="28.85565574"><ele>32.903</ele><time>2026-10-06T17:50:25Z</time><speed>0.000</speed><sat>23</sat></trkpt>
  <trkpt lat="40.98029602" lon="28.85564756"><ele>33.970</ele><time>2026-10-06T17:50:26Z</time><speed>0.000</speed><sat>23</sat></trkpt>
  <trkpt lat="40.98029605" lon="28.85560802"><ele>34.886</ele><time>2026-10-06T17:50:27Z</time><speed>3.390</speed><sat>23</sat></trkpt>
  <trkpt lat="40.98029061" lon="28.85555696"><ele>34.352</ele><time>2026-10-06T17:50:28Z</time><speed>3.600</speed><sat>21</sat></trkpt>
  <trkpt lat="40.98030004" lon="28.85544983"><ele>34.613</ele><time>2026-10-06T17:50:29Z</time><speed>5.040</speed><sat>22</sat></trkpt>
  <trkpt lat="40.98029728" lon="28.85538209"><ele>34.046</ele><time>2026-10-06T17:50:30Z</time><speed>5.580</speed><sat>24</sat></trkpt>
  <trkpt lat="40.98030972" lon="28.85527279"><ele>33.651</ele><time>2026-10-06T17:50:31Z</time><speed>6.970</speed><sat>25</sat></trkpt>
  <trkpt lat="40.98030797" lon="28.85515045"><ele>33.484</ele><time>2026-10-06T17:50:32Z</time><speed>8.370</speed><sat>26</sat></trkpt>
  <trkpt lat="40.98031442" lon="28.85501412"><ele>33.576</ele><time>2026-10-06T17:50:33Z</time><speed>9.500</speed><sat>24</sat></trkpt>
  <trkpt lat="40.98032636" lon="28.85489222"><ele>35.190</ele><time>2026-10-06T17:50:34Z</time><speed>9.500</speed><sat>24</sat></trkpt>
  <trkpt lat="40.98032345" lon="28.85471675"><ele>36.691</ele><time>2026-10-06T17:50:35Z</time><speed>11.490</speed><sat>25</sat></trkpt>
  <trkpt lat="40.98032224" lon="28.85455354"><ele>38.006</ele><time>2026-10-06T17:50:36Z</time><speed>12.190</speed><sat>25</sat></trkpt>
  <trkpt lat="40.98032229" lon="28.85441576"><ele>38.319</ele><time>2026-10-06T17:50:37Z</time><speed>11.930</speed><sat>25</sat></trkpt>
  <trkpt lat="40.98031760" lon="28.85424570"><ele>39.130</ele><time>2026-10-06T17:50:38Z</time><speed>13.210</speed><sat>25</sat></trkpt>
  <trkpt lat="40.98032542" lon="28.85408484"><ele>39.598</ele><time>2026-10-06T17:50:39Z</time><speed>13.530</speed><sat>24</sat></trkpt>
  <trkpt lat="40.98033658" lon="28.85390690"><ele>39.728</ele><time>2026-10-06T17:50:40Z</time><speed>13.630</speed><sat>22</sat></trkpt>
  <trkpt lat="40.98036151" lon="28.85379676"><ele>38.783</ele><time>2026-10-06T17:50:41Z</time><speed>9.530</speed><sat>21</sat></trkpt>
  <trkpt lat="40.98035052" lon="28.85355362"><ele>40.365</ele><time>2026-10-06T17:50:42Z</time><speed>13.870</speed><sat>20</sat></trkpt>
  <trkpt lat="40.98034831" lon="28.85333222"><ele>40.818</ele><time>2026-10-06T17:50:43Z</time><speed>14.390</speed><sat>18</sat></trkpt>
  <trkpt lat="40.98037012" lon="28.85316943"><ele>39.844</ele><time>2026-10-06T17:50:44Z</time><speed>12.330</speed><sat>19</sat></trkpt>
  <trkpt lat="40.98039642" lon="28.85297516"><ele>41.118</ele><time>2026-10-06T17:50:45Z</time><speed>12.720</speed><sat>17</sat></trkpt>
  <trkpt lat="40.98038811" lon="28.85277623"><ele>39.301</ele><time>2026-10-06T17:50:46Z</time><speed>15.650</speed><sat>22</sat></trkpt>
  <trkpt lat="40.98036487" lon="28.85256595"><ele>38.793</ele><time>2026-10-06T17:50:47Z</time><speed>16.340</speed><sat>24</sat></trkpt>
  <trkpt lat="40.98034207" lon="28.85236645"><ele>38.545</ele><time>2026-10-06T17:50:48Z</time><speed>16.430</speed><sat>24</sat></trkpt>
  <trkpt lat="40.98031021" lon="28.85216522"><ele>39.244</ele><time>2026-10-06T17:50:49Z</time><speed>16.760</speed><sat>25</sat></trkpt>
  <trkpt lat="40.98027114" lon="28.85195129"><ele>40.831</ele><time>2026-10-06T17:50:50Z</time><speed>16.650</speed><sat>24</sat></trkpt>
  <trkpt lat="40.98023763" lon="28.85173132"><ele>42.088</ele><time>2026-10-06T17:50:51Z</time><speed>18.030</speed><sat>23</sat></trkpt>
  <trkpt lat="40.98017986" lon="28.85150612"><ele>43.253</ele><time>2026-10-06T17:50:52Z</time><speed>18.270</speed><sat>24</sat></trkpt>
  <trkpt lat="40.98013638" lon="28.85128612"><ele>41.523</ele><time>2026-10-06T17:50:53Z</time><speed>18.710</speed><sat>26</sat></trkpt>
  <trkpt lat="40.98009691" lon="28.85106358"><ele>40.210</ele><time>2026-10-06T17:50:54Z</time><speed>19.230</speed><sat>26</sat></trkpt>
  <trkpt lat="40.98004750" lon="28.85084719"><ele>41.886</ele><time>2026-10-06T17:50:55Z</time><speed>18.900</speed><sat>27</sat></trkpt>
  <trkpt lat="40.98000700" lon="28.85063174"><ele>42.806</ele><time>2026-10-06T17:50:56Z</time><speed>18.960</speed><sat>27</sat></trkpt>
  <trkpt lat="40.97994128" lon="28.85043563"><ele>43.048</ele><time>2026-10-06T17:50:57Z</time><speed>18.430</speed><sat>27</sat></trkpt>
  <trkpt lat="40.97988081" lon="28.85020689"><ele>42.601</ele><time>2026-10-06T17:50:58Z</time><speed>18.990</speed><sat>27</sat></trkpt>
  <trkpt lat="40.97981599" lon="28.85002301"><ele>41.863</ele><time>2026-10-06T17:50:59Z</time><speed>17.120</speed><sat>26</sat></trkpt>
  <trkpt lat="40.97973458" lon="28.84967073"><ele>40.083</ele><time>2026-10-06T17:51:00Z</time><speed>21.730</speed><sat>24</sat></trkpt>
  <trkpt lat="40.97967302" lon="28.84944035"><ele>40.483</ele><time>2026-10-06T17:51:01Z</time><speed>21.410</speed><sat>20</sat></trkpt>
  <trkpt lat="40.97959757" lon="28.84918798"><ele>39.109</ele><time>2026-10-06T17:51:02Z</time><speed>21.470</speed><sat>20</sat></trkpt>
  <trkpt lat="40.97953262" lon="28.84895187"><ele>39.347</ele><time>2026-10-06T17:51:03Z</time><speed>21.000</speed><sat>20</sat></trkpt>
  <trkpt lat="40.97943737" lon="28.84871605"><ele>40.748</ele><time>2026-10-06T17:51:04Z</time><speed>21.900</speed><sat>20</sat></trkpt>
  <trkpt lat="40.97935334" lon="28.84847811"><ele>40.852</ele><time>2026-10-06T17:51:05Z</time><speed>21.790</speed><sat>20</sat></trkpt>
  <trkpt lat="40.97926031" lon="28.84824037"><ele>41.487</ele><time>2026-10-06T17:51:06Z</time><speed>22.060</speed><sat>20</sat></trkpt>
  <trkpt lat="40.97917534" lon="28.84802590"><ele>41.169</ele><time>2026-10-06T17:51:07Z</time><speed>21.250</speed><sat>23</sat></trkpt>
  <trkpt lat="40.97907155" lon="28.84777291"><ele>41.126</ele><time>2026-10-06T17:51:08Z</time><speed>22.540</speed><sat>23</sat></trkpt>
  <trkpt lat="40.97897155" lon="28.84752596"><ele>42.889</ele><time>2026-10-06T17:51:09Z</time><speed>21.750</speed><sat>23</sat></trkpt>
  <trkpt lat="40.97885696" lon="28.84729276"><ele>42.394</ele><time>2026-10-06T17:51:10Z</time><speed>22.870</speed><sat>25</sat></trkpt>
  <trkpt lat="40.97873046" lon="28.84706729"><ele>41.769</ele><time>2026-10-06T17:51:11Z</time><speed>22.750</speed><sat>24</sat></trkpt>
  <trkpt lat="40.97861856" lon="28.84684662"><ele>42.018</ele><time>2026-10-06T17:51:12Z</time><speed>21.650</speed><sat>25</sat></trkpt>
  <trkpt lat="40.97850376" lon="28.84662245"><ele>41.182</ele><time>2026-10-06T17:51:13Z</time><speed>21.720</speed><sat>24</sat></trkpt>
  <trkpt lat="40.97838542" lon="28.84641338"><ele>41.405</ele><time>2026-10-06T17:51:14Z</time><speed>21.680</speed><sat>24</sat></trkpt>
  <trkpt lat="40.97827989" lon="28.84620512"><ele>41.875</ele><time>2026-10-06T17:51:15Z</time><speed>21.930</speed><sat>24</sat></trkpt>
  <trkpt lat="40.97815751" lon="28.84599511"><ele>42.628</ele><time>2026-10-06T17:51:16Z</time><speed>21.950</speed><sat>25</sat></trkpt>
  <trkpt lat="40.97802680" lon="28.84577642"><ele>42.356</ele><time>2026-10-06T17:51:17Z</time><speed>22.170</speed><sat>25</sat></trkpt>
  <trkpt lat="40.97789964" lon="28.84559446"><ele>42.932</ele><time>2026-10-06T17:51:18Z</time><speed>21.420</speed><sat>26</sat></trkpt>
  <trkpt lat="40.97776466" lon="28.84540953"><ele>42.209</ele><time>2026-10-06T17:51:19Z</time><speed>21.580</speed><sat>26</sat></trkpt>
  <trkpt lat="40.97763347" lon="28.84522369"><ele>41.472</ele><time>2026-10-06T17:51:20Z</time><speed>21.820</speed><sat>26</sat></trkpt>
  <trkpt lat="40.97749504" lon="28.84503517"><ele>41.735</ele><time>2026-10-06T17:51:21Z</time><speed>22.280</speed><sat>27</sat></trkpt>
  <trkpt lat="40.97735849" lon="28.84485246"><ele>42.042</ele><time>2026-10-06T17:51:22Z</time><speed>21.990</speed><sat>26</sat></trkpt>
  <trkpt lat="40.97721123" lon="28.84467292"><ele>42.655</ele><time>2026-10-06T17:51:23Z</time><speed>22.440</speed><sat>26</sat></trkpt>
  <trkpt lat="40.97706167" lon="28.84449375"><ele>42.686</ele><time>2026-10-06T17:51:24Z</time><speed>22.220</speed><sat>27</sat></trkpt>
  <trkpt lat="40.97691372" lon="28.84432589"><ele>42.748</ele><time>2026-10-06T17:51:25Z</time><speed>22.100</speed><sat>28</sat></trkpt>
  <trkpt lat="40.97675999" lon="28.84415797"><ele>42.828</ele><time>2026-10-06T17:51:26Z</time><speed>22.140</speed><sat>27</sat></trkpt>
  <trkpt lat="40.97658942" lon="28.84399138"><ele>42.744</ele><time>2026-10-06T17:51:27Z</time><speed>22.120</speed><sat>28</sat></trkpt>
  <trkpt lat="40.97642952" lon="28.84383070"><ele>43.338</ele><time>2026-10-06T17:51:28Z</time><speed>22.050</speed><sat>29</sat></trkpt>
  <trkpt lat="40.97627012" lon="28.84367056"><ele>44.305</ele><time>2026-10-06T17:51:29Z</time><speed>21.960</speed><sat>31</sat></trkpt>
  <trkpt lat="40.97610256" lon="28.84352261"><ele>45.293</ele><time>2026-10-06T17:51:30Z</time><speed>21.790</speed><sat>30</sat></trkpt>
  <trkpt lat="40.97593863" lon="28.84338929"><ele>44.551</ele><time>2026-10-06T17:51:31Z</time><speed>21.940</speed><sat>30</sat></trkpt>
  <trkpt lat="40.97576766" lon="28.84325064"><ele>44.917</ele><time>2026-10-06T17:51:32Z</time><speed>21.760</speed><sat>29</sat></trkpt>
  <trkpt lat="40.97558244" lon="28.84311401"><ele>43.795</ele><time>2026-10-06T17:51:33Z</time><speed>22.510</speed><sat>29</sat></trkpt>
  <trkpt lat="40.97541084" lon="28.84299481"><ele>43.487</ele><time>2026-10-06T17:51:34Z</time><speed>21.990</speed><sat>28</sat></trkpt>
  <trkpt lat="40.97524358" lon="28.84287305"><ele>43.411</ele><time>2026-10-06T17:51:35Z</time><speed>21.950</speed><sat>28</sat></trkpt>
  <trkpt lat="40.97507076" lon="28.84276064"><ele>42.803</ele><time>2026-10-06T17:51:36Z</time><speed>21.970</speed><sat>30</sat></trkpt>
  <trkpt lat="40.97489494" lon="28.84264467"><ele>43.104</ele><time>2026-10-06T17:51:37Z</time><speed>22.040</speed><sat>30</sat></trkpt>
  <trkpt lat="40.97471251" lon="28.84253331"><ele>43.024</ele><time>2026-10-06T17:51:38Z</time><speed>22.120</speed><sat>30</sat></trkpt>
  <trkpt lat="40.97452513" lon="28.84242986"><ele>42.990</ele><time>2026-10-06T17:51:39Z</time><speed>22.180</speed><sat>31</sat></trkpt>
  <trkpt lat="40.97433271" lon="28.84232495"><ele>42.261</ele><time>2026-10-06T17:51:40Z</time><speed>22.150</speed><sat>31</sat></trkpt>
  <trkpt lat="40.97414106" lon="28.84223368"><ele>41.896</ele><time>2026-10-06T17:51:41Z</time><speed>22.190</speed><sat>31</sat></trkpt>
  <trkpt lat="40.97395464" lon="28.84214722"><ele>40.865</ele><time>2026-10-06T17:51:42Z</time><speed>22.170</speed><sat>30</sat></trkpt>
  <trkpt lat="40.97376498" lon="28.84205463"><ele>40.743</ele><time>2026-10-06T17:51:43Z</time><speed>22.190</speed><sat>31</sat></trkpt>
  <trkpt lat="40.97357717" lon="28.84197026"><ele>40.770</ele><time>2026-10-06T17:51:44Z</time><speed>22.360</speed><sat>30</sat></trkpt>
  <trkpt lat="40.97338959" lon="28.84188185"><ele>40.917</ele><time>2026-10-06T17:51:45Z</time><speed>22.250</speed><sat>31</sat></trkpt>
  <trkpt lat="40.97320524" lon="28.84180007"><ele>40.464</ele><time>2026-10-06T17:51:46Z</time><speed>22.090</speed><sat>31</sat></trkpt>
  <trkpt lat="40.97301974" lon="28.84171219"><ele>39.705</ele><time>2026-10-06T17:51:47Z</time><speed>21.990</speed><sat>31</sat></trkpt>
  <trkpt lat="40.97283404" lon="28.84162164"><ele>39.657</ele><time>2026-10-06T17:51:48Z</time><speed>22.090</speed><sat>32</sat></trkpt>
  <trkpt lat="40.97265023" lon="28.84153833"><ele>39.148</ele><time>2026-10-06T17:51:49Z</time><speed>21.820</speed><sat>30</sat></trkpt>
  <trkpt lat="40.97246069" lon="28.84144512"><ele>39.469</ele><time>2026-10-06T17:51:50Z</time><speed>22.030</speed><sat>30</sat></trkpt>
  <trkpt lat="40.97227262" lon="28.84137238"><ele>40.218</ele><time>2026-10-06T17:51:51Z</time><speed>21.930</speed><sat>30</sat></trkpt>
  <trkpt lat="40.97207653" lon="28.84128081"><ele>39.933</ele><time>2026-10-06T17:51:52Z</time><speed>22.080</speed><sat>30</sat></trkpt>
  <trkpt lat="40.97186811" lon="28.84120253"><ele>41.118</ele><time>2026-10-06T17:51:53Z</time><speed>22.940</speed><sat>30</sat></trkpt>
  <trkpt lat="40.97169415" lon="28.84110809"><ele>41.352</ele><time>2026-10-06T17:51:54Z</time><speed>21.970</speed><sat>29</sat></trkpt>
  <trkpt lat="40.97150763" lon="28.84103108"><ele>41.557</ele><time>2026-10-06T17:51:55Z</time><speed>21.830</speed><sat>31</sat></trkpt>
  <trkpt lat="40.97131675" lon="28.84092826"><ele>43.563</ele><time>2026-10-06T17:51:56Z</time><speed>21.940</speed><sat>31</sat></trkpt>
  <trkpt lat="40.97113780" lon="28.84083900"><ele>42.463</ele><time>2026-10-06T17:51:57Z</time><speed>21.800</speed><sat>30</sat></trkpt>
  <trkpt lat="40.97095099" lon="28.84075812"><ele>42.221</ele><time>2026-10-06T17:51:58Z</time><speed>21.670</speed><sat>29</sat></trkpt>
  <trkpt lat="40.97076647" lon="28.84066425"><ele>43.164</ele><time>2026-10-06T17:51:59Z</time><speed>22.130</speed><sat>30</sat></trkpt>
  <trkpt lat="40.97058373" lon="28.84058211"><ele>43.148</ele><time>2026-10-06T17:52:00Z</time><speed>21.660</speed><sat>30</sat></trkpt>
  <trkpt lat="40.97040574" lon="28.84049880"><ele>42.948</ele><time>2026-10-06T17:52:01Z</time><speed>21.390</speed><sat>29</sat></trkpt>
  <trkpt lat="40.97025913" lon="28.84041797"><ele>42.767</ele><time>2026-10-06T17:52:02Z</time><speed>18.680</speed><sat>30</sat></trkpt>
  <trkpt lat="40.97009787" lon="28.84034987"><ele>41.930</ele><time>2026-10-06T17:52:03Z</time><speed>19.210</speed><sat>31</sat></trkpt>
  <trkpt lat="40.96996266" lon="28.84027196"><ele>43.167</ele><time>2026-10-06T17:52:04Z</time><speed>17.350</speed><sat>32</sat></trkpt>
  <trkpt lat="40.96982517" lon="28.84020400"><ele>43.456</ele><time>2026-10-06T17:52:05Z</time><speed>16.940</speed><sat>30</sat></trkpt>
  <trkpt lat="40.96968532" lon="28.84012478"><ele>43.324</ele><time>2026-10-06T17:52:06Z</time><speed>17.010</speed><sat>31</sat></trkpt>
  <trkpt lat="40.96956082" lon="28.84009098"><ele>44.681</ele><time>2026-10-06T17:52:07Z</time><speed>15.760</speed><sat>31</sat></trkpt>
  <trkpt lat="40.96939793" lon="28.84003286"><ele>43.830</ele><time>2026-10-06T17:52:08Z</time><speed>17.140</speed><sat>29</sat></trkpt>
  <trkpt lat="40.96925636" lon="28.83995744"><ele>43.634</ele><time>2026-10-06T17:52:09Z</time><speed>15.800</speed><sat>26</sat></trkpt>
  <trkpt lat="40.96911130" lon="28.83988245"><ele>42.577</ele><time>2026-10-06T17:52:10Z</time><speed>16.080</speed><sat>26</sat></trkpt>
  <trkpt lat="40.96897667" lon="28.83982025"><ele>42.719</ele><time>2026-10-06T17:52:11Z</time><speed>16.210</speed><sat>28</sat></trkpt>
  <trkpt lat="40.96883938" lon="28.83975385"><ele>43.144</ele><time>2026-10-06T17:52:12Z</time><speed>15.950</speed><sat>31</sat></trkpt>
  <trkpt lat="40.96870123" lon="28.83968775"><ele>43.528</ele><time>2026-10-06T17:52:13Z</time><speed>16.010</speed><sat>31</sat></trkpt>
  <trkpt lat="40.96856216" lon="28.83962677"><ele>43.777</ele><time>2026-10-06T17:52:14Z</time><speed>15.890</speed><sat>30</sat></trkpt>
  <trkpt lat="40.96843038" lon="28.83955583"><ele>43.973</ele><time>2026-10-06T17:52:15Z</time><speed>15.800</speed><sat>30</sat></trkpt>
  <trkpt lat="40.96829360" lon="28.83949019"><ele>43.500</ele><time>2026-10-06T17:52:16Z</time><speed>16.010</speed><sat>30</sat></trkpt>
  <trkpt lat="40.96815837" lon="28.83942754"><ele>43.674</ele><time>2026-10-06T17:52:17Z</time><speed>16.040</speed><sat>30</sat></trkpt>
  <trkpt lat="40.96802681" lon="28.83936785"><ele>44.500</ele><time>2026-10-06T17:52:18Z</time><speed>15.960</speed><sat>30</sat></trkpt>
  <trkpt lat="40.96789308" lon="28.83930219"><ele>45.459</ele><time>2026-10-06T17:52:19Z</time><speed>15.870</speed><sat>30</sat></trkpt>
  <trkpt lat="40.96775534" lon="28.83923995"><ele>46.231</ele><time>2026-10-06T17:52:20Z</time><speed>15.830</speed><sat>30</sat></trkpt>
  <trkpt lat="40.96762689" lon="28.83918121"><ele>46.196</ele><time>2026-10-06T17:52:21Z</time><speed>15.900</speed><sat>30</sat></trkpt>
  <trkpt lat="40.96749530" lon="28.83911521"><ele>46.304</ele><time>2026-10-06T17:52:22Z</time><speed>15.700</speed><sat>30</sat></trkpt>
  <trkpt lat="40.96734832" lon="28.83906274"><ele>45.874</ele><time>2026-10-06T17:52:23Z</time><speed>16.240</speed><sat>29</sat></trkpt>
  <trkpt lat="40.96721427" lon="28.83898527"><ele>46.446</ele><time>2026-10-06T17:52:24Z</time><speed>16.180</speed><sat>29</sat></trkpt>
  <trkpt lat="40.96708177" lon="28.83890320"><ele>46.952</ele><time>2026-10-06T17:52:25Z</time><speed>16.150</speed><sat>31</sat></trkpt>
  <trkpt lat="40.96695488" lon="28.83882386"><ele>47.038</ele><time>2026-10-06T17:52:26Z</time><speed>15.900</speed><sat>32</sat></trkpt>
  <trkpt lat="40.96683548" lon="28.83872860"><ele>47.774</ele><time>2026-10-06T17:52:27Z</time><speed>15.890</speed><sat>32</sat></trkpt>
  <trkpt lat="40.96671454" lon="28.83862365"><ele>47.168</ele><time>2026-10-06T17:52:28Z</time><speed>16.090</speed><sat>32</sat></trkpt>
  <trkpt lat="40.96660208" lon="28.83851373"><ele>47.126</ele><time>2026-10-06T17:52:29Z</time><speed>15.650</speed><sat>32</sat></trkpt>
  <trkpt lat="40.96649212" lon="28.83841116"><ele>46.072</ele><time>2026-10-06T17:52:30Z</time><speed>15.340</speed><sat>32</sat></trkpt>
  <trkpt lat="40.96638837" lon="28.83828991"><ele>46.160</ele><time>2026-10-06T17:52:31Z</time><speed>15.050</speed><sat>32</sat></trkpt>
  <trkpt lat="40.96630072" lon="28.83819022"><ele>46.141</ele><time>2026-10-06T17:52:32Z</time><speed>13.320</speed><sat>32</sat></trkpt>
  <trkpt lat="40.96620543" lon="28.83806189"><ele>46.664</ele><time>2026-10-06T17:52:33Z</time><speed>14.080</speed><sat>32</sat></trkpt>
  <trkpt lat="40.96611064" lon="28.83794406"><ele>46.424</ele><time>2026-10-06T17:52:34Z</time><speed>13.710</speed><sat>32</sat></trkpt>
  <trkpt lat="40.96602123" lon="28.83784740"><ele>47.825</ele><time>2026-10-06T17:52:35Z</time><speed>12.370</speed><sat>31</sat></trkpt>
  <trkpt lat="40.96593411" lon="28.83773901"><ele>47.834</ele><time>2026-10-06T17:52:36Z</time><speed>12.800</speed><sat>30</sat></trkpt>
  <trkpt lat="40.96583859" lon="28.83764677"><ele>46.563</ele><time>2026-10-06T17:52:37Z</time><speed>12.860</speed><sat>30</sat></trkpt>
  <trkpt lat="40.96575250" lon="28.83757170"><ele>46.795</ele><time>2026-10-06T17:52:38Z</time><speed>11.550</speed><sat>31</sat></trkpt>
  <trkpt lat="40.96568625" lon="28.83749868"><ele>47.133</ele><time>2026-10-06T17:52:39Z</time><speed>10.050</speed><sat>28</sat></trkpt>
  <trkpt lat="40.96563190" lon="28.83742328"><ele>47.372</ele><time>2026-10-06T17:52:40Z</time><speed>9.170</speed><sat>25</sat></trkpt>
  <trkpt lat="40.96558371" lon="28.83736322"><ele>47.423</ele><time>2026-10-06T17:52:41Z</time><speed>7.680</speed><sat>24</sat></trkpt>
  <trkpt lat="40.96552630" lon="28.83730304"><ele>47.828</ele><time>2026-10-06T17:52:42Z</time><speed>8.180</speed><sat>23</sat></trkpt>
  <trkpt lat="40.96548651" lon="28.83724789"><ele>48.785</ele><time>2026-10-06T17:52:43Z</time><speed>6.730</speed><sat>22</sat></trkpt>
  <trkpt lat="40.96543809" lon="28.83718461"><ele>49.100</ele><time>2026-10-06T17:52:44Z</time><speed>7.270</speed><sat>20</sat></trkpt>
  <trkpt lat="40.96542983" lon="28.83714189"><ele>49.930</ele><time>2026-10-06T17:52:45Z</time><speed>4.090</speed><sat>23</sat></trkpt>
  <trkpt lat="40.96537327" lon="28.83708346"><ele>50.851</ele><time>2026-10-06T17:52:46Z</time><speed>4.920</speed><sat>23</sat></trkpt>
  <trkpt lat="40.96533491" lon="28.83706934"><ele>51.602</ele><time>2026-10-06T17:52:47Z</time><speed>4.460</speed><sat>23</sat></trkpt>
  <trkpt lat="40.96530108" lon="28.83703624"><ele>51.741</ele><time>2026-10-06T17:52:48Z</time><speed>4.350</speed><sat>24</sat></trkpt>
  <trkpt lat="40.96526643" lon="28.83701735"><ele>51.679</ele><time>2026-10-06T17:52:49Z</time><speed>4.300</speed><sat>25</sat></trkpt>
  <trkpt lat="40.96524138" lon="28.83699289"><ele>51.081</ele><time>2026-10-06T17:52:50Z</time><speed>3.880</speed><sat>24</sat></trkpt>
  <trkpt lat="40.96522798" lon="28.83696759"><ele>50.323</ele><time>2026-10-06T17:52:51Z</time><speed>3.240</speed><sat>23</sat></trkpt>
  <trkpt lat="40.96524467" lon="28.83692903"><ele>48.906</ele><time>2026-10-06T17:52:52Z</time><speed>2.110</speed><sat>21</sat></trkpt>
  <trkpt lat="40.96523889" lon="28.83685954"><ele>49.034</ele><time>2026-10-06T17:52:53Z</time><speed>1.180</speed><sat>19</sat></trkpt>
  <trkpt lat="40.96521764" lon="28.83682672"><ele>49.126</ele><time>2026-10-06T17:52:54Z</time><speed>2.270</speed><sat>19</sat></trkpt>
  <trkpt lat="40.96520625" lon="28.83681155"><ele>50.154</ele><time>2026-10-06T17:52:55Z</time><speed>0.750</speed><sat>19</sat></trkpt>
  <trkpt lat="40.96520376" lon="28.83680506"><ele>49.993</ele><time>2026-10-06T17:52:56Z</time><speed>0.570</speed><sat>20</sat></trkpt>
  <trkpt lat="40.96519427" lon="28.83679280"><ele>51.273</ele><time>2026-10-06T17:52:57Z</time><speed>1.650</speed><sat>21</sat></trkpt>
  <trkpt lat="40.96518498" lon="28.83678618"><ele>49.705</ele><time>2026-10-06T17:52:58Z</time><speed>0.780</speed><sat>22</sat></trkpt>
  <trkpt lat="40.96517687" lon="28.83678372"><ele>49.385</ele><time>2026-10-06T17:52:59Z</time><speed>0.290</speed><sat>23</sat></trkpt>
  <trkpt lat="40.96517363" lon="28.83678539"><ele>48.264</ele><time>2026-10-06T17:53:00Z</time><speed>0.000</speed><sat>25</sat></trkpt>
  <trkpt lat="40.96516764" lon="28.83679217"><ele>47.049</ele><time>2026-10-06T17:53:01Z</time><speed>0.210</speed><sat>25</sat></trkpt>
  <trkpt lat="40.96515717" lon="28.83680742"><ele>46.885</ele><time>2026-10-06T17:53:02Z</time><speed>0.000</speed><sat>23</sat></trkpt>
  <trkpt lat="40.96514542" lon="28.83681230"><ele>46.924</ele><time>2026-10-06T17:53:03Z</time><speed>0.000</speed><sat>21</sat></trkpt>
  <trkpt lat="40.96513909" lon="28.83681534"><ele>47.216</ele><time>2026-10-06T17:53:04Z</time><speed>0.000</speed><sat>23</sat></trkpt>
  <trkpt lat="40.96513504" lon="28.83681776"><ele>46.150</ele><time>2026-10-06T17:53:05Z</time><speed>0.000</speed><sat>23</sat></trkpt>
  <trkpt lat="40.96513258" lon="28.83682185"><ele>46.239</ele><time>2026-10-06T17:53:06Z</time><speed>0.000</speed><sat>23</sat></trkpt>
  <trkpt lat="40.96513339" lon="28.83682924"><ele>45.450</ele><time>2026-10-06T17:53:07Z</time><speed>0.000</speed><sat>23</sat></trkpt>
  <trkpt lat="40.96513165" lon="28.83683485"><ele>45.111</ele><time>2026-10-06T17:53:08Z</time><speed>0.000</speed><sat>24</sat></trkpt>
  <trkpt lat="40.96512949" lon="28.83683757"><ele>45.279</ele><time>2026-10-06T17:53:09Z</time><speed>0.000</speed><sat>26</sat></trkpt>
  <trkpt lat="40.96512793" lon="28.83683698"><ele>45.176</ele><time>2026-10-06T17:53:10Z</time><speed>0.000</speed><sat>25</sat></trkpt>
  <trkpt lat="40.96512718" lon="28.83683885"><ele>44.777</ele><time>2026-10-06T17:53:11Z</time><speed>0.000</speed><sat>24</sat></trkpt>
  <trkpt lat="40.96512188" lon="28.83684365"><ele>44.292</ele><time>2026-10-06T17:53:12Z</time><speed>0.000</speed><sat>23</sat></trkpt>
  <trkpt lat="40.96511887" lon="28.83684618"><ele>44.465</ele><time>2026-10-06T17:53:13Z</time><speed>0.000</speed><sat>21</sat></trkpt>
  <trkpt lat="40.96511703" lon="28.83684759"><ele>44.479</ele><time>2026-10-06T17:53:14Z</time><speed>0.000</speed><sat>19</sat></trkpt>
  <trkpt lat="40.96511561" lon="28.83684891"><ele>44.543</ele><time>2026-10-06T17:53:15Z</time><speed>0.000</speed><sat>17</sat></trkpt>
  <trkpt lat="40.96511487" lon="28.83684952"><ele>44.494</ele><time>2026-10-06T17:53:16Z</time><speed>0.000</speed><sat>17</sat></trkpt>
  <trkpt lat="40.96511473" lon="28.83684973"><ele>44.481</ele><time>2026-10-06T17:53:17Z</time><speed>0.000</speed><sat>16</sat></trkpt>
  <trkpt lat="40.96511462" lon="28.83684969"><ele>44.237</ele><time>2026-10-06T17:53:18Z</time><speed>0.000</speed><sat>19</sat></trkpt>
  <trkpt lat="40.96511469" lon="28.83684948"><ele>44.291</ele><time>2026-10-06T17:53:19Z</time><speed>0.000</speed><sat>19</sat></trkpt>
  <trkpt lat="40.96511366" lon="28.83684985"><ele>44.102</ele><time>2026-10-06T17:53:20Z</time><speed>0.000</speed><sat>19</sat></trkpt>
  <trkpt lat="40.96511400" lon="28.83684895"><ele>44.413</ele><time>2026-10-06T17:53:21Z</time><speed>0.000</speed><sat>19</sat></trkpt>
  <trkpt lat="40.96511537" lon="28.83684710"><ele>44.764</ele><time>2026-10-06T17:53:22Z</time><speed>0.000</speed><sat>20</sat></trkpt>
  <trkpt lat="40.96511617" lon="28.83684614"><ele>44.750</ele><time>2026-10-06T17:53:23Z</time><speed>0.000</speed><sat>20</sat></trkpt>
  <trkpt lat="40.96511650" lon="28.83684571"><ele>44.758</ele><time>2026-10-06T17:53:24Z</time><speed>0.000</speed><sat>19</sat></trkpt>
  <trkpt lat="40.96511677" lon="28.83684526"><ele>44.813</ele><time>2026-10-06T17:53:25Z</time><speed>0.000</speed><sat>17</sat></trkpt>
  <trkpt lat="40.96511686" lon="28.83684502"><ele>44.808</ele><time>2026-10-06T17:53:26Z</time><speed>0.000</speed><sat>17</sat></trkpt>
  <trkpt lat="40.96511044" lon="28.83683837"><ele>44.795</ele><time>2026-10-06T17:53:27Z</time><speed>1.570</speed><sat>18</sat></trkpt>
  <trkpt lat="40.96508886" lon="28.83681136"><ele>49.032</ele><time>2026-10-06T17:53:28Z</time><speed>2.300</speed><sat>18</sat></trkpt>
  <trkpt lat="40.96506265" lon="28.83678696"><ele>48.198</ele><time>2026-10-06T17:53:29Z</time><speed>2.470</speed><sat>20</sat></trkpt>
  <trkpt lat="40.96503359" lon="28.83675521"><ele>50.509</ele><time>2026-10-06T17:53:30Z</time><speed>2.930</speed><sat>22</sat></trkpt>
  <trkpt lat="40.96500204" lon="28.83672181"><ele>49.766</ele><time>2026-10-06T17:53:31Z</time><speed>3.660</speed><sat>26</sat></trkpt>
  <trkpt lat="40.96496899" lon="28.83668866"><ele>51.609</ele><time>2026-10-06T17:53:32Z</time><speed>4.230</speed><sat>27</sat></trkpt>
  <trkpt lat="40.96493009" lon="28.83665343"><ele>50.138</ele><time>2026-10-06T17:53:33Z</time><speed>4.720</speed><sat>26</sat></trkpt>
  <trkpt lat="40.96486065" lon="28.83652890"><ele>49.468</ele><time>2026-10-06T17:53:34Z</time><speed>6.150</speed><sat>26</sat></trkpt>
  <trkpt lat="40.96484745" lon="28.83646575"><ele>47.540</ele><time>2026-10-06T17:53:35Z</time><speed>6.080</speed><sat>23</sat></trkpt>
  <trkpt lat="40.96480411" lon="28.83637682"><ele>46.900</ele><time>2026-10-06T17:53:36Z</time><speed>6.840</speed><sat>24</sat></trkpt>
  <trkpt lat="40.96471221" lon="28.83627808"><ele>47.372</ele><time>2026-10-06T17:53:37Z</time><speed>10.180</speed><sat>25</sat></trkpt>
  <trkpt lat="40.96463290" lon="28.83621304"><ele>49.077</ele><time>2026-10-06T17:53:38Z</time><speed>10.340</speed><sat>25</sat></trkpt>
  <trkpt lat="40.96453507" lon="28.83612705"><ele>50.751</ele><time>2026-10-06T17:53:39Z</time><speed>11.790</speed><sat>26</sat></trkpt>
  <trkpt lat="40.96444127" lon="28.83601896"><ele>51.085</ele><time>2026-10-06T17:53:40Z</time><speed>12.430</speed><sat>27</sat></trkpt>
  <trkpt lat="40.96435245" lon="28.83590907"><ele>50.693</ele><time>2026-10-06T17:53:41Z</time><speed>12.770</speed><sat>27</sat></trkpt>
  <trkpt lat="40.96424258" lon="28.83577457"><ele>50.013</ele><time>2026-10-06T17:53:42Z</time><speed>13.850</speed><sat>28</sat></trkpt>
  <trkpt lat="40.96414000" lon="28.83563639"><ele>49.625</ele><time>2026-10-06T17:53:43Z</time><speed>15.150</speed><sat>28</sat></trkpt>
  <trkpt lat="40.96405164" lon="28.83549027"><ele>48.881</ele><time>2026-10-06T17:53:44Z</time><speed>15.430</speed><sat>27</sat></trkpt>
  <trkpt lat="40.96398126" lon="28.83533462"><ele>48.533</ele><time>2026-10-06T17:53:45Z</time><speed>15.980</speed><sat>29</sat></trkpt>
  <trkpt lat="40.96390897" lon="28.83516705"><ele>48.339</ele><time>2026-10-06T17:53:46Z</time><speed>16.170</speed><sat>29</sat></trkpt>
  <trkpt lat="40.96383822" lon="28.83499424"><ele>49.149</ele><time>2026-10-06T17:53:47Z</time><speed>16.370</speed><sat>29</sat></trkpt>
  <trkpt lat="40.96375539" lon="28.83483441"><ele>48.564</ele><time>2026-10-06T17:53:48Z</time><speed>16.270</speed><sat>30</sat></trkpt>
  <trkpt lat="40.96368093" lon="28.83465263"><ele>49.340</ele><time>2026-10-06T17:53:49Z</time><speed>16.860</speed><sat>30</sat></trkpt>
  <trkpt lat="40.96360722" lon="28.83447135"><ele>49.711</ele><time>2026-10-06T17:53:50Z</time><speed>16.880</speed><sat>30</sat></trkpt>
  <trkpt lat="40.96354022" lon="28.83429039"><ele>49.550</ele><time>2026-10-06T17:53:51Z</time><speed>16.980</speed><sat>28</sat></trkpt>
  <trkpt lat="40.96347288" lon="28.83411893"><ele>49.519</ele><time>2026-10-06T17:53:52Z</time><speed>16.550</speed><sat>28</sat></trkpt>
  <trkpt lat="40.96339525" lon="28.83393623"><ele>49.049</ele><time>2026-10-06T17:53:53Z</time><speed>17.120</speed><sat>28</sat></trkpt>
  <trkpt lat="40.96331653" lon="28.83376993"><ele>50.280</ele><time>2026-10-06T17:53:54Z</time><speed>17.210</speed><sat>27</sat></trkpt>
  <trkpt lat="40.96326670" lon="28.83359965"><ele>49.070</ele><time>2026-10-06T17:53:55Z</time><speed>16.770</speed><sat>28</sat></trkpt>
  <trkpt lat="40.96319933" lon="28.83341894"><ele>48.705</ele><time>2026-10-06T17:53:56Z</time><speed>16.770</speed><sat>26</sat></trkpt>
  <trkpt lat="40.96314723" lon="28.83323300"><ele>49.662</ele><time>2026-10-06T17:53:57Z</time><speed>16.630</speed><sat>24</sat></trkpt>
  <trkpt lat="40.96308314" lon="28.83304838"><ele>49.495</ele><time>2026-10-06T17:53:58Z</time><speed>16.930</speed><sat>22</sat></trkpt>
  <trkpt lat="40.96302322" lon="28.83287267"><ele>48.896</ele><time>2026-10-06T17:53:59Z</time><speed>16.800</speed><sat>22</sat></trkpt>
  <trkpt lat="40.96296897" lon="28.83267765"><ele>49.052</ele><time>2026-10-06T17:54:00Z</time><speed>16.750</speed><sat>24</sat></trkpt>
  <trkpt lat="40.96294277" lon="28.83246264"><ele>51.514</ele><time>2026-10-06T17:54:01Z</time><speed>16.770</speed><sat>24</sat></trkpt>
  <trkpt lat="40.96288333" lon="28.83226710"><ele>52.454</ele><time>2026-10-06T17:54:02Z</time><speed>17.040</speed><sat>26</sat></trkpt>
  <trkpt lat="40.96281629" lon="28.83207998"><ele>51.466</ele><time>2026-10-06T17:54:03Z</time><speed>17.100</speed><sat>28</sat></trkpt>
  <trkpt lat="40.96276540" lon="28.83187377"><ele>51.054</ele><time>2026-10-06T17:54:04Z</time><speed>18.010</speed><sat>29</sat></trkpt>
  <trkpt lat="40.96272308" lon="28.83166652"><ele>51.476</ele><time>2026-10-06T17:54:05Z</time><speed>18.400</speed><sat>28</sat></trkpt>
  <trkpt lat="40.96266729" lon="28.83146300"><ele>50.159</ele><time>2026-10-06T17:54:06Z</time><speed>18.770</speed><sat>28</sat></trkpt>
  <trkpt lat="40.96263481" lon="28.83122766"><ele>50.298</ele><time>2026-10-06T17:54:07Z</time><speed>19.590</speed><sat>27</sat></trkpt>
  <trkpt lat="40.96261260" lon="28.83102277"><ele>50.748</ele><time>2026-10-06T17:54:08Z</time><speed>19.910</speed><sat>25</sat></trkpt>
  <trkpt lat="40.96257379" lon="28.83077881"><ele>50.800</ele><time>2026-10-06T17:54:09Z</time><speed>20.380</speed><sat>22</sat></trkpt>
  <trkpt lat="40.96251234" lon="28.83054741"><ele>49.850</ele><time>2026-10-06T17:54:10Z</time><speed>20.430</speed><sat>23</sat></trkpt>
  <trkpt lat="40.96249760" lon="28.83029490"><ele>51.804</ele><time>2026-10-06T17:54:11Z</time><speed>20.530</speed><sat>23</sat></trkpt>
  <trkpt lat="40.96246694" lon="28.83007001"><ele>50.587</ele><time>2026-10-06T17:54:12Z</time><speed>19.710</speed><sat>25</sat></trkpt>
  <trkpt lat="40.96244394" lon="28.82984638"><ele>50.906</ele><time>2026-10-06T17:54:13Z</time><speed>19.310</speed><sat>25</sat></trkpt>
  <trkpt lat="40.96242202" lon="28.82962825"><ele>52.503</ele><time>2026-10-06T17:54:14Z</time><speed>18.550</speed><sat>26</sat></trkpt>
  <trkpt lat="40.96241705" lon="28.82941585"><ele>50.125</ele><time>2026-10-06T17:54:15Z</time><speed>18.420</speed><sat>27</sat></trkpt>
  <trkpt lat="40.96241803" lon="28.82919853"><ele>47.762</ele><time>2026-10-06T17:54:16Z</time><speed>18.120</speed><sat>27</sat></trkpt>
  <trkpt lat="40.96240791" lon="28.82899538"><ele>46.464</ele><time>2026-10-06T17:54:17Z</time><speed>17.580</speed><sat>28</sat></trkpt>
  <trkpt lat="40.96241463" lon="28.82877768"><ele>46.983</ele><time>2026-10-06T17:54:18Z</time><speed>17.850</speed><sat>26</sat></trkpt>
  <trkpt lat="40.96242121" lon="28.82859134"><ele>45.436</ele><time>2026-10-06T17:54:19Z</time><speed>17.080</speed><sat>26</sat></trkpt>
  <trkpt lat="40.96244203" lon="28.82838359"><ele>45.320</ele><time>2026-10-06T17:54:20Z</time><speed>17.220</speed><sat>26</sat></trkpt>
  <trkpt lat="40.96245070" lon="28.82818523"><ele>45.705</ele><time>2026-10-06T17:54:21Z</time><speed>16.810</speed><sat>26</sat></trkpt>
  <trkpt lat="40.96245721" lon="28.82799024"><ele>46.679</ele><time>2026-10-06T17:54:22Z</time><speed>16.570</speed><sat>26</sat></trkpt>
  <trkpt lat="40.96246521" lon="28.82780314"><ele>45.567</ele><time>2026-10-06T17:54:23Z</time><speed>16.570</speed><sat>23</sat></trkpt>
  <trkpt lat="40.96250077" lon="28.82761552"><ele>45.700</ele><time>2026-10-06T17:54:24Z</time><speed>16.600</speed><sat>26</sat></trkpt>
  <trkpt lat="40.96252203" lon="28.82742455"><ele>44.622</ele><time>2026-10-06T17:54:25Z</time><speed>16.530</speed><sat>27</sat></trkpt>
  <trkpt lat="40.96253383" lon="28.82723197"><ele>44.942</ele><time>2026-10-06T17:54:26Z</time><speed>16.270</speed><sat>27</sat></trkpt>
  <trkpt lat="40.96255235" lon="28.82704506"><ele>44.051</ele><time>2026-10-06T17:54:27Z</time><speed>15.930</speed><sat>28</sat></trkpt>
  <trkpt lat="40.96256143" lon="28.82686082"><ele>43.427</ele><time>2026-10-06T17:54:28Z</time><speed>15.520</speed><sat>28</sat></trkpt>
  <trkpt lat="40.96257712" lon="28.82667189"><ele>43.229</ele><time>2026-10-06T17:54:29Z</time><speed>14.960</speed><sat>27</sat></trkpt>
  <trkpt lat="40.96259136" lon="28.82650713"><ele>41.641</ele><time>2026-10-06T17:54:30Z</time><speed>14.500</speed><sat>28</sat></trkpt>
  <trkpt lat="40.96261008" lon="28.82633336"><ele>41.790</ele><time>2026-10-06T17:54:31Z</time><speed>14.200</speed><sat>26</sat></trkpt>
  <trkpt lat="40.96262549" lon="28.82617184"><ele>41.888</ele><time>2026-10-06T17:54:32Z</time><speed>13.460</speed><sat>25</sat></trkpt>
  <trkpt lat="40.96264072" lon="28.82601398"><ele>41.594</ele><time>2026-10-06T17:54:33Z</time><speed>12.920</speed><sat>24</sat></trkpt>
  <trkpt lat="40.96266051" lon="28.82587027"><ele>41.326</ele><time>2026-10-06T17:54:34Z</time><speed>12.670</speed><sat>25</sat></trkpt>
  <trkpt lat="40.96267370" lon="28.82572321"><ele>42.354</ele><time>2026-10-06T17:54:35Z</time><speed>12.280</speed><sat>25</sat></trkpt>
  <trkpt lat="40.96269241" lon="28.82558557"><ele>43.581</ele><time>2026-10-06T17:54:36Z</time><speed>11.820</speed><sat>24</sat></trkpt>
  <trkpt lat="40.96270781" lon="28.82545798"><ele>44.980</ele><time>2026-10-06T17:54:37Z</time><speed>11.200</speed><sat>26</sat></trkpt>
  <trkpt lat="40.96272157" lon="28.82531744"><ele>44.522</ele><time>2026-10-06T17:54:38Z</time><speed>11.370</speed><sat>25</sat></trkpt>
  <trkpt lat="40.96273508" lon="28.82518807"><ele>45.054</ele><time>2026-10-06T17:54:39Z</time><speed>11.390</speed><sat>24</sat></trkpt>
  <trkpt lat="40.96274491" lon="28.82509152"><ele>44.815</ele><time>2026-10-06T17:54:40Z</time><speed>9.640</speed><sat>22</sat></trkpt>
  <trkpt lat="40.96274924" lon="28.82499651"><ele>46.140</ele><time>2026-10-06T17:54:41Z</time><speed>9.000</speed><sat>21</sat></trkpt>
  <trkpt lat="40.96275524" lon="28.82488444"><ele>46.133</ele><time>2026-10-06T17:54:42Z</time><speed>8.330</speed><sat>20</sat></trkpt>
  <trkpt lat="40.96276067" lon="28.82479409"><ele>46.093</ele><time>2026-10-06T17:54:43Z</time><speed>7.770</speed><sat>17</sat></trkpt>
  <trkpt lat="40.96276034" lon="28.82471099"><ele>46.929</ele><time>2026-10-06T17:54:44Z</time><speed>7.340</speed><sat>16</sat></trkpt>
  <trkpt lat="40.96276639" lon="28.82464278"><ele>45.947</ele><time>2026-10-06T17:54:45Z</time><speed>6.680</speed><sat>16</sat></trkpt>
  <trkpt lat="40.96278058" lon="28.82458778"><ele>43.742</ele><time>2026-10-06T17:54:46Z</time><speed>6.010</speed><sat>17</sat></trkpt>
  <trkpt lat="40.96278405" lon="28.82451986"><ele>43.208</ele><time>2026-10-06T17:54:47Z</time><speed>5.310</speed><sat>18</sat></trkpt>
  <trkpt lat="40.96279641" lon="28.82447754"><ele>42.223</ele><time>2026-10-06T17:54:48Z</time><speed>4.630</speed><sat>18</sat></trkpt>
  <trkpt lat="40.96280213" lon="28.82443081"><ele>41.786</ele><time>2026-10-06T17:54:49Z</time><speed>4.210</speed><sat>18</sat></trkpt>
  <trkpt lat="40.96281217" lon="28.82437811"><ele>42.239</ele><time>2026-10-06T17:54:50Z</time><speed>4.260</speed><sat>18</sat></trkpt>
  <trkpt lat="40.96280818" lon="28.82435477"><ele>41.876</ele><time>2026-10-06T17:54:51Z</time><speed>2.840</speed><sat>18</sat></trkpt>
  <trkpt lat="40.96280880" lon="28.82433400"><ele>41.009</ele><time>2026-10-06T17:54:52Z</time><speed>2.060</speed><sat>18</sat></trkpt>
  <trkpt lat="40.96281798" lon="28.82431974"><ele>41.303</ele><time>2026-10-06T17:54:53Z</time><speed>1.370</speed><sat>20</sat></trkpt>
  <trkpt lat="40.96280691" lon="28.82430723"><ele>41.088</ele><time>2026-10-06T17:54:54Z</time><speed>1.100</speed><sat>20</sat></trkpt>
  <trkpt lat="40.96281121" lon="28.82430917"><ele>42.629</ele><time>2026-10-06T17:54:55Z</time><speed>0.190</speed><sat>20</sat></trkpt>
  <trkpt lat="40.96280875" lon="28.82430112"><ele>42.809</ele><time>2026-10-06T17:54:56Z</time><speed>0.370</speed><sat>20</sat></trkpt>
  <trkpt lat="40.96280669" lon="28.82429882"><ele>43.044</ele><time>2026-10-06T17:54:57Z</time><speed>0.240</speed><sat>19</sat></trkpt>
  <trkpt lat="40.96279363" lon="28.82430058"><ele>43.462</ele><time>2026-10-06T17:54:58Z</time><speed>0.350</speed><sat>21</sat></trkpt>
  <trkpt lat="40.96278234" lon="28.82429560"><ele>42.943</ele><time>2026-10-06T17:54:59Z</time><speed>0.200</speed><sat>24</sat></trkpt>
  <trkpt lat="40.96277213" lon="28.82429365"><ele>41.427</ele><time>2026-10-06T17:55:00Z</time><speed>0.540</speed><sat>27</sat></trkpt>
  <trkpt lat="40.96276173" lon="28.82429552"><ele>41.764</ele><time>2026-10-06T17:55:01Z</time><speed>0.600</speed><sat>29</sat></trkpt>
  <trkpt lat="40.96275620" lon="28.82430272"><ele>41.065</ele><time>2026-10-06T17:55:02Z</time><speed>0.870</speed><sat>30</sat></trkpt>
  <trkpt lat="40.96275365" lon="28.82431079"><ele>40.031</ele><time>2026-10-06T17:55:03Z</time><speed>0.370</speed><sat>30</sat></trkpt>
  <trkpt lat="40.96275582" lon="28.82432196"><ele>40.215</ele><time>2026-10-06T17:55:04Z</time><speed>1.260</speed><sat>30</sat></trkpt>
  <trkpt lat="40.96275847" lon="28.82433280"><ele>39.084</ele><time>2026-10-06T17:55:05Z</time><speed>0.730</speed><sat>30</sat></trkpt>
  <trkpt lat="40.96275566" lon="28.82434931"><ele>39.365</ele><time>2026-10-06T17:55:06Z</time><speed>1.810</speed><sat>29</sat></trkpt>
  <trkpt lat="40.96274473" lon="28.82436812"><ele>38.614</ele><time>2026-10-06T17:55:07Z</time><speed>1.360</speed><sat>29</sat></trkpt>
  <trkpt lat="40.96273159" lon="28.82438411"><ele>37.056</ele><time>2026-10-06T17:55:08Z</time><speed>1.180</speed><sat>30</sat></trkpt>
  <trkpt lat="40.96272165" lon="28.82439711"><ele>34.904</ele><time>2026-10-06T17:55:09Z</time><speed>0.980</speed><sat>31</sat></trkpt>
  <trkpt lat="40.96271551" lon="28.82440919"><ele>35.786</ele><time>2026-10-06T17:55:10Z</time><speed>0.580</speed><sat>31</sat></trkpt>
  <trkpt lat="40.96271105" lon="28.82441646"><ele>35.732</ele><time>2026-10-06T17:55:11Z</time><speed>0.370</speed><sat>32</sat></trkpt>
  <trkpt lat="40.96270668" lon="28.82442906"><ele>36.610</ele><time>2026-10-06T17:55:12Z</time><speed>0.540</speed><sat>32</sat></trkpt>
  <trkpt lat="40.96270314" lon="28.82443973"><ele>36.477</ele><time>2026-10-06T17:55:13Z</time><speed>0.150</speed><sat>32</sat></trkpt>
  <trkpt lat="40.96270030" lon="28.82445774"><ele>36.436</ele><time>2026-10-06T17:55:14Z</time><speed>0.000</speed><sat>32</sat></trkpt>
  <trkpt lat="40.96270073" lon="28.82446799"><ele>36.340</ele><time>2026-10-06T17:55:15Z</time><speed>0.000</speed><sat>32</sat></trkpt>
  <trkpt lat="40.96270098" lon="28.82447329"><ele>36.503</ele><time>2026-10-06T17:55:16Z</time><speed>0.000</speed><sat>32</sat></trkpt>
  <trkpt lat="40.96270103" lon="28.82447650"><ele>36.480</ele><time>2026-10-06T17:55:17Z</time><speed>0.000</speed><sat>32</sat></trkpt>
  <trkpt lat="40.96270107" lon="28.82447868"><ele>36.756</ele><time>2026-10-06T17:55:18Z</time><speed>0.000</speed><sat>32</sat></trkpt>
  <trkpt lat="40.96270073" lon="28.82448024"><ele>36.810</ele><time>2026-10-06T17:55:19Z</time><speed>0.000</speed><sat>32</sat></trkpt>
  <trkpt lat="40.96270051" lon="28.82448112"><ele>36.823</ele><time>2026-10-06T17:55:20Z</time><speed>0.000</speed><sat>31</sat></trkpt>
  <trkpt lat="40.96270035" lon="28.82448185"><ele>36.806</ele><time>2026-10-06T17:55:21Z</time><speed>0.000</speed><sat>28</sat></trkpt>
  <trkpt lat="40.96270028" lon="28.82448226"><ele>36.806</ele><time>2026-10-06T17:55:22Z</time><speed>0.000</speed><sat>26</sat></trkpt>
  <trkpt lat="40.96270031" lon="28.82448250"><ele>36.806</ele><time>2026-10-06T17:55:23Z</time><speed>0.000</speed><sat>26</sat></trkpt>
  <trkpt lat="40.96270011" lon="28.82448269"><ele>36.823</ele><time>2026-10-06T17:55:24Z</time><speed>0.000</speed><sat>23</sat></trkpt>
  <trkpt lat="40.96270001" lon="28.82448278"><ele>36.818</ele><time>2026-10-06T17:55:25Z</time><speed>0.000</speed><sat>20</sat></trkpt>
  <trkpt lat="40.96269983" lon="28.82448344"><ele>36.824</ele><time>2026-10-06T17:55:26Z</time><speed>0.000</speed><sat>16</sat></trkpt>
  <trkpt lat="40.96269974" lon="28.82448378"><ele>36.823</ele><time>2026-10-06T17:55:27Z</time><speed>0.000</speed><sat>18</sat></trkpt>
  <trkpt lat="40.96269969" lon="28.82448396"><ele>36.822</ele><time>2026-10-06T17:55:28Z</time><speed>0.000</speed><sat>14</sat></trkpt>
  <trkpt lat="40.96269964" lon="28.82448408"><ele>36.820</ele><time>2026-10-06T17:55:29Z</time><speed>0.000</speed><sat>10</sat></trkpt>
  <trkpt lat="40.96269961" lon="28.82448413"><ele>36.817</ele><time>2026-10-06T17:55:30Z</time><speed>0.000</speed><sat>12</sat></trkpt>
  <trkpt lat="40.96269960" lon="28.82448415"><ele>36.812</ele><time>2026-10-06T17:55:31Z</time><speed>0.000</speed><sat>12</sat></trkpt>
  <trkpt lat="40.96269959" lon="28.82448418"><ele>36.813</ele><time>2026-10-06T17:55:32Z</time><speed>0.000</speed><sat>13</sat></trkpt>
  <trkpt lat="40.96269630" lon="28.82450302"><ele>36.852</ele><time>2026-10-06T17:55:33Z</time><speed>3.020</speed><sat>10</sat></trkpt>
  <trkpt lat="40.96268702" lon="28.82454479"><ele>37.051</ele><time>2026-10-06T17:55:34Z</time><speed>4.640</speed><sat>13</sat></trkpt>
  <trkpt lat="40.96267649" lon="28.82459274"><ele>37.048</ele><time>2026-10-06T17:55:35Z</time><speed>4.640</speed><sat>16</sat></trkpt>
  <trkpt lat="40.96266805" lon="28.82462898"><ele>37.041</ele><time>2026-10-06T17:55:36Z</time><speed>2.950</speed><sat>13</sat></trkpt>
  <trkpt lat="40.96265647" lon="28.82465377"><ele>37.281</ele><time>2026-10-06T17:55:37Z</time><speed>2.920</speed><sat>12</sat></trkpt>
  <trkpt lat="40.96264449" lon="28.82467951"><ele>37.278</ele><time>2026-10-06T17:55:38Z</time><speed>2.910</speed><sat>11</sat></trkpt>
  <trkpt lat="40.96262923" lon="28.82476026"><ele>37.274</ele><time>2026-10-06T17:55:39Z</time><speed>4.970</speed><sat>10</sat></trkpt>
  <trkpt lat="40.96232636" lon="28.82473974"><ele>47.228</ele><time>2026-10-06T17:56:37Z</time><speed>0.860</speed><sat>14</sat></trkpt>
  <trkpt lat="40.96231096" lon="28.82475250"><ele>48.895</ele><time>2026-10-06T17:56:38Z</time><speed>0.520</speed><sat>27</sat></trkpt>
  <trkpt lat="40.96230231" lon="28.82475850"><ele>50.546</ele><time>2026-10-06T17:56:39Z</time><speed>0.000</speed><sat>27</sat></trkpt>
  <trkpt lat="40.96229388" lon="28.82476163"><ele>51.868</ele><time>2026-10-06T17:56:40Z</time><speed>0.000</speed><sat>27</sat></trkpt>
  <trkpt lat="40.96228713" lon="28.82476850"><ele>51.863</ele><time>2026-10-06T17:56:41Z</time><speed>0.370</speed><sat>27</sat></trkpt>
  <trkpt lat="40.96228133" lon="28.82477731"><ele>51.938</ele><time>2026-10-06T17:56:42Z</time><speed>0.360</speed><sat>27</sat></trkpt>
  <trkpt lat="40.96227944" lon="28.82478626"><ele>52.845</ele><time>2026-10-06T17:56:43Z</time><speed>0.630</speed><sat>27</sat></trkpt>
  <trkpt lat="40.96227910" lon="28.82479820"><ele>52.483</ele><time>2026-10-06T17:56:44Z</time><speed>0.660</speed><sat>21</sat></trkpt>
  <trkpt lat="40.96227164" lon="28.82481265"><ele>52.899</ele><time>2026-10-06T17:56:45Z</time><speed>1.450</speed><sat>21</sat></trkpt>
  <trkpt lat="40.96226111" lon="28.82482981"><ele>52.759</ele><time>2026-10-06T17:56:46Z</time><speed>1.130</speed><sat>21</sat></trkpt>
  <trkpt lat="40.96225380" lon="28.82483463"><ele>52.359</ele><time>2026-10-06T17:56:47Z</time><speed>0.530</speed><sat>20</sat></trkpt>
  <trkpt lat="40.96224260" lon="28.82483344"><ele>54.076</ele><time>2026-10-06T17:56:48Z</time><speed>1.080</speed><sat>21</sat></trkpt>
  <trkpt lat="40.96222630" lon="28.82483090"><ele>52.931</ele><time>2026-10-06T17:56:49Z</time><speed>1.380</speed><sat>22</sat></trkpt>
  <trkpt lat="40.96221425" lon="28.82483457"><ele>52.469</ele><time>2026-10-06T17:56:50Z</time><speed>1.170</speed><sat>23</sat></trkpt>
  <trkpt lat="40.96220656" lon="28.82484228"><ele>53.683</ele><time>2026-10-06T17:56:51Z</time><speed>0.600</speed><sat>23</sat></trkpt>
  <trkpt lat="40.96219980" lon="28.82485244"><ele>52.836</ele><time>2026-10-06T17:56:52Z</time><speed>0.810</speed><sat>23</sat></trkpt>
  <trkpt lat="40.96219384" lon="28.82486531"><ele>53.110</ele><time>2026-10-06T17:56:53Z</time><speed>0.440</speed><sat>23</sat></trkpt>
  <trkpt lat="40.96218368" lon="28.82488026"><ele>53.171</ele><time>2026-10-06T17:56:54Z</time><speed>1.660</speed><sat>23</sat></trkpt>
  <trkpt lat="40.96217661" lon="28.82489308"><ele>52.483</ele><time>2026-10-06T17:56:55Z</time><speed>0.390</speed><sat>23</sat></trkpt>
  <trkpt lat="40.96217410" lon="28.82489933"><ele>54.349</ele><time>2026-10-06T17:56:56Z</time><speed>0.560</speed><sat>23</sat></trkpt>
  <trkpt lat="40.96217185" lon="28.82490336"><ele>54.685</ele><time>2026-10-06T17:56:57Z</time><speed>0.260</speed><sat>23</sat></trkpt>
  <trkpt lat="40.96216818" lon="28.82490471"><ele>54.297</ele><time>2026-10-06T17:56:58Z</time><speed>0.530</speed><sat>23</sat></trkpt>
  <trkpt lat="40.96216406" lon="28.82490498"><ele>55.659</ele><time>2026-10-06T17:56:59Z</time><speed>0.320</speed><sat>23</sat></trkpt>
  <trkpt lat="40.96216209" lon="28.82490088"><ele>56.655</ele><time>2026-10-06T17:57:00Z</time><speed>0.710</speed><sat>23</sat></trkpt>
  <trkpt lat="40.96216314" lon="28.82489778"><ele>55.904</ele><time>2026-10-06T17:57:01Z</time><speed>0.230</speed><sat>23</sat></trkpt>
  <trkpt lat="40.96217301" lon="28.82489927"><ele>55.701</ele><time>2026-10-06T17:57:02Z</time><speed>0.000</speed><sat>24</sat></trkpt>
  <trkpt lat="40.96217876" lon="28.82489810"><ele>56.115</ele><time>2026-10-06T17:57:03Z</time><speed>0.350</speed><sat>22</sat></trkpt>
  <trkpt lat="40.96218719" lon="28.82489811"><ele>56.757</ele><time>2026-10-06T17:57:04Z</time><speed>0.860</speed><sat>23</sat></trkpt>
  <trkpt lat="40.96220011" lon="28.82490339"><ele>56.766</ele><time>2026-10-06T17:57:05Z</time><speed>1.060</speed><sat>23</sat></trkpt>
  <trkpt lat="40.96221347" lon="28.82491330"><ele>56.319</ele><time>2026-10-06T17:57:06Z</time><speed>1.060</speed><sat>23</sat></trkpt>
  <trkpt lat="40.96222607" lon="28.82492971"><ele>57.214</ele><time>2026-10-06T17:57:07Z</time><speed>1.310</speed><sat>26</sat></trkpt>
  <trkpt lat="40.96223714" lon="28.82494959"><ele>56.832</ele><time>2026-10-06T17:57:08Z</time><speed>1.270</speed><sat>27</sat></trkpt>
  <trkpt lat="40.96224741" lon="28.82496817"><ele>57.920</ele><time>2026-10-06T17:57:09Z</time><speed>1.030</speed><sat>28</sat></trkpt>
  <trkpt lat="40.96225401" lon="28.82498243"><ele>57.432</ele><time>2026-10-06T17:57:10Z</time><speed>0.650</speed><sat>29</sat></trkpt>
  <trkpt lat="40.96225665" lon="28.82499077"><ele>56.394</ele><time>2026-10-06T17:57:11Z</time><speed>0.330</speed><sat>29</sat></trkpt>
  <trkpt lat="40.96225824" lon="28.82499808"><ele>56.511</ele><time>2026-10-06T17:57:12Z</time><speed>0.420</speed><sat>29</sat></trkpt>
  <trkpt lat="40.96225914" lon="28.82500300"><ele>56.053</ele><time>2026-10-06T17:57:13Z</time><speed>0.350</speed><sat>28</sat></trkpt>
  <trkpt lat="40.96226113" lon="28.82500642"><ele>56.663</ele><time>2026-10-06T17:57:14Z</time><speed>0.430</speed><sat>28</sat></trkpt>
  <trkpt lat="40.96226040" lon="28.82500217"><ele>56.909</ele><time>2026-10-06T17:57:15Z</time><speed>1.080</speed><sat>27</sat></trkpt>
  <trkpt lat="40.96225506" lon="28.82500738"><ele>57.003</ele><time>2026-10-06T17:57:16Z</time><speed>0.000</speed><sat>27</sat></trkpt>
  <trkpt lat="40.96225211" lon="28.82501320"><ele>57.091</ele><time>2026-10-06T17:57:17Z</time><speed>0.000</speed><sat>29</sat></trkpt>
  <trkpt lat="40.96225066" lon="28.82501611"><ele>57.085</ele><time>2026-10-06T17:57:18Z</time><speed>0.000</speed><sat>30</sat></trkpt>
  <trkpt lat="40.96224993" lon="28.82501760"><ele>57.099</ele><time>2026-10-06T17:57:19Z</time><speed>0.000</speed><sat>30</sat></trkpt>
  <trkpt lat="40.96224956" lon="28.82501836"><ele>57.099</ele><time>2026-10-06T17:57:20Z</time><speed>0.000</speed><sat>30</sat></trkpt>
  <trkpt lat="40.96224938" lon="28.82501875"><ele>57.106</ele><time>2026-10-06T17:57:21Z</time><speed>0.000</speed><sat>30</sat></trkpt>
  <trkpt lat="40.96224930" lon="28.82501900"><ele>57.111</ele><time>2026-10-06T17:57:22Z</time><speed>0.000</speed><sat>29</sat></trkpt>
  <trkpt lat="40.96224927" lon="28.82501916"><ele>57.116</ele><time>2026-10-06T17:57:23Z</time><speed>0.000</speed><sat>28</sat></trkpt>
  <trkpt lat="40.96224618" lon="28.82501856"><ele>57.349</ele><time>2026-10-06T17:57:24Z</time><speed>0.560</speed><sat>28</sat></trkpt>
  <trkpt lat="40.96224434" lon="28.82501861"><ele>58.011</ele><time>2026-10-06T17:57:25Z</time><speed>0.000</speed><sat>28</sat></trkpt>
  <trkpt lat="40.96224432" lon="28.82501804"><ele>56.819</ele><time>2026-10-06T17:57:26Z</time><speed>0.250</speed><sat>28</sat></trkpt>
  <trkpt lat="40.96224900" lon="28.82501471"><ele>56.422</ele><time>2026-10-06T17:57:27Z</time><speed>0.000</speed><sat>29</sat></trkpt>
  <trkpt lat="40.96224861" lon="28.82501019"><ele>55.698</ele><time>2026-10-06T17:57:28Z</time><speed>0.190</speed><sat>29</sat></trkpt>
  <trkpt lat="40.96224449" lon="28.82500147"><ele>56.181</ele><time>2026-10-06T17:57:29Z</time><speed>0.000</speed><sat>28</sat></trkpt>
  <trkpt lat="40.96224238" lon="28.82499743"><ele>56.106</ele><time>2026-10-06T17:57:30Z</time><speed>0.000</speed><sat>29</sat></trkpt>
  <trkpt lat="40.96224129" lon="28.82499532"><ele>56.096</ele><time>2026-10-06T17:57:31Z</time><speed>0.000</speed><sat>29</sat></trkpt>
  <trkpt lat="40.96224073" lon="28.82499423"><ele>56.105</ele><time>2026-10-06T17:57:32Z</time><speed>0.000</speed><sat>29</sat></trkpt>
  <trkpt lat="40.96224040" lon="28.82499369"><ele>56.119</ele><time>2026-10-06T17:57:33Z</time><speed>0.000</speed><sat>29</sat></trkpt>
  <trkpt lat="40.96223672" lon="28.82498936"><ele>55.924</ele><time>2026-10-06T17:57:34Z</time><speed>0.410</speed><sat>29</sat></trkpt>
  <trkpt lat="40.96223139" lon="28.82498593"><ele>55.785</ele><time>2026-10-06T17:57:35Z</time><speed>0.350</speed><sat>29</sat></trkpt>
  <trkpt lat="40.96222798" lon="28.82498461"><ele>56.020</ele><time>2026-10-06T17:57:36Z</time><speed>0.000</speed><sat>29</sat></trkpt>
  <trkpt lat="40.96222142" lon="28.82498161"><ele>56.252</ele><time>2026-10-06T17:57:37Z</time><speed>0.000</speed><sat>30</sat></trkpt>
  <trkpt lat="40.96221805" lon="28.82498003"><ele>56.287</ele><time>2026-10-06T17:57:38Z</time><speed>0.000</speed><sat>30</sat></trkpt>
  <trkpt lat="40.96221627" lon="28.82497918"><ele>56.307</ele><time>2026-10-06T17:57:39Z</time><speed>0.000</speed><sat>30</sat></trkpt>
  <trkpt lat="40.96221528" lon="28.82497868"><ele>56.326</ele><time>2026-10-06T17:57:40Z</time><speed>0.000</speed><sat>29</sat></trkpt>
  <trkpt lat="40.96221471" lon="28.82497833"><ele>56.349</ele><time>2026-10-06T17:57:41Z</time><speed>0.000</speed><sat>29</sat></trkpt>
  <trkpt lat="40.96221438" lon="28.82497811"><ele>56.374</ele><time>2026-10-06T17:57:42Z</time><speed>0.000</speed><sat>28</sat></trkpt>
  <trkpt lat="40.96221414" lon="28.82497799"><ele>56.393</ele><time>2026-10-06T17:57:43Z</time><speed>0.000</speed><sat>29</sat></trkpt>
  <trkpt lat="40.96221396" lon="28.82497786"><ele>56.425</ele><time>2026-10-06T17:57:44Z</time><speed>0.000</speed><sat>29</sat></trkpt>
  <trkpt lat="40.96221382" lon="28.82497775"><ele>56.449</ele><time>2026-10-06T17:57:45Z</time><speed>0.000</speed><sat>29</sat></trkpt>
  <trkpt lat="40.96221367" lon="28.82497760"><ele>56.477</ele><time>2026-10-06T17:57:46Z</time><speed>0.000</speed><sat>30</sat></trkpt>
  <trkpt lat="40.96221355" lon="28.82497747"><ele>56.496</ele><time>2026-10-06T17:57:47Z</time><speed>0.000</speed><sat>30</sat></trkpt>
  <trkpt lat="40.96221340" lon="28.82497732"><ele>56.527</ele><time>2026-10-06T17:57:48Z</time><speed>0.000</speed><sat>30</sat></trkpt>
  <trkpt lat="40.96221324" lon="28.82497720"><ele>56.557</ele><time>2026-10-06T17:57:49Z</time><speed>0.000</speed><sat>30</sat></trkpt>
  <trkpt lat="40.96221310" lon="28.82497710"><ele>56.585</ele><time>2026-10-06T17:57:50Z</time><speed>0.000</speed><sat>30</sat></trkpt>
  <trkpt lat="40.96221265" lon="28.82497662"><ele>56.453</ele><time>2026-10-06T17:57:51Z</time><speed>0.250</speed><sat>29</sat></trkpt>
  <trkpt lat="40.96221502" lon="28.82497367"><ele>56.218</ele><time>2026-10-06T17:57:52Z</time><speed>0.510</speed><sat>29</sat></trkpt>
  <trkpt lat="40.96221808" lon="28.82497254"><ele>55.574</ele><time>2026-10-06T17:57:53Z</time><speed>0.160</speed><sat>29</sat></trkpt>
  <trkpt lat="40.96221916" lon="28.82498149"><ele>55.685</ele><time>2026-10-06T17:57:54Z</time><speed>0.000</speed><sat>29</sat></trkpt>
  <trkpt lat="40.96221470" lon="28.82498355"><ele>57.163</ele><time>2026-10-06T17:57:55Z</time><speed>0.600</speed><sat>29</sat></trkpt>
  <trkpt lat="40.96221320" lon="28.82497664"><ele>57.347</ele><time>2026-10-06T17:57:56Z</time><speed>0.480</speed><sat>29</sat></trkpt>
  <trkpt lat="40.96221355" lon="28.82497321"><ele>57.829</ele><time>2026-10-06T17:57:57Z</time><speed>0.190</speed><sat>30</sat></trkpt>
  <trkpt lat="40.96221854" lon="28.82496791"><ele>57.639</ele><time>2026-10-06T17:57:58Z</time><speed>0.570</speed><sat>30</sat></trkpt>
  <trkpt lat="40.96222392" lon="28.82496025"><ele>58.104</ele><time>2026-10-06T17:57:59Z</time><speed>0.580</speed><sat>30</sat></trkpt>
  <trkpt lat="40.96222665" lon="28.82495460"><ele>57.203</ele><time>2026-10-06T17:58:00Z</time><speed>0.380</speed><sat>30</sat></trkpt>
  <trkpt lat="40.96222702" lon="28.82495163"><ele>56.121</ele><time>2026-10-06T17:58:01Z</time><speed>0.220</speed><sat>30</sat></trkpt>
  <trkpt lat="40.96222373" lon="28.82494944"><ele>54.789</ele><time>2026-10-06T17:58:02Z</time><speed>0.150</speed><sat>30</sat></trkpt>
  <trkpt lat="40.96221436" lon="28.82494857"><ele>54.450</ele><time>2026-10-06T17:58:03Z</time><speed>0.000</speed><sat>30</sat></trkpt>
  <trkpt lat="40.96220999" lon="28.82494879"><ele>54.409</ele><time>2026-10-06T17:58:04Z</time><speed>0.000</speed><sat>30</sat></trkpt>
  <trkpt lat="40.96220745" lon="28.82495037"><ele>54.117</ele><time>2026-10-06T17:58:05Z</time><speed>0.370</speed><sat>30</sat></trkpt>
  <trkpt lat="40.96220460" lon="28.82495368"><ele>54.231</ele><time>2026-10-06T17:58:06Z</time><speed>0.000</speed><sat>30</sat></trkpt>
  <trkpt lat="40.96220129" lon="28.82495902"><ele>54.298</ele><time>2026-10-06T17:58:07Z</time><speed>0.690</speed><sat>30</sat></trkpt>
  <trkpt lat="40.96220122" lon="28.82496951"><ele>52.842</ele><time>2026-10-06T17:58:08Z</time><speed>0.710</speed><sat>30</sat></trkpt>
  <trkpt lat="40.96220248" lon="28.82497956"><ele>51.667</ele><time>2026-10-06T17:58:09Z</time><speed>0.510</speed><sat>30</sat></trkpt>
  <trkpt lat="40.96220659" lon="28.82499014"><ele>52.680</ele><time>2026-10-06T17:58:10Z</time><speed>0.890</speed><sat>29</sat></trkpt>
  <trkpt lat="40.96221426" lon="28.82500019"><ele>52.824</ele><time>2026-10-06T17:58:11Z</time><speed>0.740</speed><sat>28</sat></trkpt>
  <trkpt lat="40.96222240" lon="28.82501020"><ele>51.782</ele><time>2026-10-06T17:58:12Z</time><speed>0.980</speed><sat>28</sat></trkpt>
  <trkpt lat="40.96222963" lon="28.82502003"><ele>51.458</ele><time>2026-10-06T17:58:13Z</time><speed>0.780</speed><sat>28</sat></trkpt>
  <trkpt lat="40.96224000" lon="28.82502525"><ele>51.218</ele><time>2026-10-06T17:58:14Z</time><speed>1.020</speed><sat>28</sat></trkpt>
  <trkpt lat="40.96225790" lon="28.82502259"><ele>52.458</ele><time>2026-10-06T17:58:15Z</time><speed>1.800</speed><sat>28</sat></trkpt>
  <trkpt lat="40.96227422" lon="28.82501795"><ele>53.122</ele><time>2026-10-06T17:58:16Z</time><speed>0.880</speed><sat>29</sat></trkpt>
  <trkpt lat="40.96228452" lon="28.82501580"><ele>53.788</ele><time>2026-10-06T17:58:17Z</time><speed>0.680</speed><sat>29</sat></trkpt>
  <trkpt lat="40.96229223" lon="28.82501820"><ele>54.254</ele><time>2026-10-06T17:58:18Z</time><speed>0.550</speed><sat>29</sat></trkpt>
  <trkpt lat="40.96229726" lon="28.82502183"><ele>55.948</ele><time>2026-10-06T17:58:19Z</time><speed>0.000</speed><sat>29</sat></trkpt>
  <trkpt lat="40.96230110" lon="28.82502700"><ele>56.736</ele><time>2026-10-06T17:58:20Z</time><speed>0.440</speed><sat>29</sat></trkpt>
  <trkpt lat="40.96230908" lon="28.82503299"><ele>55.729</ele><time>2026-10-06T17:58:21Z</time><speed>0.840</speed><sat>29</sat></trkpt>
  <trkpt lat="40.96231662" lon="28.82503526"><ele>56.489</ele><time>2026-10-06T17:58:22Z</time><speed>0.260</speed><sat>29</sat></trkpt>
  <trkpt lat="40.96232086" lon="28.82503432"><ele>57.844</ele><time>2026-10-06T17:58:23Z</time><speed>0.000</speed><sat>29</sat></trkpt>
  <trkpt lat="40.96232599" lon="28.82503049"><ele>59.194</ele><time>2026-10-06T17:58:24Z</time><speed>0.560</speed><sat>30</sat></trkpt>
  <trkpt lat="40.96232918" lon="28.82502511"><ele>59.716</ele><time>2026-10-06T17:58:25Z</time><speed>0.540</speed><sat>30</sat></trkpt>
  <trkpt lat="40.96233409" lon="28.82502545"><ele>59.592</ele><time>2026-10-06T17:58:26Z</time><speed>0.000</speed><sat>30</sat></trkpt>
  <trkpt lat="40.96233664" lon="28.82502722"><ele>59.593</ele><time>2026-10-06T17:58:27Z</time><speed>0.000</speed><sat>30</sat></trkpt>
  <trkpt lat="40.96233791" lon="28.82502807"><ele>59.592</ele><time>2026-10-06T17:58:28Z</time><speed>0.000</speed><sat>29</sat></trkpt>
  <trkpt lat="40.96233246" lon="28.82503516"><ele>59.572</ele><time>2026-10-06T17:58:29Z</time><speed>1.340</speed><sat>30</sat></trkpt>
  <trkpt lat="40.96232817" lon="28.82504084"><ele>59.181</ele><time>2026-10-06T17:58:30Z</time><speed>0.420</speed><sat>27</sat></trkpt>
  <trkpt lat="40.96232724" lon="28.82504164"><ele>58.835</ele><time>2026-10-06T17:58:31Z</time><speed>0.790</speed><sat>27</sat></trkpt>
  <trkpt lat="40.96233055" lon="28.82503103"><ele>59.193</ele><time>2026-10-06T17:58:32Z</time><speed>1.420</speed><sat>27</sat></trkpt>
  <trkpt lat="40.96233648" lon="28.82501716"><ele>60.599</ele><time>2026-10-06T17:58:33Z</time><speed>0.510</speed><sat>27</sat></trkpt>
  <trkpt lat="40.96234111" lon="28.82501073"><ele>60.654</ele><time>2026-10-06T17:58:34Z</time><speed>0.440</speed><sat>25</sat></trkpt>
  <trkpt lat="40.96234537" lon="28.82500893"><ele>60.567</ele><time>2026-10-06T17:58:35Z</time><speed>0.240</speed><sat>23</sat></trkpt>
  <trkpt lat="40.96235275" lon="28.82500600"><ele>61.081</ele><time>2026-10-06T17:58:36Z</time><speed>0.530</speed><sat>24</sat></trkpt>
  <trkpt lat="40.96236245" lon="28.82500409"><ele>61.136</ele><time>2026-10-06T17:58:37Z</time><speed>0.710</speed><sat>24</sat></trkpt>
  <trkpt lat="40.96237612" lon="28.82499887"><ele>61.331</ele><time>2026-10-06T17:58:38Z</time><speed>1.080</speed><sat>24</sat></trkpt>
  <trkpt lat="40.96238662" lon="28.82499356"><ele>61.329</ele><time>2026-10-06T17:58:39Z</time><speed>0.580</speed><sat>24</sat></trkpt>
  <trkpt lat="40.96240272" lon="28.82499385"><ele>61.229</ele><time>2026-10-06T17:58:40Z</time><speed>1.720</speed><sat>24</sat></trkpt>
  <trkpt lat="40.96241075" lon="28.82499293"><ele>60.506</ele><time>2026-10-06T17:58:41Z</time><speed>0.310</speed><sat>23</sat></trkpt>
  <trkpt lat="40.96240668" lon="28.82499273"><ele>60.092</ele><time>2026-10-06T17:58:42Z</time><speed>0.000</speed><sat>25</sat></trkpt>
  <trkpt lat="40.96240405" lon="28.82499256"><ele>59.985</ele><time>2026-10-06T17:58:43Z</time><speed>0.000</speed><sat>24</sat></trkpt>
  <trkpt lat="40.96240264" lon="28.82499044"><ele>59.294</ele><time>2026-10-06T17:58:44Z</time><speed>0.000</speed><sat>24</sat></trkpt>
  <trkpt lat="40.96240567" lon="28.82497651"><ele>59.546</ele><time>2026-10-06T17:58:45Z</time><speed>1.070</speed><sat>23</sat></trkpt>
  <trkpt lat="40.96240700" lon="28.82495932"><ele>59.362</ele><time>2026-10-06T17:58:46Z</time><speed>1.230</speed><sat>22</sat></trkpt>
  <trkpt lat="40.96240752" lon="28.82493979"><ele>59.237</ele><time>2026-10-06T17:58:47Z</time><speed>1.290</speed><sat>20</sat></trkpt>
  <trkpt lat="40.96240808" lon="28.82492156"><ele>59.867</ele><time>2026-10-06T17:58:48Z</time><speed>0.940</speed><sat>21</sat></trkpt>
  <trkpt lat="40.96240956" lon="28.82490367"><ele>59.483</ele><time>2026-10-06T17:58:49Z</time><speed>1.020</speed><sat>23</sat></trkpt>
  <trkpt lat="40.96240895" lon="28.82489247"><ele>59.965</ele><time>2026-10-06T17:58:50Z</time><speed>0.370</speed><sat>24</sat></trkpt>
  <trkpt lat="40.96240984" lon="28.82488464"><ele>60.183</ele><time>2026-10-06T17:58:51Z</time><speed>0.550</speed><sat>24</sat></trkpt>
  <trkpt lat="40.96241038" lon="28.82487660"><ele>59.555</ele><time>2026-10-06T17:58:52Z</time><speed>0.570</speed><sat>27</sat></trkpt>
  <trkpt lat="40.96241684" lon="28.82488268"><ele>58.075</ele><time>2026-10-06T17:58:53Z</time><speed>0.000</speed><sat>25</sat></trkpt>
  <trkpt lat="40.96240860" lon="28.82488794"><ele>58.403</ele><time>2026-10-06T17:58:54Z</time><speed>0.690</speed><sat>26</sat></trkpt>
  <trkpt lat="40.96240589" lon="28.82489312"><ele>58.223</ele><time>2026-10-06T17:58:55Z</time><speed>0.290</speed><sat>25</sat></trkpt>
  <trkpt lat="40.96240552" lon="28.82490089"><ele>58.534</ele><time>2026-10-06T17:58:56Z</time><speed>0.380</speed><sat>23</sat></trkpt>
  <trkpt lat="40.96240717" lon="28.82490848"><ele>58.555</ele><time>2026-10-06T17:58:57Z</time><speed>0.290</speed><sat>21</sat></trkpt>
  <trkpt lat="40.96241302" lon="28.82491436"><ele>58.551</ele><time>2026-10-06T17:58:58Z</time><speed>0.580</speed><sat>19</sat></trkpt>
  <trkpt lat="40.96241821" lon="28.82491838"><ele>58.660</ele><time>2026-10-06T17:58:59Z</time><speed>0.310</speed><sat>20</sat></trkpt>
  <trkpt lat="40.96242043" lon="28.82492027"><ele>58.360</ele><time>2026-10-06T17:59:00Z</time><speed>0.000</speed><sat>17</sat></trkpt>
  <trkpt lat="40.96242439" lon="28.82492133"><ele>58.427</ele><time>2026-10-06T17:59:01Z</time><speed>0.300</speed><sat>19</sat></trkpt>
  <trkpt lat="40.96242904" lon="28.82492082"><ele>58.112</ele><time>2026-10-06T17:59:02Z</time><speed>0.330</speed><sat>15</sat></trkpt>
  <trkpt lat="40.96243343" lon="28.82491669"><ele>58.100</ele><time>2026-10-06T17:59:03Z</time><speed>0.450</speed><sat>15</sat></trkpt>
  <trkpt lat="40.96244362" lon="28.82490088"><ele>58.179</ele><time>2026-10-06T17:59:04Z</time><speed>1.270</speed><sat>18</sat></trkpt>
  <trkpt lat="40.96244695" lon="28.82489426"><ele>58.125</ele><time>2026-10-06T17:59:05Z</time><speed>0.000</speed><sat>17</sat></trkpt>
  <trkpt lat="40.96244783" lon="28.82489236"><ele>58.184</ele><time>2026-10-06T17:59:06Z</time><speed>0.000</speed><sat>21</sat></trkpt>
  <trkpt lat="40.96244700" lon="28.82489109"><ele>58.116</ele><time>2026-10-06T17:59:07Z</time><speed>0.000</speed><sat>20</sat></trkpt>
  <trkpt lat="40.96244632" lon="28.82489053"><ele>58.028</ele><time>2026-10-06T17:59:08Z</time><speed>0.000</speed><sat>21</sat></trkpt>
  <trkpt lat="40.96244551" lon="28.82489153"><ele>58.016</ele><time>2026-10-06T17:59:09Z</time><speed>0.260</speed><sat>19</sat></trkpt>
  <trkpt lat="40.96244457" lon="28.82489305"><ele>57.953</ele><time>2026-10-06T17:59:10Z</time><speed>0.320</speed><sat>16</sat></trkpt>
  <trkpt lat="40.96244444" lon="28.82488954"><ele>57.506</ele><time>2026-10-06T17:59:11Z</time><speed>0.230</speed><sat>18</sat></trkpt>
  <trkpt lat="40.96244261" lon="28.82488340"><ele>57.417</ele><time>2026-10-06T17:59:12Z</time><speed>0.310</speed><sat>18</sat></trkpt>
  <trkpt lat="40.96244037" lon="28.82487711"><ele>57.403</ele><time>2026-10-06T17:59:13Z</time><speed>0.310</speed><sat>18</sat></trkpt>
  <trkpt lat="40.96243818" lon="28.82487130"><ele>57.393</ele><time>2026-10-06T17:59:14Z</time><speed>0.310</speed><sat>17</sat></trkpt>
  <trkpt lat="40.96243595" lon="28.82486623"><ele>57.383</ele><time>2026-10-06T17:59:15Z</time><speed>0.310</speed><sat>15</sat></trkpt>
  <trkpt lat="40.96243367" lon="28.82486184"><ele>57.373</ele><time>2026-10-06T17:59:16Z</time><speed>0.310</speed><sat>12</sat></trkpt>
  <trkpt lat="40.96243686" lon="28.82483375"><ele>55.122</ele><time>2026-10-06T17:59:17Z</time><speed>0.000</speed><sat>6</sat></trkpt>
  <trkpt lat="40.96240586" lon="28.82482491"><ele>55.041</ele><time>2026-10-06T17:59:18Z</time><speed>1.660</speed><sat>6</sat></trkpt>
  <trkpt lat="40.96239834" lon="28.82480965"><ele>55.003</ele><time>2026-10-06T17:59:19Z</time><speed>1.040</speed><sat>7</sat></trkpt>
  <trkpt lat="40.96241204" lon="28.82480291"><ele>55.103</ele><time>2026-10-06T17:59:20Z</time><speed>0.000</speed><sat>8</sat></trkpt>
  <trkpt lat="40.96241648" lon="28.82479756"><ele>55.132</ele><time>2026-10-06T17:59:21Z</time><speed>0.000</speed><sat>10</sat></trkpt>
  <trkpt lat="40.96241707" lon="28.82479499"><ele>55.232</ele><time>2026-10-06T17:59:22Z</time><speed>0.000</speed><sat>11</sat></trkpt>
  <trkpt lat="40.96241705" lon="28.82479522"><ele>55.195</ele><time>2026-10-06T17:59:23Z</time><speed>0.000</speed><sat>15</sat></trkpt>
  <trkpt lat="40.96241800" lon="28.82479335"><ele>55.174</ele><time>2026-10-06T17:59:24Z</time><speed>0.000</speed><sat>16</sat></trkpt>
  <trkpt lat="40.96241863" lon="28.82479249"><ele>55.210</ele><time>2026-10-06T17:59:25Z</time><speed>0.000</speed><sat>16</sat></trkpt>
  <trkpt lat="40.96241885" lon="28.82479263"><ele>55.186</ele><time>2026-10-06T17:59:26Z</time><speed>0.000</speed><sat>16</sat></trkpt>
  <trkpt lat="40.96241860" lon="28.82479421"><ele>55.181</ele><time>2026-10-06T17:59:27Z</time><speed>0.000</speed><sat>16</sat></trkpt>
  <trkpt lat="40.96241863" lon="28.82479523"><ele>55.171</ele><time>2026-10-06T17:59:28Z</time><speed>0.000</speed><sat>17</sat></trkpt>
  <trkpt lat="40.96241825" lon="28.82479699"><ele>55.156</ele><time>2026-10-06T17:59:29Z</time><speed>0.000</speed><sat>15</sat></trkpt>
  <trkpt lat="40.96241807" lon="28.82479786"><ele>55.155</ele><time>2026-10-06T17:59:30Z</time><speed>0.000</speed><sat>15</sat></trkpt>
  <trkpt lat="40.96241247" lon="28.82479626"><ele>54.150</ele><time>2026-10-06T17:59:31Z</time><speed>0.260</speed><sat>14</sat></trkpt>
  <trkpt lat="40.96241239" lon="28.82479764"><ele>54.171</ele><time>2026-10-06T17:59:32Z</time><speed>0.200</speed><sat>16</sat></trkpt>
  <trkpt lat="40.96240015" lon="28.82478372"><ele>57.334</ele><time>2026-10-06T17:59:33Z</time><speed>0.250</speed><sat>15</sat></trkpt>
  <trkpt lat="40.96239222" lon="28.82478349"><ele>59.653</ele><time>2026-10-06T17:59:34Z</time><speed>0.390</speed><sat>13</sat></trkpt>
  <trkpt lat="40.96237743" lon="28.82478304"><ele>59.691</ele><time>2026-10-06T17:59:35Z</time><speed>0.000</speed><sat>16</sat></trkpt>
  <trkpt lat="40.96237583" lon="28.82478557"><ele>59.832</ele><time>2026-10-06T17:59:36Z</time><speed>0.440</speed><sat>17</sat></trkpt>
  <trkpt lat="40.96237522" lon="28.82478570"><ele>59.716</ele><time>2026-10-06T17:59:37Z</time><speed>0.000</speed><sat>16</sat></trkpt>
  <trkpt lat="40.96237253" lon="28.82478326"><ele>59.760</ele><time>2026-10-06T17:59:38Z</time><speed>0.000</speed><sat>14</sat></trkpt>
  <trkpt lat="40.96237127" lon="28.82478204"><ele>59.778</ele><time>2026-10-06T17:59:39Z</time><speed>0.000</speed><sat>16</sat></trkpt>
  <trkpt lat="40.96237064" lon="28.82478143"><ele>59.778</ele><time>2026-10-06T17:59:40Z</time><speed>0.000</speed><sat>15</sat></trkpt>
  <trkpt lat="40.96237067" lon="28.82478105"><ele>59.790</ele><time>2026-10-06T17:59:41Z</time><speed>0.000</speed><sat>10</sat></trkpt>
  <trkpt lat="40.96237101" lon="28.82478073"><ele>59.788</ele><time>2026-10-06T17:59:42Z</time><speed>0.000</speed><sat>9</sat></trkpt>
  <trkpt lat="40.96237103" lon="28.82478070"><ele>59.797</ele><time>2026-10-06T17:59:43Z</time><speed>0.000</speed><sat>9</sat></trkpt>
  <trkpt lat="40.96237086" lon="28.82478076"><ele>59.799</ele><time>2026-10-06T17:59:44Z</time><speed>0.000</speed><sat>9</sat></trkpt>
  <trkpt lat="40.96237119" lon="28.82478066"><ele>59.806</ele><time>2026-10-06T17:59:45Z</time><speed>0.000</speed><sat>10</sat></trkpt>
  <trkpt lat="40.96237126" lon="28.82478044"><ele>59.797</ele><time>2026-10-06T17:59:46Z</time><speed>0.000</speed><sat>12</sat></trkpt>
  <trkpt lat="40.96237169" lon="28.82478021"><ele>59.796</ele><time>2026-10-06T17:59:47Z</time><speed>0.000</speed><sat>15</sat></trkpt>
  <trkpt lat="40.96237204" lon="28.82478006"><ele>59.796</ele><time>2026-10-06T17:59:48Z</time><speed>0.000</speed><sat>17</sat></trkpt>
  <trkpt lat="40.96237222" lon="28.82477996"><ele>59.795</ele><time>2026-10-06T17:59:49Z</time><speed>0.000</speed><sat>16</sat></trkpt>
  <trkpt lat="40.96237218" lon="28.82477999"><ele>59.797</ele><time>2026-10-06T17:59:50Z</time><speed>0.000</speed><sat>16</sat></trkpt>
  <trkpt lat="40.96236989" lon="28.82478044"><ele>59.733</ele><time>2026-10-06T17:59:51Z</time><speed>0.000</speed><sat>15</sat></trkpt>
  <trkpt lat="40.96236873" lon="28.82478072"><ele>59.742</ele><time>2026-10-06T17:59:52Z</time><speed>0.000</speed><sat>13</sat></trkpt>
  <trkpt lat="40.96236814" lon="28.82478088"><ele>59.742</ele><time>2026-10-06T17:59:53Z</time><speed>0.000</speed><sat>11</sat></trkpt>
  <trkpt lat="40.96236781" lon="28.82478097"><ele>59.743</ele><time>2026-10-06T17:59:54Z</time><speed>0.000</speed><sat>9</sat></trkpt>
  <trkpt lat="40.96236773" lon="28.82478093"><ele>59.737</ele><time>2026-10-06T17:59:55Z</time><speed>0.000</speed><sat>12</sat></trkpt>
  <trkpt lat="40.96236763" lon="28.82478101"><ele>59.741</ele><time>2026-10-06T17:59:56Z</time><speed>0.000</speed><sat>12</sat></trkpt>
  <trkpt lat="40.96236756" lon="28.82478108"><ele>59.740</ele><time>2026-10-06T17:59:57Z</time><speed>0.000</speed><sat>11</sat></trkpt>
  <trkpt lat="40.96236722" lon="28.82478105"><ele>59.759</ele><time>2026-10-06T17:59:58Z</time><speed>0.000</speed><sat>12</sat></trkpt>
  <trkpt lat="40.96236739" lon="28.82478117"><ele>59.744</ele><time>2026-10-06T17:59:59Z</time><speed>0.000</speed><sat>13</sat></trkpt>
  <trkpt lat="40.96236801" lon="28.82478138"><ele>59.710</ele><time>2026-10-06T18:00:00Z</time><speed>0.000</speed><sat>14</sat></trkpt>
  <trkpt lat="40.96236832" lon="28.82478150"><ele>59.711</ele><time>2026-10-06T18:00:01Z</time><speed>0.000</speed><sat>13</sat></trkpt>
  <trkpt lat="40.96236865" lon="28.82478319"><ele>59.661</ele><time>2026-10-06T18:00:02Z</time><speed>0.330</speed><sat>13</sat></trkpt>
  <trkpt lat="40.96236681" lon="28.82478910"><ele>59.951</ele><time>2026-10-06T18:00:03Z</time><speed>0.350</speed><sat>12</sat></trkpt>
  <trkpt lat="40.96236716" lon="28.82479206"><ele>60.279</ele><time>2026-10-06T18:00:04Z</time><speed>0.410</speed><sat>13</sat></trkpt>
  <trkpt lat="40.96238431" lon="28.82480174"><ele>54.938</ele><time>2026-10-06T18:00:05Z</time><speed>0.850</speed><sat>16</sat></trkpt>
  <trkpt lat="40.96239650" lon="28.82481175"><ele>55.248</ele><time>2026-10-06T18:00:06Z</time><speed>0.000</speed><sat>16</sat></trkpt>
  <trkpt lat="40.96241311" lon="28.82485381"><ele>55.974</ele><time>2026-10-06T18:00:07Z</time><speed>0.000</speed><sat>17</sat></trkpt>
  <trkpt lat="40.96242143" lon="28.82487522"><ele>55.970</ele><time>2026-10-06T18:00:08Z</time><speed>0.000</speed><sat>21</sat></trkpt>
  <trkpt lat="40.96243029" lon="28.82488114"><ele>57.299</ele><time>2026-10-06T18:00:09Z</time><speed>0.190</speed><sat>21</sat></trkpt>
  <trkpt lat="40.96242822" lon="28.82488375"><ele>57.079</ele><time>2026-10-06T18:00:10Z</time><speed>0.490</speed><sat>21</sat></trkpt>
  <trkpt lat="40.96242695" lon="28.82488643"><ele>57.051</ele><time>2026-10-06T18:00:11Z</time><speed>0.150</speed><sat>22</sat></trkpt>
  <trkpt lat="40.96242652" lon="28.82489153"><ele>54.891</ele><time>2026-10-06T18:00:12Z</time><speed>0.000</speed><sat>23</sat></trkpt>
  <trkpt lat="40.96242684" lon="28.82489549"><ele>55.413</ele><time>2026-10-06T18:00:13Z</time><speed>0.000</speed><sat>26</sat></trkpt>
  <trkpt lat="40.96242868" lon="28.82490007"><ele>54.952</ele><time>2026-10-06T18:00:14Z</time><speed>0.410</speed><sat>26</sat></trkpt>
  <trkpt lat="40.96243411" lon="28.82490473"><ele>54.773</ele><time>2026-10-06T18:00:15Z</time><speed>0.540</speed><sat>26</sat></trkpt>
  <trkpt lat="40.96243590" lon="28.82491330"><ele>54.622</ele><time>2026-10-06T18:00:16Z</time><speed>0.000</speed><sat>26</sat></trkpt>
  <trkpt lat="40.96243589" lon="28.82491748"><ele>54.650</ele><time>2026-10-06T18:00:17Z</time><speed>0.000</speed><sat>26</sat></trkpt>
  <trkpt lat="40.96243586" lon="28.82491956"><ele>54.647</ele><time>2026-10-06T18:00:18Z</time><speed>0.000</speed><sat>23</sat></trkpt>
 </trkseg>
</trk>

</gpx>
 