<?xml version="1.0" encoding="UTF-8"?>
<!-- Created with BasicAirData GPS Logger for Android - ver. 3.3.0 -->
<!-- Track 7 = 1390 TrackPoints + 0 Placemarks -->

<!-- Track Statistics (based on Total Time | Time in Movement): -->
<!--  Distance = 2.13 km -->
<!--  Duration = 23:09 | 22:01 -->
<!--  Altitude Gap = 53 m -->
<!--  Max Speed = 62 km/h -->
<!--  Avg Speed = 5.5 | 5.8 km/h -->
<!--  Direction = SSW -->
<!--  Activity = walking -->
<!--  Altitudes = Raw -->

<gpx version="1.0"
     creator="BasicAirData GPS Logger 3.3.0"
     xmlns="http://www.topografix.com/GPX/1/0"
     xmlns:xsi="http://www.w3.org/2001/XMLSchema-instance"
     xsi:schemaLocation="http://www.topografix.com/GPX/1/0 http://www.topografix.com/GPX/1/0/gpx.xsd">
<name>Day 2: walk #2</name>
<desc>Walk</desc>
<time>2026-09-10T16:37:14Z</time>
<keywords>walking</keywords>
<bounds minlat="39.44036432" minlon="44.00117385" maxlat="39.45468378" maxlon="44.01172817" />

<trk>
 <name>Track 20260910-090228</name>
 <trkseg>
  <trkpt lat="39.45468378" lon="44.01001102"><ele>1817.279</ele><time>2026-09-10T06:02:28Z</time><speed>1.230</speed><sat>37</sat></trkpt>
  <trkpt lat="39.45467327" lon="44.01001468"><ele>1817.488</ele><time>2026-09-10T06:02:29Z</time><speed>1.220</speed><sat>37</sat></trkpt>
  <trkpt lat="39.45466229" lon="44.01001874"><ele>1817.861</ele><time>2026-09-10T06:02:30Z</time><speed>1.300</speed><sat>37</sat></trkpt>
  <trkpt lat="39.45465271" lon="44.01002249"><ele>1817.546</ele><time>2026-09-10T06:02:31Z</time><speed>0.960</speed><sat>37</sat></trkpt>
  <trkpt lat="39.45464329" lon="44.01003059"><ele>1817.600</ele><time>2026-09-10T06:02:32Z</time><speed>1.580</speed><sat>37</sat></trkpt>
  <trkpt lat="39.45463475" lon="44.01004079"><ele>1817.692</ele><time>2026-09-10T06:02:33Z</time><speed>1.080</speed><sat>37</sat></trkpt>
  <trkpt lat="39.45462589" lon="44.01004865"><ele>1817.449</ele><time>2026-09-10T06:02:34Z</time><speed>1.380</speed><sat>37</sat></trkpt>
  <trkpt lat="39.45461588" lon="44.01005294"><ele>1817.330</ele><time>2026-09-10T06:02:35Z</time><speed>1.130</speed><sat>37</sat></trkpt>
  <trkpt lat="39.45460463" lon="44.01005475"><ele>1817.383</ele><time>2026-09-10T06:02:36Z</time><speed>1.350</speed><sat>37</sat></trkpt>
  <trkpt lat="39.45459293" lon="44.01005837"><ele>1817.457</ele><time>2026-09-10T06:02:37Z</time><speed>1.370</speed><sat>37</sat></trkpt>
  <trkpt lat="39.45458128" lon="44.01006453"><ele>1817.270</ele><time>2026-09-10T06:02:38Z</time><speed>1.540</speed><sat>37</sat></trkpt>
  <trkpt lat="39.45456987" lon="44.01007052"><ele>1817.345</ele><time>2026-09-10T06:02:39Z</time><speed>1.340</speed><sat>37</sat></trkpt>
  <trkpt lat="39.45455798" lon="44.01007485"><ele>1817.357</ele><time>2026-09-10T06:02:40Z</time><speed>1.410</speed><sat>37</sat></trkpt>
  <trkpt lat="39.45454541" lon="44.01007764"><ele>1817.332</ele><time>2026-09-10T06:02:41Z</time><speed>1.390</speed><sat>37</sat></trkpt>
  <trkpt lat="39.45453272" lon="44.01007994"><ele>1817.082</ele><time>2026-09-10T06:02:42Z</time><speed>1.380</speed><sat>37</sat></trkpt>
  <trkpt lat="39.45452034" lon="44.01008211"><ele>1816.682</ele><time>2026-09-10T06:02:43Z</time><speed>1.330</speed><sat>37</sat></trkpt>
  <trkpt lat="39.45450694" lon="44.01008406"><ele>1816.990</ele><time>2026-09-10T06:02:44Z</time><speed>1.450</speed><sat>37</sat></trkpt>
  <trkpt lat="39.45449312" lon="44.01008633"><ele>1817.032</ele><time>2026-09-10T06:02:45Z</time><speed>1.480</speed><sat>37</sat></trkpt>
  <trkpt lat="39.45448002" lon="44.01008893"><ele>1817.248</ele><time>2026-09-10T06:02:46Z</time><speed>1.400</speed><sat>37</sat></trkpt>
  <trkpt lat="39.45446778" lon="44.01009244"><ele>1817.306</ele><time>2026-09-10T06:02:47Z</time><speed>1.390</speed><sat>37</sat></trkpt>
  <trkpt lat="39.45445614" lon="44.01009673"><ele>1817.073</ele><time>2026-09-10T06:02:48Z</time><speed>1.400</speed><sat>37</sat></trkpt>
  <trkpt lat="39.45444435" lon="44.01010065"><ele>1817.144</ele><time>2026-09-10T06:02:49Z</time><speed>1.430</speed><sat>37</sat></trkpt>
  <trkpt lat="39.45443097" lon="44.01010578"><ele>1817.170</ele><time>2026-09-10T06:02:50Z</time><speed>1.630</speed><sat>37</sat></trkpt>
  <trkpt lat="39.45441791" lon="44.01011256"><ele>1817.323</ele><time>2026-09-10T06:02:51Z</time><speed>1.420</speed><sat>37</sat></trkpt>
  <trkpt lat="39.45440538" lon="44.01011830"><ele>1817.337</ele><time>2026-09-10T06:02:52Z</time><speed>1.450</speed><sat>37</sat></trkpt>
  <trkpt lat="39.45439272" lon="44.01012417"><ele>1817.356</ele><time>2026-09-10T06:02:53Z</time><speed>1.500</speed><sat>37</sat></trkpt>
  <trkpt lat="39.45438065" lon="44.01012915"><ele>1817.863</ele><time>2026-09-10T06:02:54Z</time><speed>1.280</speed><sat>37</sat></trkpt>
  <trkpt lat="39.45436822" lon="44.01013358"><ele>1817.775</ele><time>2026-09-10T06:02:55Z</time><speed>1.490</speed><sat>37</sat></trkpt>
  <trkpt lat="39.45435501" lon="44.01013915"><ele>1817.657</ele><time>2026-09-10T06:02:56Z</time><speed>1.460</speed><sat>37</sat></trkpt>
  <trkpt lat="39.45434232" lon="44.01014474"><ele>1817.571</ele><time>2026-09-10T06:02:57Z</time><speed>1.500</speed><sat>37</sat></trkpt>
  <trkpt lat="39.45433023" lon="44.01015072"><ele>1817.573</ele><time>2026-09-10T06:02:58Z</time><speed>1.440</speed><sat>37</sat></trkpt>
  <trkpt lat="39.45431837" lon="44.01015647"><ele>1817.762</ele><time>2026-09-10T06:02:59Z</time><speed>1.370</speed><sat>37</sat></trkpt>
  <trkpt lat="39.45430637" lon="44.01016104"><ele>1817.769</ele><time>2026-09-10T06:03:00Z</time><speed>1.410</speed><sat>37</sat></trkpt>
  <trkpt lat="39.45429415" lon="44.01016452"><ele>1817.886</ele><time>2026-09-10T06:03:01Z</time><speed>1.400</speed><sat>37</sat></trkpt>
  <trkpt lat="39.45428146" lon="44.01016761"><ele>1817.815</ele><time>2026-09-10T06:03:02Z</time><speed>1.440</speed><sat>37</sat></trkpt>
  <trkpt lat="39.45426955" lon="44.01017261"><ele>1817.706</ele><time>2026-09-10T06:03:03Z</time><speed>1.440</speed><sat>37</sat></trkpt>
  <trkpt lat="39.45425904" lon="44.01017991"><ele>1818.041</ele><time>2026-09-10T06:03:04Z</time><speed>1.340</speed><sat>37</sat></trkpt>
  <trkpt lat="39.45424862" lon="44.01018823"><ele>1818.025</ele><time>2026-09-10T06:03:05Z</time><speed>1.420</speed><sat>37</sat></trkpt>
  <trkpt lat="39.45423797" lon="44.01019505"><ele>1817.826</ele><time>2026-09-10T06:03:06Z</time><speed>1.430</speed><sat>37</sat></trkpt>
  <trkpt lat="39.45422627" lon="44.01019997"><ele>1817.769</ele><time>2026-09-10T06:03:07Z</time><speed>1.400</speed><sat>37</sat></trkpt>
  <trkpt lat="39.45421442" lon="44.01020289"><ele>1817.961</ele><time>2026-09-10T06:03:08Z</time><speed>1.330</speed><sat>37</sat></trkpt>
  <trkpt lat="39.45420198" lon="44.01020545"><ele>1818.128</ele><time>2026-09-10T06:03:09Z</time><speed>1.410</speed><sat>37</sat></trkpt>
  <trkpt lat="39.45418955" lon="44.01020905"><ele>1818.098</ele><time>2026-09-10T06:03:10Z</time><speed>1.350</speed><sat>37</sat></trkpt>
  <trkpt lat="39.45417738" lon="44.01021256"><ele>1818.248</ele><time>2026-09-10T06:03:11Z</time><speed>1.390</speed><sat>37</sat></trkpt>
  <trkpt lat="39.45416476" lon="44.01021616"><ele>1818.343</ele><time>2026-09-10T06:03:12Z</time><speed>1.420</speed><sat>37</sat></trkpt>
  <trkpt lat="39.45415197" lon="44.01022115"><ele>1818.534</ele><time>2026-09-10T06:03:13Z</time><speed>1.510</speed><sat>37</sat></trkpt>
  <trkpt lat="39.45413958" lon="44.01022773"><ele>1818.177</ele><time>2026-09-10T06:03:14Z</time><speed>1.470</speed><sat>37</sat></trkpt>
  <trkpt lat="39.45412769" lon="44.01023557"><ele>1817.919</ele><time>2026-09-10T06:03:15Z</time><speed>1.420</speed><sat>37</sat></trkpt>
  <trkpt lat="39.45411615" lon="44.01024219"><ele>1817.709</ele><time>2026-09-10T06:03:16Z</time><speed>1.310</speed><sat>37</sat></trkpt>
  <trkpt lat="39.45410445" lon="44.01024872"><ele>1817.449</ele><time>2026-09-10T06:03:17Z</time><speed>1.400</speed><sat>37</sat></trkpt>
  <trkpt lat="39.45409188" lon="44.01025298"><ele>1817.595</ele><time>2026-09-10T06:03:18Z</time><speed>1.410</speed><sat>37</sat></trkpt>
  <trkpt lat="39.45407869" lon="44.01025743"><ele>1817.205</ele><time>2026-09-10T06:03:19Z</time><speed>1.680</speed><sat>37</sat></trkpt>
  <trkpt lat="39.45406258" lon="44.01026146"><ele>1816.866</ele><time>2026-09-10T06:03:20Z</time><speed>2.130</speed><sat>37</sat></trkpt>
  <trkpt lat="39.45404819" lon="44.01026306"><ele>1817.116</ele><time>2026-09-10T06:03:21Z</time><speed>1.560</speed><sat>37</sat></trkpt>
  <trkpt lat="39.45403527" lon="44.01026372"><ele>1816.915</ele><time>2026-09-10T06:03:22Z</time><speed>1.790</speed><sat>37</sat></trkpt>
  <trkpt lat="39.45402293" lon="44.01026530"><ele>1817.318</ele><time>2026-09-10T06:03:23Z</time><speed>1.260</speed><sat>37</sat></trkpt>
  <trkpt lat="39.45401195" lon="44.01026734"><ele>1818.564</ele><time>2026-09-10T06:03:24Z</time><speed>1.450</speed><sat>37</sat></trkpt>
  <trkpt lat="39.45399784" lon="44.01027055"><ele>1819.597</ele><time>2026-09-10T06:03:25Z</time><speed>1.830</speed><sat>37</sat></trkpt>
  <trkpt lat="39.45398265" lon="44.01027353"><ele>1820.770</ele><time>2026-09-10T06:03:26Z</time><speed>1.720</speed><sat>37</sat></trkpt>
  <trkpt lat="39.45396908" lon="44.01027936"><ele>1819.870</ele><time>2026-09-10T06:03:27Z</time><speed>1.420</speed><sat>37</sat></trkpt>
  <trkpt lat="39.45395840" lon="44.01028796"><ele>1819.957</ele><time>2026-09-10T06:03:28Z</time><speed>1.430</speed><sat>37</sat></trkpt>
  <trkpt lat="39.45394815" lon="44.01029876"><ele>1819.057</ele><time>2026-09-10T06:03:29Z</time><speed>1.400</speed><sat>37</sat></trkpt>
  <trkpt lat="39.45393688" lon="44.01030973"><ele>1819.032</ele><time>2026-09-10T06:03:30Z</time><speed>1.630</speed><sat>37</sat></trkpt>
  <trkpt lat="39.45392380" lon="44.01032182"><ele>1820.104</ele><time>2026-09-10T06:03:31Z</time><speed>1.900</speed><sat>37</sat></trkpt>
  <trkpt lat="39.45390920" lon="44.01033417"><ele>1819.954</ele><time>2026-09-10T06:03:32Z</time><speed>1.920</speed><sat>37</sat></trkpt>
  <trkpt lat="39.45389730" lon="44.01034759"><ele>1820.606</ele><time>2026-09-10T06:03:33Z</time><speed>1.800</speed><sat>37</sat></trkpt>
  <trkpt lat="39.45388637" lon="44.01035854"><ele>1820.610</ele><time>2026-09-10T06:03:34Z</time><speed>1.660</speed><sat>37</sat></trkpt>
  <trkpt lat="39.45388064" lon="44.01036329"><ele>1820.773</ele><time>2026-09-10T06:03:35Z</time><speed>0.900</speed><sat>36</sat></trkpt>
  <trkpt lat="39.45387088" lon="44.01036584"><ele>1820.512</ele><time>2026-09-10T06:03:36Z</time><speed>1.890</speed><sat>36</sat></trkpt>
  <trkpt lat="39.45385779" lon="44.01036896"><ele>1820.256</ele><time>2026-09-10T06:03:37Z</time><speed>1.650</speed><sat>36</sat></trkpt>
  <trkpt lat="39.45384744" lon="44.01037499"><ele>1819.695</ele><time>2026-09-10T06:03:38Z</time><speed>1.550</speed><sat>36</sat></trkpt>
  <trkpt lat="39.45383879" lon="44.01038281"><ele>1819.809</ele><time>2026-09-10T06:03:39Z</time><speed>1.260</speed><sat>36</sat></trkpt>
  <trkpt lat="39.45383136" lon="44.01038863"><ele>1819.905</ele><time>2026-09-10T06:03:40Z</time><speed>1.440</speed><sat>36</sat></trkpt>
  <trkpt lat="39.45381932" lon="44.01039462"><ele>1819.676</ele><time>2026-09-10T06:03:41Z</time><speed>1.920</speed><sat>36</sat></trkpt>
  <trkpt lat="39.45380422" lon="44.01039973"><ele>1819.759</ele><time>2026-09-10T06:03:42Z</time><speed>1.800</speed><sat>36</sat></trkpt>
  <trkpt lat="39.45379317" lon="44.01040416"><ele>1818.997</ele><time>2026-09-10T06:03:43Z</time><speed>1.340</speed><sat>36</sat></trkpt>
  <trkpt lat="39.45378382" lon="44.01040930"><ele>1818.603</ele><time>2026-09-10T06:03:44Z</time><speed>1.310</speed><sat>37</sat></trkpt>
  <trkpt lat="39.45377355" lon="44.01041430"><ele>1818.631</ele><time>2026-09-10T06:03:45Z</time><speed>1.360</speed><sat>37</sat></trkpt>
  <trkpt lat="39.45376261" lon="44.01041994"><ele>1818.951</ele><time>2026-09-10T06:03:46Z</time><speed>1.370</speed><sat>37</sat></trkpt>
  <trkpt lat="39.45375165" lon="44.01042546"><ele>1819.005</ele><time>2026-09-10T06:03:47Z</time><speed>1.390</speed><sat>37</sat></trkpt>
  <trkpt lat="39.45374026" lon="44.01043131"><ele>1818.912</ele><time>2026-09-10T06:03:48Z</time><speed>1.360</speed><sat>37</sat></trkpt>
  <trkpt lat="39.45372924" lon="44.01043707"><ele>1818.710</ele><time>2026-09-10T06:03:49Z</time><speed>1.350</speed><sat>37</sat></trkpt>
  <trkpt lat="39.45371814" lon="44.01044285"><ele>1818.428</ele><time>2026-09-10T06:03:50Z</time><speed>1.280</speed><sat>37</sat></trkpt>
  <trkpt lat="39.45370705" lon="44.01044794"><ele>1818.680</ele><time>2026-09-10T06:03:51Z</time><speed>1.260</speed><sat>37</sat></trkpt>
  <trkpt lat="39.45369600" lon="44.01045239"><ele>1818.872</ele><time>2026-09-10T06:03:52Z</time><speed>1.260</speed><sat>37</sat></trkpt>
  <trkpt lat="39.45368452" lon="44.01045528"><ele>1818.859</ele><time>2026-09-10T06:03:53Z</time><speed>1.330</speed><sat>37</sat></trkpt>
  <trkpt lat="39.45367250" lon="44.01045805"><ele>1819.014</ele><time>2026-09-10T06:03:54Z</time><speed>1.300</speed><sat>37</sat></trkpt>
  <trkpt lat="39.45366038" lon="44.01046130"><ele>1819.060</ele><time>2026-09-10T06:03:55Z</time><speed>1.340</speed><sat>37</sat></trkpt>
  <trkpt lat="39.45364835" lon="44.01046550"><ele>1818.617</ele><time>2026-09-10T06:03:56Z</time><speed>1.370</speed><sat>37</sat></trkpt>
  <trkpt lat="39.45363663" lon="44.01047044"><ele>1818.661</ele><time>2026-09-10T06:03:57Z</time><speed>1.320</speed><sat>37</sat></trkpt>
  <trkpt lat="39.45362597" lon="44.01047659"><ele>1818.452</ele><time>2026-09-10T06:03:58Z</time><speed>1.270</speed><sat>37</sat></trkpt>
  <trkpt lat="39.45361609" lon="44.01048361"><ele>1818.343</ele><time>2026-09-10T06:03:59Z</time><speed>1.250</speed><sat>37</sat></trkpt>
  <trkpt lat="39.45360580" lon="44.01048990"><ele>1818.650</ele><time>2026-09-10T06:04:00Z</time><speed>1.210</speed><sat>37</sat></trkpt>
  <trkpt lat="39.45359454" lon="44.01049863"><ele>1818.594</ele><time>2026-09-10T06:04:01Z</time><speed>1.440</speed><sat>37</sat></trkpt>
  <trkpt lat="39.45358213" lon="44.01050561"><ele>1818.893</ele><time>2026-09-10T06:04:02Z</time><speed>1.410</speed><sat>37</sat></trkpt>
  <trkpt lat="39.45357033" lon="44.01051052"><ele>1819.143</ele><time>2026-09-10T06:04:03Z</time><speed>1.230</speed><sat>37</sat></trkpt>
  <trkpt lat="39.45355867" lon="44.01051354"><ele>1818.851</ele><time>2026-09-10T06:04:04Z</time><speed>1.240</speed><sat>37</sat></trkpt>
  <trkpt lat="39.45354679" lon="44.01051448"><ele>1819.276</ele><time>2026-09-10T06:04:05Z</time><speed>1.230</speed><sat>37</sat></trkpt>
  <trkpt lat="39.45353653" lon="44.01051447"><ele>1819.517</ele><time>2026-09-10T06:04:06Z</time><speed>0.990</speed><sat>37</sat></trkpt>
  <trkpt lat="39.45352754" lon="44.01051227"><ele>1821.029</ele><time>2026-09-10T06:04:07Z</time><speed>0.910</speed><sat>37</sat></trkpt>
  <trkpt lat="39.45351884" lon="44.01051063"><ele>1820.796</ele><time>2026-09-10T06:04:08Z</time><speed>0.820</speed><sat>37</sat></trkpt>
  <trkpt lat="39.45350995" lon="44.01051148"><ele>1820.738</ele><time>2026-09-10T06:04:09Z</time><speed>0.880</speed><sat>37</sat></trkpt>
  <trkpt lat="39.45349707" lon="44.01051697"><ele>1821.204</ele><time>2026-09-10T06:04:10Z</time><speed>1.710</speed><sat>37</sat></trkpt>
  <trkpt lat="39.45348281" lon="44.01052452"><ele>1821.522</ele><time>2026-09-10T06:04:11Z</time><speed>1.430</speed><sat>37</sat></trkpt>
  <trkpt lat="39.45346992" lon="44.01053052"><ele>1821.281</ele><time>2026-09-10T06:04:12Z</time><speed>1.440</speed><sat>36</sat></trkpt>
  <trkpt lat="39.45345617" lon="44.01053759"><ele>1821.342</ele><time>2026-09-10T06:04:13Z</time><speed>1.550</speed><sat>37</sat></trkpt>
  <trkpt lat="39.45344707" lon="44.01054356"><ele>1821.409</ele><time>2026-09-10T06:04:14Z</time><speed>0.550</speed><sat>36</sat></trkpt>
  <trkpt lat="39.45343690" lon="44.01055081"><ele>1820.543</ele><time>2026-09-10T06:04:15Z</time><speed>1.570</speed><sat>36</sat></trkpt>
  <trkpt lat="39.45342472" lon="44.01055721"><ele>1820.130</ele><time>2026-09-10T06:04:16Z</time><speed>1.180</speed><sat>37</sat></trkpt>
  <trkpt lat="39.45341521" lon="44.01056402"><ele>1820.782</ele><time>2026-09-10T06:04:17Z</time><speed>1.160</speed><sat>37</sat></trkpt>
  <trkpt lat="39.45340507" lon="44.01057066"><ele>1821.672</ele><time>2026-09-10T06:04:18Z</time><speed>1.040</speed><sat>37</sat></trkpt>
  <trkpt lat="39.45339517" lon="44.01057422"><ele>1822.754</ele><time>2026-09-10T06:04:19Z</time><speed>1.300</speed><sat>37</sat></trkpt>
  <trkpt lat="39.45338455" lon="44.01057423"><ele>1823.442</ele><time>2026-09-10T06:04:20Z</time><speed>0.960</speed><sat>37</sat></trkpt>
  <trkpt lat="39.45337442" lon="44.01057207"><ele>1824.365</ele><time>2026-09-10T06:04:21Z</time><speed>1.160</speed><sat>37</sat></trkpt>
  <trkpt lat="39.45336381" lon="44.01056890"><ele>1824.399</ele><time>2026-09-10T06:04:22Z</time><speed>1.240</speed><sat>37</sat></trkpt>
  <trkpt lat="39.45335144" lon="44.01056690"><ele>1824.116</ele><time>2026-09-10T06:04:23Z</time><speed>1.300</speed><sat>37</sat></trkpt>
  <trkpt lat="39.45333643" lon="44.01056681"><ele>1823.717</ele><time>2026-09-10T06:04:24Z</time><speed>1.730</speed><sat>37</sat></trkpt>
  <trkpt lat="39.45332194" lon="44.01057012"><ele>1823.269</ele><time>2026-09-10T06:04:25Z</time><speed>1.430</speed><sat>37</sat></trkpt>
  <trkpt lat="39.45331155" lon="44.01057438"><ele>1822.875</ele><time>2026-09-10T06:04:26Z</time><speed>1.040</speed><sat>37</sat></trkpt>
  <trkpt lat="39.45330031" lon="44.01057991"><ele>1822.761</ele><time>2026-09-10T06:04:27Z</time><speed>1.520</speed><sat>37</sat></trkpt>
  <trkpt lat="39.45328395" lon="44.01058695"><ele>1822.072</ele><time>2026-09-10T06:04:28Z</time><speed>1.920</speed><sat>37</sat></trkpt>
  <trkpt lat="39.45326719" lon="44.01059372"><ele>1821.177</ele><time>2026-09-10T06:04:29Z</time><speed>1.810</speed><sat>37</sat></trkpt>
  <trkpt lat="39.45325418" lon="44.01059919"><ele>1821.105</ele><time>2026-09-10T06:04:30Z</time><speed>1.560</speed><sat>37</sat></trkpt>
  <trkpt lat="39.45324193" lon="44.01060407"><ele>1821.008</ele><time>2026-09-10T06:04:31Z</time><speed>1.560</speed><sat>37</sat></trkpt>
  <trkpt lat="39.45322930" lon="44.01060715"><ele>1820.373</ele><time>2026-09-10T06:04:32Z</time><speed>1.340</speed><sat>37</sat></trkpt>
  <trkpt lat="39.45321815" lon="44.01060873"><ele>1820.059</ele><time>2026-09-10T06:04:33Z</time><speed>1.370</speed><sat>37</sat></trkpt>
  <trkpt lat="39.45320854" lon="44.01060919"><ele>1820.271</ele><time>2026-09-10T06:04:34Z</time><speed>1.040</speed><sat>37</sat></trkpt>
  <trkpt lat="39.45320081" lon="44.01060944"><ele>1820.349</ele><time>2026-09-10T06:04:35Z</time><speed>0.950</speed><sat>37</sat></trkpt>
  <trkpt lat="39.45318945" lon="44.01061053"><ele>1820.888</ele><time>2026-09-10T06:04:36Z</time><speed>1.580</speed><sat>37</sat></trkpt>
  <trkpt lat="39.45317549" lon="44.01061422"><ele>1820.674</ele><time>2026-09-10T06:04:37Z</time><speed>1.440</speed><sat>37</sat></trkpt>
  <trkpt lat="39.45316022" lon="44.01061988"><ele>1821.514</ele><time>2026-09-10T06:04:38Z</time><speed>1.690</speed><sat>37</sat></trkpt>
  <trkpt lat="39.45314620" lon="44.01062645"><ele>1822.469</ele><time>2026-09-10T06:04:39Z</time><speed>1.450</speed><sat>37</sat></trkpt>
  <trkpt lat="39.45313470" lon="44.01063268"><ele>1822.980</ele><time>2026-09-10T06:04:40Z</time><speed>1.350</speed><sat>37</sat></trkpt>
  <trkpt lat="39.45312334" lon="44.01063815"><ele>1822.937</ele><time>2026-09-10T06:04:41Z</time><speed>1.340</speed><sat>37</sat></trkpt>
  <trkpt lat="39.45311094" lon="44.01064109"><ele>1822.754</ele><time>2026-09-10T06:04:42Z</time><speed>1.320</speed><sat>37</sat></trkpt>
  <trkpt lat="39.45310044" lon="44.01064416"><ele>1822.887</ele><time>2026-09-10T06:04:43Z</time><speed>1.030</speed><sat>37</sat></trkpt>
  <trkpt lat="39.45308843" lon="44.01064938"><ele>1822.716</ele><time>2026-09-10T06:04:44Z</time><speed>1.460</speed><sat>37</sat></trkpt>
  <trkpt lat="39.45307523" lon="44.01065366"><ele>1822.597</ele><time>2026-09-10T06:04:45Z</time><speed>1.390</speed><sat>37</sat></trkpt>
  <trkpt lat="39.45306063" lon="44.01065921"><ele>1821.918</ele><time>2026-09-10T06:04:46Z</time><speed>1.540</speed><sat>37</sat></trkpt>
  <trkpt lat="39.45304637" lon="44.01066540"><ele>1822.657</ele><time>2026-09-10T06:04:47Z</time><speed>1.400</speed><sat>37</sat></trkpt>
  <trkpt lat="39.45303207" lon="44.01067137"><ele>1822.812</ele><time>2026-09-10T06:04:48Z</time><speed>1.420</speed><sat>37</sat></trkpt>
  <trkpt lat="39.45301811" lon="44.01067628"><ele>1822.166</ele><time>2026-09-10T06:04:49Z</time><speed>1.510</speed><sat>37</sat></trkpt>
  <trkpt lat="39.45300469" lon="44.01068177"><ele>1822.173</ele><time>2026-09-10T06:04:50Z</time><speed>1.310</speed><sat>37</sat></trkpt>
  <trkpt lat="39.45299016" lon="44.01068788"><ele>1822.847</ele><time>2026-09-10T06:04:51Z</time><speed>1.530</speed><sat>37</sat></trkpt>
  <trkpt lat="39.45297539" lon="44.01069452"><ele>1822.853</ele><time>2026-09-10T06:04:52Z</time><speed>1.490</speed><sat>37</sat></trkpt>
  <trkpt lat="39.45296142" lon="44.01070053"><ele>1822.860</ele><time>2026-09-10T06:04:53Z</time><speed>1.380</speed><sat>37</sat></trkpt>
  <trkpt lat="39.45294777" lon="44.01070553"><ele>1823.334</ele><time>2026-09-10T06:04:54Z</time><speed>1.340</speed><sat>37</sat></trkpt>
  <trkpt lat="39.45293492" lon="44.01070943"><ele>1822.967</ele><time>2026-09-10T06:04:55Z</time><speed>1.360</speed><sat>37</sat></trkpt>
  <trkpt lat="39.45292177" lon="44.01071340"><ele>1822.945</ele><time>2026-09-10T06:04:56Z</time><speed>1.380</speed><sat>37</sat></trkpt>
  <trkpt lat="39.45290948" lon="44.01071680"><ele>1822.903</ele><time>2026-09-10T06:04:57Z</time><speed>1.240</speed><sat>37</sat></trkpt>
  <trkpt lat="39.45289626" lon="44.01072062"><ele>1823.525</ele><time>2026-09-10T06:04:58Z</time><speed>1.520</speed><sat>37</sat></trkpt>
  <trkpt lat="39.45288253" lon="44.01072538"><ele>1824.128</ele><time>2026-09-10T06:04:59Z</time><speed>1.450</speed><sat>37</sat></trkpt>
  <trkpt lat="39.45286921" lon="44.01073019"><ele>1824.101</ele><time>2026-09-10T06:05:00Z</time><speed>1.510</speed><sat>37</sat></trkpt>
  <trkpt lat="39.45285563" lon="44.01073637"><ele>1823.869</ele><time>2026-09-10T06:05:01Z</time><speed>1.510</speed><sat>37</sat></trkpt>
  <trkpt lat="39.45284420" lon="44.01074127"><ele>1823.467</ele><time>2026-09-10T06:05:02Z</time><speed>1.220</speed><sat>37</sat></trkpt>
  <trkpt lat="39.45283274" lon="44.01074574"><ele>1822.624</ele><time>2026-09-10T06:05:03Z</time><speed>1.410</speed><sat>37</sat></trkpt>
  <trkpt lat="39.45282174" lon="44.01074993"><ele>1822.430</ele><time>2026-09-10T06:05:04Z</time><speed>1.140</speed><sat>37</sat></trkpt>
  <trkpt lat="39.45280931" lon="44.01075487"><ele>1822.289</ele><time>2026-09-10T06:05:05Z</time><speed>1.570</speed><sat>37</sat></trkpt>
  <trkpt lat="39.45279381" lon="44.01076200"><ele>1822.498</ele><time>2026-09-10T06:05:06Z</time><speed>1.670</speed><sat>37</sat></trkpt>
  <trkpt lat="39.45277963" lon="44.01076878"><ele>1822.947</ele><time>2026-09-10T06:05:07Z</time><speed>1.470</speed><sat>37</sat></trkpt>
  <trkpt lat="39.45276701" lon="44.01077591"><ele>1823.280</ele><time>2026-09-10T06:05:08Z</time><speed>1.220</speed><sat>37</sat></trkpt>
  <trkpt lat="39.45275445" lon="44.01078352"><ele>1822.933</ele><time>2026-09-10T06:05:09Z</time><speed>1.480</speed><sat>37</sat></trkpt>
  <trkpt lat="39.45274098" lon="44.01079165"><ele>1821.814</ele><time>2026-09-10T06:05:10Z</time><speed>1.400</speed><sat>37</sat></trkpt>
  <trkpt lat="39.45272783" lon="44.01079782"><ele>1822.549</ele><time>2026-09-10T06:05:11Z</time><speed>1.510</speed><sat>37</sat></trkpt>
  <trkpt lat="39.45271267" lon="44.01080347"><ele>1821.809</ele><time>2026-09-10T06:05:12Z</time><speed>1.820</speed><sat>37</sat></trkpt>
  <trkpt lat="39.45269728" lon="44.01080967"><ele>1821.819</ele><time>2026-09-10T06:05:13Z</time><speed>1.580</speed><sat>37</sat></trkpt>
  <trkpt lat="39.45268015" lon="44.01081827"><ele>1822.099</ele><time>2026-09-10T06:05:14Z</time><speed>2.090</speed><sat>37</sat></trkpt>
  <trkpt lat="39.45266368" lon="44.01082769"><ele>1821.068</ele><time>2026-09-10T06:05:15Z</time><speed>1.600</speed><sat>37</sat></trkpt>
  <trkpt lat="39.45264542" lon="44.01083871"><ele>1821.889</ele><time>2026-09-10T06:05:16Z</time><speed>2.020</speed><sat>37</sat></trkpt>
  <trkpt lat="39.45263071" lon="44.01084819"><ele>1821.821</ele><time>2026-09-10T06:05:17Z</time><speed>1.470</speed><sat>37</sat></trkpt>
  <trkpt lat="39.45262023" lon="44.01085730"><ele>1821.966</ele><time>2026-09-10T06:05:18Z</time><speed>1.260</speed><sat>37</sat></trkpt>
  <trkpt lat="39.45260962" lon="44.01086509"><ele>1822.257</ele><time>2026-09-10T06:05:19Z</time><speed>1.420</speed><sat>37</sat></trkpt>
  <trkpt lat="39.45259814" lon="44.01087266"><ele>1822.271</ele><time>2026-09-10T06:05:20Z</time><speed>1.460</speed><sat>37</sat></trkpt>
  <trkpt lat="39.45258660" lon="44.01088029"><ele>1822.404</ele><time>2026-09-10T06:05:21Z</time><speed>1.490</speed><sat>37</sat></trkpt>
  <trkpt lat="39.45257535" lon="44.01088733"><ele>1821.999</ele><time>2026-09-10T06:05:22Z</time><speed>1.460</speed><sat>37</sat></trkpt>
  <trkpt lat="39.45256450" lon="44.01089379"><ele>1821.705</ele><time>2026-09-10T06:05:23Z</time><speed>1.530</speed><sat>37</sat></trkpt>
  <trkpt lat="39.45255366" lon="44.01089923"><ele>1821.459</ele><time>2026-09-10T06:05:24Z</time><speed>1.480</speed><sat>37</sat></trkpt>
  <trkpt lat="39.45254269" lon="44.01090392"><ele>1821.133</ele><time>2026-09-10T06:05:25Z</time><speed>1.480</speed><sat>37</sat></trkpt>
  <trkpt lat="39.45253092" lon="44.01090836"><ele>1821.217</ele><time>2026-09-10T06:05:26Z</time><speed>1.490</speed><sat>37</sat></trkpt>
  <trkpt lat="39.45251867" lon="44.01091023"><ele>1821.641</ele><time>2026-09-10T06:05:27Z</time><speed>1.490</speed><sat>37</sat></trkpt>
  <trkpt lat="39.45250687" lon="44.01091296"><ele>1821.747</ele><time>2026-09-10T06:05:28Z</time><speed>1.420</speed><sat>37</sat></trkpt>
  <trkpt lat="39.45249638" lon="44.01091584"><ele>1821.609</ele><time>2026-09-10T06:05:29Z</time><speed>1.290</speed><sat>37</sat></trkpt>
  <trkpt lat="39.45248544" lon="44.01091979"><ele>1821.723</ele><time>2026-09-10T06:05:30Z</time><speed>1.450</speed><sat>37</sat></trkpt>
  <trkpt lat="39.45247371" lon="44.01092472"><ele>1821.891</ele><time>2026-09-10T06:05:31Z</time><speed>1.430</speed><sat>37</sat></trkpt>
  <trkpt lat="39.45246283" lon="44.01093277"><ele>1821.924</ele><time>2026-09-10T06:05:32Z</time><speed>1.520</speed><sat>37</sat></trkpt>
  <trkpt lat="39.45245081" lon="44.01093838"><ele>1821.785</ele><time>2026-09-10T06:05:33Z</time><speed>1.510</speed><sat>37</sat></trkpt>
  <trkpt lat="39.45243842" lon="44.01094465"><ele>1821.650</ele><time>2026-09-10T06:05:34Z</time><speed>1.460</speed><sat>37</sat></trkpt>
  <trkpt lat="39.45242538" lon="44.01094565"><ele>1821.535</ele><time>2026-09-10T06:05:35Z</time><speed>1.570</speed><sat>37</sat></trkpt>
  <trkpt lat="39.45241405" lon="44.01094697"><ele>1821.749</ele><time>2026-09-10T06:05:36Z</time><speed>1.210</speed><sat>37</sat></trkpt>
  <trkpt lat="39.45240427" lon="44.01094965"><ele>1821.304</ele><time>2026-09-10T06:05:37Z</time><speed>1.430</speed><sat>37</sat></trkpt>
  <trkpt lat="39.45239280" lon="44.01095228"><ele>1820.674</ele><time>2026-09-10T06:05:38Z</time><speed>1.540</speed><sat>37</sat></trkpt>
  <trkpt lat="39.45238069" lon="44.01095518"><ele>1820.977</ele><time>2026-09-10T06:05:39Z</time><speed>1.500</speed><sat>37</sat></trkpt>
  <trkpt lat="39.45236942" lon="44.01095790"><ele>1820.927</ele><time>2026-09-10T06:05:40Z</time><speed>1.400</speed><sat>37</sat></trkpt>
  <trkpt lat="39.45235749" lon="44.01096206"><ele>1821.374</ele><time>2026-09-10T06:05:41Z</time><speed>1.490</speed><sat>37</sat></trkpt>
  <trkpt lat="39.45234508" lon="44.01096790"><ele>1821.640</ele><time>2026-09-10T06:05:42Z</time><speed>1.510</speed><sat>37</sat></trkpt>
  <trkpt lat="39.45233189" lon="44.01097434"><ele>1822.024</ele><time>2026-09-10T06:05:43Z</time><speed>1.600</speed><sat>37</sat></trkpt>
  <trkpt lat="39.45231790" lon="44.01097957"><ele>1822.165</ele><time>2026-09-10T06:05:44Z</time><speed>1.580</speed><sat>37</sat></trkpt>
  <trkpt lat="39.45230520" lon="44.01098509"><ele>1822.064</ele><time>2026-09-10T06:05:45Z</time><speed>1.400</speed><sat>37</sat></trkpt>
  <trkpt lat="39.45229322" lon="44.01099048"><ele>1822.294</ele><time>2026-09-10T06:05:46Z</time><speed>1.480</speed><sat>37</sat></trkpt>
  <trkpt lat="39.45228108" lon="44.01099629"><ele>1822.530</ele><time>2026-09-10T06:05:47Z</time><speed>1.480</speed><sat>37</sat></trkpt>
  <trkpt lat="39.45226919" lon="44.01100206"><ele>1822.634</ele><time>2026-09-10T06:05:48Z</time><speed>1.490</speed><sat>37</sat></trkpt>
  <trkpt lat="39.45225682" lon="44.01100701"><ele>1822.751</ele><time>2026-09-10T06:05:49Z</time><speed>1.480</speed><sat>37</sat></trkpt>
  <trkpt lat="39.45224464" lon="44.01101138"><ele>1822.502</ele><time>2026-09-10T06:05:50Z</time><speed>1.450</speed><sat>37</sat></trkpt>
  <trkpt lat="39.45223268" lon="44.01101586"><ele>1822.747</ele><time>2026-09-10T06:05:51Z</time><speed>1.430</speed><sat>37</sat></trkpt>
  <trkpt lat="39.45222085" lon="44.01102049"><ele>1822.899</ele><time>2026-09-10T06:05:52Z</time><speed>1.470</speed><sat>37</sat></trkpt>
  <trkpt lat="39.45220878" lon="44.01102510"><ele>1822.784</ele><time>2026-09-10T06:05:53Z</time><speed>1.460</speed><sat>37</sat></trkpt>
  <trkpt lat="39.45219698" lon="44.01102941"><ele>1822.610</ele><time>2026-09-10T06:05:54Z</time><speed>1.410</speed><sat>37</sat></trkpt>
  <trkpt lat="39.45218547" lon="44.01103459"><ele>1822.614</ele><time>2026-09-10T06:05:55Z</time><speed>1.400</speed><sat>37</sat></trkpt>
  <trkpt lat="39.45217362" lon="44.01103991"><ele>1822.624</ele><time>2026-09-10T06:05:56Z</time><speed>1.420</speed><sat>37</sat></trkpt>
  <trkpt lat="39.45216168" lon="44.01104517"><ele>1822.804</ele><time>2026-09-10T06:05:57Z</time><speed>1.450</speed><sat>37</sat></trkpt>
  <trkpt lat="39.45214964" lon="44.01105017"><ele>1822.735</ele><time>2026-09-10T06:05:58Z</time><speed>1.430</speed><sat>37</sat></trkpt>
  <trkpt lat="39.45213789" lon="44.01105520"><ele>1822.722</ele><time>2026-09-10T06:05:59Z</time><speed>1.400</speed><sat>37</sat></trkpt>
  <trkpt lat="39.45212634" lon="44.01106100"><ele>1822.963</ele><time>2026-09-10T06:06:00Z</time><speed>1.390</speed><sat>37</sat></trkpt>
  <trkpt lat="39.45211508" lon="44.01106779"><ele>1823.157</ele><time>2026-09-10T06:06:01Z</time><speed>1.390</speed><sat>36</sat></trkpt>
  <trkpt lat="39.45210296" lon="44.01107454"><ele>1823.161</ele><time>2026-09-10T06:06:02Z</time><speed>1.490</speed><sat>37</sat></trkpt>
  <trkpt lat="39.45209077" lon="44.01108032"><ele>1822.981</ele><time>2026-09-10T06:06:03Z</time><speed>1.390</speed><sat>37</sat></trkpt>
  <trkpt lat="39.45207911" lon="44.01108437"><ele>1823.045</ele><time>2026-09-10T06:06:04Z</time><speed>1.390</speed><sat>37</sat></trkpt>
  <trkpt lat="39.45206677" lon="44.01108838"><ele>1822.793</ele><time>2026-09-10T06:06:05Z</time><speed>1.440</speed><sat>37</sat></trkpt>
  <trkpt lat="39.45205409" lon="44.01109202"><ele>1822.762</ele><time>2026-09-10T06:06:06Z</time><speed>1.440</speed><sat>37</sat></trkpt>
  <trkpt lat="39.45204196" lon="44.01109568"><ele>1822.856</ele><time>2026-09-10T06:06:07Z</time><speed>1.410</speed><sat>37</sat></trkpt>
  <trkpt lat="39.45202973" lon="44.01110028"><ele>1823.012</ele><time>2026-09-10T06:06:08Z</time><speed>1.470</speed><sat>37</sat></trkpt>
  <trkpt lat="39.45201741" lon="44.01110504"><ele>1822.882</ele><time>2026-09-10T06:06:09Z</time><speed>1.460</speed><sat>37</sat></trkpt>
  <trkpt lat="39.45200484" lon="44.01110980"><ele>1822.633</ele><time>2026-09-10T06:06:10Z</time><speed>1.490</speed><sat>37</sat></trkpt>
  <trkpt lat="39.45199201" lon="44.01111384"><ele>1822.288</ele><time>2026-09-10T06:06:11Z</time><speed>1.470</speed><sat>37</sat></trkpt>
  <trkpt lat="39.45197937" lon="44.01111722"><ele>1822.610</ele><time>2026-09-10T06:06:12Z</time><speed>1.440</speed><sat>37</sat></trkpt>
  <trkpt lat="39.45196708" lon="44.01112025"><ele>1822.600</ele><time>2026-09-10T06:06:13Z</time><speed>1.460</speed><sat>37</sat></trkpt>
  <trkpt lat="39.45195889" lon="44.01111990"><ele>1822.844</ele><time>2026-09-10T06:06:14Z</time><speed>0.670</speed><sat>37</sat></trkpt>
  <trkpt lat="39.45195089" lon="44.01111936"><ele>1822.319</ele><time>2026-09-10T06:06:15Z</time><speed>1.160</speed><sat>37</sat></trkpt>
  <trkpt lat="39.45194034" lon="44.01111998"><ele>1821.974</ele><time>2026-09-10T06:06:16Z</time><speed>1.220</speed><sat>37</sat></trkpt>
  <trkpt lat="39.45193066" lon="44.01112362"><ele>1821.323</ele><time>2026-09-10T06:06:17Z</time><speed>1.310</speed><sat>37</sat></trkpt>
  <trkpt lat="39.45192060" lon="44.01113058"><ele>1821.297</ele><time>2026-09-10T06:06:18Z</time><speed>1.330</speed><sat>37</sat></trkpt>
  <trkpt lat="39.45191005" lon="44.01113836"><ele>1821.067</ele><time>2026-09-10T06:06:19Z</time><speed>1.380</speed><sat>37</sat></trkpt>
  <trkpt lat="39.45190065" lon="44.01114517"><ele>1821.192</ele><time>2026-09-10T06:06:20Z</time><speed>1.130</speed><sat>37</sat></trkpt>
  <trkpt lat="39.45189093" lon="44.01114978"><ele>1821.266</ele><time>2026-09-10T06:06:21Z</time><speed>1.260</speed><sat>37</sat></trkpt>
  <trkpt lat="39.45187927" lon="44.01115299"><ele>1822.180</ele><time>2026-09-10T06:06:22Z</time><speed>1.270</speed><sat>37</sat></trkpt>
  <trkpt lat="39.45186773" lon="44.01115740"><ele>1822.645</ele><time>2026-09-10T06:06:23Z</time><speed>1.260</speed><sat>37</sat></trkpt>
  <trkpt lat="39.45185578" lon="44.01116252"><ele>1821.942</ele><time>2026-09-10T06:06:24Z</time><speed>1.500</speed><sat>37</sat></trkpt>
  <trkpt lat="39.45184298" lon="44.01116626"><ele>1822.454</ele><time>2026-09-10T06:06:25Z</time><speed>1.410</speed><sat>37</sat></trkpt>
  <trkpt lat="39.45182880" lon="44.01116951"><ele>1822.697</ele><time>2026-09-10T06:06:26Z</time><speed>1.650</speed><sat>37</sat></trkpt>
  <trkpt lat="39.45181419" lon="44.01117287"><ele>1823.053</ele><time>2026-09-10T06:06:27Z</time><speed>1.510</speed><sat>37</sat></trkpt>
  <trkpt lat="39.45179928" lon="44.01117507"><ele>1823.641</ele><time>2026-09-10T06:06:28Z</time><speed>1.490</speed><sat>37</sat></trkpt>
  <trkpt lat="39.45178567" lon="44.01117554"><ele>1823.160</ele><time>2026-09-10T06:06:29Z</time><speed>1.360</speed><sat>37</sat></trkpt>
  <trkpt lat="39.45177224" lon="44.01117585"><ele>1822.743</ele><time>2026-09-10T06:06:30Z</time><speed>1.370</speed><sat>37</sat></trkpt>
  <trkpt lat="39.45176028" lon="44.01117593"><ele>1822.734</ele><time>2026-09-10T06:06:31Z</time><speed>1.160</speed><sat>37</sat></trkpt>
  <trkpt lat="39.45174598" lon="44.01117697"><ele>1823.167</ele><time>2026-09-10T06:06:32Z</time><speed>1.680</speed><sat>37</sat></trkpt>
  <trkpt lat="39.45173196" lon="44.01117963"><ele>1823.474</ele><time>2026-09-10T06:06:33Z</time><speed>1.400</speed><sat>37</sat></trkpt>
  <trkpt lat="39.45171987" lon="44.01118441"><ele>1823.826</ele><time>2026-09-10T06:06:34Z</time><speed>1.410</speed><sat>37</sat></trkpt>
  <trkpt lat="39.45170633" lon="44.01119187"><ele>1824.407</ele><time>2026-09-10T06:06:35Z</time><speed>1.740</speed><sat>37</sat></trkpt>
  <trkpt lat="39.45169243" lon="44.01119908"><ele>1824.124</ele><time>2026-09-10T06:06:36Z</time><speed>1.470</speed><sat>37</sat></trkpt>
  <trkpt lat="39.45167875" lon="44.01120534"><ele>1823.762</ele><time>2026-09-10T06:06:37Z</time><speed>1.540</speed><sat>37</sat></trkpt>
  <trkpt lat="39.45166496" lon="44.01120923"><ele>1823.588</ele><time>2026-09-10T06:06:38Z</time><speed>1.380</speed><sat>37</sat></trkpt>
  <trkpt lat="39.45165070" lon="44.01121070"><ele>1823.540</ele><time>2026-09-10T06:06:39Z</time><speed>1.450</speed><sat>37</sat></trkpt>
  <trkpt lat="39.45164146" lon="44.01121083"><ele>1823.752</ele><time>2026-09-10T06:06:40Z</time><speed>0.590</speed><sat>37</sat></trkpt>
  <trkpt lat="39.45162920" lon="44.01121179"><ele>1823.582</ele><time>2026-09-10T06:06:41Z</time><speed>1.850</speed><sat>37</sat></trkpt>
  <trkpt lat="39.45161518" lon="44.01121264"><ele>1824.188</ele><time>2026-09-10T06:06:42Z</time><speed>1.240</speed><sat>37</sat></trkpt>
  <trkpt lat="39.45160003" lon="44.01121376"><ele>1824.773</ele><time>2026-09-10T06:06:43Z</time><speed>1.930</speed><sat>37</sat></trkpt>
  <trkpt lat="39.45158693" lon="44.01121579"><ele>1824.396</ele><time>2026-09-10T06:06:44Z</time><speed>1.260</speed><sat>37</sat></trkpt>
  <trkpt lat="39.45157393" lon="44.01122061"><ele>1824.639</ele><time>2026-09-10T06:06:45Z</time><speed>1.750</speed><sat>37</sat></trkpt>
  <trkpt lat="39.45155927" lon="44.01122784"><ele>1824.427</ele><time>2026-09-10T06:06:46Z</time><speed>1.510</speed><sat>37</sat></trkpt>
  <trkpt lat="39.45154399" lon="44.01123589"><ele>1824.311</ele><time>2026-09-10T06:06:47Z</time><speed>1.950</speed><sat>37</sat></trkpt>
  <trkpt lat="39.45152852" lon="44.01124298"><ele>1824.778</ele><time>2026-09-10T06:06:48Z</time><speed>1.610</speed><sat>37</sat></trkpt>
  <trkpt lat="39.45151526" lon="44.01124808"><ele>1824.983</ele><time>2026-09-10T06:06:49Z</time><speed>1.450</speed><sat>37</sat></trkpt>
  <trkpt lat="39.45150283" lon="44.01125205"><ele>1825.167</ele><time>2026-09-10T06:06:50Z</time><speed>1.380</speed><sat>37</sat></trkpt>
  <trkpt lat="39.45148988" lon="44.01125646"><ele>1824.863</ele><time>2026-09-10T06:06:51Z</time><speed>1.450</speed><sat>37</sat></trkpt>
  <trkpt lat="39.45148010" lon="44.01125896"><ele>1825.178</ele><time>2026-09-10T06:06:52Z</time><speed>0.880</speed><sat>37</sat></trkpt>
  <trkpt lat="39.45146912" lon="44.01125794"><ele>1825.869</ele><time>2026-09-10T06:06:53Z</time><speed>1.450</speed><sat>37</sat></trkpt>
  <trkpt lat="39.45145672" lon="44.01125563"><ele>1825.963</ele><time>2026-09-10T06:06:54Z</time><speed>1.390</speed><sat>37</sat></trkpt>
  <trkpt lat="39.45144110" lon="44.01125517"><ele>1825.897</ele><time>2026-09-10T06:06:55Z</time><speed>2.000</speed><sat>37</sat></trkpt>
  <trkpt lat="39.45142336" lon="44.01125850"><ele>1825.322</ele><time>2026-09-10T06:06:56Z</time><speed>1.790</speed><sat>37</sat></trkpt>
  <trkpt lat="39.45140673" lon="44.01126420"><ele>1824.854</ele><time>2026-09-10T06:06:57Z</time><speed>1.790</speed><sat>37</sat></trkpt>
  <trkpt lat="39.45139201" lon="44.01127049"><ele>1823.885</ele><time>2026-09-10T06:06:58Z</time><speed>1.460</speed><sat>37</sat></trkpt>
  <trkpt lat="39.45137867" lon="44.01127578"><ele>1824.958</ele><time>2026-09-10T06:06:59Z</time><speed>1.520</speed><sat>37</sat></trkpt>
  <trkpt lat="39.45136548" lon="44.01127880"><ele>1825.313</ele><time>2026-09-10T06:07:00Z</time><speed>1.580</speed><sat>37</sat></trkpt>
  <trkpt lat="39.45135489" lon="44.01128195"><ele>1825.436</ele><time>2026-09-10T06:07:01Z</time><speed>1.080</speed><sat>37</sat></trkpt>
  <trkpt lat="39.45134474" lon="44.01128431"><ele>1825.207</ele><time>2026-09-10T06:07:02Z</time><speed>1.340</speed><sat>37</sat></trkpt>
  <trkpt lat="39.45133358" lon="44.01128815"><ele>1825.932</ele><time>2026-09-10T06:07:03Z</time><speed>1.280</speed><sat>37</sat></trkpt>
  <trkpt lat="39.45132101" lon="44.01129234"><ele>1826.390</ele><time>2026-09-10T06:07:04Z</time><speed>1.490</speed><sat>37</sat></trkpt>
  <trkpt lat="39.45130776" lon="44.01129709"><ele>1826.595</ele><time>2026-09-10T06:07:05Z</time><speed>1.650</speed><sat>37</sat></trkpt>
  <trkpt lat="39.45129299" lon="44.01130353"><ele>1826.381</ele><time>2026-09-10T06:07:06Z</time><speed>1.700</speed><sat>37</sat></trkpt>
  <trkpt lat="39.45127866" lon="44.01131069"><ele>1826.472</ele><time>2026-09-10T06:07:07Z</time><speed>1.560</speed><sat>37</sat></trkpt>
  <trkpt lat="39.45126336" lon="44.01131640"><ele>1825.880</ele><time>2026-09-10T06:07:08Z</time><speed>1.810</speed><sat>37</sat></trkpt>
  <trkpt lat="39.45124943" lon="44.01132147"><ele>1825.653</ele><time>2026-09-10T06:07:09Z</time><speed>1.310</speed><sat>37</sat></trkpt>
  <trkpt lat="39.45123662" lon="44.01132504"><ele>1825.329</ele><time>2026-09-10T06:07:10Z</time><speed>1.470</speed><sat>37</sat></trkpt>
  <trkpt lat="39.45122279" lon="44.01132826"><ele>1825.265</ele><time>2026-09-10T06:07:11Z</time><speed>1.420</speed><sat>37</sat></trkpt>
  <trkpt lat="39.45120975" lon="44.01133062"><ele>1825.930</ele><time>2026-09-10T06:07:12Z</time><speed>1.430</speed><sat>37</sat></trkpt>
  <trkpt lat="39.45119977" lon="44.01133258"><ele>1826.116</ele><time>2026-09-10T06:07:13Z</time><speed>0.900</speed><sat>37</sat></trkpt>
  <trkpt lat="39.45118952" lon="44.01133437"><ele>1826.156</ele><time>2026-09-10T06:07:14Z</time><speed>1.390</speed><sat>37</sat></trkpt>
  <trkpt lat="39.45117659" lon="44.01133612"><ele>1825.851</ele><time>2026-09-10T06:07:15Z</time><speed>1.520</speed><sat>37</sat></trkpt>
  <trkpt lat="39.45116241" lon="44.01133785"><ele>1826.136</ele><time>2026-09-10T06:07:16Z</time><speed>1.630</speed><sat>37</sat></trkpt>
  <trkpt lat="39.45114890" lon="44.01134198"><ele>1827.309</ele><time>2026-09-10T06:07:17Z</time><speed>1.420</speed><sat>37</sat></trkpt>
  <trkpt lat="39.45113563" lon="44.01134724"><ele>1826.848</ele><time>2026-09-10T06:07:18Z</time><speed>1.520</speed><sat>37</sat></trkpt>
  <trkpt lat="39.45112113" lon="44.01135215"><ele>1826.376</ele><time>2026-09-10T06:07:19Z</time><speed>1.690</speed><sat>37</sat></trkpt>
  <trkpt lat="39.45110743" lon="44.01135664"><ele>1826.814</ele><time>2026-09-10T06:07:20Z</time><speed>1.610</speed><sat>37</sat></trkpt>
  <trkpt lat="39.45109510" lon="44.01136113"><ele>1827.323</ele><time>2026-09-10T06:07:21Z</time><speed>1.360</speed><sat>37</sat></trkpt>
  <trkpt lat="39.45108275" lon="44.01136587"><ele>1827.569</ele><time>2026-09-10T06:07:22Z</time><speed>1.540</speed><sat>37</sat></trkpt>
  <trkpt lat="39.45107201" lon="44.01136948"><ele>1828.135</ele><time>2026-09-10T06:07:23Z</time><speed>1.210</speed><sat>37</sat></trkpt>
  <trkpt lat="39.45106061" lon="44.01137274"><ele>1827.916</ele><time>2026-09-10T06:07:24Z</time><speed>1.510</speed><sat>37</sat></trkpt>
  <trkpt lat="39.45104774" lon="44.01137549"><ele>1828.035</ele><time>2026-09-10T06:07:25Z</time><speed>1.490</speed><sat>37</sat></trkpt>
  <trkpt lat="39.45103414" lon="44.01137858"><ele>1827.295</ele><time>2026-09-10T06:07:26Z</time><speed>1.710</speed><sat>37</sat></trkpt>
  <trkpt lat="39.45101934" lon="44.01138327"><ele>1827.348</ele><time>2026-09-10T06:07:27Z</time><speed>1.750</speed><sat>37</sat></trkpt>
  <trkpt lat="39.45100663" lon="44.01138833"><ele>1827.333</ele><time>2026-09-10T06:07:28Z</time><speed>1.370</speed><sat>37</sat></trkpt>
  <trkpt lat="39.45099399" lon="44.01139393"><ele>1827.404</ele><time>2026-09-10T06:07:29Z</time><speed>1.650</speed><sat>37</sat></trkpt>
  <trkpt lat="39.45097936" lon="44.01139967"><ele>1826.918</ele><time>2026-09-10T06:07:30Z</time><speed>1.720</speed><sat>37</sat></trkpt>
  <trkpt lat="39.45096537" lon="44.01140710"><ele>1827.176</ele><time>2026-09-10T06:07:31Z</time><speed>1.600</speed><sat>37</sat></trkpt>
  <trkpt lat="39.45095515" lon="44.01141201"><ele>1827.574</ele><time>2026-09-10T06:07:32Z</time><speed>1.060</speed><sat>37</sat></trkpt>
  <trkpt lat="39.45094579" lon="44.01141476"><ele>1827.882</ele><time>2026-09-10T06:07:33Z</time><speed>1.430</speed><sat>37</sat></trkpt>
  <trkpt lat="39.45093580" lon="44.01141739"><ele>1827.768</ele><time>2026-09-10T06:07:34Z</time><speed>1.250</speed><sat>37</sat></trkpt>
  <trkpt lat="39.45092626" lon="44.01142047"><ele>1827.183</ele><time>2026-09-10T06:07:35Z</time><speed>1.290</speed><sat>37</sat></trkpt>
  <trkpt lat="39.45091787" lon="44.01142551"><ele>1827.305</ele><time>2026-09-10T06:07:36Z</time><speed>1.140</speed><sat>37</sat></trkpt>
  <trkpt lat="39.45091087" lon="44.01143203"><ele>1827.167</ele><time>2026-09-10T06:07:37Z</time><speed>0.940</speed><sat>37</sat></trkpt>
  <trkpt lat="39.45090380" lon="44.01143770"><ele>1826.841</ele><time>2026-09-10T06:07:38Z</time><speed>1.040</speed><sat>37</sat></trkpt>
  <trkpt lat="39.45089767" lon="44.01144116"><ele>1826.933</ele><time>2026-09-10T06:07:39Z</time><speed>0.530</speed><sat>37</sat></trkpt>
  <trkpt lat="39.45089292" lon="44.01144396"><ele>1827.582</ele><time>2026-09-10T06:07:40Z</time><speed>0.650</speed><sat>37</sat></trkpt>
  <trkpt lat="39.45088757" lon="44.01144656"><ele>1827.512</ele><time>2026-09-10T06:07:41Z</time><speed>0.630</speed><sat>37</sat></trkpt>
  <trkpt lat="39.45087682" lon="44.01145189"><ele>1827.320</ele><time>2026-09-10T06:07:42Z</time><speed>1.770</speed><sat>37</sat></trkpt>
  <trkpt lat="39.45086219" lon="44.01145665"><ele>1827.567</ele><time>2026-09-10T06:07:43Z</time><speed>1.570</speed><sat>35</sat></trkpt>
  <trkpt lat="39.45084809" lon="44.01145942"><ele>1827.695</ele><time>2026-09-10T06:07:44Z</time><speed>1.530</speed><sat>37</sat></trkpt>
  <trkpt lat="39.45083453" lon="44.01146041"><ele>1827.903</ele><time>2026-09-10T06:07:45Z</time><speed>1.430</speed><sat>37</sat></trkpt>
  <trkpt lat="39.45081895" lon="44.01146140"><ele>1828.187</ele><time>2026-09-10T06:07:46Z</time><speed>2.170</speed><sat>37</sat></trkpt>
  <trkpt lat="39.45080472" lon="44.01146260"><ele>1828.182</ele><time>2026-09-10T06:07:47Z</time><speed>1.370</speed><sat>37</sat></trkpt>
  <trkpt lat="39.45078994" lon="44.01146428"><ele>1827.722</ele><time>2026-09-10T06:07:48Z</time><speed>1.970</speed><sat>37</sat></trkpt>
  <trkpt lat="39.45077686" lon="44.01146714"><ele>1827.949</ele><time>2026-09-10T06:07:49Z</time><speed>1.250</speed><sat>37</sat></trkpt>
  <trkpt lat="39.45076585" lon="44.01146948"><ele>1828.104</ele><time>2026-09-10T06:07:50Z</time><speed>1.500</speed><sat>37</sat></trkpt>
  <trkpt lat="39.45075486" lon="44.01147047"><ele>1827.718</ele><time>2026-09-10T06:07:51Z</time><speed>1.190</speed><sat>37</sat></trkpt>
  <trkpt lat="39.45074460" lon="44.01147136"><ele>1827.794</ele><time>2026-09-10T06:07:52Z</time><speed>1.140</speed><sat>37</sat></trkpt>
  <trkpt lat="39.45073344" lon="44.01147268"><ele>1827.880</ele><time>2026-09-10T06:07:53Z</time><speed>1.220</speed><sat>37</sat></trkpt>
  <trkpt lat="39.45071903" lon="44.01147561"><ele>1828.039</ele><time>2026-09-10T06:07:54Z</time><speed>1.710</speed><sat>37</sat></trkpt>
  <trkpt lat="39.45070353" lon="44.01147936"><ele>1827.392</ele><time>2026-09-10T06:07:55Z</time><speed>1.620</speed><sat>37</sat></trkpt>
  <trkpt lat="39.45068826" lon="44.01148462"><ele>1828.122</ele><time>2026-09-10T06:07:56Z</time><speed>1.680</speed><sat>37</sat></trkpt>
  <trkpt lat="39.45067314" lon="44.01149129"><ele>1827.710</ele><time>2026-09-10T06:07:57Z</time><speed>1.680</speed><sat>37</sat></trkpt>
  <trkpt lat="39.45065869" lon="44.01149771"><ele>1827.952</ele><time>2026-09-10T06:07:58Z</time><speed>1.690</speed><sat>37</sat></trkpt>
  <trkpt lat="39.45064507" lon="44.01150278"><ele>1827.812</ele><time>2026-09-10T06:07:59Z</time><speed>1.660</speed><sat>37</sat></trkpt>
  <trkpt lat="39.45063191" lon="44.01150576"><ele>1827.886</ele><time>2026-09-10T06:08:00Z</time><speed>1.580</speed><sat>37</sat></trkpt>
  <trkpt lat="39.45062024" lon="44.01150745"><ele>1827.529</ele><time>2026-09-10T06:08:01Z</time><speed>1.310</speed><sat>37</sat></trkpt>
  <trkpt lat="39.45061051" lon="44.01150788"><ele>1826.453</ele><time>2026-09-10T06:08:02Z</time><speed>1.130</speed><sat>37</sat></trkpt>
  <trkpt lat="39.45059899" lon="44.01150709"><ele>1826.460</ele><time>2026-09-10T06:08:03Z</time><speed>1.490</speed><sat>37</sat></trkpt>
  <trkpt lat="39.45058438" lon="44.01150848"><ele>1826.222</ele><time>2026-09-10T06:08:04Z</time><speed>1.570</speed><sat>37</sat></trkpt>
  <trkpt lat="39.45056976" lon="44.01151196"><ele>1827.440</ele><time>2026-09-10T06:08:05Z</time><speed>1.490</speed><sat>37</sat></trkpt>
  <trkpt lat="39.45055596" lon="44.01151464"><ele>1827.379</ele><time>2026-09-10T06:08:06Z</time><speed>1.470</speed><sat>37</sat></trkpt>
  <trkpt lat="39.45054194" lon="44.01151718"><ele>1827.932</ele><time>2026-09-10T06:08:07Z</time><speed>1.560</speed><sat>37</sat></trkpt>
  <trkpt lat="39.45052813" lon="44.01152121"><ele>1827.888</ele><time>2026-09-10T06:08:08Z</time><speed>1.610</speed><sat>37</sat></trkpt>
  <trkpt lat="39.45051509" lon="44.01152629"><ele>1828.661</ele><time>2026-09-10T06:08:09Z</time><speed>1.570</speed><sat>37</sat></trkpt>
  <trkpt lat="39.45050267" lon="44.01153110"><ele>1829.962</ele><time>2026-09-10T06:08:10Z</time><speed>1.460</speed><sat>37</sat></trkpt>
  <trkpt lat="39.45049109" lon="44.01153445"><ele>1829.949</ele><time>2026-09-10T06:08:11Z</time><speed>1.390</speed><sat>37</sat></trkpt>
  <trkpt lat="39.45047985" lon="44.01153738"><ele>1829.336</ele><time>2026-09-10T06:08:12Z</time><speed>1.240</speed><sat>37</sat></trkpt>
  <trkpt lat="39.45046996" lon="44.01153936"><ele>1829.677</ele><time>2026-09-10T06:08:13Z</time><speed>1.130</speed><sat>37</sat></trkpt>
  <trkpt lat="39.45045876" lon="44.01154054"><ele>1829.010</ele><time>2026-09-10T06:08:14Z</time><speed>1.390</speed><sat>37</sat></trkpt>
  <trkpt lat="39.45044485" lon="44.01154073"><ele>1829.072</ele><time>2026-09-10T06:08:15Z</time><speed>1.650</speed><sat>37</sat></trkpt>
  <trkpt lat="39.45042869" lon="44.01154363"><ele>1829.384</ele><time>2026-09-10T06:08:16Z</time><speed>1.790</speed><sat>37</sat></trkpt>
  <trkpt lat="39.45041063" lon="44.01154826"><ele>1829.720</ele><time>2026-09-10T06:08:17Z</time><speed>1.930</speed><sat>37</sat></trkpt>
  <trkpt lat="39.45039524" lon="44.01155231"><ele>1829.508</ele><time>2026-09-10T06:08:18Z</time><speed>1.430</speed><sat>37</sat></trkpt>
  <trkpt lat="39.45038376" lon="44.01155854"><ele>1829.810</ele><time>2026-09-10T06:08:19Z</time><speed>1.190</speed><sat>37</sat></trkpt>
  <trkpt lat="39.45037218" lon="44.01156659"><ele>1829.969</ele><time>2026-09-10T06:08:20Z</time><speed>1.420</speed><sat>37</sat></trkpt>
  <trkpt lat="39.45035952" lon="44.01157546"><ele>1829.557</ele><time>2026-09-10T06:08:21Z</time><speed>1.440</speed><sat>37</sat></trkpt>
  <trkpt lat="39.45034595" lon="44.01158252"><ele>1829.566</ele><time>2026-09-10T06:08:22Z</time><speed>1.470</speed><sat>37</sat></trkpt>
  <trkpt lat="39.45033188" lon="44.01158704"><ele>1829.304</ele><time>2026-09-10T06:08:23Z</time><speed>1.420</speed><sat>37</sat></trkpt>
  <trkpt lat="39.45031800" lon="44.01159078"><ele>1829.067</ele><time>2026-09-10T06:08:24Z</time><speed>1.440</speed><sat>37</sat></trkpt>
  <trkpt lat="39.45030523" lon="44.01159514"><ele>1828.980</ele><time>2026-09-10T06:08:25Z</time><speed>1.290</speed><sat>37</sat></trkpt>
  <trkpt lat="39.45029354" lon="44.01160258"><ele>1828.830</ele><time>2026-09-10T06:08:26Z</time><speed>1.360</speed><sat>37</sat></trkpt>
  <trkpt lat="39.45028620" lon="44.01161063"><ele>1828.194</ele><time>2026-09-10T06:08:27Z</time><speed>0.820</speed><sat>37</sat></trkpt>
  <trkpt lat="39.45028278" lon="44.01161597"><ele>1827.275</ele><time>2026-09-10T06:08:28Z</time><speed>0.570</speed><sat>37</sat></trkpt>
  <trkpt lat="39.45027427" lon="44.01161562"><ele>1826.259</ele><time>2026-09-10T06:08:29Z</time><speed>1.450</speed><sat>37</sat></trkpt>
  <trkpt lat="39.45026667" lon="44.01161406"><ele>1826.691</ele><time>2026-09-10T06:08:30Z</time><speed>0.880</speed><sat>37</sat></trkpt>
  <trkpt lat="39.45025649" lon="44.01161036"><ele>1827.432</ele><time>2026-09-10T06:08:31Z</time><speed>1.470</speed><sat>37</sat></trkpt>
  <trkpt lat="39.45024323" lon="44.01160880"><ele>1827.284</ele><time>2026-09-10T06:08:32Z</time><speed>1.510</speed><sat>37</sat></trkpt>
  <trkpt lat="39.45022956" lon="44.01161209"><ele>1827.861</ele><time>2026-09-10T06:08:33Z</time><speed>1.560</speed><sat>37</sat></trkpt>
  <trkpt lat="39.45021221" lon="44.01161138"><ele>1827.413</ele><time>2026-09-10T06:08:34Z</time><speed>2.130</speed><sat>33</sat></trkpt>
  <trkpt lat="39.45019601" lon="44.01161266"><ele>1827.880</ele><time>2026-09-10T06:08:35Z</time><speed>2.160</speed><sat>33</sat></trkpt>
  <trkpt lat="39.45018461" lon="44.01161393"><ele>1828.271</ele><time>2026-09-10T06:08:36Z</time><speed>1.760</speed><sat>36</sat></trkpt>
  <trkpt lat="39.45017668" lon="44.01161616"><ele>1828.878</ele><time>2026-09-10T06:08:37Z</time><speed>1.520</speed><sat>35</sat></trkpt>
  <trkpt lat="39.45017170" lon="44.01161984"><ele>1828.673</ele><time>2026-09-10T06:08:38Z</time><speed>1.190</speed><sat>36</sat></trkpt>
  <trkpt lat="39.45016526" lon="44.01162538"><ele>1828.930</ele><time>2026-09-10T06:08:39Z</time><speed>1.370</speed><sat>36</sat></trkpt>
  <trkpt lat="39.45015626" lon="44.01163025"><ele>1828.481</ele><time>2026-09-10T06:08:40Z</time><speed>1.480</speed><sat>36</sat></trkpt>
  <trkpt lat="39.45014477" lon="44.01163497"><ele>1828.947</ele><time>2026-09-10T06:08:41Z</time><speed>1.610</speed><sat>36</sat></trkpt>
  <trkpt lat="39.45013469" lon="44.01163795"><ele>1828.936</ele><time>2026-09-10T06:08:42Z</time><speed>1.200</speed><sat>36</sat></trkpt>
  <trkpt lat="39.45012532" lon="44.01163992"><ele>1828.487</ele><time>2026-09-10T06:08:43Z</time><speed>1.230</speed><sat>36</sat></trkpt>
  <trkpt lat="39.45011104" lon="44.01164158"><ele>1828.233</ele><time>2026-09-10T06:08:44Z</time><speed>1.860</speed><sat>36</sat></trkpt>
  <trkpt lat="39.45009463" lon="44.01164445"><ele>1827.875</ele><time>2026-09-10T06:08:45Z</time><speed>1.800</speed><sat>36</sat></trkpt>
  <trkpt lat="39.45007982" lon="44.01164970"><ele>1828.100</ele><time>2026-09-10T06:08:46Z</time><speed>1.660</speed><sat>36</sat></trkpt>
  <trkpt lat="39.45006541" lon="44.01165598"><ele>1828.014</ele><time>2026-09-10T06:08:47Z</time><speed>1.680</speed><sat>36</sat></trkpt>
  <trkpt lat="39.45005168" lon="44.01166196"><ele>1828.278</ele><time>2026-09-10T06:08:48Z</time><speed>1.720</speed><sat>36</sat></trkpt>
  <trkpt lat="39.45003639" lon="44.01166556"><ele>1828.352</ele><time>2026-09-10T06:08:49Z</time><speed>1.780</speed><sat>36</sat></trkpt>
  <trkpt lat="39.45002272" lon="44.01166713"><ele>1829.813</ele><time>2026-09-10T06:08:50Z</time><speed>1.710</speed><sat>36</sat></trkpt>
  <trkpt lat="39.45001417" lon="44.01166598"><ele>1830.042</ele><time>2026-09-10T06:08:51Z</time><speed>0.850</speed><sat>36</sat></trkpt>
  <trkpt lat="39.45000557" lon="44.01166339"><ele>1829.398</ele><time>2026-09-10T06:08:52Z</time><speed>1.160</speed><sat>36</sat></trkpt>
  <trkpt lat="39.44999297" lon="44.01166028"><ele>1829.849</ele><time>2026-09-10T06:08:53Z</time><speed>1.600</speed><sat>36</sat></trkpt>
  <trkpt lat="39.44997685" lon="44.01165918"><ele>1830.006</ele><time>2026-09-10T06:08:54Z</time><speed>1.750</speed><sat>37</sat></trkpt>
  <trkpt lat="39.44996169" lon="44.01165989"><ele>1830.758</ele><time>2026-09-10T06:08:55Z</time><speed>1.620</speed><sat>37</sat></trkpt>
  <trkpt lat="39.44994677" lon="44.01166236"><ele>1830.933</ele><time>2026-09-10T06:08:56Z</time><speed>1.660</speed><sat>37</sat></trkpt>
  <trkpt lat="39.44993204" lon="44.01166579"><ele>1829.756</ele><time>2026-09-10T06:08:57Z</time><speed>1.550</speed><sat>37</sat></trkpt>
  <trkpt lat="39.44991894" lon="44.01166899"><ele>1829.297</ele><time>2026-09-10T06:08:58Z</time><speed>1.490</speed><sat>37</sat></trkpt>
  <trkpt lat="39.44990671" lon="44.01167209"><ele>1828.419</ele><time>2026-09-10T06:08:59Z</time><speed>1.410</speed><sat>37</sat></trkpt>
  <trkpt lat="39.44989411" lon="44.01167491"><ele>1827.998</ele><time>2026-09-10T06:09:00Z</time><speed>1.490</speed><sat>37</sat></trkpt>
  <trkpt lat="39.44988046" lon="44.01167802"><ele>1828.164</ele><time>2026-09-10T06:09:01Z</time><speed>1.650</speed><sat>37</sat></trkpt>
  <trkpt lat="39.44986977" lon="44.01168025"><ele>1829.309</ele><time>2026-09-10T06:09:02Z</time><speed>1.020</speed><sat>37</sat></trkpt>
  <trkpt lat="39.44985964" lon="44.01168204"><ele>1829.445</ele><time>2026-09-10T06:09:03Z</time><speed>1.310</speed><sat>37</sat></trkpt>
  <trkpt lat="39.44984512" lon="44.01168261"><ele>1828.660</ele><time>2026-09-10T06:09:04Z</time><speed>1.750</speed><sat>37</sat></trkpt>
  <trkpt lat="39.44983095" lon="44.01168205"><ele>1828.019</ele><time>2026-09-10T06:09:05Z</time><speed>1.350</speed><sat>37</sat></trkpt>
  <trkpt lat="39.44981937" lon="44.01168089"><ele>1828.928</ele><time>2026-09-10T06:09:06Z</time><speed>1.280</speed><sat>37</sat></trkpt>
  <trkpt lat="39.44980751" lon="44.01167974"><ele>1829.805</ele><time>2026-09-10T06:09:07Z</time><speed>1.390</speed><sat>37</sat></trkpt>
  <trkpt lat="39.44979448" lon="44.01168007"><ele>1830.840</ele><time>2026-09-10T06:09:08Z</time><speed>1.480</speed><sat>37</sat></trkpt>
  <trkpt lat="39.44978029" lon="44.01168271"><ele>1830.687</ele><time>2026-09-10T06:09:09Z</time><speed>1.480</speed><sat>37</sat></trkpt>
  <trkpt lat="39.44976784" lon="44.01168721"><ele>1830.058</ele><time>2026-09-10T06:09:10Z</time><speed>1.200</speed><sat>37</sat></trkpt>
  <trkpt lat="39.44975571" lon="44.01169143"><ele>1829.625</ele><time>2026-09-10T06:09:11Z</time><speed>1.340</speed><sat>37</sat></trkpt>
  <trkpt lat="39.44974193" lon="44.01169383"><ele>1830.043</ele><time>2026-09-10T06:09:12Z</time><speed>1.460</speed><sat>37</sat></trkpt>
  <trkpt lat="39.44972824" lon="44.01169549"><ele>1830.022</ele><time>2026-09-10T06:09:13Z</time><speed>1.350</speed><sat>37</sat></trkpt>
  <trkpt lat="39.44971501" lon="44.01169585"><ele>1829.954</ele><time>2026-09-10T06:09:14Z</time><speed>1.330</speed><sat>37</sat></trkpt>
  <trkpt lat="39.44970490" lon="44.01169722"><ele>1830.667</ele><time>2026-09-10T06:09:15Z</time><speed>0.910</speed><sat>37</sat></trkpt>
  <trkpt lat="39.44969157" lon="44.01169991"><ele>1830.733</ele><time>2026-09-10T06:09:16Z</time><speed>1.780</speed><sat>37</sat></trkpt>
  <trkpt lat="39.44967783" lon="44.01170302"><ele>1831.589</ele><time>2026-09-10T06:09:17Z</time><speed>1.270</speed><sat>37</sat></trkpt>
  <trkpt lat="39.44966494" lon="44.01170579"><ele>1831.258</ele><time>2026-09-10T06:09:18Z</time><speed>1.490</speed><sat>37</sat></trkpt>
  <trkpt lat="39.44965179" lon="44.01170521"><ele>1832.244</ele><time>2026-09-10T06:09:19Z</time><speed>1.530</speed><sat>37</sat></trkpt>
  <trkpt lat="39.44963997" lon="44.01170450"><ele>1832.259</ele><time>2026-09-10T06:09:20Z</time><speed>1.250</speed><sat>37</sat></trkpt>
  <trkpt lat="39.44962504" lon="44.01170295"><ele>1832.281</ele><time>2026-09-10T06:09:21Z</time><speed>1.930</speed><sat>37</sat></trkpt>
  <trkpt lat="39.44960905" lon="44.01170268"><ele>1831.633</ele><time>2026-09-10T06:09:22Z</time><speed>1.510</speed><sat>37</sat></trkpt>
  <trkpt lat="39.44959456" lon="44.01170547"><ele>1831.345</ele><time>2026-09-10T06:09:23Z</time><speed>1.510</speed><sat>37</sat></trkpt>
  <trkpt lat="39.44958149" lon="44.01170852"><ele>1830.546</ele><time>2026-09-10T06:09:24Z</time><speed>1.450</speed><sat>37</sat></trkpt>
  <trkpt lat="39.44956965" lon="44.01171086"><ele>1830.563</ele><time>2026-09-10T06:09:25Z</time><speed>1.270</speed><sat>37</sat></trkpt>
  <trkpt lat="39.44955685" lon="44.01171055"><ele>1830.287</ele><time>2026-09-10T06:09:26Z</time><speed>1.390</speed><sat>37</sat></trkpt>
  <trkpt lat="39.44954284" lon="44.01170922"><ele>1830.801</ele><time>2026-09-10T06:09:27Z</time><speed>1.580</speed><sat>37</sat></trkpt>
  <trkpt lat="39.44952619" lon="44.01170813"><ele>1831.075</ele><time>2026-09-10T06:09:28Z</time><speed>1.960</speed><sat>37</sat></trkpt>
  <trkpt lat="39.44950942" lon="44.01170732"><ele>1830.269</ele><time>2026-09-10T06:09:29Z</time><speed>1.730</speed><sat>37</sat></trkpt>
  <trkpt lat="39.44949524" lon="44.01170890"><ele>1830.569</ele><time>2026-09-10T06:09:30Z</time><speed>1.530</speed><sat>37</sat></trkpt>
  <trkpt lat="39.44948165" lon="44.01171065"><ele>1829.946</ele><time>2026-09-10T06:09:31Z</time><speed>1.500</speed><sat>37</sat></trkpt>
  <trkpt lat="39.44946901" lon="44.01171303"><ele>1829.326</ele><time>2026-09-10T06:09:32Z</time><speed>1.400</speed><sat>37</sat></trkpt>
  <trkpt lat="39.44946109" lon="44.01171587"><ele>1829.081</ele><time>2026-09-10T06:09:33Z</time><speed>0.630</speed><sat>37</sat></trkpt>
  <trkpt lat="39.44945961" lon="44.01171782"><ele>1828.344</ele><time>2026-09-10T06:09:34Z</time><speed>0.800</speed><sat>37</sat></trkpt>
  <trkpt lat="39.44946863" lon="44.01171832"><ele>1828.727</ele><time>2026-09-10T06:09:35Z</time><speed>1.450</speed><sat>37</sat></trkpt>
  <trkpt lat="39.44948459" lon="44.01171775"><ele>1829.024</ele><time>2026-09-10T06:09:36Z</time><speed>1.160</speed><sat>37</sat></trkpt>
  <trkpt lat="39.44949703" lon="44.01171814"><ele>1829.235</ele><time>2026-09-10T06:09:37Z</time><speed>1.070</speed><sat>37</sat></trkpt>
  <trkpt lat="39.44950941" lon="44.01171946"><ele>1828.612</ele><time>2026-09-10T06:09:38Z</time><speed>1.240</speed><sat>37</sat></trkpt>
  <trkpt lat="39.44951591" lon="44.01172153"><ele>1828.855</ele><time>2026-09-10T06:09:39Z</time><speed>0.170</speed><sat>36</sat></trkpt>
  <trkpt lat="39.44951676" lon="44.01172400"><ele>1829.571</ele><time>2026-09-10T06:09:40Z</time><speed>0.850</speed><sat>36</sat></trkpt>
  <trkpt lat="39.44951286" lon="44.01172449"><ele>1830.346</ele><time>2026-09-10T06:09:41Z</time><speed>0.840</speed><sat>36</sat></trkpt>
  <trkpt lat="39.44950589" lon="44.01172520"><ele>1831.207</ele><time>2026-09-10T06:09:42Z</time><speed>0.220</speed><sat>36</sat></trkpt>
  <trkpt lat="39.44950247" lon="44.01172508"><ele>1831.139</ele><time>2026-09-10T06:09:43Z</time><speed>0.330</speed><sat>36</sat></trkpt>
  <trkpt lat="39.44949874" lon="44.01172599"><ele>1831.325</ele><time>2026-09-10T06:09:44Z</time><speed>0.350</speed><sat>35</sat></trkpt>
  <trkpt lat="39.44949030" lon="44.01172737"><ele>1831.309</ele><time>2026-09-10T06:09:45Z</time><speed>1.170</speed><sat>35</sat></trkpt>
  <trkpt lat="39.44947635" lon="44.01172758"><ele>1830.726</ele><time>2026-09-10T06:09:46Z</time><speed>1.030</speed><sat>35</sat></trkpt>
  <trkpt lat="39.44946263" lon="44.01172817"><ele>1830.644</ele><time>2026-09-10T06:09:47Z</time><speed>1.160</speed><sat>36</sat></trkpt>
  <trkpt lat="39.44944808" lon="44.01172790"><ele>1830.105</ele><time>2026-09-10T06:09:48Z</time><speed>1.190</speed><sat>37</sat></trkpt>
  <trkpt lat="39.44943392" lon="44.01172610"><ele>1830.221</ele><time>2026-09-10T06:09:49Z</time><speed>1.330</speed><sat>37</sat></trkpt>
  <trkpt lat="39.44941995" lon="44.01172475"><ele>1830.456</ele><time>2026-09-10T06:09:50Z</time><speed>1.350</speed><sat>37</sat></trkpt>
  <trkpt lat="39.44940555" lon="44.01172373"><ele>1831.199</ele><time>2026-09-10T06:09:51Z</time><speed>1.480</speed><sat>37</sat></trkpt>
  <trkpt lat="39.44939196" lon="44.01172455"><ele>1830.916</ele><time>2026-09-10T06:09:52Z</time><speed>1.500</speed><sat>37</sat></trkpt>
  <trkpt lat="39.44937799" lon="44.01172423"><ele>1831.544</ele><time>2026-09-10T06:09:53Z</time><speed>1.560</speed><sat>37</sat></trkpt>
  <trkpt lat="39.44936374" lon="44.01172478"><ele>1831.885</ele><time>2026-09-10T06:09:54Z</time><speed>1.560</speed><sat>37</sat></trkpt>
  <trkpt lat="39.44934786" lon="44.01172622"><ele>1831.667</ele><time>2026-09-10T06:09:55Z</time><speed>1.630</speed><sat>37</sat></trkpt>
  <trkpt lat="39.44933209" lon="44.01172761"><ele>1831.061</ele><time>2026-09-10T06:09:56Z</time><speed>1.550</speed><sat>37</sat></trkpt>
  <trkpt lat="39.44931768" lon="44.01172753"><ele>1830.913</ele><time>2026-09-10T06:09:57Z</time><speed>1.520</speed><sat>37</sat></trkpt>
  <trkpt lat="39.44930330" lon="44.01172568"><ele>1831.409</ele><time>2026-09-10T06:09:58Z</time><speed>1.500</speed><sat>37</sat></trkpt>
  <trkpt lat="39.44929055" lon="44.01172308"><ele>1831.713</ele><time>2026-09-10T06:09:59Z</time><speed>1.410</speed><sat>37</sat></trkpt>
  <trkpt lat="39.44927768" lon="44.01171938"><ele>1832.095</ele><time>2026-09-10T06:10:00Z</time><speed>1.470</speed><sat>37</sat></trkpt>
  <trkpt lat="39.44926373" lon="44.01171457"><ele>1832.262</ele><time>2026-09-10T06:10:01Z</time><speed>1.570</speed><sat>37</sat></trkpt>
  <trkpt lat="39.44924941" lon="44.01170961"><ele>1831.879</ele><time>2026-09-10T06:10:02Z</time><speed>1.610</speed><sat>37</sat></trkpt>
  <trkpt lat="39.44923499" lon="44.01170654"><ele>1831.232</ele><time>2026-09-10T06:10:03Z</time><speed>1.520</speed><sat>37</sat></trkpt>
  <trkpt lat="39.44922117" lon="44.01170404"><ele>1830.577</ele><time>2026-09-10T06:10:04Z</time><speed>1.530</speed><sat>37</sat></trkpt>
  <trkpt lat="39.44920760" lon="44.01170182"><ele>1831.497</ele><time>2026-09-10T06:10:05Z</time><speed>1.570</speed><sat>37</sat></trkpt>
  <trkpt lat="39.44919391" lon="44.01170092"><ele>1830.863</ele><time>2026-09-10T06:10:06Z</time><speed>1.530</speed><sat>37</sat></trkpt>
  <trkpt lat="39.44918158" lon="44.01169773"><ele>1830.925</ele><time>2026-09-10T06:10:07Z</time><speed>1.490</speed><sat>37</sat></trkpt>
  <trkpt lat="39.44916861" lon="44.01169447"><ele>1832.789</ele><time>2026-09-10T06:10:08Z</time><speed>1.660</speed><sat>37</sat></trkpt>
  <trkpt lat="39.44915234" lon="44.01168816"><ele>1832.222</ele><time>2026-09-10T06:10:09Z</time><speed>2.030</speed><sat>37</sat></trkpt>
  <trkpt lat="39.44913555" lon="44.01168162"><ele>1833.183</ele><time>2026-09-10T06:10:10Z</time><speed>1.900</speed><sat>37</sat></trkpt>
  <trkpt lat="39.44911988" lon="44.01167746"><ele>1833.713</ele><time>2026-09-10T06:10:11Z</time><speed>1.810</speed><sat>37</sat></trkpt>
  <trkpt lat="39.44910532" lon="44.01167660"><ele>1834.143</ele><time>2026-09-10T06:10:12Z</time><speed>1.760</speed><sat>37</sat></trkpt>
  <trkpt lat="39.44909046" lon="44.01167743"><ele>1834.110</ele><time>2026-09-10T06:10:13Z</time><speed>1.710</speed><sat>37</sat></trkpt>
  <trkpt lat="39.44907594" lon="44.01167870"><ele>1834.090</ele><time>2026-09-10T06:10:14Z</time><speed>1.650</speed><sat>37</sat></trkpt>
  <trkpt lat="39.44906343" lon="44.01167900"><ele>1833.871</ele><time>2026-09-10T06:10:15Z</time><speed>1.330</speed><sat>37</sat></trkpt>
  <trkpt lat="39.44905196" lon="44.01167713"><ele>1833.600</ele><time>2026-09-10T06:10:16Z</time><speed>1.560</speed><sat>37</sat></trkpt>
  <trkpt lat="39.44904120" lon="44.01167461"><ele>1833.244</ele><time>2026-09-10T06:10:17Z</time><speed>1.360</speed><sat>37</sat></trkpt>
  <trkpt lat="39.44902929" lon="44.01167118"><ele>1833.075</ele><time>2026-09-10T06:10:18Z</time><speed>1.680</speed><sat>37</sat></trkpt>
  <trkpt lat="39.44901699" lon="44.01166843"><ele>1833.089</ele><time>2026-09-10T06:10:19Z</time><speed>1.490</speed><sat>36</sat></trkpt>
  <trkpt lat="39.44900558" lon="44.01166680"><ele>1833.548</ele><time>2026-09-10T06:10:20Z</time><speed>1.430</speed><sat>37</sat></trkpt>
  <trkpt lat="39.44899189" lon="44.01166568"><ele>1833.773</ele><time>2026-09-10T06:10:21Z</time><speed>1.800</speed><sat>37</sat></trkpt>
  <trkpt lat="39.44897881" lon="44.01166623"><ele>1833.116</ele><time>2026-09-10T06:10:22Z</time><speed>1.390</speed><sat>37</sat></trkpt>
  <trkpt lat="39.44896847" lon="44.01166694"><ele>1831.708</ele><time>2026-09-10T06:10:23Z</time><speed>1.360</speed><sat>37</sat></trkpt>
  <trkpt lat="39.44895861" lon="44.01166652"><ele>1831.378</ele><time>2026-09-10T06:10:24Z</time><speed>1.180</speed><sat>37</sat></trkpt>
  <trkpt lat="39.44894928" lon="44.01166348"><ele>1831.784</ele><time>2026-09-10T06:10:25Z</time><speed>1.280</speed><sat>37</sat></trkpt>
  <trkpt lat="39.44893725" lon="44.01165854"><ele>1831.617</ele><time>2026-09-10T06:10:26Z</time><speed>1.600</speed><sat>37</sat></trkpt>
  <trkpt lat="39.44892381" lon="44.01165495"><ele>1830.970</ele><time>2026-09-10T06:10:27Z</time><speed>1.570</speed><sat>37</sat></trkpt>
  <trkpt lat="39.44890959" lon="44.01165510"><ele>1831.700</ele><time>2026-09-10T06:10:28Z</time><speed>1.600</speed><sat>37</sat></trkpt>
  <trkpt lat="39.44889978" lon="44.01165652"><ele>1832.651</ele><time>2026-09-10T06:10:29Z</time><speed>0.790</speed><sat>37</sat></trkpt>
  <trkpt lat="39.44889496" lon="44.01166066"><ele>1832.930</ele><time>2026-09-10T06:10:30Z</time><speed>0.590</speed><sat>37</sat></trkpt>
  <trkpt lat="39.44888847" lon="44.01166596"><ele>1832.836</ele><time>2026-09-10T06:10:31Z</time><speed>0.890</speed><sat>37</sat></trkpt>
  <trkpt lat="39.44888185" lon="44.01167088"><ele>1833.101</ele><time>2026-09-10T06:10:32Z</time><speed>0.690</speed><sat>37</sat></trkpt>
  <trkpt lat="39.44887631" lon="44.01167395"><ele>1832.967</ele><time>2026-09-10T06:10:33Z</time><speed>0.720</speed><sat>37</sat></trkpt>
  <trkpt lat="39.44886732" lon="44.01167337"><ele>1832.298</ele><time>2026-09-10T06:10:34Z</time><speed>1.200</speed><sat>37</sat></trkpt>
  <trkpt lat="39.44885663" lon="44.01167116"><ele>1832.123</ele><time>2026-09-10T06:10:35Z</time><speed>1.120</speed><sat>37</sat></trkpt>
  <trkpt lat="39.44884975" lon="44.01167003"><ele>1832.708</ele><time>2026-09-10T06:10:36Z</time><speed>0.630</speed><sat>37</sat></trkpt>
  <trkpt lat="39.44884105" lon="44.01166578"><ele>1832.392</ele><time>2026-09-10T06:10:37Z</time><speed>1.430</speed><sat>37</sat></trkpt>
  <trkpt lat="39.44882971" lon="44.01166068"><ele>1833.093</ele><time>2026-09-10T06:10:38Z</time><speed>1.460</speed><sat>37</sat></trkpt>
  <trkpt lat="39.44881883" lon="44.01165340"><ele>1832.467</ele><time>2026-09-10T06:10:39Z</time><speed>1.480</speed><sat>37</sat></trkpt>
  <trkpt lat="39.44880721" lon="44.01164469"><ele>1833.375</ele><time>2026-09-10T06:10:40Z</time><speed>1.670</speed><sat>37</sat></trkpt>
  <trkpt lat="39.44879451" lon="44.01163619"><ele>1833.714</ele><time>2026-09-10T06:10:41Z</time><speed>1.670</speed><sat>37</sat></trkpt>
  <trkpt lat="39.44878209" lon="44.01163032"><ele>1833.744</ele><time>2026-09-10T06:10:42Z</time><speed>1.580</speed><sat>37</sat></trkpt>
  <trkpt lat="39.44876927" lon="44.01162518"><ele>1833.584</ele><time>2026-09-10T06:10:43Z</time><speed>1.650</speed><sat>37</sat></trkpt>
  <trkpt lat="39.44875608" lon="44.01162001"><ele>1834.439</ele><time>2026-09-10T06:10:44Z</time><speed>1.740</speed><sat>37</sat></trkpt>
  <trkpt lat="39.44874050" lon="44.01161720"><ele>1834.193</ele><time>2026-09-10T06:10:45Z</time><speed>1.800</speed><sat>37</sat></trkpt>
  <trkpt lat="39.44871959" lon="44.01161393"><ele>1834.615</ele><time>2026-09-10T06:10:46Z</time><speed>2.270</speed><sat>37</sat></trkpt>
  <trkpt lat="39.44869070" lon="44.01160939"><ele>1833.329</ele><time>2026-09-10T06:10:47Z</time><speed>2.660</speed><sat>37</sat></trkpt>
  <trkpt lat="39.44866228" lon="44.01160565"><ele>1833.348</ele><time>2026-09-10T06:10:48Z</time><speed>2.520</speed><sat>37</sat></trkpt>
  <trkpt lat="39.44863383" lon="44.01160073"><ele>1833.344</ele><time>2026-09-10T06:10:49Z</time><speed>2.700</speed><sat>37</sat></trkpt>
  <trkpt lat="39.44860609" lon="44.01159558"><ele>1833.299</ele><time>2026-09-10T06:10:50Z</time><speed>2.590</speed><sat>37</sat></trkpt>
  <trkpt lat="39.44857821" lon="44.01159180"><ele>1832.813</ele><time>2026-09-10T06:10:51Z</time><speed>2.880</speed><sat>37</sat></trkpt>
  <trkpt lat="39.44855160" lon="44.01158862"><ele>1832.848</ele><time>2026-09-10T06:10:52Z</time><speed>2.300</speed><sat>37</sat></trkpt>
  <trkpt lat="39.44852501" lon="44.01158554"><ele>1831.276</ele><time>2026-09-10T06:10:53Z</time><speed>2.600</speed><sat>37</sat></trkpt>
  <trkpt lat="39.44849792" lon="44.01158173"><ele>1830.711</ele><time>2026-09-10T06:10:54Z</time><speed>2.570</speed><sat>37</sat></trkpt>
  <trkpt lat="39.44846703" lon="44.01157646"><ele>1831.074</ele><time>2026-09-10T06:10:55Z</time><speed>3.630</speed><sat>37</sat></trkpt>
  <trkpt lat="39.44844101" lon="44.01157054"><ele>1830.826</ele><time>2026-09-10T06:10:56Z</time><speed>2.660</speed><sat>37</sat></trkpt>
  <trkpt lat="39.44841689" lon="44.01156474"><ele>1830.528</ele><time>2026-09-10T06:10:57Z</time><speed>3.020</speed><sat>37</sat></trkpt>
  <trkpt lat="39.44839550" lon="44.01155654"><ele>1830.300</ele><time>2026-09-10T06:10:58Z</time><speed>2.350</speed><sat>37</sat></trkpt>
  <trkpt lat="39.44837739" lon="44.01155100"><ele>1830.876</ele><time>2026-09-10T06:10:59Z</time><speed>2.140</speed><sat>37</sat></trkpt>
  <trkpt lat="39.44835982" lon="44.01154673"><ele>1831.044</ele><time>2026-09-10T06:11:00Z</time><speed>2.050</speed><sat>37</sat></trkpt>
  <trkpt lat="39.44834363" lon="44.01154247"><ele>1830.911</ele><time>2026-09-10T06:11:01Z</time><speed>1.940</speed><sat>37</sat></trkpt>
  <trkpt lat="39.44832709" lon="44.01153772"><ele>1831.150</ele><time>2026-09-10T06:11:02Z</time><speed>2.020</speed><sat>37</sat></trkpt>
  <trkpt lat="39.44830998" lon="44.01153226"><ele>1831.566</ele><time>2026-09-10T06:11:03Z</time><speed>1.980</speed><sat>37</sat></trkpt>
  <trkpt lat="39.44829176" lon="44.01152634"><ele>1832.101</ele><time>2026-09-10T06:11:04Z</time><speed>2.040</speed><sat>37</sat></trkpt>
  <trkpt lat="39.44827307" lon="44.01152015"><ele>1832.494</ele><time>2026-09-10T06:11:05Z</time><speed>2.090</speed><sat>37</sat></trkpt>
  <trkpt lat="39.44825322" lon="44.01151452"><ele>1833.708</ele><time>2026-09-10T06:11:06Z</time><speed>2.130</speed><sat>37</sat></trkpt>
  <trkpt lat="39.44823390" lon="44.01151062"><ele>1833.603</ele><time>2026-09-10T06:11:07Z</time><speed>2.120</speed><sat>37</sat></trkpt>
  <trkpt lat="39.44821478" lon="44.01150662"><ele>1833.290</ele><time>2026-09-10T06:11:08Z</time><speed>2.120</speed><sat>37</sat></trkpt>
  <trkpt lat="39.44819573" lon="44.01150266"><ele>1832.303</ele><time>2026-09-10T06:11:09Z</time><speed>2.140</speed><sat>37</sat></trkpt>
  <trkpt lat="39.44817684" lon="44.01149902"><ele>1832.324</ele><time>2026-09-10T06:11:10Z</time><speed>2.130</speed><sat>37</sat></trkpt>
  <trkpt lat="39.44815723" lon="44.01149639"><ele>1832.733</ele><time>2026-09-10T06:11:11Z</time><speed>2.120</speed><sat>37</sat></trkpt>
  <trkpt lat="39.44813897" lon="44.01149307"><ele>1831.920</ele><time>2026-09-10T06:11:12Z</time><speed>2.020</speed><sat>37</sat></trkpt>
  <trkpt lat="39.44812867" lon="44.01149348"><ele>1831.665</ele><time>2026-09-10T06:11:13Z</time><speed>0.470</speed><sat>37</sat></trkpt>
  <trkpt lat="39.44812830" lon="44.01150208"><ele>1831.526</ele><time>2026-09-10T06:11:14Z</time><speed>0.000</speed><sat>37</sat></trkpt>
  <trkpt lat="39.44812916" lon="44.01150679"><ele>1831.524</ele><time>2026-09-10T06:11:15Z</time><speed>0.000</speed><sat>32</sat></trkpt>
  <trkpt lat="39.44812960" lon="44.01150917"><ele>1831.526</ele><time>2026-09-10T06:11:16Z</time><speed>0.000</speed><sat>31</sat></trkpt>
  <trkpt lat="39.44813157" lon="44.01150953"><ele>1831.561</ele><time>2026-09-10T06:11:17Z</time><speed>0.000</speed><sat>32</sat></trkpt>
  <trkpt lat="39.44813261" lon="44.01150992"><ele>1831.548</ele><time>2026-09-10T06:11:18Z</time><speed>0.000</speed><sat>32</sat></trkpt>
  <trkpt lat="39.44813315" lon="44.01151014"><ele>1831.545</ele><time>2026-09-10T06:11:19Z</time><speed>0.000</speed><sat>33</sat></trkpt>
  <trkpt lat="39.44813342" lon="44.01151029"><ele>1831.545</ele><time>2026-09-10T06:11:20Z</time><speed>0.000</speed><sat>32</sat></trkpt>
  <trkpt lat="39.44813356" lon="44.01151037"><ele>1831.547</ele><time>2026-09-10T06:11:21Z</time><speed>0.000</speed><sat>32</sat></trkpt>
  <trkpt lat="39.44813121" lon="44.01150954"><ele>1831.049</ele><time>2026-09-10T06:11:22Z</time><speed>0.430</speed><sat>33</sat></trkpt>
  <trkpt lat="39.44812609" lon="44.01150663"><ele>1831.035</ele><time>2026-09-10T06:11:23Z</time><speed>0.890</speed><sat>33</sat></trkpt>
  <trkpt lat="39.44812581" lon="44.01150973"><ele>1831.152</ele><time>2026-09-10T06:11:24Z</time><speed>0.000</speed><sat>33</sat></trkpt>
  <trkpt lat="39.44812532" lon="44.01151494"><ele>1830.689</ele><time>2026-09-10T06:11:25Z</time><speed>0.400</speed><sat>33</sat></trkpt>
  <trkpt lat="39.44812785" lon="44.01151938"><ele>1830.168</ele><time>2026-09-10T06:11:26Z</time><speed>0.000</speed><sat>34</sat></trkpt>
  <trkpt lat="39.44813016" lon="44.01152157"><ele>1830.144</ele><time>2026-09-10T06:11:27Z</time><speed>0.000</speed><sat>33</sat></trkpt>
  <trkpt lat="39.44813005" lon="44.01152284"><ele>1830.442</ele><time>2026-09-10T06:11:28Z</time><speed>0.000</speed><sat>29</sat></trkpt>
  <trkpt lat="39.44813493" lon="44.01153080"><ele>1830.748</ele><time>2026-09-10T06:11:29Z</time><speed>0.000</speed><sat>28</sat></trkpt>
  <trkpt lat="39.44813789" lon="44.01154296"><ele>1830.812</ele><time>2026-09-10T06:11:30Z</time><speed>1.040</speed><sat>28</sat></trkpt>
  <trkpt lat="39.44814050" lon="44.01155463"><ele>1830.763</ele><time>2026-09-10T06:11:31Z</time><speed>0.690</speed><sat>29</sat></trkpt>
  <trkpt lat="39.44814068" lon="44.01156076"><ele>1831.699</ele><time>2026-09-10T06:11:32Z</time><speed>0.720</speed><sat>29</sat></trkpt>
  <trkpt lat="39.44813296" lon="44.01156805"><ele>1830.999</ele><time>2026-09-10T06:11:33Z</time><speed>1.390</speed><sat>30</sat></trkpt>
  <trkpt lat="39.44812064" lon="44.01156807"><ele>1831.977</ele><time>2026-09-10T06:11:34Z</time><speed>1.570</speed><sat>30</sat></trkpt>
  <trkpt lat="39.44810786" lon="44.01156055"><ele>1833.469</ele><time>2026-09-10T06:11:35Z</time><speed>1.500</speed><sat>33</sat></trkpt>
  <trkpt lat="39.44809964" lon="44.01154997"><ele>1834.851</ele><time>2026-09-10T06:11:36Z</time><speed>1.170</speed><sat>35</sat></trkpt>
  <trkpt lat="39.44809293" lon="44.01153810"><ele>1835.479</ele><time>2026-09-10T06:11:37Z</time><speed>1.160</speed><sat>37</sat></trkpt>
  <trkpt lat="39.44808742" lon="44.01152589"><ele>1835.669</ele><time>2026-09-10T06:11:38Z</time><speed>1.080</speed><sat>36</sat></trkpt>
  <trkpt lat="39.44808200" lon="44.01151396"><ele>1835.223</ele><time>2026-09-10T06:11:39Z</time><speed>1.080</speed><sat>36</sat></trkpt>
  <trkpt lat="39.44807527" lon="44.01150373"><ele>1835.905</ele><time>2026-09-10T06:11:40Z</time><speed>1.170</speed><sat>36</sat></trkpt>
  <trkpt lat="39.44806711" lon="44.01149381"><ele>1835.031</ele><time>2026-09-10T06:11:41Z</time><speed>1.240</speed><sat>36</sat></trkpt>
  <trkpt lat="39.44805850" lon="44.01148524"><ele>1834.269</ele><time>2026-09-10T06:11:42Z</time><speed>1.120</speed><sat>36</sat></trkpt>
  <trkpt lat="39.44804771" lon="44.01147771"><ele>1834.747</ele><time>2026-09-10T06:11:43Z</time><speed>1.320</speed><sat>36</sat></trkpt>
  <trkpt lat="39.44803673" lon="44.01147042"><ele>1835.209</ele><time>2026-09-10T06:11:44Z</time><speed>1.300</speed><sat>36</sat></trkpt>
  <trkpt lat="39.44802454" lon="44.01146441"><ele>1835.582</ele><time>2026-09-10T06:11:45Z</time><speed>1.390</speed><sat>35</sat></trkpt>
  <trkpt lat="39.44801092" lon="44.01146015"><ele>1836.604</ele><time>2026-09-10T06:11:46Z</time><speed>1.380</speed><sat>36</sat></trkpt>
  <trkpt lat="39.44799452" lon="44.01145724"><ele>1837.299</ele><time>2026-09-10T06:11:47Z</time><speed>1.790</speed><sat>36</sat></trkpt>
  <trkpt lat="39.44797635" lon="44.01145555"><ele>1836.773</ele><time>2026-09-10T06:11:48Z</time><speed>1.880</speed><sat>37</sat></trkpt>
  <trkpt lat="39.44795760" lon="44.01145398"><ele>1836.430</ele><time>2026-09-10T06:11:49Z</time><speed>1.870</speed><sat>37</sat></trkpt>
  <trkpt lat="39.44793859" lon="44.01145267"><ele>1836.419</ele><time>2026-09-10T06:11:50Z</time><speed>1.910</speed><sat>37</sat></trkpt>
  <trkpt lat="39.44792135" lon="44.01144989"><ele>1835.885</ele><time>2026-09-10T06:11:51Z</time><speed>1.930</speed><sat>37</sat></trkpt>
  <trkpt lat="39.44790545" lon="44.01144581"><ele>1836.425</ele><time>2026-09-10T06:11:52Z</time><speed>1.900</speed><sat>37</sat></trkpt>
  <trkpt lat="39.44789072" lon="44.01144111"><ele>1837.066</ele><time>2026-09-10T06:11:53Z</time><speed>1.860</speed><sat>37</sat></trkpt>
  <trkpt lat="39.44787648" lon="44.01143777"><ele>1837.093</ele><time>2026-09-10T06:11:54Z</time><speed>1.750</speed><sat>37</sat></trkpt>
  <trkpt lat="39.44786342" lon="44.01143657"><ele>1837.396</ele><time>2026-09-10T06:11:55Z</time><speed>1.650</speed><sat>37</sat></trkpt>
  <trkpt lat="39.44785090" lon="44.01143680"><ele>1837.246</ele><time>2026-09-10T06:11:56Z</time><speed>1.550</speed><sat>36</sat></trkpt>
  <trkpt lat="39.44783864" lon="44.01143600"><ele>1837.262</ele><time>2026-09-10T06:11:57Z</time><speed>1.630</speed><sat>36</sat></trkpt>
  <trkpt lat="39.44782600" lon="44.01143307"><ele>1837.192</ele><time>2026-09-10T06:11:58Z</time><speed>1.600</speed><sat>35</sat></trkpt>
  <trkpt lat="39.44781366" lon="44.01143085"><ele>1836.679</ele><time>2026-09-10T06:11:59Z</time><speed>1.480</speed><sat>36</sat></trkpt>
  <trkpt lat="39.44779938" lon="44.01142774"><ele>1836.586</ele><time>2026-09-10T06:12:00Z</time><speed>1.760</speed><sat>36</sat></trkpt>
  <trkpt lat="39.44778514" lon="44.01142299"><ele>1837.308</ele><time>2026-09-10T06:12:01Z</time><speed>1.690</speed><sat>36</sat></trkpt>
  <trkpt lat="39.44777258" lon="44.01141660"><ele>1837.818</ele><time>2026-09-10T06:12:02Z</time><speed>1.510</speed><sat>36</sat></trkpt>
  <trkpt lat="39.44775946" lon="44.01140892"><ele>1838.556</ele><time>2026-09-10T06:12:03Z</time><speed>1.640</speed><sat>36</sat></trkpt>
  <trkpt lat="39.44774879" lon="44.01140402"><ele>1838.124</ele><time>2026-09-10T06:12:04Z</time><speed>1.160</speed><sat>36</sat></trkpt>
  <trkpt lat="39.44773660" lon="44.01140144"><ele>1838.173</ele><time>2026-09-10T06:12:05Z</time><speed>1.580</speed><sat>36</sat></trkpt>
  <trkpt lat="39.44772404" lon="44.01139987"><ele>1837.656</ele><time>2026-09-10T06:12:06Z</time><speed>1.450</speed><sat>35</sat></trkpt>
  <trkpt lat="39.44771309" lon="44.01140082"><ele>1836.923</ele><time>2026-09-10T06:12:07Z</time><speed>1.070</speed><sat>35</sat></trkpt>
  <trkpt lat="39.44770243" lon="44.01140622"><ele>1835.840</ele><time>2026-09-10T06:12:08Z</time><speed>1.280</speed><sat>35</sat></trkpt>
  <trkpt lat="39.44769234" lon="44.01141317"><ele>1836.275</ele><time>2026-09-10T06:12:09Z</time><speed>1.130</speed><sat>37</sat></trkpt>
  <trkpt lat="39.44768201" lon="44.01141703"><ele>1836.996</ele><time>2026-09-10T06:12:10Z</time><speed>1.220</speed><sat>37</sat></trkpt>
  <trkpt lat="39.44767429" lon="44.01142287"><ele>1836.336</ele><time>2026-09-10T06:12:11Z</time><speed>0.000</speed><sat>37</sat></trkpt>
  <trkpt lat="39.44766565" lon="44.01142061"><ele>1835.911</ele><time>2026-09-10T06:12:12Z</time><speed>0.770</speed><sat>37</sat></trkpt>
  <trkpt lat="39.44765353" lon="44.01141868"><ele>1835.700</ele><time>2026-09-10T06:12:13Z</time><speed>1.280</speed><sat>37</sat></trkpt>
  <trkpt lat="39.44763794" lon="44.01141517"><ele>1836.447</ele><time>2026-09-10T06:12:14Z</time><speed>1.630</speed><sat>37</sat></trkpt>
  <trkpt lat="39.44762513" lon="44.01141457"><ele>1836.142</ele><time>2026-09-10T06:12:15Z</time><speed>1.320</speed><sat>37</sat></trkpt>
  <trkpt lat="39.44761528" lon="44.01141523"><ele>1836.697</ele><time>2026-09-10T06:12:16Z</time><speed>1.020</speed><sat>37</sat></trkpt>
  <trkpt lat="39.44760543" lon="44.01141568"><ele>1837.104</ele><time>2026-09-10T06:12:17Z</time><speed>1.170</speed><sat>37</sat></trkpt>
  <trkpt lat="39.44759414" lon="44.01141352"><ele>1837.323</ele><time>2026-09-10T06:12:18Z</time><speed>1.360</speed><sat>37</sat></trkpt>
  <trkpt lat="39.44758244" lon="44.01140771"><ele>1836.857</ele><time>2026-09-10T06:12:19Z</time><speed>1.470</speed><sat>37</sat></trkpt>
  <trkpt lat="39.44756852" lon="44.01139913"><ele>1836.655</ele><time>2026-09-10T06:12:20Z</time><speed>1.580</speed><sat>37</sat></trkpt>
  <trkpt lat="39.44755092" lon="44.01139189"><ele>1837.112</ele><time>2026-09-10T06:12:21Z</time><speed>2.150</speed><sat>37</sat></trkpt>
  <trkpt lat="39.44753052" lon="44.01138610"><ele>1835.969</ele><time>2026-09-10T06:12:22Z</time><speed>2.230</speed><sat>36</sat></trkpt>
  <trkpt lat="39.44751019" lon="44.01138260"><ele>1835.942</ele><time>2026-09-10T06:12:23Z</time><speed>2.140</speed><sat>36</sat></trkpt>
  <trkpt lat="39.44749159" lon="44.01138035"><ele>1835.718</ele><time>2026-09-10T06:12:24Z</time><speed>2.010</speed><sat>37</sat></trkpt>
  <trkpt lat="39.44747803" lon="44.01137916"><ele>1836.290</ele><time>2026-09-10T06:12:25Z</time><speed>1.500</speed><sat>37</sat></trkpt>
  <trkpt lat="39.44746654" lon="44.01137803"><ele>1835.625</ele><time>2026-09-10T06:12:26Z</time><speed>1.510</speed><sat>37</sat></trkpt>
  <trkpt lat="39.44745555" lon="44.01137583"><ele>1835.623</ele><time>2026-09-10T06:12:27Z</time><speed>1.340</speed><sat>37</sat></trkpt>
  <trkpt lat="39.44744492" lon="44.01137275"><ele>1835.534</ele><time>2026-09-10T06:12:28Z</time><speed>1.450</speed><sat>37</sat></trkpt>
  <trkpt lat="39.44743349" lon="44.01137033"><ele>1835.313</ele><time>2026-09-10T06:12:29Z</time><speed>1.380</speed><sat>37</sat></trkpt>
  <trkpt lat="39.44742113" lon="44.01136895"><ele>1835.251</ele><time>2026-09-10T06:12:30Z</time><speed>1.520</speed><sat>37</sat></trkpt>
  <trkpt lat="39.44740881" lon="44.01136755"><ele>1835.503</ele><time>2026-09-10T06:12:31Z</time><speed>1.390</speed><sat>37</sat></trkpt>
  <trkpt lat="39.44739884" lon="44.01136601"><ele>1834.913</ele><time>2026-09-10T06:12:32Z</time><speed>1.110</speed><sat>37</sat></trkpt>
  <trkpt lat="39.44738850" lon="44.01136436"><ele>1835.203</ele><time>2026-09-10T06:12:33Z</time><speed>1.360</speed><sat>37</sat></trkpt>
  <trkpt lat="39.44737676" lon="44.01136335"><ele>1835.345</ele><time>2026-09-10T06:12:34Z</time><speed>1.430</speed><sat>37</sat></trkpt>
  <trkpt lat="39.44736400" lon="44.01136232"><ele>1835.601</ele><time>2026-09-10T06:12:35Z</time><speed>1.580</speed><sat>37</sat></trkpt>
  <trkpt lat="39.44734969" lon="44.01135981"><ele>1835.611</ele><time>2026-09-10T06:12:36Z</time><speed>1.650</speed><sat>37</sat></trkpt>
  <trkpt lat="39.44733635" lon="44.01135603"><ele>1835.426</ele><time>2026-09-10T06:12:37Z</time><speed>1.500</speed><sat>37</sat></trkpt>
  <trkpt lat="39.44732364" lon="44.01135095"><ele>1835.314</ele><time>2026-09-10T06:12:38Z</time><speed>1.480</speed><sat>37</sat></trkpt>
  <trkpt lat="39.44731161" lon="44.01134615"><ele>1835.546</ele><time>2026-09-10T06:12:39Z</time><speed>1.410</speed><sat>37</sat></trkpt>
  <trkpt lat="39.44729975" lon="44.01134244"><ele>1835.473</ele><time>2026-09-10T06:12:40Z</time><speed>1.440</speed><sat>37</sat></trkpt>
  <trkpt lat="39.44728778" lon="44.01133886"><ele>1835.391</ele><time>2026-09-10T06:12:41Z</time><speed>1.380</speed><sat>37</sat></trkpt>
  <trkpt lat="39.44727567" lon="44.01133575"><ele>1835.754</ele><time>2026-09-10T06:12:42Z</time><speed>1.440</speed><sat>37</sat></trkpt>
  <trkpt lat="39.44726321" lon="44.01133315"><ele>1836.002</ele><time>2026-09-10T06:12:43Z</time><speed>1.470</speed><sat>37</sat></trkpt>
  <trkpt lat="39.44725081" lon="44.01133108"><ele>1835.967</ele><time>2026-09-10T06:12:44Z</time><speed>1.410</speed><sat>37</sat></trkpt>
  <trkpt lat="39.44723871" lon="44.01132891"><ele>1836.279</ele><time>2026-09-10T06:12:45Z</time><speed>1.400</speed><sat>37</sat></trkpt>
  <trkpt lat="39.44722727" lon="44.01132610"><ele>1836.194</ele><time>2026-09-10T06:12:46Z</time><speed>1.380</speed><sat>37</sat></trkpt>
  <trkpt lat="39.44721525" lon="44.01132282"><ele>1836.453</ele><time>2026-09-10T06:12:47Z</time><speed>1.480</speed><sat>37</sat></trkpt>
  <trkpt lat="39.44720305" lon="44.01131960"><ele>1836.350</ele><time>2026-09-10T06:12:48Z</time><speed>1.380</speed><sat>37</sat></trkpt>
  <trkpt lat="39.44719137" lon="44.01131656"><ele>1836.277</ele><time>2026-09-10T06:12:49Z</time><speed>1.360</speed><sat>37</sat></trkpt>
  <trkpt lat="39.44717965" lon="44.01131343"><ele>1836.827</ele><time>2026-09-10T06:12:50Z</time><speed>1.430</speed><sat>37</sat></trkpt>
  <trkpt lat="39.44716731" lon="44.01131032"><ele>1837.040</ele><time>2026-09-10T06:12:51Z</time><speed>1.350</speed><sat>37</sat></trkpt>
  <trkpt lat="39.44715465" lon="44.01130902"><ele>1837.279</ele><time>2026-09-10T06:12:52Z</time><speed>1.400</speed><sat>37</sat></trkpt>
  <trkpt lat="39.44714161" lon="44.01131017"><ele>1836.696</ele><time>2026-09-10T06:12:53Z</time><speed>1.390</speed><sat>37</sat></trkpt>
  <trkpt lat="39.44712940" lon="44.01130830"><ele>1835.764</ele><time>2026-09-10T06:12:54Z</time><speed>1.330</speed><sat>37</sat></trkpt>
  <trkpt lat="39.44711840" lon="44.01130434"><ele>1834.725</ele><time>2026-09-10T06:12:55Z</time><speed>1.260</speed><sat>37</sat></trkpt>
  <trkpt lat="39.44710792" lon="44.01129955"><ele>1835.411</ele><time>2026-09-10T06:12:56Z</time><speed>1.270</speed><sat>37</sat></trkpt>
  <trkpt lat="39.44709873" lon="44.01129414"><ele>1836.337</ele><time>2026-09-10T06:12:57Z</time><speed>1.180</speed><sat>37</sat></trkpt>
  <trkpt lat="39.44708645" lon="44.01128942"><ele>1837.504</ele><time>2026-09-10T06:12:58Z</time><speed>1.450</speed><sat>37</sat></trkpt>
  <trkpt lat="39.44707351" lon="44.01128515"><ele>1837.473</ele><time>2026-09-10T06:12:59Z</time><speed>1.430</speed><sat>37</sat></trkpt>
  <trkpt lat="39.44706098" lon="44.01128227"><ele>1837.768</ele><time>2026-09-10T06:13:00Z</time><speed>1.440</speed><sat>37</sat></trkpt>
  <trkpt lat="39.44704824" lon="44.01127987"><ele>1838.093</ele><time>2026-09-10T06:13:01Z</time><speed>1.410</speed><sat>37</sat></trkpt>
  <trkpt lat="39.44703583" lon="44.01127744"><ele>1838.004</ele><time>2026-09-10T06:13:02Z</time><speed>1.440</speed><sat>37</sat></trkpt>
  <trkpt lat="39.44702313" lon="44.01127522"><ele>1837.962</ele><time>2026-09-10T06:13:03Z</time><speed>1.480</speed><sat>37</sat></trkpt>
  <trkpt lat="39.44701071" lon="44.01127405"><ele>1838.115</ele><time>2026-09-10T06:13:04Z</time><speed>1.450</speed><sat>37</sat></trkpt>
  <trkpt lat="39.44699839" lon="44.01127502"><ele>1838.252</ele><time>2026-09-10T06:13:05Z</time><speed>1.440</speed><sat>37</sat></trkpt>
  <trkpt lat="39.44698604" lon="44.01127558"><ele>1837.918</ele><time>2026-09-10T06:13:06Z</time><speed>1.370</speed><sat>37</sat></trkpt>
  <trkpt lat="39.44697383" lon="44.01127306"><ele>1837.539</ele><time>2026-09-10T06:13:07Z</time><speed>1.400</speed><sat>37</sat></trkpt>
  <trkpt lat="39.44695933" lon="44.01126964"><ele>1837.245</ele><time>2026-09-10T06:13:08Z</time><speed>1.800</speed><sat>37</sat></trkpt>
  <trkpt lat="39.44694785" lon="44.01126493"><ele>1837.281</ele><time>2026-09-10T06:13:09Z</time><speed>1.100</speed><sat>37</sat></trkpt>
  <trkpt lat="39.44693987" lon="44.01126155"><ele>1838.055</ele><time>2026-09-10T06:13:10Z</time><speed>0.840</speed><sat>37</sat></trkpt>
  <trkpt lat="39.44693090" lon="44.01125588"><ele>1837.665</ele><time>2026-09-10T06:13:11Z</time><speed>1.240</speed><sat>37</sat></trkpt>
  <trkpt lat="39.44692025" lon="44.01125049"><ele>1837.793</ele><time>2026-09-10T06:13:12Z</time><speed>1.250</speed><sat>37</sat></trkpt>
  <trkpt lat="39.44690806" lon="44.01124789"><ele>1838.088</ele><time>2026-09-10T06:13:13Z</time><speed>1.310</speed><sat>37</sat></trkpt>
  <trkpt lat="39.44689434" lon="44.01124451"><ele>1838.497</ele><time>2026-09-10T06:13:14Z</time><speed>1.450</speed><sat>37</sat></trkpt>
  <trkpt lat="39.44687929" lon="44.01124117"><ele>1838.094</ele><time>2026-09-10T06:13:15Z</time><speed>1.610</speed><sat>37</sat></trkpt>
  <trkpt lat="39.44686316" lon="44.01123714"><ele>1838.447</ele><time>2026-09-10T06:13:16Z</time><speed>1.830</speed><sat>37</sat></trkpt>
  <trkpt lat="39.44684874" lon="44.01123198"><ele>1838.521</ele><time>2026-09-10T06:13:17Z</time><speed>1.510</speed><sat>37</sat></trkpt>
  <trkpt lat="39.44684019" lon="44.01122957"><ele>1838.852</ele><time>2026-09-10T06:13:18Z</time><speed>0.690</speed><sat>37</sat></trkpt>
  <trkpt lat="39.44683232" lon="44.01122536"><ele>1839.360</ele><time>2026-09-10T06:13:19Z</time><speed>1.160</speed><sat>37</sat></trkpt>
  <trkpt lat="39.44682181" lon="44.01121712"><ele>1839.609</ele><time>2026-09-10T06:13:20Z</time><speed>1.520</speed><sat>37</sat></trkpt>
  <trkpt lat="39.44680959" lon="44.01121033"><ele>1839.972</ele><time>2026-09-10T06:13:21Z</time><speed>1.440</speed><sat>37</sat></trkpt>
  <trkpt lat="39.44679309" lon="44.01120739"><ele>1838.936</ele><time>2026-09-10T06:13:22Z</time><speed>1.910</speed><sat>37</sat></trkpt>
  <trkpt lat="39.44677363" lon="44.01120713"><ele>1838.883</ele><time>2026-09-10T06:13:23Z</time><speed>1.940</speed><sat>36</sat></trkpt>
  <trkpt lat="39.44675436" lon="44.01120720"><ele>1838.472</ele><time>2026-09-10T06:13:24Z</time><speed>1.960</speed><sat>36</sat></trkpt>
  <trkpt lat="39.44673637" lon="44.01120676"><ele>1837.912</ele><time>2026-09-10T06:13:25Z</time><speed>1.840</speed><sat>35</sat></trkpt>
  <trkpt lat="39.44672233" lon="44.01120634"><ele>1837.200</ele><time>2026-09-10T06:13:26Z</time><speed>1.340</speed><sat>35</sat></trkpt>
  <trkpt lat="39.44671055" lon="44.01120556"><ele>1838.025</ele><time>2026-09-10T06:13:27Z</time><speed>1.470</speed><sat>35</sat></trkpt>
  <trkpt lat="39.44669987" lon="44.01119951"><ele>1838.582</ele><time>2026-09-10T06:13:28Z</time><speed>1.430</speed><sat>35</sat></trkpt>
  <trkpt lat="39.44669368" lon="44.01119203"><ele>1838.318</ele><time>2026-09-10T06:13:29Z</time><speed>1.170</speed><sat>36</sat></trkpt>
  <trkpt lat="39.44668941" lon="44.01118472"><ele>1838.167</ele><time>2026-09-10T06:13:30Z</time><speed>1.060</speed><sat>36</sat></trkpt>
  <trkpt lat="39.44668289" lon="44.01117832"><ele>1837.745</ele><time>2026-09-10T06:13:31Z</time><speed>1.240</speed><sat>36</sat></trkpt>
  <trkpt lat="39.44666978" lon="44.01117427"><ele>1838.340</ele><time>2026-09-10T06:13:32Z</time><speed>1.730</speed><sat>36</sat></trkpt>
  <trkpt lat="39.44665233" lon="44.01117376"><ele>1837.575</ele><time>2026-09-10T06:13:33Z</time><speed>1.730</speed><sat>36</sat></trkpt>
  <trkpt lat="39.44663621" lon="44.01117405"><ele>1836.745</ele><time>2026-09-10T06:13:34Z</time><speed>1.360</speed><sat>36</sat></trkpt>
  <trkpt lat="39.44662022" lon="44.01117348"><ele>1836.897</ele><time>2026-09-10T06:13:35Z</time><speed>1.700</speed><sat>35</sat></trkpt>
  <trkpt lat="39.44660238" lon="44.01117426"><ele>1836.161</ele><time>2026-09-10T06:13:36Z</time><speed>1.840</speed><sat>35</sat></trkpt>
  <trkpt lat="39.44658407" lon="44.01117398"><ele>1835.921</ele><time>2026-09-10T06:13:37Z</time><speed>1.860</speed><sat>35</sat></trkpt>
  <trkpt lat="39.44656851" lon="44.01117014"><ele>1836.470</ele><time>2026-09-10T06:13:38Z</time><speed>1.770</speed><sat>35</sat></trkpt>
  <trkpt lat="39.44655553" lon="44.01116593"><ele>1837.308</ele><time>2026-09-10T06:13:39Z</time><speed>1.480</speed><sat>35</sat></trkpt>
  <trkpt lat="39.44654551" lon="44.01116032"><ele>1837.616</ele><time>2026-09-10T06:13:40Z</time><speed>1.240</speed><sat>35</sat></trkpt>
  <trkpt lat="39.44653587" lon="44.01115651"><ele>1837.653</ele><time>2026-09-10T06:13:41Z</time><speed>1.110</speed><sat>35</sat></trkpt>
  <trkpt lat="39.44652490" lon="44.01115140"><ele>1838.190</ele><time>2026-09-10T06:13:42Z</time><speed>1.410</speed><sat>35</sat></trkpt>
  <trkpt lat="39.44651032" lon="44.01114392"><ele>1837.345</ele><time>2026-09-10T06:13:43Z</time><speed>1.690</speed><sat>35</sat></trkpt>
  <trkpt lat="39.44649539" lon="44.01113713"><ele>1838.904</ele><time>2026-09-10T06:13:44Z</time><speed>1.400</speed><sat>37</sat></trkpt>
  <trkpt lat="39.44648149" lon="44.01113174"><ele>1839.105</ele><time>2026-09-10T06:13:45Z</time><speed>1.390</speed><sat>37</sat></trkpt>
  <trkpt lat="39.44646375" lon="44.01112606"><ele>1839.133</ele><time>2026-09-10T06:13:46Z</time><speed>2.000</speed><sat>37</sat></trkpt>
  <trkpt lat="39.44644372" lon="44.01112197"><ele>1839.104</ele><time>2026-09-10T06:13:47Z</time><speed>2.080</speed><sat>37</sat></trkpt>
  <trkpt lat="39.44642532" lon="44.01112036"><ele>1839.593</ele><time>2026-09-10T06:13:48Z</time><speed>1.940</speed><sat>37</sat></trkpt>
  <trkpt lat="39.44640820" lon="44.01111766"><ele>1839.298</ele><time>2026-09-10T06:13:49Z</time><speed>1.910</speed><sat>37</sat></trkpt>
  <trkpt lat="39.44639403" lon="44.01111543"><ele>1838.897</ele><time>2026-09-10T06:13:50Z</time><speed>1.490</speed><sat>36</sat></trkpt>
  <trkpt lat="39.44638222" lon="44.01111161"><ele>1838.807</ele><time>2026-09-10T06:13:51Z</time><speed>1.460</speed><sat>36</sat></trkpt>
  <trkpt lat="39.44637179" lon="44.01110721"><ele>1839.663</ele><time>2026-09-10T06:13:52Z</time><speed>1.340</speed><sat>36</sat></trkpt>
  <trkpt lat="39.44636397" lon="44.01110437"><ele>1839.656</ele><time>2026-09-10T06:13:53Z</time><speed>0.720</speed><sat>36</sat></trkpt>
  <trkpt lat="39.44635216" lon="44.01110226"><ele>1839.942</ele><time>2026-09-10T06:13:54Z</time><speed>1.890</speed><sat>36</sat></trkpt>
  <trkpt lat="39.44633444" lon="44.01109992"><ele>1840.128</ele><time>2026-09-10T06:13:55Z</time><speed>1.880</speed><sat>36</sat></trkpt>
  <trkpt lat="39.44631880" lon="44.01109886"><ele>1839.428</ele><time>2026-09-10T06:13:56Z</time><speed>1.740</speed><sat>36</sat></trkpt>
  <trkpt lat="39.44630507" lon="44.01109751"><ele>1839.541</ele><time>2026-09-10T06:13:57Z</time><speed>1.660</speed><sat>36</sat></trkpt>
  <trkpt lat="39.44629279" lon="44.01109492"><ele>1839.527</ele><time>2026-09-10T06:13:58Z</time><speed>1.490</speed><sat>36</sat></trkpt>
  <trkpt lat="39.44628118" lon="44.01109066"><ele>1838.289</ele><time>2026-09-10T06:13:59Z</time><speed>1.520</speed><sat>37</sat></trkpt>
  <trkpt lat="39.44627351" lon="44.01108687"><ele>1838.355</ele><time>2026-09-10T06:14:00Z</time><speed>0.720</speed><sat>37</sat></trkpt>
  <trkpt lat="39.44626598" lon="44.01108475"><ele>1838.389</ele><time>2026-09-10T06:14:01Z</time><speed>1.160</speed><sat>37</sat></trkpt>
  <trkpt lat="39.44625671" lon="44.01108101"><ele>1839.119</ele><time>2026-09-10T06:14:02Z</time><speed>1.120</speed><sat>37</sat></trkpt>
  <trkpt lat="39.44624515" lon="44.01107921"><ele>1840.204</ele><time>2026-09-10T06:14:03Z</time><speed>1.620</speed><sat>37</sat></trkpt>
  <trkpt lat="39.44622965" lon="44.01107592"><ele>1839.911</ele><time>2026-09-10T06:14:04Z</time><speed>1.850</speed><sat>37</sat></trkpt>
  <trkpt lat="39.44621487" lon="44.01107237"><ele>1839.775</ele><time>2026-09-10T06:14:05Z</time><speed>1.550</speed><sat>37</sat></trkpt>
  <trkpt lat="39.44620100" lon="44.01107045"><ele>1839.836</ele><time>2026-09-10T06:14:06Z</time><speed>1.590</speed><sat>37</sat></trkpt>
  <trkpt lat="39.44618739" lon="44.01106828"><ele>1839.278</ele><time>2026-09-10T06:14:07Z</time><speed>1.420</speed><sat>37</sat></trkpt>
  <trkpt lat="39.44617628" lon="44.01106571"><ele>1839.351</ele><time>2026-09-10T06:14:08Z</time><speed>1.090</speed><sat>37</sat></trkpt>
  <trkpt lat="39.44616764" lon="44.01106259"><ele>1838.848</ele><time>2026-09-10T06:14:09Z</time><speed>1.090</speed><sat>37</sat></trkpt>
  <trkpt lat="39.44615964" lon="44.01105758"><ele>1838.947</ele><time>2026-09-10T06:14:10Z</time><speed>1.150</speed><sat>37</sat></trkpt>
  <trkpt lat="39.44615078" lon="44.01105231"><ele>1839.048</ele><time>2026-09-10T06:14:11Z</time><speed>1.040</speed><sat>37</sat></trkpt>
  <trkpt lat="39.44613852" lon="44.01104788"><ele>1840.463</ele><time>2026-09-10T06:14:12Z</time><speed>1.520</speed><sat>37</sat></trkpt>
  <trkpt lat="39.44612382" lon="44.01104486"><ele>1840.279</ele><time>2026-09-10T06:14:13Z</time><speed>1.460</speed><sat>37</sat></trkpt>
  <trkpt lat="39.44610589" lon="44.01104300"><ele>1840.149</ele><time>2026-09-10T06:14:14Z</time><speed>1.960</speed><sat>37</sat></trkpt>
  <trkpt lat="39.44608785" lon="44.01104473"><ele>1839.900</ele><time>2026-09-10T06:14:15Z</time><speed>1.700</speed><sat>37</sat></trkpt>
  <trkpt lat="39.44607428" lon="44.01104666"><ele>1838.880</ele><time>2026-09-10T06:14:16Z</time><speed>1.200</speed><sat>37</sat></trkpt>
  <trkpt lat="39.44606300" lon="44.01104590"><ele>1838.584</ele><time>2026-09-10T06:14:17Z</time><speed>1.150</speed><sat>37</sat></trkpt>
  <trkpt lat="39.44605040" lon="44.01103955"><ele>1838.695</ele><time>2026-09-10T06:14:18Z</time><speed>1.640</speed><sat>37</sat></trkpt>
  <trkpt lat="39.44603629" lon="44.01103187"><ele>1839.997</ele><time>2026-09-10T06:14:19Z</time><speed>1.690</speed><sat>37</sat></trkpt>
  <trkpt lat="39.44602171" lon="44.01102617"><ele>1840.021</ele><time>2026-09-10T06:14:20Z</time><speed>1.620</speed><sat>37</sat></trkpt>
  <trkpt lat="39.44600690" lon="44.01102363"><ele>1840.344</ele><time>2026-09-10T06:14:21Z</time><speed>1.640</speed><sat>37</sat></trkpt>
  <trkpt lat="39.44599241" lon="44.01102310"><ele>1839.630</ele><time>2026-09-10T06:14:22Z</time><speed>1.530</speed><sat>37</sat></trkpt>
  <trkpt lat="39.44597827" lon="44.01102259"><ele>1839.717</ele><time>2026-09-10T06:14:23Z</time><speed>1.510</speed><sat>37</sat></trkpt>
  <trkpt lat="39.44596401" lon="44.01102083"><ele>1838.982</ele><time>2026-09-10T06:14:24Z</time><speed>1.510</speed><sat>37</sat></trkpt>
  <trkpt lat="39.44595428" lon="44.01101965"><ele>1840.862</ele><time>2026-09-10T06:14:25Z</time><speed>0.940</speed><sat>37</sat></trkpt>
  <trkpt lat="39.44594485" lon="44.01101668"><ele>1841.462</ele><time>2026-09-10T06:14:26Z</time><speed>1.460</speed><sat>37</sat></trkpt>
  <trkpt lat="39.44593346" lon="44.01100911"><ele>1840.786</ele><time>2026-09-10T06:14:27Z</time><speed>1.520</speed><sat>37</sat></trkpt>
  <trkpt lat="39.44592244" lon="44.01100188"><ele>1840.444</ele><time>2026-09-10T06:14:28Z</time><speed>1.500</speed><sat>37</sat></trkpt>
  <trkpt lat="39.44591101" lon="44.01099760"><ele>1840.605</ele><time>2026-09-10T06:14:29Z</time><speed>1.480</speed><sat>37</sat></trkpt>
  <trkpt lat="39.44589822" lon="44.01099616"><ele>1839.900</ele><time>2026-09-10T06:14:30Z</time><speed>1.530</speed><sat>37</sat></trkpt>
  <trkpt lat="39.44588385" lon="44.01099784"><ele>1839.994</ele><time>2026-09-10T06:14:31Z</time><speed>1.850</speed><sat>37</sat></trkpt>
  <trkpt lat="39.44586715" lon="44.01099996"><ele>1839.946</ele><time>2026-09-10T06:14:32Z</time><speed>1.920</speed><sat>37</sat></trkpt>
  <trkpt lat="39.44584941" lon="44.01100312"><ele>1840.002</ele><time>2026-09-10T06:14:33Z</time><speed>2.000</speed><sat>37</sat></trkpt>
  <trkpt lat="39.44583852" lon="44.01100788"><ele>1840.084</ele><time>2026-09-10T06:14:34Z</time><speed>0.840</speed><sat>37</sat></trkpt>
  <trkpt lat="39.44582824" lon="44.01101244"><ele>1840.045</ele><time>2026-09-10T06:14:35Z</time><speed>1.730</speed><sat>37</sat></trkpt>
  <trkpt lat="39.44582039" lon="44.01101402"><ele>1838.608</ele><time>2026-09-10T06:14:36Z</time><speed>0.890</speed><sat>36</sat></trkpt>
  <trkpt lat="39.44581551" lon="44.01101480"><ele>1838.931</ele><time>2026-09-10T06:14:37Z</time><speed>0.870</speed><sat>36</sat></trkpt>
  <trkpt lat="39.44581043" lon="44.01101359"><ele>1839.188</ele><time>2026-09-10T06:14:38Z</time><speed>0.800</speed><sat>36</sat></trkpt>
  <trkpt lat="39.44580293" lon="44.01101062"><ele>1837.857</ele><time>2026-09-10T06:14:39Z</time><speed>1.250</speed><sat>36</sat></trkpt>
  <trkpt lat="39.44579620" lon="44.01100790"><ele>1838.898</ele><time>2026-09-10T06:14:40Z</time><speed>0.690</speed><sat>37</sat></trkpt>
  <trkpt lat="39.44579080" lon="44.01100622"><ele>1839.265</ele><time>2026-09-10T06:14:41Z</time><speed>0.770</speed><sat>37</sat></trkpt>
  <trkpt lat="39.44578231" lon="44.01100504"><ele>1840.061</ele><time>2026-09-10T06:14:42Z</time><speed>1.320</speed><sat>37</sat></trkpt>
  <trkpt lat="39.44577315" lon="44.01100384"><ele>1839.915</ele><time>2026-09-10T06:14:43Z</time><speed>0.960</speed><sat>37</sat></trkpt>
  <trkpt lat="39.44576904" lon="44.01100432"><ele>1839.682</ele><time>2026-09-10T06:14:44Z</time><speed>0.270</speed><sat>37</sat></trkpt>
  <trkpt lat="39.44576322" lon="44.01100040"><ele>1840.353</ele><time>2026-09-10T06:14:45Z</time><speed>1.320</speed><sat>37</sat></trkpt>
  <trkpt lat="39.44575599" lon="44.01099484"><ele>1840.176</ele><time>2026-09-10T06:14:46Z</time><speed>0.990</speed><sat>37</sat></trkpt>
  <trkpt lat="39.44574924" lon="44.01098915"><ele>1839.982</ele><time>2026-09-10T06:14:47Z</time><speed>1.110</speed><sat>37</sat></trkpt>
  <trkpt lat="39.44574115" lon="44.01098186"><ele>1840.269</ele><time>2026-09-10T06:14:48Z</time><speed>1.170</speed><sat>37</sat></trkpt>
  <trkpt lat="39.44573018" lon="44.01097639"><ele>1840.639</ele><time>2026-09-10T06:14:49Z</time><speed>1.390</speed><sat>37</sat></trkpt>
  <trkpt lat="39.44571631" lon="44.01097202"><ele>1840.203</ele><time>2026-09-10T06:14:50Z</time><speed>1.610</speed><sat>37</sat></trkpt>
  <trkpt lat="39.44570204" lon="44.01096872"><ele>1840.139</ele><time>2026-09-10T06:14:51Z</time><speed>1.510</speed><sat>37</sat></trkpt>
  <trkpt lat="39.44568911" lon="44.01096825"><ele>1839.595</ele><time>2026-09-10T06:14:52Z</time><speed>1.250</speed><sat>37</sat></trkpt>
  <trkpt lat="39.44567768" lon="44.01096640"><ele>1839.129</ele><time>2026-09-10T06:14:53Z</time><speed>1.290</speed><sat>37</sat></trkpt>
  <trkpt lat="39.44566498" lon="44.01096181"><ele>1839.275</ele><time>2026-09-10T06:14:54Z</time><speed>1.240</speed><sat>37</sat></trkpt>
  <trkpt lat="39.44565291" lon="44.01095621"><ele>1839.933</ele><time>2026-09-10T06:14:55Z</time><speed>1.330</speed><sat>37</sat></trkpt>
  <trkpt lat="39.44564102" lon="44.01095096"><ele>1839.892</ele><time>2026-09-10T06:14:56Z</time><speed>1.340</speed><sat>37</sat></trkpt>
  <trkpt lat="39.44562784" lon="44.01094742"><ele>1840.413</ele><time>2026-09-10T06:14:57Z</time><speed>1.530</speed><sat>37</sat></trkpt>
  <trkpt lat="39.44561402" lon="44.01094291"><ele>1840.143</ele><time>2026-09-10T06:14:58Z</time><speed>1.700</speed><sat>37</sat></trkpt>
  <trkpt lat="39.44560069" lon="44.01094006"><ele>1840.695</ele><time>2026-09-10T06:14:59Z</time><speed>1.500</speed><sat>37</sat></trkpt>
  <trkpt lat="39.44558901" lon="44.01093724"><ele>1840.875</ele><time>2026-09-10T06:15:00Z</time><speed>1.380</speed><sat>37</sat></trkpt>
  <trkpt lat="39.44557745" lon="44.01093535"><ele>1841.018</ele><time>2026-09-10T06:15:01Z</time><speed>1.220</speed><sat>37</sat></trkpt>
  <trkpt lat="39.44556589" lon="44.01093473"><ele>1841.998</ele><time>2026-09-10T06:15:02Z</time><speed>1.310</speed><sat>37</sat></trkpt>
  <trkpt lat="39.44555573" lon="44.01093533"><ele>1842.513</ele><time>2026-09-10T06:15:03Z</time><speed>0.820</speed><sat>37</sat></trkpt>
  <trkpt lat="39.44554722" lon="44.01093423"><ele>1842.632</ele><time>2026-09-10T06:15:04Z</time><speed>0.970</speed><sat>37</sat></trkpt>
  <trkpt lat="39.44553643" lon="44.01093417"><ele>1842.667</ele><time>2026-09-10T06:15:05Z</time><speed>1.200</speed><sat>37</sat></trkpt>
  <trkpt lat="39.44552445" lon="44.01093330"><ele>1841.603</ele><time>2026-09-10T06:15:06Z</time><speed>1.190</speed><sat>37</sat></trkpt>
  <trkpt lat="39.44550901" lon="44.01093203"><ele>1841.083</ele><time>2026-09-10T06:15:07Z</time><speed>1.720</speed><sat>37</sat></trkpt>
  <trkpt lat="39.44549374" lon="44.01092948"><ele>1840.765</ele><time>2026-09-10T06:15:08Z</time><speed>1.330</speed><sat>37</sat></trkpt>
  <trkpt lat="39.44547762" lon="44.01092557"><ele>1841.187</ele><time>2026-09-10T06:15:09Z</time><speed>1.710</speed><sat>37</sat></trkpt>
  <trkpt lat="39.44545896" lon="44.01092303"><ele>1842.113</ele><time>2026-09-10T06:15:10Z</time><speed>1.860</speed><sat>37</sat></trkpt>
  <trkpt lat="39.44544176" lon="44.01092080"><ele>1842.188</ele><time>2026-09-10T06:15:11Z</time><speed>1.400</speed><sat>37</sat></trkpt>
  <trkpt lat="39.44542604" lon="44.01092053"><ele>1841.157</ele><time>2026-09-10T06:15:12Z</time><speed>1.530</speed><sat>37</sat></trkpt>
  <trkpt lat="39.44540850" lon="44.01091973"><ele>1841.289</ele><time>2026-09-10T06:15:13Z</time><speed>1.830</speed><sat>37</sat></trkpt>
  <trkpt lat="39.44539339" lon="44.01091723"><ele>1841.943</ele><time>2026-09-10T06:15:14Z</time><speed>1.420</speed><sat>37</sat></trkpt>
  <trkpt lat="39.44538206" lon="44.01091329"><ele>1842.159</ele><time>2026-09-10T06:15:15Z</time><speed>1.130</speed><sat>37</sat></trkpt>
  <trkpt lat="39.44537072" lon="44.01091112"><ele>1841.367</ele><time>2026-09-10T06:15:16Z</time><speed>1.250</speed><sat>37</sat></trkpt>
  <trkpt lat="39.44536040" lon="44.01090768"><ele>1841.754</ele><time>2026-09-10T06:15:17Z</time><speed>1.050</speed><sat>37</sat></trkpt>
  <trkpt lat="39.44534729" lon="44.01090271"><ele>1841.612</ele><time>2026-09-10T06:15:18Z</time><speed>1.620</speed><sat>37</sat></trkpt>
  <trkpt lat="39.44533247" lon="44.01089500"><ele>1841.489</ele><time>2026-09-10T06:15:19Z</time><speed>1.590</speed><sat>37</sat></trkpt>
  <trkpt lat="39.44531584" lon="44.01088811"><ele>1842.219</ele><time>2026-09-10T06:15:20Z</time><speed>1.970</speed><sat>37</sat></trkpt>
  <trkpt lat="39.44529921" lon="44.01088384"><ele>1841.449</ele><time>2026-09-10T06:15:21Z</time><speed>1.540</speed><sat>37</sat></trkpt>
  <trkpt lat="39.44528895" lon="44.01088310"><ele>1841.083</ele><time>2026-09-10T06:15:22Z</time><speed>0.720</speed><sat>37</sat></trkpt>
  <trkpt lat="39.44528074" lon="44.01088575"><ele>1841.955</ele><time>2026-09-10T06:15:23Z</time><speed>0.960</speed><sat>37</sat></trkpt>
  <trkpt lat="39.44527020" lon="44.01088802"><ele>1842.262</ele><time>2026-09-10T06:15:24Z</time><speed>1.210</speed><sat>37</sat></trkpt>
  <trkpt lat="39.44526352" lon="44.01088882"><ele>1842.030</ele><time>2026-09-10T06:15:25Z</time><speed>0.390</speed><sat>37</sat></trkpt>
  <trkpt lat="39.44525654" lon="44.01089038"><ele>1842.792</ele><time>2026-09-10T06:15:26Z</time><speed>1.060</speed><sat>37</sat></trkpt>
  <trkpt lat="39.44524826" lon="44.01089135"><ele>1844.152</ele><time>2026-09-10T06:15:27Z</time><speed>0.850</speed><sat>37</sat></trkpt>
  <trkpt lat="39.44524043" lon="44.01089202"><ele>1844.658</ele><time>2026-09-10T06:15:28Z</time><speed>0.930</speed><sat>37</sat></trkpt>
  <trkpt lat="39.44523017" lon="44.01088932"><ele>1845.386</ele><time>2026-09-10T06:15:29Z</time><speed>1.270</speed><sat>37</sat></trkpt>
  <trkpt lat="39.44521948" lon="44.01088199"><ele>1846.181</ele><time>2026-09-10T06:15:30Z</time><speed>1.190</speed><sat>37</sat></trkpt>
  <trkpt lat="39.44520985" lon="44.01087555"><ele>1845.502</ele><time>2026-09-10T06:15:31Z</time><speed>1.370</speed><sat>37</sat></trkpt>
  <trkpt lat="39.44520044" lon="44.01086836"><ele>1845.251</ele><time>2026-09-10T06:15:32Z</time><speed>1.240</speed><sat>37</sat></trkpt>
  <trkpt lat="39.44518980" lon="44.01086139"><ele>1844.626</ele><time>2026-09-10T06:15:33Z</time><speed>1.690</speed><sat>37</sat></trkpt>
  <trkpt lat="39.44517694" lon="44.01085488"><ele>1844.902</ele><time>2026-09-10T06:15:34Z</time><speed>1.710</speed><sat>37</sat></trkpt>
  <trkpt lat="39.44516383" lon="44.01085002"><ele>1844.324</ele><time>2026-09-10T06:15:35Z</time><speed>1.610</speed><sat>37</sat></trkpt>
  <trkpt lat="39.44515190" lon="44.01084582"><ele>1844.417</ele><time>2026-09-10T06:15:36Z</time><speed>1.560</speed><sat>37</sat></trkpt>
  <trkpt lat="39.44513927" lon="44.01084054"><ele>1843.815</ele><time>2026-09-10T06:15:37Z</time><speed>1.600</speed><sat>37</sat></trkpt>
  <trkpt lat="39.44512598" lon="44.01083415"><ele>1844.518</ele><time>2026-09-10T06:15:38Z</time><speed>1.620</speed><sat>37</sat></trkpt>
  <trkpt lat="39.44511295" lon="44.01082965"><ele>1844.187</ele><time>2026-09-10T06:15:39Z</time><speed>1.430</speed><sat>37</sat></trkpt>
  <trkpt lat="39.44509735" lon="44.01082620"><ele>1843.875</ele><time>2026-09-10T06:15:40Z</time><speed>1.960</speed><sat>37</sat></trkpt>
  <trkpt lat="39.44508041" lon="44.01082154"><ele>1843.594</ele><time>2026-09-10T06:15:41Z</time><speed>1.740</speed><sat>37</sat></trkpt>
  <trkpt lat="39.44506664" lon="44.01081966"><ele>1843.125</ele><time>2026-09-10T06:15:42Z</time><speed>1.550</speed><sat>37</sat></trkpt>
  <trkpt lat="39.44505382" lon="44.01081827"><ele>1843.778</ele><time>2026-09-10T06:15:43Z</time><speed>1.550</speed><sat>37</sat></trkpt>
  <trkpt lat="39.44504122" lon="44.01081792"><ele>1842.996</ele><time>2026-09-10T06:15:44Z</time><speed>1.500</speed><sat>37</sat></trkpt>
  <trkpt lat="39.44502851" lon="44.01081640"><ele>1842.915</ele><time>2026-09-10T06:15:45Z</time><speed>1.530</speed><sat>37</sat></trkpt>
  <trkpt lat="39.44501718" lon="44.01081417"><ele>1843.131</ele><time>2026-09-10T06:15:46Z</time><speed>1.270</speed><sat>37</sat></trkpt>
  <trkpt lat="39.44500556" lon="44.01080899"><ele>1843.159</ele><time>2026-09-10T06:15:47Z</time><speed>1.550</speed><sat>37</sat></trkpt>
  <trkpt lat="39.44499407" lon="44.01080321"><ele>1843.468</ele><time>2026-09-10T06:15:48Z</time><speed>1.400</speed><sat>37</sat></trkpt>
  <trkpt lat="39.44498220" lon="44.01079830"><ele>1844.037</ele><time>2026-09-10T06:15:49Z</time><speed>1.480</speed><sat>37</sat></trkpt>
  <trkpt lat="39.44497319" lon="44.01079605"><ele>1843.699</ele><time>2026-09-10T06:15:50Z</time><speed>0.820</speed><sat>37</sat></trkpt>
  <trkpt lat="39.44496318" lon="44.01079528"><ele>1843.698</ele><time>2026-09-10T06:15:51Z</time><speed>1.380</speed><sat>37</sat></trkpt>
  <trkpt lat="39.44494848" lon="44.01079154"><ele>1843.222</ele><time>2026-09-10T06:15:52Z</time><speed>1.780</speed><sat>37</sat></trkpt>
  <trkpt lat="39.44493317" lon="44.01078792"><ele>1843.391</ele><time>2026-09-10T06:15:53Z</time><speed>1.540</speed><sat>37</sat></trkpt>
  <trkpt lat="39.44491747" lon="44.01078495"><ele>1843.423</ele><time>2026-09-10T06:15:54Z</time><speed>1.780</speed><sat>37</sat></trkpt>
  <trkpt lat="39.44489961" lon="44.01078237"><ele>1842.959</ele><time>2026-09-10T06:15:55Z</time><speed>1.960</speed><sat>37</sat></trkpt>
  <trkpt lat="39.44488149" lon="44.01077962"><ele>1842.816</ele><time>2026-09-10T06:15:56Z</time><speed>1.920</speed><sat>37</sat></trkpt>
  <trkpt lat="39.44486350" lon="44.01077396"><ele>1843.159</ele><time>2026-09-10T06:15:57Z</time><speed>2.030</speed><sat>37</sat></trkpt>
  <trkpt lat="39.44484682" lon="44.01077025"><ele>1844.120</ele><time>2026-09-10T06:15:58Z</time><speed>1.770</speed><sat>37</sat></trkpt>
  <trkpt lat="39.44483349" lon="44.01076896"><ele>1843.127</ele><time>2026-09-10T06:15:59Z</time><speed>1.320</speed><sat>37</sat></trkpt>
  <trkpt lat="39.44482363" lon="44.01076757"><ele>1842.533</ele><time>2026-09-10T06:16:00Z</time><speed>1.010</speed><sat>37</sat></trkpt>
  <trkpt lat="39.44481305" lon="44.01076372"><ele>1842.374</ele><time>2026-09-10T06:16:01Z</time><speed>1.370</speed><sat>37</sat></trkpt>
  <trkpt lat="39.44480126" lon="44.01075660"><ele>1842.376</ele><time>2026-09-10T06:16:02Z</time><speed>1.500</speed><sat>37</sat></trkpt>
  <trkpt lat="39.44478846" lon="44.01074856"><ele>1841.735</ele><time>2026-09-10T06:16:03Z</time><speed>1.580</speed><sat>37</sat></trkpt>
  <trkpt lat="39.44477465" lon="44.01074242"><ele>1842.697</ele><time>2026-09-10T06:16:04Z</time><speed>1.670</speed><sat>37</sat></trkpt>
  <trkpt lat="39.44476041" lon="44.01073864"><ele>1843.115</ele><time>2026-09-10T06:16:05Z</time><speed>1.620</speed><sat>37</sat></trkpt>
  <trkpt lat="39.44474602" lon="44.01073637"><ele>1843.753</ele><time>2026-09-10T06:16:06Z</time><speed>1.590</speed><sat>37</sat></trkpt>
  <trkpt lat="39.44473354" lon="44.01073537"><ele>1843.282</ele><time>2026-09-10T06:16:07Z</time><speed>1.310</speed><sat>37</sat></trkpt>
  <trkpt lat="39.44472427" lon="44.01073320"><ele>1843.774</ele><time>2026-09-10T06:16:08Z</time><speed>1.120</speed><sat>37</sat></trkpt>
  <trkpt lat="39.44471459" lon="44.01073127"><ele>1843.793</ele><time>2026-09-10T06:16:09Z</time><speed>1.310</speed><sat>37</sat></trkpt>
  <trkpt lat="39.44470370" lon="44.01072812"><ele>1844.027</ele><time>2026-09-10T06:16:10Z</time><speed>1.410</speed><sat>37</sat></trkpt>
  <trkpt lat="39.44469005" lon="44.01072498"><ele>1843.792</ele><time>2026-09-10T06:16:11Z</time><speed>1.610</speed><sat>37</sat></trkpt>
  <trkpt lat="39.44467619" lon="44.01072301"><ele>1844.075</ele><time>2026-09-10T06:16:12Z</time><speed>1.540</speed><sat>37</sat></trkpt>
  <trkpt lat="39.44466624" lon="44.01072192"><ele>1843.674</ele><time>2026-09-10T06:16:13Z</time><speed>0.890</speed><sat>37</sat></trkpt>
  <trkpt lat="39.44465668" lon="44.01072099"><ele>1843.390</ele><time>2026-09-10T06:16:14Z</time><speed>1.280</speed><sat>37</sat></trkpt>
  <trkpt lat="39.44464425" lon="44.01071842"><ele>1843.579</ele><time>2026-09-10T06:16:15Z</time><speed>1.520</speed><sat>37</sat></trkpt>
  <trkpt lat="39.44463253" lon="44.01071339"><ele>1843.276</ele><time>2026-09-10T06:16:16Z</time><speed>1.270</speed><sat>37</sat></trkpt>
  <trkpt lat="39.44462197" lon="44.01070649"><ele>1843.721</ele><time>2026-09-10T06:16:17Z</time><speed>1.400</speed><sat>37</sat></trkpt>
  <trkpt lat="39.44461036" lon="44.01069658"><ele>1843.395</ele><time>2026-09-10T06:16:18Z</time><speed>1.630</speed><sat>37</sat></trkpt>
  <trkpt lat="39.44459836" lon="44.01068698"><ele>1843.662</ele><time>2026-09-10T06:16:19Z</time><speed>1.540</speed><sat>37</sat></trkpt>
  <trkpt lat="39.44458621" lon="44.01067974"><ele>1843.219</ele><time>2026-09-10T06:16:20Z</time><speed>1.420</speed><sat>37</sat></trkpt>
  <trkpt lat="39.44457468" lon="44.01067288"><ele>1842.962</ele><time>2026-09-10T06:16:21Z</time><speed>1.350</speed><sat>37</sat></trkpt>
  <trkpt lat="39.44456226" lon="44.01066466"><ele>1842.645</ele><time>2026-09-10T06:16:22Z</time><speed>1.580</speed><sat>37</sat></trkpt>
  <trkpt lat="39.44454787" lon="44.01065702"><ele>1842.836</ele><time>2026-09-10T06:16:23Z</time><speed>1.740</speed><sat>37</sat></trkpt>
  <trkpt lat="39.44453199" lon="44.01065239"><ele>1842.833</ele><time>2026-09-10T06:16:24Z</time><speed>1.720</speed><sat>37</sat></trkpt>
  <trkpt lat="39.44451578" lon="44.01064908"><ele>1842.912</ele><time>2026-09-10T06:16:25Z</time><speed>1.750</speed><sat>37</sat></trkpt>
  <trkpt lat="39.44449980" lon="44.01064591"><ele>1842.363</ele><time>2026-09-10T06:16:26Z</time><speed>1.740</speed><sat>37</sat></trkpt>
  <trkpt lat="39.44448440" lon="44.01064141"><ele>1842.681</ele><time>2026-09-10T06:16:27Z</time><speed>1.790</speed><sat>36</sat></trkpt>
  <trkpt lat="39.44447426" lon="44.01063913"><ele>1842.285</ele><time>2026-09-10T06:16:28Z</time><speed>0.860</speed><sat>36</sat></trkpt>
  <trkpt lat="39.44446548" lon="44.01063750"><ele>1842.955</ele><time>2026-09-10T06:16:29Z</time><speed>1.300</speed><sat>36</sat></trkpt>
  <trkpt lat="39.44445383" lon="44.01063298"><ele>1843.771</ele><time>2026-09-10T06:16:30Z</time><speed>1.390</speed><sat>36</sat></trkpt>
  <trkpt lat="39.44444118" lon="44.01062746"><ele>1844.067</ele><time>2026-09-10T06:16:31Z</time><speed>1.500</speed><sat>36</sat></trkpt>
  <trkpt lat="39.44442772" lon="44.01062249"><ele>1844.658</ele><time>2026-09-10T06:16:32Z</time><speed>1.550</speed><sat>36</sat></trkpt>
  <trkpt lat="39.44441224" lon="44.01061772"><ele>1844.500</ele><time>2026-09-10T06:16:33Z</time><speed>1.680</speed><sat>36</sat></trkpt>
  <trkpt lat="39.44439767" lon="44.01061326"><ele>1845.081</ele><time>2026-09-10T06:16:34Z</time><speed>1.480</speed><sat>36</sat></trkpt>
  <trkpt lat="39.44438187" lon="44.01060865"><ele>1844.414</ele><time>2026-09-10T06:16:35Z</time><speed>1.670</speed><sat>37</sat></trkpt>
  <trkpt lat="39.44436975" lon="44.01060477"><ele>1844.197</ele><time>2026-09-10T06:16:36Z</time><speed>0.990</speed><sat>37</sat></trkpt>
  <trkpt lat="39.44435744" lon="44.01059950"><ele>1844.033</ele><time>2026-09-10T06:16:37Z</time><speed>1.610</speed><sat>37</sat></trkpt>
  <trkpt lat="39.44434282" lon="44.01059392"><ele>1843.795</ele><time>2026-09-10T06:16:38Z</time><speed>1.440</speed><sat>37</sat></trkpt>
  <trkpt lat="39.44433021" lon="44.01058991"><ele>1844.128</ele><time>2026-09-10T06:16:39Z</time><speed>1.430</speed><sat>37</sat></trkpt>
  <trkpt lat="39.44431808" lon="44.01058510"><ele>1844.209</ele><time>2026-09-10T06:16:40Z</time><speed>1.400</speed><sat>37</sat></trkpt>
  <trkpt lat="39.44430574" lon="44.01058243"><ele>1843.366</ele><time>2026-09-10T06:16:41Z</time><speed>1.410</speed><sat>37</sat></trkpt>
  <trkpt lat="39.44429196" lon="44.01057694"><ele>1842.968</ele><time>2026-09-10T06:16:42Z</time><speed>1.670</speed><sat>37</sat></trkpt>
  <trkpt lat="39.44427823" lon="44.01057045"><ele>1842.712</ele><time>2026-09-10T06:16:43Z</time><speed>1.500</speed><sat>37</sat></trkpt>
  <trkpt lat="39.44426555" lon="44.01056197"><ele>1842.723</ele><time>2026-09-10T06:16:44Z</time><speed>1.580</speed><sat>37</sat></trkpt>
  <trkpt lat="39.44425231" lon="44.01055241"><ele>1842.454</ele><time>2026-09-10T06:16:45Z</time><speed>1.610</speed><sat>37</sat></trkpt>
  <trkpt lat="39.44423935" lon="44.01054420"><ele>1842.820</ele><time>2026-09-10T06:16:46Z</time><speed>1.550</speed><sat>37</sat></trkpt>
  <trkpt lat="39.44422845" lon="44.01053767"><ele>1842.403</ele><time>2026-09-10T06:16:47Z</time><speed>1.380</speed><sat>37</sat></trkpt>
  <trkpt lat="39.44421888" lon="44.01053056"><ele>1842.897</ele><time>2026-09-10T06:16:48Z</time><speed>1.370</speed><sat>37</sat></trkpt>
  <trkpt lat="39.44420817" lon="44.01052447"><ele>1843.271</ele><time>2026-09-10T06:16:49Z</time><speed>1.480</speed><sat>37</sat></trkpt>
  <trkpt lat="39.44419726" lon="44.01052028"><ele>1842.952</ele><time>2026-09-10T06:16:50Z</time><speed>1.280</speed><sat>37</sat></trkpt>
  <trkpt lat="39.44418453" lon="44.01051506"><ele>1843.487</ele><time>2026-09-10T06:16:51Z</time><speed>1.680</speed><sat>37</sat></trkpt>
  <trkpt lat="39.44417089" lon="44.01050893"><ele>1844.277</ele><time>2026-09-10T06:16:52Z</time><speed>1.570</speed><sat>37</sat></trkpt>
  <trkpt lat="39.44415915" lon="44.01050132"><ele>1844.164</ele><time>2026-09-10T06:16:53Z</time><speed>1.510</speed><sat>37</sat></trkpt>
  <trkpt lat="39.44414592" lon="44.01049274"><ele>1844.364</ele><time>2026-09-10T06:16:54Z</time><speed>1.780</speed><sat>37</sat></trkpt>
  <trkpt lat="39.44413282" lon="44.01048532"><ele>1843.408</ele><time>2026-09-10T06:16:55Z</time><speed>1.570</speed><sat>37</sat></trkpt>
  <trkpt lat="39.44412049" lon="44.01047800"><ele>1843.637</ele><time>2026-09-10T06:16:56Z</time><speed>1.600</speed><sat>37</sat></trkpt>
  <trkpt lat="39.44410773" lon="44.01047226"><ele>1842.546</ele><time>2026-09-10T06:16:57Z</time><speed>1.400</speed><sat>37</sat></trkpt>
  <trkpt lat="39.44409491" lon="44.01046682"><ele>1841.871</ele><time>2026-09-10T06:16:58Z</time><speed>1.390</speed><sat>37</sat></trkpt>
  <trkpt lat="39.44408364" lon="44.01046154"><ele>1841.771</ele><time>2026-09-10T06:16:59Z</time><speed>1.140</speed><sat>37</sat></trkpt>
  <trkpt lat="39.44407319" lon="44.01045519"><ele>1842.291</ele><time>2026-09-10T06:17:00Z</time><speed>1.370</speed><sat>37</sat></trkpt>
  <trkpt lat="39.44406256" lon="44.01044591"><ele>1842.435</ele><time>2026-09-10T06:17:01Z</time><speed>1.350</speed><sat>37</sat></trkpt>
  <trkpt lat="39.44405147" lon="44.01043697"><ele>1842.202</ele><time>2026-09-10T06:17:02Z</time><speed>1.390</speed><sat>36</sat></trkpt>
  <trkpt lat="39.44403998" lon="44.01042837"><ele>1843.369</ele><time>2026-09-10T06:17:03Z</time><speed>1.380</speed><sat>36</sat></trkpt>
  <trkpt lat="39.44402842" lon="44.01042246"><ele>1843.612</ele><time>2026-09-10T06:17:04Z</time><speed>1.420</speed><sat>36</sat></trkpt>
  <trkpt lat="39.44401410" lon="44.01041411"><ele>1844.070</ele><time>2026-09-10T06:17:05Z</time><speed>2.010</speed><sat>36</sat></trkpt>
  <trkpt lat="39.44399861" lon="44.01040494"><ele>1844.696</ele><time>2026-09-10T06:17:06Z</time><speed>1.960</speed><sat>36</sat></trkpt>
  <trkpt lat="39.44398148" lon="44.01039572"><ele>1843.970</ele><time>2026-09-10T06:17:07Z</time><speed>2.120</speed><sat>37</sat></trkpt>
  <trkpt lat="39.44396424" lon="44.01038666"><ele>1843.812</ele><time>2026-09-10T06:17:08Z</time><speed>1.990</speed><sat>37</sat></trkpt>
  <trkpt lat="39.44394845" lon="44.01037894"><ele>1842.899</ele><time>2026-09-10T06:17:09Z</time><speed>1.890</speed><sat>37</sat></trkpt>
  <trkpt lat="39.44393324" lon="44.01037237"><ele>1843.075</ele><time>2026-09-10T06:17:10Z</time><speed>1.910</speed><sat>37</sat></trkpt>
  <trkpt lat="39.44392003" lon="44.01036571"><ele>1843.787</ele><time>2026-09-10T06:17:11Z</time><speed>1.800</speed><sat>37</sat></trkpt>
  <trkpt lat="39.44390689" lon="44.01035728"><ele>1844.160</ele><time>2026-09-10T06:17:12Z</time><speed>1.880</speed><sat>37</sat></trkpt>
  <trkpt lat="39.44389659" lon="44.01035040"><ele>1845.438</ele><time>2026-09-10T06:17:13Z</time><speed>1.130</speed><sat>36</sat></trkpt>
  <trkpt lat="39.44388680" lon="44.01034406"><ele>1845.191</ele><time>2026-09-10T06:17:14Z</time><speed>1.600</speed><sat>36</sat></trkpt>
  <trkpt lat="39.44387530" lon="44.01033696"><ele>1844.370</ele><time>2026-09-10T06:17:15Z</time><speed>1.690</speed><sat>36</sat></trkpt>
  <trkpt lat="39.44386328" lon="44.01032827"><ele>1845.400</ele><time>2026-09-10T06:17:16Z</time><speed>1.670</speed><sat>36</sat></trkpt>
  <trkpt lat="39.44385402" lon="44.01031998"><ele>1844.968</ele><time>2026-09-10T06:17:17Z</time><speed>1.400</speed><sat>36</sat></trkpt>
  <trkpt lat="39.44384405" lon="44.01031090"><ele>1845.645</ele><time>2026-09-10T06:17:18Z</time><speed>1.620</speed><sat>36</sat></trkpt>
  <trkpt lat="39.44383292" lon="44.01030273"><ele>1845.388</ele><time>2026-09-10T06:17:19Z</time><speed>1.480</speed><sat>36</sat></trkpt>
  <trkpt lat="39.44382006" lon="44.01029199"><ele>1845.134</ele><time>2026-09-10T06:17:20Z</time><speed>2.050</speed><sat>36</sat></trkpt>
  <trkpt lat="39.44380782" lon="44.01028189"><ele>1846.105</ele><time>2026-09-10T06:17:21Z</time><speed>1.540</speed><sat>36</sat></trkpt>
  <trkpt lat="39.44379957" lon="44.01026760"><ele>1846.609</ele><time>2026-09-10T06:17:22Z</time><speed>1.770</speed><sat>36</sat></trkpt>
  <trkpt lat="39.44379043" lon="44.01025536"><ele>1846.452</ele><time>2026-09-10T06:17:23Z</time><speed>1.530</speed><sat>36</sat></trkpt>
  <trkpt lat="39.44378016" lon="44.01024631"><ele>1846.020</ele><time>2026-09-10T06:17:24Z</time><speed>1.480</speed><sat>37</sat></trkpt>
  <trkpt lat="39.44376914" lon="44.01023960"><ele>1845.347</ele><time>2026-09-10T06:17:25Z</time><speed>1.520</speed><sat>37</sat></trkpt>
  <trkpt lat="39.44375685" lon="44.01023377"><ele>1845.560</ele><time>2026-09-10T06:17:26Z</time><speed>1.480</speed><sat>37</sat></trkpt>
  <trkpt lat="39.44374467" lon="44.01022804"><ele>1845.051</ele><time>2026-09-10T06:17:27Z</time><speed>1.480</speed><sat>37</sat></trkpt>
  <trkpt lat="39.44373241" lon="44.01022252"><ele>1845.319</ele><time>2026-09-10T06:17:28Z</time><speed>1.490</speed><sat>37</sat></trkpt>
  <trkpt lat="39.44372020" lon="44.01021610"><ele>1845.411</ele><time>2026-09-10T06:17:29Z</time><speed>1.490</speed><sat>37</sat></trkpt>
  <trkpt lat="39.44370813" lon="44.01020936"><ele>1845.401</ele><time>2026-09-10T06:17:30Z</time><speed>1.480</speed><sat>36</sat></trkpt>
  <trkpt lat="39.44369676" lon="44.01020152"><ele>1845.516</ele><time>2026-09-10T06:17:31Z</time><speed>1.480</speed><sat>36</sat></trkpt>
  <trkpt lat="39.44368550" lon="44.01019294"><ele>1845.660</ele><time>2026-09-10T06:17:32Z</time><speed>1.490</speed><sat>36</sat></trkpt>
  <trkpt lat="39.44367337" lon="44.01018521"><ele>1845.781</ele><time>2026-09-10T06:17:33Z</time><speed>1.470</speed><sat>36</sat></trkpt>
  <trkpt lat="39.44366093" lon="44.01017792"><ele>1845.791</ele><time>2026-09-10T06:17:34Z</time><speed>1.490</speed><sat>36</sat></trkpt>
  <trkpt lat="39.44364895" lon="44.01017064"><ele>1846.203</ele><time>2026-09-10T06:17:35Z</time><speed>1.470</speed><sat>35</sat></trkpt>
  <trkpt lat="39.44363664" lon="44.01016452"><ele>1846.523</ele><time>2026-09-10T06:17:36Z</time><speed>1.470</speed><sat>35</sat></trkpt>
  <trkpt lat="39.44362509" lon="44.01015807"><ele>1846.464</ele><time>2026-09-10T06:17:37Z</time><speed>1.410</speed><sat>35</sat></trkpt>
  <trkpt lat="39.44361439" lon="44.01015035"><ele>1846.648</ele><time>2026-09-10T06:17:38Z</time><speed>1.470</speed><sat>35</sat></trkpt>
  <trkpt lat="39.44360369" lon="44.01014247"><ele>1846.882</ele><time>2026-09-10T06:17:39Z</time><speed>1.420</speed><sat>35</sat></trkpt>
  <trkpt lat="39.44359320" lon="44.01013477"><ele>1847.265</ele><time>2026-09-10T06:17:40Z</time><speed>1.350</speed><sat>35</sat></trkpt>
  <trkpt lat="39.44358281" lon="44.01012722"><ele>1847.362</ele><time>2026-09-10T06:17:41Z</time><speed>1.370</speed><sat>35</sat></trkpt>
  <trkpt lat="39.44357281" lon="44.01011866"><ele>1847.565</ele><time>2026-09-10T06:17:42Z</time><speed>1.410</speed><sat>35</sat></trkpt>
  <trkpt lat="39.44356317" lon="44.01010881"><ele>1847.555</ele><time>2026-09-10T06:17:43Z</time><speed>1.390</speed><sat>36</sat></trkpt>
  <trkpt lat="39.44355290" lon="44.01009928"><ele>1847.633</ele><time>2026-09-10T06:17:44Z</time><speed>1.430</speed><sat>36</sat></trkpt>
  <trkpt lat="39.44354251" lon="44.01009030"><ele>1847.830</ele><time>2026-09-10T06:17:45Z</time><speed>1.430</speed><sat>36</sat></trkpt>
  <trkpt lat="39.44353207" lon="44.01008078"><ele>1847.571</ele><time>2026-09-10T06:17:46Z</time><speed>1.500</speed><sat>36</sat></trkpt>
  <trkpt lat="39.44352169" lon="44.01007037"><ele>1847.745</ele><time>2026-09-10T06:17:47Z</time><speed>1.480</speed><sat>36</sat></trkpt>
  <trkpt lat="39.44351207" lon="44.01005881"><ele>1847.654</ele><time>2026-09-10T06:17:48Z</time><speed>1.390</speed><sat>36</sat></trkpt>
  <trkpt lat="39.44350253" lon="44.01004731"><ele>1847.706</ele><time>2026-09-10T06:17:49Z</time><speed>1.410</speed><sat>36</sat></trkpt>
  <trkpt lat="39.44349244" lon="44.01003644"><ele>1847.363</ele><time>2026-09-10T06:17:50Z</time><speed>1.410</speed><sat>37</sat></trkpt>
  <trkpt lat="39.44348220" lon="44.01002611"><ele>1847.550</ele><time>2026-09-10T06:17:51Z</time><speed>1.410</speed><sat>37</sat></trkpt>
  <trkpt lat="39.44347231" lon="44.01001731"><ele>1847.245</ele><time>2026-09-10T06:17:52Z</time><speed>1.280</speed><sat>37</sat></trkpt>
  <trkpt lat="39.44346104" lon="44.01000905"><ele>1846.828</ele><time>2026-09-10T06:17:53Z</time><speed>1.410</speed><sat>37</sat></trkpt>
  <trkpt lat="39.44344720" lon="44.01000567"><ele>1846.367</ele><time>2026-09-10T06:17:54Z</time><speed>1.650</speed><sat>37</sat></trkpt>
  <trkpt lat="39.44343517" lon="44.01000407"><ele>1845.316</ele><time>2026-09-10T06:17:55Z</time><speed>1.210</speed><sat>37</sat></trkpt>
  <trkpt lat="39.44342500" lon="44.00999974"><ele>1845.034</ele><time>2026-09-10T06:17:56Z</time><speed>1.250</speed><sat>37</sat></trkpt>
  <trkpt lat="39.44341611" lon="44.00999087"><ele>1844.799</ele><time>2026-09-10T06:17:57Z</time><speed>1.360</speed><sat>37</sat></trkpt>
  <trkpt lat="39.44340761" lon="44.00997875"><ele>1845.181</ele><time>2026-09-10T06:17:58Z</time><speed>1.550</speed><sat>37</sat></trkpt>
  <trkpt lat="39.44339855" lon="44.00996565"><ele>1844.906</ele><time>2026-09-10T06:17:59Z</time><speed>1.590</speed><sat>36</sat></trkpt>
  <trkpt lat="39.44338876" lon="44.00995153"><ele>1844.624</ele><time>2026-09-10T06:18:00Z</time><speed>1.670</speed><sat>35</sat></trkpt>
  <trkpt lat="39.44337840" lon="44.00993734"><ele>1845.123</ele><time>2026-09-10T06:18:01Z</time><speed>1.680</speed><sat>35</sat></trkpt>
  <trkpt lat="39.44336714" lon="44.00992572"><ele>1844.532</ele><time>2026-09-10T06:18:02Z</time><speed>1.710</speed><sat>36</sat></trkpt>
  <trkpt lat="39.44335610" lon="44.00991257"><ele>1844.360</ele><time>2026-09-10T06:18:03Z</time><speed>1.820</speed><sat>36</sat></trkpt>
  <trkpt lat="39.44334549" lon="44.00990209"><ele>1844.931</ele><time>2026-09-10T06:18:04Z</time><speed>1.410</speed><sat>36</sat></trkpt>
  <trkpt lat="39.44333624" lon="44.00989333"><ele>1846.535</ele><time>2026-09-10T06:18:05Z</time><speed>1.360</speed><sat>37</sat></trkpt>
  <trkpt lat="39.44332805" lon="44.00988209"><ele>1846.792</ele><time>2026-09-10T06:18:06Z</time><speed>1.560</speed><sat>37</sat></trkpt>
  <trkpt lat="39.44331851" lon="44.00986990"><ele>1846.384</ele><time>2026-09-10T06:18:07Z</time><speed>1.530</speed><sat>37</sat></trkpt>
  <trkpt lat="39.44330869" lon="44.00985695"><ele>1846.139</ele><time>2026-09-10T06:18:08Z</time><speed>1.630</speed><sat>36</sat></trkpt>
  <trkpt lat="39.44329789" lon="44.00984537"><ele>1845.879</ele><time>2026-09-10T06:18:09Z</time><speed>1.610</speed><sat>36</sat></trkpt>
  <trkpt lat="39.44328595" lon="44.00983451"><ele>1846.121</ele><time>2026-09-10T06:18:10Z</time><speed>1.630</speed><sat>36</sat></trkpt>
  <trkpt lat="39.44327429" lon="44.00982240"><ele>1846.213</ele><time>2026-09-10T06:18:11Z</time><speed>1.680</speed><sat>36</sat></trkpt>
  <trkpt lat="39.44326271" lon="44.00980942"><ele>1846.897</ele><time>2026-09-10T06:18:12Z</time><speed>1.640</speed><sat>36</sat></trkpt>
  <trkpt lat="39.44325465" lon="44.00979692"><ele>1847.087</ele><time>2026-09-10T06:18:13Z</time><speed>1.250</speed><sat>36</sat></trkpt>
  <trkpt lat="39.44324943" lon="44.00978322"><ele>1847.454</ele><time>2026-09-10T06:18:14Z</time><speed>1.420</speed><sat>36</sat></trkpt>
  <trkpt lat="39.44324553" lon="44.00976915"><ele>1847.237</ele><time>2026-09-10T06:18:15Z</time><speed>1.180</speed><sat>36</sat></trkpt>
  <trkpt lat="39.44324284" lon="44.00975741"><ele>1847.173</ele><time>2026-09-10T06:18:16Z</time><speed>1.100</speed><sat>36</sat></trkpt>
  <trkpt lat="39.44323599" lon="44.00974312"><ele>1846.412</ele><time>2026-09-10T06:18:17Z</time><speed>1.700</speed><sat>36</sat></trkpt>
  <trkpt lat="39.44322500" lon="44.00973031"><ele>1846.211</ele><time>2026-09-10T06:18:18Z</time><speed>1.450</speed><sat>36</sat></trkpt>
  <trkpt lat="39.44321093" lon="44.00971934"><ele>1846.676</ele><time>2026-09-10T06:18:19Z</time><speed>1.810</speed><sat>36</sat></trkpt>
  <trkpt lat="39.44319885" lon="44.00971023"><ele>1846.897</ele><time>2026-09-10T06:18:20Z</time><speed>1.270</speed><sat>36</sat></trkpt>
  <trkpt lat="39.44318793" lon="44.00970107"><ele>1846.198</ele><time>2026-09-10T06:18:21Z</time><speed>1.610</speed><sat>36</sat></trkpt>
  <trkpt lat="39.44317618" lon="44.00968861"><ele>1846.151</ele><time>2026-09-10T06:18:22Z</time><speed>1.640</speed><sat>36</sat></trkpt>
  <trkpt lat="39.44316503" lon="44.00967613"><ele>1846.618</ele><time>2026-09-10T06:18:23Z</time><speed>1.510</speed><sat>36</sat></trkpt>
  <trkpt lat="39.44315638" lon="44.00966515"><ele>1847.435</ele><time>2026-09-10T06:18:24Z</time><speed>1.280</speed><sat>36</sat></trkpt>
  <trkpt lat="39.44314841" lon="44.00965592"><ele>1847.609</ele><time>2026-09-10T06:18:25Z</time><speed>1.230</speed><sat>36</sat></trkpt>
  <trkpt lat="39.44313918" lon="44.00964688"><ele>1847.272</ele><time>2026-09-10T06:18:26Z</time><speed>1.340</speed><sat>36</sat></trkpt>
  <trkpt lat="39.44313084" lon="44.00963640"><ele>1847.179</ele><time>2026-09-10T06:18:27Z</time><speed>1.290</speed><sat>36</sat></trkpt>
  <trkpt lat="39.44312145" lon="44.00962466"><ele>1847.007</ele><time>2026-09-10T06:18:28Z</time><speed>1.440</speed><sat>36</sat></trkpt>
  <trkpt lat="39.44311171" lon="44.00961120"><ele>1846.917</ele><time>2026-09-10T06:18:29Z</time><speed>1.490</speed><sat>36</sat></trkpt>
  <trkpt lat="39.44310114" lon="44.00959813"><ele>1847.284</ele><time>2026-09-10T06:18:30Z</time><speed>1.400</speed><sat>36</sat></trkpt>
  <trkpt lat="39.44309197" lon="44.00958713"><ele>1846.802</ele><time>2026-09-10T06:18:31Z</time><speed>1.300</speed><sat>36</sat></trkpt>
  <trkpt lat="39.44308203" lon="44.00957626"><ele>1846.755</ele><time>2026-09-10T06:18:32Z</time><speed>1.460</speed><sat>36</sat></trkpt>
  <trkpt lat="39.44307273" lon="44.00956395"><ele>1847.555</ele><time>2026-09-10T06:18:33Z</time><speed>1.420</speed><sat>36</sat></trkpt>
  <trkpt lat="39.44306539" lon="44.00955168"><ele>1847.951</ele><time>2026-09-10T06:18:34Z</time><speed>1.150</speed><sat>36</sat></trkpt>
  <trkpt lat="39.44305952" lon="44.00954130"><ele>1848.666</ele><time>2026-09-10T06:18:35Z</time><speed>0.930</speed><sat>36</sat></trkpt>
  <trkpt lat="39.44305436" lon="44.00953186"><ele>1849.443</ele><time>2026-09-10T06:18:36Z</time><speed>1.130</speed><sat>36</sat></trkpt>
  <trkpt lat="39.44304843" lon="44.00952118"><ele>1849.627</ele><time>2026-09-10T06:18:37Z</time><speed>1.130</speed><sat>36</sat></trkpt>
  <trkpt lat="39.44304175" lon="44.00951100"><ele>1849.704</ele><time>2026-09-10T06:18:38Z</time><speed>1.120</speed><sat>36</sat></trkpt>
  <trkpt lat="39.44303634" lon="44.00950373"><ele>1849.383</ele><time>2026-09-10T06:18:39Z</time><speed>0.720</speed><sat>37</sat></trkpt>
  <trkpt lat="39.44303042" lon="44.00950004"><ele>1849.073</ele><time>2026-09-10T06:18:40Z</time><speed>0.640</speed><sat>37</sat></trkpt>
  <trkpt lat="39.44302375" lon="44.00949343"><ele>1848.979</ele><time>2026-09-10T06:18:41Z</time><speed>1.120</speed><sat>37</sat></trkpt>
  <trkpt lat="39.44301668" lon="44.00948343"><ele>1848.947</ele><time>2026-09-10T06:18:42Z</time><speed>1.140</speed><sat>36</sat></trkpt>
  <trkpt lat="39.44301053" lon="44.00947649"><ele>1849.893</ele><time>2026-09-10T06:18:43Z</time><speed>0.830</speed><sat>34</sat></trkpt>
  <trkpt lat="39.44300466" lon="44.00946711"><ele>1850.004</ele><time>2026-09-10T06:18:44Z</time><speed>1.230</speed><sat>36</sat></trkpt>
  <trkpt lat="39.44299774" lon="44.00945596"><ele>1849.589</ele><time>2026-09-10T06:18:45Z</time><speed>1.250</speed><sat>37</sat></trkpt>
  <trkpt lat="39.44299067" lon="44.00944319"><ele>1849.067</ele><time>2026-09-10T06:18:46Z</time><speed>1.290</speed><sat>37</sat></trkpt>
  <trkpt lat="39.44298355" lon="44.00943314"><ele>1848.517</ele><time>2026-09-10T06:18:47Z</time><speed>1.190</speed><sat>37</sat></trkpt>
  <trkpt lat="39.44297821" lon="44.00942713"><ele>1849.070</ele><time>2026-09-10T06:18:48Z</time><speed>0.680</speed><sat>37</sat></trkpt>
  <trkpt lat="39.44297148" lon="44.00942040"><ele>1848.471</ele><time>2026-09-10T06:18:49Z</time><speed>1.410</speed><sat>37</sat></trkpt>
  <trkpt lat="39.44296177" lon="44.00940998"><ele>1848.958</ele><time>2026-09-10T06:18:50Z</time><speed>1.450</speed><sat>37</sat></trkpt>
  <trkpt lat="39.44295217" lon="44.00939770"><ele>1849.076</ele><time>2026-09-10T06:18:51Z</time><speed>1.480</speed><sat>37</sat></trkpt>
  <trkpt lat="39.44294257" lon="44.00938410"><ele>1849.150</ele><time>2026-09-10T06:18:52Z</time><speed>1.560</speed><sat>37</sat></trkpt>
  <trkpt lat="39.44293297" lon="44.00936982"><ele>1849.069</ele><time>2026-09-10T06:18:53Z</time><speed>1.530</speed><sat>37</sat></trkpt>
  <trkpt lat="39.44292680" lon="44.00935614"><ele>1848.964</ele><time>2026-09-10T06:18:54Z</time><speed>1.120</speed><sat>37</sat></trkpt>
  <trkpt lat="39.44292094" lon="44.00934381"><ele>1848.675</ele><time>2026-09-10T06:18:55Z</time><speed>1.150</speed><sat>37</sat></trkpt>
  <trkpt lat="39.44291446" lon="44.00933357"><ele>1848.914</ele><time>2026-09-10T06:18:56Z</time><speed>1.060</speed><sat>37</sat></trkpt>
  <trkpt lat="39.44290753" lon="44.00932494"><ele>1848.712</ele><time>2026-09-10T06:18:57Z</time><speed>1.070</speed><sat>37</sat></trkpt>
  <trkpt lat="39.44289863" lon="44.00931521"><ele>1848.411</ele><time>2026-09-10T06:18:58Z</time><speed>1.320</speed><sat>37</sat></trkpt>
  <trkpt lat="39.44288863" lon="44.00930354"><ele>1848.165</ele><time>2026-09-10T06:18:59Z</time><speed>1.370</speed><sat>37</sat></trkpt>
  <trkpt lat="39.44287886" lon="44.00929239"><ele>1847.824</ele><time>2026-09-10T06:19:00Z</time><speed>1.220</speed><sat>37</sat></trkpt>
  <trkpt lat="39.44286819" lon="44.00928159"><ele>1847.167</ele><time>2026-09-10T06:19:01Z</time><speed>1.620</speed><sat>37</sat></trkpt>
  <trkpt lat="39.44285396" lon="44.00926949"><ele>1847.221</ele><time>2026-09-10T06:19:02Z</time><speed>1.850</speed><sat>37</sat></trkpt>
  <trkpt lat="39.44284009" lon="44.00925534"><ele>1847.405</ele><time>2026-09-10T06:19:03Z</time><speed>1.890</speed><sat>37</sat></trkpt>
  <trkpt lat="39.44282919" lon="44.00923965"><ele>1847.177</ele><time>2026-09-10T06:19:04Z</time><speed>1.710</speed><sat>37</sat></trkpt>
  <trkpt lat="39.44282124" lon="44.00922453"><ele>1847.331</ele><time>2026-09-10T06:19:05Z</time><speed>1.530</speed><sat>37</sat></trkpt>
  <trkpt lat="39.44281482" lon="44.00920975"><ele>1847.603</ele><time>2026-09-10T06:19:06Z</time><speed>1.450</speed><sat>37</sat></trkpt>
  <trkpt lat="39.44280926" lon="44.00919550"><ele>1848.076</ele><time>2026-09-10T06:19:07Z</time><speed>1.370</speed><sat>37</sat></trkpt>
  <trkpt lat="39.44280528" lon="44.00918412"><ele>1848.334</ele><time>2026-09-10T06:19:08Z</time><speed>1.040</speed><sat>34</sat></trkpt>
  <trkpt lat="39.44280209" lon="44.00917523"><ele>1848.431</ele><time>2026-09-10T06:19:09Z</time><speed>0.890</speed><sat>32</sat></trkpt>
  <trkpt lat="39.44280130" lon="44.00917154"><ele>1848.705</ele><time>2026-09-10T06:19:10Z</time><speed>0.250</speed><sat>31</sat></trkpt>
  <trkpt lat="39.44280532" lon="44.00917533"><ele>1848.775</ele><time>2026-09-10T06:19:11Z</time><speed>0.000</speed><sat>32</sat></trkpt>
  <trkpt lat="39.44280765" lon="44.00917783"><ele>1848.775</ele><time>2026-09-10T06:19:12Z</time><speed>0.000</speed><sat>35</sat></trkpt>
  <trkpt lat="39.44280883" lon="44.00917910"><ele>1848.780</ele><time>2026-09-10T06:19:13Z</time><speed>0.000</speed><sat>35</sat></trkpt>
  <trkpt lat="39.44280945" lon="44.00918034"><ele>1848.832</ele><time>2026-09-10T06:19:14Z</time><speed>0.000</speed><sat>35</sat></trkpt>
  <trkpt lat="39.44280997" lon="44.00918130"><ele>1848.356</ele><time>2026-09-10T06:19:15Z</time><speed>0.280</speed><sat>36</sat></trkpt>
  <trkpt lat="39.44280533" lon="44.00919423"><ele>1849.587</ele><time>2026-09-10T06:19:16Z</time><speed>0.000</speed><sat>36</sat></trkpt>
  <trkpt lat="39.44280154" lon="44.00919234"><ele>1850.873</ele><time>2026-09-10T06:19:17Z</time><speed>0.730</speed><sat>37</sat></trkpt>
  <trkpt lat="39.44279540" lon="44.00917846"><ele>1849.998</ele><time>2026-09-10T06:19:18Z</time><speed>1.540</speed><sat>37</sat></trkpt>
  <trkpt lat="39.44278917" lon="44.00916154"><ele>1849.873</ele><time>2026-09-10T06:19:19Z</time><speed>1.450</speed><sat>37</sat></trkpt>
  <trkpt lat="39.44278260" lon="44.00914483"><ele>1849.677</ele><time>2026-09-10T06:19:20Z</time><speed>1.420</speed><sat>37</sat></trkpt>
  <trkpt lat="39.44277577" lon="44.00912888"><ele>1850.557</ele><time>2026-09-10T06:19:21Z</time><speed>1.560</speed><sat>37</sat></trkpt>
  <trkpt lat="39.44276826" lon="44.00911060"><ele>1850.214</ele><time>2026-09-10T06:19:22Z</time><speed>1.730</speed><sat>37</sat></trkpt>
  <trkpt lat="39.44276030" lon="44.00909484"><ele>1850.718</ele><time>2026-09-10T06:19:23Z</time><speed>1.640</speed><sat>37</sat></trkpt>
  <trkpt lat="39.44275113" lon="44.00907825"><ele>1849.957</ele><time>2026-09-10T06:19:24Z</time><speed>1.810</speed><sat>37</sat></trkpt>
  <trkpt lat="39.44274208" lon="44.00906077"><ele>1850.060</ele><time>2026-09-10T06:19:25Z</time><speed>1.790</speed><sat>37</sat></trkpt>
  <trkpt lat="39.44273370" lon="44.00904207"><ele>1849.411</ele><time>2026-09-10T06:19:26Z</time><speed>1.840</speed><sat>37</sat></trkpt>
  <trkpt lat="39.44272478" lon="44.00902254"><ele>1849.971</ele><time>2026-09-10T06:19:27Z</time><speed>1.910</speed><sat>37</sat></trkpt>
  <trkpt lat="39.44271596" lon="44.00900203"><ele>1849.928</ele><time>2026-09-10T06:19:28Z</time><speed>1.900</speed><sat>37</sat></trkpt>
  <trkpt lat="39.44270530" lon="44.00898351"><ele>1849.216</ele><time>2026-09-10T06:19:29Z</time><speed>1.890</speed><sat>36</sat></trkpt>
  <trkpt lat="39.44269600" lon="44.00896477"><ele>1849.378</ele><time>2026-09-10T06:19:30Z</time><speed>1.820</speed><sat>36</sat></trkpt>
  <trkpt lat="39.44268830" lon="44.00894412"><ele>1848.611</ele><time>2026-09-10T06:19:31Z</time><speed>1.910</speed><sat>37</sat></trkpt>
  <trkpt lat="39.44268117" lon="44.00892427"><ele>1849.141</ele><time>2026-09-10T06:19:32Z</time><speed>1.740</speed><sat>37</sat></trkpt>
  <trkpt lat="39.44267398" lon="44.00890685"><ele>1848.003</ele><time>2026-09-10T06:19:33Z</time><speed>1.630</speed><sat>37</sat></trkpt>
  <trkpt lat="39.44266550" lon="44.00889077"><ele>1847.437</ele><time>2026-09-10T06:19:34Z</time><speed>1.670</speed><sat>37</sat></trkpt>
  <trkpt lat="39.44265670" lon="44.00887420"><ele>1847.278</ele><time>2026-09-10T06:19:35Z</time><speed>1.620</speed><sat>37</sat></trkpt>
  <trkpt lat="39.44264737" lon="44.00885698"><ele>1846.998</ele><time>2026-09-10T06:19:36Z</time><speed>1.650</speed><sat>37</sat></trkpt>
  <trkpt lat="39.44263793" lon="44.00883966"><ele>1846.977</ele><time>2026-09-10T06:19:37Z</time><speed>1.680</speed><sat>37</sat></trkpt>
  <trkpt lat="39.44262926" lon="44.00882210"><ele>1846.494</ele><time>2026-09-10T06:19:38Z</time><speed>1.640</speed><sat>37</sat></trkpt>
  <trkpt lat="39.44262132" lon="44.00880422"><ele>1846.079</ele><time>2026-09-10T06:19:39Z</time><speed>1.620</speed><sat>37</sat></trkpt>
  <trkpt lat="39.44261561" lon="44.00878541"><ele>1845.236</ele><time>2026-09-10T06:19:40Z</time><speed>1.620</speed><sat>37</sat></trkpt>
  <trkpt lat="39.44261066" lon="44.00876583"><ele>1845.672</ele><time>2026-09-10T06:19:41Z</time><speed>1.610</speed><sat>37</sat></trkpt>
  <trkpt lat="39.44260401" lon="44.00874783"><ele>1845.896</ele><time>2026-09-10T06:19:42Z</time><speed>1.660</speed><sat>37</sat></trkpt>
  <trkpt lat="39.44259746" lon="44.00872924"><ele>1845.747</ele><time>2026-09-10T06:19:43Z</time><speed>1.670</speed><sat>37</sat></trkpt>
  <trkpt lat="39.44259137" lon="44.00871031"><ele>1845.764</ele><time>2026-09-10T06:19:44Z</time><speed>1.650</speed><sat>37</sat></trkpt>
  <trkpt lat="39.44258638" lon="44.00869158"><ele>1846.419</ele><time>2026-09-10T06:19:45Z</time><speed>1.610</speed><sat>37</sat></trkpt>
  <trkpt lat="39.44258148" lon="44.00867315"><ele>1846.823</ele><time>2026-09-10T06:19:46Z</time><speed>1.600</speed><sat>37</sat></trkpt>
  <trkpt lat="39.44257339" lon="44.00865378"><ele>1847.083</ele><time>2026-09-10T06:19:47Z</time><speed>1.820</speed><sat>37</sat></trkpt>
  <trkpt lat="39.44256363" lon="44.00863372"><ele>1846.555</ele><time>2026-09-10T06:19:48Z</time><speed>1.790</speed><sat>37</sat></trkpt>
  <trkpt lat="39.44255416" lon="44.00861566"><ele>1845.430</ele><time>2026-09-10T06:19:49Z</time><speed>1.670</speed><sat>37</sat></trkpt>
  <trkpt lat="39.44254550" lon="44.00859920"><ele>1846.047</ele><time>2026-09-10T06:19:50Z</time><speed>1.590</speed><sat>37</sat></trkpt>
  <trkpt lat="39.44253681" lon="44.00858310"><ele>1846.932</ele><time>2026-09-10T06:19:51Z</time><speed>1.680</speed><sat>37</sat></trkpt>
  <trkpt lat="39.44252821" lon="44.00856550"><ele>1847.061</ele><time>2026-09-10T06:19:52Z</time><speed>1.770</speed><sat>37</sat></trkpt>
  <trkpt lat="39.44252000" lon="44.00854768"><ele>1847.043</ele><time>2026-09-10T06:19:53Z</time><speed>1.660</speed><sat>37</sat></trkpt>
  <trkpt lat="39.44251102" lon="44.00853125"><ele>1847.412</ele><time>2026-09-10T06:19:54Z</time><speed>1.580</speed><sat>37</sat></trkpt>
  <trkpt lat="39.44250161" lon="44.00851480"><ele>1847.379</ele><time>2026-09-10T06:19:55Z</time><speed>1.670</speed><sat>37</sat></trkpt>
  <trkpt lat="39.44249231" lon="44.00849819"><ele>1847.906</ele><time>2026-09-10T06:19:56Z</time><speed>1.670</speed><sat>37</sat></trkpt>
  <trkpt lat="39.44248407" lon="44.00848142"><ele>1847.302</ele><time>2026-09-10T06:19:57Z</time><speed>1.610</speed><sat>37</sat></trkpt>
  <trkpt lat="39.44247696" lon="44.00846452"><ele>1847.113</ele><time>2026-09-10T06:19:58Z</time><speed>1.620</speed><sat>37</sat></trkpt>
  <trkpt lat="39.44246994" lon="44.00844666"><ele>1847.421</ele><time>2026-09-10T06:19:59Z</time><speed>1.650</speed><sat>37</sat></trkpt>
  <trkpt lat="39.44246399" lon="44.00842959"><ele>1847.370</ele><time>2026-09-10T06:20:00Z</time><speed>1.440</speed><sat>37</sat></trkpt>
  <trkpt lat="39.44245797" lon="44.00841079"><ele>1847.673</ele><time>2026-09-10T06:20:01Z</time><speed>1.770</speed><sat>37</sat></trkpt>
  <trkpt lat="39.44245153" lon="44.00838850"><ele>1848.151</ele><time>2026-09-10T06:20:02Z</time><speed>1.880</speed><sat>37</sat></trkpt>
  <trkpt lat="39.44244518" lon="44.00836571"><ele>1848.259</ele><time>2026-09-10T06:20:03Z</time><speed>1.760</speed><sat>37</sat></trkpt>
  <trkpt lat="39.44243752" lon="44.00834266"><ele>1848.732</ele><time>2026-09-10T06:20:04Z</time><speed>1.880</speed><sat>37</sat></trkpt>
  <trkpt lat="39.44242776" lon="44.00831896"><ele>1848.873</ele><time>2026-09-10T06:20:05Z</time><speed>2.010</speed><sat>37</sat></trkpt>
  <trkpt lat="39.44241569" lon="44.00829503"><ele>1848.964</ele><time>2026-09-10T06:20:06Z</time><speed>2.170</speed><sat>37</sat></trkpt>
  <trkpt lat="39.44240264" lon="44.00827249"><ele>1849.029</ele><time>2026-09-10T06:20:07Z</time><speed>1.980</speed><sat>37</sat></trkpt>
  <trkpt lat="39.44239095" lon="44.00825390"><ele>1849.186</ele><time>2026-09-10T06:20:08Z</time><speed>1.530</speed><sat>37</sat></trkpt>
  <trkpt lat="39.44238028" lon="44.00823763"><ele>1849.433</ele><time>2026-09-10T06:20:09Z</time><speed>1.590</speed><sat>37</sat></trkpt>
  <trkpt lat="39.44237097" lon="44.00821935"><ele>1849.890</ele><time>2026-09-10T06:20:10Z</time><speed>1.640</speed><sat>37</sat></trkpt>
  <trkpt lat="39.44236284" lon="44.00820142"><ele>1850.335</ele><time>2026-09-10T06:20:11Z</time><speed>1.520</speed><sat>37</sat></trkpt>
  <trkpt lat="39.44235454" lon="44.00818258"><ele>1850.009</ele><time>2026-09-10T06:20:12Z</time><speed>1.620</speed><sat>37</sat></trkpt>
  <trkpt lat="39.44234607" lon="44.00816408"><ele>1850.680</ele><time>2026-09-10T06:20:13Z</time><speed>1.630</speed><sat>37</sat></trkpt>
  <trkpt lat="39.44233883" lon="44.00814309"><ele>1851.168</ele><time>2026-09-10T06:20:14Z</time><speed>1.780</speed><sat>37</sat></trkpt>
  <trkpt lat="39.44233138" lon="44.00812103"><ele>1852.032</ele><time>2026-09-10T06:20:15Z</time><speed>1.780</speed><sat>37</sat></trkpt>
  <trkpt lat="39.44232377" lon="44.00809758"><ele>1852.643</ele><time>2026-09-10T06:20:16Z</time><speed>1.950</speed><sat>37</sat></trkpt>
  <trkpt lat="39.44231537" lon="44.00807306"><ele>1852.179</ele><time>2026-09-10T06:20:17Z</time><speed>2.130</speed><sat>37</sat></trkpt>
  <trkpt lat="39.44230701" lon="44.00804911"><ele>1852.766</ele><time>2026-09-10T06:20:18Z</time><speed>1.860</speed><sat>37</sat></trkpt>
  <trkpt lat="39.44229943" lon="44.00802860"><ele>1853.394</ele><time>2026-09-10T06:20:19Z</time><speed>1.690</speed><sat>37</sat></trkpt>
  <trkpt lat="39.44229243" lon="44.00800782"><ele>1853.715</ele><time>2026-09-10T06:20:20Z</time><speed>1.790</speed><sat>37</sat></trkpt>
  <trkpt lat="39.44228548" lon="44.00798695"><ele>1852.230</ele><time>2026-09-10T06:20:21Z</time><speed>1.790</speed><sat>37</sat></trkpt>
  <trkpt lat="39.44227803" lon="44.00796546"><ele>1851.754</ele><time>2026-09-10T06:20:22Z</time><speed>1.810</speed><sat>37</sat></trkpt>
  <trkpt lat="39.44227093" lon="44.00794459"><ele>1851.572</ele><time>2026-09-10T06:20:23Z</time><speed>1.700</speed><sat>36</sat></trkpt>
  <trkpt lat="39.44226446" lon="44.00792371"><ele>1851.204</ele><time>2026-09-10T06:20:24Z</time><speed>1.800</speed><sat>36</sat></trkpt>
  <trkpt lat="39.44225835" lon="44.00790020"><ele>1851.188</ele><time>2026-09-10T06:20:25Z</time><speed>1.890</speed><sat>36</sat></trkpt>
  <trkpt lat="39.44225109" lon="44.00787617"><ele>1851.548</ele><time>2026-09-10T06:20:26Z</time><speed>2.000</speed><sat>36</sat></trkpt>
  <trkpt lat="39.44224324" lon="44.00785269"><ele>1851.483</ele><time>2026-09-10T06:20:27Z</time><speed>1.940</speed><sat>36</sat></trkpt>
  <trkpt lat="39.44223403" lon="44.00782910"><ele>1851.516</ele><time>2026-09-10T06:20:28Z</time><speed>2.060</speed><sat>36</sat></trkpt>
  <trkpt lat="39.44222356" lon="44.00780617"><ele>1851.945</ele><time>2026-09-10T06:20:29Z</time><speed>2.000</speed><sat>36</sat></trkpt>
  <trkpt lat="39.44221338" lon="44.00778537"><ele>1851.642</ele><time>2026-09-10T06:20:30Z</time><speed>1.900</speed><sat>36</sat></trkpt>
  <trkpt lat="39.44220445" lon="44.00776486"><ele>1852.286</ele><time>2026-09-10T06:20:31Z</time><speed>1.870</speed><sat>37</sat></trkpt>
  <trkpt lat="39.44219761" lon="44.00774353"><ele>1852.104</ele><time>2026-09-10T06:20:32Z</time><speed>1.880</speed><sat>37</sat></trkpt>
  <trkpt lat="39.44219098" lon="44.00772218"><ele>1851.418</ele><time>2026-09-10T06:20:33Z</time><speed>1.910</speed><sat>37</sat></trkpt>
  <trkpt lat="39.44218366" lon="44.00770077"><ele>1851.154</ele><time>2026-09-10T06:20:34Z</time><speed>1.920</speed><sat>37</sat></trkpt>
  <trkpt lat="39.44217601" lon="44.00767922"><ele>1851.890</ele><time>2026-09-10T06:20:35Z</time><speed>1.930</speed><sat>37</sat></trkpt>
  <trkpt lat="39.44216927" lon="44.00765758"><ele>1851.035</ele><time>2026-09-10T06:20:36Z</time><speed>1.950</speed><sat>37</sat></trkpt>
  <trkpt lat="39.44216307" lon="44.00763526"><ele>1851.889</ele><time>2026-09-10T06:20:37Z</time><speed>1.970</speed><sat>37</sat></trkpt>
  <trkpt lat="39.44215670" lon="44.00761352"><ele>1851.915</ele><time>2026-09-10T06:20:38Z</time><speed>1.930</speed><sat>37</sat></trkpt>
  <trkpt lat="39.44215151" lon="44.00759084"><ele>1851.487</ele><time>2026-09-10T06:20:39Z</time><speed>1.960</speed><sat>37</sat></trkpt>
  <trkpt lat="39.44214529" lon="44.00756787"><ele>1851.429</ele><time>2026-09-10T06:20:40Z</time><speed>1.970</speed><sat>37</sat></trkpt>
  <trkpt lat="39.44213922" lon="44.00754395"><ele>1851.597</ele><time>2026-09-10T06:20:41Z</time><speed>2.020</speed><sat>37</sat></trkpt>
  <trkpt lat="39.44213342" lon="44.00752012"><ele>1852.527</ele><time>2026-09-10T06:20:42Z</time><speed>2.020</speed><sat>37</sat></trkpt>
  <trkpt lat="39.44212687" lon="44.00749776"><ele>1852.333</ele><time>2026-09-10T06:20:43Z</time><speed>1.980</speed><sat>37</sat></trkpt>
  <trkpt lat="39.44211898" lon="44.00747592"><ele>1851.702</ele><time>2026-09-10T06:20:44Z</time><speed>2.040</speed><sat>37</sat></trkpt>
  <trkpt lat="39.44211037" lon="44.00745376"><ele>1852.297</ele><time>2026-09-10T06:20:45Z</time><speed>2.000</speed><sat>37</sat></trkpt>
  <trkpt lat="39.44210165" lon="44.00743130"><ele>1852.190</ele><time>2026-09-10T06:20:46Z</time><speed>2.020</speed><sat>37</sat></trkpt>
  <trkpt lat="39.44209434" lon="44.00740915"><ele>1852.456</ele><time>2026-09-10T06:20:47Z</time><speed>1.940</speed><sat>37</sat></trkpt>
  <trkpt lat="39.44208806" lon="44.00738629"><ele>1852.676</ele><time>2026-09-10T06:20:48Z</time><speed>2.000</speed><sat>37</sat></trkpt>
  <trkpt lat="39.44208182" lon="44.00736270"><ele>1853.025</ele><time>2026-09-10T06:20:49Z</time><speed>2.070</speed><sat>37</sat></trkpt>
  <trkpt lat="39.44207567" lon="44.00733998"><ele>1853.192</ele><time>2026-09-10T06:20:50Z</time><speed>1.960</speed><sat>37</sat></trkpt>
  <trkpt lat="39.44206912" lon="44.00731810"><ele>1853.028</ele><time>2026-09-10T06:20:51Z</time><speed>1.980</speed><sat>37</sat></trkpt>
  <trkpt lat="39.44206121" lon="44.00729561"><ele>1852.321</ele><time>2026-09-10T06:20:52Z</time><speed>2.040</speed><sat>37</sat></trkpt>
  <trkpt lat="39.44205465" lon="44.00727266"><ele>1853.166</ele><time>2026-09-10T06:20:53Z</time><speed>1.990</speed><sat>37</sat></trkpt>
  <trkpt lat="39.44204683" lon="44.00725040"><ele>1853.299</ele><time>2026-09-10T06:20:54Z</time><speed>2.020</speed><sat>37</sat></trkpt>
  <trkpt lat="39.44203959" lon="44.00722775"><ele>1852.928</ele><time>2026-09-10T06:20:55Z</time><speed>2.000</speed><sat>37</sat></trkpt>
  <trkpt lat="39.44203254" lon="44.00720475"><ele>1853.136</ele><time>2026-09-10T06:20:56Z</time><speed>1.990</speed><sat>37</sat></trkpt>
  <trkpt lat="39.44202525" lon="44.00718171"><ele>1852.990</ele><time>2026-09-10T06:20:57Z</time><speed>2.000</speed><sat>37</sat></trkpt>
  <trkpt lat="39.44201829" lon="44.00715892"><ele>1853.155</ele><time>2026-09-10T06:20:58Z</time><speed>2.000</speed><sat>37</sat></trkpt>
  <trkpt lat="39.44201142" lon="44.00713725"><ele>1853.536</ele><time>2026-09-10T06:20:59Z</time><speed>1.980</speed><sat>37</sat></trkpt>
  <trkpt lat="39.44200538" lon="44.00711508"><ele>1853.121</ele><time>2026-09-10T06:21:00Z</time><speed>2.010</speed><sat>37</sat></trkpt>
  <trkpt lat="39.44199898" lon="44.00709186"><ele>1852.867</ele><time>2026-09-10T06:21:01Z</time><speed>2.040</speed><sat>37</sat></trkpt>
  <trkpt lat="39.44199221" lon="44.00707018"><ele>1852.480</ele><time>2026-09-10T06:21:02Z</time><speed>1.960</speed><sat>37</sat></trkpt>
  <trkpt lat="39.44198623" lon="44.00704969"><ele>1853.197</ele><time>2026-09-10T06:21:03Z</time><speed>1.940</speed><sat>37</sat></trkpt>
  <trkpt lat="39.44198043" lon="44.00702865"><ele>1852.543</ele><time>2026-09-10T06:21:04Z</time><speed>2.050</speed><sat>37</sat></trkpt>
  <trkpt lat="39.44197580" lon="44.00700630"><ele>1852.861</ele><time>2026-09-10T06:21:05Z</time><speed>2.050</speed><sat>37</sat></trkpt>
  <trkpt lat="39.44197180" lon="44.00698360"><ele>1851.995</ele><time>2026-09-10T06:21:06Z</time><speed>2.000</speed><sat>37</sat></trkpt>
  <trkpt lat="39.44196772" lon="44.00696110"><ele>1852.535</ele><time>2026-09-10T06:21:07Z</time><speed>2.010</speed><sat>37</sat></trkpt>
  <trkpt lat="39.44196232" lon="44.00693822"><ele>1852.625</ele><time>2026-09-10T06:21:08Z</time><speed>1.990</speed><sat>37</sat></trkpt>
  <trkpt lat="39.44195621" lon="44.00691621"><ele>1852.034</ele><time>2026-09-10T06:21:09Z</time><speed>2.040</speed><sat>37</sat></trkpt>
  <trkpt lat="39.44194879" lon="44.00689516"><ele>1852.316</ele><time>2026-09-10T06:21:10Z</time><speed>2.010</speed><sat>37</sat></trkpt>
  <trkpt lat="39.44194093" lon="44.00687495"><ele>1852.877</ele><time>2026-09-10T06:21:11Z</time><speed>1.950</speed><sat>37</sat></trkpt>
  <trkpt lat="39.44193214" lon="44.00685488"><ele>1852.849</ele><time>2026-09-10T06:21:12Z</time><speed>1.920</speed><sat>37</sat></trkpt>
  <trkpt lat="39.44192373" lon="44.00683397"><ele>1852.835</ele><time>2026-09-10T06:21:13Z</time><speed>2.020</speed><sat>36</sat></trkpt>
  <trkpt lat="39.44191585" lon="44.00681188"><ele>1853.114</ele><time>2026-09-10T06:21:14Z</time><speed>2.030</speed><sat>37</sat></trkpt>
  <trkpt lat="39.44190730" lon="44.00679074"><ele>1852.928</ele><time>2026-09-10T06:21:15Z</time><speed>1.960</speed><sat>37</sat></trkpt>
  <trkpt lat="39.44189848" lon="44.00677091"><ele>1852.408</ele><time>2026-09-10T06:21:16Z</time><speed>1.980</speed><sat>37</sat></trkpt>
  <trkpt lat="39.44189027" lon="44.00674992"><ele>1852.100</ele><time>2026-09-10T06:21:17Z</time><speed>2.010</speed><sat>37</sat></trkpt>
  <trkpt lat="39.44188327" lon="44.00672791"><ele>1852.208</ele><time>2026-09-10T06:21:18Z</time><speed>1.970</speed><sat>37</sat></trkpt>
  <trkpt lat="39.44187750" lon="44.00670511"><ele>1852.691</ele><time>2026-09-10T06:21:19Z</time><speed>2.020</speed><sat>37</sat></trkpt>
  <trkpt lat="39.44187090" lon="44.00668257"><ele>1853.607</ele><time>2026-09-10T06:21:20Z</time><speed>1.980</speed><sat>37</sat></trkpt>
  <trkpt lat="39.44186363" lon="44.00666025"><ele>1854.271</ele><time>2026-09-10T06:21:21Z</time><speed>2.120</speed><sat>37</sat></trkpt>
  <trkpt lat="39.44185479" lon="44.00663630"><ele>1854.054</ele><time>2026-09-10T06:21:22Z</time><speed>2.390</speed><sat>37</sat></trkpt>
  <trkpt lat="39.44184519" lon="44.00661231"><ele>1854.648</ele><time>2026-09-10T06:21:23Z</time><speed>2.220</speed><sat>37</sat></trkpt>
  <trkpt lat="39.44183730" lon="44.00658991"><ele>1854.766</ele><time>2026-09-10T06:21:24Z</time><speed>1.980</speed><sat>37</sat></trkpt>
  <trkpt lat="39.44183113" lon="44.00656829"><ele>1854.937</ele><time>2026-09-10T06:21:25Z</time><speed>1.960</speed><sat>37</sat></trkpt>
  <trkpt lat="39.44182643" lon="44.00654630"><ele>1855.083</ele><time>2026-09-10T06:21:26Z</time><speed>1.900</speed><sat>37</sat></trkpt>
  <trkpt lat="39.44182333" lon="44.00652397"><ele>1855.166</ele><time>2026-09-10T06:21:27Z</time><speed>1.920</speed><sat>37</sat></trkpt>
  <trkpt lat="39.44182156" lon="44.00650195"><ele>1855.590</ele><time>2026-09-10T06:21:28Z</time><speed>1.920</speed><sat>37</sat></trkpt>
  <trkpt lat="39.44181855" lon="44.00648008"><ele>1855.513</ele><time>2026-09-10T06:21:29Z</time><speed>1.960</speed><sat>37</sat></trkpt>
  <trkpt lat="39.44181402" lon="44.00645834"><ele>1855.992</ele><time>2026-09-10T06:21:30Z</time><speed>1.940</speed><sat>37</sat></trkpt>
  <trkpt lat="39.44180839" lon="44.00643693"><ele>1855.531</ele><time>2026-09-10T06:21:31Z</time><speed>1.970</speed><sat>37</sat></trkpt>
  <trkpt lat="39.44180243" lon="44.00641492"><ele>1856.011</ele><time>2026-09-10T06:21:32Z</time><speed>2.010</speed><sat>37</sat></trkpt>
  <trkpt lat="39.44179731" lon="44.00639268"><ele>1855.224</ele><time>2026-09-10T06:21:33Z</time><speed>2.020</speed><sat>37</sat></trkpt>
  <trkpt lat="39.44179312" lon="44.00637051"><ele>1854.157</ele><time>2026-09-10T06:21:34Z</time><speed>1.990</speed><sat>37</sat></trkpt>
  <trkpt lat="39.44178918" lon="44.00634847"><ele>1854.444</ele><time>2026-09-10T06:21:35Z</time><speed>2.010</speed><sat>37</sat></trkpt>
  <trkpt lat="39.44178528" lon="44.00632530"><ele>1854.898</ele><time>2026-09-10T06:21:36Z</time><speed>2.030</speed><sat>37</sat></trkpt>
  <trkpt lat="39.44178391" lon="44.00630798"><ele>1853.929</ele><time>2026-09-10T06:21:37Z</time><speed>1.120</speed><sat>37</sat></trkpt>
  <trkpt lat="39.44178298" lon="44.00629367"><ele>1854.913</ele><time>2026-09-10T06:21:38Z</time><speed>1.330</speed><sat>37</sat></trkpt>
  <trkpt lat="39.44177994" lon="44.00627559"><ele>1854.328</ele><time>2026-09-10T06:21:39Z</time><speed>1.700</speed><sat>37</sat></trkpt>
  <trkpt lat="39.44177558" lon="44.00625695"><ele>1854.334</ele><time>2026-09-10T06:21:40Z</time><speed>1.420</speed><sat>37</sat></trkpt>
  <trkpt lat="39.44177221" lon="44.00623865"><ele>1855.122</ele><time>2026-09-10T06:21:41Z</time><speed>1.470</speed><sat>37</sat></trkpt>
  <trkpt lat="39.44176865" lon="44.00622021"><ele>1855.796</ele><time>2026-09-10T06:21:42Z</time><speed>1.490</speed><sat>37</sat></trkpt>
  <trkpt lat="39.44176380" lon="44.00620259"><ele>1855.620</ele><time>2026-09-10T06:21:43Z</time><speed>1.500</speed><sat>37</sat></trkpt>
  <trkpt lat="39.44176008" lon="44.00618528"><ele>1855.511</ele><time>2026-09-10T06:21:44Z</time><speed>1.240</speed><sat>37</sat></trkpt>
  <trkpt lat="39.44175638" lon="44.00616989"><ele>1855.980</ele><time>2026-09-10T06:21:45Z</time><speed>1.100</speed><sat>37</sat></trkpt>
  <trkpt lat="39.44175365" lon="44.00615304"><ele>1855.050</ele><time>2026-09-10T06:21:46Z</time><speed>1.140</speed><sat>37</sat></trkpt>
  <trkpt lat="39.44175350" lon="44.00613603"><ele>1854.694</ele><time>2026-09-10T06:21:47Z</time><speed>1.240</speed><sat>37</sat></trkpt>
  <trkpt lat="39.44175423" lon="44.00611789"><ele>1854.914</ele><time>2026-09-10T06:21:48Z</time><speed>1.310</speed><sat>37</sat></trkpt>
  <trkpt lat="39.44175375" lon="44.00609844"><ele>1854.159</ele><time>2026-09-10T06:21:49Z</time><speed>1.340</speed><sat>37</sat></trkpt>
  <trkpt lat="39.44175205" lon="44.00607957"><ele>1853.305</ele><time>2026-09-10T06:21:50Z</time><speed>1.250</speed><sat>37</sat></trkpt>
  <trkpt lat="39.44174917" lon="44.00605883"><ele>1854.292</ele><time>2026-09-10T06:21:51Z</time><speed>1.570</speed><sat>37</sat></trkpt>
  <trkpt lat="39.44174571" lon="44.00603614"><ele>1854.243</ele><time>2026-09-10T06:21:52Z</time><speed>1.740</speed><sat>37</sat></trkpt>
  <trkpt lat="39.44174279" lon="44.00601115"><ele>1855.045</ele><time>2026-09-10T06:21:53Z</time><speed>2.090</speed><sat>37</sat></trkpt>
  <trkpt lat="39.44174234" lon="44.00598744"><ele>1854.968</ele><time>2026-09-10T06:21:54Z</time><speed>1.870</speed><sat>37</sat></trkpt>
  <trkpt lat="39.44173538" lon="44.00597167"><ele>1855.818</ele><time>2026-09-10T06:21:55Z</time><speed>1.120</speed><sat>37</sat></trkpt>
  <trkpt lat="39.44172650" lon="44.00595679"><ele>1856.481</ele><time>2026-09-10T06:21:56Z</time><speed>1.450</speed><sat>37</sat></trkpt>
  <trkpt lat="39.44171461" lon="44.00594429"><ele>1856.998</ele><time>2026-09-10T06:21:57Z</time><speed>0.650</speed><sat>37</sat></trkpt>
  <trkpt lat="39.44170376" lon="44.00592958"><ele>1857.886</ele><time>2026-09-10T06:21:58Z</time><speed>1.340</speed><sat>37</sat></trkpt>
  <trkpt lat="39.44169417" lon="44.00591422"><ele>1857.803</ele><time>2026-09-10T06:21:59Z</time><speed>0.950</speed><sat>37</sat></trkpt>
  <trkpt lat="39.44168491" lon="44.00589681"><ele>1858.160</ele><time>2026-09-10T06:22:00Z</time><speed>1.410</speed><sat>37</sat></trkpt>
  <trkpt lat="39.44167819" lon="44.00588165"><ele>1858.595</ele><time>2026-09-10T06:22:01Z</time><speed>0.620</speed><sat>37</sat></trkpt>
  <trkpt lat="39.44167614" lon="44.00586878"><ele>1857.713</ele><time>2026-09-10T06:22:02Z</time><speed>0.770</speed><sat>37</sat></trkpt>
  <trkpt lat="39.44167798" lon="44.00585528"><ele>1857.281</ele><time>2026-09-10T06:22:03Z</time><speed>0.740</speed><sat>37</sat></trkpt>
  <trkpt lat="39.44168007" lon="44.00584688"><ele>1857.170</ele><time>2026-09-10T06:22:04Z</time><speed>0.170</speed><sat>37</sat></trkpt>
  <trkpt lat="39.44167988" lon="44.00583830"><ele>1857.168</ele><time>2026-09-10T06:22:05Z</time><speed>0.000</speed><sat>37</sat></trkpt>
  <trkpt lat="39.44168250" lon="44.00583013"><ele>1857.884</ele><time>2026-09-10T06:22:06Z</time><speed>0.770</speed><sat>37</sat></trkpt>
  <trkpt lat="39.44168441" lon="44.00581212"><ele>1857.589</ele><time>2026-09-10T06:22:07Z</time><speed>1.620</speed><sat>37</sat></trkpt>
  <trkpt lat="39.44168153" lon="44.00579242"><ele>1857.917</ele><time>2026-09-10T06:22:08Z</time><speed>1.590</speed><sat>37</sat></trkpt>
  <trkpt lat="39.44167591" lon="44.00577300"><ele>1857.278</ele><time>2026-09-10T06:22:09Z</time><speed>1.470</speed><sat>37</sat></trkpt>
  <trkpt lat="39.44167102" lon="44.00575454"><ele>1857.326</ele><time>2026-09-10T06:22:10Z</time><speed>1.540</speed><sat>36</sat></trkpt>
  <trkpt lat="39.44166539" lon="44.00573401"><ele>1857.549</ele><time>2026-09-10T06:22:11Z</time><speed>1.890</speed><sat>36</sat></trkpt>
  <trkpt lat="39.44165989" lon="44.00571213"><ele>1857.629</ele><time>2026-09-10T06:22:12Z</time><speed>1.880</speed><sat>36</sat></trkpt>
  <trkpt lat="39.44165475" lon="44.00569264"><ele>1856.681</ele><time>2026-09-10T06:22:13Z</time><speed>1.660</speed><sat>36</sat></trkpt>
  <trkpt lat="39.44165049" lon="44.00567937"><ele>1857.126</ele><time>2026-09-10T06:22:14Z</time><speed>1.060</speed><sat>37</sat></trkpt>
  <trkpt lat="39.44164655" lon="44.00567086"><ele>1857.514</ele><time>2026-09-10T06:22:15Z</time><speed>0.680</speed><sat>37</sat></trkpt>
  <trkpt lat="39.44163453" lon="44.00565492"><ele>1858.536</ele><time>2026-09-10T06:22:16Z</time><speed>2.110</speed><sat>36</sat></trkpt>
  <trkpt lat="39.44162458" lon="44.00563776"><ele>1858.205</ele><time>2026-09-10T06:22:17Z</time><speed>1.450</speed><sat>36</sat></trkpt>
  <trkpt lat="39.44161714" lon="44.00562049"><ele>1858.574</ele><time>2026-09-10T06:22:18Z</time><speed>1.860</speed><sat>35</sat></trkpt>
  <trkpt lat="39.44161364" lon="44.00560671"><ele>1857.835</ele><time>2026-09-10T06:22:19Z</time><speed>1.250</speed><sat>35</sat></trkpt>
  <trkpt lat="39.44161373" lon="44.00559287"><ele>1856.857</ele><time>2026-09-10T06:22:20Z</time><speed>1.570</speed><sat>35</sat></trkpt>
  <trkpt lat="39.44161504" lon="44.00557693"><ele>1857.764</ele><time>2026-09-10T06:22:21Z</time><speed>1.480</speed><sat>36</sat></trkpt>
  <trkpt lat="39.44161590" lon="44.00555990"><ele>1857.168</ele><time>2026-09-10T06:22:22Z</time><speed>1.600</speed><sat>36</sat></trkpt>
  <trkpt lat="39.44161606" lon="44.00554349"><ele>1856.539</ele><time>2026-09-10T06:22:23Z</time><speed>1.510</speed><sat>36</sat></trkpt>
  <trkpt lat="39.44161297" lon="44.00552711"><ele>1856.803</ele><time>2026-09-10T06:22:24Z</time><speed>1.650</speed><sat>35</sat></trkpt>
  <trkpt lat="39.44160813" lon="44.00550984"><ele>1856.669</ele><time>2026-09-10T06:22:25Z</time><speed>1.670</speed><sat>34</sat></trkpt>
  <trkpt lat="39.44160271" lon="44.00549303"><ele>1856.791</ele><time>2026-09-10T06:22:26Z</time><speed>1.630</speed><sat>36</sat></trkpt>
  <trkpt lat="39.44159750" lon="44.00547600"><ele>1857.273</ele><time>2026-09-10T06:22:27Z</time><speed>1.740</speed><sat>36</sat></trkpt>
  <trkpt lat="39.44159250" lon="44.00545930"><ele>1857.026</ele><time>2026-09-10T06:22:28Z</time><speed>1.500</speed><sat>37</sat></trkpt>
  <trkpt lat="39.44158800" lon="44.00544351"><ele>1857.636</ele><time>2026-09-10T06:22:29Z</time><speed>1.530</speed><sat>37</sat></trkpt>
  <trkpt lat="39.44158228" lon="44.00542690"><ele>1857.487</ele><time>2026-09-10T06:22:30Z</time><speed>1.650</speed><sat>37</sat></trkpt>
  <trkpt lat="39.44157589" lon="44.00540711"><ele>1857.652</ele><time>2026-09-10T06:22:31Z</time><speed>2.040</speed><sat>37</sat></trkpt>
  <trkpt lat="39.44156946" lon="44.00538608"><ele>1857.707</ele><time>2026-09-10T06:22:32Z</time><speed>1.820</speed><sat>37</sat></trkpt>
  <trkpt lat="39.44156215" lon="44.00536702"><ele>1856.922</ele><time>2026-09-10T06:22:33Z</time><speed>1.860</speed><sat>37</sat></trkpt>
  <trkpt lat="39.44155710" lon="44.00534734"><ele>1857.137</ele><time>2026-09-10T06:22:34Z</time><speed>1.800</speed><sat>37</sat></trkpt>
  <trkpt lat="39.44155269" lon="44.00533040"><ele>1857.674</ele><time>2026-09-10T06:22:35Z</time><speed>1.640</speed><sat>37</sat></trkpt>
  <trkpt lat="39.44154796" lon="44.00531119"><ele>1857.033</ele><time>2026-09-10T06:22:36Z</time><speed>1.960</speed><sat>37</sat></trkpt>
  <trkpt lat="39.44154561" lon="44.00529294"><ele>1856.730</ele><time>2026-09-10T06:22:37Z</time><speed>1.510</speed><sat>37</sat></trkpt>
  <trkpt lat="39.44154270" lon="44.00527504"><ele>1857.015</ele><time>2026-09-10T06:22:38Z</time><speed>1.670</speed><sat>37</sat></trkpt>
  <trkpt lat="39.44153939" lon="44.00525518"><ele>1857.269</ele><time>2026-09-10T06:22:39Z</time><speed>1.920</speed><sat>37</sat></trkpt>
  <trkpt lat="39.44153336" lon="44.00523915"><ele>1856.975</ele><time>2026-09-10T06:22:40Z</time><speed>1.470</speed><sat>37</sat></trkpt>
  <trkpt lat="39.44152816" lon="44.00522584"><ele>1856.788</ele><time>2026-09-10T06:22:41Z</time><speed>1.450</speed><sat>37</sat></trkpt>
  <trkpt lat="39.44152248" lon="44.00520807"><ele>1857.080</ele><time>2026-09-10T06:22:42Z</time><speed>2.000</speed><sat>37</sat></trkpt>
  <trkpt lat="39.44151739" lon="44.00518945"><ele>1857.855</ele><time>2026-09-10T06:22:43Z</time><speed>1.690</speed><sat>37</sat></trkpt>
  <trkpt lat="39.44151317" lon="44.00517307"><ele>1857.324</ele><time>2026-09-10T06:22:44Z</time><speed>1.600</speed><sat>37</sat></trkpt>
  <trkpt lat="39.44150765" lon="44.00515634"><ele>1857.256</ele><time>2026-09-10T06:22:45Z</time><speed>1.790</speed><sat>37</sat></trkpt>
  <trkpt lat="39.44150111" lon="44.00513976"><ele>1857.246</ele><time>2026-09-10T06:22:46Z</time><speed>1.560</speed><sat>37</sat></trkpt>
  <trkpt lat="39.44149612" lon="44.00512523"><ele>1857.141</ele><time>2026-09-10T06:22:47Z</time><speed>1.440</speed><sat>37</sat></trkpt>
  <trkpt lat="39.44149324" lon="44.00510859"><ele>1857.597</ele><time>2026-09-10T06:22:48Z</time><speed>1.820</speed><sat>37</sat></trkpt>
  <trkpt lat="39.44148993" lon="44.00508964"><ele>1858.306</ele><time>2026-09-10T06:22:49Z</time><speed>1.680</speed><sat>37</sat></trkpt>
  <trkpt lat="39.44148587" lon="44.00507190"><ele>1858.044</ele><time>2026-09-10T06:22:50Z</time><speed>1.570</speed><sat>37</sat></trkpt>
  <trkpt lat="39.44148082" lon="44.00505355"><ele>1858.386</ele><time>2026-09-10T06:22:51Z</time><speed>1.700</speed><sat>37</sat></trkpt>
  <trkpt lat="39.44147730" lon="44.00503358"><ele>1858.420</ele><time>2026-09-10T06:22:52Z</time><speed>1.780</speed><sat>37</sat></trkpt>
  <trkpt lat="39.44147513" lon="44.00501422"><ele>1857.947</ele><time>2026-09-10T06:22:53Z</time><speed>1.730</speed><sat>37</sat></trkpt>
  <trkpt lat="39.44147310" lon="44.00499496"><ele>1857.780</ele><time>2026-09-10T06:22:54Z</time><speed>1.780</speed><sat>37</sat></trkpt>
  <trkpt lat="39.44146944" lon="44.00497667"><ele>1857.688</ele><time>2026-09-10T06:22:55Z</time><speed>1.680</speed><sat>37</sat></trkpt>
  <trkpt lat="39.44146438" lon="44.00495866"><ele>1858.470</ele><time>2026-09-10T06:22:56Z</time><speed>1.740</speed><sat>37</sat></trkpt>
  <trkpt lat="39.44145834" lon="44.00494148"><ele>1859.102</ele><time>2026-09-10T06:22:57Z</time><speed>1.660</speed><sat>37</sat></trkpt>
  <trkpt lat="39.44145202" lon="44.00492598"><ele>1858.438</ele><time>2026-09-10T06:22:58Z</time><speed>1.400</speed><sat>37</sat></trkpt>
  <trkpt lat="39.44144597" lon="44.00491154"><ele>1858.951</ele><time>2026-09-10T06:22:59Z</time><speed>1.450</speed><sat>37</sat></trkpt>
  <trkpt lat="39.44143970" lon="44.00489402"><ele>1859.593</ele><time>2026-09-10T06:23:00Z</time><speed>1.770</speed><sat>37</sat></trkpt>
  <trkpt lat="39.44143252" lon="44.00487529"><ele>1859.833</ele><time>2026-09-10T06:23:01Z</time><speed>1.640</speed><sat>37</sat></trkpt>
  <trkpt lat="39.44142706" lon="44.00485751"><ele>1859.814</ele><time>2026-09-10T06:23:02Z</time><speed>1.560</speed><sat>37</sat></trkpt>
  <trkpt lat="39.44142138" lon="44.00483704"><ele>1860.246</ele><time>2026-09-10T06:23:03Z</time><speed>2.010</speed><sat>37</sat></trkpt>
  <trkpt lat="39.44141492" lon="44.00481289"><ele>1859.540</ele><time>2026-09-10T06:23:04Z</time><speed>2.060</speed><sat>37</sat></trkpt>
  <trkpt lat="39.44141041" lon="44.00479358"><ele>1860.444</ele><time>2026-09-10T06:23:05Z</time><speed>1.600</speed><sat>37</sat></trkpt>
  <trkpt lat="39.44140598" lon="44.00477813"><ele>1860.187</ele><time>2026-09-10T06:23:06Z</time><speed>1.460</speed><sat>37</sat></trkpt>
  <trkpt lat="39.44140079" lon="44.00476285"><ele>1860.770</ele><time>2026-09-10T06:23:07Z</time><speed>1.550</speed><sat>37</sat></trkpt>
  <trkpt lat="39.44139579" lon="44.00474625"><ele>1859.514</ele><time>2026-09-10T06:23:08Z</time><speed>1.610</speed><sat>37</sat></trkpt>
  <trkpt lat="39.44139091" lon="44.00473071"><ele>1859.359</ele><time>2026-09-10T06:23:09Z</time><speed>1.300</speed><sat>37</sat></trkpt>
  <trkpt lat="39.44138757" lon="44.00471500"><ele>1858.693</ele><time>2026-09-10T06:23:10Z</time><speed>1.610</speed><sat>37</sat></trkpt>
  <trkpt lat="39.44138368" lon="44.00469566"><ele>1859.704</ele><time>2026-09-10T06:23:11Z</time><speed>1.820</speed><sat>37</sat></trkpt>
  <trkpt lat="39.44138004" lon="44.00467583"><ele>1859.735</ele><time>2026-09-10T06:23:12Z</time><speed>1.930</speed><sat>37</sat></trkpt>
  <trkpt lat="39.44137805" lon="44.00465799"><ele>1860.265</ele><time>2026-09-10T06:23:13Z</time><speed>1.510</speed><sat>37</sat></trkpt>
  <trkpt lat="39.44137704" lon="44.00464134"><ele>1860.135</ele><time>2026-09-10T06:23:14Z</time><speed>1.470</speed><sat>37</sat></trkpt>
  <trkpt lat="39.44137532" lon="44.00462754"><ele>1860.045</ele><time>2026-09-10T06:23:15Z</time><speed>1.190</speed><sat>37</sat></trkpt>
  <trkpt lat="39.44137093" lon="44.00461407"><ele>1860.617</ele><time>2026-09-10T06:23:16Z</time><speed>1.370</speed><sat>37</sat></trkpt>
  <trkpt lat="39.44136434" lon="44.00459991"><ele>1861.063</ele><time>2026-09-10T06:23:17Z</time><speed>1.530</speed><sat>37</sat></trkpt>
  <trkpt lat="39.44135560" lon="44.00458460"><ele>1860.892</ele><time>2026-09-10T06:23:18Z</time><speed>1.500</speed><sat>37</sat></trkpt>
  <trkpt lat="39.44134723" lon="44.00456982"><ele>1860.662</ele><time>2026-09-10T06:23:19Z</time><speed>1.470</speed><sat>37</sat></trkpt>
  <trkpt lat="39.44133921" lon="44.00455414"><ele>1860.375</ele><time>2026-09-10T06:23:20Z</time><speed>1.580</speed><sat>37</sat></trkpt>
  <trkpt lat="39.44133176" lon="44.00453884"><ele>1860.024</ele><time>2026-09-10T06:23:21Z</time><speed>1.440</speed><sat>37</sat></trkpt>
  <trkpt lat="39.44132385" lon="44.00452535"><ele>1859.430</ele><time>2026-09-10T06:23:22Z</time><speed>1.500</speed><sat>36</sat></trkpt>
  <trkpt lat="39.44131635" lon="44.00450927"><ele>1859.382</ele><time>2026-09-10T06:23:23Z</time><speed>1.570</speed><sat>36</sat></trkpt>
  <trkpt lat="39.44131050" lon="44.00449028"><ele>1859.531</ele><time>2026-09-10T06:23:24Z</time><speed>1.660</speed><sat>37</sat></trkpt>
  <trkpt lat="39.44130661" lon="44.00447074"><ele>1859.342</ele><time>2026-09-10T06:23:25Z</time><speed>1.610</speed><sat>37</sat></trkpt>
  <trkpt lat="39.44130071" lon="44.00445347"><ele>1860.055</ele><time>2026-09-10T06:23:26Z</time><speed>1.640</speed><sat>37</sat></trkpt>
  <trkpt lat="39.44129592" lon="44.00443774"><ele>1860.361</ele><time>2026-09-10T06:23:27Z</time><speed>1.410</speed><sat>37</sat></trkpt>
  <trkpt lat="39.44128852" lon="44.00442038"><ele>1860.386</ele><time>2026-09-10T06:23:28Z</time><speed>1.840</speed><sat>37</sat></trkpt>
  <trkpt lat="39.44128253" lon="44.00440137"><ele>1860.966</ele><time>2026-09-10T06:23:29Z</time><speed>1.680</speed><sat>37</sat></trkpt>
  <trkpt lat="39.44127727" lon="44.00438526"><ele>1860.281</ele><time>2026-09-10T06:23:30Z</time><speed>1.390</speed><sat>37</sat></trkpt>
  <trkpt lat="39.44127244" lon="44.00436911"><ele>1859.749</ele><time>2026-09-10T06:23:31Z</time><speed>1.490</speed><sat>37</sat></trkpt>
  <trkpt lat="39.44126711" lon="44.00435165"><ele>1859.558</ele><time>2026-09-10T06:23:32Z</time><speed>1.630</speed><sat>37</sat></trkpt>
  <trkpt lat="39.44126297" lon="44.00433731"><ele>1860.308</ele><time>2026-09-10T06:23:33Z</time><speed>1.160</speed><sat>37</sat></trkpt>
  <trkpt lat="39.44125977" lon="44.00432328"><ele>1860.547</ele><time>2026-09-10T06:23:34Z</time><speed>1.460</speed><sat>37</sat></trkpt>
  <trkpt lat="39.44125610" lon="44.00430548"><ele>1860.464</ele><time>2026-09-10T06:23:35Z</time><speed>1.620</speed><sat>37</sat></trkpt>
  <trkpt lat="39.44125215" lon="44.00428802"><ele>1860.195</ele><time>2026-09-10T06:23:36Z</time><speed>1.520</speed><sat>37</sat></trkpt>
  <trkpt lat="39.44124990" lon="44.00427383"><ele>1859.120</ele><time>2026-09-10T06:23:37Z</time><speed>1.330</speed><sat>37</sat></trkpt>
  <trkpt lat="39.44124761" lon="44.00425818"><ele>1858.865</ele><time>2026-09-10T06:23:38Z</time><speed>1.690</speed><sat>37</sat></trkpt>
  <trkpt lat="39.44124490" lon="44.00424103"><ele>1858.930</ele><time>2026-09-10T06:23:39Z</time><speed>1.770</speed><sat>37</sat></trkpt>
  <trkpt lat="39.44124163" lon="44.00422319"><ele>1858.790</ele><time>2026-09-10T06:23:40Z</time><speed>1.760</speed><sat>37</sat></trkpt>
  <trkpt lat="39.44123927" lon="44.00420720"><ele>1858.102</ele><time>2026-09-10T06:23:41Z</time><speed>1.410</speed><sat>37</sat></trkpt>
  <trkpt lat="39.44123711" lon="44.00419087"><ele>1857.476</ele><time>2026-09-10T06:23:42Z</time><speed>1.520</speed><sat>37</sat></trkpt>
  <trkpt lat="39.44123279" lon="44.00417373"><ele>1857.649</ele><time>2026-09-10T06:23:43Z</time><speed>1.490</speed><sat>37</sat></trkpt>
  <trkpt lat="39.44122743" lon="44.00415709"><ele>1857.278</ele><time>2026-09-10T06:23:44Z</time><speed>1.500</speed><sat>37</sat></trkpt>
  <trkpt lat="39.44122196" lon="44.00414229"><ele>1857.176</ele><time>2026-09-10T06:23:45Z</time><speed>1.240</speed><sat>37</sat></trkpt>
  <trkpt lat="39.44121519" lon="44.00412686"><ele>1857.062</ele><time>2026-09-10T06:23:46Z</time><speed>1.660</speed><sat>37</sat></trkpt>
  <trkpt lat="39.44120843" lon="44.00410927"><ele>1857.420</ele><time>2026-09-10T06:23:47Z</time><speed>1.630</speed><sat>37</sat></trkpt>
  <trkpt lat="39.44120307" lon="44.00409291"><ele>1858.774</ele><time>2026-09-10T06:23:48Z</time><speed>1.510</speed><sat>37</sat></trkpt>
  <trkpt lat="39.44119793" lon="44.00407860"><ele>1858.683</ele><time>2026-09-10T06:23:49Z</time><speed>1.410</speed><sat>37</sat></trkpt>
  <trkpt lat="39.44119194" lon="44.00406307"><ele>1858.636</ele><time>2026-09-10T06:23:50Z</time><speed>1.630</speed><sat>37</sat></trkpt>
  <trkpt lat="39.44118746" lon="44.00404935"><ele>1858.939</ele><time>2026-09-10T06:23:51Z</time><speed>1.100</speed><sat>37</sat></trkpt>
  <trkpt lat="39.44118378" lon="44.00403359"><ele>1859.262</ele><time>2026-09-10T06:23:52Z</time><speed>1.620</speed><sat>37</sat></trkpt>
  <trkpt lat="39.44117948" lon="44.00401594"><ele>1859.084</ele><time>2026-09-10T06:23:53Z</time><speed>1.410</speed><sat>37</sat></trkpt>
  <trkpt lat="39.44117495" lon="44.00399799"><ele>1858.979</ele><time>2026-09-10T06:23:54Z</time><speed>1.670</speed><sat>37</sat></trkpt>
  <trkpt lat="39.44116958" lon="44.00397759"><ele>1859.339</ele><time>2026-09-10T06:23:55Z</time><speed>1.720</speed><sat>37</sat></trkpt>
  <trkpt lat="39.44116586" lon="44.00395966"><ele>1859.493</ele><time>2026-09-10T06:23:56Z</time><speed>1.390</speed><sat>37</sat></trkpt>
  <trkpt lat="39.44116203" lon="44.00394360"><ele>1858.812</ele><time>2026-09-10T06:23:57Z</time><speed>1.540</speed><sat>37</sat></trkpt>
  <trkpt lat="39.44115868" lon="44.00392712"><ele>1859.103</ele><time>2026-09-10T06:23:58Z</time><speed>1.520</speed><sat>36</sat></trkpt>
  <trkpt lat="39.44115510" lon="44.00391319"><ele>1859.515</ele><time>2026-09-10T06:23:59Z</time><speed>1.240</speed><sat>36</sat></trkpt>
  <trkpt lat="39.44115036" lon="44.00389795"><ele>1859.726</ele><time>2026-09-10T06:24:00Z</time><speed>1.580</speed><sat>37</sat></trkpt>
  <trkpt lat="39.44114567" lon="44.00387959"><ele>1859.721</ele><time>2026-09-10T06:24:01Z</time><speed>1.740</speed><sat>37</sat></trkpt>
  <trkpt lat="39.44114034" lon="44.00386074"><ele>1859.208</ele><time>2026-09-10T06:24:02Z</time><speed>1.720</speed><sat>37</sat></trkpt>
  <trkpt lat="39.44113371" lon="44.00384300"><ele>1859.433</ele><time>2026-09-10T06:24:03Z</time><speed>1.650</speed><sat>37</sat></trkpt>
  <trkpt lat="39.44112715" lon="44.00382589"><ele>1858.745</ele><time>2026-09-10T06:24:04Z</time><speed>1.550</speed><sat>37</sat></trkpt>
  <trkpt lat="39.44112114" lon="44.00380743"><ele>1858.514</ele><time>2026-09-10T06:24:05Z</time><speed>1.720</speed><sat>37</sat></trkpt>
  <trkpt lat="39.44111583" lon="44.00378964"><ele>1859.127</ele><time>2026-09-10T06:24:06Z</time><speed>1.610</speed><sat>37</sat></trkpt>
  <trkpt lat="39.44111158" lon="44.00377173"><ele>1859.603</ele><time>2026-09-10T06:24:07Z</time><speed>1.670</speed><sat>37</sat></trkpt>
  <trkpt lat="39.44110681" lon="44.00375433"><ele>1860.252</ele><time>2026-09-10T06:24:08Z</time><speed>1.590</speed><sat>37</sat></trkpt>
  <trkpt lat="39.44110170" lon="44.00373905"><ele>1859.804</ele><time>2026-09-10T06:24:09Z</time><speed>1.560</speed><sat>37</sat></trkpt>
  <trkpt lat="39.44109569" lon="44.00372177"><ele>1860.022</ele><time>2026-09-10T06:24:10Z</time><speed>1.830</speed><sat>37</sat></trkpt>
  <trkpt lat="39.44108908" lon="44.00370475"><ele>1860.232</ele><time>2026-09-10T06:24:11Z</time><speed>1.590</speed><sat>36</sat></trkpt>
  <trkpt lat="39.44108380" lon="44.00369043"><ele>1859.704</ele><time>2026-09-10T06:24:12Z</time><speed>1.210</speed><sat>37</sat></trkpt>
  <trkpt lat="39.44107712" lon="44.00367443"><ele>1859.677</ele><time>2026-09-10T06:24:13Z</time><speed>1.830</speed><sat>37</sat></trkpt>
  <trkpt lat="39.44107138" lon="44.00365461"><ele>1860.987</ele><time>2026-09-10T06:24:14Z</time><speed>1.680</speed><sat>37</sat></trkpt>
  <trkpt lat="39.44106813" lon="44.00363695"><ele>1860.898</ele><time>2026-09-10T06:24:15Z</time><speed>1.400</speed><sat>37</sat></trkpt>
  <trkpt lat="39.44106707" lon="44.00362108"><ele>1861.363</ele><time>2026-09-10T06:24:16Z</time><speed>1.440</speed><sat>37</sat></trkpt>
  <trkpt lat="39.44106419" lon="44.00360396"><ele>1860.693</ele><time>2026-09-10T06:24:17Z</time><speed>1.550</speed><sat>37</sat></trkpt>
  <trkpt lat="39.44105940" lon="44.00358652"><ele>1861.575</ele><time>2026-09-10T06:24:18Z</time><speed>1.620</speed><sat>37</sat></trkpt>
  <trkpt lat="39.44105482" lon="44.00356747"><ele>1861.696</ele><time>2026-09-10T06:24:19Z</time><speed>1.830</speed><sat>37</sat></trkpt>
  <trkpt lat="39.44104963" lon="44.00354805"><ele>1861.637</ele><time>2026-09-10T06:24:20Z</time><speed>1.730</speed><sat>37</sat></trkpt>
  <trkpt lat="39.44104587" lon="44.00352999"><ele>1861.522</ele><time>2026-09-10T06:24:21Z</time><speed>1.600</speed><sat>37</sat></trkpt>
  <trkpt lat="39.44104170" lon="44.00351376"><ele>1862.133</ele><time>2026-09-10T06:24:22Z</time><speed>1.560</speed><sat>37</sat></trkpt>
  <trkpt lat="39.44103904" lon="44.00349826"><ele>1862.124</ele><time>2026-09-10T06:24:23Z</time><speed>1.410</speed><sat>37</sat></trkpt>
  <trkpt lat="39.44103538" lon="44.00348396"><ele>1862.620</ele><time>2026-09-10T06:24:24Z</time><speed>1.460</speed><sat>37</sat></trkpt>
  <trkpt lat="39.44102862" lon="44.00346844"><ele>1863.319</ele><time>2026-09-10T06:24:25Z</time><speed>1.890</speed><sat>37</sat></trkpt>
  <trkpt lat="39.44102062" lon="44.00345506"><ele>1863.069</ele><time>2026-09-10T06:24:26Z</time><speed>1.420</speed><sat>37</sat></trkpt>
  <trkpt lat="39.44101346" lon="44.00344236"><ele>1863.482</ele><time>2026-09-10T06:24:27Z</time><speed>1.530</speed><sat>37</sat></trkpt>
  <trkpt lat="39.44100691" lon="44.00342607"><ele>1863.571</ele><time>2026-09-10T06:24:28Z</time><speed>1.840</speed><sat>37</sat></trkpt>
  <trkpt lat="39.44100115" lon="44.00341464"><ele>1863.780</ele><time>2026-09-10T06:24:29Z</time><speed>1.000</speed><sat>37</sat></trkpt>
  <trkpt lat="39.44100026" lon="44.00340745"><ele>1864.644</ele><time>2026-09-10T06:24:30Z</time><speed>0.580</speed><sat>37</sat></trkpt>
  <trkpt lat="39.44100025" lon="44.00340116"><ele>1865.217</ele><time>2026-09-10T06:24:31Z</time><speed>0.550</speed><sat>37</sat></trkpt>
  <trkpt lat="39.44099689" lon="44.00339024"><ele>1864.043</ele><time>2026-09-10T06:24:32Z</time><speed>1.680</speed><sat>37</sat></trkpt>
  <trkpt lat="39.44099302" lon="44.00337582"><ele>1863.627</ele><time>2026-09-10T06:24:33Z</time><speed>1.390</speed><sat>37</sat></trkpt>
  <trkpt lat="39.44099084" lon="44.00336693"><ele>1863.921</ele><time>2026-09-10T06:24:34Z</time><speed>0.600</speed><sat>37</sat></trkpt>
  <trkpt lat="39.44099152" lon="44.00336250"><ele>1864.114</ele><time>2026-09-10T06:24:35Z</time><speed>0.360</speed><sat>35</sat></trkpt>
  <trkpt lat="39.44099133" lon="44.00335761"><ele>1864.521</ele><time>2026-09-10T06:24:36Z</time><speed>0.620</speed><sat>35</sat></trkpt>
  <trkpt lat="39.44099186" lon="44.00335074"><ele>1864.478</ele><time>2026-09-10T06:24:37Z</time><speed>0.680</speed><sat>35</sat></trkpt>
  <trkpt lat="39.44099286" lon="44.00334654"><ele>1864.793</ele><time>2026-09-10T06:24:38Z</time><speed>0.300</speed><sat>35</sat></trkpt>
  <trkpt lat="39.44099679" lon="44.00334856"><ele>1864.800</ele><time>2026-09-10T06:24:39Z</time><speed>0.000</speed><sat>35</sat></trkpt>
  <trkpt lat="39.44099885" lon="44.00335045"><ele>1864.796</ele><time>2026-09-10T06:24:40Z</time><speed>0.000</speed><sat>34</sat></trkpt>
  <trkpt lat="39.44099990" lon="44.00335139"><ele>1864.796</ele><time>2026-09-10T06:24:41Z</time><speed>0.000</speed><sat>35</sat></trkpt>
  <trkpt lat="39.44100043" lon="44.00335192"><ele>1864.803</ele><time>2026-09-10T06:24:42Z</time><speed>0.000</speed><sat>33</sat></trkpt>
  <trkpt lat="39.44100135" lon="44.00335431"><ele>1865.156</ele><time>2026-09-10T06:24:43Z</time><speed>0.340</speed><sat>36</sat></trkpt>
  <trkpt lat="39.44100182" lon="44.00335678"><ele>1864.530</ele><time>2026-09-10T06:24:44Z</time><speed>0.360</speed><sat>37</sat></trkpt>
  <trkpt lat="39.44100160" lon="44.00335823"><ele>1863.412</ele><time>2026-09-10T06:24:45Z</time><speed>0.000</speed><sat>37</sat></trkpt>
  <trkpt lat="39.44099978" lon="44.00336030"><ele>1863.507</ele><time>2026-09-10T06:24:46Z</time><speed>0.170</speed><sat>37</sat></trkpt>
  <trkpt lat="39.44099521" lon="44.00336033"><ele>1862.964</ele><time>2026-09-10T06:24:47Z</time><speed>0.510</speed><sat>37</sat></trkpt>
  <trkpt lat="39.44098836" lon="44.00336202"><ele>1862.712</ele><time>2026-09-10T06:24:48Z</time><speed>0.000</speed><sat>36</sat></trkpt>
  <trkpt lat="39.44098591" lon="44.00336355"><ele>1862.699</ele><time>2026-09-10T06:24:49Z</time><speed>0.000</speed><sat>37</sat></trkpt>
  <trkpt lat="39.44098471" lon="44.00336434"><ele>1862.698</ele><time>2026-09-10T06:24:50Z</time><speed>0.000</speed><sat>37</sat></trkpt>
  <trkpt lat="39.44098411" lon="44.00336475"><ele>1862.697</ele><time>2026-09-10T06:24:51Z</time><speed>0.000</speed><sat>37</sat></trkpt>
  <trkpt lat="39.44098381" lon="44.00336498"><ele>1862.696</ele><time>2026-09-10T06:24:52Z</time><speed>0.000</speed><sat>37</sat></trkpt>
  <trkpt lat="39.44098351" lon="44.00336448"><ele>1862.752</ele><time>2026-09-10T06:24:53Z</time><speed>0.000</speed><sat>37</sat></trkpt>
  <trkpt lat="39.44098346" lon="44.00336406"><ele>1862.775</ele><time>2026-09-10T06:24:54Z</time><speed>0.000</speed><sat>35</sat></trkpt>
  <trkpt lat="39.44098346" lon="44.00336388"><ele>1862.782</ele><time>2026-09-10T06:24:55Z</time><speed>0.000</speed><sat>36</sat></trkpt>
  <trkpt lat="39.44098381" lon="44.00336418"><ele>1862.542</ele><time>2026-09-10T06:24:56Z</time><speed>0.000</speed><sat>36</sat></trkpt>
  <trkpt lat="39.44098397" lon="44.00336435"><ele>1862.446</ele><time>2026-09-10T06:24:57Z</time><speed>0.000</speed><sat>36</sat></trkpt>
  <trkpt lat="39.44098401" lon="44.00336660"><ele>1862.776</ele><time>2026-09-10T06:24:58Z</time><speed>0.270</speed><sat>36</sat></trkpt>
  <trkpt lat="39.44098317" lon="44.00337066"><ele>1863.257</ele><time>2026-09-10T06:24:59Z</time><speed>0.340</speed><sat>37</sat></trkpt>
  <trkpt lat="39.44098256" lon="44.00337350"><ele>1863.707</ele><time>2026-09-10T06:25:00Z</time><speed>0.480</speed><sat>36</sat></trkpt>
  <trkpt lat="39.44097814" lon="44.00337737"><ele>1863.726</ele><time>2026-09-10T06:25:01Z</time><speed>0.650</speed><sat>36</sat></trkpt>
  <trkpt lat="39.44097270" lon="44.00338052"><ele>1863.430</ele><time>2026-09-10T06:25:02Z</time><speed>0.490</speed><sat>37</sat></trkpt>
  <trkpt lat="39.44096650" lon="44.00338655"><ele>1864.403</ele><time>2026-09-10T06:25:03Z</time><speed>0.000</speed><sat>37</sat></trkpt>
  <trkpt lat="39.44096684" lon="44.00338945"><ele>1863.400</ele><time>2026-09-10T06:25:04Z</time><speed>0.000</speed><sat>37</sat></trkpt>
  <trkpt lat="39.44096665" lon="44.00339101"><ele>1863.328</ele><time>2026-09-10T06:25:05Z</time><speed>0.000</speed><sat>36</sat></trkpt>
  <trkpt lat="39.44096657" lon="44.00339177"><ele>1863.333</ele><time>2026-09-10T06:25:06Z</time><speed>0.000</speed><sat>35</sat></trkpt>
  <trkpt lat="39.44096653" lon="44.00339214"><ele>1863.333</ele><time>2026-09-10T06:25:07Z</time><speed>0.000</speed><sat>36</sat></trkpt>
  <trkpt lat="39.44096650" lon="44.00339229"><ele>1863.339</ele><time>2026-09-10T06:25:08Z</time><speed>0.000</speed><sat>35</sat></trkpt>
  <trkpt lat="39.44096780" lon="44.00339214"><ele>1863.407</ele><time>2026-09-10T06:25:09Z</time><speed>0.270</speed><sat>34</sat></trkpt>
  <trkpt lat="39.44096781" lon="44.00339227"><ele>1863.444</ele><time>2026-09-10T06:25:10Z</time><speed>0.000</speed><sat>35</sat></trkpt>
  <trkpt lat="39.44096869" lon="44.00339226"><ele>1863.309</ele><time>2026-09-10T06:25:11Z</time><speed>0.180</speed><sat>36</sat></trkpt>
  <trkpt lat="39.44096521" lon="44.00339288"><ele>1863.221</ele><time>2026-09-10T06:25:12Z</time><speed>0.910</speed><sat>36</sat></trkpt>
  <trkpt lat="39.44096005" lon="44.00339894"><ele>1863.386</ele><time>2026-09-10T06:25:13Z</time><speed>1.140</speed><sat>36</sat></trkpt>
  <trkpt lat="39.44095879" lon="44.00340417"><ele>1863.519</ele><time>2026-09-10T06:25:14Z</time><speed>0.470</speed><sat>36</sat></trkpt>
  <trkpt lat="39.44096779" lon="44.00340860"><ele>1863.900</ele><time>2026-09-10T06:25:15Z</time><speed>0.000</speed><sat>36</sat></trkpt>
  <trkpt lat="39.44096834" lon="44.00340661"><ele>1864.333</ele><time>2026-09-10T06:25:16Z</time><speed>0.770</speed><sat>36</sat></trkpt>
  <trkpt lat="39.44096242" lon="44.00339092"><ele>1864.188</ele><time>2026-09-10T06:25:17Z</time><speed>2.130</speed><sat>35</sat></trkpt>
  <trkpt lat="39.44095411" lon="44.00335926"><ele>1863.267</ele><time>2026-09-10T06:25:18Z</time><speed>3.160</speed><sat>35</sat></trkpt>
  <trkpt lat="39.44094536" lon="44.00332005"><ele>1863.796</ele><time>2026-09-10T06:25:19Z</time><speed>3.510</speed><sat>34</sat></trkpt>
  <trkpt lat="39.44094519" lon="44.00328972"><ele>1863.661</ele><time>2026-09-10T06:25:20Z</time><speed>0.000</speed><sat>28</sat></trkpt>
  <trkpt lat="39.44093538" lon="44.00325406"><ele>1864.136</ele><time>2026-09-10T06:25:21Z</time><speed>3.570</speed><sat>29</sat></trkpt>
  <trkpt lat="39.44091030" lon="44.00315694"><ele>1864.713</ele><time>2026-09-10T06:25:22Z</time><speed>5.810</speed><sat>30</sat></trkpt>
  <trkpt lat="39.44089053" lon="44.00309411"><ele>1865.535</ele><time>2026-09-10T06:25:23Z</time><speed>5.910</speed><sat>30</sat></trkpt>
  <trkpt lat="39.44086538" lon="44.00300932"><ele>1865.600</ele><time>2026-09-10T06:25:24Z</time><speed>7.540</speed><sat>30</sat></trkpt>
  <trkpt lat="39.44083970" lon="44.00292067"><ele>1865.539</ele><time>2026-09-10T06:25:25Z</time><speed>7.890</speed><sat>31</sat></trkpt>
  <trkpt lat="39.44081760" lon="44.00282867"><ele>1866.708</ele><time>2026-09-10T06:25:26Z</time><speed>8.440</speed><sat>20</sat></trkpt>
  <trkpt lat="39.44078836" lon="44.00272505"><ele>1866.584</ele><time>2026-09-10T06:25:27Z</time><speed>9.660</speed><sat>26</sat></trkpt>
  <trkpt lat="39.44076475" lon="44.00261144"><ele>1866.440</ele><time>2026-09-10T06:25:28Z</time><speed>10.610</speed><sat>27</sat></trkpt>
  <trkpt lat="39.44073801" lon="44.00248373"><ele>1865.113</ele><time>2026-09-10T06:25:29Z</time><speed>11.710</speed><sat>29</sat></trkpt>
  <trkpt lat="39.44067977" lon="44.00233059"><ele>1866.720</ele><time>2026-09-10T06:25:30Z</time><speed>13.740</speed><sat>29</sat></trkpt>
  <trkpt lat="39.44065540" lon="44.00218757"><ele>1869.289</ele><time>2026-09-10T06:25:31Z</time><speed>12.410</speed><sat>29</sat></trkpt>
  <trkpt lat="39.44061414" lon="44.00202906"><ele>1868.647</ele><time>2026-09-10T06:25:32Z</time><speed>14.250</speed><sat>29</sat></trkpt>
  <trkpt lat="39.44055806" lon="44.00186286"><ele>1868.611</ele><time>2026-09-10T06:25:33Z</time><speed>14.870</speed><sat>30</sat></trkpt>
  <trkpt lat="39.44051154" lon="44.00170370"><ele>1869.020</ele><time>2026-09-10T06:25:34Z</time><speed>14.480</speed><sat>30</sat></trkpt>
  <trkpt lat="39.44046495" lon="44.00153603"><ele>1869.423</ele><time>2026-09-10T06:25:35Z</time><speed>15.250</speed><sat>31</sat></trkpt>
  <trkpt lat="39.44041592" lon="44.00135922"><ele>1869.992</ele><time>2026-09-10T06:25:36Z</time><speed>16.300</speed><sat>31</sat></trkpt>
  <trkpt lat="39.44036432" lon="44.00117385"><ele>1870.618</ele><time>2026-09-10T06:25:37Z</time><speed>17.220</speed><sat>29</sat></trkpt>
 </trkseg>
</trk>

</gpx>
 