<?xml version="1.0" encoding="UTF-8"?>
<!-- Created with BasicAirData GPS Logger for Android - ver. 3.3.0 -->
<!-- Track 84 = 3145 TrackPoints + 0 Placemarks -->

<!-- Track Statistics (based on Total Time | Time in Movement): -->
<!--  Distance = 1.50 km -->
<!--  Duration = 52:24 | 18:36 -->
<!--  Altitude Gap = -10 m -->
<!--  Max Speed = 12 km/h -->
<!--  Avg Speed = 1.7 | 4.9 km/h -->
<!--  Direction = NNW -->
<!--  Activity = walking -->
<!--  Altitudes = Raw -->

<gpx version="1.0"
     creator="BasicAirData GPS Logger 3.3.0"
     xmlns="http://www.topografix.com/GPX/1/0"
     xmlns:xsi="http://www.w3.org/2001/XMLSchema-instance"
     xsi:schemaLocation="http://www.topografix.com/GPX/1/0 http://www.topografix.com/GPX/1/0/gpx.xsd">
<name>GPS Logger 20261007-192423</name>
<time>2026-10-08T21:50:12Z</time>
<keywords>walking</keywords>
<bounds minlat="41.68251434" minlon="26.55826541" maxlat="41.69172497" maxlon="26.56384409" />

<trk>
 <name>Track 20261007-192423</name>
 <trkseg>
  <trkpt lat="41.68275792" lon="26.56384409"><ele>87.256</ele><time>2026-10-07T16:24:23Z</time><speed>1.580</speed><sat>31</sat></trkpt>
  <trkpt lat="41.68274500" lon="26.56383287"><ele>86.656</ele><time>2026-10-07T16:24:24Z</time><speed>1.690</speed><sat>32</sat></trkpt>
  <trkpt lat="41.68273171" lon="26.56382282"><ele>86.366</ele><time>2026-10-07T16:24:25Z</time><speed>1.670</speed><sat>32</sat></trkpt>
  <trkpt lat="41.68271738" lon="26.56381515"><ele>86.505</ele><time>2026-10-07T16:24:26Z</time><speed>1.840</speed><sat>32</sat></trkpt>
  <trkpt lat="41.68270249" lon="26.56380803"><ele>86.188</ele><time>2026-10-07T16:24:27Z</time><speed>1.780</speed><sat>32</sat></trkpt>
  <trkpt lat="41.68268811" lon="26.56380079"><ele>86.025</ele><time>2026-10-07T16:24:28Z</time><speed>1.730</speed><sat>32</sat></trkpt>
  <trkpt lat="41.68267883" lon="26.56379571"><ele>85.266</ele><time>2026-10-07T16:24:29Z</time><speed>0.540</speed><sat>32</sat></trkpt>
  <trkpt lat="41.68267034" lon="26.56379327"><ele>84.893</ele><time>2026-10-07T16:24:30Z</time><speed>1.290</speed><sat>31</sat></trkpt>
  <trkpt lat="41.68266035" lon="26.56378860"><ele>84.442</ele><time>2026-10-07T16:24:31Z</time><speed>1.050</speed><sat>31</sat></trkpt>
  <trkpt lat="41.68264992" lon="26.56378283"><ele>84.451</ele><time>2026-10-07T16:24:32Z</time><speed>1.350</speed><sat>31</sat></trkpt>
  <trkpt lat="41.68263755" lon="26.56377401"><ele>83.457</ele><time>2026-10-07T16:24:33Z</time><speed>1.550</speed><sat>31</sat></trkpt>
  <trkpt lat="41.68262119" lon="26.56376742"><ele>83.852</ele><time>2026-10-07T16:24:34Z</time><speed>2.020</speed><sat>32</sat></trkpt>
  <trkpt lat="41.68260530" lon="26.56376178"><ele>84.925</ele><time>2026-10-07T16:24:35Z</time><speed>1.590</speed><sat>32</sat></trkpt>
  <trkpt lat="41.68259191" lon="26.56375667"><ele>84.851</ele><time>2026-10-07T16:24:36Z</time><speed>1.590</speed><sat>32</sat></trkpt>
  <trkpt lat="41.68257920" lon="26.56375029"><ele>85.356</ele><time>2026-10-07T16:24:37Z</time><speed>1.580</speed><sat>32</sat></trkpt>
  <trkpt lat="41.68256479" lon="26.56374261"><ele>85.673</ele><time>2026-10-07T16:24:38Z</time><speed>1.670</speed><sat>32</sat></trkpt>
  <trkpt lat="41.68254923" lon="26.56373449"><ele>86.252</ele><time>2026-10-07T16:24:39Z</time><speed>1.690</speed><sat>32</sat></trkpt>
  <trkpt lat="41.68253481" lon="26.56372613"><ele>86.611</ele><time>2026-10-07T16:24:40Z</time><speed>1.420</speed><sat>32</sat></trkpt>
  <trkpt lat="41.68252326" lon="26.56371758"><ele>86.118</ele><time>2026-10-07T16:24:41Z</time><speed>1.110</speed><sat>32</sat></trkpt>
  <trkpt lat="41.68251778" lon="26.56370793"><ele>86.059</ele><time>2026-10-07T16:24:42Z</time><speed>0.290</speed><sat>31</sat></trkpt>
  <trkpt lat="41.68251494" lon="26.56369445"><ele>84.253</ele><time>2026-10-07T16:24:43Z</time><speed>1.020</speed><sat>31</sat></trkpt>
  <trkpt lat="41.68251434" lon="26.56367312"><ele>84.193</ele><time>2026-10-07T16:24:44Z</time><speed>1.530</speed><sat>30</sat></trkpt>
  <trkpt lat="41.68251601" lon="26.56364979"><ele>83.994</ele><time>2026-10-07T16:24:45Z</time><speed>1.440</speed><sat>30</sat></trkpt>
  <trkpt lat="41.68251729" lon="26.56362691"><ele>84.397</ele><time>2026-10-07T16:24:46Z</time><speed>1.490</speed><sat>31</sat></trkpt>
  <trkpt lat="41.68252109" lon="26.56360324"><ele>83.881</ele><time>2026-10-07T16:24:47Z</time><speed>1.900</speed><sat>31</sat></trkpt>
  <trkpt lat="41.68252436" lon="26.56358277"><ele>84.040</ele><time>2026-10-07T16:24:48Z</time><speed>1.520</speed><sat>30</sat></trkpt>
  <trkpt lat="41.68253235" lon="26.56356395"><ele>84.654</ele><time>2026-10-07T16:24:49Z</time><speed>1.730</speed><sat>30</sat></trkpt>
  <trkpt lat="41.68254269" lon="26.56354489"><ele>84.593</ele><time>2026-10-07T16:24:50Z</time><speed>1.720</speed><sat>29</sat></trkpt>
  <trkpt lat="41.68255723" lon="26.56353221"><ele>84.835</ele><time>2026-10-07T16:24:51Z</time><speed>1.640</speed><sat>28</sat></trkpt>
  <trkpt lat="41.68257014" lon="26.56352462"><ele>84.258</ele><time>2026-10-07T16:24:52Z</time><speed>1.190</speed><sat>28</sat></trkpt>
  <trkpt lat="41.68258583" lon="26.56351705"><ele>83.080</ele><time>2026-10-07T16:24:53Z</time><speed>1.810</speed><sat>28</sat></trkpt>
  <trkpt lat="41.68259987" lon="26.56350437"><ele>83.937</ele><time>2026-10-07T16:24:54Z</time><speed>1.690</speed><sat>28</sat></trkpt>
  <trkpt lat="41.68261052" lon="26.56349110"><ele>84.802</ele><time>2026-10-07T16:24:55Z</time><speed>1.580</speed><sat>28</sat></trkpt>
  <trkpt lat="41.68262171" lon="26.56347844"><ele>84.255</ele><time>2026-10-07T16:24:56Z</time><speed>1.570</speed><sat>26</sat></trkpt>
  <trkpt lat="41.68263376" lon="26.56346708"><ele>84.473</ele><time>2026-10-07T16:24:57Z</time><speed>1.500</speed><sat>26</sat></trkpt>
  <trkpt lat="41.68264385" lon="26.56345901"><ele>85.651</ele><time>2026-10-07T16:24:58Z</time><speed>0.980</speed><sat>26</sat></trkpt>
  <trkpt lat="41.68265359" lon="26.56345441"><ele>84.618</ele><time>2026-10-07T16:24:59Z</time><speed>1.120</speed><sat>26</sat></trkpt>
  <trkpt lat="41.68266682" lon="26.56344663"><ele>83.779</ele><time>2026-10-07T16:25:00Z</time><speed>1.720</speed><sat>27</sat></trkpt>
  <trkpt lat="41.68268340" lon="26.56343516"><ele>83.489</ele><time>2026-10-07T16:25:01Z</time><speed>2.020</speed><sat>28</sat></trkpt>
  <trkpt lat="41.68270243" lon="26.56342298"><ele>83.111</ele><time>2026-10-07T16:25:02Z</time><speed>2.130</speed><sat>30</sat></trkpt>
  <trkpt lat="41.68272157" lon="26.56341052"><ele>82.289</ele><time>2026-10-07T16:25:03Z</time><speed>2.160</speed><sat>30</sat></trkpt>
  <trkpt lat="41.68273767" lon="26.56340095"><ele>82.061</ele><time>2026-10-07T16:25:04Z</time><speed>1.760</speed><sat>30</sat></trkpt>
  <trkpt lat="41.68275246" lon="26.56339104"><ele>81.618</ele><time>2026-10-07T16:25:05Z</time><speed>1.910</speed><sat>28</sat></trkpt>
  <trkpt lat="41.68276663" lon="26.56338278"><ele>82.822</ele><time>2026-10-07T16:25:06Z</time><speed>1.800</speed><sat>28</sat></trkpt>
  <trkpt lat="41.68277562" lon="26.56337900"><ele>84.188</ele><time>2026-10-07T16:25:07Z</time><speed>0.720</speed><sat>27</sat></trkpt>
  <trkpt lat="41.68278366" lon="26.56337545"><ele>83.420</ele><time>2026-10-07T16:25:08Z</time><speed>1.290</speed><sat>28</sat></trkpt>
  <trkpt lat="41.68279279" lon="26.56336874"><ele>83.239</ele><time>2026-10-07T16:25:09Z</time><speed>1.440</speed><sat>28</sat></trkpt>
  <trkpt lat="41.68280314" lon="26.56336045"><ele>82.996</ele><time>2026-10-07T16:25:10Z</time><speed>1.490</speed><sat>28</sat></trkpt>
  <trkpt lat="41.68281314" lon="26.56335317"><ele>83.253</ele><time>2026-10-07T16:25:11Z</time><speed>1.390</speed><sat>30</sat></trkpt>
  <trkpt lat="41.68282435" lon="26.56334642"><ele>83.292</ele><time>2026-10-07T16:25:12Z</time><speed>1.490</speed><sat>30</sat></trkpt>
  <trkpt lat="41.68283409" lon="26.56334263"><ele>82.687</ele><time>2026-10-07T16:25:13Z</time><speed>0.740</speed><sat>31</sat></trkpt>
  <trkpt lat="41.68284414" lon="26.56333684"><ele>82.522</ele><time>2026-10-07T16:25:14Z</time><speed>1.630</speed><sat>30</sat></trkpt>
  <trkpt lat="41.68285603" lon="26.56332977"><ele>81.231</ele><time>2026-10-07T16:25:15Z</time><speed>1.510</speed><sat>30</sat></trkpt>
  <trkpt lat="41.68286408" lon="26.56332910"><ele>81.539</ele><time>2026-10-07T16:25:16Z</time><speed>0.300</speed><sat>30</sat></trkpt>
  <trkpt lat="41.68287338" lon="26.56332967"><ele>81.858</ele><time>2026-10-07T16:25:17Z</time><speed>0.960</speed><sat>31</sat></trkpt>
  <trkpt lat="41.68288844" lon="26.56332670"><ele>81.879</ele><time>2026-10-07T16:25:18Z</time><speed>1.520</speed><sat>31</sat></trkpt>
  <trkpt lat="41.68290532" lon="26.56332234"><ele>81.390</ele><time>2026-10-07T16:25:19Z</time><speed>1.670</speed><sat>30</sat></trkpt>
  <trkpt lat="41.68292453" lon="26.56331762"><ele>82.085</ele><time>2026-10-07T16:25:20Z</time><speed>1.890</speed><sat>28</sat></trkpt>
  <trkpt lat="41.68294273" lon="26.56331457"><ele>82.228</ele><time>2026-10-07T16:25:21Z</time><speed>1.750</speed><sat>27</sat></trkpt>
  <trkpt lat="41.68295749" lon="26.56331325"><ele>83.341</ele><time>2026-10-07T16:25:22Z</time><speed>1.580</speed><sat>28</sat></trkpt>
  <trkpt lat="41.68297097" lon="26.56331134"><ele>84.066</ele><time>2026-10-07T16:25:23Z</time><speed>1.470</speed><sat>29</sat></trkpt>
  <trkpt lat="41.68298338" lon="26.56330608"><ele>85.371</ele><time>2026-10-07T16:25:24Z</time><speed>1.610</speed><sat>29</sat></trkpt>
  <trkpt lat="41.68299756" lon="26.56330040"><ele>85.338</ele><time>2026-10-07T16:25:25Z</time><speed>1.730</speed><sat>29</sat></trkpt>
  <trkpt lat="41.68301225" lon="26.56329480"><ele>86.175</ele><time>2026-10-07T16:25:26Z</time><speed>1.760</speed><sat>30</sat></trkpt>
  <trkpt lat="41.68302537" lon="26.56328876"><ele>86.883</ele><time>2026-10-07T16:25:27Z</time><speed>1.510</speed><sat>31</sat></trkpt>
  <trkpt lat="41.68303775" lon="26.56328241"><ele>86.941</ele><time>2026-10-07T16:25:28Z</time><speed>1.410</speed><sat>32</sat></trkpt>
  <trkpt lat="41.68305074" lon="26.56327727"><ele>87.706</ele><time>2026-10-07T16:25:29Z</time><speed>1.340</speed><sat>30</sat></trkpt>
  <trkpt lat="41.68306329" lon="26.56327322"><ele>87.867</ele><time>2026-10-07T16:25:30Z</time><speed>1.390</speed><sat>31</sat></trkpt>
  <trkpt lat="41.68307707" lon="26.56327051"><ele>87.891</ele><time>2026-10-07T16:25:31Z</time><speed>1.500</speed><sat>31</sat></trkpt>
  <trkpt lat="41.68309146" lon="26.56326969"><ele>87.628</ele><time>2026-10-07T16:25:32Z</time><speed>1.440</speed><sat>31</sat></trkpt>
  <trkpt lat="41.68310596" lon="26.56326992"><ele>88.011</ele><time>2026-10-07T16:25:33Z</time><speed>1.500</speed><sat>31</sat></trkpt>
  <trkpt lat="41.68312353" lon="26.56327310"><ele>86.483</ele><time>2026-10-07T16:25:34Z</time><speed>1.570</speed><sat>29</sat></trkpt>
  <trkpt lat="41.68313839" lon="26.56327435"><ele>86.538</ele><time>2026-10-07T16:25:35Z</time><speed>1.210</speed><sat>30</sat></trkpt>
  <trkpt lat="41.68314985" lon="26.56327347"><ele>85.623</ele><time>2026-10-07T16:25:36Z</time><speed>0.720</speed><sat>31</sat></trkpt>
  <trkpt lat="41.68315810" lon="26.56327268"><ele>84.923</ele><time>2026-10-07T16:25:37Z</time><speed>1.020</speed><sat>30</sat></trkpt>
  <trkpt lat="41.68317007" lon="26.56327006"><ele>84.853</ele><time>2026-10-07T16:25:38Z</time><speed>1.480</speed><sat>29</sat></trkpt>
  <trkpt lat="41.68318519" lon="26.56326795"><ele>86.049</ele><time>2026-10-07T16:25:39Z</time><speed>1.400</speed><sat>30</sat></trkpt>
  <trkpt lat="41.68320167" lon="26.56326328"><ele>86.967</ele><time>2026-10-07T16:25:40Z</time><speed>1.760</speed><sat>31</sat></trkpt>
  <trkpt lat="41.68321501" lon="26.56325841"><ele>87.524</ele><time>2026-10-07T16:25:41Z</time><speed>1.110</speed><sat>30</sat></trkpt>
  <trkpt lat="41.68322699" lon="26.56325588"><ele>87.194</ele><time>2026-10-07T16:25:42Z</time><speed>1.210</speed><sat>30</sat></trkpt>
  <trkpt lat="41.68323821" lon="26.56325651"><ele>86.604</ele><time>2026-10-07T16:25:43Z</time><speed>0.960</speed><sat>31</sat></trkpt>
  <trkpt lat="41.68324652" lon="26.56325587"><ele>86.376</ele><time>2026-10-07T16:25:44Z</time><speed>0.470</speed><sat>31</sat></trkpt>
  <trkpt lat="41.68325613" lon="26.56325001"><ele>85.776</ele><time>2026-10-07T16:25:45Z</time><speed>0.870</speed><sat>30</sat></trkpt>
  <trkpt lat="41.68327058" lon="26.56324191"><ele>85.238</ele><time>2026-10-07T16:25:46Z</time><speed>1.490</speed><sat>30</sat></trkpt>
  <trkpt lat="41.68328468" lon="26.56323380"><ele>84.480</ele><time>2026-10-07T16:25:47Z</time><speed>1.210</speed><sat>30</sat></trkpt>
  <trkpt lat="41.68329873" lon="26.56322986"><ele>85.102</ele><time>2026-10-07T16:25:48Z</time><speed>1.290</speed><sat>29</sat></trkpt>
  <trkpt lat="41.68331491" lon="26.56322278"><ele>85.977</ele><time>2026-10-07T16:25:49Z</time><speed>1.690</speed><sat>27</sat></trkpt>
  <trkpt lat="41.68333750" lon="26.56321468"><ele>86.374</ele><time>2026-10-07T16:25:50Z</time><speed>2.410</speed><sat>27</sat></trkpt>
  <trkpt lat="41.68336125" lon="26.56321006"><ele>88.859</ele><time>2026-10-07T16:25:51Z</time><speed>1.990</speed><sat>29</sat></trkpt>
  <trkpt lat="41.68337882" lon="26.56320682"><ele>89.230</ele><time>2026-10-07T16:25:52Z</time><speed>1.440</speed><sat>29</sat></trkpt>
  <trkpt lat="41.68339350" lon="26.56320419"><ele>88.278</ele><time>2026-10-07T16:25:53Z</time><speed>1.430</speed><sat>29</sat></trkpt>
  <trkpt lat="41.68340897" lon="26.56320005"><ele>86.868</ele><time>2026-10-07T16:25:54Z</time><speed>1.480</speed><sat>28</sat></trkpt>
  <trkpt lat="41.68342392" lon="26.56319593"><ele>86.470</ele><time>2026-10-07T16:25:55Z</time><speed>1.480</speed><sat>29</sat></trkpt>
  <trkpt lat="41.68343912" lon="26.56319354"><ele>85.671</ele><time>2026-10-07T16:25:56Z</time><speed>1.480</speed><sat>29</sat></trkpt>
  <trkpt lat="41.68345636" lon="26.56318351"><ele>86.590</ele><time>2026-10-07T16:25:57Z</time><speed>2.170</speed><sat>29</sat></trkpt>
  <trkpt lat="41.68346928" lon="26.56316908"><ele>85.898</ele><time>2026-10-07T16:25:58Z</time><speed>1.550</speed><sat>30</sat></trkpt>
  <trkpt lat="41.68347939" lon="26.56315837"><ele>85.119</ele><time>2026-10-07T16:25:59Z</time><speed>1.270</speed><sat>31</sat></trkpt>
  <trkpt lat="41.68348929" lon="26.56314938"><ele>85.288</ele><time>2026-10-07T16:26:00Z</time><speed>1.370</speed><sat>31</sat></trkpt>
  <trkpt lat="41.68350335" lon="26.56314012"><ele>85.568</ele><time>2026-10-07T16:26:01Z</time><speed>1.640</speed><sat>31</sat></trkpt>
  <trkpt lat="41.68351802" lon="26.56312758"><ele>85.463</ele><time>2026-10-07T16:26:02Z</time><speed>1.640</speed><sat>31</sat></trkpt>
  <trkpt lat="41.68353168" lon="26.56311139"><ele>84.807</ele><time>2026-10-07T16:26:03Z</time><speed>1.900</speed><sat>31</sat></trkpt>
  <trkpt lat="41.68354225" lon="26.56309609"><ele>84.649</ele><time>2026-10-07T16:26:04Z</time><speed>1.440</speed><sat>30</sat></trkpt>
  <trkpt lat="41.68355025" lon="26.56307879"><ele>84.349</ele><time>2026-10-07T16:26:05Z</time><speed>1.830</speed><sat>31</sat></trkpt>
  <trkpt lat="41.68355456" lon="26.56306269"><ele>84.522</ele><time>2026-10-07T16:26:06Z</time><speed>1.370</speed><sat>32</sat></trkpt>
  <trkpt lat="41.68355501" lon="26.56304989"><ele>84.448</ele><time>2026-10-07T16:26:07Z</time><speed>1.260</speed><sat>32</sat></trkpt>
  <trkpt lat="41.68355436" lon="26.56303880"><ele>84.476</ele><time>2026-10-07T16:26:08Z</time><speed>1.110</speed><sat>31</sat></trkpt>
  <trkpt lat="41.68355712" lon="26.56302425"><ele>82.947</ele><time>2026-10-07T16:26:09Z</time><speed>1.450</speed><sat>31</sat></trkpt>
  <trkpt lat="41.68356338" lon="26.56300720"><ele>82.808</ele><time>2026-10-07T16:26:10Z</time><speed>1.410</speed><sat>31</sat></trkpt>
  <trkpt lat="41.68357255" lon="26.56299060"><ele>83.270</ele><time>2026-10-07T16:26:11Z</time><speed>1.490</speed><sat>30</sat></trkpt>
  <trkpt lat="41.68358212" lon="26.56297451"><ele>83.911</ele><time>2026-10-07T16:26:12Z</time><speed>1.490</speed><sat>29</sat></trkpt>
  <trkpt lat="41.68359319" lon="26.56296189"><ele>83.983</ele><time>2026-10-07T16:26:13Z</time><speed>1.310</speed><sat>29</sat></trkpt>
  <trkpt lat="41.68360141" lon="26.56295350"><ele>84.134</ele><time>2026-10-07T16:26:14Z</time><speed>0.580</speed><sat>29</sat></trkpt>
  <trkpt lat="41.68360917" lon="26.56295197"><ele>86.031</ele><time>2026-10-07T16:26:15Z</time><speed>0.000</speed><sat>29</sat></trkpt>
  <trkpt lat="41.68362350" lon="26.56295793"><ele>85.493</ele><time>2026-10-07T16:26:16Z</time><speed>0.000</speed><sat>30</sat></trkpt>
  <trkpt lat="41.68363046" lon="26.56296120"><ele>85.465</ele><time>2026-10-07T16:26:17Z</time><speed>0.000</speed><sat>29</sat></trkpt>
  <trkpt lat="41.68363391" lon="26.56296284"><ele>85.453</ele><time>2026-10-07T16:26:18Z</time><speed>0.000</speed><sat>29</sat></trkpt>
  <trkpt lat="41.68363559" lon="26.56296370"><ele>85.444</ele><time>2026-10-07T16:26:19Z</time><speed>0.000</speed><sat>29</sat></trkpt>
  <trkpt lat="41.68363552" lon="26.56296629"><ele>85.209</ele><time>2026-10-07T16:26:20Z</time><speed>0.000</speed><sat>29</sat></trkpt>
  <trkpt lat="41.68363544" lon="26.56296755"><ele>85.183</ele><time>2026-10-07T16:26:21Z</time><speed>0.000</speed><sat>29</sat></trkpt>
  <trkpt lat="41.68363540" lon="26.56296817"><ele>85.164</ele><time>2026-10-07T16:26:22Z</time><speed>0.000</speed><sat>29</sat></trkpt>
  <trkpt lat="41.68363538" lon="26.56296849"><ele>85.155</ele><time>2026-10-07T16:26:23Z</time><speed>0.000</speed><sat>29</sat></trkpt>
  <trkpt lat="41.68363542" lon="26.56296862"><ele>85.145</ele><time>2026-10-07T16:26:24Z</time><speed>0.000</speed><sat>30</sat></trkpt>
  <trkpt lat="41.68363545" lon="26.56296863"><ele>85.135</ele><time>2026-10-07T16:26:25Z</time><speed>0.000</speed><sat>30</sat></trkpt>
  <trkpt lat="41.68363547" lon="26.56296861"><ele>85.129</ele><time>2026-10-07T16:26:26Z</time><speed>0.000</speed><sat>29</sat></trkpt>
  <trkpt lat="41.68363547" lon="26.56296863"><ele>85.126</ele><time>2026-10-07T16:26:27Z</time><speed>0.000</speed><sat>30</sat></trkpt>
  <trkpt lat="41.68363547" lon="26.56296860"><ele>85.121</ele><time>2026-10-07T16:26:28Z</time><speed>0.000</speed><sat>30</sat></trkpt>
  <trkpt lat="41.68363548" lon="26.56296862"><ele>85.118</ele><time>2026-10-07T16:26:29Z</time><speed>0.000</speed><sat>30</sat></trkpt>
  <trkpt lat="41.68363545" lon="26.56296861"><ele>85.115</ele><time>2026-10-07T16:26:30Z</time><speed>0.000</speed><sat>29</sat></trkpt>
  <trkpt lat="41.68363432" lon="26.56296700"><ele>85.701</ele><time>2026-10-07T16:26:31Z</time><speed>0.240</speed><sat>29</sat></trkpt>
  <trkpt lat="41.68363561" lon="26.56295538"><ele>84.835</ele><time>2026-10-07T16:26:32Z</time><speed>1.180</speed><sat>29</sat></trkpt>
  <trkpt lat="41.68363886" lon="26.56293637"><ele>84.200</ele><time>2026-10-07T16:26:33Z</time><speed>1.580</speed><sat>29</sat></trkpt>
  <trkpt lat="41.68364280" lon="26.56291778"><ele>83.503</ele><time>2026-10-07T16:26:34Z</time><speed>1.590</speed><sat>30</sat></trkpt>
  <trkpt lat="41.68364562" lon="26.56289396"><ele>83.888</ele><time>2026-10-07T16:26:35Z</time><speed>2.190</speed><sat>31</sat></trkpt>
  <trkpt lat="41.68364725" lon="26.56286990"><ele>84.161</ele><time>2026-10-07T16:26:36Z</time><speed>1.690</speed><sat>32</sat></trkpt>
  <trkpt lat="41.68365013" lon="26.56285166"><ele>85.116</ele><time>2026-10-07T16:26:37Z</time><speed>1.330</speed><sat>34</sat></trkpt>
  <trkpt lat="41.68365472" lon="26.56283580"><ele>85.580</ele><time>2026-10-07T16:26:38Z</time><speed>1.370</speed><sat>34</sat></trkpt>
  <trkpt lat="41.68366068" lon="26.56282028"><ele>84.908</ele><time>2026-10-07T16:26:39Z</time><speed>1.290</speed><sat>34</sat></trkpt>
  <trkpt lat="41.68366737" lon="26.56280436"><ele>84.565</ele><time>2026-10-07T16:26:40Z</time><speed>1.420</speed><sat>34</sat></trkpt>
  <trkpt lat="41.68367281" lon="26.56279132"><ele>84.700</ele><time>2026-10-07T16:26:41Z</time><speed>0.960</speed><sat>34</sat></trkpt>
  <trkpt lat="41.68367692" lon="26.56277652"><ele>84.820</ele><time>2026-10-07T16:26:42Z</time><speed>1.460</speed><sat>34</sat></trkpt>
  <trkpt lat="41.68368018" lon="26.56275947"><ele>84.672</ele><time>2026-10-07T16:26:43Z</time><speed>1.460</speed><sat>33</sat></trkpt>
  <trkpt lat="41.68368324" lon="26.56274224"><ele>85.182</ele><time>2026-10-07T16:26:44Z</time><speed>1.510</speed><sat>31</sat></trkpt>
  <trkpt lat="41.68368916" lon="26.56272697"><ele>85.889</ele><time>2026-10-07T16:26:45Z</time><speed>1.450</speed><sat>30</sat></trkpt>
  <trkpt lat="41.68370168" lon="26.56271328"><ele>85.950</ele><time>2026-10-07T16:26:46Z</time><speed>1.970</speed><sat>30</sat></trkpt>
  <trkpt lat="41.68371910" lon="26.56270301"><ele>85.455</ele><time>2026-10-07T16:26:47Z</time><speed>1.910</speed><sat>30</sat></trkpt>
  <trkpt lat="41.68373671" lon="26.56269654"><ele>85.271</ele><time>2026-10-07T16:26:48Z</time><speed>1.740</speed><sat>31</sat></trkpt>
  <trkpt lat="41.68375429" lon="26.56269203"><ele>84.537</ele><time>2026-10-07T16:26:49Z</time><speed>1.760</speed><sat>33</sat></trkpt>
  <trkpt lat="41.68377218" lon="26.56268890"><ele>84.231</ele><time>2026-10-07T16:26:50Z</time><speed>1.740</speed><sat>31</sat></trkpt>
  <trkpt lat="41.68378937" lon="26.56268820"><ele>83.591</ele><time>2026-10-07T16:26:51Z</time><speed>1.630</speed><sat>30</sat></trkpt>
  <trkpt lat="41.68380588" lon="26.56268922"><ele>83.426</ele><time>2026-10-07T16:26:52Z</time><speed>1.690</speed><sat>31</sat></trkpt>
  <trkpt lat="41.68382251" lon="26.56269097"><ele>83.116</ele><time>2026-10-07T16:26:53Z</time><speed>1.700</speed><sat>31</sat></trkpt>
  <trkpt lat="41.68384022" lon="26.56269431"><ele>82.262</ele><time>2026-10-07T16:26:54Z</time><speed>1.730</speed><sat>31</sat></trkpt>
  <trkpt lat="41.68385792" lon="26.56269815"><ele>82.405</ele><time>2026-10-07T16:26:55Z</time><speed>1.740</speed><sat>33</sat></trkpt>
  <trkpt lat="41.68387498" lon="26.56270015"><ele>82.676</ele><time>2026-10-07T16:26:56Z</time><speed>1.760</speed><sat>32</sat></trkpt>
  <trkpt lat="41.68389152" lon="26.56269960"><ele>81.844</ele><time>2026-10-07T16:26:57Z</time><speed>1.790</speed><sat>32</sat></trkpt>
  <trkpt lat="41.68390822" lon="26.56269917"><ele>82.557</ele><time>2026-10-07T16:26:58Z</time><speed>1.790</speed><sat>31</sat></trkpt>
  <trkpt lat="41.68392337" lon="26.56270016"><ele>82.642</ele><time>2026-10-07T16:26:59Z</time><speed>1.570</speed><sat>32</sat></trkpt>
  <trkpt lat="41.68393731" lon="26.56270330"><ele>82.846</ele><time>2026-10-07T16:27:00Z</time><speed>1.600</speed><sat>30</sat></trkpt>
  <trkpt lat="41.68395126" lon="26.56270656"><ele>83.104</ele><time>2026-10-07T16:27:01Z</time><speed>1.630</speed><sat>31</sat></trkpt>
  <trkpt lat="41.68396510" lon="26.56270834"><ele>82.994</ele><time>2026-10-07T16:27:02Z</time><speed>1.640</speed><sat>32</sat></trkpt>
  <trkpt lat="41.68397963" lon="26.56270953"><ele>82.711</ele><time>2026-10-07T16:27:03Z</time><speed>1.650</speed><sat>34</sat></trkpt>
  <trkpt lat="41.68399507" lon="26.56271061"><ele>82.396</ele><time>2026-10-07T16:27:04Z</time><speed>1.750</speed><sat>34</sat></trkpt>
  <trkpt lat="41.68401060" lon="26.56271126"><ele>82.280</ele><time>2026-10-07T16:27:05Z</time><speed>1.670</speed><sat>34</sat></trkpt>
  <trkpt lat="41.68402592" lon="26.56271185"><ele>82.195</ele><time>2026-10-07T16:27:06Z</time><speed>1.710</speed><sat>35</sat></trkpt>
  <trkpt lat="41.68404103" lon="26.56271182"><ele>81.959</ele><time>2026-10-07T16:27:07Z</time><speed>1.750</speed><sat>34</sat></trkpt>
  <trkpt lat="41.68405618" lon="26.56271107"><ele>81.690</ele><time>2026-10-07T16:27:08Z</time><speed>1.760</speed><sat>34</sat></trkpt>
  <trkpt lat="41.68407074" lon="26.56270961"><ele>81.304</ele><time>2026-10-07T16:27:09Z</time><speed>1.710</speed><sat>32</sat></trkpt>
  <trkpt lat="41.68408505" lon="26.56270798"><ele>81.250</ele><time>2026-10-07T16:27:10Z</time><speed>1.790</speed><sat>32</sat></trkpt>
  <trkpt lat="41.68409850" lon="26.56270572"><ele>80.952</ele><time>2026-10-07T16:27:11Z</time><speed>1.640</speed><sat>31</sat></trkpt>
  <trkpt lat="41.68411204" lon="26.56270484"><ele>80.758</ele><time>2026-10-07T16:27:12Z</time><speed>1.760</speed><sat>31</sat></trkpt>
  <trkpt lat="41.68412583" lon="26.56270410"><ele>80.311</ele><time>2026-10-07T16:27:13Z</time><speed>1.730</speed><sat>31</sat></trkpt>
  <trkpt lat="41.68413939" lon="26.56270306"><ele>80.150</ele><time>2026-10-07T16:27:14Z</time><speed>1.740</speed><sat>31</sat></trkpt>
  <trkpt lat="41.68415265" lon="26.56270079"><ele>79.875</ele><time>2026-10-07T16:27:15Z</time><speed>1.670</speed><sat>32</sat></trkpt>
  <trkpt lat="41.68416638" lon="26.56269891"><ele>79.095</ele><time>2026-10-07T16:27:16Z</time><speed>1.760</speed><sat>31</sat></trkpt>
  <trkpt lat="41.68418013" lon="26.56269613"><ele>79.079</ele><time>2026-10-07T16:27:17Z</time><speed>1.730</speed><sat>31</sat></trkpt>
  <trkpt lat="41.68419394" lon="26.56269391"><ele>78.755</ele><time>2026-10-07T16:27:18Z</time><speed>1.760</speed><sat>31</sat></trkpt>
  <trkpt lat="41.68420813" lon="26.56269272"><ele>78.564</ele><time>2026-10-07T16:27:19Z</time><speed>1.790</speed><sat>30</sat></trkpt>
  <trkpt lat="41.68422258" lon="26.56269206"><ele>78.278</ele><time>2026-10-07T16:27:20Z</time><speed>1.820</speed><sat>30</sat></trkpt>
  <trkpt lat="41.68423698" lon="26.56269075"><ele>78.417</ele><time>2026-10-07T16:27:21Z</time><speed>1.820</speed><sat>30</sat></trkpt>
  <trkpt lat="41.68425169" lon="26.56268793"><ele>78.219</ele><time>2026-10-07T16:27:22Z</time><speed>1.840</speed><sat>31</sat></trkpt>
  <trkpt lat="41.68426629" lon="26.56268436"><ele>78.210</ele><time>2026-10-07T16:27:23Z</time><speed>1.830</speed><sat>31</sat></trkpt>
  <trkpt lat="41.68428103" lon="26.56267985"><ele>78.193</ele><time>2026-10-07T16:27:24Z</time><speed>1.840</speed><sat>31</sat></trkpt>
  <trkpt lat="41.68429585" lon="26.56267521"><ele>77.720</ele><time>2026-10-07T16:27:25Z</time><speed>1.810</speed><sat>31</sat></trkpt>
  <trkpt lat="41.68431091" lon="26.56267134"><ele>77.426</ele><time>2026-10-07T16:27:26Z</time><speed>1.880</speed><sat>32</sat></trkpt>
  <trkpt lat="41.68432605" lon="26.56266745"><ele>77.745</ele><time>2026-10-07T16:27:27Z</time><speed>1.840</speed><sat>32</sat></trkpt>
  <trkpt lat="41.68434056" lon="26.56266270"><ele>77.613</ele><time>2026-10-07T16:27:28Z</time><speed>1.780</speed><sat>33</sat></trkpt>
  <trkpt lat="41.68435541" lon="26.56265831"><ele>77.966</ele><time>2026-10-07T16:27:29Z</time><speed>1.840</speed><sat>32</sat></trkpt>
  <trkpt lat="41.68437032" lon="26.56265415"><ele>77.861</ele><time>2026-10-07T16:27:30Z</time><speed>1.770</speed><sat>32</sat></trkpt>
  <trkpt lat="41.68438512" lon="26.56265044"><ele>77.497</ele><time>2026-10-07T16:27:31Z</time><speed>1.780</speed><sat>31</sat></trkpt>
  <trkpt lat="41.68439964" lon="26.56264655"><ele>77.213</ele><time>2026-10-07T16:27:32Z</time><speed>1.810</speed><sat>32</sat></trkpt>
  <trkpt lat="41.68441394" lon="26.56264259"><ele>77.099</ele><time>2026-10-07T16:27:33Z</time><speed>1.800</speed><sat>31</sat></trkpt>
  <trkpt lat="41.68442812" lon="26.56263691"><ele>76.650</ele><time>2026-10-07T16:27:34Z</time><speed>1.830</speed><sat>32</sat></trkpt>
  <trkpt lat="41.68444197" lon="26.56262927"><ele>76.207</ele><time>2026-10-07T16:27:35Z</time><speed>1.810</speed><sat>32</sat></trkpt>
  <trkpt lat="41.68445577" lon="26.56261982"><ele>76.093</ele><time>2026-10-07T16:27:36Z</time><speed>1.860</speed><sat>33</sat></trkpt>
  <trkpt lat="41.68447000" lon="26.56261045"><ele>76.198</ele><time>2026-10-07T16:27:37Z</time><speed>1.810</speed><sat>32</sat></trkpt>
  <trkpt lat="41.68448407" lon="26.56260017"><ele>76.168</ele><time>2026-10-07T16:27:38Z</time><speed>1.860</speed><sat>32</sat></trkpt>
  <trkpt lat="41.68449760" lon="26.56258972"><ele>76.272</ele><time>2026-10-07T16:27:39Z</time><speed>1.790</speed><sat>32</sat></trkpt>
  <trkpt lat="41.68451017" lon="26.56257883"><ele>76.169</ele><time>2026-10-07T16:27:40Z</time><speed>1.810</speed><sat>32</sat></trkpt>
  <trkpt lat="41.68452201" lon="26.56256672"><ele>76.389</ele><time>2026-10-07T16:27:41Z</time><speed>1.800</speed><sat>34</sat></trkpt>
  <trkpt lat="41.68453265" lon="26.56255298"><ele>76.225</ele><time>2026-10-07T16:27:42Z</time><speed>1.830</speed><sat>34</sat></trkpt>
  <trkpt lat="41.68454231" lon="26.56253793"><ele>75.917</ele><time>2026-10-07T16:27:43Z</time><speed>1.830</speed><sat>34</sat></trkpt>
  <trkpt lat="41.68455245" lon="26.56252299"><ele>75.783</ele><time>2026-10-07T16:27:44Z</time><speed>1.840</speed><sat>35</sat></trkpt>
  <trkpt lat="41.68456350" lon="26.56250874"><ele>75.564</ele><time>2026-10-07T16:27:45Z</time><speed>1.870</speed><sat>35</sat></trkpt>
  <trkpt lat="41.68457526" lon="26.56249595"><ele>75.402</ele><time>2026-10-07T16:27:46Z</time><speed>1.890</speed><sat>35</sat></trkpt>
  <trkpt lat="41.68458792" lon="26.56248446"><ele>75.497</ele><time>2026-10-07T16:27:47Z</time><speed>1.840</speed><sat>35</sat></trkpt>
  <trkpt lat="41.68460071" lon="26.56247365"><ele>75.508</ele><time>2026-10-07T16:27:48Z</time><speed>1.830</speed><sat>35</sat></trkpt>
  <trkpt lat="41.68461302" lon="26.56246323"><ele>75.528</ele><time>2026-10-07T16:27:49Z</time><speed>1.790</speed><sat>35</sat></trkpt>
  <trkpt lat="41.68462515" lon="26.56245212"><ele>75.621</ele><time>2026-10-07T16:27:50Z</time><speed>1.840</speed><sat>34</sat></trkpt>
  <trkpt lat="41.68463745" lon="26.56244161"><ele>75.601</ele><time>2026-10-07T16:27:51Z</time><speed>1.720</speed><sat>34</sat></trkpt>
  <trkpt lat="41.68464967" lon="26.56243269"><ele>75.912</ele><time>2026-10-07T16:27:52Z</time><speed>1.780</speed><sat>33</sat></trkpt>
  <trkpt lat="41.68466184" lon="26.56242363"><ele>75.896</ele><time>2026-10-07T16:27:53Z</time><speed>1.780</speed><sat>34</sat></trkpt>
  <trkpt lat="41.68467369" lon="26.56241318"><ele>75.657</ele><time>2026-10-07T16:27:54Z</time><speed>1.780</speed><sat>33</sat></trkpt>
  <trkpt lat="41.68468429" lon="26.56240242"><ele>75.743</ele><time>2026-10-07T16:27:55Z</time><speed>1.670</speed><sat>32</sat></trkpt>
  <trkpt lat="41.68469497" lon="26.56239121"><ele>75.689</ele><time>2026-10-07T16:27:56Z</time><speed>1.760</speed><sat>32</sat></trkpt>
  <trkpt lat="41.68470566" lon="26.56237968"><ele>75.587</ele><time>2026-10-07T16:27:57Z</time><speed>1.730</speed><sat>32</sat></trkpt>
  <trkpt lat="41.68471677" lon="26.56236820"><ele>75.348</ele><time>2026-10-07T16:27:58Z</time><speed>1.750</speed><sat>34</sat></trkpt>
  <trkpt lat="41.68472861" lon="26.56235700"><ele>74.596</ele><time>2026-10-07T16:27:59Z</time><speed>1.760</speed><sat>33</sat></trkpt>
  <trkpt lat="41.68474039" lon="26.56234631"><ele>74.283</ele><time>2026-10-07T16:28:00Z</time><speed>1.740</speed><sat>34</sat></trkpt>
  <trkpt lat="41.68475267" lon="26.56233788"><ele>74.686</ele><time>2026-10-07T16:28:01Z</time><speed>1.730</speed><sat>34</sat></trkpt>
  <trkpt lat="41.68476470" lon="26.56233002"><ele>74.912</ele><time>2026-10-07T16:28:02Z</time><speed>1.730</speed><sat>33</sat></trkpt>
  <trkpt lat="41.68477658" lon="26.56232123"><ele>75.249</ele><time>2026-10-07T16:28:03Z</time><speed>1.740</speed><sat>32</sat></trkpt>
  <trkpt lat="41.68478671" lon="26.56231013"><ele>75.267</ele><time>2026-10-07T16:28:04Z</time><speed>1.700</speed><sat>30</sat></trkpt>
  <trkpt lat="41.68479735" lon="26.56229972"><ele>75.266</ele><time>2026-10-07T16:28:05Z</time><speed>1.810</speed><sat>30</sat></trkpt>
  <trkpt lat="41.68480814" lon="26.56229076"><ele>76.223</ele><time>2026-10-07T16:28:06Z</time><speed>1.670</speed><sat>31</sat></trkpt>
  <trkpt lat="41.68481966" lon="26.56228297"><ele>76.948</ele><time>2026-10-07T16:28:07Z</time><speed>1.720</speed><sat>33</sat></trkpt>
  <trkpt lat="41.68483169" lon="26.56227648"><ele>77.516</ele><time>2026-10-07T16:28:08Z</time><speed>1.700</speed><sat>33</sat></trkpt>
  <trkpt lat="41.68484055" lon="26.56226244"><ele>78.357</ele><time>2026-10-07T16:28:09Z</time><speed>2.020</speed><sat>34</sat></trkpt>
  <trkpt lat="41.68484595" lon="26.56224753"><ele>77.235</ele><time>2026-10-07T16:28:10Z</time><speed>1.530</speed><sat>35</sat></trkpt>
  <trkpt lat="41.68484574" lon="26.56223183"><ele>76.506</ele><time>2026-10-07T16:28:11Z</time><speed>1.460</speed><sat>35</sat></trkpt>
  <trkpt lat="41.68484595" lon="26.56221842"><ele>76.902</ele><time>2026-10-07T16:28:12Z</time><speed>1.200</speed><sat>35</sat></trkpt>
  <trkpt lat="41.68484902" lon="26.56220705"><ele>77.118</ele><time>2026-10-07T16:28:13Z</time><speed>1.350</speed><sat>35</sat></trkpt>
  <trkpt lat="41.68485480" lon="26.56219669"><ele>78.533</ele><time>2026-10-07T16:28:14Z</time><speed>1.250</speed><sat>35</sat></trkpt>
  <trkpt lat="41.68486098" lon="26.56218840"><ele>79.259</ele><time>2026-10-07T16:28:15Z</time><speed>1.190</speed><sat>35</sat></trkpt>
  <trkpt lat="41.68486927" lon="26.56218053"><ele>79.287</ele><time>2026-10-07T16:28:16Z</time><speed>1.340</speed><sat>35</sat></trkpt>
  <trkpt lat="41.68487785" lon="26.56216793"><ele>78.664</ele><time>2026-10-07T16:28:17Z</time><speed>1.740</speed><sat>35</sat></trkpt>
  <trkpt lat="41.68488688" lon="26.56215457"><ele>78.618</ele><time>2026-10-07T16:28:18Z</time><speed>1.520</speed><sat>34</sat></trkpt>
  <trkpt lat="41.68489493" lon="26.56214073"><ele>78.400</ele><time>2026-10-07T16:28:19Z</time><speed>1.660</speed><sat>34</sat></trkpt>
  <trkpt lat="41.68490175" lon="26.56212242"><ele>77.897</ele><time>2026-10-07T16:28:20Z</time><speed>1.970</speed><sat>35</sat></trkpt>
  <trkpt lat="41.68490728" lon="26.56210112"><ele>77.793</ele><time>2026-10-07T16:28:21Z</time><speed>1.920</speed><sat>35</sat></trkpt>
  <trkpt lat="41.68490742" lon="26.56207949"><ele>77.723</ele><time>2026-10-07T16:28:22Z</time><speed>1.970</speed><sat>35</sat></trkpt>
  <trkpt lat="41.68490534" lon="26.56206113"><ele>77.964</ele><time>2026-10-07T16:28:23Z</time><speed>1.560</speed><sat>35</sat></trkpt>
  <trkpt lat="41.68490244" lon="26.56204534"><ele>77.068</ele><time>2026-10-07T16:28:24Z</time><speed>1.460</speed><sat>35</sat></trkpt>
  <trkpt lat="41.68490022" lon="26.56202971"><ele>77.221</ele><time>2026-10-07T16:28:25Z</time><speed>1.530</speed><sat>35</sat></trkpt>
  <trkpt lat="41.68489490" lon="26.56201301"><ele>78.369</ele><time>2026-10-07T16:28:26Z</time><speed>1.870</speed><sat>35</sat></trkpt>
  <trkpt lat="41.68488978" lon="26.56199626"><ele>77.724</ele><time>2026-10-07T16:28:27Z</time><speed>1.640</speed><sat>34</sat></trkpt>
  <trkpt lat="41.68488481" lon="26.56197680"><ele>77.989</ele><time>2026-10-07T16:28:28Z</time><speed>1.990</speed><sat>34</sat></trkpt>
  <trkpt lat="41.68487826" lon="26.56195482"><ele>77.425</ele><time>2026-10-07T16:28:29Z</time><speed>2.140</speed><sat>34</sat></trkpt>
  <trkpt lat="41.68487326" lon="26.56193475"><ele>76.525</ele><time>2026-10-07T16:28:30Z</time><speed>1.900</speed><sat>34</sat></trkpt>
  <trkpt lat="41.68487063" lon="26.56191644"><ele>76.767</ele><time>2026-10-07T16:28:31Z</time><speed>1.870</speed><sat>33</sat></trkpt>
  <trkpt lat="41.68486943" lon="26.56189809"><ele>78.426</ele><time>2026-10-07T16:28:32Z</time><speed>1.870</speed><sat>33</sat></trkpt>
  <trkpt lat="41.68486660" lon="26.56188014"><ele>79.037</ele><time>2026-10-07T16:28:33Z</time><speed>1.930</speed><sat>33</sat></trkpt>
  <trkpt lat="41.68486506" lon="26.56186031"><ele>79.216</ele><time>2026-10-07T16:28:34Z</time><speed>1.950</speed><sat>32</sat></trkpt>
  <trkpt lat="41.68486271" lon="26.56184124"><ele>79.734</ele><time>2026-10-07T16:28:35Z</time><speed>1.850</speed><sat>31</sat></trkpt>
  <trkpt lat="41.68485981" lon="26.56182349"><ele>80.233</ele><time>2026-10-07T16:28:36Z</time><speed>1.770</speed><sat>30</sat></trkpt>
  <trkpt lat="41.68485622" lon="26.56180614"><ele>80.289</ele><time>2026-10-07T16:28:37Z</time><speed>1.780</speed><sat>32</sat></trkpt>
  <trkpt lat="41.68485039" lon="26.56178682"><ele>78.786</ele><time>2026-10-07T16:28:38Z</time><speed>1.880</speed><sat>32</sat></trkpt>
  <trkpt lat="41.68484920" lon="26.56175924"><ele>79.408</ele><time>2026-10-07T16:28:39Z</time><speed>2.680</speed><sat>31</sat></trkpt>
  <trkpt lat="41.68485066" lon="26.56173330"><ele>79.234</ele><time>2026-10-07T16:28:40Z</time><speed>1.640</speed><sat>30</sat></trkpt>
  <trkpt lat="41.68485310" lon="26.56171598"><ele>80.334</ele><time>2026-10-07T16:28:41Z</time><speed>1.280</speed><sat>30</sat></trkpt>
  <trkpt lat="41.68485461" lon="26.56170189"><ele>78.655</ele><time>2026-10-07T16:28:42Z</time><speed>1.350</speed><sat>32</sat></trkpt>
  <trkpt lat="41.68485778" lon="26.56168729"><ele>78.641</ele><time>2026-10-07T16:28:43Z</time><speed>1.250</speed><sat>32</sat></trkpt>
  <trkpt lat="41.68485986" lon="26.56167606"><ele>78.424</ele><time>2026-10-07T16:28:44Z</time><speed>0.740</speed><sat>35</sat></trkpt>
  <trkpt lat="41.68486088" lon="26.56166894"><ele>78.761</ele><time>2026-10-07T16:28:45Z</time><speed>0.580</speed><sat>34</sat></trkpt>
  <trkpt lat="41.68486267" lon="26.56166688"><ele>79.302</ele><time>2026-10-07T16:28:46Z</time><speed>0.000</speed><sat>35</sat></trkpt>
  <trkpt lat="41.68486478" lon="26.56166752"><ele>79.144</ele><time>2026-10-07T16:28:47Z</time><speed>0.000</speed><sat>35</sat></trkpt>
  <trkpt lat="41.68487325" lon="26.56166798"><ele>79.263</ele><time>2026-10-07T16:28:48Z</time><speed>0.000</speed><sat>34</sat></trkpt>
  <trkpt lat="41.68487700" lon="26.56166680"><ele>79.624</ele><time>2026-10-07T16:28:49Z</time><speed>0.440</speed><sat>34</sat></trkpt>
  <trkpt lat="41.68488225" lon="26.56166105"><ele>79.818</ele><time>2026-10-07T16:28:50Z</time><speed>0.950</speed><sat>33</sat></trkpt>
  <trkpt lat="41.68488718" lon="26.56164783"><ele>79.895</ele><time>2026-10-07T16:28:51Z</time><speed>1.470</speed><sat>33</sat></trkpt>
  <trkpt lat="41.68488791" lon="26.56163064"><ele>79.749</ele><time>2026-10-07T16:28:52Z</time><speed>1.620</speed><sat>33</sat></trkpt>
  <trkpt lat="41.68488465" lon="26.56160883"><ele>80.633</ele><time>2026-10-07T16:28:53Z</time><speed>1.580</speed><sat>34</sat></trkpt>
  <trkpt lat="41.68487839" lon="26.56158707"><ele>80.256</ele><time>2026-10-07T16:28:54Z</time><speed>1.690</speed><sat>34</sat></trkpt>
  <trkpt lat="41.68487099" lon="26.56156624"><ele>80.711</ele><time>2026-10-07T16:28:55Z</time><speed>1.650</speed><sat>34</sat></trkpt>
  <trkpt lat="41.68486152" lon="26.56154435"><ele>80.434</ele><time>2026-10-07T16:28:56Z</time><speed>1.770</speed><sat>33</sat></trkpt>
  <trkpt lat="41.68485133" lon="26.56152591"><ele>79.687</ele><time>2026-10-07T16:28:57Z</time><speed>1.580</speed><sat>34</sat></trkpt>
  <trkpt lat="41.68484112" lon="26.56150826"><ele>79.611</ele><time>2026-10-07T16:28:58Z</time><speed>1.800</speed><sat>35</sat></trkpt>
  <trkpt lat="41.68483037" lon="26.56149042"><ele>78.170</ele><time>2026-10-07T16:28:59Z</time><speed>2.200</speed><sat>35</sat></trkpt>
  <trkpt lat="41.68481922" lon="26.56147605"><ele>76.351</ele><time>2026-10-07T16:29:00Z</time><speed>1.930</speed><sat>34</sat></trkpt>
  <trkpt lat="41.68481007" lon="26.56146546"><ele>76.487</ele><time>2026-10-07T16:29:01Z</time><speed>1.510</speed><sat>35</sat></trkpt>
  <trkpt lat="41.68480504" lon="26.56145382"><ele>76.053</ele><time>2026-10-07T16:29:02Z</time><speed>1.320</speed><sat>35</sat></trkpt>
  <trkpt lat="41.68480359" lon="26.56143805"><ele>75.887</ele><time>2026-10-07T16:29:03Z</time><speed>1.440</speed><sat>35</sat></trkpt>
  <trkpt lat="41.68480463" lon="26.56142415"><ele>74.716</ele><time>2026-10-07T16:29:04Z</time><speed>1.110</speed><sat>35</sat></trkpt>
  <trkpt lat="41.68480806" lon="26.56141955"><ele>73.266</ele><time>2026-10-07T16:29:05Z</time><speed>0.370</speed><sat>35</sat></trkpt>
  <trkpt lat="41.68481109" lon="26.56141765"><ele>71.955</ele><time>2026-10-07T16:29:06Z</time><speed>0.520</speed><sat>35</sat></trkpt>
  <trkpt lat="41.68481192" lon="26.56140591"><ele>71.576</ele><time>2026-10-07T16:29:07Z</time><speed>1.390</speed><sat>35</sat></trkpt>
  <trkpt lat="41.68481165" lon="26.56139071"><ele>72.610</ele><time>2026-10-07T16:29:08Z</time><speed>0.960</speed><sat>35</sat></trkpt>
  <trkpt lat="41.68481139" lon="26.56137452"><ele>72.287</ele><time>2026-10-07T16:29:09Z</time><speed>1.030</speed><sat>35</sat></trkpt>
  <trkpt lat="41.68481191" lon="26.56135652"><ele>72.241</ele><time>2026-10-07T16:29:10Z</time><speed>1.090</speed><sat>35</sat></trkpt>
  <trkpt lat="41.68481309" lon="26.56133708"><ele>71.509</ele><time>2026-10-07T16:29:11Z</time><speed>1.170</speed><sat>35</sat></trkpt>
  <trkpt lat="41.68481511" lon="26.56132048"><ele>70.770</ele><time>2026-10-07T16:29:12Z</time><speed>0.710</speed><sat>35</sat></trkpt>
  <trkpt lat="41.68481709" lon="26.56130592"><ele>71.264</ele><time>2026-10-07T16:29:13Z</time><speed>0.820</speed><sat>35</sat></trkpt>
  <trkpt lat="41.68482037" lon="26.56128968"><ele>71.941</ele><time>2026-10-07T16:29:14Z</time><speed>1.090</speed><sat>35</sat></trkpt>
  <trkpt lat="41.68482146" lon="26.56127561"><ele>72.200</ele><time>2026-10-07T16:29:15Z</time><speed>0.370</speed><sat>35</sat></trkpt>
  <trkpt lat="41.68482124" lon="26.56126146"><ele>72.138</ele><time>2026-10-07T16:29:16Z</time><speed>0.950</speed><sat>35</sat></trkpt>
  <trkpt lat="41.68481948" lon="26.56124137"><ele>71.367</ele><time>2026-10-07T16:29:17Z</time><speed>1.390</speed><sat>35</sat></trkpt>
  <trkpt lat="41.68481637" lon="26.56121927"><ele>71.989</ele><time>2026-10-07T16:29:18Z</time><speed>1.400</speed><sat>35</sat></trkpt>
  <trkpt lat="41.68481307" lon="26.56119728"><ele>72.511</ele><time>2026-10-07T16:29:19Z</time><speed>1.330</speed><sat>35</sat></trkpt>
  <trkpt lat="41.68480771" lon="26.56117606"><ele>73.433</ele><time>2026-10-07T16:29:20Z</time><speed>1.380</speed><sat>35</sat></trkpt>
  <trkpt lat="41.68480171" lon="26.56115421"><ele>73.395</ele><time>2026-10-07T16:29:21Z</time><speed>1.410</speed><sat>35</sat></trkpt>
  <trkpt lat="41.68479525" lon="26.56113353"><ele>73.015</ele><time>2026-10-07T16:29:22Z</time><speed>1.280</speed><sat>35</sat></trkpt>
  <trkpt lat="41.68478773" lon="26.56111272"><ele>72.893</ele><time>2026-10-07T16:29:23Z</time><speed>1.570</speed><sat>35</sat></trkpt>
  <trkpt lat="41.68478104" lon="26.56108881"><ele>72.450</ele><time>2026-10-07T16:29:24Z</time><speed>1.870</speed><sat>35</sat></trkpt>
  <trkpt lat="41.68477555" lon="26.56106656"><ele>73.036</ele><time>2026-10-07T16:29:25Z</time><speed>1.550</speed><sat>35</sat></trkpt>
  <trkpt lat="41.68477173" lon="26.56104699"><ele>72.617</ele><time>2026-10-07T16:29:26Z</time><speed>1.450</speed><sat>35</sat></trkpt>
  <trkpt lat="41.68476922" lon="26.56103013"><ele>72.941</ele><time>2026-10-07T16:29:27Z</time><speed>1.080</speed><sat>35</sat></trkpt>
  <trkpt lat="41.68476953" lon="26.56101327"><ele>73.838</ele><time>2026-10-07T16:29:28Z</time><speed>1.440</speed><sat>35</sat></trkpt>
  <trkpt lat="41.68477045" lon="26.56099416"><ele>74.193</ele><time>2026-10-07T16:29:29Z</time><speed>1.490</speed><sat>35</sat></trkpt>
  <trkpt lat="41.68476951" lon="26.56097790"><ele>74.211</ele><time>2026-10-07T16:29:30Z</time><speed>1.130</speed><sat>35</sat></trkpt>
  <trkpt lat="41.68476634" lon="26.56096056"><ele>72.838</ele><time>2026-10-07T16:29:31Z</time><speed>1.450</speed><sat>35</sat></trkpt>
  <trkpt lat="41.68476115" lon="26.56094136"><ele>73.078</ele><time>2026-10-07T16:29:32Z</time><speed>1.590</speed><sat>35</sat></trkpt>
  <trkpt lat="41.68475540" lon="26.56092185"><ele>72.405</ele><time>2026-10-07T16:29:33Z</time><speed>1.630</speed><sat>35</sat></trkpt>
  <trkpt lat="41.68474904" lon="26.56090294"><ele>72.413</ele><time>2026-10-07T16:29:34Z</time><speed>1.620</speed><sat>35</sat></trkpt>
  <trkpt lat="41.68474127" lon="26.56088710"><ele>72.612</ele><time>2026-10-07T16:29:35Z</time><speed>1.490</speed><sat>35</sat></trkpt>
  <trkpt lat="41.68473371" lon="26.56086651"><ele>73.223</ele><time>2026-10-07T16:29:36Z</time><speed>1.860</speed><sat>35</sat></trkpt>
  <trkpt lat="41.68472753" lon="26.56084420"><ele>73.149</ele><time>2026-10-07T16:29:37Z</time><speed>1.400</speed><sat>34</sat></trkpt>
  <trkpt lat="41.68472536" lon="26.56082275"><ele>73.571</ele><time>2026-10-07T16:29:38Z</time><speed>1.690</speed><sat>34</sat></trkpt>
  <trkpt lat="41.68472319" lon="26.56079702"><ele>74.316</ele><time>2026-10-07T16:29:39Z</time><speed>1.990</speed><sat>35</sat></trkpt>
  <trkpt lat="41.68472130" lon="26.56077261"><ele>74.444</ele><time>2026-10-07T16:29:40Z</time><speed>1.580</speed><sat>35</sat></trkpt>
  <trkpt lat="41.68472067" lon="26.56075199"><ele>74.012</ele><time>2026-10-07T16:29:41Z</time><speed>1.540</speed><sat>35</sat></trkpt>
  <trkpt lat="41.68472259" lon="26.56073176"><ele>74.009</ele><time>2026-10-07T16:29:42Z</time><speed>1.560</speed><sat>35</sat></trkpt>
  <trkpt lat="41.68472520" lon="26.56071358"><ele>74.671</ele><time>2026-10-07T16:29:43Z</time><speed>1.340</speed><sat>35</sat></trkpt>
  <trkpt lat="41.68472802" lon="26.56069419"><ele>73.792</ele><time>2026-10-07T16:29:44Z</time><speed>1.560</speed><sat>35</sat></trkpt>
  <trkpt lat="41.68472950" lon="26.56067419"><ele>73.441</ele><time>2026-10-07T16:29:45Z</time><speed>1.610</speed><sat>34</sat></trkpt>
  <trkpt lat="41.68472945" lon="26.56065448"><ele>73.895</ele><time>2026-10-07T16:29:46Z</time><speed>1.570</speed><sat>34</sat></trkpt>
  <trkpt lat="41.68472984" lon="26.56063521"><ele>72.884</ele><time>2026-10-07T16:29:47Z</time><speed>1.520</speed><sat>34</sat></trkpt>
  <trkpt lat="41.68473285" lon="26.56061705"><ele>73.376</ele><time>2026-10-07T16:29:48Z</time><speed>1.400</speed><sat>34</sat></trkpt>
  <trkpt lat="41.68473900" lon="26.56060127"><ele>73.642</ele><time>2026-10-07T16:29:49Z</time><speed>1.340</speed><sat>34</sat></trkpt>
  <trkpt lat="41.68474639" lon="26.56058665"><ele>73.592</ele><time>2026-10-07T16:29:50Z</time><speed>1.370</speed><sat>34</sat></trkpt>
  <trkpt lat="41.68475544" lon="26.56057337"><ele>74.267</ele><time>2026-10-07T16:29:51Z</time><speed>1.340</speed><sat>35</sat></trkpt>
  <trkpt lat="41.68476239" lon="26.56056042"><ele>74.759</ele><time>2026-10-07T16:29:52Z</time><speed>1.150</speed><sat>35</sat></trkpt>
  <trkpt lat="41.68476800" lon="26.56055046"><ele>73.887</ele><time>2026-10-07T16:29:53Z</time><speed>0.910</speed><sat>35</sat></trkpt>
  <trkpt lat="41.68477145" lon="26.56054373"><ele>73.484</ele><time>2026-10-07T16:29:54Z</time><speed>0.400</speed><sat>35</sat></trkpt>
  <trkpt lat="41.68477573" lon="26.56053737"><ele>73.885</ele><time>2026-10-07T16:29:55Z</time><speed>0.660</speed><sat>34</sat></trkpt>
  <trkpt lat="41.68478447" lon="26.56052715"><ele>73.792</ele><time>2026-10-07T16:29:56Z</time><speed>1.300</speed><sat>34</sat></trkpt>
  <trkpt lat="41.68479489" lon="26.56051396"><ele>73.849</ele><time>2026-10-07T16:29:57Z</time><speed>1.270</speed><sat>34</sat></trkpt>
  <trkpt lat="41.68480444" lon="26.56049956"><ele>74.607</ele><time>2026-10-07T16:29:58Z</time><speed>1.100</speed><sat>34</sat></trkpt>
  <trkpt lat="41.68481320" lon="26.56048636"><ele>74.082</ele><time>2026-10-07T16:29:59Z</time><speed>1.100</speed><sat>33</sat></trkpt>
  <trkpt lat="41.68482243" lon="26.56047426"><ele>73.753</ele><time>2026-10-07T16:30:00Z</time><speed>1.140</speed><sat>33</sat></trkpt>
  <trkpt lat="41.68483280" lon="26.56046270"><ele>73.915</ele><time>2026-10-07T16:30:01Z</time><speed>1.200</speed><sat>33</sat></trkpt>
  <trkpt lat="41.68484394" lon="26.56045013"><ele>74.307</ele><time>2026-10-07T16:30:02Z</time><speed>1.270</speed><sat>34</sat></trkpt>
  <trkpt lat="41.68485629" lon="26.56043537"><ele>74.697</ele><time>2026-10-07T16:30:03Z</time><speed>1.560</speed><sat>34</sat></trkpt>
  <trkpt lat="41.68486717" lon="26.56042044"><ele>74.943</ele><time>2026-10-07T16:30:04Z</time><speed>1.330</speed><sat>34</sat></trkpt>
  <trkpt lat="41.68487800" lon="26.56040862"><ele>74.909</ele><time>2026-10-07T16:30:05Z</time><speed>1.420</speed><sat>34</sat></trkpt>
  <trkpt lat="41.68489159" lon="26.56039734"><ele>75.242</ele><time>2026-10-07T16:30:06Z</time><speed>1.570</speed><sat>34</sat></trkpt>
  <trkpt lat="41.68490480" lon="26.56038696"><ele>75.594</ele><time>2026-10-07T16:30:07Z</time><speed>1.420</speed><sat>34</sat></trkpt>
  <trkpt lat="41.68491718" lon="26.56037735"><ele>75.611</ele><time>2026-10-07T16:30:08Z</time><speed>1.330</speed><sat>34</sat></trkpt>
  <trkpt lat="41.68492960" lon="26.56036915"><ele>76.360</ele><time>2026-10-07T16:30:09Z</time><speed>1.350</speed><sat>34</sat></trkpt>
  <trkpt lat="41.68494258" lon="26.56035888"><ele>76.789</ele><time>2026-10-07T16:30:10Z</time><speed>1.440</speed><sat>34</sat></trkpt>
  <trkpt lat="41.68495425" lon="26.56034632"><ele>76.743</ele><time>2026-10-07T16:30:11Z</time><speed>1.380</speed><sat>34</sat></trkpt>
  <trkpt lat="41.68496546" lon="26.56033481"><ele>77.201</ele><time>2026-10-07T16:30:12Z</time><speed>1.350</speed><sat>34</sat></trkpt>
  <trkpt lat="41.68497635" lon="26.56032429"><ele>76.775</ele><time>2026-10-07T16:30:13Z</time><speed>1.350</speed><sat>34</sat></trkpt>
  <trkpt lat="41.68498623" lon="26.56031486"><ele>77.046</ele><time>2026-10-07T16:30:14Z</time><speed>1.310</speed><sat>34</sat></trkpt>
  <trkpt lat="41.68499707" lon="26.56030661"><ele>76.844</ele><time>2026-10-07T16:30:15Z</time><speed>1.340</speed><sat>34</sat></trkpt>
  <trkpt lat="41.68500637" lon="26.56029847"><ele>76.604</ele><time>2026-10-07T16:30:16Z</time><speed>1.020</speed><sat>35</sat></trkpt>
  <trkpt lat="41.68501579" lon="26.56028951"><ele>76.568</ele><time>2026-10-07T16:30:17Z</time><speed>1.250</speed><sat>35</sat></trkpt>
  <trkpt lat="41.68502735" lon="26.56028013"><ele>76.606</ele><time>2026-10-07T16:30:18Z</time><speed>1.390</speed><sat>35</sat></trkpt>
  <trkpt lat="41.68504102" lon="26.56027098"><ele>76.237</ele><time>2026-10-07T16:30:19Z</time><speed>1.540</speed><sat>35</sat></trkpt>
  <trkpt lat="41.68505351" lon="26.56026300"><ele>75.597</ele><time>2026-10-07T16:30:20Z</time><speed>1.170</speed><sat>35</sat></trkpt>
  <trkpt lat="41.68506441" lon="26.56025544"><ele>75.325</ele><time>2026-10-07T16:30:21Z</time><speed>1.290</speed><sat>35</sat></trkpt>
  <trkpt lat="41.68507605" lon="26.56024560"><ele>75.972</ele><time>2026-10-07T16:30:22Z</time><speed>1.360</speed><sat>35</sat></trkpt>
  <trkpt lat="41.68508441" lon="26.56023581"><ele>75.528</ele><time>2026-10-07T16:30:23Z</time><speed>0.920</speed><sat>35</sat></trkpt>
  <trkpt lat="41.68509126" lon="26.56022613"><ele>75.403</ele><time>2026-10-07T16:30:24Z</time><speed>0.900</speed><sat>35</sat></trkpt>
  <trkpt lat="41.68509894" lon="26.56021595"><ele>75.609</ele><time>2026-10-07T16:30:25Z</time><speed>1.170</speed><sat>35</sat></trkpt>
  <trkpt lat="41.68510832" lon="26.56020645"><ele>76.057</ele><time>2026-10-07T16:30:26Z</time><speed>1.140</speed><sat>35</sat></trkpt>
  <trkpt lat="41.68511656" lon="26.56019827"><ele>76.031</ele><time>2026-10-07T16:30:27Z</time><speed>0.660</speed><sat>35</sat></trkpt>
  <trkpt lat="41.68512529" lon="26.56018821"><ele>76.460</ele><time>2026-10-07T16:30:28Z</time><speed>1.340</speed><sat>35</sat></trkpt>
  <trkpt lat="41.68513501" lon="26.56017656"><ele>76.323</ele><time>2026-10-07T16:30:29Z</time><speed>1.150</speed><sat>35</sat></trkpt>
  <trkpt lat="41.68514643" lon="26.56016537"><ele>76.818</ele><time>2026-10-07T16:30:30Z</time><speed>1.550</speed><sat>35</sat></trkpt>
  <trkpt lat="41.68515889" lon="26.56015546"><ele>77.752</ele><time>2026-10-07T16:30:31Z</time><speed>1.340</speed><sat>35</sat></trkpt>
  <trkpt lat="41.68517040" lon="26.56014670"><ele>76.930</ele><time>2026-10-07T16:30:32Z</time><speed>1.290</speed><sat>35</sat></trkpt>
  <trkpt lat="41.68518304" lon="26.56013704"><ele>76.338</ele><time>2026-10-07T16:30:33Z</time><speed>1.370</speed><sat>35</sat></trkpt>
  <trkpt lat="41.68519443" lon="26.56012805"><ele>75.157</ele><time>2026-10-07T16:30:34Z</time><speed>1.290</speed><sat>35</sat></trkpt>
  <trkpt lat="41.68520545" lon="26.56011971"><ele>75.619</ele><time>2026-10-07T16:30:35Z</time><speed>1.310</speed><sat>35</sat></trkpt>
  <trkpt lat="41.68521728" lon="26.56011096"><ele>75.334</ele><time>2026-10-07T16:30:36Z</time><speed>1.290</speed><sat>35</sat></trkpt>
  <trkpt lat="41.68523031" lon="26.56010331"><ele>75.254</ele><time>2026-10-07T16:30:37Z</time><speed>1.360</speed><sat>35</sat></trkpt>
  <trkpt lat="41.68524036" lon="26.56009675"><ele>76.417</ele><time>2026-10-07T16:30:38Z</time><speed>0.580</speed><sat>35</sat></trkpt>
  <trkpt lat="41.68525055" lon="26.56009020"><ele>76.643</ele><time>2026-10-07T16:30:39Z</time><speed>1.190</speed><sat>35</sat></trkpt>
  <trkpt lat="41.68526159" lon="26.56008054"><ele>76.083</ele><time>2026-10-07T16:30:40Z</time><speed>1.230</speed><sat>34</sat></trkpt>
  <trkpt lat="41.68527342" lon="26.56007074"><ele>76.271</ele><time>2026-10-07T16:30:41Z</time><speed>1.240</speed><sat>34</sat></trkpt>
  <trkpt lat="41.68528658" lon="26.56006190"><ele>77.439</ele><time>2026-10-07T16:30:42Z</time><speed>1.300</speed><sat>34</sat></trkpt>
  <trkpt lat="41.68529984" lon="26.56005189"><ele>78.179</ele><time>2026-10-07T16:30:43Z</time><speed>1.350</speed><sat>35</sat></trkpt>
  <trkpt lat="41.68531169" lon="26.56004129"><ele>78.005</ele><time>2026-10-07T16:30:44Z</time><speed>1.320</speed><sat>35</sat></trkpt>
  <trkpt lat="41.68532250" lon="26.56002926"><ele>77.927</ele><time>2026-10-07T16:30:45Z</time><speed>1.400</speed><sat>35</sat></trkpt>
  <trkpt lat="41.68533377" lon="26.56001587"><ele>78.268</ele><time>2026-10-07T16:30:46Z</time><speed>1.420</speed><sat>35</sat></trkpt>
  <trkpt lat="41.68534618" lon="26.56000402"><ele>77.920</ele><time>2026-10-07T16:30:47Z</time><speed>1.400</speed><sat>35</sat></trkpt>
  <trkpt lat="41.68535966" lon="26.55999496"><ele>78.120</ele><time>2026-10-07T16:30:48Z</time><speed>1.410</speed><sat>35</sat></trkpt>
  <trkpt lat="41.68537433" lon="26.55998635"><ele>77.330</ele><time>2026-10-07T16:30:49Z</time><speed>1.450</speed><sat>35</sat></trkpt>
  <trkpt lat="41.68538819" lon="26.55997713"><ele>77.685</ele><time>2026-10-07T16:30:50Z</time><speed>1.440</speed><sat>35</sat></trkpt>
  <trkpt lat="41.68540271" lon="26.55996699"><ele>77.013</ele><time>2026-10-07T16:30:51Z</time><speed>1.540</speed><sat>35</sat></trkpt>
  <trkpt lat="41.68541562" lon="26.55995534"><ele>76.557</ele><time>2026-10-07T16:30:52Z</time><speed>1.500</speed><sat>35</sat></trkpt>
  <trkpt lat="41.68542442" lon="26.55994188"><ele>76.342</ele><time>2026-10-07T16:30:53Z</time><speed>1.450</speed><sat>35</sat></trkpt>
  <trkpt lat="41.68542908" lon="26.55992629"><ele>76.441</ele><time>2026-10-07T16:30:54Z</time><speed>1.440</speed><sat>35</sat></trkpt>
  <trkpt lat="41.68543550" lon="26.55990771"><ele>77.304</ele><time>2026-10-07T16:30:55Z</time><speed>1.710</speed><sat>34</sat></trkpt>
  <trkpt lat="41.68544578" lon="26.55989661"><ele>76.713</ele><time>2026-10-07T16:30:56Z</time><speed>1.340</speed><sat>34</sat></trkpt>
  <trkpt lat="41.68546100" lon="26.55988877"><ele>76.571</ele><time>2026-10-07T16:30:57Z</time><speed>1.730</speed><sat>34</sat></trkpt>
  <trkpt lat="41.68547436" lon="26.55988213"><ele>76.445</ele><time>2026-10-07T16:30:58Z</time><speed>1.310</speed><sat>34</sat></trkpt>
  <trkpt lat="41.68548738" lon="26.55987589"><ele>76.262</ele><time>2026-10-07T16:30:59Z</time><speed>1.390</speed><sat>34</sat></trkpt>
  <trkpt lat="41.68549997" lon="26.55986319"><ele>75.316</ele><time>2026-10-07T16:31:00Z</time><speed>1.990</speed><sat>34</sat></trkpt>
  <trkpt lat="41.68551266" lon="26.55985026"><ele>75.361</ele><time>2026-10-07T16:31:01Z</time><speed>1.550</speed><sat>34</sat></trkpt>
  <trkpt lat="41.68552495" lon="26.55984053"><ele>75.513</ele><time>2026-10-07T16:31:02Z</time><speed>1.490</speed><sat>34</sat></trkpt>
  <trkpt lat="41.68553697" lon="26.55983264"><ele>75.313</ele><time>2026-10-07T16:31:03Z</time><speed>1.360</speed><sat>34</sat></trkpt>
  <trkpt lat="41.68554678" lon="26.55982913"><ele>74.737</ele><time>2026-10-07T16:31:04Z</time><speed>0.950</speed><sat>34</sat></trkpt>
  <trkpt lat="41.68555669" lon="26.55982488"><ele>74.737</ele><time>2026-10-07T16:31:05Z</time><speed>1.360</speed><sat>34</sat></trkpt>
  <trkpt lat="41.68556895" lon="26.55981949"><ele>75.383</ele><time>2026-10-07T16:31:06Z</time><speed>1.380</speed><sat>34</sat></trkpt>
  <trkpt lat="41.68558224" lon="26.55981511"><ele>74.729</ele><time>2026-10-07T16:31:07Z</time><speed>1.500</speed><sat>34</sat></trkpt>
  <trkpt lat="41.68559738" lon="26.55980992"><ele>75.309</ele><time>2026-10-07T16:31:08Z</time><speed>1.610</speed><sat>35</sat></trkpt>
  <trkpt lat="41.68561151" lon="26.55980449"><ele>75.674</ele><time>2026-10-07T16:31:09Z</time><speed>1.500</speed><sat>35</sat></trkpt>
  <trkpt lat="41.68562404" lon="26.55979693"><ele>75.282</ele><time>2026-10-07T16:31:10Z</time><speed>1.510</speed><sat>35</sat></trkpt>
  <trkpt lat="41.68563814" lon="26.55978703"><ele>75.789</ele><time>2026-10-07T16:31:11Z</time><speed>1.820</speed><sat>35</sat></trkpt>
  <trkpt lat="41.68565178" lon="26.55977797"><ele>75.827</ele><time>2026-10-07T16:31:12Z</time><speed>1.510</speed><sat>35</sat></trkpt>
  <trkpt lat="41.68566511" lon="26.55977148"><ele>75.432</ele><time>2026-10-07T16:31:13Z</time><speed>1.600</speed><sat>35</sat></trkpt>
  <trkpt lat="41.68567979" lon="26.55976718"><ele>75.477</ele><time>2026-10-07T16:31:14Z</time><speed>1.600</speed><sat>35</sat></trkpt>
  <trkpt lat="41.68569383" lon="26.55976294"><ele>75.459</ele><time>2026-10-07T16:31:15Z</time><speed>1.570</speed><sat>35</sat></trkpt>
  <trkpt lat="41.68570711" lon="26.55975790"><ele>75.550</ele><time>2026-10-07T16:31:16Z</time><speed>1.550</speed><sat>35</sat></trkpt>
  <trkpt lat="41.68572099" lon="26.55975072"><ele>75.504</ele><time>2026-10-07T16:31:17Z</time><speed>1.650</speed><sat>33</sat></trkpt>
  <trkpt lat="41.68573572" lon="26.55974340"><ele>75.853</ele><time>2026-10-07T16:31:18Z</time><speed>1.670</speed><sat>32</sat></trkpt>
  <trkpt lat="41.68575016" lon="26.55973522"><ele>76.345</ele><time>2026-10-07T16:31:19Z</time><speed>1.660</speed><sat>33</sat></trkpt>
  <trkpt lat="41.68576441" lon="26.55972524"><ele>75.993</ele><time>2026-10-07T16:31:20Z</time><speed>1.670</speed><sat>33</sat></trkpt>
  <trkpt lat="41.68577679" lon="26.55971519"><ele>75.760</ele><time>2026-10-07T16:31:21Z</time><speed>1.650</speed><sat>35</sat></trkpt>
  <trkpt lat="41.68578986" lon="26.55970506"><ele>74.844</ele><time>2026-10-07T16:31:22Z</time><speed>1.640</speed><sat>35</sat></trkpt>
  <trkpt lat="41.68580262" lon="26.55969481"><ele>75.511</ele><time>2026-10-07T16:31:23Z</time><speed>1.640</speed><sat>35</sat></trkpt>
  <trkpt lat="41.68581444" lon="26.55968615"><ele>74.974</ele><time>2026-10-07T16:31:24Z</time><speed>1.580</speed><sat>35</sat></trkpt>
  <trkpt lat="41.68582728" lon="26.55967697"><ele>74.473</ele><time>2026-10-07T16:31:25Z</time><speed>1.770</speed><sat>35</sat></trkpt>
  <trkpt lat="41.68583910" lon="26.55966597"><ele>74.197</ele><time>2026-10-07T16:31:26Z</time><speed>1.610</speed><sat>35</sat></trkpt>
  <trkpt lat="41.68585079" lon="26.55965487"><ele>73.894</ele><time>2026-10-07T16:31:27Z</time><speed>1.620</speed><sat>35</sat></trkpt>
  <trkpt lat="41.68586375" lon="26.55964058"><ele>74.843</ele><time>2026-10-07T16:31:28Z</time><speed>1.930</speed><sat>35</sat></trkpt>
  <trkpt lat="41.68587574" lon="26.55962869"><ele>74.682</ele><time>2026-10-07T16:31:29Z</time><speed>1.340</speed><sat>35</sat></trkpt>
  <trkpt lat="41.68588540" lon="26.55961914"><ele>74.944</ele><time>2026-10-07T16:31:30Z</time><speed>1.430</speed><sat>35</sat></trkpt>
  <trkpt lat="41.68589604" lon="26.55960999"><ele>73.863</ele><time>2026-10-07T16:31:31Z</time><speed>1.450</speed><sat>35</sat></trkpt>
  <trkpt lat="41.68590659" lon="26.55960158"><ele>73.761</ele><time>2026-10-07T16:31:32Z</time><speed>1.400</speed><sat>35</sat></trkpt>
  <trkpt lat="41.68591842" lon="26.55959315"><ele>74.183</ele><time>2026-10-07T16:31:33Z</time><speed>1.550</speed><sat>35</sat></trkpt>
  <trkpt lat="41.68593240" lon="26.55958570"><ele>73.980</ele><time>2026-10-07T16:31:34Z</time><speed>1.580</speed><sat>35</sat></trkpt>
  <trkpt lat="41.68594591" lon="26.55957952"><ele>74.647</ele><time>2026-10-07T16:31:35Z</time><speed>1.480</speed><sat>35</sat></trkpt>
  <trkpt lat="41.68595928" lon="26.55957336"><ele>74.595</ele><time>2026-10-07T16:31:36Z</time><speed>1.490</speed><sat>34</sat></trkpt>
  <trkpt lat="41.68597241" lon="26.55956843"><ele>74.911</ele><time>2026-10-07T16:31:37Z</time><speed>1.500</speed><sat>35</sat></trkpt>
  <trkpt lat="41.68598507" lon="26.55956299"><ele>75.034</ele><time>2026-10-07T16:31:38Z</time><speed>1.490</speed><sat>35</sat></trkpt>
  <trkpt lat="41.68599819" lon="26.55955497"><ele>74.792</ele><time>2026-10-07T16:31:39Z</time><speed>1.700</speed><sat>35</sat></trkpt>
  <trkpt lat="41.68601113" lon="26.55954311"><ele>74.431</ele><time>2026-10-07T16:31:40Z</time><speed>1.660</speed><sat>35</sat></trkpt>
  <trkpt lat="41.68602315" lon="26.55952970"><ele>74.454</ele><time>2026-10-07T16:31:41Z</time><speed>1.700</speed><sat>35</sat></trkpt>
  <trkpt lat="41.68603646" lon="26.55951760"><ele>74.283</ele><time>2026-10-07T16:31:42Z</time><speed>1.740</speed><sat>35</sat></trkpt>
  <trkpt lat="41.68605091" lon="26.55950430"><ele>74.879</ele><time>2026-10-07T16:31:43Z</time><speed>1.810</speed><sat>35</sat></trkpt>
  <trkpt lat="41.68606252" lon="26.55949737"><ele>73.689</ele><time>2026-10-07T16:31:44Z</time><speed>1.040</speed><sat>35</sat></trkpt>
  <trkpt lat="41.68607431" lon="26.55949263"><ele>75.184</ele><time>2026-10-07T16:31:45Z</time><speed>1.480</speed><sat>35</sat></trkpt>
  <trkpt lat="41.68608773" lon="26.55948705"><ele>75.367</ele><time>2026-10-07T16:31:46Z</time><speed>1.500</speed><sat>35</sat></trkpt>
  <trkpt lat="41.68610133" lon="26.55948248"><ele>75.239</ele><time>2026-10-07T16:31:47Z</time><speed>1.500</speed><sat>35</sat></trkpt>
  <trkpt lat="41.68611452" lon="26.55947678"><ele>75.343</ele><time>2026-10-07T16:31:48Z</time><speed>1.540</speed><sat>35</sat></trkpt>
  <trkpt lat="41.68612587" lon="26.55946685"><ele>75.374</ele><time>2026-10-07T16:31:49Z</time><speed>1.570</speed><sat>35</sat></trkpt>
  <trkpt lat="41.68613658" lon="26.55945408"><ele>76.288</ele><time>2026-10-07T16:31:50Z</time><speed>1.360</speed><sat>34</sat></trkpt>
  <trkpt lat="41.68614603" lon="26.55944031"><ele>77.828</ele><time>2026-10-07T16:31:51Z</time><speed>1.380</speed><sat>34</sat></trkpt>
  <trkpt lat="41.68615530" lon="26.55942710"><ele>77.763</ele><time>2026-10-07T16:31:52Z</time><speed>1.370</speed><sat>34</sat></trkpt>
  <trkpt lat="41.68616515" lon="26.55941488"><ele>78.216</ele><time>2026-10-07T16:31:53Z</time><speed>1.350</speed><sat>34</sat></trkpt>
  <trkpt lat="41.68617324" lon="26.55940351"><ele>78.253</ele><time>2026-10-07T16:31:54Z</time><speed>1.350</speed><sat>35</sat></trkpt>
  <trkpt lat="41.68618211" lon="26.55939255"><ele>77.270</ele><time>2026-10-07T16:31:55Z</time><speed>1.390</speed><sat>35</sat></trkpt>
  <trkpt lat="41.68619231" lon="26.55938175"><ele>77.448</ele><time>2026-10-07T16:31:56Z</time><speed>1.400</speed><sat>35</sat></trkpt>
  <trkpt lat="41.68620317" lon="26.55937244"><ele>77.583</ele><time>2026-10-07T16:31:57Z</time><speed>1.390</speed><sat>35</sat></trkpt>
  <trkpt lat="41.68621566" lon="26.55936271"><ele>77.948</ele><time>2026-10-07T16:31:58Z</time><speed>1.500</speed><sat>35</sat></trkpt>
  <trkpt lat="41.68622844" lon="26.55935269"><ele>77.995</ele><time>2026-10-07T16:31:59Z</time><speed>1.510</speed><sat>35</sat></trkpt>
  <trkpt lat="41.68624105" lon="26.55934220"><ele>78.746</ele><time>2026-10-07T16:32:00Z</time><speed>1.530</speed><sat>35</sat></trkpt>
  <trkpt lat="41.68625221" lon="26.55933183"><ele>79.037</ele><time>2026-10-07T16:32:01Z</time><speed>1.480</speed><sat>35</sat></trkpt>
  <trkpt lat="41.68626508" lon="26.55932485"><ele>79.185</ele><time>2026-10-07T16:32:02Z</time><speed>1.590</speed><sat>35</sat></trkpt>
  <trkpt lat="41.68627839" lon="26.55932088"><ele>79.080</ele><time>2026-10-07T16:32:03Z</time><speed>1.440</speed><sat>35</sat></trkpt>
  <trkpt lat="41.68629421" lon="26.55931383"><ele>79.320</ele><time>2026-10-07T16:32:04Z</time><speed>1.890</speed><sat>35</sat></trkpt>
  <trkpt lat="41.68630938" lon="26.55930606"><ele>80.040</ele><time>2026-10-07T16:32:05Z</time><speed>1.440</speed><sat>35</sat></trkpt>
  <trkpt lat="41.68632150" lon="26.55929722"><ele>79.745</ele><time>2026-10-07T16:32:06Z</time><speed>1.460</speed><sat>35</sat></trkpt>
  <trkpt lat="41.68633131" lon="26.55928944"><ele>79.422</ele><time>2026-10-07T16:32:07Z</time><speed>1.130</speed><sat>35</sat></trkpt>
  <trkpt lat="41.68634002" lon="26.55928336"><ele>78.900</ele><time>2026-10-07T16:32:08Z</time><speed>1.160</speed><sat>35</sat></trkpt>
  <trkpt lat="41.68634993" lon="26.55927462"><ele>79.175</ele><time>2026-10-07T16:32:09Z</time><speed>1.420</speed><sat>35</sat></trkpt>
  <trkpt lat="41.68636266" lon="26.55926566"><ele>79.282</ele><time>2026-10-07T16:32:10Z</time><speed>1.530</speed><sat>35</sat></trkpt>
  <trkpt lat="41.68637745" lon="26.55925451"><ele>78.179</ele><time>2026-10-07T16:32:11Z</time><speed>1.810</speed><sat>35</sat></trkpt>
  <trkpt lat="41.68638987" lon="26.55924575"><ele>76.896</ele><time>2026-10-07T16:32:12Z</time><speed>1.340</speed><sat>35</sat></trkpt>
  <trkpt lat="41.68640222" lon="26.55924021"><ele>76.081</ele><time>2026-10-07T16:32:13Z</time><speed>1.470</speed><sat>35</sat></trkpt>
  <trkpt lat="41.68641495" lon="26.55923391"><ele>76.177</ele><time>2026-10-07T16:32:14Z</time><speed>1.480</speed><sat>35</sat></trkpt>
  <trkpt lat="41.68642709" lon="26.55922746"><ele>76.444</ele><time>2026-10-07T16:32:15Z</time><speed>1.460</speed><sat>35</sat></trkpt>
  <trkpt lat="41.68643837" lon="26.55922402"><ele>76.604</ele><time>2026-10-07T16:32:16Z</time><speed>1.150</speed><sat>34</sat></trkpt>
  <trkpt lat="41.68644793" lon="26.55922232"><ele>76.958</ele><time>2026-10-07T16:32:17Z</time><speed>0.990</speed><sat>35</sat></trkpt>
  <trkpt lat="41.68645691" lon="26.55921879"><ele>77.105</ele><time>2026-10-07T16:32:18Z</time><speed>1.160</speed><sat>35</sat></trkpt>
  <trkpt lat="41.68646824" lon="26.55921146"><ele>77.223</ele><time>2026-10-07T16:32:19Z</time><speed>1.390</speed><sat>35</sat></trkpt>
  <trkpt lat="41.68647934" lon="26.55920109"><ele>77.589</ele><time>2026-10-07T16:32:20Z</time><speed>1.370</speed><sat>35</sat></trkpt>
  <trkpt lat="41.68648752" lon="26.55919227"><ele>77.917</ele><time>2026-10-07T16:32:21Z</time><speed>0.730</speed><sat>34</sat></trkpt>
  <trkpt lat="41.68649420" lon="26.55918766"><ele>77.169</ele><time>2026-10-07T16:32:22Z</time><speed>0.300</speed><sat>34</sat></trkpt>
  <trkpt lat="41.68649976" lon="26.55917919"><ele>77.403</ele><time>2026-10-07T16:32:23Z</time><speed>0.830</speed><sat>34</sat></trkpt>
  <trkpt lat="41.68650483" lon="26.55916554"><ele>76.973</ele><time>2026-10-07T16:32:24Z</time><speed>1.230</speed><sat>34</sat></trkpt>
  <trkpt lat="41.68651084" lon="26.55915259"><ele>76.717</ele><time>2026-10-07T16:32:25Z</time><speed>1.080</speed><sat>35</sat></trkpt>
  <trkpt lat="41.68652439" lon="26.55914126"><ele>76.748</ele><time>2026-10-07T16:32:26Z</time><speed>1.760</speed><sat>35</sat></trkpt>
  <trkpt lat="41.68653868" lon="26.55913100"><ele>76.588</ele><time>2026-10-07T16:32:27Z</time><speed>1.160</speed><sat>35</sat></trkpt>
  <trkpt lat="41.68655072" lon="26.55912428"><ele>76.720</ele><time>2026-10-07T16:32:28Z</time><speed>1.140</speed><sat>35</sat></trkpt>
  <trkpt lat="41.68656193" lon="26.55911668"><ele>76.781</ele><time>2026-10-07T16:32:29Z</time><speed>1.230</speed><sat>35</sat></trkpt>
  <trkpt lat="41.68657336" lon="26.55911024"><ele>77.365</ele><time>2026-10-07T16:32:30Z</time><speed>1.180</speed><sat>35</sat></trkpt>
  <trkpt lat="41.68658769" lon="26.55910670"><ele>76.863</ele><time>2026-10-07T16:32:31Z</time><speed>1.430</speed><sat>35</sat></trkpt>
  <trkpt lat="41.68660280" lon="26.55910341"><ele>77.074</ele><time>2026-10-07T16:32:32Z</time><speed>1.480</speed><sat>35</sat></trkpt>
  <trkpt lat="41.68661922" lon="26.55909450"><ele>77.336</ele><time>2026-10-07T16:32:33Z</time><speed>1.930</speed><sat>35</sat></trkpt>
  <trkpt lat="41.68663591" lon="26.55908508"><ele>76.881</ele><time>2026-10-07T16:32:34Z</time><speed>1.640</speed><sat>35</sat></trkpt>
  <trkpt lat="41.68664943" lon="26.55907844"><ele>77.390</ele><time>2026-10-07T16:32:35Z</time><speed>1.320</speed><sat>35</sat></trkpt>
  <trkpt lat="41.68666530" lon="26.55907669"><ele>77.381</ele><time>2026-10-07T16:32:36Z</time><speed>1.990</speed><sat>35</sat></trkpt>
  <trkpt lat="41.68668082" lon="26.55907294"><ele>77.329</ele><time>2026-10-07T16:32:37Z</time><speed>1.300</speed><sat>34</sat></trkpt>
  <trkpt lat="41.68669267" lon="26.55906596"><ele>77.301</ele><time>2026-10-07T16:32:38Z</time><speed>1.410</speed><sat>32</sat></trkpt>
  <trkpt lat="41.68670431" lon="26.55905627"><ele>77.161</ele><time>2026-10-07T16:32:39Z</time><speed>1.470</speed><sat>33</sat></trkpt>
  <trkpt lat="41.68671162" lon="26.55904404"><ele>76.561</ele><time>2026-10-07T16:32:40Z</time><speed>1.170</speed><sat>33</sat></trkpt>
  <trkpt lat="41.68671638" lon="26.55903445"><ele>76.771</ele><time>2026-10-07T16:32:41Z</time><speed>0.710</speed><sat>33</sat></trkpt>
  <trkpt lat="41.68672624" lon="26.55902154"><ele>76.545</ele><time>2026-10-07T16:32:42Z</time><speed>1.900</speed><sat>33</sat></trkpt>
  <trkpt lat="41.68673666" lon="26.55900794"><ele>76.588</ele><time>2026-10-07T16:32:43Z</time><speed>1.340</speed><sat>33</sat></trkpt>
  <trkpt lat="41.68674567" lon="26.55899881"><ele>76.883</ele><time>2026-10-07T16:32:44Z</time><speed>1.260</speed><sat>33</sat></trkpt>
  <trkpt lat="41.68675743" lon="26.55898872"><ele>77.398</ele><time>2026-10-07T16:32:45Z</time><speed>1.800</speed><sat>33</sat></trkpt>
  <trkpt lat="41.68676615" lon="26.55898022"><ele>77.606</ele><time>2026-10-07T16:32:46Z</time><speed>0.720</speed><sat>33</sat></trkpt>
  <trkpt lat="41.68677171" lon="26.55897257"><ele>77.548</ele><time>2026-10-07T16:32:47Z</time><speed>0.990</speed><sat>33</sat></trkpt>
  <trkpt lat="41.68677874" lon="26.55896179"><ele>77.721</ele><time>2026-10-07T16:32:48Z</time><speed>1.370</speed><sat>32</sat></trkpt>
  <trkpt lat="41.68678612" lon="26.55894966"><ele>77.426</ele><time>2026-10-07T16:32:49Z</time><speed>1.250</speed><sat>32</sat></trkpt>
  <trkpt lat="41.68679192" lon="26.55893910"><ele>77.599</ele><time>2026-10-07T16:32:50Z</time><speed>1.110</speed><sat>32</sat></trkpt>
  <trkpt lat="41.68679974" lon="26.55892891"><ele>76.869</ele><time>2026-10-07T16:32:51Z</time><speed>1.490</speed><sat>32</sat></trkpt>
  <trkpt lat="41.68681217" lon="26.55891878"><ele>76.128</ele><time>2026-10-07T16:32:52Z</time><speed>1.660</speed><sat>31</sat></trkpt>
  <trkpt lat="41.68682603" lon="26.55891201"><ele>75.453</ele><time>2026-10-07T16:32:53Z</time><speed>1.520</speed><sat>33</sat></trkpt>
  <trkpt lat="41.68683770" lon="26.55890748"><ele>75.142</ele><time>2026-10-07T16:32:54Z</time><speed>1.260</speed><sat>34</sat></trkpt>
  <trkpt lat="41.68685031" lon="26.55890272"><ele>75.420</ele><time>2026-10-07T16:32:55Z</time><speed>1.500</speed><sat>34</sat></trkpt>
  <trkpt lat="41.68686304" lon="26.55889601"><ele>75.589</ele><time>2026-10-07T16:32:56Z</time><speed>1.470</speed><sat>34</sat></trkpt>
  <trkpt lat="41.68687942" lon="26.55888599"><ele>75.228</ele><time>2026-10-07T16:32:57Z</time><speed>2.080</speed><sat>34</sat></trkpt>
  <trkpt lat="41.68689573" lon="26.55887534"><ele>74.980</ele><time>2026-10-07T16:32:58Z</time><speed>1.720</speed><sat>34</sat></trkpt>
  <trkpt lat="41.68691043" lon="26.55886206"><ele>74.145</ele><time>2026-10-07T16:32:59Z</time><speed>2.030</speed><sat>34</sat></trkpt>
  <trkpt lat="41.68692508" lon="26.55884808"><ele>73.956</ele><time>2026-10-07T16:33:00Z</time><speed>2.010</speed><sat>34</sat></trkpt>
  <trkpt lat="41.68693614" lon="26.55883774"><ele>74.892</ele><time>2026-10-07T16:33:01Z</time><speed>1.390</speed><sat>34</sat></trkpt>
  <trkpt lat="41.68694492" lon="26.55883144"><ele>74.839</ele><time>2026-10-07T16:33:02Z</time><speed>1.390</speed><sat>34</sat></trkpt>
  <trkpt lat="41.68695540" lon="26.55882634"><ele>74.938</ele><time>2026-10-07T16:33:03Z</time><speed>1.510</speed><sat>34</sat></trkpt>
  <trkpt lat="41.68696644" lon="26.55882146"><ele>74.707</ele><time>2026-10-07T16:33:04Z</time><speed>1.480</speed><sat>34</sat></trkpt>
  <trkpt lat="41.68697781" lon="26.55881652"><ele>74.798</ele><time>2026-10-07T16:33:05Z</time><speed>1.540</speed><sat>34</sat></trkpt>
  <trkpt lat="41.68698993" lon="26.55881213"><ele>74.716</ele><time>2026-10-07T16:33:06Z</time><speed>1.560</speed><sat>34</sat></trkpt>
  <trkpt lat="41.68700160" lon="26.55880845"><ele>74.924</ele><time>2026-10-07T16:33:07Z</time><speed>1.480</speed><sat>34</sat></trkpt>
  <trkpt lat="41.68701169" lon="26.55880480"><ele>75.341</ele><time>2026-10-07T16:33:08Z</time><speed>1.320</speed><sat>34</sat></trkpt>
  <trkpt lat="41.68701741" lon="26.55880232"><ele>75.375</ele><time>2026-10-07T16:33:09Z</time><speed>0.470</speed><sat>34</sat></trkpt>
  <trkpt lat="41.68701661" lon="26.55880320"><ele>75.373</ele><time>2026-10-07T16:33:10Z</time><speed>0.000</speed><sat>34</sat></trkpt>
  <trkpt lat="41.68701544" lon="26.55880390"><ele>75.365</ele><time>2026-10-07T16:33:11Z</time><speed>0.000</speed><sat>34</sat></trkpt>
  <trkpt lat="41.68701498" lon="26.55880404"><ele>75.358</ele><time>2026-10-07T16:33:12Z</time><speed>0.000</speed><sat>34</sat></trkpt>
  <trkpt lat="41.68701925" lon="26.55880293"><ele>75.146</ele><time>2026-10-07T16:33:13Z</time><speed>0.700</speed><sat>34</sat></trkpt>
  <trkpt lat="41.68702717" lon="26.55879667"><ele>75.403</ele><time>2026-10-07T16:33:14Z</time><speed>1.320</speed><sat>34</sat></trkpt>
  <trkpt lat="41.68703646" lon="26.55878722"><ele>75.919</ele><time>2026-10-07T16:33:15Z</time><speed>1.410</speed><sat>34</sat></trkpt>
  <trkpt lat="41.68704531" lon="26.55877961"><ele>75.791</ele><time>2026-10-07T16:33:16Z</time><speed>1.170</speed><sat>34</sat></trkpt>
  <trkpt lat="41.68705448" lon="26.55877199"><ele>76.473</ele><time>2026-10-07T16:33:17Z</time><speed>1.530</speed><sat>34</sat></trkpt>
  <trkpt lat="41.68706671" lon="26.55876494"><ele>76.661</ele><time>2026-10-07T16:33:18Z</time><speed>1.620</speed><sat>34</sat></trkpt>
  <trkpt lat="41.68708130" lon="26.55875626"><ele>75.786</ele><time>2026-10-07T16:33:19Z</time><speed>1.960</speed><sat>34</sat></trkpt>
  <trkpt lat="41.68709747" lon="26.55874557"><ele>75.074</ele><time>2026-10-07T16:33:20Z</time><speed>2.080</speed><sat>34</sat></trkpt>
  <trkpt lat="41.68712226" lon="26.55873467"><ele>75.172</ele><time>2026-10-07T16:33:21Z</time><speed>3.340</speed><sat>34</sat></trkpt>
  <trkpt lat="41.68714109" lon="26.55872628"><ele>74.825</ele><time>2026-10-07T16:33:22Z</time><speed>1.690</speed><sat>34</sat></trkpt>
  <trkpt lat="41.68715157" lon="26.55872143"><ele>73.870</ele><time>2026-10-07T16:33:23Z</time><speed>1.680</speed><sat>34</sat></trkpt>
  <trkpt lat="41.68716186" lon="26.55871412"><ele>74.623</ele><time>2026-10-07T16:33:24Z</time><speed>1.720</speed><sat>34</sat></trkpt>
  <trkpt lat="41.68717364" lon="26.55870416"><ele>74.858</ele><time>2026-10-07T16:33:25Z</time><speed>1.990</speed><sat>34</sat></trkpt>
  <trkpt lat="41.68718398" lon="26.55869543"><ele>74.593</ele><time>2026-10-07T16:33:26Z</time><speed>1.580</speed><sat>34</sat></trkpt>
  <trkpt lat="41.68719299" lon="26.55868795"><ele>74.390</ele><time>2026-10-07T16:33:27Z</time><speed>1.750</speed><sat>34</sat></trkpt>
  <trkpt lat="41.68720355" lon="26.55867820"><ele>73.957</ele><time>2026-10-07T16:33:28Z</time><speed>1.970</speed><sat>34</sat></trkpt>
  <trkpt lat="41.68721347" lon="26.55866781"><ele>73.755</ele><time>2026-10-07T16:33:29Z</time><speed>1.770</speed><sat>34</sat></trkpt>
  <trkpt lat="41.68722315" lon="26.55865659"><ele>74.112</ele><time>2026-10-07T16:33:30Z</time><speed>1.790</speed><sat>34</sat></trkpt>
  <trkpt lat="41.68722829" lon="26.55865283"><ele>73.442</ele><time>2026-10-07T16:33:31Z</time><speed>0.520</speed><sat>34</sat></trkpt>
  <trkpt lat="41.68723156" lon="26.55865369"><ele>72.912</ele><time>2026-10-07T16:33:32Z</time><speed>0.720</speed><sat>34</sat></trkpt>
  <trkpt lat="41.68723857" lon="26.55865304"><ele>73.138</ele><time>2026-10-07T16:33:33Z</time><speed>1.170</speed><sat>34</sat></trkpt>
  <trkpt lat="41.68724923" lon="26.55864668"><ele>74.274</ele><time>2026-10-07T16:33:34Z</time><speed>1.860</speed><sat>34</sat></trkpt>
  <trkpt lat="41.68726153" lon="26.55863408"><ele>74.893</ele><time>2026-10-07T16:33:35Z</time><speed>1.840</speed><sat>34</sat></trkpt>
  <trkpt lat="41.68727183" lon="26.55862021"><ele>75.125</ele><time>2026-10-07T16:33:36Z</time><speed>1.670</speed><sat>34</sat></trkpt>
  <trkpt lat="41.68727881" lon="26.55860683"><ele>75.631</ele><time>2026-10-07T16:33:37Z</time><speed>1.480</speed><sat>34</sat></trkpt>
  <trkpt lat="41.68728756" lon="26.55859800"><ele>75.506</ele><time>2026-10-07T16:33:38Z</time><speed>1.460</speed><sat>34</sat></trkpt>
  <trkpt lat="41.68729759" lon="26.55859046"><ele>75.710</ele><time>2026-10-07T16:33:39Z</time><speed>1.480</speed><sat>34</sat></trkpt>
  <trkpt lat="41.68730939" lon="26.55858737"><ele>76.956</ele><time>2026-10-07T16:33:40Z</time><speed>1.450</speed><sat>34</sat></trkpt>
  <trkpt lat="41.68732369" lon="26.55858249"><ele>77.986</ele><time>2026-10-07T16:33:41Z</time><speed>1.670</speed><sat>34</sat></trkpt>
  <trkpt lat="41.68733790" lon="26.55857696"><ele>77.459</ele><time>2026-10-07T16:33:42Z</time><speed>1.620</speed><sat>34</sat></trkpt>
  <trkpt lat="41.68735264" lon="26.55857222"><ele>77.839</ele><time>2026-10-07T16:33:43Z</time><speed>1.690</speed><sat>34</sat></trkpt>
  <trkpt lat="41.68736597" lon="26.55856904"><ele>77.434</ele><time>2026-10-07T16:33:44Z</time><speed>1.470</speed><sat>34</sat></trkpt>
  <trkpt lat="41.68737855" lon="26.55856735"><ele>77.594</ele><time>2026-10-07T16:33:45Z</time><speed>1.520</speed><sat>34</sat></trkpt>
  <trkpt lat="41.68738974" lon="26.55856522"><ele>77.034</ele><time>2026-10-07T16:33:46Z</time><speed>1.400</speed><sat>34</sat></trkpt>
  <trkpt lat="41.68740031" lon="26.55856252"><ele>76.947</ele><time>2026-10-07T16:33:47Z</time><speed>1.470</speed><sat>34</sat></trkpt>
  <trkpt lat="41.68741164" lon="26.55856376"><ele>77.542</ele><time>2026-10-07T16:33:48Z</time><speed>1.520</speed><sat>34</sat></trkpt>
  <trkpt lat="41.68742232" lon="26.55856366"><ele>77.003</ele><time>2026-10-07T16:33:49Z</time><speed>1.420</speed><sat>34</sat></trkpt>
  <trkpt lat="41.68743215" lon="26.55856414"><ele>77.201</ele><time>2026-10-07T16:33:50Z</time><speed>1.270</speed><sat>34</sat></trkpt>
  <trkpt lat="41.68744219" lon="26.55855561"><ele>77.806</ele><time>2026-10-07T16:33:51Z</time><speed>1.680</speed><sat>33</sat></trkpt>
  <trkpt lat="41.68745660" lon="26.55854575"><ele>77.142</ele><time>2026-10-07T16:33:52Z</time><speed>1.940</speed><sat>33</sat></trkpt>
  <trkpt lat="41.68746887" lon="26.55853311"><ele>77.292</ele><time>2026-10-07T16:33:53Z</time><speed>1.670</speed><sat>33</sat></trkpt>
  <trkpt lat="41.68748101" lon="26.55851800"><ele>77.041</ele><time>2026-10-07T16:33:54Z</time><speed>1.950</speed><sat>33</sat></trkpt>
  <trkpt lat="41.68749237" lon="26.55850200"><ele>76.715</ele><time>2026-10-07T16:33:55Z</time><speed>1.750</speed><sat>32</sat></trkpt>
  <trkpt lat="41.68750631" lon="26.55849646"><ele>75.252</ele><time>2026-10-07T16:33:56Z</time><speed>1.990</speed><sat>32</sat></trkpt>
  <trkpt lat="41.68751961" lon="26.55849716"><ele>74.661</ele><time>2026-10-07T16:33:57Z</time><speed>1.190</speed><sat>33</sat></trkpt>
  <trkpt lat="41.68753235" lon="26.55850244"><ele>73.956</ele><time>2026-10-07T16:33:58Z</time><speed>1.350</speed><sat>34</sat></trkpt>
  <trkpt lat="41.68754423" lon="26.55850918"><ele>74.291</ele><time>2026-10-07T16:33:59Z</time><speed>1.290</speed><sat>34</sat></trkpt>
  <trkpt lat="41.68755523" lon="26.55851582"><ele>74.394</ele><time>2026-10-07T16:34:00Z</time><speed>1.270</speed><sat>34</sat></trkpt>
  <trkpt lat="41.68756120" lon="26.55852061"><ele>74.032</ele><time>2026-10-07T16:34:01Z</time><speed>0.200</speed><sat>34</sat></trkpt>
  <trkpt lat="41.68756166" lon="26.55852598"><ele>73.935</ele><time>2026-10-07T16:34:02Z</time><speed>0.000</speed><sat>34</sat></trkpt>
  <trkpt lat="41.68756145" lon="26.55852737"><ele>74.012</ele><time>2026-10-07T16:34:03Z</time><speed>0.000</speed><sat>34</sat></trkpt>
  <trkpt lat="41.68755780" lon="26.55851865"><ele>73.441</ele><time>2026-10-07T16:34:04Z</time><speed>1.410</speed><sat>34</sat></trkpt>
  <trkpt lat="41.68755475" lon="26.55850530"><ele>73.315</ele><time>2026-10-07T16:34:05Z</time><speed>1.140</speed><sat>34</sat></trkpt>
  <trkpt lat="41.68755261" lon="26.55849423"><ele>73.454</ele><time>2026-10-07T16:34:06Z</time><speed>1.190</speed><sat>34</sat></trkpt>
  <trkpt lat="41.68755454" lon="26.55847648"><ele>73.599</ele><time>2026-10-07T16:34:07Z</time><speed>1.970</speed><sat>33</sat></trkpt>
  <trkpt lat="41.68755901" lon="26.55845694"><ele>73.819</ele><time>2026-10-07T16:34:08Z</time><speed>1.560</speed><sat>33</sat></trkpt>
  <trkpt lat="41.68756740" lon="26.55844041"><ele>74.258</ele><time>2026-10-07T16:34:09Z</time><speed>1.680</speed><sat>32</sat></trkpt>
  <trkpt lat="41.68757668" lon="26.55842484"><ele>73.932</ele><time>2026-10-07T16:34:10Z</time><speed>1.470</speed><sat>33</sat></trkpt>
  <trkpt lat="41.68758424" lon="26.55840881"><ele>73.336</ele><time>2026-10-07T16:34:11Z</time><speed>1.600</speed><sat>34</sat></trkpt>
  <trkpt lat="41.68758950" lon="26.55839078"><ele>73.024</ele><time>2026-10-07T16:34:12Z</time><speed>1.730</speed><sat>34</sat></trkpt>
  <trkpt lat="41.68759078" lon="26.55837593"><ele>72.473</ele><time>2026-10-07T16:34:13Z</time><speed>1.140</speed><sat>34</sat></trkpt>
  <trkpt lat="41.68759309" lon="26.55836366"><ele>72.617</ele><time>2026-10-07T16:34:14Z</time><speed>1.240</speed><sat>34</sat></trkpt>
  <trkpt lat="41.68759573" lon="26.55834843"><ele>72.871</ele><time>2026-10-07T16:34:15Z</time><speed>1.510</speed><sat>34</sat></trkpt>
  <trkpt lat="41.68759790" lon="26.55833295"><ele>72.852</ele><time>2026-10-07T16:34:16Z</time><speed>1.360</speed><sat>34</sat></trkpt>
  <trkpt lat="41.68760050" lon="26.55831942"><ele>72.342</ele><time>2026-10-07T16:34:17Z</time><speed>1.270</speed><sat>34</sat></trkpt>
  <trkpt lat="41.68760528" lon="26.55830701"><ele>72.312</ele><time>2026-10-07T16:34:18Z</time><speed>1.250</speed><sat>34</sat></trkpt>
  <trkpt lat="41.68761238" lon="26.55829598"><ele>72.531</ele><time>2026-10-07T16:34:19Z</time><speed>1.250</speed><sat>34</sat></trkpt>
  <trkpt lat="41.68762139" lon="26.55828648"><ele>71.668</ele><time>2026-10-07T16:34:20Z</time><speed>1.070</speed><sat>34</sat></trkpt>
  <trkpt lat="41.68763573" lon="26.55827886"><ele>71.183</ele><time>2026-10-07T16:34:21Z</time><speed>1.450</speed><sat>32</sat></trkpt>
  <trkpt lat="41.68765207" lon="26.55826992"><ele>70.907</ele><time>2026-10-07T16:34:22Z</time><speed>1.770</speed><sat>32</sat></trkpt>
  <trkpt lat="41.68766489" lon="26.55826591"><ele>70.796</ele><time>2026-10-07T16:34:23Z</time><speed>0.740</speed><sat>33</sat></trkpt>
  <trkpt lat="41.68767492" lon="26.55826541"><ele>71.517</ele><time>2026-10-07T16:34:24Z</time><speed>0.750</speed><sat>34</sat></trkpt>
  <trkpt lat="41.68768427" lon="26.55826938"><ele>72.494</ele><time>2026-10-07T16:34:25Z</time><speed>0.960</speed><sat>34</sat></trkpt>
  <trkpt lat="41.68769395" lon="26.55827567"><ele>72.521</ele><time>2026-10-07T16:34:26Z</time><speed>0.930</speed><sat>34</sat></trkpt>
  <trkpt lat="41.68770151" lon="26.55828461"><ele>72.348</ele><time>2026-10-07T16:34:27Z</time><speed>0.700</speed><sat>34</sat></trkpt>
  <trkpt lat="41.68770937" lon="26.55829348"><ele>72.582</ele><time>2026-10-07T16:34:28Z</time><speed>0.730</speed><sat>34</sat></trkpt>
  <trkpt lat="41.68771632" lon="26.55830054"><ele>72.820</ele><time>2026-10-07T16:34:29Z</time><speed>0.610</speed><sat>34</sat></trkpt>
  <trkpt lat="41.68772264" lon="26.55830811"><ele>73.192</ele><time>2026-10-07T16:34:30Z</time><speed>0.750</speed><sat>33</sat></trkpt>
  <trkpt lat="41.68772801" lon="26.55831474"><ele>73.126</ele><time>2026-10-07T16:34:31Z</time><speed>0.680</speed><sat>33</sat></trkpt>
  <trkpt lat="41.68773296" lon="26.55832277"><ele>73.888</ele><time>2026-10-07T16:34:32Z</time><speed>0.610</speed><sat>34</sat></trkpt>
  <trkpt lat="41.68773863" lon="26.55833436"><ele>73.392</ele><time>2026-10-07T16:34:33Z</time><speed>1.420</speed><sat>32</sat></trkpt>
  <trkpt lat="41.68774230" lon="26.55834929"><ele>74.142</ele><time>2026-10-07T16:34:34Z</time><speed>1.110</speed><sat>33</sat></trkpt>
  <trkpt lat="41.68774146" lon="26.55836705"><ele>73.870</ele><time>2026-10-07T16:34:35Z</time><speed>1.540</speed><sat>33</sat></trkpt>
  <trkpt lat="41.68773604" lon="26.55838369"><ele>73.401</ele><time>2026-10-07T16:34:36Z</time><speed>1.220</speed><sat>33</sat></trkpt>
  <trkpt lat="41.68772873" lon="26.55839822"><ele>72.478</ele><time>2026-10-07T16:34:37Z</time><speed>1.240</speed><sat>33</sat></trkpt>
  <trkpt lat="41.68772224" lon="26.55841478"><ele>73.179</ele><time>2026-10-07T16:34:38Z</time><speed>1.430</speed><sat>33</sat></trkpt>
  <trkpt lat="41.68771815" lon="26.55843012"><ele>73.155</ele><time>2026-10-07T16:34:39Z</time><speed>1.160</speed><sat>32</sat></trkpt>
  <trkpt lat="41.68771725" lon="26.55844187"><ele>74.773</ele><time>2026-10-07T16:34:40Z</time><speed>0.930</speed><sat>32</sat></trkpt>
  <trkpt lat="41.68771991" lon="26.55845472"><ele>75.491</ele><time>2026-10-07T16:34:41Z</time><speed>1.480</speed><sat>33</sat></trkpt>
  <trkpt lat="41.68772385" lon="26.55847234"><ele>75.725</ele><time>2026-10-07T16:34:42Z</time><speed>1.600</speed><sat>33</sat></trkpt>
  <trkpt lat="41.68772736" lon="26.55848533"><ele>76.686</ele><time>2026-10-07T16:34:43Z</time><speed>0.990</speed><sat>33</sat></trkpt>
  <trkpt lat="41.68773058" lon="26.55849668"><ele>76.530</ele><time>2026-10-07T16:34:44Z</time><speed>1.280</speed><sat>33</sat></trkpt>
  <trkpt lat="41.68773665" lon="26.55850927"><ele>76.384</ele><time>2026-10-07T16:34:45Z</time><speed>1.370</speed><sat>32</sat></trkpt>
  <trkpt lat="41.68774322" lon="26.55851792"><ele>75.905</ele><time>2026-10-07T16:34:46Z</time><speed>0.970</speed><sat>32</sat></trkpt>
  <trkpt lat="41.68775210" lon="26.55852072"><ele>75.080</ele><time>2026-10-07T16:34:47Z</time><speed>1.080</speed><sat>32</sat></trkpt>
  <trkpt lat="41.68775742" lon="26.55852068"><ele>74.796</ele><time>2026-10-07T16:34:48Z</time><speed>0.000</speed><sat>32</sat></trkpt>
  <trkpt lat="41.68776189" lon="26.55851983"><ele>75.133</ele><time>2026-10-07T16:34:49Z</time><speed>0.490</speed><sat>33</sat></trkpt>
  <trkpt lat="41.68776831" lon="26.55852036"><ele>75.299</ele><time>2026-10-07T16:34:50Z</time><speed>0.540</speed><sat>33</sat></trkpt>
  <trkpt lat="41.68777174" lon="26.55852061"><ele>74.812</ele><time>2026-10-07T16:34:51Z</time><speed>0.000</speed><sat>34</sat></trkpt>
  <trkpt lat="41.68777259" lon="26.55852035"><ele>74.739</ele><time>2026-10-07T16:34:52Z</time><speed>0.170</speed><sat>34</sat></trkpt>
  <trkpt lat="41.68777203" lon="26.55852021"><ele>74.682</ele><time>2026-10-07T16:34:53Z</time><speed>0.000</speed><sat>33</sat></trkpt>
  <trkpt lat="41.68777138" lon="26.55852020"><ele>74.673</ele><time>2026-10-07T16:34:54Z</time><speed>0.000</speed><sat>33</sat></trkpt>
  <trkpt lat="41.68777113" lon="26.55852016"><ele>74.653</ele><time>2026-10-07T16:34:55Z</time><speed>0.000</speed><sat>34</sat></trkpt>
  <trkpt lat="41.68777102" lon="26.55852010"><ele>74.634</ele><time>2026-10-07T16:34:56Z</time><speed>0.000</speed><sat>33</sat></trkpt>
  <trkpt lat="41.68777072" lon="26.55851956"><ele>74.321</ele><time>2026-10-07T16:34:57Z</time><speed>0.000</speed><sat>33</sat></trkpt>
  <trkpt lat="41.68777599" lon="26.55851775"><ele>73.846</ele><time>2026-10-07T16:34:58Z</time><speed>0.000</speed><sat>33</sat></trkpt>
  <trkpt lat="41.68777878" lon="26.55851781"><ele>73.645</ele><time>2026-10-07T16:34:59Z</time><speed>0.220</speed><sat>34</sat></trkpt>
  <trkpt lat="41.68777804" lon="26.55852018"><ele>73.725</ele><time>2026-10-07T16:35:00Z</time><speed>0.310</speed><sat>34</sat></trkpt>
  <trkpt lat="41.68778028" lon="26.55852210"><ele>74.144</ele><time>2026-10-07T16:35:01Z</time><speed>0.400</speed><sat>33</sat></trkpt>
  <trkpt lat="41.68778845" lon="26.55851808"><ele>74.002</ele><time>2026-10-07T16:35:02Z</time><speed>1.060</speed><sat>34</sat></trkpt>
  <trkpt lat="41.68779842" lon="26.55851374"><ele>73.729</ele><time>2026-10-07T16:35:03Z</time><speed>1.140</speed><sat>34</sat></trkpt>
  <trkpt lat="41.68781039" lon="26.55851398"><ele>73.625</ele><time>2026-10-07T16:35:04Z</time><speed>1.450</speed><sat>33</sat></trkpt>
  <trkpt lat="41.68782371" lon="26.55851891"><ele>73.074</ele><time>2026-10-07T16:35:05Z</time><speed>1.390</speed><sat>32</sat></trkpt>
  <trkpt lat="41.68783816" lon="26.55852490"><ele>72.782</ele><time>2026-10-07T16:35:06Z</time><speed>1.620</speed><sat>32</sat></trkpt>
  <trkpt lat="41.68784782" lon="26.55852946"><ele>73.467</ele><time>2026-10-07T16:35:07Z</time><speed>0.610</speed><sat>32</sat></trkpt>
  <trkpt lat="41.68785515" lon="26.55853547"><ele>73.614</ele><time>2026-10-07T16:35:08Z</time><speed>1.280</speed><sat>32</sat></trkpt>
  <trkpt lat="41.68786687" lon="26.55854462"><ele>73.657</ele><time>2026-10-07T16:35:09Z</time><speed>1.580</speed><sat>33</sat></trkpt>
  <trkpt lat="41.68787911" lon="26.55855416"><ele>74.112</ele><time>2026-10-07T16:35:10Z</time><speed>1.390</speed><sat>34</sat></trkpt>
  <trkpt lat="41.68789033" lon="26.55856155"><ele>73.800</ele><time>2026-10-07T16:35:11Z</time><speed>1.390</speed><sat>34</sat></trkpt>
  <trkpt lat="41.68789975" lon="26.55856752"><ele>73.717</ele><time>2026-10-07T16:35:12Z</time><speed>0.730</speed><sat>34</sat></trkpt>
  <trkpt lat="41.68790891" lon="26.55857088"><ele>74.029</ele><time>2026-10-07T16:35:13Z</time><speed>1.300</speed><sat>34</sat></trkpt>
  <trkpt lat="41.68792010" lon="26.55857152"><ele>73.747</ele><time>2026-10-07T16:35:14Z</time><speed>1.390</speed><sat>34</sat></trkpt>
  <trkpt lat="41.68793368" lon="26.55856998"><ele>74.009</ele><time>2026-10-07T16:35:15Z</time><speed>1.610</speed><sat>34</sat></trkpt>
  <trkpt lat="41.68794521" lon="26.55857022"><ele>74.090</ele><time>2026-10-07T16:35:16Z</time><speed>1.180</speed><sat>34</sat></trkpt>
  <trkpt lat="41.68795558" lon="26.55857162"><ele>73.601</ele><time>2026-10-07T16:35:17Z</time><speed>1.240</speed><sat>34</sat></trkpt>
  <trkpt lat="41.68796495" lon="26.55857324"><ele>73.198</ele><time>2026-10-07T16:35:18Z</time><speed>1.130</speed><sat>34</sat></trkpt>
  <trkpt lat="41.68797701" lon="26.55857157"><ele>72.863</ele><time>2026-10-07T16:35:19Z</time><speed>1.710</speed><sat>34</sat></trkpt>
  <trkpt lat="41.68799232" lon="26.55856706"><ele>73.801</ele><time>2026-10-07T16:35:20Z</time><speed>1.840</speed><sat>34</sat></trkpt>
  <trkpt lat="41.68800806" lon="26.55856408"><ele>73.793</ele><time>2026-10-07T16:35:21Z</time><speed>1.760</speed><sat>34</sat></trkpt>
  <trkpt lat="41.68802416" lon="26.55856121"><ele>73.450</ele><time>2026-10-07T16:35:22Z</time><speed>1.830</speed><sat>34</sat></trkpt>
  <trkpt lat="41.68803954" lon="26.55856138"><ele>73.623</ele><time>2026-10-07T16:35:23Z</time><speed>1.560</speed><sat>34</sat></trkpt>
  <trkpt lat="41.68805510" lon="26.55856558"><ele>74.376</ele><time>2026-10-07T16:35:24Z</time><speed>1.600</speed><sat>34</sat></trkpt>
  <trkpt lat="41.68807287" lon="26.55856837"><ele>73.973</ele><time>2026-10-07T16:35:25Z</time><speed>1.920</speed><sat>34</sat></trkpt>
  <trkpt lat="41.68809117" lon="26.55856478"><ele>74.312</ele><time>2026-10-07T16:35:26Z</time><speed>2.170</speed><sat>34</sat></trkpt>
  <trkpt lat="41.68810753" lon="26.55856070"><ele>73.619</ele><time>2026-10-07T16:35:27Z</time><speed>1.610</speed><sat>34</sat></trkpt>
  <trkpt lat="41.68812214" lon="26.55855920"><ele>74.184</ele><time>2026-10-07T16:35:28Z</time><speed>1.630</speed><sat>34</sat></trkpt>
  <trkpt lat="41.68813709" lon="26.55856095"><ele>73.964</ele><time>2026-10-07T16:35:29Z</time><speed>1.660</speed><sat>32</sat></trkpt>
  <trkpt lat="41.68815214" lon="26.55856482"><ele>73.804</ele><time>2026-10-07T16:35:30Z</time><speed>1.600</speed><sat>31</sat></trkpt>
  <trkpt lat="41.68816728" lon="26.55856876"><ele>74.548</ele><time>2026-10-07T16:35:31Z</time><speed>1.660</speed><sat>33</sat></trkpt>
  <trkpt lat="41.68818209" lon="26.55857304"><ele>74.495</ele><time>2026-10-07T16:35:32Z</time><speed>1.660</speed><sat>34</sat></trkpt>
  <trkpt lat="41.68819702" lon="26.55857805"><ele>74.043</ele><time>2026-10-07T16:35:33Z</time><speed>1.670</speed><sat>34</sat></trkpt>
  <trkpt lat="41.68821208" lon="26.55858435"><ele>75.214</ele><time>2026-10-07T16:35:34Z</time><speed>1.680</speed><sat>34</sat></trkpt>
  <trkpt lat="41.68822729" lon="26.55858929"><ele>75.444</ele><time>2026-10-07T16:35:35Z</time><speed>1.820</speed><sat>34</sat></trkpt>
  <trkpt lat="41.68824121" lon="26.55859445"><ele>75.078</ele><time>2026-10-07T16:35:36Z</time><speed>1.610</speed><sat>34</sat></trkpt>
  <trkpt lat="41.68825237" lon="26.55860083"><ele>74.159</ele><time>2026-10-07T16:35:37Z</time><speed>1.220</speed><sat>34</sat></trkpt>
  <trkpt lat="41.68826164" lon="26.55861030"><ele>73.467</ele><time>2026-10-07T16:35:38Z</time><speed>1.210</speed><sat>34</sat></trkpt>
  <trkpt lat="41.68827044" lon="26.55861832"><ele>73.074</ele><time>2026-10-07T16:35:39Z</time><speed>1.100</speed><sat>34</sat></trkpt>
  <trkpt lat="41.68828097" lon="26.55862364"><ele>72.461</ele><time>2026-10-07T16:35:40Z</time><speed>1.560</speed><sat>34</sat></trkpt>
  <trkpt lat="41.68829416" lon="26.55862759"><ele>73.179</ele><time>2026-10-07T16:35:41Z</time><speed>1.540</speed><sat>34</sat></trkpt>
  <trkpt lat="41.68830667" lon="26.55863126"><ele>73.818</ele><time>2026-10-07T16:35:42Z</time><speed>1.550</speed><sat>34</sat></trkpt>
  <trkpt lat="41.68831920" lon="26.55863823"><ele>74.192</ele><time>2026-10-07T16:35:43Z</time><speed>1.570</speed><sat>34</sat></trkpt>
  <trkpt lat="41.68833421" lon="26.55864242"><ele>75.215</ele><time>2026-10-07T16:35:44Z</time><speed>1.900</speed><sat>33</sat></trkpt>
  <trkpt lat="41.68835021" lon="26.55864386"><ele>74.745</ele><time>2026-10-07T16:35:45Z</time><speed>1.890</speed><sat>34</sat></trkpt>
  <trkpt lat="41.68836254" lon="26.55864184"><ele>73.959</ele><time>2026-10-07T16:35:46Z</time><speed>1.360</speed><sat>34</sat></trkpt>
  <trkpt lat="41.68837263" lon="26.55863819"><ele>73.879</ele><time>2026-10-07T16:35:47Z</time><speed>1.370</speed><sat>34</sat></trkpt>
  <trkpt lat="41.68838330" lon="26.55863483"><ele>73.854</ele><time>2026-10-07T16:35:48Z</time><speed>1.480</speed><sat>34</sat></trkpt>
  <trkpt lat="41.68839659" lon="26.55863256"><ele>72.753</ele><time>2026-10-07T16:35:49Z</time><speed>1.860</speed><sat>34</sat></trkpt>
  <trkpt lat="41.68841179" lon="26.55863192"><ele>73.435</ele><time>2026-10-07T16:35:50Z</time><speed>1.800</speed><sat>34</sat></trkpt>
  <trkpt lat="41.68842631" lon="26.55863226"><ele>73.116</ele><time>2026-10-07T16:35:51Z</time><speed>1.760</speed><sat>34</sat></trkpt>
  <trkpt lat="41.68844087" lon="26.55863335"><ele>71.970</ele><time>2026-10-07T16:35:52Z</time><speed>1.780</speed><sat>34</sat></trkpt>
  <trkpt lat="41.68845394" lon="26.55863378"><ele>72.146</ele><time>2026-10-07T16:35:53Z</time><speed>1.540</speed><sat>34</sat></trkpt>
  <trkpt lat="41.68846634" lon="26.55863485"><ele>72.231</ele><time>2026-10-07T16:35:54Z</time><speed>1.610</speed><sat>34</sat></trkpt>
  <trkpt lat="41.68847738" lon="26.55863509"><ele>72.428</ele><time>2026-10-07T16:35:55Z</time><speed>1.350</speed><sat>34</sat></trkpt>
  <trkpt lat="41.68849148" lon="26.55863389"><ele>72.115</ele><time>2026-10-07T16:35:56Z</time><speed>2.200</speed><sat>34</sat></trkpt>
  <trkpt lat="41.68850633" lon="26.55863159"><ele>71.415</ele><time>2026-10-07T16:35:57Z</time><speed>1.740</speed><sat>34</sat></trkpt>
  <trkpt lat="41.68851814" lon="26.55863027"><ele>71.247</ele><time>2026-10-07T16:35:58Z</time><speed>1.660</speed><sat>33</sat></trkpt>
  <trkpt lat="41.68853029" lon="26.55862989"><ele>71.160</ele><time>2026-10-07T16:35:59Z</time><speed>1.710</speed><sat>34</sat></trkpt>
  <trkpt lat="41.68854337" lon="26.55862739"><ele>71.834</ele><time>2026-10-07T16:36:00Z</time><speed>1.760</speed><sat>34</sat></trkpt>
  <trkpt lat="41.68855403" lon="26.55862838"><ele>72.759</ele><time>2026-10-07T16:36:01Z</time><speed>1.180</speed><sat>34</sat></trkpt>
  <trkpt lat="41.68856624" lon="26.55863430"><ele>72.452</ele><time>2026-10-07T16:36:02Z</time><speed>1.590</speed><sat>34</sat></trkpt>
  <trkpt lat="41.68858080" lon="26.55864166"><ele>72.359</ele><time>2026-10-07T16:36:03Z</time><speed>1.720</speed><sat>34</sat></trkpt>
  <trkpt lat="41.68859776" lon="26.55864919"><ele>72.361</ele><time>2026-10-07T16:36:04Z</time><speed>1.940</speed><sat>34</sat></trkpt>
  <trkpt lat="41.68861456" lon="26.55865054"><ele>72.299</ele><time>2026-10-07T16:36:05Z</time><speed>1.960</speed><sat>34</sat></trkpt>
  <trkpt lat="41.68862699" lon="26.55865075"><ele>73.199</ele><time>2026-10-07T16:36:06Z</time><speed>1.490</speed><sat>34</sat></trkpt>
  <trkpt lat="41.68863595" lon="26.55865264"><ele>72.552</ele><time>2026-10-07T16:36:07Z</time><speed>1.330</speed><sat>34</sat></trkpt>
  <trkpt lat="41.68864602" lon="26.55865533"><ele>71.087</ele><time>2026-10-07T16:36:08Z</time><speed>1.550</speed><sat>34</sat></trkpt>
  <trkpt lat="41.68865383" lon="26.55865979"><ele>71.917</ele><time>2026-10-07T16:36:09Z</time><speed>0.940</speed><sat>33</sat></trkpt>
  <trkpt lat="41.68866138" lon="26.55866377"><ele>71.235</ele><time>2026-10-07T16:36:10Z</time><speed>1.370</speed><sat>33</sat></trkpt>
  <trkpt lat="41.68866717" lon="26.55866625"><ele>70.988</ele><time>2026-10-07T16:36:11Z</time><speed>0.670</speed><sat>33</sat></trkpt>
  <trkpt lat="41.68867337" lon="26.55866697"><ele>70.516</ele><time>2026-10-07T16:36:12Z</time><speed>1.130</speed><sat>33</sat></trkpt>
  <trkpt lat="41.68868360" lon="26.55867311"><ele>71.400</ele><time>2026-10-07T16:36:13Z</time><speed>1.360</speed><sat>33</sat></trkpt>
  <trkpt lat="41.68869568" lon="26.55868397"><ele>71.287</ele><time>2026-10-07T16:36:14Z</time><speed>1.350</speed><sat>33</sat></trkpt>
  <trkpt lat="41.68870757" lon="26.55869468"><ele>70.795</ele><time>2026-10-07T16:36:15Z</time><speed>1.300</speed><sat>34</sat></trkpt>
  <trkpt lat="41.68871905" lon="26.55870447"><ele>71.779</ele><time>2026-10-07T16:36:16Z</time><speed>1.320</speed><sat>34</sat></trkpt>
  <trkpt lat="41.68872787" lon="26.55870944"><ele>71.426</ele><time>2026-10-07T16:36:17Z</time><speed>0.870</speed><sat>34</sat></trkpt>
  <trkpt lat="41.68873781" lon="26.55871315"><ele>71.905</ele><time>2026-10-07T16:36:18Z</time><speed>1.290</speed><sat>34</sat></trkpt>
  <trkpt lat="41.68875211" lon="26.55871290"><ele>71.532</ele><time>2026-10-07T16:36:19Z</time><speed>1.830</speed><sat>34</sat></trkpt>
  <trkpt lat="41.68876873" lon="26.55870888"><ele>71.235</ele><time>2026-10-07T16:36:20Z</time><speed>1.920</speed><sat>33</sat></trkpt>
  <trkpt lat="41.68878602" lon="26.55870031"><ele>71.607</ele><time>2026-10-07T16:36:21Z</time><speed>2.160</speed><sat>32</sat></trkpt>
  <trkpt lat="41.68880209" lon="26.55868914"><ele>70.045</ele><time>2026-10-07T16:36:22Z</time><speed>2.010</speed><sat>31</sat></trkpt>
  <trkpt lat="41.68881209" lon="26.55868401"><ele>69.385</ele><time>2026-10-07T16:36:23Z</time><speed>1.030</speed><sat>31</sat></trkpt>
  <trkpt lat="41.68882066" lon="26.55868455"><ele>69.541</ele><time>2026-10-07T16:36:24Z</time><speed>1.380</speed><sat>31</sat></trkpt>
  <trkpt lat="41.68883080" lon="26.55869061"><ele>68.994</ele><time>2026-10-07T16:36:25Z</time><speed>1.290</speed><sat>31</sat></trkpt>
  <trkpt lat="41.68884336" lon="26.55869700"><ele>68.824</ele><time>2026-10-07T16:36:26Z</time><speed>1.710</speed><sat>31</sat></trkpt>
  <trkpt lat="41.68885724" lon="26.55869650"><ele>66.990</ele><time>2026-10-07T16:36:27Z</time><speed>1.830</speed><sat>32</sat></trkpt>
  <trkpt lat="41.68887151" lon="26.55869358"><ele>66.536</ele><time>2026-10-07T16:36:28Z</time><speed>1.920</speed><sat>32</sat></trkpt>
  <trkpt lat="41.68888448" lon="26.55869205"><ele>66.480</ele><time>2026-10-07T16:36:29Z</time><speed>1.600</speed><sat>32</sat></trkpt>
  <trkpt lat="41.68889743" lon="26.55869280"><ele>65.526</ele><time>2026-10-07T16:36:30Z</time><speed>1.650</speed><sat>33</sat></trkpt>
  <trkpt lat="41.68891072" lon="26.55869496"><ele>65.438</ele><time>2026-10-07T16:36:31Z</time><speed>1.620</speed><sat>33</sat></trkpt>
  <trkpt lat="41.68892360" lon="26.55869743"><ele>65.161</ele><time>2026-10-07T16:36:32Z</time><speed>1.570</speed><sat>33</sat></trkpt>
  <trkpt lat="41.68893686" lon="26.55869861"><ele>64.794</ele><time>2026-10-07T16:36:33Z</time><speed>1.590</speed><sat>33</sat></trkpt>
  <trkpt lat="41.68894946" lon="26.55869983"><ele>64.409</ele><time>2026-10-07T16:36:34Z</time><speed>1.550</speed><sat>33</sat></trkpt>
  <trkpt lat="41.68896167" lon="26.55870583"><ele>64.347</ele><time>2026-10-07T16:36:35Z</time><speed>1.510</speed><sat>32</sat></trkpt>
  <trkpt lat="41.68897308" lon="26.55871412"><ele>66.894</ele><time>2026-10-07T16:36:36Z</time><speed>1.330</speed><sat>31</sat></trkpt>
  <trkpt lat="41.68898477" lon="26.55872003"><ele>67.118</ele><time>2026-10-07T16:36:37Z</time><speed>1.600</speed><sat>30</sat></trkpt>
  <trkpt lat="41.68899767" lon="26.55872144"><ele>67.876</ele><time>2026-10-07T16:36:38Z</time><speed>1.820</speed><sat>31</sat></trkpt>
  <trkpt lat="41.68901299" lon="26.55872063"><ele>68.639</ele><time>2026-10-07T16:36:39Z</time><speed>2.060</speed><sat>33</sat></trkpt>
  <trkpt lat="41.68902595" lon="26.55872021"><ele>68.694</ele><time>2026-10-07T16:36:40Z</time><speed>1.470</speed><sat>34</sat></trkpt>
  <trkpt lat="41.68903321" lon="26.55872154"><ele>69.647</ele><time>2026-10-07T16:36:41Z</time><speed>0.630</speed><sat>34</sat></trkpt>
  <trkpt lat="41.68903761" lon="26.55872107"><ele>69.848</ele><time>2026-10-07T16:36:42Z</time><speed>0.810</speed><sat>34</sat></trkpt>
  <trkpt lat="41.68903745" lon="26.55872927"><ele>69.819</ele><time>2026-10-07T16:36:43Z</time><speed>0.000</speed><sat>34</sat></trkpt>
  <trkpt lat="41.68903717" lon="26.55873352"><ele>69.708</ele><time>2026-10-07T16:36:44Z</time><speed>0.000</speed><sat>34</sat></trkpt>
  <trkpt lat="41.68904041" lon="26.55873741"><ele>69.935</ele><time>2026-10-07T16:36:45Z</time><speed>0.620</speed><sat>34</sat></trkpt>
  <trkpt lat="41.68904981" lon="26.55874318"><ele>70.654</ele><time>2026-10-07T16:36:46Z</time><speed>1.340</speed><sat>34</sat></trkpt>
  <trkpt lat="41.68906349" lon="26.55875016"><ele>70.978</ele><time>2026-10-07T16:36:47Z</time><speed>1.340</speed><sat>33</sat></trkpt>
  <trkpt lat="41.68907637" lon="26.55875722"><ele>71.375</ele><time>2026-10-07T16:36:48Z</time><speed>1.390</speed><sat>33</sat></trkpt>
  <trkpt lat="41.68908951" lon="26.55876291"><ele>71.380</ele><time>2026-10-07T16:36:49Z</time><speed>1.410</speed><sat>33</sat></trkpt>
  <trkpt lat="41.68910080" lon="26.55876946"><ele>71.062</ele><time>2026-10-07T16:36:50Z</time><speed>1.340</speed><sat>32</sat></trkpt>
  <trkpt lat="41.68911334" lon="26.55877623"><ele>71.549</ele><time>2026-10-07T16:36:51Z</time><speed>1.480</speed><sat>32</sat></trkpt>
  <trkpt lat="41.68912713" lon="26.55878643"><ele>72.777</ele><time>2026-10-07T16:36:52Z</time><speed>1.670</speed><sat>33</sat></trkpt>
  <trkpt lat="41.68914021" lon="26.55879602"><ele>71.754</ele><time>2026-10-07T16:36:53Z</time><speed>1.480</speed><sat>33</sat></trkpt>
  <trkpt lat="41.68914947" lon="26.55880431"><ele>70.817</ele><time>2026-10-07T16:36:54Z</time><speed>1.090</speed><sat>34</sat></trkpt>
  <trkpt lat="41.68915814" lon="26.55880917"><ele>71.429</ele><time>2026-10-07T16:36:55Z</time><speed>1.270</speed><sat>34</sat></trkpt>
  <trkpt lat="41.68916700" lon="26.55880832"><ele>71.497</ele><time>2026-10-07T16:36:56Z</time><speed>1.300</speed><sat>34</sat></trkpt>
  <trkpt lat="41.68917687" lon="26.55880609"><ele>71.287</ele><time>2026-10-07T16:36:57Z</time><speed>1.450</speed><sat>34</sat></trkpt>
  <trkpt lat="41.68918621" lon="26.55880425"><ele>72.660</ele><time>2026-10-07T16:36:58Z</time><speed>1.220</speed><sat>34</sat></trkpt>
  <trkpt lat="41.68919705" lon="26.55880053"><ele>72.765</ele><time>2026-10-07T16:36:59Z</time><speed>1.770</speed><sat>33</sat></trkpt>
  <trkpt lat="41.68920706" lon="26.55879684"><ele>71.590</ele><time>2026-10-07T16:37:00Z</time><speed>1.410</speed><sat>32</sat></trkpt>
  <trkpt lat="41.68921429" lon="26.55879144"><ele>70.137</ele><time>2026-10-07T16:37:01Z</time><speed>1.430</speed><sat>32</sat></trkpt>
  <trkpt lat="41.68922279" lon="26.55878751"><ele>70.126</ele><time>2026-10-07T16:37:02Z</time><speed>1.370</speed><sat>32</sat></trkpt>
  <trkpt lat="41.68922944" lon="26.55878353"><ele>69.273</ele><time>2026-10-07T16:37:03Z</time><speed>1.070</speed><sat>32</sat></trkpt>
  <trkpt lat="41.68923684" lon="26.55878213"><ele>68.441</ele><time>2026-10-07T16:37:04Z</time><speed>1.220</speed><sat>32</sat></trkpt>
  <trkpt lat="41.68924513" lon="26.55878238"><ele>69.031</ele><time>2026-10-07T16:37:05Z</time><speed>1.000</speed><sat>32</sat></trkpt>
  <trkpt lat="41.68925430" lon="26.55878440"><ele>68.536</ele><time>2026-10-07T16:37:06Z</time><speed>1.180</speed><sat>34</sat></trkpt>
  <trkpt lat="41.68926676" lon="26.55878722"><ele>68.421</ele><time>2026-10-07T16:37:07Z</time><speed>1.380</speed><sat>34</sat></trkpt>
  <trkpt lat="41.68927854" lon="26.55879080"><ele>68.825</ele><time>2026-10-07T16:37:08Z</time><speed>1.100</speed><sat>33</sat></trkpt>
  <trkpt lat="41.68928875" lon="26.55879689"><ele>69.542</ele><time>2026-10-07T16:37:09Z</time><speed>0.990</speed><sat>33</sat></trkpt>
  <trkpt lat="41.68930012" lon="26.55880241"><ele>69.520</ele><time>2026-10-07T16:37:10Z</time><speed>1.330</speed><sat>33</sat></trkpt>
  <trkpt lat="41.68931224" lon="26.55880558"><ele>68.726</ele><time>2026-10-07T16:37:11Z</time><speed>1.280</speed><sat>33</sat></trkpt>
  <trkpt lat="41.68932557" lon="26.55880657"><ele>69.365</ele><time>2026-10-07T16:37:12Z</time><speed>1.490</speed><sat>31</sat></trkpt>
  <trkpt lat="41.68934026" lon="26.55880801"><ele>69.700</ele><time>2026-10-07T16:37:13Z</time><speed>1.550</speed><sat>31</sat></trkpt>
  <trkpt lat="41.68935447" lon="26.55881094"><ele>69.736</ele><time>2026-10-07T16:37:14Z</time><speed>1.390</speed><sat>32</sat></trkpt>
  <trkpt lat="41.68936734" lon="26.55881463"><ele>69.809</ele><time>2026-10-07T16:37:15Z</time><speed>1.350</speed><sat>32</sat></trkpt>
  <trkpt lat="41.68938006" lon="26.55882025"><ele>69.578</ele><time>2026-10-07T16:37:16Z</time><speed>1.370</speed><sat>31</sat></trkpt>
  <trkpt lat="41.68939382" lon="26.55882629"><ele>68.882</ele><time>2026-10-07T16:37:17Z</time><speed>1.400</speed><sat>31</sat></trkpt>
  <trkpt lat="41.68940762" lon="26.55883175"><ele>68.787</ele><time>2026-10-07T16:37:18Z</time><speed>1.350</speed><sat>32</sat></trkpt>
  <trkpt lat="41.68942129" lon="26.55883726"><ele>67.922</ele><time>2026-10-07T16:37:19Z</time><speed>1.400</speed><sat>31</sat></trkpt>
  <trkpt lat="41.68943873" lon="26.55884073"><ele>68.426</ele><time>2026-10-07T16:37:20Z</time><speed>1.930</speed><sat>30</sat></trkpt>
  <trkpt lat="41.68945737" lon="26.55884442"><ele>68.780</ele><time>2026-10-07T16:37:21Z</time><speed>1.860</speed><sat>30</sat></trkpt>
  <trkpt lat="41.68947436" lon="26.55884591"><ele>69.040</ele><time>2026-10-07T16:37:22Z</time><speed>1.840</speed><sat>30</sat></trkpt>
  <trkpt lat="41.68948925" lon="26.55884504"><ele>69.465</ele><time>2026-10-07T16:37:23Z</time><speed>1.590</speed><sat>29</sat></trkpt>
  <trkpt lat="41.68950097" lon="26.55884278"><ele>68.910</ele><time>2026-10-07T16:37:24Z</time><speed>1.230</speed><sat>30</sat></trkpt>
  <trkpt lat="41.68950828" lon="26.55884121"><ele>70.629</ele><time>2026-10-07T16:37:25Z</time><speed>0.680</speed><sat>31</sat></trkpt>
  <trkpt lat="41.68951413" lon="26.55884382"><ele>70.767</ele><time>2026-10-07T16:37:26Z</time><speed>0.770</speed><sat>31</sat></trkpt>
  <trkpt lat="41.68952378" lon="26.55885136"><ele>72.183</ele><time>2026-10-07T16:37:27Z</time><speed>1.380</speed><sat>31</sat></trkpt>
  <trkpt lat="41.68953521" lon="26.55885981"><ele>72.340</ele><time>2026-10-07T16:37:28Z</time><speed>1.250</speed><sat>31</sat></trkpt>
  <trkpt lat="41.68955148" lon="26.55886409"><ele>74.449</ele><time>2026-10-07T16:37:29Z</time><speed>2.080</speed><sat>31</sat></trkpt>
  <trkpt lat="41.68956848" lon="26.55886414"><ele>74.066</ele><time>2026-10-07T16:37:30Z</time><speed>1.840</speed><sat>32</sat></trkpt>
  <trkpt lat="41.68958564" lon="26.55886326"><ele>75.741</ele><time>2026-10-07T16:37:31Z</time><speed>2.110</speed><sat>33</sat></trkpt>
  <trkpt lat="41.68960105" lon="26.55886202"><ele>75.319</ele><time>2026-10-07T16:37:32Z</time><speed>1.680</speed><sat>33</sat></trkpt>
  <trkpt lat="41.68961390" lon="26.55886284"><ele>74.699</ele><time>2026-10-07T16:37:33Z</time><speed>1.670</speed><sat>33</sat></trkpt>
  <trkpt lat="41.68962491" lon="26.55886656"><ele>73.865</ele><time>2026-10-07T16:37:34Z</time><speed>1.310</speed><sat>33</sat></trkpt>
  <trkpt lat="41.68963418" lon="26.55887409"><ele>72.791</ele><time>2026-10-07T16:37:35Z</time><speed>1.210</speed><sat>33</sat></trkpt>
  <trkpt lat="41.68964371" lon="26.55888345"><ele>72.311</ele><time>2026-10-07T16:37:36Z</time><speed>1.170</speed><sat>32</sat></trkpt>
  <trkpt lat="41.68965356" lon="26.55889403"><ele>72.035</ele><time>2026-10-07T16:37:37Z</time><speed>1.270</speed><sat>32</sat></trkpt>
  <trkpt lat="41.68966498" lon="26.55890583"><ele>70.879</ele><time>2026-10-07T16:37:38Z</time><speed>1.440</speed><sat>33</sat></trkpt>
  <trkpt lat="41.68967739" lon="26.55891597"><ele>69.768</ele><time>2026-10-07T16:37:39Z</time><speed>1.510</speed><sat>33</sat></trkpt>
  <trkpt lat="41.68969074" lon="26.55892410"><ele>69.022</ele><time>2026-10-07T16:37:40Z</time><speed>1.570</speed><sat>34</sat></trkpt>
  <trkpt lat="41.68970233" lon="26.55893106"><ele>69.039</ele><time>2026-10-07T16:37:41Z</time><speed>1.190</speed><sat>34</sat></trkpt>
  <trkpt lat="41.68971066" lon="26.55893865"><ele>69.747</ele><time>2026-10-07T16:37:42Z</time><speed>0.970</speed><sat>34</sat></trkpt>
  <trkpt lat="41.68972105" lon="26.55894779"><ele>69.401</ele><time>2026-10-07T16:37:43Z</time><speed>1.650</speed><sat>34</sat></trkpt>
  <trkpt lat="41.68973526" lon="26.55895709"><ele>69.841</ele><time>2026-10-07T16:37:44Z</time><speed>1.680</speed><sat>34</sat></trkpt>
  <trkpt lat="41.68974932" lon="26.55896659"><ele>70.535</ele><time>2026-10-07T16:37:45Z</time><speed>1.620</speed><sat>34</sat></trkpt>
  <trkpt lat="41.68976298" lon="26.55897634"><ele>70.906</ele><time>2026-10-07T16:37:46Z</time><speed>1.610</speed><sat>33</sat></trkpt>
  <trkpt lat="41.68977599" lon="26.55898547"><ele>70.934</ele><time>2026-10-07T16:37:47Z</time><speed>1.440</speed><sat>33</sat></trkpt>
  <trkpt lat="41.68978803" lon="26.55899083"><ele>70.397</ele><time>2026-10-07T16:37:48Z</time><speed>1.300</speed><sat>33</sat></trkpt>
  <trkpt lat="41.68979971" lon="26.55899121"><ele>70.994</ele><time>2026-10-07T16:37:49Z</time><speed>1.310</speed><sat>33</sat></trkpt>
  <trkpt lat="41.68981118" lon="26.55899050"><ele>70.529</ele><time>2026-10-07T16:37:50Z</time><speed>1.240</speed><sat>33</sat></trkpt>
  <trkpt lat="41.68982301" lon="26.55899271"><ele>70.477</ele><time>2026-10-07T16:37:51Z</time><speed>1.300</speed><sat>33</sat></trkpt>
  <trkpt lat="41.68983565" lon="26.55899612"><ele>70.776</ele><time>2026-10-07T16:37:52Z</time><speed>1.330</speed><sat>34</sat></trkpt>
  <trkpt lat="41.68984884" lon="26.55899826"><ele>69.752</ele><time>2026-10-07T16:37:53Z</time><speed>1.520</speed><sat>34</sat></trkpt>
  <trkpt lat="41.68986306" lon="26.55900199"><ele>70.444</ele><time>2026-10-07T16:37:54Z</time><speed>1.540</speed><sat>34</sat></trkpt>
  <trkpt lat="41.68987086" lon="26.55900347"><ele>70.233</ele><time>2026-10-07T16:37:55Z</time><speed>0.340</speed><sat>34</sat></trkpt>
  <trkpt lat="41.68987805" lon="26.55900233"><ele>70.305</ele><time>2026-10-07T16:37:56Z</time><speed>1.130</speed><sat>34</sat></trkpt>
  <trkpt lat="41.68989143" lon="26.55899972"><ele>70.317</ele><time>2026-10-07T16:37:57Z</time><speed>1.650</speed><sat>34</sat></trkpt>
  <trkpt lat="41.68990447" lon="26.55899485"><ele>69.267</ele><time>2026-10-07T16:37:58Z</time><speed>1.410</speed><sat>33</sat></trkpt>
  <trkpt lat="41.68991699" lon="26.55899344"><ele>68.778</ele><time>2026-10-07T16:37:59Z</time><speed>1.250</speed><sat>33</sat></trkpt>
  <trkpt lat="41.68993213" lon="26.55899920"><ele>67.962</ele><time>2026-10-07T16:38:00Z</time><speed>1.810</speed><sat>33</sat></trkpt>
  <trkpt lat="41.68994714" lon="26.55900999"><ele>68.382</ele><time>2026-10-07T16:38:01Z</time><speed>1.480</speed><sat>33</sat></trkpt>
  <trkpt lat="41.68996087" lon="26.55902412"><ele>68.571</ele><time>2026-10-07T16:38:02Z</time><speed>1.550</speed><sat>33</sat></trkpt>
  <trkpt lat="41.68997518" lon="26.55903870"><ele>68.819</ele><time>2026-10-07T16:38:03Z</time><speed>1.560</speed><sat>33</sat></trkpt>
  <trkpt lat="41.68998814" lon="26.55905137"><ele>68.741</ele><time>2026-10-07T16:38:04Z</time><speed>1.520</speed><sat>34</sat></trkpt>
  <trkpt lat="41.69000212" lon="26.55906228"><ele>68.131</ele><time>2026-10-07T16:38:05Z</time><speed>1.550</speed><sat>34</sat></trkpt>
  <trkpt lat="41.69001343" lon="26.55906776"><ele>68.739</ele><time>2026-10-07T16:38:06Z</time><speed>0.890</speed><sat>34</sat></trkpt>
  <trkpt lat="41.69002422" lon="26.55907156"><ele>68.518</ele><time>2026-10-07T16:38:07Z</time><speed>1.370</speed><sat>33</sat></trkpt>
  <trkpt lat="41.69003705" lon="26.55907620"><ele>68.669</ele><time>2026-10-07T16:38:08Z</time><speed>1.470</speed><sat>33</sat></trkpt>
  <trkpt lat="41.69004811" lon="26.55907795"><ele>67.821</ele><time>2026-10-07T16:38:09Z</time><speed>1.120</speed><sat>33</sat></trkpt>
  <trkpt lat="41.69005791" lon="26.55908005"><ele>67.728</ele><time>2026-10-07T16:38:10Z</time><speed>1.210</speed><sat>33</sat></trkpt>
  <trkpt lat="41.69006782" lon="26.55908334"><ele>67.624</ele><time>2026-10-07T16:38:11Z</time><speed>1.200</speed><sat>33</sat></trkpt>
  <trkpt lat="41.69007854" lon="26.55908234"><ele>66.000</ele><time>2026-10-07T16:38:12Z</time><speed>1.080</speed><sat>33</sat></trkpt>
  <trkpt lat="41.69008998" lon="26.55907762"><ele>66.472</ele><time>2026-10-07T16:38:13Z</time><speed>1.160</speed><sat>33</sat></trkpt>
  <trkpt lat="41.69010143" lon="26.55907598"><ele>66.140</ele><time>2026-10-07T16:38:14Z</time><speed>1.140</speed><sat>33</sat></trkpt>
  <trkpt lat="41.69011241" lon="26.55907663"><ele>66.704</ele><time>2026-10-07T16:38:15Z</time><speed>1.160</speed><sat>33</sat></trkpt>
  <trkpt lat="41.69012333" lon="26.55907908"><ele>65.708</ele><time>2026-10-07T16:38:16Z</time><speed>1.140</speed><sat>32</sat></trkpt>
  <trkpt lat="41.69013517" lon="26.55908868"><ele>66.269</ele><time>2026-10-07T16:38:17Z</time><speed>1.630</speed><sat>33</sat></trkpt>
  <trkpt lat="41.69014590" lon="26.55910119"><ele>66.221</ele><time>2026-10-07T16:38:18Z</time><speed>1.400</speed><sat>33</sat></trkpt>
  <trkpt lat="41.69015536" lon="26.55911313"><ele>67.618</ele><time>2026-10-07T16:38:19Z</time><speed>1.330</speed><sat>33</sat></trkpt>
  <trkpt lat="41.69016460" lon="26.55912172"><ele>68.074</ele><time>2026-10-07T16:38:20Z</time><speed>1.190</speed><sat>34</sat></trkpt>
  <trkpt lat="41.69017596" lon="26.55912684"><ele>68.161</ele><time>2026-10-07T16:38:21Z</time><speed>1.190</speed><sat>34</sat></trkpt>
  <trkpt lat="41.69018918" lon="26.55913179"><ele>66.735</ele><time>2026-10-07T16:38:22Z</time><speed>1.330</speed><sat>34</sat></trkpt>
  <trkpt lat="41.69020176" lon="26.55913389"><ele>66.933</ele><time>2026-10-07T16:38:23Z</time><speed>1.050</speed><sat>34</sat></trkpt>
  <trkpt lat="41.69021477" lon="26.55913469"><ele>67.525</ele><time>2026-10-07T16:38:24Z</time><speed>1.100</speed><sat>35</sat></trkpt>
  <trkpt lat="41.69022786" lon="26.55913838"><ele>66.314</ele><time>2026-10-07T16:38:25Z</time><speed>1.310</speed><sat>35</sat></trkpt>
  <trkpt lat="41.69023954" lon="26.55914485"><ele>65.662</ele><time>2026-10-07T16:38:26Z</time><speed>1.110</speed><sat>35</sat></trkpt>
  <trkpt lat="41.69024999" lon="26.55914972"><ele>65.860</ele><time>2026-10-07T16:38:27Z</time><speed>0.910</speed><sat>34</sat></trkpt>
  <trkpt lat="41.69026070" lon="26.55915442"><ele>66.815</ele><time>2026-10-07T16:38:28Z</time><speed>1.000</speed><sat>34</sat></trkpt>
  <trkpt lat="41.69027434" lon="26.55915707"><ele>66.623</ele><time>2026-10-07T16:38:29Z</time><speed>1.010</speed><sat>34</sat></trkpt>
  <trkpt lat="41.69028815" lon="26.55915955"><ele>67.533</ele><time>2026-10-07T16:38:30Z</time><speed>1.000</speed><sat>33</sat></trkpt>
  <trkpt lat="41.69030256" lon="26.55915885"><ele>67.454</ele><time>2026-10-07T16:38:31Z</time><speed>0.890</speed><sat>33</sat></trkpt>
  <trkpt lat="41.69031660" lon="26.55915840"><ele>68.165</ele><time>2026-10-07T16:38:32Z</time><speed>1.060</speed><sat>33</sat></trkpt>
  <trkpt lat="41.69033128" lon="26.55915716"><ele>68.305</ele><time>2026-10-07T16:38:33Z</time><speed>1.210</speed><sat>33</sat></trkpt>
  <trkpt lat="41.69034415" lon="26.55915522"><ele>70.142</ele><time>2026-10-07T16:38:34Z</time><speed>0.690</speed><sat>33</sat></trkpt>
  <trkpt lat="41.69035326" lon="26.55915219"><ele>70.612</ele><time>2026-10-07T16:38:35Z</time><speed>0.630</speed><sat>33</sat></trkpt>
  <trkpt lat="41.69036274" lon="26.55915108"><ele>70.692</ele><time>2026-10-07T16:38:36Z</time><speed>0.830</speed><sat>32</sat></trkpt>
  <trkpt lat="41.69037378" lon="26.55915283"><ele>71.028</ele><time>2026-10-07T16:38:37Z</time><speed>1.120</speed><sat>33</sat></trkpt>
  <trkpt lat="41.69038506" lon="26.55915814"><ele>71.091</ele><time>2026-10-07T16:38:38Z</time><speed>1.180</speed><sat>33</sat></trkpt>
  <trkpt lat="41.69039973" lon="26.55916772"><ele>71.020</ele><time>2026-10-07T16:38:39Z</time><speed>1.840</speed><sat>33</sat></trkpt>
  <trkpt lat="41.69041483" lon="26.55917608"><ele>71.437</ele><time>2026-10-07T16:38:40Z</time><speed>1.190</speed><sat>33</sat></trkpt>
  <trkpt lat="41.69042863" lon="26.55918116"><ele>71.026</ele><time>2026-10-07T16:38:41Z</time><speed>1.310</speed><sat>33</sat></trkpt>
  <trkpt lat="41.69044185" lon="26.55918588"><ele>70.207</ele><time>2026-10-07T16:38:42Z</time><speed>1.160</speed><sat>33</sat></trkpt>
  <trkpt lat="41.69045448" lon="26.55919059"><ele>69.461</ele><time>2026-10-07T16:38:43Z</time><speed>1.180</speed><sat>33</sat></trkpt>
  <trkpt lat="41.69046620" lon="26.55919652"><ele>68.552</ele><time>2026-10-07T16:38:44Z</time><speed>1.280</speed><sat>33</sat></trkpt>
  <trkpt lat="41.69047568" lon="26.55920217"><ele>68.102</ele><time>2026-10-07T16:38:45Z</time><speed>0.640</speed><sat>33</sat></trkpt>
  <trkpt lat="41.69048369" lon="26.55920651"><ele>67.948</ele><time>2026-10-07T16:38:46Z</time><speed>0.780</speed><sat>34</sat></trkpt>
  <trkpt lat="41.69049421" lon="26.55920967"><ele>67.738</ele><time>2026-10-07T16:38:47Z</time><speed>1.190</speed><sat>34</sat></trkpt>
  <trkpt lat="41.69051082" lon="26.55921523"><ele>67.066</ele><time>2026-10-07T16:38:48Z</time><speed>1.820</speed><sat>33</sat></trkpt>
  <trkpt lat="41.69052940" lon="26.55921568"><ele>67.211</ele><time>2026-10-07T16:38:49Z</time><speed>1.560</speed><sat>33</sat></trkpt>
  <trkpt lat="41.69054689" lon="26.55921554"><ele>66.894</ele><time>2026-10-07T16:38:50Z</time><speed>1.680</speed><sat>34</sat></trkpt>
  <trkpt lat="41.69056321" lon="26.55922021"><ele>66.497</ele><time>2026-10-07T16:38:51Z</time><speed>1.630</speed><sat>33</sat></trkpt>
  <trkpt lat="41.69057763" lon="26.55922539"><ele>66.313</ele><time>2026-10-07T16:38:52Z</time><speed>1.420</speed><sat>33</sat></trkpt>
  <trkpt lat="41.69059162" lon="26.55923093"><ele>65.383</ele><time>2026-10-07T16:38:53Z</time><speed>1.510</speed><sat>33</sat></trkpt>
  <trkpt lat="41.69060400" lon="26.55923417"><ele>65.727</ele><time>2026-10-07T16:38:54Z</time><speed>1.260</speed><sat>33</sat></trkpt>
  <trkpt lat="41.69061405" lon="26.55923681"><ele>65.568</ele><time>2026-10-07T16:38:55Z</time><speed>1.100</speed><sat>33</sat></trkpt>
  <trkpt lat="41.69062418" lon="26.55923859"><ele>64.641</ele><time>2026-10-07T16:38:56Z</time><speed>1.190</speed><sat>33</sat></trkpt>
  <trkpt lat="41.69063406" lon="26.55924106"><ele>64.656</ele><time>2026-10-07T16:38:57Z</time><speed>1.170</speed><sat>33</sat></trkpt>
  <trkpt lat="41.69064621" lon="26.55924475"><ele>65.823</ele><time>2026-10-07T16:38:58Z</time><speed>1.560</speed><sat>31</sat></trkpt>
  <trkpt lat="41.69066003" lon="26.55924606"><ele>65.678</ele><time>2026-10-07T16:38:59Z</time><speed>1.530</speed><sat>31</sat></trkpt>
  <trkpt lat="41.69067181" lon="26.55924275"><ele>65.797</ele><time>2026-10-07T16:39:00Z</time><speed>1.430</speed><sat>32</sat></trkpt>
  <trkpt lat="41.69068298" lon="26.55923890"><ele>67.266</ele><time>2026-10-07T16:39:01Z</time><speed>1.290</speed><sat>29</sat></trkpt>
  <trkpt lat="41.69069395" lon="26.55923404"><ele>66.122</ele><time>2026-10-07T16:39:02Z</time><speed>1.420</speed><sat>29</sat></trkpt>
  <trkpt lat="41.69070428" lon="26.55923117"><ele>65.222</ele><time>2026-10-07T16:39:03Z</time><speed>1.220</speed><sat>30</sat></trkpt>
  <trkpt lat="41.69071252" lon="26.55923134"><ele>65.600</ele><time>2026-10-07T16:39:04Z</time><speed>1.160</speed><sat>30</sat></trkpt>
  <trkpt lat="41.69072251" lon="26.55923380"><ele>66.474</ele><time>2026-10-07T16:39:05Z</time><speed>1.400</speed><sat>31</sat></trkpt>
  <trkpt lat="41.69073335" lon="26.55923757"><ele>67.349</ele><time>2026-10-07T16:39:06Z</time><speed>1.420</speed><sat>32</sat></trkpt>
  <trkpt lat="41.69074456" lon="26.55924069"><ele>67.906</ele><time>2026-10-07T16:39:07Z</time><speed>1.420</speed><sat>31</sat></trkpt>
  <trkpt lat="41.69075438" lon="26.55924373"><ele>68.332</ele><time>2026-10-07T16:39:08Z</time><speed>1.180</speed><sat>32</sat></trkpt>
  <trkpt lat="41.69076253" lon="26.55924725"><ele>68.364</ele><time>2026-10-07T16:39:09Z</time><speed>1.120</speed><sat>32</sat></trkpt>
  <trkpt lat="41.69076835" lon="26.55925382"><ele>68.859</ele><time>2026-10-07T16:39:10Z</time><speed>1.110</speed><sat>32</sat></trkpt>
  <trkpt lat="41.69077172" lon="26.55926516"><ele>69.180</ele><time>2026-10-07T16:39:11Z</time><speed>1.260</speed><sat>32</sat></trkpt>
  <trkpt lat="41.69077247" lon="26.55927964"><ele>69.539</ele><time>2026-10-07T16:39:12Z</time><speed>1.320</speed><sat>33</sat></trkpt>
  <trkpt lat="41.69077192" lon="26.55929424"><ele>69.618</ele><time>2026-10-07T16:39:13Z</time><speed>1.190</speed><sat>33</sat></trkpt>
  <trkpt lat="41.69077178" lon="26.55930852"><ele>70.065</ele><time>2026-10-07T16:39:14Z</time><speed>1.290</speed><sat>33</sat></trkpt>
  <trkpt lat="41.69077242" lon="26.55932297"><ele>69.949</ele><time>2026-10-07T16:39:15Z</time><speed>1.260</speed><sat>33</sat></trkpt>
  <trkpt lat="41.69077231" lon="26.55933777"><ele>70.481</ele><time>2026-10-07T16:39:16Z</time><speed>1.350</speed><sat>33</sat></trkpt>
  <trkpt lat="41.69077127" lon="26.55935204"><ele>70.430</ele><time>2026-10-07T16:39:17Z</time><speed>1.310</speed><sat>33</sat></trkpt>
  <trkpt lat="41.69076939" lon="26.55936818"><ele>71.098</ele><time>2026-10-07T16:39:18Z</time><speed>1.590</speed><sat>33</sat></trkpt>
  <trkpt lat="41.69076541" lon="26.55938482"><ele>71.977</ele><time>2026-10-07T16:39:19Z</time><speed>1.480</speed><sat>33</sat></trkpt>
  <trkpt lat="41.69076533" lon="26.55939848"><ele>72.659</ele><time>2026-10-07T16:39:20Z</time><speed>1.210</speed><sat>33</sat></trkpt>
  <trkpt lat="41.69076745" lon="26.55941120"><ele>72.572</ele><time>2026-10-07T16:39:21Z</time><speed>1.270</speed><sat>33</sat></trkpt>
  <trkpt lat="41.69077213" lon="26.55942334"><ele>72.605</ele><time>2026-10-07T16:39:22Z</time><speed>1.290</speed><sat>33</sat></trkpt>
  <trkpt lat="41.69077851" lon="26.55943539"><ele>72.268</ele><time>2026-10-07T16:39:23Z</time><speed>1.320</speed><sat>33</sat></trkpt>
  <trkpt lat="41.69078428" lon="26.55944748"><ele>72.516</ele><time>2026-10-07T16:39:24Z</time><speed>1.300</speed><sat>33</sat></trkpt>
  <trkpt lat="41.69078956" lon="26.55946033"><ele>72.613</ele><time>2026-10-07T16:39:25Z</time><speed>1.340</speed><sat>33</sat></trkpt>
  <trkpt lat="41.69079342" lon="26.55946929"><ele>72.807</ele><time>2026-10-07T16:39:26Z</time><speed>0.620</speed><sat>32</sat></trkpt>
  <trkpt lat="41.69079743" lon="26.55947246"><ele>73.235</ele><time>2026-10-07T16:39:27Z</time><speed>0.610</speed><sat>32</sat></trkpt>
  <trkpt lat="41.69080377" lon="26.55947116"><ele>73.219</ele><time>2026-10-07T16:39:28Z</time><speed>0.780</speed><sat>32</sat></trkpt>
  <trkpt lat="41.69081205" lon="26.55946208"><ele>72.937</ele><time>2026-10-07T16:39:29Z</time><speed>1.260</speed><sat>31</sat></trkpt>
  <trkpt lat="41.69081757" lon="26.55945048"><ele>72.742</ele><time>2026-10-07T16:39:30Z</time><speed>0.920</speed><sat>30</sat></trkpt>
  <trkpt lat="41.69082236" lon="26.55944123"><ele>72.361</ele><time>2026-10-07T16:39:31Z</time><speed>0.980</speed><sat>29</sat></trkpt>
  <trkpt lat="41.69082778" lon="26.55943368"><ele>71.652</ele><time>2026-10-07T16:39:32Z</time><speed>0.970</speed><sat>25</sat></trkpt>
  <trkpt lat="41.69083786" lon="26.55942995"><ele>71.574</ele><time>2026-10-07T16:39:33Z</time><speed>1.270</speed><sat>23</sat></trkpt>
  <trkpt lat="41.69085321" lon="26.55943743"><ele>70.764</ele><time>2026-10-07T16:39:34Z</time><speed>1.640</speed><sat>22</sat></trkpt>
  <trkpt lat="41.69086934" lon="26.55945201"><ele>70.469</ele><time>2026-10-07T16:39:35Z</time><speed>1.440</speed><sat>19</sat></trkpt>
  <trkpt lat="41.69087862" lon="26.55947353"><ele>70.384</ele><time>2026-10-07T16:39:36Z</time><speed>1.540</speed><sat>18</sat></trkpt>
  <trkpt lat="41.69088524" lon="26.55949843"><ele>71.505</ele><time>2026-10-07T16:39:37Z</time><speed>1.640</speed><sat>18</sat></trkpt>
  <trkpt lat="41.69088556" lon="26.55952404"><ele>70.868</ele><time>2026-10-07T16:39:38Z</time><speed>1.790</speed><sat>18</sat></trkpt>
  <trkpt lat="41.69088917" lon="26.55954426"><ele>71.670</ele><time>2026-10-07T16:39:39Z</time><speed>1.650</speed><sat>17</sat></trkpt>
  <trkpt lat="41.69089676" lon="26.55956161"><ele>71.984</ele><time>2026-10-07T16:39:40Z</time><speed>1.470</speed><sat>16</sat></trkpt>
  <trkpt lat="41.69090330" lon="26.55957535"><ele>72.726</ele><time>2026-10-07T16:39:41Z</time><speed>1.190</speed><sat>16</sat></trkpt>
  <trkpt lat="41.69091119" lon="26.55958815"><ele>70.953</ele><time>2026-10-07T16:39:42Z</time><speed>1.050</speed><sat>18</sat></trkpt>
  <trkpt lat="41.69092361" lon="26.55960235"><ele>71.030</ele><time>2026-10-07T16:39:43Z</time><speed>1.540</speed><sat>17</sat></trkpt>
  <trkpt lat="41.69093659" lon="26.55961748"><ele>70.847</ele><time>2026-10-07T16:39:44Z</time><speed>1.370</speed><sat>16</sat></trkpt>
  <trkpt lat="41.69094856" lon="26.55962955"><ele>70.939</ele><time>2026-10-07T16:39:45Z</time><speed>1.230</speed><sat>16</sat></trkpt>
  <trkpt lat="41.69095976" lon="26.55963830"><ele>70.469</ele><time>2026-10-07T16:39:46Z</time><speed>1.130</speed><sat>16</sat></trkpt>
  <trkpt lat="41.69097290" lon="26.55964931"><ele>69.978</ele><time>2026-10-07T16:39:47Z</time><speed>1.530</speed><sat>16</sat></trkpt>
  <trkpt lat="41.69098299" lon="26.55966344"><ele>69.779</ele><time>2026-10-07T16:39:48Z</time><speed>1.440</speed><sat>17</sat></trkpt>
  <trkpt lat="41.69098992" lon="26.55968051"><ele>69.525</ele><time>2026-10-07T16:39:49Z</time><speed>1.290</speed><sat>17</sat></trkpt>
  <trkpt lat="41.69099512" lon="26.55969861"><ele>70.115</ele><time>2026-10-07T16:39:50Z</time><speed>1.300</speed><sat>15</sat></trkpt>
  <trkpt lat="41.69100001" lon="26.55971392"><ele>71.198</ele><time>2026-10-07T16:39:51Z</time><speed>1.260</speed><sat>15</sat></trkpt>
  <trkpt lat="41.69100425" lon="26.55973280"><ele>69.605</ele><time>2026-10-07T16:39:52Z</time><speed>1.340</speed><sat>16</sat></trkpt>
  <trkpt lat="41.69100959" lon="26.55975320"><ele>69.764</ele><time>2026-10-07T16:39:53Z</time><speed>1.260</speed><sat>16</sat></trkpt>
  <trkpt lat="41.69101536" lon="26.55977326"><ele>69.047</ele><time>2026-10-07T16:39:54Z</time><speed>1.350</speed><sat>18</sat></trkpt>
  <trkpt lat="41.69102178" lon="26.55979556"><ele>69.455</ele><time>2026-10-07T16:39:55Z</time><speed>1.380</speed><sat>19</sat></trkpt>
  <trkpt lat="41.69102656" lon="26.55980902"><ele>68.317</ele><time>2026-10-07T16:39:56Z</time><speed>0.410</speed><sat>22</sat></trkpt>
  <trkpt lat="41.69102900" lon="26.55981242"><ele>67.816</ele><time>2026-10-07T16:39:57Z</time><speed>0.300</speed><sat>22</sat></trkpt>
  <trkpt lat="41.69102909" lon="26.55980629"><ele>67.665</ele><time>2026-10-07T16:39:58Z</time><speed>0.960</speed><sat>24</sat></trkpt>
  <trkpt lat="41.69102940" lon="26.55979962"><ele>67.812</ele><time>2026-10-07T16:39:59Z</time><speed>0.230</speed><sat>26</sat></trkpt>
  <trkpt lat="41.69102801" lon="26.55979279"><ele>66.955</ele><time>2026-10-07T16:40:00Z</time><speed>0.510</speed><sat>26</sat></trkpt>
  <trkpt lat="41.69102430" lon="26.55978594"><ele>64.840</ele><time>2026-10-07T16:40:01Z</time><speed>0.290</speed><sat>26</sat></trkpt>
  <trkpt lat="41.69101938" lon="26.55978070"><ele>65.209</ele><time>2026-10-07T16:40:02Z</time><speed>0.540</speed><sat>24</sat></trkpt>
  <trkpt lat="41.69101196" lon="26.55977645"><ele>64.887</ele><time>2026-10-07T16:40:03Z</time><speed>0.820</speed><sat>23</sat></trkpt>
  <trkpt lat="41.69100476" lon="26.55977101"><ele>64.512</ele><time>2026-10-07T16:40:04Z</time><speed>0.660</speed><sat>22</sat></trkpt>
  <trkpt lat="41.69099498" lon="26.55976208"><ele>64.008</ele><time>2026-10-07T16:40:05Z</time><speed>0.810</speed><sat>22</sat></trkpt>
  <trkpt lat="41.69098671" lon="26.55975073"><ele>63.482</ele><time>2026-10-07T16:40:06Z</time><speed>1.050</speed><sat>20</sat></trkpt>
  <trkpt lat="41.69097853" lon="26.55973814"><ele>63.514</ele><time>2026-10-07T16:40:07Z</time><speed>1.080</speed><sat>18</sat></trkpt>
  <trkpt lat="41.69097237" lon="26.55972776"><ele>62.951</ele><time>2026-10-07T16:40:08Z</time><speed>0.620</speed><sat>18</sat></trkpt>
  <trkpt lat="41.69096070" lon="26.55971973"><ele>62.431</ele><time>2026-10-07T16:40:09Z</time><speed>1.100</speed><sat>18</sat></trkpt>
  <trkpt lat="41.69094934" lon="26.55971182"><ele>62.481</ele><time>2026-10-07T16:40:10Z</time><speed>0.950</speed><sat>19</sat></trkpt>
  <trkpt lat="41.69094044" lon="26.55970497"><ele>63.127</ele><time>2026-10-07T16:40:11Z</time><speed>0.550</speed><sat>19</sat></trkpt>
  <trkpt lat="41.69093542" lon="26.55968894"><ele>61.710</ele><time>2026-10-07T16:40:12Z</time><speed>1.360</speed><sat>19</sat></trkpt>
  <trkpt lat="41.69093024" lon="26.55966737"><ele>61.776</ele><time>2026-10-07T16:40:13Z</time><speed>1.170</speed><sat>19</sat></trkpt>
  <trkpt lat="41.69092215" lon="26.55964189"><ele>63.351</ele><time>2026-10-07T16:40:14Z</time><speed>1.520</speed><sat>18</sat></trkpt>
  <trkpt lat="41.69091198" lon="26.55961692"><ele>63.943</ele><time>2026-10-07T16:40:15Z</time><speed>1.400</speed><sat>19</sat></trkpt>
  <trkpt lat="41.69089681" lon="26.55959430"><ele>66.164</ele><time>2026-10-07T16:40:16Z</time><speed>1.380</speed><sat>19</sat></trkpt>
  <trkpt lat="41.69088140" lon="26.55957479"><ele>67.216</ele><time>2026-10-07T16:40:17Z</time><speed>1.420</speed><sat>18</sat></trkpt>
  <trkpt lat="41.69086810" lon="26.55955842"><ele>67.183</ele><time>2026-10-07T16:40:18Z</time><speed>1.210</speed><sat>18</sat></trkpt>
  <trkpt lat="41.69085641" lon="26.55954209"><ele>67.792</ele><time>2026-10-07T16:40:19Z</time><speed>1.260</speed><sat>18</sat></trkpt>
  <trkpt lat="41.69084633" lon="26.55952528"><ele>69.043</ele><time>2026-10-07T16:40:20Z</time><speed>1.260</speed><sat>19</sat></trkpt>
  <trkpt lat="41.69083937" lon="26.55951347"><ele>68.585</ele><time>2026-10-07T16:40:21Z</time><speed>0.290</speed><sat>21</sat></trkpt>
  <trkpt lat="41.69083249" lon="26.55950217"><ele>68.560</ele><time>2026-10-07T16:40:22Z</time><speed>0.000</speed><sat>22</sat></trkpt>
  <trkpt lat="41.69082936" lon="26.55949713"><ele>68.565</ele><time>2026-10-07T16:40:23Z</time><speed>0.000</speed><sat>22</sat></trkpt>
  <trkpt lat="41.69082777" lon="26.55949459"><ele>68.560</ele><time>2026-10-07T16:40:24Z</time><speed>0.000</speed><sat>22</sat></trkpt>
  <trkpt lat="41.69082687" lon="26.55949332"><ele>68.570</ele><time>2026-10-07T16:40:25Z</time><speed>0.000</speed><sat>22</sat></trkpt>
  <trkpt lat="41.69082635" lon="26.55949267"><ele>68.577</ele><time>2026-10-07T16:40:26Z</time><speed>0.000</speed><sat>24</sat></trkpt>
  <trkpt lat="41.69082603" lon="26.55949238"><ele>68.582</ele><time>2026-10-07T16:40:27Z</time><speed>0.000</speed><sat>22</sat></trkpt>
  <trkpt lat="41.69082580" lon="26.55949224"><ele>68.597</ele><time>2026-10-07T16:40:28Z</time><speed>0.000</speed><sat>23</sat></trkpt>
  <trkpt lat="41.69082564" lon="26.55949206"><ele>68.620</ele><time>2026-10-07T16:40:29Z</time><speed>0.000</speed><sat>23</sat></trkpt>
  <trkpt lat="41.69082204" lon="26.55948887"><ele>68.788</ele><time>2026-10-07T16:40:30Z</time><speed>0.700</speed><sat>24</sat></trkpt>
  <trkpt lat="41.69081788" lon="26.55948219"><ele>69.262</ele><time>2026-10-07T16:40:31Z</time><speed>0.650</speed><sat>28</sat></trkpt>
  <trkpt lat="41.69081674" lon="26.55947901"><ele>68.766</ele><time>2026-10-07T16:40:32Z</time><speed>0.240</speed><sat>28</sat></trkpt>
  <trkpt lat="41.69081506" lon="26.55947695"><ele>70.296</ele><time>2026-10-07T16:40:33Z</time><speed>0.370</speed><sat>28</sat></trkpt>
  <trkpt lat="41.69081087" lon="26.55946849"><ele>70.920</ele><time>2026-10-07T16:40:34Z</time><speed>0.840</speed><sat>28</sat></trkpt>
  <trkpt lat="41.69080614" lon="26.55945571"><ele>71.788</ele><time>2026-10-07T16:40:35Z</time><speed>1.270</speed><sat>28</sat></trkpt>
  <trkpt lat="41.69080185" lon="26.55944279"><ele>71.599</ele><time>2026-10-07T16:40:36Z</time><speed>1.120</speed><sat>29</sat></trkpt>
  <trkpt lat="41.69079805" lon="26.55943110"><ele>71.254</ele><time>2026-10-07T16:40:37Z</time><speed>1.100</speed><sat>30</sat></trkpt>
  <trkpt lat="41.69079434" lon="26.55941717"><ele>71.522</ele><time>2026-10-07T16:40:38Z</time><speed>1.380</speed><sat>30</sat></trkpt>
  <trkpt lat="41.69079137" lon="26.55940275"><ele>71.911</ele><time>2026-10-07T16:40:39Z</time><speed>1.230</speed><sat>29</sat></trkpt>
  <trkpt lat="41.69079109" lon="26.55938871"><ele>71.588</ele><time>2026-10-07T16:40:40Z</time><speed>1.230</speed><sat>31</sat></trkpt>
  <trkpt lat="41.69079281" lon="26.55937310"><ele>71.868</ele><time>2026-10-07T16:40:41Z</time><speed>1.440</speed><sat>32</sat></trkpt>
  <trkpt lat="41.69079791" lon="26.55935732"><ele>72.737</ele><time>2026-10-07T16:40:42Z</time><speed>1.480</speed><sat>32</sat></trkpt>
  <trkpt lat="41.69080668" lon="26.55934387"><ele>71.988</ele><time>2026-10-07T16:40:43Z</time><speed>1.570</speed><sat>32</sat></trkpt>
  <trkpt lat="41.69081850" lon="26.55933123"><ele>71.750</ele><time>2026-10-07T16:40:44Z</time><speed>1.640</speed><sat>33</sat></trkpt>
  <trkpt lat="41.69083041" lon="26.55932057"><ele>72.063</ele><time>2026-10-07T16:40:45Z</time><speed>1.460</speed><sat>33</sat></trkpt>
  <trkpt lat="41.69084266" lon="26.55931551"><ele>71.549</ele><time>2026-10-07T16:40:46Z</time><speed>1.410</speed><sat>32</sat></trkpt>
  <trkpt lat="41.69085579" lon="26.55931313"><ele>71.413</ele><time>2026-10-07T16:40:47Z</time><speed>1.450</speed><sat>33</sat></trkpt>
  <trkpt lat="41.69086945" lon="26.55931525"><ele>71.045</ele><time>2026-10-07T16:40:48Z</time><speed>1.360</speed><sat>33</sat></trkpt>
  <trkpt lat="41.69088214" lon="26.55931735"><ele>72.304</ele><time>2026-10-07T16:40:49Z</time><speed>1.350</speed><sat>34</sat></trkpt>
  <trkpt lat="41.69089442" lon="26.55931943"><ele>72.480</ele><time>2026-10-07T16:40:50Z</time><speed>1.360</speed><sat>34</sat></trkpt>
  <trkpt lat="41.69090761" lon="26.55932547"><ele>71.654</ele><time>2026-10-07T16:40:51Z</time><speed>1.710</speed><sat>34</sat></trkpt>
  <trkpt lat="41.69092106" lon="26.55932810"><ele>71.896</ele><time>2026-10-07T16:40:52Z</time><speed>1.510</speed><sat>34</sat></trkpt>
  <trkpt lat="41.69093233" lon="26.55933023"><ele>72.207</ele><time>2026-10-07T16:40:53Z</time><speed>1.290</speed><sat>34</sat></trkpt>
  <trkpt lat="41.69094173" lon="26.55933053"><ele>72.295</ele><time>2026-10-07T16:40:54Z</time><speed>1.250</speed><sat>34</sat></trkpt>
  <trkpt lat="41.69095149" lon="26.55932936"><ele>72.295</ele><time>2026-10-07T16:40:55Z</time><speed>1.320</speed><sat>34</sat></trkpt>
  <trkpt lat="41.69096452" lon="26.55933006"><ele>72.482</ele><time>2026-10-07T16:40:56Z</time><speed>1.560</speed><sat>34</sat></trkpt>
  <trkpt lat="41.69097807" lon="26.55932266"><ele>73.286</ele><time>2026-10-07T16:40:57Z</time><speed>1.730</speed><sat>35</sat></trkpt>
  <trkpt lat="41.69099161" lon="26.55931487"><ele>73.129</ele><time>2026-10-07T16:40:58Z</time><speed>1.630</speed><sat>35</sat></trkpt>
  <trkpt lat="41.69100274" lon="26.55930382"><ele>73.793</ele><time>2026-10-07T16:40:59Z</time><speed>1.640</speed><sat>33</sat></trkpt>
  <trkpt lat="41.69101570" lon="26.55929329"><ele>74.847</ele><time>2026-10-07T16:41:00Z</time><speed>1.740</speed><sat>34</sat></trkpt>
  <trkpt lat="41.69102817" lon="26.55928905"><ele>74.190</ele><time>2026-10-07T16:41:01Z</time><speed>1.410</speed><sat>34</sat></trkpt>
  <trkpt lat="41.69104113" lon="26.55928808"><ele>74.193</ele><time>2026-10-07T16:41:02Z</time><speed>1.400</speed><sat>34</sat></trkpt>
  <trkpt lat="41.69105378" lon="26.55929037"><ele>74.057</ele><time>2026-10-07T16:41:03Z</time><speed>1.420</speed><sat>33</sat></trkpt>
  <trkpt lat="41.69106676" lon="26.55929339"><ele>74.215</ele><time>2026-10-07T16:41:04Z</time><speed>1.430</speed><sat>33</sat></trkpt>
  <trkpt lat="41.69107947" lon="26.55928846"><ele>73.823</ele><time>2026-10-07T16:41:05Z</time><speed>1.820</speed><sat>33</sat></trkpt>
  <trkpt lat="41.69109046" lon="26.55928037"><ele>73.492</ele><time>2026-10-07T16:41:06Z</time><speed>1.410</speed><sat>33</sat></trkpt>
  <trkpt lat="41.69110133" lon="26.55927327"><ele>74.227</ele><time>2026-10-07T16:41:07Z</time><speed>1.730</speed><sat>33</sat></trkpt>
  <trkpt lat="41.69111301" lon="26.55926943"><ele>74.872</ele><time>2026-10-07T16:41:08Z</time><speed>1.550</speed><sat>33</sat></trkpt>
  <trkpt lat="41.69112079" lon="26.55927129"><ele>74.537</ele><time>2026-10-07T16:41:09Z</time><speed>1.050</speed><sat>33</sat></trkpt>
  <trkpt lat="41.69112808" lon="26.55927211"><ele>75.817</ele><time>2026-10-07T16:41:10Z</time><speed>1.250</speed><sat>33</sat></trkpt>
  <trkpt lat="41.69113702" lon="26.55927543"><ele>75.545</ele><time>2026-10-07T16:41:11Z</time><speed>1.220</speed><sat>33</sat></trkpt>
  <trkpt lat="41.69114576" lon="26.55927819"><ele>76.460</ele><time>2026-10-07T16:41:12Z</time><speed>1.200</speed><sat>33</sat></trkpt>
  <trkpt lat="41.69115599" lon="26.55928068"><ele>77.082</ele><time>2026-10-07T16:41:13Z</time><speed>1.350</speed><sat>33</sat></trkpt>
  <trkpt lat="41.69117355" lon="26.55929358"><ele>76.758</ele><time>2026-10-07T16:41:14Z</time><speed>2.380</speed><sat>33</sat></trkpt>
  <trkpt lat="41.69119260" lon="26.55930409"><ele>76.930</ele><time>2026-10-07T16:41:15Z</time><speed>1.890</speed><sat>33</sat></trkpt>
  <trkpt lat="41.69120714" lon="26.55931277"><ele>77.012</ele><time>2026-10-07T16:41:16Z</time><speed>1.600</speed><sat>33</sat></trkpt>
  <trkpt lat="41.69121995" lon="26.55931540"><ele>77.373</ele><time>2026-10-07T16:41:17Z</time><speed>1.500</speed><sat>33</sat></trkpt>
  <trkpt lat="41.69123376" lon="26.55931649"><ele>77.248</ele><time>2026-10-07T16:41:18Z</time><speed>1.560</speed><sat>33</sat></trkpt>
  <trkpt lat="41.69124702" lon="26.55931899"><ele>77.275</ele><time>2026-10-07T16:41:19Z</time><speed>1.520</speed><sat>33</sat></trkpt>
  <trkpt lat="41.69125928" lon="26.55932257"><ele>77.267</ele><time>2026-10-07T16:41:20Z</time><speed>1.480</speed><sat>33</sat></trkpt>
  <trkpt lat="41.69126931" lon="26.55933137"><ele>76.813</ele><time>2026-10-07T16:41:21Z</time><speed>1.560</speed><sat>31</sat></trkpt>
  <trkpt lat="41.69127946" lon="26.55934598"><ele>76.492</ele><time>2026-10-07T16:41:22Z</time><speed>1.850</speed><sat>32</sat></trkpt>
  <trkpt lat="41.69128695" lon="26.55935542"><ele>76.767</ele><time>2026-10-07T16:41:23Z</time><speed>1.130</speed><sat>32</sat></trkpt>
  <trkpt lat="41.69129105" lon="26.55936146"><ele>76.685</ele><time>2026-10-07T16:41:24Z</time><speed>1.040</speed><sat>33</sat></trkpt>
  <trkpt lat="41.69129482" lon="26.55936461"><ele>77.413</ele><time>2026-10-07T16:41:25Z</time><speed>0.990</speed><sat>33</sat></trkpt>
  <trkpt lat="41.69129925" lon="26.55936990"><ele>77.291</ele><time>2026-10-07T16:41:26Z</time><speed>1.180</speed><sat>33</sat></trkpt>
  <trkpt lat="41.69130411" lon="26.55938076"><ele>76.534</ele><time>2026-10-07T16:41:27Z</time><speed>1.370</speed><sat>33</sat></trkpt>
  <trkpt lat="41.69130940" lon="26.55939553"><ele>76.527</ele><time>2026-10-07T16:41:28Z</time><speed>1.450</speed><sat>33</sat></trkpt>
  <trkpt lat="41.69130948" lon="26.55941325"><ele>76.170</ele><time>2026-10-07T16:41:29Z</time><speed>1.600</speed><sat>32</sat></trkpt>
  <trkpt lat="41.69130745" lon="26.55943210"><ele>76.604</ele><time>2026-10-07T16:41:30Z</time><speed>1.520</speed><sat>32</sat></trkpt>
  <trkpt lat="41.69130482" lon="26.55944974"><ele>77.111</ele><time>2026-10-07T16:41:31Z</time><speed>1.480</speed><sat>30</sat></trkpt>
  <trkpt lat="41.69129957" lon="26.55946514"><ele>76.767</ele><time>2026-10-07T16:41:32Z</time><speed>1.350</speed><sat>30</sat></trkpt>
  <trkpt lat="41.69129506" lon="26.55948037"><ele>76.439</ele><time>2026-10-07T16:41:33Z</time><speed>1.370</speed><sat>30</sat></trkpt>
  <trkpt lat="41.69129026" lon="26.55949533"><ele>76.031</ele><time>2026-10-07T16:41:34Z</time><speed>1.320</speed><sat>30</sat></trkpt>
  <trkpt lat="41.69128540" lon="26.55950972"><ele>76.060</ele><time>2026-10-07T16:41:35Z</time><speed>1.300</speed><sat>31</sat></trkpt>
  <trkpt lat="41.69128260" lon="26.55952382"><ele>76.353</ele><time>2026-10-07T16:41:36Z</time><speed>1.310</speed><sat>29</sat></trkpt>
  <trkpt lat="41.69128267" lon="26.55953540"><ele>76.183</ele><time>2026-10-07T16:41:37Z</time><speed>1.130</speed><sat>30</sat></trkpt>
  <trkpt lat="41.69128678" lon="26.55954439"><ele>75.814</ele><time>2026-10-07T16:41:38Z</time><speed>1.250</speed><sat>31</sat></trkpt>
  <trkpt lat="41.69129292" lon="26.55955354"><ele>75.520</ele><time>2026-10-07T16:41:39Z</time><speed>1.370</speed><sat>31</sat></trkpt>
  <trkpt lat="41.69129797" lon="26.55956369"><ele>75.796</ele><time>2026-10-07T16:41:40Z</time><speed>1.320</speed><sat>32</sat></trkpt>
  <trkpt lat="41.69129975" lon="26.55957612"><ele>75.928</ele><time>2026-10-07T16:41:41Z</time><speed>1.380</speed><sat>31</sat></trkpt>
  <trkpt lat="41.69130170" lon="26.55959060"><ele>76.429</ele><time>2026-10-07T16:41:42Z</time><speed>1.460</speed><sat>31</sat></trkpt>
  <trkpt lat="41.69130399" lon="26.55960284"><ele>75.283</ele><time>2026-10-07T16:41:43Z</time><speed>1.200</speed><sat>31</sat></trkpt>
  <trkpt lat="41.69130701" lon="26.55961416"><ele>74.987</ele><time>2026-10-07T16:41:44Z</time><speed>1.250</speed><sat>31</sat></trkpt>
  <trkpt lat="41.69131195" lon="26.55962436"><ele>74.459</ele><time>2026-10-07T16:41:45Z</time><speed>1.250</speed><sat>31</sat></trkpt>
  <trkpt lat="41.69131795" lon="26.55963359"><ele>74.302</ele><time>2026-10-07T16:41:46Z</time><speed>1.240</speed><sat>30</sat></trkpt>
  <trkpt lat="41.69132411" lon="26.55964432"><ele>73.729</ele><time>2026-10-07T16:41:47Z</time><speed>1.330</speed><sat>29</sat></trkpt>
  <trkpt lat="41.69132970" lon="26.55965636"><ele>74.004</ele><time>2026-10-07T16:41:48Z</time><speed>1.300</speed><sat>29</sat></trkpt>
  <trkpt lat="41.69133494" lon="26.55966692"><ele>73.859</ele><time>2026-10-07T16:41:49Z</time><speed>1.110</speed><sat>29</sat></trkpt>
  <trkpt lat="41.69134021" lon="26.55967812"><ele>73.860</ele><time>2026-10-07T16:41:50Z</time><speed>1.320</speed><sat>29</sat></trkpt>
  <trkpt lat="41.69134579" lon="26.55968837"><ele>73.434</ele><time>2026-10-07T16:41:51Z</time><speed>1.150</speed><sat>29</sat></trkpt>
  <trkpt lat="41.69135111" lon="26.55969767"><ele>73.807</ele><time>2026-10-07T16:41:52Z</time><speed>1.170</speed><sat>29</sat></trkpt>
  <trkpt lat="41.69135641" lon="26.55970632"><ele>73.925</ele><time>2026-10-07T16:41:53Z</time><speed>1.150</speed><sat>29</sat></trkpt>
  <trkpt lat="41.69136081" lon="26.55971352"><ele>73.705</ele><time>2026-10-07T16:41:54Z</time><speed>0.970</speed><sat>31</sat></trkpt>
  <trkpt lat="41.69136464" lon="26.55971845"><ele>73.560</ele><time>2026-10-07T16:41:55Z</time><speed>0.560</speed><sat>32</sat></trkpt>
  <trkpt lat="41.69136765" lon="26.55972330"><ele>73.985</ele><time>2026-10-07T16:41:56Z</time><speed>0.530</speed><sat>32</sat></trkpt>
  <trkpt lat="41.69137061" lon="26.55972815"><ele>74.163</ele><time>2026-10-07T16:41:57Z</time><speed>0.560</speed><sat>31</sat></trkpt>
  <trkpt lat="41.69137417" lon="26.55973174"><ele>73.912</ele><time>2026-10-07T16:41:58Z</time><speed>0.390</speed><sat>31</sat></trkpt>
  <trkpt lat="41.69137658" lon="26.55973311"><ele>74.100</ele><time>2026-10-07T16:41:59Z</time><speed>0.000</speed><sat>32</sat></trkpt>
  <trkpt lat="41.69137722" lon="26.55973326"><ele>74.058</ele><time>2026-10-07T16:42:00Z</time><speed>0.000</speed><sat>32</sat></trkpt>
  <trkpt lat="41.69137747" lon="26.55973202"><ele>74.062</ele><time>2026-10-07T16:42:01Z</time><speed>0.000</speed><sat>31</sat></trkpt>
  <trkpt lat="41.69137744" lon="26.55973116"><ele>74.063</ele><time>2026-10-07T16:42:02Z</time><speed>0.000</speed><sat>31</sat></trkpt>
  <trkpt lat="41.69137740" lon="26.55973077"><ele>74.066</ele><time>2026-10-07T16:42:03Z</time><speed>0.000</speed><sat>31</sat></trkpt>
  <trkpt lat="41.69137738" lon="26.55973058"><ele>74.070</ele><time>2026-10-07T16:42:04Z</time><speed>0.000</speed><sat>31</sat></trkpt>
  <trkpt lat="41.69137736" lon="26.55973052"><ele>74.072</ele><time>2026-10-07T16:42:05Z</time><speed>0.000</speed><sat>30</sat></trkpt>
  <trkpt lat="41.69137699" lon="26.55973098"><ele>74.128</ele><time>2026-10-07T16:42:06Z</time><speed>0.000</speed><sat>30</sat></trkpt>
  <trkpt lat="41.69137809" lon="26.55973054"><ele>73.793</ele><time>2026-10-07T16:42:07Z</time><speed>0.210</speed><sat>31</sat></trkpt>
  <trkpt lat="41.69137949" lon="26.55972773"><ele>73.793</ele><time>2026-10-07T16:42:08Z</time><speed>0.000</speed><sat>31</sat></trkpt>
  <trkpt lat="41.69137993" lon="26.55972578"><ele>73.792</ele><time>2026-10-07T16:42:09Z</time><speed>0.000</speed><sat>31</sat></trkpt>
  <trkpt lat="41.69138013" lon="26.55972478"><ele>73.791</ele><time>2026-10-07T16:42:10Z</time><speed>0.000</speed><sat>31</sat></trkpt>
  <trkpt lat="41.69137919" lon="26.55972337"><ele>73.666</ele><time>2026-10-07T16:42:11Z</time><speed>0.000</speed><sat>31</sat></trkpt>
  <trkpt lat="41.69137859" lon="26.55972265"><ele>73.674</ele><time>2026-10-07T16:42:12Z</time><speed>0.000</speed><sat>30</sat></trkpt>
  <trkpt lat="41.69137830" lon="26.55972231"><ele>73.674</ele><time>2026-10-07T16:42:13Z</time><speed>0.000</speed><sat>30</sat></trkpt>
  <trkpt lat="41.69137815" lon="26.55972215"><ele>73.675</ele><time>2026-10-07T16:42:14Z</time><speed>0.000</speed><sat>28</sat></trkpt>
  <trkpt lat="41.69137806" lon="26.55972209"><ele>73.675</ele><time>2026-10-07T16:42:15Z</time><speed>0.000</speed><sat>28</sat></trkpt>
  <trkpt lat="41.69137800" lon="26.55972206"><ele>73.676</ele><time>2026-10-07T16:42:16Z</time><speed>0.000</speed><sat>28</sat></trkpt>
  <trkpt lat="41.69137794" lon="26.55972205"><ele>73.677</ele><time>2026-10-07T16:42:17Z</time><speed>0.000</speed><sat>29</sat></trkpt>
  <trkpt lat="41.69137788" lon="26.55972207"><ele>73.678</ele><time>2026-10-07T16:42:18Z</time><speed>0.000</speed><sat>30</sat></trkpt>
  <trkpt lat="41.69137783" lon="26.55972208"><ele>73.680</ele><time>2026-10-07T16:42:19Z</time><speed>0.000</speed><sat>30</sat></trkpt>
  <trkpt lat="41.69137759" lon="26.55972277"><ele>73.873</ele><time>2026-10-07T16:42:20Z</time><speed>0.000</speed><sat>29</sat></trkpt>
  <trkpt lat="41.69137496" lon="26.55972328"><ele>74.326</ele><time>2026-10-07T16:42:21Z</time><speed>0.270</speed><sat>30</sat></trkpt>
  <trkpt lat="41.69137168" lon="26.55972224"><ele>74.327</ele><time>2026-10-07T16:42:22Z</time><speed>0.000</speed><sat>30</sat></trkpt>
  <trkpt lat="41.69137053" lon="26.55972142"><ele>74.328</ele><time>2026-10-07T16:42:23Z</time><speed>0.000</speed><sat>30</sat></trkpt>
  <trkpt lat="41.69136991" lon="26.55972102"><ele>74.330</ele><time>2026-10-07T16:42:24Z</time><speed>0.000</speed><sat>30</sat></trkpt>
  <trkpt lat="41.69136957" lon="26.55972083"><ele>74.330</ele><time>2026-10-07T16:42:25Z</time><speed>0.000</speed><sat>30</sat></trkpt>
  <trkpt lat="41.69136940" lon="26.55972075"><ele>74.334</ele><time>2026-10-07T16:42:26Z</time><speed>0.000</speed><sat>30</sat></trkpt>
  <trkpt lat="41.69136930" lon="26.55972072"><ele>74.340</ele><time>2026-10-07T16:42:27Z</time><speed>0.000</speed><sat>29</sat></trkpt>
  <trkpt lat="41.69136925" lon="26.55972072"><ele>74.347</ele><time>2026-10-07T16:42:28Z</time><speed>0.000</speed><sat>28</sat></trkpt>
  <trkpt lat="41.69136922" lon="26.55972072"><ele>74.353</ele><time>2026-10-07T16:42:29Z</time><speed>0.000</speed><sat>27</sat></trkpt>
  <trkpt lat="41.69136920" lon="26.55972072"><ele>74.356</ele><time>2026-10-07T16:42:30Z</time><speed>0.000</speed><sat>27</sat></trkpt>
  <trkpt lat="41.69136918" lon="26.55972074"><ele>74.360</ele><time>2026-10-07T16:42:31Z</time><speed>0.000</speed><sat>27</sat></trkpt>
  <trkpt lat="41.69136916" lon="26.55972076"><ele>74.365</ele><time>2026-10-07T16:42:32Z</time><speed>0.000</speed><sat>27</sat></trkpt>
  <trkpt lat="41.69136915" lon="26.55972079"><ele>74.373</ele><time>2026-10-07T16:42:33Z</time><speed>0.000</speed><sat>26</sat></trkpt>
  <trkpt lat="41.69136914" lon="26.55972080"><ele>74.374</ele><time>2026-10-07T16:42:34Z</time><speed>0.000</speed><sat>26</sat></trkpt>
  <trkpt lat="41.69136865" lon="26.55972140"><ele>74.447</ele><time>2026-10-07T16:42:35Z</time><speed>0.000</speed><sat>27</sat></trkpt>
  <trkpt lat="41.69136812" lon="26.55972197"><ele>74.365</ele><time>2026-10-07T16:42:36Z</time><speed>0.150</speed><sat>27</sat></trkpt>
  <trkpt lat="41.69136721" lon="26.55972437"><ele>73.943</ele><time>2026-10-07T16:42:37Z</time><speed>0.210</speed><sat>28</sat></trkpt>
  <trkpt lat="41.69136851" lon="26.55972791"><ele>74.266</ele><time>2026-10-07T16:42:38Z</time><speed>0.230</speed><sat>28</sat></trkpt>
  <trkpt lat="41.69137138" lon="26.55973001"><ele>74.260</ele><time>2026-10-07T16:42:39Z</time><speed>0.000</speed><sat>28</sat></trkpt>
  <trkpt lat="41.69137392" lon="26.55973298"><ele>73.767</ele><time>2026-10-07T16:42:40Z</time><speed>0.260</speed><sat>28</sat></trkpt>
  <trkpt lat="41.69137602" lon="26.55973540"><ele>73.764</ele><time>2026-10-07T16:42:41Z</time><speed>0.000</speed><sat>29</sat></trkpt>
  <trkpt lat="41.69137663" lon="26.55973608"><ele>73.765</ele><time>2026-10-07T16:42:42Z</time><speed>0.000</speed><sat>29</sat></trkpt>
  <trkpt lat="41.69137696" lon="26.55973637"><ele>73.772</ele><time>2026-10-07T16:42:43Z</time><speed>0.000</speed><sat>28</sat></trkpt>
  <trkpt lat="41.69137713" lon="26.55973648"><ele>73.780</ele><time>2026-10-07T16:42:44Z</time><speed>0.000</speed><sat>29</sat></trkpt>
  <trkpt lat="41.69137721" lon="26.55973653"><ele>73.781</ele><time>2026-10-07T16:42:45Z</time><speed>0.000</speed><sat>29</sat></trkpt>
  <trkpt lat="41.69137728" lon="26.55973652"><ele>73.781</ele><time>2026-10-07T16:42:46Z</time><speed>0.000</speed><sat>29</sat></trkpt>
  <trkpt lat="41.69137731" lon="26.55973649"><ele>73.786</ele><time>2026-10-07T16:42:47Z</time><speed>0.000</speed><sat>28</sat></trkpt>
  <trkpt lat="41.69137735" lon="26.55973646"><ele>73.791</ele><time>2026-10-07T16:42:48Z</time><speed>0.000</speed><sat>28</sat></trkpt>
  <trkpt lat="41.69137739" lon="26.55973644"><ele>73.795</ele><time>2026-10-07T16:42:49Z</time><speed>0.000</speed><sat>30</sat></trkpt>
  <trkpt lat="41.69137742" lon="26.55973644"><ele>73.803</ele><time>2026-10-07T16:42:50Z</time><speed>0.000</speed><sat>31</sat></trkpt>
  <trkpt lat="41.69137743" lon="26.55973643"><ele>73.807</ele><time>2026-10-07T16:42:51Z</time><speed>0.000</speed><sat>31</sat></trkpt>
  <trkpt lat="41.69137745" lon="26.55973644"><ele>73.816</ele><time>2026-10-07T16:42:52Z</time><speed>0.000</speed><sat>31</sat></trkpt>
  <trkpt lat="41.69137745" lon="26.55973642"><ele>73.821</ele><time>2026-10-07T16:42:53Z</time><speed>0.000</speed><sat>31</sat></trkpt>
  <trkpt lat="41.69137743" lon="26.55973641"><ele>73.820</ele><time>2026-10-07T16:42:54Z</time><speed>0.000</speed><sat>31</sat></trkpt>
  <trkpt lat="41.69137741" lon="26.55973640"><ele>73.821</ele><time>2026-10-07T16:42:55Z</time><speed>0.000</speed><sat>30</sat></trkpt>
  <trkpt lat="41.69137737" lon="26.55973638"><ele>73.817</ele><time>2026-10-07T16:42:56Z</time><speed>0.000</speed><sat>30</sat></trkpt>
  <trkpt lat="41.69137729" lon="26.55973634"><ele>73.815</ele><time>2026-10-07T16:42:57Z</time><speed>0.000</speed><sat>30</sat></trkpt>
  <trkpt lat="41.69137720" lon="26.55973629"><ele>73.815</ele><time>2026-10-07T16:42:58Z</time><speed>0.000</speed><sat>29</sat></trkpt>
  <trkpt lat="41.69137709" lon="26.55973626"><ele>73.814</ele><time>2026-10-07T16:42:59Z</time><speed>0.000</speed><sat>29</sat></trkpt>
  <trkpt lat="41.69137700" lon="26.55973624"><ele>73.810</ele><time>2026-10-07T16:43:00Z</time><speed>0.000</speed><sat>28</sat></trkpt>
  <trkpt lat="41.69137497" lon="26.55973634"><ele>73.976</ele><time>2026-10-07T16:43:01Z</time><speed>0.450</speed><sat>28</sat></trkpt>
  <trkpt lat="41.69137318" lon="26.55973497"><ele>73.976</ele><time>2026-10-07T16:43:02Z</time><speed>0.000</speed><sat>27</sat></trkpt>
  <trkpt lat="41.69137257" lon="26.55973371"><ele>73.989</ele><time>2026-10-07T16:43:03Z</time><speed>0.000</speed><sat>27</sat></trkpt>
  <trkpt lat="41.69137233" lon="26.55973273"><ele>73.731</ele><time>2026-10-07T16:43:04Z</time><speed>0.200</speed><sat>28</sat></trkpt>
  <trkpt lat="41.69137495" lon="26.55973355"><ele>73.732</ele><time>2026-10-07T16:43:05Z</time><speed>0.540</speed><sat>28</sat></trkpt>
  <trkpt lat="41.69137670" lon="26.55973565"><ele>73.656</ele><time>2026-10-07T16:43:06Z</time><speed>0.000</speed><sat>28</sat></trkpt>
  <trkpt lat="41.69137637" lon="26.55973630"><ele>73.656</ele><time>2026-10-07T16:43:07Z</time><speed>0.000</speed><sat>27</sat></trkpt>
  <trkpt lat="41.69137619" lon="26.55973663"><ele>73.652</ele><time>2026-10-07T16:43:08Z</time><speed>0.000</speed><sat>26</sat></trkpt>
  <trkpt lat="41.69137689" lon="26.55973534"><ele>73.258</ele><time>2026-10-07T16:43:09Z</time><speed>0.290</speed><sat>27</sat></trkpt>
  <trkpt lat="41.69137932" lon="26.55973491"><ele>72.562</ele><time>2026-10-07T16:43:10Z</time><speed>0.230</speed><sat>28</sat></trkpt>
  <trkpt lat="41.69138170" lon="26.55973740"><ele>72.478</ele><time>2026-10-07T16:43:11Z</time><speed>0.390</speed><sat>27</sat></trkpt>
  <trkpt lat="41.69138563" lon="26.55973792"><ele>71.310</ele><time>2026-10-07T16:43:12Z</time><speed>0.460</speed><sat>28</sat></trkpt>
  <trkpt lat="41.69139550" lon="26.55974410"><ele>72.329</ele><time>2026-10-07T16:43:13Z</time><speed>1.450</speed><sat>28</sat></trkpt>
  <trkpt lat="41.69140449" lon="26.55975033"><ele>72.121</ele><time>2026-10-07T16:43:14Z</time><speed>0.670</speed><sat>28</sat></trkpt>
  <trkpt lat="41.69141249" lon="26.55975652"><ele>72.217</ele><time>2026-10-07T16:43:15Z</time><speed>1.270</speed><sat>29</sat></trkpt>
  <trkpt lat="41.69142093" lon="26.55976389"><ele>72.263</ele><time>2026-10-07T16:43:16Z</time><speed>1.120</speed><sat>31</sat></trkpt>
  <trkpt lat="41.69142672" lon="26.55976737"><ele>72.818</ele><time>2026-10-07T16:43:17Z</time><speed>0.420</speed><sat>31</sat></trkpt>
  <trkpt lat="41.69142865" lon="26.55976604"><ele>71.113</ele><time>2026-10-07T16:43:18Z</time><speed>0.160</speed><sat>30</sat></trkpt>
  <trkpt lat="41.69142891" lon="26.55975919"><ele>71.259</ele><time>2026-10-07T16:43:19Z</time><speed>0.000</speed><sat>30</sat></trkpt>
  <trkpt lat="41.69142880" lon="26.55975545"><ele>71.257</ele><time>2026-10-07T16:43:20Z</time><speed>0.000</speed><sat>30</sat></trkpt>
  <trkpt lat="41.69142880" lon="26.55975359"><ele>71.252</ele><time>2026-10-07T16:43:21Z</time><speed>0.000</speed><sat>29</sat></trkpt>
  <trkpt lat="41.69143100" lon="26.55975078"><ele>71.027</ele><time>2026-10-07T16:43:22Z</time><speed>0.370</speed><sat>28</sat></trkpt>
  <trkpt lat="41.69143242" lon="26.55974845"><ele>71.025</ele><time>2026-10-07T16:43:23Z</time><speed>0.000</speed><sat>29</sat></trkpt>
  <trkpt lat="41.69143084" lon="26.55974836"><ele>71.242</ele><time>2026-10-07T16:43:24Z</time><speed>0.000</speed><sat>29</sat></trkpt>
  <trkpt lat="41.69142932" lon="26.55974860"><ele>71.236</ele><time>2026-10-07T16:43:25Z</time><speed>0.000</speed><sat>29</sat></trkpt>
  <trkpt lat="41.69142866" lon="26.55974901"><ele>71.248</ele><time>2026-10-07T16:43:26Z</time><speed>0.000</speed><sat>30</sat></trkpt>
  <trkpt lat="41.69142825" lon="26.55974808"><ele>70.981</ele><time>2026-10-07T16:43:27Z</time><speed>0.000</speed><sat>30</sat></trkpt>
  <trkpt lat="41.69142786" lon="26.55974724"><ele>70.963</ele><time>2026-10-07T16:43:28Z</time><speed>0.000</speed><sat>30</sat></trkpt>
  <trkpt lat="41.69142697" lon="26.55974965"><ele>70.685</ele><time>2026-10-07T16:43:29Z</time><speed>0.180</speed><sat>29</sat></trkpt>
  <trkpt lat="41.69142611" lon="26.55975553"><ele>70.116</ele><time>2026-10-07T16:43:30Z</time><speed>0.490</speed><sat>29</sat></trkpt>
  <trkpt lat="41.69141452" lon="26.55976878"><ele>68.339</ele><time>2026-10-07T16:43:31Z</time><speed>2.050</speed><sat>29</sat></trkpt>
  <trkpt lat="41.69140242" lon="26.55978407"><ele>68.619</ele><time>2026-10-07T16:43:32Z</time><speed>1.550</speed><sat>29</sat></trkpt>
  <trkpt lat="41.69140113" lon="26.55978487"><ele>69.676</ele><time>2026-10-07T16:43:33Z</time><speed>0.490</speed><sat>29</sat></trkpt>
  <trkpt lat="41.69140438" lon="26.55978323"><ele>70.537</ele><time>2026-10-07T16:43:34Z</time><speed>0.580</speed><sat>29</sat></trkpt>
  <trkpt lat="41.69141058" lon="26.55978125"><ele>70.690</ele><time>2026-10-07T16:43:35Z</time><speed>0.210</speed><sat>27</sat></trkpt>
  <trkpt lat="41.69141894" lon="26.55977632"><ele>70.709</ele><time>2026-10-07T16:43:36Z</time><speed>0.330</speed><sat>26</sat></trkpt>
  <trkpt lat="41.69142647" lon="26.55977315"><ele>70.453</ele><time>2026-10-07T16:43:37Z</time><speed>0.270</speed><sat>26</sat></trkpt>
  <trkpt lat="41.69143050" lon="26.55976892"><ele>70.861</ele><time>2026-10-07T16:43:38Z</time><speed>0.000</speed><sat>25</sat></trkpt>
  <trkpt lat="41.69143636" lon="26.55975523"><ele>71.828</ele><time>2026-10-07T16:43:39Z</time><speed>0.000</speed><sat>25</sat></trkpt>
  <trkpt lat="41.69143936" lon="26.55974817"><ele>71.763</ele><time>2026-10-07T16:43:40Z</time><speed>0.000</speed><sat>25</sat></trkpt>
  <trkpt lat="41.69144087" lon="26.55974458"><ele>71.770</ele><time>2026-10-07T16:43:41Z</time><speed>0.000</speed><sat>24</sat></trkpt>
  <trkpt lat="41.69144162" lon="26.55974275"><ele>71.772</ele><time>2026-10-07T16:43:42Z</time><speed>0.000</speed><sat>24</sat></trkpt>
  <trkpt lat="41.69144199" lon="26.55974181"><ele>71.774</ele><time>2026-10-07T16:43:43Z</time><speed>0.000</speed><sat>25</sat></trkpt>
  <trkpt lat="41.69144219" lon="26.55974134"><ele>71.779</ele><time>2026-10-07T16:43:44Z</time><speed>0.000</speed><sat>25</sat></trkpt>
  <trkpt lat="41.69144119" lon="26.55974081"><ele>72.139</ele><time>2026-10-07T16:43:45Z</time><speed>0.210</speed><sat>25</sat></trkpt>
  <trkpt lat="41.69144001" lon="26.55973953"><ele>72.156</ele><time>2026-10-07T16:43:46Z</time><speed>0.000</speed><sat>25</sat></trkpt>
  <trkpt lat="41.69143767" lon="26.55973909"><ele>72.776</ele><time>2026-10-07T16:43:47Z</time><speed>0.260</speed><sat>26</sat></trkpt>
  <trkpt lat="41.69143431" lon="26.55973934"><ele>72.841</ele><time>2026-10-07T16:43:48Z</time><speed>0.280</speed><sat>30</sat></trkpt>
  <trkpt lat="41.69143181" lon="26.55973770"><ele>72.857</ele><time>2026-10-07T16:43:49Z</time><speed>0.000</speed><sat>30</sat></trkpt>
  <trkpt lat="41.69143087" lon="26.55973870"><ele>72.890</ele><time>2026-10-07T16:43:50Z</time><speed>0.150</speed><sat>31</sat></trkpt>
  <trkpt lat="41.69143016" lon="26.55973951"><ele>72.889</ele><time>2026-10-07T16:43:51Z</time><speed>0.000</speed><sat>31</sat></trkpt>
  <trkpt lat="41.69143003" lon="26.55973967"><ele>72.891</ele><time>2026-10-07T16:43:52Z</time><speed>0.000</speed><sat>31</sat></trkpt>
  <trkpt lat="41.69142996" lon="26.55973979"><ele>72.894</ele><time>2026-10-07T16:43:53Z</time><speed>0.000</speed><sat>31</sat></trkpt>
  <trkpt lat="41.69142989" lon="26.55973987"><ele>72.901</ele><time>2026-10-07T16:43:54Z</time><speed>0.000</speed><sat>29</sat></trkpt>
  <trkpt lat="41.69142984" lon="26.55973993"><ele>72.908</ele><time>2026-10-07T16:43:55Z</time><speed>0.000</speed><sat>30</sat></trkpt>
  <trkpt lat="41.69142981" lon="26.55973997"><ele>72.910</ele><time>2026-10-07T16:43:56Z</time><speed>0.000</speed><sat>30</sat></trkpt>
  <trkpt lat="41.69142977" lon="26.55974001"><ele>72.918</ele><time>2026-10-07T16:43:57Z</time><speed>0.000</speed><sat>29</sat></trkpt>
  <trkpt lat="41.69142976" lon="26.55974003"><ele>72.916</ele><time>2026-10-07T16:43:58Z</time><speed>0.000</speed><sat>29</sat></trkpt>
  <trkpt lat="41.69142975" lon="26.55974006"><ele>72.921</ele><time>2026-10-07T16:43:59Z</time><speed>0.000</speed><sat>29</sat></trkpt>
  <trkpt lat="41.69142975" lon="26.55974007"><ele>72.919</ele><time>2026-10-07T16:44:00Z</time><speed>0.000</speed><sat>28</sat></trkpt>
  <trkpt lat="41.69142975" lon="26.55974009"><ele>72.917</ele><time>2026-10-07T16:44:01Z</time><speed>0.000</speed><sat>28</sat></trkpt>
  <trkpt lat="41.69142974" lon="26.55974010"><ele>72.919</ele><time>2026-10-07T16:44:02Z</time><speed>0.000</speed><sat>29</sat></trkpt>
  <trkpt lat="41.69142974" lon="26.55974011"><ele>72.927</ele><time>2026-10-07T16:44:03Z</time><speed>0.000</speed><sat>30</sat></trkpt>
  <trkpt lat="41.69142972" lon="26.55974010"><ele>72.933</ele><time>2026-10-07T16:44:04Z</time><speed>0.000</speed><sat>32</sat></trkpt>
  <trkpt lat="41.69142971" lon="26.55974011"><ele>72.932</ele><time>2026-10-07T16:44:05Z</time><speed>0.000</speed><sat>32</sat></trkpt>
  <trkpt lat="41.69142969" lon="26.55974010"><ele>72.938</ele><time>2026-10-07T16:44:06Z</time><speed>0.000</speed><sat>32</sat></trkpt>
  <trkpt lat="41.69142916" lon="26.55974164"><ele>72.762</ele><time>2026-10-07T16:44:07Z</time><speed>0.200</speed><sat>33</sat></trkpt>
  <trkpt lat="41.69142890" lon="26.55974262"><ele>72.681</ele><time>2026-10-07T16:44:08Z</time><speed>0.000</speed><sat>33</sat></trkpt>
  <trkpt lat="41.69142902" lon="26.55974259"><ele>72.694</ele><time>2026-10-07T16:44:09Z</time><speed>0.000</speed><sat>31</sat></trkpt>
  <trkpt lat="41.69142906" lon="26.55974256"><ele>72.705</ele><time>2026-10-07T16:44:10Z</time><speed>0.000</speed><sat>30</sat></trkpt>
  <trkpt lat="41.69142906" lon="26.55974250"><ele>72.710</ele><time>2026-10-07T16:44:11Z</time><speed>0.000</speed><sat>30</sat></trkpt>
  <trkpt lat="41.69142904" lon="26.55974241"><ele>72.715</ele><time>2026-10-07T16:44:12Z</time><speed>0.000</speed><sat>29</sat></trkpt>
  <trkpt lat="41.69142897" lon="26.55974233"><ele>72.713</ele><time>2026-10-07T16:44:13Z</time><speed>0.000</speed><sat>29</sat></trkpt>
  <trkpt lat="41.69142892" lon="26.55974225"><ele>72.713</ele><time>2026-10-07T16:44:14Z</time><speed>0.000</speed><sat>30</sat></trkpt>
  <trkpt lat="41.69142884" lon="26.55974217"><ele>72.708</ele><time>2026-10-07T16:44:15Z</time><speed>0.000</speed><sat>30</sat></trkpt>
  <trkpt lat="41.69142878" lon="26.55974212"><ele>72.713</ele><time>2026-10-07T16:44:16Z</time><speed>0.000</speed><sat>30</sat></trkpt>
  <trkpt lat="41.69142871" lon="26.55974206"><ele>72.709</ele><time>2026-10-07T16:44:17Z</time><speed>0.000</speed><sat>30</sat></trkpt>
  <trkpt lat="41.69142849" lon="26.55974215"><ele>72.225</ele><time>2026-10-07T16:44:18Z</time><speed>0.000</speed><sat>30</sat></trkpt>
  <trkpt lat="41.69142819" lon="26.55974188"><ele>72.138</ele><time>2026-10-07T16:44:19Z</time><speed>0.000</speed><sat>30</sat></trkpt>
  <trkpt lat="41.69142801" lon="26.55974145"><ele>72.147</ele><time>2026-10-07T16:44:20Z</time><speed>0.000</speed><sat>30</sat></trkpt>
  <trkpt lat="41.69142790" lon="26.55974122"><ele>72.158</ele><time>2026-10-07T16:44:21Z</time><speed>0.000</speed><sat>30</sat></trkpt>
  <trkpt lat="41.69142782" lon="26.55974108"><ele>72.162</ele><time>2026-10-07T16:44:22Z</time><speed>0.000</speed><sat>31</sat></trkpt>
  <trkpt lat="41.69142604" lon="26.55974076"><ele>72.575</ele><time>2026-10-07T16:44:23Z</time><speed>0.270</speed><sat>31</sat></trkpt>
  <trkpt lat="41.69142458" lon="26.55973990"><ele>72.568</ele><time>2026-10-07T16:44:24Z</time><speed>0.000</speed><sat>31</sat></trkpt>
  <trkpt lat="41.69142423" lon="26.55973891"><ele>72.567</ele><time>2026-10-07T16:44:25Z</time><speed>0.000</speed><sat>31</sat></trkpt>
  <trkpt lat="41.69142401" lon="26.55973841"><ele>72.567</ele><time>2026-10-07T16:44:26Z</time><speed>0.000</speed><sat>31</sat></trkpt>
  <trkpt lat="41.69142387" lon="26.55973815"><ele>72.567</ele><time>2026-10-07T16:44:27Z</time><speed>0.000</speed><sat>31</sat></trkpt>
  <trkpt lat="41.69142376" lon="26.55973801"><ele>72.568</ele><time>2026-10-07T16:44:28Z</time><speed>0.000</speed><sat>31</sat></trkpt>
  <trkpt lat="41.69142366" lon="26.55973793"><ele>72.568</ele><time>2026-10-07T16:44:29Z</time><speed>0.000</speed><sat>32</sat></trkpt>
  <trkpt lat="41.69142357" lon="26.55973788"><ele>72.565</ele><time>2026-10-07T16:44:30Z</time><speed>0.000</speed><sat>32</sat></trkpt>
  <trkpt lat="41.69142245" lon="26.55973738"><ele>72.277</ele><time>2026-10-07T16:44:31Z</time><speed>0.170</speed><sat>30</sat></trkpt>
  <trkpt lat="41.69142172" lon="26.55973507"><ele>72.725</ele><time>2026-10-07T16:44:32Z</time><speed>0.000</speed><sat>29</sat></trkpt>
  <trkpt lat="41.69142227" lon="26.55973377"><ele>73.098</ele><time>2026-10-07T16:44:33Z</time><speed>0.000</speed><sat>29</sat></trkpt>
  <trkpt lat="41.69142194" lon="26.55973383"><ele>73.462</ele><time>2026-10-07T16:44:34Z</time><speed>0.200</speed><sat>29</sat></trkpt>
  <trkpt lat="41.69142028" lon="26.55973295"><ele>73.670</ele><time>2026-10-07T16:44:35Z</time><speed>0.000</speed><sat>29</sat></trkpt>
  <trkpt lat="41.69141973" lon="26.55973188"><ele>73.636</ele><time>2026-10-07T16:44:36Z</time><speed>0.000</speed><sat>28</sat></trkpt>
  <trkpt lat="41.69141971" lon="26.55973125"><ele>73.631</ele><time>2026-10-07T16:44:37Z</time><speed>0.000</speed><sat>28</sat></trkpt>
  <trkpt lat="41.69141877" lon="26.55973155"><ele>73.679</ele><time>2026-10-07T16:44:38Z</time><speed>0.000</speed><sat>26</sat></trkpt>
  <trkpt lat="41.69141549" lon="26.55973223"><ele>73.786</ele><time>2026-10-07T16:44:39Z</time><speed>0.340</speed><sat>26</sat></trkpt>
  <trkpt lat="41.69141484" lon="26.55973191"><ele>73.507</ele><time>2026-10-07T16:44:40Z</time><speed>0.000</speed><sat>26</sat></trkpt>
  <trkpt lat="41.69141561" lon="26.55973164"><ele>73.558</ele><time>2026-10-07T16:44:41Z</time><speed>0.000</speed><sat>27</sat></trkpt>
  <trkpt lat="41.69141598" lon="26.55973153"><ele>73.554</ele><time>2026-10-07T16:44:42Z</time><speed>0.000</speed><sat>27</sat></trkpt>
  <trkpt lat="41.69141618" lon="26.55973149"><ele>73.554</ele><time>2026-10-07T16:44:43Z</time><speed>0.000</speed><sat>27</sat></trkpt>
  <trkpt lat="41.69141627" lon="26.55973149"><ele>73.554</ele><time>2026-10-07T16:44:44Z</time><speed>0.000</speed><sat>27</sat></trkpt>
  <trkpt lat="41.69141631" lon="26.55973151"><ele>73.556</ele><time>2026-10-07T16:44:45Z</time><speed>0.000</speed><sat>24</sat></trkpt>
  <trkpt lat="41.69141631" lon="26.55973156"><ele>73.555</ele><time>2026-10-07T16:44:46Z</time><speed>0.000</speed><sat>25</sat></trkpt>
  <trkpt lat="41.69141630" lon="26.55973163"><ele>73.548</ele><time>2026-10-07T16:44:47Z</time><speed>0.000</speed><sat>26</sat></trkpt>
  <trkpt lat="41.69141628" lon="26.55973168"><ele>73.548</ele><time>2026-10-07T16:44:48Z</time><speed>0.000</speed><sat>27</sat></trkpt>
  <trkpt lat="41.69141627" lon="26.55973172"><ele>73.547</ele><time>2026-10-07T16:44:49Z</time><speed>0.000</speed><sat>25</sat></trkpt>
  <trkpt lat="41.69141625" lon="26.55973176"><ele>73.546</ele><time>2026-10-07T16:44:50Z</time><speed>0.000</speed><sat>25</sat></trkpt>
  <trkpt lat="41.69141181" lon="26.55973003"><ele>73.662</ele><time>2026-10-07T16:44:51Z</time><speed>0.700</speed><sat>27</sat></trkpt>
  <trkpt lat="41.69140901" lon="26.55972881"><ele>73.687</ele><time>2026-10-07T16:44:52Z</time><speed>0.000</speed><sat>27</sat></trkpt>
  <trkpt lat="41.69140917" lon="26.55972859"><ele>73.686</ele><time>2026-10-07T16:44:53Z</time><speed>0.000</speed><sat>28</sat></trkpt>
  <trkpt lat="41.69140700" lon="26.55973005"><ele>72.810</ele><time>2026-10-07T16:44:54Z</time><speed>0.290</speed><sat>26</sat></trkpt>
  <trkpt lat="41.69140565" lon="26.55973128"><ele>72.932</ele><time>2026-10-07T16:44:55Z</time><speed>0.350</speed><sat>26</sat></trkpt>
  <trkpt lat="41.69140696" lon="26.55973405"><ele>72.943</ele><time>2026-10-07T16:44:56Z</time><speed>0.000</speed><sat>26</sat></trkpt>
  <trkpt lat="41.69140838" lon="26.55973581"><ele>72.945</ele><time>2026-10-07T16:44:57Z</time><speed>0.000</speed><sat>27</sat></trkpt>
  <trkpt lat="41.69140906" lon="26.55973775"><ele>72.634</ele><time>2026-10-07T16:44:58Z</time><speed>0.000</speed><sat>26</sat></trkpt>
  <trkpt lat="41.69141233" lon="26.55974071"><ele>72.958</ele><time>2026-10-07T16:44:59Z</time><speed>0.310</speed><sat>26</sat></trkpt>
  <trkpt lat="41.69141584" lon="26.55974365"><ele>72.957</ele><time>2026-10-07T16:45:00Z</time><speed>0.000</speed><sat>27</sat></trkpt>
  <trkpt lat="41.69141701" lon="26.55974460"><ele>72.956</ele><time>2026-10-07T16:45:01Z</time><speed>0.000</speed><sat>28</sat></trkpt>
  <trkpt lat="41.69141762" lon="26.55974507"><ele>72.953</ele><time>2026-10-07T16:45:02Z</time><speed>0.000</speed><sat>28</sat></trkpt>
  <trkpt lat="41.69141794" lon="26.55974531"><ele>72.948</ele><time>2026-10-07T16:45:03Z</time><speed>0.000</speed><sat>28</sat></trkpt>
  <trkpt lat="41.69141812" lon="26.55974544"><ele>72.944</ele><time>2026-10-07T16:45:04Z</time><speed>0.000</speed><sat>29</sat></trkpt>
  <trkpt lat="41.69141857" lon="26.55974746"><ele>72.172</ele><time>2026-10-07T16:45:05Z</time><speed>0.000</speed><sat>29</sat></trkpt>
  <trkpt lat="41.69141776" lon="26.55974918"><ele>71.203</ele><time>2026-10-07T16:45:06Z</time><speed>0.190</speed><sat>30</sat></trkpt>
  <trkpt lat="41.69141366" lon="26.55975038"><ele>71.113</ele><time>2026-10-07T16:45:07Z</time><speed>0.570</speed><sat>30</sat></trkpt>
  <trkpt lat="41.69141029" lon="26.55974985"><ele>71.320</ele><time>2026-10-07T16:45:08Z</time><speed>0.000</speed><sat>30</sat></trkpt>
  <trkpt lat="41.69140989" lon="26.55974933"><ele>71.325</ele><time>2026-10-07T16:45:09Z</time><speed>0.000</speed><sat>30</sat></trkpt>
  <trkpt lat="41.69140997" lon="26.55974800"><ele>70.970</ele><time>2026-10-07T16:45:10Z</time><speed>0.000</speed><sat>30</sat></trkpt>
  <trkpt lat="41.69141019" lon="26.55974668"><ele>70.969</ele><time>2026-10-07T16:45:11Z</time><speed>0.000</speed><sat>30</sat></trkpt>
  <trkpt lat="41.69141086" lon="26.55974678"><ele>71.460</ele><time>2026-10-07T16:45:12Z</time><speed>0.000</speed><sat>30</sat></trkpt>
  <trkpt lat="41.69141157" lon="26.55974687"><ele>71.466</ele><time>2026-10-07T16:45:13Z</time><speed>0.000</speed><sat>30</sat></trkpt>
  <trkpt lat="41.69141121" lon="26.55974569"><ele>71.687</ele><time>2026-10-07T16:45:14Z</time><speed>0.180</speed><sat>31</sat></trkpt>
  <trkpt lat="41.69141086" lon="26.55974396"><ele>71.719</ele><time>2026-10-07T16:45:15Z</time><speed>0.000</speed><sat>31</sat></trkpt>
  <trkpt lat="41.69141082" lon="26.55974297"><ele>71.726</ele><time>2026-10-07T16:45:16Z</time><speed>0.000</speed><sat>31</sat></trkpt>
  <trkpt lat="41.69141074" lon="26.55974251"><ele>71.735</ele><time>2026-10-07T16:45:17Z</time><speed>0.000</speed><sat>31</sat></trkpt>
  <trkpt lat="41.69141066" lon="26.55974233"><ele>71.736</ele><time>2026-10-07T16:45:18Z</time><speed>0.000</speed><sat>31</sat></trkpt>
  <trkpt lat="41.69141060" lon="26.55974226"><ele>71.738</ele><time>2026-10-07T16:45:19Z</time><speed>0.000</speed><sat>31</sat></trkpt>
  <trkpt lat="41.69141054" lon="26.55974224"><ele>71.737</ele><time>2026-10-07T16:45:20Z</time><speed>0.000</speed><sat>31</sat></trkpt>
  <trkpt lat="41.69141050" lon="26.55974224"><ele>71.741</ele><time>2026-10-07T16:45:21Z</time><speed>0.000</speed><sat>30</sat></trkpt>
  <trkpt lat="41.69141049" lon="26.55974226"><ele>71.745</ele><time>2026-10-07T16:45:22Z</time><speed>0.000</speed><sat>30</sat></trkpt>
  <trkpt lat="41.69141048" lon="26.55974228"><ele>71.751</ele><time>2026-10-07T16:45:23Z</time><speed>0.000</speed><sat>30</sat></trkpt>
  <trkpt lat="41.69141051" lon="26.55974179"><ele>71.980</ele><time>2026-10-07T16:45:24Z</time><speed>0.000</speed><sat>29</sat></trkpt>
  <trkpt lat="41.69141077" lon="26.55974120"><ele>71.974</ele><time>2026-10-07T16:45:25Z</time><speed>0.000</speed><sat>29</sat></trkpt>
  <trkpt lat="41.69141110" lon="26.55974084"><ele>71.978</ele><time>2026-10-07T16:45:26Z</time><speed>0.000</speed><sat>29</sat></trkpt>
  <trkpt lat="41.69140898" lon="26.55974194"><ele>72.427</ele><time>2026-10-07T16:45:27Z</time><speed>0.230</speed><sat>31</sat></trkpt>
  <trkpt lat="41.69140696" lon="26.55974211"><ele>72.344</ele><time>2026-10-07T16:45:28Z</time><speed>0.170</speed><sat>31</sat></trkpt>
  <trkpt lat="41.69140632" lon="26.55974245"><ele>72.343</ele><time>2026-10-07T16:45:29Z</time><speed>0.000</speed><sat>32</sat></trkpt>
  <trkpt lat="41.69140594" lon="26.55974259"><ele>72.766</ele><time>2026-10-07T16:45:30Z</time><speed>0.200</speed><sat>33</sat></trkpt>
  <trkpt lat="41.69140374" lon="26.55974238"><ele>73.462</ele><time>2026-10-07T16:45:31Z</time><speed>0.320</speed><sat>33</sat></trkpt>
  <trkpt lat="41.69140327" lon="26.55974166"><ele>73.466</ele><time>2026-10-07T16:45:32Z</time><speed>0.000</speed><sat>33</sat></trkpt>
  <trkpt lat="41.69140147" lon="26.55974228"><ele>73.510</ele><time>2026-10-07T16:45:33Z</time><speed>0.250</speed><sat>33</sat></trkpt>
  <trkpt lat="41.69140004" lon="26.55974566"><ele>73.377</ele><time>2026-10-07T16:45:34Z</time><speed>0.390</speed><sat>33</sat></trkpt>
  <trkpt lat="41.69140080" lon="26.55974908"><ele>73.616</ele><time>2026-10-07T16:45:35Z</time><speed>0.250</speed><sat>33</sat></trkpt>
  <trkpt lat="41.69140458" lon="26.55975010"><ele>73.614</ele><time>2026-10-07T16:45:36Z</time><speed>0.000</speed><sat>32</sat></trkpt>
  <trkpt lat="41.69140650" lon="26.55974982"><ele>73.611</ele><time>2026-10-07T16:45:37Z</time><speed>0.000</speed><sat>30</sat></trkpt>
  <trkpt lat="41.69140752" lon="26.55974965"><ele>73.612</ele><time>2026-10-07T16:45:38Z</time><speed>0.000</speed><sat>30</sat></trkpt>
  <trkpt lat="41.69140807" lon="26.55974952"><ele>73.611</ele><time>2026-10-07T16:45:39Z</time><speed>0.000</speed><sat>31</sat></trkpt>
  <trkpt lat="41.69140839" lon="26.55974942"><ele>73.611</ele><time>2026-10-07T16:45:40Z</time><speed>0.000</speed><sat>31</sat></trkpt>
  <trkpt lat="41.69140873" lon="26.55974914"><ele>73.855</ele><time>2026-10-07T16:45:41Z</time><speed>0.000</speed><sat>30</sat></trkpt>
  <trkpt lat="41.69140904" lon="26.55974889"><ele>73.873</ele><time>2026-10-07T16:45:42Z</time><speed>0.000</speed><sat>31</sat></trkpt>
  <trkpt lat="41.69140917" lon="26.55974876"><ele>73.887</ele><time>2026-10-07T16:45:43Z</time><speed>0.000</speed><sat>31</sat></trkpt>
  <trkpt lat="41.69140921" lon="26.55974872"><ele>73.892</ele><time>2026-10-07T16:45:44Z</time><speed>0.000</speed><sat>32</sat></trkpt>
  <trkpt lat="41.69140921" lon="26.55974873"><ele>73.893</ele><time>2026-10-07T16:45:45Z</time><speed>0.000</speed><sat>32</sat></trkpt>
  <trkpt lat="41.69140919" lon="26.55974875"><ele>73.893</ele><time>2026-10-07T16:45:46Z</time><speed>0.000</speed><sat>32</sat></trkpt>
  <trkpt lat="41.69140917" lon="26.55974876"><ele>73.896</ele><time>2026-10-07T16:45:47Z</time><speed>0.000</speed><sat>32</sat></trkpt>
  <trkpt lat="41.69140914" lon="26.55974876"><ele>73.898</ele><time>2026-10-07T16:45:48Z</time><speed>0.000</speed><sat>30</sat></trkpt>
  <trkpt lat="41.69140912" lon="26.55974878"><ele>73.902</ele><time>2026-10-07T16:45:49Z</time><speed>0.000</speed><sat>31</sat></trkpt>
  <trkpt lat="41.69140911" lon="26.55974881"><ele>73.908</ele><time>2026-10-07T16:45:50Z</time><speed>0.000</speed><sat>31</sat></trkpt>
  <trkpt lat="41.69140909" lon="26.55974884"><ele>73.910</ele><time>2026-10-07T16:45:51Z</time><speed>0.000</speed><sat>31</sat></trkpt>
  <trkpt lat="41.69140848" lon="26.55975090"><ele>74.295</ele><time>2026-10-07T16:45:52Z</time><speed>0.260</speed><sat>31</sat></trkpt>
  <trkpt lat="41.69140779" lon="26.55975227"><ele>74.302</ele><time>2026-10-07T16:45:53Z</time><speed>0.000</speed><sat>31</sat></trkpt>
  <trkpt lat="41.69140720" lon="26.55975156"><ele>74.672</ele><time>2026-10-07T16:45:54Z</time><speed>0.170</speed><sat>31</sat></trkpt>
  <trkpt lat="41.69140695" lon="26.55975104"><ele>74.672</ele><time>2026-10-07T16:45:55Z</time><speed>0.000</speed><sat>31</sat></trkpt>
  <trkpt lat="41.69140718" lon="26.55975097"><ele>74.676</ele><time>2026-10-07T16:45:56Z</time><speed>0.000</speed><sat>31</sat></trkpt>
  <trkpt lat="41.69140730" lon="26.55975093"><ele>74.676</ele><time>2026-10-07T16:45:57Z</time><speed>0.000</speed><sat>31</sat></trkpt>
  <trkpt lat="41.69140738" lon="26.55975092"><ele>74.680</ele><time>2026-10-07T16:45:58Z</time><speed>0.000</speed><sat>31</sat></trkpt>
  <trkpt lat="41.69140740" lon="26.55975094"><ele>74.683</ele><time>2026-10-07T16:45:59Z</time><speed>0.000</speed><sat>31</sat></trkpt>
  <trkpt lat="41.69140741" lon="26.55975095"><ele>74.686</ele><time>2026-10-07T16:46:00Z</time><speed>0.000</speed><sat>31</sat></trkpt>
  <trkpt lat="41.69140742" lon="26.55975097"><ele>74.689</ele><time>2026-10-07T16:46:01Z</time><speed>0.000</speed><sat>31</sat></trkpt>
  <trkpt lat="41.69140741" lon="26.55975098"><ele>74.692</ele><time>2026-10-07T16:46:02Z</time><speed>0.000</speed><sat>31</sat></trkpt>
  <trkpt lat="41.69140716" lon="26.55974969"><ele>74.626</ele><time>2026-10-07T16:46:03Z</time><speed>0.000</speed><sat>31</sat></trkpt>
  <trkpt lat="41.69140704" lon="26.55974851"><ele>74.630</ele><time>2026-10-07T16:46:04Z</time><speed>0.000</speed><sat>31</sat></trkpt>
  <trkpt lat="41.69140708" lon="26.55974806"><ele>74.632</ele><time>2026-10-07T16:46:05Z</time><speed>0.000</speed><sat>31</sat></trkpt>
  <trkpt lat="41.69140708" lon="26.55974784"><ele>74.636</ele><time>2026-10-07T16:46:06Z</time><speed>0.000</speed><sat>32</sat></trkpt>
  <trkpt lat="41.69140709" lon="26.55974771"><ele>74.638</ele><time>2026-10-07T16:46:07Z</time><speed>0.000</speed><sat>33</sat></trkpt>
  <trkpt lat="41.69140710" lon="26.55974762"><ele>74.641</ele><time>2026-10-07T16:46:08Z</time><speed>0.000</speed><sat>33</sat></trkpt>
  <trkpt lat="41.69140712" lon="26.55974757"><ele>74.641</ele><time>2026-10-07T16:46:09Z</time><speed>0.000</speed><sat>33</sat></trkpt>
  <trkpt lat="41.69140624" lon="26.55974721"><ele>74.622</ele><time>2026-10-07T16:46:10Z</time><speed>0.270</speed><sat>32</sat></trkpt>
  <trkpt lat="41.69140441" lon="26.55974641"><ele>74.877</ele><time>2026-10-07T16:46:11Z</time><speed>0.190</speed><sat>32</sat></trkpt>
  <trkpt lat="41.69140329" lon="26.55974710"><ele>75.082</ele><time>2026-10-07T16:46:12Z</time><speed>0.250</speed><sat>33</sat></trkpt>
  <trkpt lat="41.69140440" lon="26.55974970"><ele>75.080</ele><time>2026-10-07T16:46:13Z</time><speed>0.000</speed><sat>33</sat></trkpt>
  <trkpt lat="41.69140556" lon="26.55975119"><ele>75.077</ele><time>2026-10-07T16:46:14Z</time><speed>0.000</speed><sat>33</sat></trkpt>
  <trkpt lat="41.69140620" lon="26.55975186"><ele>75.075</ele><time>2026-10-07T16:46:15Z</time><speed>0.000</speed><sat>33</sat></trkpt>
  <trkpt lat="41.69140656" lon="26.55975215"><ele>75.074</ele><time>2026-10-07T16:46:16Z</time><speed>0.000</speed><sat>33</sat></trkpt>
  <trkpt lat="41.69140677" lon="26.55975223"><ele>75.075</ele><time>2026-10-07T16:46:17Z</time><speed>0.000</speed><sat>33</sat></trkpt>
  <trkpt lat="41.69140691" lon="26.55975222"><ele>75.077</ele><time>2026-10-07T16:46:18Z</time><speed>0.000</speed><sat>32</sat></trkpt>
  <trkpt lat="41.69141134" lon="26.55974948"><ele>74.968</ele><time>2026-10-07T16:46:19Z</time><speed>0.580</speed><sat>32</sat></trkpt>
  <trkpt lat="41.69141781" lon="26.55974674"><ele>75.092</ele><time>2026-10-07T16:46:20Z</time><speed>0.580</speed><sat>32</sat></trkpt>
  <trkpt lat="41.69142267" lon="26.55974394"><ele>74.755</ele><time>2026-10-07T16:46:21Z</time><speed>0.380</speed><sat>32</sat></trkpt>
  <trkpt lat="41.69142449" lon="26.55974173"><ele>74.860</ele><time>2026-10-07T16:46:22Z</time><speed>0.000</speed><sat>32</sat></trkpt>
  <trkpt lat="41.69142421" lon="26.55973956"><ele>74.861</ele><time>2026-10-07T16:46:23Z</time><speed>0.000</speed><sat>32</sat></trkpt>
  <trkpt lat="41.69142385" lon="26.55973865"><ele>74.865</ele><time>2026-10-07T16:46:24Z</time><speed>0.000</speed><sat>33</sat></trkpt>
  <trkpt lat="41.69142340" lon="26.55973673"><ele>74.808</ele><time>2026-10-07T16:46:25Z</time><speed>0.220</speed><sat>33</sat></trkpt>
  <trkpt lat="41.69142215" lon="26.55973635"><ele>74.380</ele><time>2026-10-07T16:46:26Z</time><speed>0.250</speed><sat>32</sat></trkpt>
  <trkpt lat="41.69142085" lon="26.55973640"><ele>74.500</ele><time>2026-10-07T16:46:27Z</time><speed>0.000</speed><sat>32</sat></trkpt>
  <trkpt lat="41.69142170" lon="26.55973446"><ele>73.637</ele><time>2026-10-07T16:46:28Z</time><speed>0.000</speed><sat>31</sat></trkpt>
  <trkpt lat="41.69142232" lon="26.55973346"><ele>73.731</ele><time>2026-10-07T16:46:29Z</time><speed>0.000</speed><sat>30</sat></trkpt>
  <trkpt lat="41.69142262" lon="26.55973294"><ele>73.728</ele><time>2026-10-07T16:46:30Z</time><speed>0.000</speed><sat>30</sat></trkpt>
  <trkpt lat="41.69142279" lon="26.55973264"><ele>73.729</ele><time>2026-10-07T16:46:31Z</time><speed>0.000</speed><sat>31</sat></trkpt>
  <trkpt lat="41.69142146" lon="26.55973187"><ele>73.653</ele><time>2026-10-07T16:46:32Z</time><speed>0.190</speed><sat>31</sat></trkpt>
  <trkpt lat="41.69141988" lon="26.55973203"><ele>73.561</ele><time>2026-10-07T16:46:33Z</time><speed>0.150</speed><sat>29</sat></trkpt>
  <trkpt lat="41.69141885" lon="26.55973352"><ele>74.040</ele><time>2026-10-07T16:46:34Z</time><speed>0.200</speed><sat>28</sat></trkpt>
  <trkpt lat="41.69141930" lon="26.55973427"><ele>74.079</ele><time>2026-10-07T16:46:35Z</time><speed>0.000</speed><sat>29</sat></trkpt>
  <trkpt lat="41.69142048" lon="26.55973509"><ele>73.855</ele><time>2026-10-07T16:46:36Z</time><speed>0.170</speed><sat>29</sat></trkpt>
  <trkpt lat="41.69142239" lon="26.55973506"><ele>73.532</ele><time>2026-10-07T16:46:37Z</time><speed>0.250</speed><sat>30</sat></trkpt>
  <trkpt lat="41.69142431" lon="26.55973440"><ele>73.711</ele><time>2026-10-07T16:46:38Z</time><speed>0.000</speed><sat>31</sat></trkpt>
  <trkpt lat="41.69142700" lon="26.55973632"><ele>73.720</ele><time>2026-10-07T16:46:39Z</time><speed>0.000</speed><sat>31</sat></trkpt>
  <trkpt lat="41.69142820" lon="26.55973736"><ele>73.724</ele><time>2026-10-07T16:46:40Z</time><speed>0.000</speed><sat>31</sat></trkpt>
  <trkpt lat="41.69142878" lon="26.55973787"><ele>73.729</ele><time>2026-10-07T16:46:41Z</time><speed>0.000</speed><sat>31</sat></trkpt>
  <trkpt lat="41.69142906" lon="26.55973807"><ele>73.731</ele><time>2026-10-07T16:46:42Z</time><speed>0.000</speed><sat>31</sat></trkpt>
  <trkpt lat="41.69142931" lon="26.55973720"><ele>73.689</ele><time>2026-10-07T16:46:43Z</time><speed>0.000</speed><sat>31</sat></trkpt>
  <trkpt lat="41.69142946" lon="26.55973648"><ele>73.684</ele><time>2026-10-07T16:46:44Z</time><speed>0.000</speed><sat>29</sat></trkpt>
  <trkpt lat="41.69143048" lon="26.55974097"><ele>73.364</ele><time>2026-10-07T16:46:45Z</time><speed>0.520</speed><sat>29</sat></trkpt>
  <trkpt lat="41.69142779" lon="26.55974356"><ele>73.240</ele><time>2026-10-07T16:46:46Z</time><speed>0.520</speed><sat>30</sat></trkpt>
  <trkpt lat="41.69142329" lon="26.55974037"><ele>73.024</ele><time>2026-10-07T16:46:47Z</time><speed>0.000</speed><sat>30</sat></trkpt>
  <trkpt lat="41.69142219" lon="26.55973815"><ele>73.063</ele><time>2026-10-07T16:46:48Z</time><speed>0.000</speed><sat>31</sat></trkpt>
  <trkpt lat="41.69142164" lon="26.55973704"><ele>73.065</ele><time>2026-10-07T16:46:49Z</time><speed>0.000</speed><sat>31</sat></trkpt>
  <trkpt lat="41.69142137" lon="26.55973648"><ele>73.071</ele><time>2026-10-07T16:46:50Z</time><speed>0.000</speed><sat>31</sat></trkpt>
  <trkpt lat="41.69142124" lon="26.55973620"><ele>73.071</ele><time>2026-10-07T16:46:51Z</time><speed>0.000</speed><sat>31</sat></trkpt>
  <trkpt lat="41.69142122" lon="26.55973606"><ele>73.071</ele><time>2026-10-07T16:46:52Z</time><speed>0.000</speed><sat>27</sat></trkpt>
  <trkpt lat="41.69142013" lon="26.55973553"><ele>73.193</ele><time>2026-10-07T16:46:53Z</time><speed>0.000</speed><sat>28</sat></trkpt>
  <trkpt lat="41.69141834" lon="26.55973273"><ele>73.169</ele><time>2026-10-07T16:46:54Z</time><speed>0.240</speed><sat>30</sat></trkpt>
  <trkpt lat="41.69142000" lon="26.55971943"><ele>72.832</ele><time>2026-10-07T16:46:55Z</time><speed>1.130</speed><sat>30</sat></trkpt>
  <trkpt lat="41.69141845" lon="26.55970381"><ele>72.457</ele><time>2026-10-07T16:46:56Z</time><speed>1.020</speed><sat>30</sat></trkpt>
  <trkpt lat="41.69141657" lon="26.55969424"><ele>72.884</ele><time>2026-10-07T16:46:57Z</time><speed>0.480</speed><sat>31</sat></trkpt>
  <trkpt lat="41.69141124" lon="26.55968512"><ele>71.941</ele><time>2026-10-07T16:46:58Z</time><speed>0.600</speed><sat>32</sat></trkpt>
  <trkpt lat="41.69140868" lon="26.55968549"><ele>71.463</ele><time>2026-10-07T16:46:59Z</time><speed>0.190</speed><sat>31</sat></trkpt>
  <trkpt lat="41.69140950" lon="26.55968878"><ele>71.109</ele><time>2026-10-07T16:47:00Z</time><speed>0.000</speed><sat>30</sat></trkpt>
  <trkpt lat="41.69141280" lon="26.55969692"><ele>71.139</ele><time>2026-10-07T16:47:01Z</time><speed>0.000</speed><sat>30</sat></trkpt>
  <trkpt lat="41.69141456" lon="26.55970113"><ele>71.142</ele><time>2026-10-07T16:47:02Z</time><speed>0.000</speed><sat>30</sat></trkpt>
  <trkpt lat="41.69141545" lon="26.55970341"><ele>71.142</ele><time>2026-10-07T16:47:03Z</time><speed>0.000</speed><sat>30</sat></trkpt>
  <trkpt lat="41.69141594" lon="26.55970464"><ele>71.150</ele><time>2026-10-07T16:47:04Z</time><speed>0.000</speed><sat>30</sat></trkpt>
  <trkpt lat="41.69141624" lon="26.55970530"><ele>71.157</ele><time>2026-10-07T16:47:05Z</time><speed>0.000</speed><sat>30</sat></trkpt>
  <trkpt lat="41.69141640" lon="26.55970574"><ele>71.161</ele><time>2026-10-07T16:47:06Z</time><speed>0.000</speed><sat>30</sat></trkpt>
  <trkpt lat="41.69141650" lon="26.55970597"><ele>71.158</ele><time>2026-10-07T16:47:07Z</time><speed>0.000</speed><sat>30</sat></trkpt>
  <trkpt lat="41.69141656" lon="26.55970624"><ele>71.161</ele><time>2026-10-07T16:47:08Z</time><speed>0.000</speed><sat>29</sat></trkpt>
  <trkpt lat="41.69141660" lon="26.55970649"><ele>71.165</ele><time>2026-10-07T16:47:09Z</time><speed>0.000</speed><sat>28</sat></trkpt>
  <trkpt lat="41.69141662" lon="26.55970666"><ele>71.170</ele><time>2026-10-07T16:47:10Z</time><speed>0.000</speed><sat>28</sat></trkpt>
  <trkpt lat="41.69141664" lon="26.55970681"><ele>71.176</ele><time>2026-10-07T16:47:11Z</time><speed>0.000</speed><sat>28</sat></trkpt>
  <trkpt lat="41.69141661" lon="26.55970697"><ele>71.178</ele><time>2026-10-07T16:47:12Z</time><speed>0.000</speed><sat>28</sat></trkpt>
  <trkpt lat="41.69141657" lon="26.55970713"><ele>71.179</ele><time>2026-10-07T16:47:13Z</time><speed>0.000</speed><sat>27</sat></trkpt>
  <trkpt lat="41.69141654" lon="26.55970725"><ele>71.184</ele><time>2026-10-07T16:47:14Z</time><speed>0.000</speed><sat>27</sat></trkpt>
  <trkpt lat="41.69141650" lon="26.55970730"><ele>71.193</ele><time>2026-10-07T16:47:15Z</time><speed>0.000</speed><sat>28</sat></trkpt>
  <trkpt lat="41.69141646" lon="26.55970725"><ele>71.187</ele><time>2026-10-07T16:47:16Z</time><speed>0.000</speed><sat>27</sat></trkpt>
  <trkpt lat="41.69141639" lon="26.55970726"><ele>71.199</ele><time>2026-10-07T16:47:17Z</time><speed>0.000</speed><sat>26</sat></trkpt>
  <trkpt lat="41.69141631" lon="26.55970721"><ele>71.204</ele><time>2026-10-07T16:47:18Z</time><speed>0.000</speed><sat>25</sat></trkpt>
  <trkpt lat="41.69141624" lon="26.55970722"><ele>71.209</ele><time>2026-10-07T16:47:19Z</time><speed>0.000</speed><sat>26</sat></trkpt>
  <trkpt lat="41.69141256" lon="26.55970562"><ele>71.354</ele><time>2026-10-07T16:47:20Z</time><speed>0.000</speed><sat>25</sat></trkpt>
  <trkpt lat="41.69141046" lon="26.55970422"><ele>71.260</ele><time>2026-10-07T16:47:21Z</time><speed>0.000</speed><sat>25</sat></trkpt>
  <trkpt lat="41.69140934" lon="26.55970354"><ele>71.265</ele><time>2026-10-07T16:47:22Z</time><speed>0.000</speed><sat>26</sat></trkpt>
  <trkpt lat="41.69140878" lon="26.55970321"><ele>71.271</ele><time>2026-10-07T16:47:23Z</time><speed>0.000</speed><sat>26</sat></trkpt>
  <trkpt lat="41.69140844" lon="26.55970308"><ele>71.272</ele><time>2026-10-07T16:47:24Z</time><speed>0.000</speed><sat>27</sat></trkpt>
  <trkpt lat="41.69140827" lon="26.55970305"><ele>71.272</ele><time>2026-10-07T16:47:25Z</time><speed>0.000</speed><sat>27</sat></trkpt>
  <trkpt lat="41.69140595" lon="26.55970384"><ele>70.783</ele><time>2026-10-07T16:47:26Z</time><speed>0.270</speed><sat>26</sat></trkpt>
  <trkpt lat="41.69140344" lon="26.55970722"><ele>71.539</ele><time>2026-10-07T16:47:27Z</time><speed>0.420</speed><sat>26</sat></trkpt>
  <trkpt lat="41.69140277" lon="26.55971374"><ele>72.056</ele><time>2026-10-07T16:47:28Z</time><speed>0.000</speed><sat>25</sat></trkpt>
  <trkpt lat="41.69140210" lon="26.55971669"><ele>71.934</ele><time>2026-10-07T16:47:29Z</time><speed>0.000</speed><sat>25</sat></trkpt>
  <trkpt lat="41.69139910" lon="26.55971659"><ele>72.303</ele><time>2026-10-07T16:47:30Z</time><speed>0.370</speed><sat>26</sat></trkpt>
  <trkpt lat="41.69139555" lon="26.55971437"><ele>72.696</ele><time>2026-10-07T16:47:31Z</time><speed>0.660</speed><sat>25</sat></trkpt>
  <trkpt lat="41.69139095" lon="26.55971021"><ele>72.255</ele><time>2026-10-07T16:47:32Z</time><speed>0.760</speed><sat>25</sat></trkpt>
  <trkpt lat="41.69138752" lon="26.55970465"><ele>72.511</ele><time>2026-10-07T16:47:33Z</time><speed>0.600</speed><sat>25</sat></trkpt>
  <trkpt lat="41.69138376" lon="26.55969519"><ele>72.629</ele><time>2026-10-07T16:47:34Z</time><speed>1.120</speed><sat>25</sat></trkpt>
  <trkpt lat="41.69137712" lon="26.55968257"><ele>72.519</ele><time>2026-10-07T16:47:35Z</time><speed>1.300</speed><sat>25</sat></trkpt>
  <trkpt lat="41.69137193" lon="26.55966880"><ele>72.509</ele><time>2026-10-07T16:47:36Z</time><speed>0.970</speed><sat>24</sat></trkpt>
  <trkpt lat="41.69136883" lon="26.55965760"><ele>74.047</ele><time>2026-10-07T16:47:37Z</time><speed>0.810</speed><sat>25</sat></trkpt>
  <trkpt lat="41.69136480" lon="26.55963920"><ele>73.693</ele><time>2026-10-07T16:47:38Z</time><speed>1.820</speed><sat>25</sat></trkpt>
  <trkpt lat="41.69136130" lon="26.55962229"><ele>71.838</ele><time>2026-10-07T16:47:39Z</time><speed>0.980</speed><sat>26</sat></trkpt>
  <trkpt lat="41.69135875" lon="26.55961420"><ele>71.297</ele><time>2026-10-07T16:47:40Z</time><speed>0.380</speed><sat>28</sat></trkpt>
  <trkpt lat="41.69136092" lon="26.55961000"><ele>73.008</ele><time>2026-10-07T16:47:41Z</time><speed>0.000</speed><sat>28</sat></trkpt>
  <trkpt lat="41.69136230" lon="26.55960658"><ele>72.545</ele><time>2026-10-07T16:47:42Z</time><speed>0.190</speed><sat>28</sat></trkpt>
  <trkpt lat="41.69136453" lon="26.55960356"><ele>72.581</ele><time>2026-10-07T16:47:43Z</time><speed>0.000</speed><sat>29</sat></trkpt>
  <trkpt lat="41.69136615" lon="26.55960239"><ele>72.592</ele><time>2026-10-07T16:47:44Z</time><speed>0.000</speed><sat>29</sat></trkpt>
  <trkpt lat="41.69136703" lon="26.55960197"><ele>72.607</ele><time>2026-10-07T16:47:45Z</time><speed>0.000</speed><sat>30</sat></trkpt>
  <trkpt lat="41.69136755" lon="26.55960194"><ele>72.630</ele><time>2026-10-07T16:47:46Z</time><speed>0.000</speed><sat>31</sat></trkpt>
  <trkpt lat="41.69136786" lon="26.55960199"><ele>72.642</ele><time>2026-10-07T16:47:47Z</time><speed>0.000</speed><sat>32</sat></trkpt>
  <trkpt lat="41.69136722" lon="26.55960494"><ele>72.647</ele><time>2026-10-07T16:47:48Z</time><speed>0.320</speed><sat>32</sat></trkpt>
  <trkpt lat="41.69136522" lon="26.55960679"><ele>72.707</ele><time>2026-10-07T16:47:49Z</time><speed>0.340</speed><sat>32</sat></trkpt>
  <trkpt lat="41.69136671" lon="26.55960740"><ele>73.497</ele><time>2026-10-07T16:47:50Z</time><speed>0.000</speed><sat>32</sat></trkpt>
  <trkpt lat="41.69136473" lon="26.55960736"><ele>74.112</ele><time>2026-10-07T16:47:51Z</time><speed>0.520</speed><sat>32</sat></trkpt>
  <trkpt lat="41.69136039" lon="26.55960789"><ele>74.577</ele><time>2026-10-07T16:47:52Z</time><speed>0.410</speed><sat>32</sat></trkpt>
  <trkpt lat="41.69135652" lon="26.55961541"><ele>74.088</ele><time>2026-10-07T16:47:53Z</time><speed>1.130</speed><sat>30</sat></trkpt>
  <trkpt lat="41.69136004" lon="26.55962707"><ele>75.800</ele><time>2026-10-07T16:47:54Z</time><speed>0.000</speed><sat>29</sat></trkpt>
  <trkpt lat="41.69136340" lon="26.55963380"><ele>75.634</ele><time>2026-10-07T16:47:55Z</time><speed>0.000</speed><sat>26</sat></trkpt>
  <trkpt lat="41.69136507" lon="26.55963715"><ele>75.651</ele><time>2026-10-07T16:47:56Z</time><speed>0.000</speed><sat>26</sat></trkpt>
  <trkpt lat="41.69136638" lon="26.55963997"><ele>75.631</ele><time>2026-10-07T16:47:57Z</time><speed>0.380</speed><sat>27</sat></trkpt>
  <trkpt lat="41.69136729" lon="26.55964455"><ele>75.299</ele><time>2026-10-07T16:47:58Z</time><speed>0.420</speed><sat>27</sat></trkpt>
  <trkpt lat="41.69137361" lon="26.55964427"><ele>76.073</ele><time>2026-10-07T16:47:59Z</time><speed>0.000</speed><sat>27</sat></trkpt>
  <trkpt lat="41.69137754" lon="26.55964311"><ele>75.617</ele><time>2026-10-07T16:48:00Z</time><speed>0.000</speed><sat>28</sat></trkpt>
  <trkpt lat="41.69137968" lon="26.55964493"><ele>76.729</ele><time>2026-10-07T16:48:01Z</time><speed>0.300</speed><sat>28</sat></trkpt>
  <trkpt lat="41.69138318" lon="26.55964570"><ele>77.072</ele><time>2026-10-07T16:48:02Z</time><speed>0.000</speed><sat>28</sat></trkpt>
  <trkpt lat="41.69138552" lon="26.55964492"><ele>76.388</ele><time>2026-10-07T16:48:03Z</time><speed>0.000</speed><sat>28</sat></trkpt>
  <trkpt lat="41.69138740" lon="26.55964409"><ele>75.312</ele><time>2026-10-07T16:48:04Z</time><speed>0.000</speed><sat>28</sat></trkpt>
  <trkpt lat="41.69138982" lon="26.55964260"><ele>73.464</ele><time>2026-10-07T16:48:05Z</time><speed>0.160</speed><sat>28</sat></trkpt>
  <trkpt lat="41.69139269" lon="26.55964239"><ele>73.692</ele><time>2026-10-07T16:48:06Z</time><speed>0.270</speed><sat>28</sat></trkpt>
  <trkpt lat="41.69139622" lon="26.55963752"><ele>74.421</ele><time>2026-10-07T16:48:07Z</time><speed>0.000</speed><sat>27</sat></trkpt>
  <trkpt lat="41.69139962" lon="26.55963724"><ele>73.501</ele><time>2026-10-07T16:48:08Z</time><speed>0.380</speed><sat>27</sat></trkpt>
  <trkpt lat="41.69140327" lon="26.55963313"><ele>74.139</ele><time>2026-10-07T16:48:09Z</time><speed>0.000</speed><sat>28</sat></trkpt>
  <trkpt lat="41.69140452" lon="26.55963045"><ele>73.999</ele><time>2026-10-07T16:48:10Z</time><speed>0.000</speed><sat>28</sat></trkpt>
  <trkpt lat="41.69140521" lon="26.55962911"><ele>73.995</ele><time>2026-10-07T16:48:11Z</time><speed>0.000</speed><sat>28</sat></trkpt>
  <trkpt lat="41.69140560" lon="26.55962842"><ele>73.980</ele><time>2026-10-07T16:48:12Z</time><speed>0.000</speed><sat>27</sat></trkpt>
  <trkpt lat="41.69140581" lon="26.55962809"><ele>73.967</ele><time>2026-10-07T16:48:13Z</time><speed>0.000</speed><sat>27</sat></trkpt>
  <trkpt lat="41.69140592" lon="26.55962791"><ele>73.953</ele><time>2026-10-07T16:48:14Z</time><speed>0.000</speed><sat>27</sat></trkpt>
  <trkpt lat="41.69140598" lon="26.55962779"><ele>73.943</ele><time>2026-10-07T16:48:15Z</time><speed>0.000</speed><sat>24</sat></trkpt>
  <trkpt lat="41.69140429" lon="26.55962775"><ele>73.959</ele><time>2026-10-07T16:48:16Z</time><speed>0.420</speed><sat>26</sat></trkpt>
  <trkpt lat="41.69140119" lon="26.55962626"><ele>73.898</ele><time>2026-10-07T16:48:17Z</time><speed>0.350</speed><sat>28</sat></trkpt>
  <trkpt lat="41.69139882" lon="26.55962829"><ele>74.632</ele><time>2026-10-07T16:48:18Z</time><speed>0.000</speed><sat>30</sat></trkpt>
  <trkpt lat="41.69139730" lon="26.55963430"><ele>75.165</ele><time>2026-10-07T16:48:19Z</time><speed>0.320</speed><sat>31</sat></trkpt>
  <trkpt lat="41.69140054" lon="26.55963484"><ele>75.637</ele><time>2026-10-07T16:48:20Z</time><speed>0.670</speed><sat>31</sat></trkpt>
  <trkpt lat="41.69139723" lon="26.55962465"><ele>75.922</ele><time>2026-10-07T16:48:21Z</time><speed>0.000</speed><sat>31</sat></trkpt>
  <trkpt lat="41.69139352" lon="26.55960725"><ele>77.367</ele><time>2026-10-07T16:48:22Z</time><speed>0.000</speed><sat>30</sat></trkpt>
  <trkpt lat="41.69139037" lon="26.55959625"><ele>77.482</ele><time>2026-10-07T16:48:23Z</time><speed>0.000</speed><sat>28</sat></trkpt>
  <trkpt lat="41.69138875" lon="26.55959075"><ele>77.480</ele><time>2026-10-07T16:48:24Z</time><speed>0.000</speed><sat>27</sat></trkpt>
  <trkpt lat="41.69138492" lon="26.55958719"><ele>76.377</ele><time>2026-10-07T16:48:25Z</time><speed>0.320</speed><sat>27</sat></trkpt>
  <trkpt lat="41.69138032" lon="26.55958373"><ele>76.284</ele><time>2026-10-07T16:48:26Z</time><speed>0.000</speed><sat>27</sat></trkpt>
  <trkpt lat="41.69137726" lon="26.55958202"><ele>76.286</ele><time>2026-10-07T16:48:27Z</time><speed>0.000</speed><sat>27</sat></trkpt>
  <trkpt lat="41.69137572" lon="26.55958118"><ele>76.296</ele><time>2026-10-07T16:48:28Z</time><speed>0.000</speed><sat>26</sat></trkpt>
  <trkpt lat="41.69137492" lon="26.55958074"><ele>76.290</ele><time>2026-10-07T16:48:29Z</time><speed>0.000</speed><sat>26</sat></trkpt>
  <trkpt lat="41.69137449" lon="26.55958059"><ele>76.288</ele><time>2026-10-07T16:48:30Z</time><speed>0.000</speed><sat>26</sat></trkpt>
  <trkpt lat="41.69137425" lon="26.55958056"><ele>76.291</ele><time>2026-10-07T16:48:31Z</time><speed>0.000</speed><sat>26</sat></trkpt>
  <trkpt lat="41.69137412" lon="26.55958059"><ele>76.299</ele><time>2026-10-07T16:48:32Z</time><speed>0.000</speed><sat>26</sat></trkpt>
  <trkpt lat="41.69137405" lon="26.55958061"><ele>76.299</ele><time>2026-10-07T16:48:33Z</time><speed>0.000</speed><sat>25</sat></trkpt>
  <trkpt lat="41.69137400" lon="26.55958066"><ele>76.299</ele><time>2026-10-07T16:48:34Z</time><speed>0.000</speed><sat>22</sat></trkpt>
  <trkpt lat="41.69137397" lon="26.55958068"><ele>76.288</ele><time>2026-10-07T16:48:35Z</time><speed>0.000</speed><sat>22</sat></trkpt>
  <trkpt lat="41.69137392" lon="26.55958074"><ele>76.298</ele><time>2026-10-07T16:48:36Z</time><speed>0.000</speed><sat>22</sat></trkpt>
  <trkpt lat="41.69137389" lon="26.55958079"><ele>76.280</ele><time>2026-10-07T16:48:37Z</time><speed>0.000</speed><sat>23</sat></trkpt>
  <trkpt lat="41.69137387" lon="26.55958085"><ele>76.283</ele><time>2026-10-07T16:48:38Z</time><speed>0.000</speed><sat>23</sat></trkpt>
  <trkpt lat="41.69137383" lon="26.55958103"><ele>76.286</ele><time>2026-10-07T16:48:39Z</time><speed>0.000</speed><sat>23</sat></trkpt>
  <trkpt lat="41.69137381" lon="26.55958116"><ele>76.292</ele><time>2026-10-07T16:48:40Z</time><speed>0.000</speed><sat>24</sat></trkpt>
  <trkpt lat="41.69137379" lon="26.55958132"><ele>76.293</ele><time>2026-10-07T16:48:41Z</time><speed>0.000</speed><sat>23</sat></trkpt>
  <trkpt lat="41.69137376" lon="26.55958148"><ele>76.300</ele><time>2026-10-07T16:48:42Z</time><speed>0.000</speed><sat>23</sat></trkpt>
  <trkpt lat="41.69137373" lon="26.55958168"><ele>76.311</ele><time>2026-10-07T16:48:43Z</time><speed>0.000</speed><sat>23</sat></trkpt>
  <trkpt lat="41.69137367" lon="26.55958191"><ele>76.319</ele><time>2026-10-07T16:48:44Z</time><speed>0.000</speed><sat>23</sat></trkpt>
  <trkpt lat="41.69137361" lon="26.55958215"><ele>76.329</ele><time>2026-10-07T16:48:45Z</time><speed>0.000</speed><sat>24</sat></trkpt>
  <trkpt lat="41.69137350" lon="26.55958236"><ele>76.329</ele><time>2026-10-07T16:48:46Z</time><speed>0.000</speed><sat>24</sat></trkpt>
  <trkpt lat="41.69137343" lon="26.55958258"><ele>76.343</ele><time>2026-10-07T16:48:47Z</time><speed>0.000</speed><sat>24</sat></trkpt>
  <trkpt lat="41.69137336" lon="26.55958279"><ele>76.352</ele><time>2026-10-07T16:48:48Z</time><speed>0.000</speed><sat>23</sat></trkpt>
  <trkpt lat="41.69137334" lon="26.55958294"><ele>76.353</ele><time>2026-10-07T16:48:49Z</time><speed>0.000</speed><sat>23</sat></trkpt>
  <trkpt lat="41.69137331" lon="26.55958309"><ele>76.358</ele><time>2026-10-07T16:48:50Z</time><speed>0.000</speed><sat>22</sat></trkpt>
  <trkpt lat="41.69137328" lon="26.55958321"><ele>76.357</ele><time>2026-10-07T16:48:51Z</time><speed>0.000</speed><sat>20</sat></trkpt>
  <trkpt lat="41.69137329" lon="26.55958329"><ele>76.358</ele><time>2026-10-07T16:48:52Z</time><speed>0.000</speed><sat>21</sat></trkpt>
  <trkpt lat="41.69137332" lon="26.55958337"><ele>76.360</ele><time>2026-10-07T16:48:53Z</time><speed>0.000</speed><sat>23</sat></trkpt>
  <trkpt lat="41.69137331" lon="26.55958338"><ele>76.348</ele><time>2026-10-07T16:48:54Z</time><speed>0.000</speed><sat>24</sat></trkpt>
  <trkpt lat="41.69137334" lon="26.55958337"><ele>76.344</ele><time>2026-10-07T16:48:55Z</time><speed>0.000</speed><sat>24</sat></trkpt>
  <trkpt lat="41.69137337" lon="26.55958340"><ele>76.346</ele><time>2026-10-07T16:48:56Z</time><speed>0.000</speed><sat>24</sat></trkpt>
  <trkpt lat="41.69137343" lon="26.55958342"><ele>76.345</ele><time>2026-10-07T16:48:57Z</time><speed>0.000</speed><sat>24</sat></trkpt>
  <trkpt lat="41.69137347" lon="26.55958344"><ele>76.345</ele><time>2026-10-07T16:48:58Z</time><speed>0.000</speed><sat>24</sat></trkpt>
  <trkpt lat="41.69137351" lon="26.55958348"><ele>76.341</ele><time>2026-10-07T16:48:59Z</time><speed>0.000</speed><sat>24</sat></trkpt>
  <trkpt lat="41.69137353" lon="26.55958355"><ele>76.332</ele><time>2026-10-07T16:49:00Z</time><speed>0.000</speed><sat>23</sat></trkpt>
  <trkpt lat="41.69137358" lon="26.55958362"><ele>76.328</ele><time>2026-10-07T16:49:01Z</time><speed>0.000</speed><sat>24</sat></trkpt>
  <trkpt lat="41.69137362" lon="26.55958365"><ele>76.322</ele><time>2026-10-07T16:49:02Z</time><speed>0.000</speed><sat>24</sat></trkpt>
  <trkpt lat="41.69137369" lon="26.55958369"><ele>76.317</ele><time>2026-10-07T16:49:03Z</time><speed>0.000</speed><sat>24</sat></trkpt>
  <trkpt lat="41.69137378" lon="26.55958370"><ele>76.306</ele><time>2026-10-07T16:49:04Z</time><speed>0.000</speed><sat>24</sat></trkpt>
  <trkpt lat="41.69137383" lon="26.55958374"><ele>76.296</ele><time>2026-10-07T16:49:05Z</time><speed>0.000</speed><sat>23</sat></trkpt>
  <trkpt lat="41.69137388" lon="26.55958377"><ele>76.287</ele><time>2026-10-07T16:49:06Z</time><speed>0.000</speed><sat>25</sat></trkpt>
  <trkpt lat="41.69137393" lon="26.55958381"><ele>76.280</ele><time>2026-10-07T16:49:07Z</time><speed>0.000</speed><sat>25</sat></trkpt>
  <trkpt lat="41.69137398" lon="26.55958385"><ele>76.287</ele><time>2026-10-07T16:49:08Z</time><speed>0.000</speed><sat>25</sat></trkpt>
  <trkpt lat="41.69137399" lon="26.55958391"><ele>76.286</ele><time>2026-10-07T16:49:09Z</time><speed>0.000</speed><sat>25</sat></trkpt>
  <trkpt lat="41.69137401" lon="26.55958395"><ele>76.295</ele><time>2026-10-07T16:49:10Z</time><speed>0.000</speed><sat>26</sat></trkpt>
  <trkpt lat="41.69137406" lon="26.55958400"><ele>76.310</ele><time>2026-10-07T16:49:11Z</time><speed>0.000</speed><sat>27</sat></trkpt>
  <trkpt lat="41.69137409" lon="26.55958403"><ele>76.315</ele><time>2026-10-07T16:49:12Z</time><speed>0.000</speed><sat>27</sat></trkpt>
  <trkpt lat="41.69137412" lon="26.55958413"><ele>76.329</ele><time>2026-10-07T16:49:13Z</time><speed>0.000</speed><sat>28</sat></trkpt>
  <trkpt lat="41.69137416" lon="26.55958420"><ele>76.331</ele><time>2026-10-07T16:49:14Z</time><speed>0.000</speed><sat>28</sat></trkpt>
  <trkpt lat="41.69137418" lon="26.55958430"><ele>76.346</ele><time>2026-10-07T16:49:15Z</time><speed>0.000</speed><sat>28</sat></trkpt>
  <trkpt lat="41.69137418" lon="26.55958439"><ele>76.343</ele><time>2026-10-07T16:49:16Z</time><speed>0.000</speed><sat>28</sat></trkpt>
  <trkpt lat="41.69137420" lon="26.55958457"><ele>76.368</ele><time>2026-10-07T16:49:17Z</time><speed>0.000</speed><sat>25</sat></trkpt>
  <trkpt lat="41.69137422" lon="26.55958473"><ele>76.367</ele><time>2026-10-07T16:49:18Z</time><speed>0.000</speed><sat>26</sat></trkpt>
  <trkpt lat="41.69137425" lon="26.55958489"><ele>76.372</ele><time>2026-10-07T16:49:19Z</time><speed>0.000</speed><sat>26</sat></trkpt>
  <trkpt lat="41.69137428" lon="26.55958502"><ele>76.367</ele><time>2026-10-07T16:49:20Z</time><speed>0.000</speed><sat>26</sat></trkpt>
  <trkpt lat="41.69137427" lon="26.55958515"><ele>76.367</ele><time>2026-10-07T16:49:21Z</time><speed>0.000</speed><sat>27</sat></trkpt>
  <trkpt lat="41.69137430" lon="26.55958528"><ele>76.370</ele><time>2026-10-07T16:49:22Z</time><speed>0.000</speed><sat>27</sat></trkpt>
  <trkpt lat="41.69137430" lon="26.55958541"><ele>76.368</ele><time>2026-10-07T16:49:23Z</time><speed>0.000</speed><sat>27</sat></trkpt>
  <trkpt lat="41.69137431" lon="26.55958555"><ele>76.372</ele><time>2026-10-07T16:49:24Z</time><speed>0.000</speed><sat>26</sat></trkpt>
  <trkpt lat="41.69137432" lon="26.55958570"><ele>76.374</ele><time>2026-10-07T16:49:25Z</time><speed>0.000</speed><sat>26</sat></trkpt>
  <trkpt lat="41.69137433" lon="26.55958584"><ele>76.381</ele><time>2026-10-07T16:49:26Z</time><speed>0.000</speed><sat>28</sat></trkpt>
  <trkpt lat="41.69137434" lon="26.55958595"><ele>76.384</ele><time>2026-10-07T16:49:27Z</time><speed>0.000</speed><sat>28</sat></trkpt>
  <trkpt lat="41.69137435" lon="26.55958603"><ele>76.381</ele><time>2026-10-07T16:49:28Z</time><speed>0.000</speed><sat>29</sat></trkpt>
  <trkpt lat="41.69137437" lon="26.55958610"><ele>76.383</ele><time>2026-10-07T16:49:29Z</time><speed>0.000</speed><sat>29</sat></trkpt>
  <trkpt lat="41.69137438" lon="26.55958618"><ele>76.389</ele><time>2026-10-07T16:49:30Z</time><speed>0.000</speed><sat>29</sat></trkpt>
  <trkpt lat="41.69137438" lon="26.55958625"><ele>76.390</ele><time>2026-10-07T16:49:31Z</time><speed>0.000</speed><sat>29</sat></trkpt>
  <trkpt lat="41.69137438" lon="26.55958629"><ele>76.389</ele><time>2026-10-07T16:49:32Z</time><speed>0.000</speed><sat>29</sat></trkpt>
  <trkpt lat="41.69137439" lon="26.55958635"><ele>76.391</ele><time>2026-10-07T16:49:33Z</time><speed>0.000</speed><sat>29</sat></trkpt>
  <trkpt lat="41.69137442" lon="26.55958639"><ele>76.393</ele><time>2026-10-07T16:49:34Z</time><speed>0.000</speed><sat>29</sat></trkpt>
  <trkpt lat="41.69137446" lon="26.55958641"><ele>76.384</ele><time>2026-10-07T16:49:35Z</time><speed>0.000</speed><sat>30</sat></trkpt>
  <trkpt lat="41.69137451" lon="26.55958646"><ele>76.387</ele><time>2026-10-07T16:49:36Z</time><speed>0.000</speed><sat>29</sat></trkpt>
  <trkpt lat="41.69137455" lon="26.55958651"><ele>76.386</ele><time>2026-10-07T16:49:37Z</time><speed>0.000</speed><sat>28</sat></trkpt>
  <trkpt lat="41.69137461" lon="26.55958657"><ele>76.394</ele><time>2026-10-07T16:49:38Z</time><speed>0.000</speed><sat>28</sat></trkpt>
  <trkpt lat="41.69137464" lon="26.55958664"><ele>76.403</ele><time>2026-10-07T16:49:39Z</time><speed>0.000</speed><sat>30</sat></trkpt>
  <trkpt lat="41.69137467" lon="26.55958670"><ele>76.398</ele><time>2026-10-07T16:49:40Z</time><speed>0.000</speed><sat>30</sat></trkpt>
  <trkpt lat="41.69137468" lon="26.55958677"><ele>76.398</ele><time>2026-10-07T16:49:41Z</time><speed>0.000</speed><sat>30</sat></trkpt>
  <trkpt lat="41.69137467" lon="26.55958686"><ele>76.397</ele><time>2026-10-07T16:49:42Z</time><speed>0.000</speed><sat>31</sat></trkpt>
  <trkpt lat="41.69137466" lon="26.55958693"><ele>76.402</ele><time>2026-10-07T16:49:43Z</time><speed>0.000</speed><sat>30</sat></trkpt>
  <trkpt lat="41.69137464" lon="26.55958701"><ele>76.410</ele><time>2026-10-07T16:49:44Z</time><speed>0.000</speed><sat>29</sat></trkpt>
  <trkpt lat="41.69137464" lon="26.55958715"><ele>76.416</ele><time>2026-10-07T16:49:45Z</time><speed>0.000</speed><sat>28</sat></trkpt>
  <trkpt lat="41.69137472" lon="26.55958734"><ele>76.437</ele><time>2026-10-07T16:49:46Z</time><speed>0.000</speed><sat>27</sat></trkpt>
  <trkpt lat="41.69137480" lon="26.55958759"><ele>76.470</ele><time>2026-10-07T16:49:47Z</time><speed>0.000</speed><sat>27</sat></trkpt>
  <trkpt lat="41.69137493" lon="26.55958786"><ele>76.507</ele><time>2026-10-07T16:49:48Z</time><speed>0.000</speed><sat>25</sat></trkpt>
  <trkpt lat="41.69137507" lon="26.55958816"><ele>76.553</ele><time>2026-10-07T16:49:49Z</time><speed>0.000</speed><sat>26</sat></trkpt>
  <trkpt lat="41.69137519" lon="26.55958839"><ele>76.568</ele><time>2026-10-07T16:49:50Z</time><speed>0.000</speed><sat>26</sat></trkpt>
  <trkpt lat="41.69137528" lon="26.55958865"><ele>76.588</ele><time>2026-10-07T16:49:51Z</time><speed>0.000</speed><sat>26</sat></trkpt>
  <trkpt lat="41.69137535" lon="26.55958885"><ele>76.594</ele><time>2026-10-07T16:49:52Z</time><speed>0.000</speed><sat>26</sat></trkpt>
  <trkpt lat="41.69137543" lon="26.55958909"><ele>76.627</ele><time>2026-10-07T16:49:53Z</time><speed>0.000</speed><sat>27</sat></trkpt>
  <trkpt lat="41.69137551" lon="26.55958932"><ele>76.645</ele><time>2026-10-07T16:49:54Z</time><speed>0.000</speed><sat>28</sat></trkpt>
  <trkpt lat="41.69137560" lon="26.55958959"><ele>76.675</ele><time>2026-10-07T16:49:55Z</time><speed>0.000</speed><sat>28</sat></trkpt>
  <trkpt lat="41.69137568" lon="26.55958983"><ele>76.693</ele><time>2026-10-07T16:49:56Z</time><speed>0.000</speed><sat>26</sat></trkpt>
  <trkpt lat="41.69137577" lon="26.55959008"><ele>76.704</ele><time>2026-10-07T16:49:57Z</time><speed>0.000</speed><sat>26</sat></trkpt>
  <trkpt lat="41.69137584" lon="26.55959032"><ele>76.722</ele><time>2026-10-07T16:49:58Z</time><speed>0.000</speed><sat>28</sat></trkpt>
  <trkpt lat="41.69137588" lon="26.55959047"><ele>76.717</ele><time>2026-10-07T16:49:59Z</time><speed>0.000</speed><sat>27</sat></trkpt>
  <trkpt lat="41.69137594" lon="26.55959061"><ele>76.728</ele><time>2026-10-07T16:50:00Z</time><speed>0.000</speed><sat>27</sat></trkpt>
  <trkpt lat="41.69137602" lon="26.55959079"><ele>76.747</ele><time>2026-10-07T16:50:01Z</time><speed>0.000</speed><sat>27</sat></trkpt>
  <trkpt lat="41.69137609" lon="26.55959096"><ele>76.753</ele><time>2026-10-07T16:50:02Z</time><speed>0.000</speed><sat>26</sat></trkpt>
  <trkpt lat="41.69137615" lon="26.55959115"><ele>76.769</ele><time>2026-10-07T16:50:03Z</time><speed>0.000</speed><sat>26</sat></trkpt>
  <trkpt lat="41.69137617" lon="26.55959124"><ele>76.760</ele><time>2026-10-07T16:50:04Z</time><speed>0.000</speed><sat>26</sat></trkpt>
  <trkpt lat="41.69137622" lon="26.55959135"><ele>76.766</ele><time>2026-10-07T16:50:05Z</time><speed>0.000</speed><sat>26</sat></trkpt>
  <trkpt lat="41.69137628" lon="26.55959150"><ele>76.780</ele><time>2026-10-07T16:50:06Z</time><speed>0.000</speed><sat>25</sat></trkpt>
  <trkpt lat="41.69137636" lon="26.55959168"><ele>76.802</ele><time>2026-10-07T16:50:07Z</time><speed>0.000</speed><sat>24</sat></trkpt>
  <trkpt lat="41.69137642" lon="26.55959185"><ele>76.807</ele><time>2026-10-07T16:50:08Z</time><speed>0.000</speed><sat>24</sat></trkpt>
  <trkpt lat="41.69137648" lon="26.55959202"><ele>76.818</ele><time>2026-10-07T16:50:09Z</time><speed>0.000</speed><sat>24</sat></trkpt>
  <trkpt lat="41.69137654" lon="26.55959219"><ele>76.826</ele><time>2026-10-07T16:50:10Z</time><speed>0.000</speed><sat>24</sat></trkpt>
  <trkpt lat="41.69137657" lon="26.55959234"><ele>76.826</ele><time>2026-10-07T16:50:11Z</time><speed>0.000</speed><sat>25</sat></trkpt>
  <trkpt lat="41.69137758" lon="26.55959313"><ele>76.282</ele><time>2026-10-07T16:50:12Z</time><speed>0.000</speed><sat>27</sat></trkpt>
  <trkpt lat="41.69137762" lon="26.55959977"><ele>76.499</ele><time>2026-10-07T16:50:13Z</time><speed>0.580</speed><sat>27</sat></trkpt>
  <trkpt lat="41.69137437" lon="26.55960227"><ele>78.450</ele><time>2026-10-07T16:50:14Z</time><speed>0.490</speed><sat>27</sat></trkpt>
  <trkpt lat="41.69137126" lon="26.55960563"><ele>78.083</ele><time>2026-10-07T16:50:15Z</time><speed>0.370</speed><sat>27</sat></trkpt>
  <trkpt lat="41.69137138" lon="26.55960791"><ele>78.108</ele><time>2026-10-07T16:50:16Z</time><speed>0.000</speed><sat>28</sat></trkpt>
  <trkpt lat="41.69137211" lon="26.55960842"><ele>78.111</ele><time>2026-10-07T16:50:17Z</time><speed>0.000</speed><sat>29</sat></trkpt>
  <trkpt lat="41.69137249" lon="26.55960876"><ele>78.118</ele><time>2026-10-07T16:50:18Z</time><speed>0.000</speed><sat>30</sat></trkpt>
  <trkpt lat="41.69137270" lon="26.55960894"><ele>78.120</ele><time>2026-10-07T16:50:19Z</time><speed>0.000</speed><sat>30</sat></trkpt>
  <trkpt lat="41.69137279" lon="26.55960908"><ele>78.114</ele><time>2026-10-07T16:50:20Z</time><speed>0.000</speed><sat>30</sat></trkpt>
  <trkpt lat="41.69137286" lon="26.55960918"><ele>78.116</ele><time>2026-10-07T16:50:21Z</time><speed>0.000</speed><sat>30</sat></trkpt>
  <trkpt lat="41.69137291" lon="26.55960929"><ele>78.116</ele><time>2026-10-07T16:50:22Z</time><speed>0.000</speed><sat>30</sat></trkpt>
  <trkpt lat="41.69137292" lon="26.55960932"><ele>78.111</ele><time>2026-10-07T16:50:23Z</time><speed>0.000</speed><sat>31</sat></trkpt>
  <trkpt lat="41.69137293" lon="26.55960934"><ele>78.107</ele><time>2026-10-07T16:50:24Z</time><speed>0.000</speed><sat>30</sat></trkpt>
  <trkpt lat="41.69137295" lon="26.55960939"><ele>78.112</ele><time>2026-10-07T16:50:25Z</time><speed>0.000</speed><sat>30</sat></trkpt>
  <trkpt lat="41.69137305" lon="26.55960900"><ele>77.932</ele><time>2026-10-07T16:50:26Z</time><speed>0.000</speed><sat>30</sat></trkpt>
  <trkpt lat="41.69137341" lon="26.55960847"><ele>77.922</ele><time>2026-10-07T16:50:27Z</time><speed>0.000</speed><sat>30</sat></trkpt>
  <trkpt lat="41.69137389" lon="26.55960808"><ele>77.918</ele><time>2026-10-07T16:50:28Z</time><speed>0.000</speed><sat>30</sat></trkpt>
  <trkpt lat="41.69137412" lon="26.55960787"><ele>77.917</ele><time>2026-10-07T16:50:29Z</time><speed>0.000</speed><sat>30</sat></trkpt>
  <trkpt lat="41.69137422" lon="26.55960775"><ele>77.914</ele><time>2026-10-07T16:50:30Z</time><speed>0.000</speed><sat>30</sat></trkpt>
  <trkpt lat="41.69137427" lon="26.55960769"><ele>77.919</ele><time>2026-10-07T16:50:31Z</time><speed>0.000</speed><sat>30</sat></trkpt>
  <trkpt lat="41.69137430" lon="26.55960764"><ele>77.924</ele><time>2026-10-07T16:50:32Z</time><speed>0.000</speed><sat>30</sat></trkpt>
  <trkpt lat="41.69137433" lon="26.55960762"><ele>77.931</ele><time>2026-10-07T16:50:33Z</time><speed>0.000</speed><sat>30</sat></trkpt>
  <trkpt lat="41.69137386" lon="26.55960833"><ele>78.079</ele><time>2026-10-07T16:50:34Z</time><speed>0.000</speed><sat>30</sat></trkpt>
  <trkpt lat="41.69137458" lon="26.55960897"><ele>78.875</ele><time>2026-10-07T16:50:35Z</time><speed>0.000</speed><sat>29</sat></trkpt>
  <trkpt lat="41.69137556" lon="26.55960937"><ele>78.874</ele><time>2026-10-07T16:50:36Z</time><speed>0.000</speed><sat>29</sat></trkpt>
  <trkpt lat="41.69137593" lon="26.55960945"><ele>78.875</ele><time>2026-10-07T16:50:37Z</time><speed>0.000</speed><sat>29</sat></trkpt>
  <trkpt lat="41.69137582" lon="26.55960973"><ele>79.751</ele><time>2026-10-07T16:50:38Z</time><speed>0.000</speed><sat>29</sat></trkpt>
  <trkpt lat="41.69137589" lon="26.55960976"><ele>79.775</ele><time>2026-10-07T16:50:39Z</time><speed>0.000</speed><sat>31</sat></trkpt>
  <trkpt lat="41.69137609" lon="26.55960953"><ele>79.780</ele><time>2026-10-07T16:50:40Z</time><speed>0.000</speed><sat>31</sat></trkpt>
  <trkpt lat="41.69137619" lon="26.55960941"><ele>79.782</ele><time>2026-10-07T16:50:41Z</time><speed>0.000</speed><sat>30</sat></trkpt>
  <trkpt lat="41.69137626" lon="26.55960935"><ele>79.782</ele><time>2026-10-07T16:50:42Z</time><speed>0.000</speed><sat>30</sat></trkpt>
  <trkpt lat="41.69137631" lon="26.55960931"><ele>79.783</ele><time>2026-10-07T16:50:43Z</time><speed>0.000</speed><sat>29</sat></trkpt>
  <trkpt lat="41.69137635" lon="26.55960931"><ele>79.783</ele><time>2026-10-07T16:50:44Z</time><speed>0.000</speed><sat>29</sat></trkpt>
  <trkpt lat="41.69137638" lon="26.55960932"><ele>79.786</ele><time>2026-10-07T16:50:45Z</time><speed>0.000</speed><sat>29</sat></trkpt>
  <trkpt lat="41.69137634" lon="26.55961016"><ele>80.134</ele><time>2026-10-07T16:50:46Z</time><speed>0.000</speed><sat>29</sat></trkpt>
  <trkpt lat="41.69137609" lon="26.55960972"><ele>79.968</ele><time>2026-10-07T16:50:47Z</time><speed>0.000</speed><sat>29</sat></trkpt>
  <trkpt lat="41.69137622" lon="26.55960926"><ele>80.003</ele><time>2026-10-07T16:50:48Z</time><speed>0.000</speed><sat>28</sat></trkpt>
  <trkpt lat="41.69137649" lon="26.55960918"><ele>79.997</ele><time>2026-10-07T16:50:49Z</time><speed>0.000</speed><sat>28</sat></trkpt>
  <trkpt lat="41.69137665" lon="26.55960916"><ele>79.992</ele><time>2026-10-07T16:50:50Z</time><speed>0.000</speed><sat>28</sat></trkpt>
  <trkpt lat="41.69137673" lon="26.55960916"><ele>79.984</ele><time>2026-10-07T16:50:51Z</time><speed>0.000</speed><sat>27</sat></trkpt>
  <trkpt lat="41.69137676" lon="26.55960919"><ele>79.981</ele><time>2026-10-07T16:50:52Z</time><speed>0.000</speed><sat>28</sat></trkpt>
  <trkpt lat="41.69137624" lon="26.55961044"><ele>79.686</ele><time>2026-10-07T16:50:53Z</time><speed>0.000</speed><sat>28</sat></trkpt>
  <trkpt lat="41.69137542" lon="26.55961513"><ele>79.457</ele><time>2026-10-07T16:50:54Z</time><speed>0.330</speed><sat>28</sat></trkpt>
  <trkpt lat="41.69137495" lon="26.55962045"><ele>79.470</ele><time>2026-10-07T16:50:55Z</time><speed>0.000</speed><sat>28</sat></trkpt>
  <trkpt lat="41.69137503" lon="26.55962219"><ele>79.466</ele><time>2026-10-07T16:50:56Z</time><speed>0.000</speed><sat>28</sat></trkpt>
  <trkpt lat="41.69137509" lon="26.55962308"><ele>79.463</ele><time>2026-10-07T16:50:57Z</time><speed>0.000</speed><sat>28</sat></trkpt>
  <trkpt lat="41.69137518" lon="26.55962355"><ele>79.459</ele><time>2026-10-07T16:50:58Z</time><speed>0.000</speed><sat>27</sat></trkpt>
  <trkpt lat="41.69137529" lon="26.55962380"><ele>79.454</ele><time>2026-10-07T16:50:59Z</time><speed>0.000</speed><sat>28</sat></trkpt>
  <trkpt lat="41.69137538" lon="26.55962395"><ele>79.451</ele><time>2026-10-07T16:51:00Z</time><speed>0.000</speed><sat>28</sat></trkpt>
  <trkpt lat="41.69137527" lon="26.55962460"><ele>79.254</ele><time>2026-10-07T16:51:01Z</time><speed>0.000</speed><sat>28</sat></trkpt>
  <trkpt lat="41.69137519" lon="26.55962504"><ele>79.248</ele><time>2026-10-07T16:51:02Z</time><speed>0.000</speed><sat>28</sat></trkpt>
  <trkpt lat="41.69137516" lon="26.55962508"><ele>79.243</ele><time>2026-10-07T16:51:03Z</time><speed>0.000</speed><sat>29</sat></trkpt>
  <trkpt lat="41.69137517" lon="26.55962510"><ele>79.240</ele><time>2026-10-07T16:51:04Z</time><speed>0.000</speed><sat>28</sat></trkpt>
  <trkpt lat="41.69137518" lon="26.55962510"><ele>79.233</ele><time>2026-10-07T16:51:05Z</time><speed>0.000</speed><sat>27</sat></trkpt>
  <trkpt lat="41.69137405" lon="26.55962482"><ele>79.170</ele><time>2026-10-07T16:51:06Z</time><speed>0.000</speed><sat>27</sat></trkpt>
  <trkpt lat="41.69137294" lon="26.55962452"><ele>79.171</ele><time>2026-10-07T16:51:07Z</time><speed>0.000</speed><sat>27</sat></trkpt>
  <trkpt lat="41.69137238" lon="26.55962437"><ele>79.170</ele><time>2026-10-07T16:51:08Z</time><speed>0.000</speed><sat>27</sat></trkpt>
  <trkpt lat="41.69137210" lon="26.55962431"><ele>79.167</ele><time>2026-10-07T16:51:09Z</time><speed>0.000</speed><sat>27</sat></trkpt>
  <trkpt lat="41.69137195" lon="26.55962430"><ele>79.164</ele><time>2026-10-07T16:51:10Z</time><speed>0.000</speed><sat>28</sat></trkpt>
  <trkpt lat="41.69137188" lon="26.55962429"><ele>79.155</ele><time>2026-10-07T16:51:11Z</time><speed>0.000</speed><sat>29</sat></trkpt>
  <trkpt lat="41.69137184" lon="26.55962429"><ele>79.148</ele><time>2026-10-07T16:51:12Z</time><speed>0.000</speed><sat>29</sat></trkpt>
  <trkpt lat="41.69137181" lon="26.55962430"><ele>79.142</ele><time>2026-10-07T16:51:13Z</time><speed>0.000</speed><sat>29</sat></trkpt>
  <trkpt lat="41.69137181" lon="26.55962433"><ele>79.134</ele><time>2026-10-07T16:51:14Z</time><speed>0.000</speed><sat>29</sat></trkpt>
  <trkpt lat="41.69137183" lon="26.55962433"><ele>79.121</ele><time>2026-10-07T16:51:15Z</time><speed>0.000</speed><sat>29</sat></trkpt>
  <trkpt lat="41.69137182" lon="26.55962434"><ele>79.115</ele><time>2026-10-07T16:51:16Z</time><speed>0.000</speed><sat>29</sat></trkpt>
  <trkpt lat="41.69137182" lon="26.55962435"><ele>79.108</ele><time>2026-10-07T16:51:17Z</time><speed>0.000</speed><sat>28</sat></trkpt>
  <trkpt lat="41.69137182" lon="26.55962437"><ele>79.100</ele><time>2026-10-07T16:51:18Z</time><speed>0.000</speed><sat>28</sat></trkpt>
  <trkpt lat="41.69137183" lon="26.55962437"><ele>79.089</ele><time>2026-10-07T16:51:19Z</time><speed>0.000</speed><sat>27</sat></trkpt>
  <trkpt lat="41.69137183" lon="26.55962435"><ele>79.083</ele><time>2026-10-07T16:51:20Z</time><speed>0.000</speed><sat>27</sat></trkpt>
  <trkpt lat="41.69137184" lon="26.55962434"><ele>79.074</ele><time>2026-10-07T16:51:21Z</time><speed>0.000</speed><sat>28</sat></trkpt>
  <trkpt lat="41.69137184" lon="26.55962434"><ele>79.069</ele><time>2026-10-07T16:51:22Z</time><speed>0.000</speed><sat>28</sat></trkpt>
  <trkpt lat="41.69137184" lon="26.55962434"><ele>79.065</ele><time>2026-10-07T16:51:23Z</time><speed>0.000</speed><sat>28</sat></trkpt>
  <trkpt lat="41.69137185" lon="26.55962431"><ele>79.056</ele><time>2026-10-07T16:51:24Z</time><speed>0.000</speed><sat>28</sat></trkpt>
  <trkpt lat="41.69137188" lon="26.55962428"><ele>79.049</ele><time>2026-10-07T16:51:25Z</time><speed>0.000</speed><sat>28</sat></trkpt>
  <trkpt lat="41.69137190" lon="26.55962425"><ele>79.042</ele><time>2026-10-07T16:51:26Z</time><speed>0.000</speed><sat>28</sat></trkpt>
  <trkpt lat="41.69137194" lon="26.55962421"><ele>79.030</ele><time>2026-10-07T16:51:27Z</time><speed>0.000</speed><sat>27</sat></trkpt>
  <trkpt lat="41.69137198" lon="26.55962418"><ele>79.022</ele><time>2026-10-07T16:51:28Z</time><speed>0.000</speed><sat>27</sat></trkpt>
  <trkpt lat="41.69137201" lon="26.55962416"><ele>79.015</ele><time>2026-10-07T16:51:29Z</time><speed>0.000</speed><sat>27</sat></trkpt>
  <trkpt lat="41.69137204" lon="26.55962414"><ele>79.008</ele><time>2026-10-07T16:51:30Z</time><speed>0.000</speed><sat>27</sat></trkpt>
  <trkpt lat="41.69137204" lon="26.55962414"><ele>79.003</ele><time>2026-10-07T16:51:31Z</time><speed>0.000</speed><sat>27</sat></trkpt>
  <trkpt lat="41.69137204" lon="26.55962414"><ele>78.997</ele><time>2026-10-07T16:51:32Z</time><speed>0.000</speed><sat>27</sat></trkpt>
  <trkpt lat="41.69137202" lon="26.55962413"><ele>78.990</ele><time>2026-10-07T16:51:33Z</time><speed>0.000</speed><sat>28</sat></trkpt>
  <trkpt lat="41.69137200" lon="26.55962415"><ele>78.988</ele><time>2026-10-07T16:51:34Z</time><speed>0.000</speed><sat>28</sat></trkpt>
  <trkpt lat="41.69137199" lon="26.55962415"><ele>78.978</ele><time>2026-10-07T16:51:35Z</time><speed>0.000</speed><sat>28</sat></trkpt>
  <trkpt lat="41.69137199" lon="26.55962416"><ele>78.970</ele><time>2026-10-07T16:51:36Z</time><speed>0.000</speed><sat>28</sat></trkpt>
  <trkpt lat="41.69137199" lon="26.55962417"><ele>78.964</ele><time>2026-10-07T16:51:37Z</time><speed>0.000</speed><sat>28</sat></trkpt>
  <trkpt lat="41.69137199" lon="26.55962420"><ele>78.957</ele><time>2026-10-07T16:51:38Z</time><speed>0.000</speed><sat>28</sat></trkpt>
  <trkpt lat="41.69137198" lon="26.55962422"><ele>78.947</ele><time>2026-10-07T16:51:39Z</time><speed>0.000</speed><sat>28</sat></trkpt>
  <trkpt lat="41.69137198" lon="26.55962424"><ele>78.941</ele><time>2026-10-07T16:51:40Z</time><speed>0.000</speed><sat>29</sat></trkpt>
  <trkpt lat="41.69137198" lon="26.55962423"><ele>78.932</ele><time>2026-10-07T16:51:41Z</time><speed>0.000</speed><sat>29</sat></trkpt>
  <trkpt lat="41.69137133" lon="26.55962373"><ele>78.414</ele><time>2026-10-07T16:51:42Z</time><speed>0.000</speed><sat>29</sat></trkpt>
  <trkpt lat="41.69137072" lon="26.55962307"><ele>78.422</ele><time>2026-10-07T16:51:43Z</time><speed>0.000</speed><sat>30</sat></trkpt>
  <trkpt lat="41.69137041" lon="26.55962258"><ele>78.418</ele><time>2026-10-07T16:51:44Z</time><speed>0.000</speed><sat>30</sat></trkpt>
  <trkpt lat="41.69137025" lon="26.55962233"><ele>78.416</ele><time>2026-10-07T16:51:45Z</time><speed>0.000</speed><sat>30</sat></trkpt>
  <trkpt lat="41.69137015" lon="26.55962219"><ele>78.408</ele><time>2026-10-07T16:51:46Z</time><speed>0.000</speed><sat>30</sat></trkpt>
  <trkpt lat="41.69137009" lon="26.55962211"><ele>78.405</ele><time>2026-10-07T16:51:47Z</time><speed>0.000</speed><sat>30</sat></trkpt>
  <trkpt lat="41.69137005" lon="26.55962205"><ele>78.398</ele><time>2026-10-07T16:51:48Z</time><speed>0.000</speed><sat>30</sat></trkpt>
  <trkpt lat="41.69137002" lon="26.55962203"><ele>78.396</ele><time>2026-10-07T16:51:49Z</time><speed>0.000</speed><sat>30</sat></trkpt>
  <trkpt lat="41.69136999" lon="26.55962200"><ele>78.392</ele><time>2026-10-07T16:51:50Z</time><speed>0.000</speed><sat>30</sat></trkpt>
  <trkpt lat="41.69136995" lon="26.55962199"><ele>78.398</ele><time>2026-10-07T16:51:51Z</time><speed>0.000</speed><sat>30</sat></trkpt>
  <trkpt lat="41.69136990" lon="26.55962200"><ele>78.404</ele><time>2026-10-07T16:51:52Z</time><speed>0.000</speed><sat>30</sat></trkpt>
  <trkpt lat="41.69136987" lon="26.55962201"><ele>78.406</ele><time>2026-10-07T16:51:53Z</time><speed>0.000</speed><sat>30</sat></trkpt>
  <trkpt lat="41.69136983" lon="26.55962202"><ele>78.411</ele><time>2026-10-07T16:51:54Z</time><speed>0.000</speed><sat>29</sat></trkpt>
  <trkpt lat="41.69136981" lon="26.55962202"><ele>78.414</ele><time>2026-10-07T16:51:55Z</time><speed>0.000</speed><sat>30</sat></trkpt>
  <trkpt lat="41.69136978" lon="26.55962204"><ele>78.421</ele><time>2026-10-07T16:51:56Z</time><speed>0.000</speed><sat>28</sat></trkpt>
  <trkpt lat="41.69136975" lon="26.55962204"><ele>78.425</ele><time>2026-10-07T16:51:57Z</time><speed>0.000</speed><sat>28</sat></trkpt>
  <trkpt lat="41.69136972" lon="26.55962203"><ele>78.430</ele><time>2026-10-07T16:51:58Z</time><speed>0.000</speed><sat>28</sat></trkpt>
  <trkpt lat="41.69136970" lon="26.55962200"><ele>78.432</ele><time>2026-10-07T16:51:59Z</time><speed>0.000</speed><sat>28</sat></trkpt>
  <trkpt lat="41.69136970" lon="26.55962197"><ele>78.433</ele><time>2026-10-07T16:52:00Z</time><speed>0.000</speed><sat>28</sat></trkpt>
  <trkpt lat="41.69136972" lon="26.55962194"><ele>78.433</ele><time>2026-10-07T16:52:01Z</time><speed>0.000</speed><sat>28</sat></trkpt>
  <trkpt lat="41.69136974" lon="26.55962192"><ele>78.438</ele><time>2026-10-07T16:52:02Z</time><speed>0.000</speed><sat>28</sat></trkpt>
  <trkpt lat="41.69136975" lon="26.55962192"><ele>78.445</ele><time>2026-10-07T16:52:03Z</time><speed>0.000</speed><sat>28</sat></trkpt>
  <trkpt lat="41.69136975" lon="26.55962192"><ele>78.451</ele><time>2026-10-07T16:52:04Z</time><speed>0.000</speed><sat>28</sat></trkpt>
  <trkpt lat="41.69136977" lon="26.55962194"><ele>78.457</ele><time>2026-10-07T16:52:05Z</time><speed>0.000</speed><sat>28</sat></trkpt>
  <trkpt lat="41.69136980" lon="26.55962197"><ele>78.464</ele><time>2026-10-07T16:52:06Z</time><speed>0.000</speed><sat>28</sat></trkpt>
  <trkpt lat="41.69136978" lon="26.55962198"><ele>78.472</ele><time>2026-10-07T16:52:07Z</time><speed>0.000</speed><sat>26</sat></trkpt>
  <trkpt lat="41.69136977" lon="26.55962198"><ele>78.480</ele><time>2026-10-07T16:52:08Z</time><speed>0.000</speed><sat>27</sat></trkpt>
  <trkpt lat="41.69136977" lon="26.55962198"><ele>78.487</ele><time>2026-10-07T16:52:09Z</time><speed>0.000</speed><sat>29</sat></trkpt>
  <trkpt lat="41.69136974" lon="26.55962198"><ele>78.493</ele><time>2026-10-07T16:52:10Z</time><speed>0.000</speed><sat>29</sat></trkpt>
  <trkpt lat="41.69136969" lon="26.55962195"><ele>78.499</ele><time>2026-10-07T16:52:11Z</time><speed>0.000</speed><sat>29</sat></trkpt>
  <trkpt lat="41.69136966" lon="26.55962194"><ele>78.498</ele><time>2026-10-07T16:52:12Z</time><speed>0.000</speed><sat>29</sat></trkpt>
  <trkpt lat="41.69136963" lon="26.55962194"><ele>78.496</ele><time>2026-10-07T16:52:13Z</time><speed>0.000</speed><sat>30</sat></trkpt>
  <trkpt lat="41.69136960" lon="26.55962194"><ele>78.493</ele><time>2026-10-07T16:52:14Z</time><speed>0.000</speed><sat>29</sat></trkpt>
  <trkpt lat="41.69136958" lon="26.55962193"><ele>78.489</ele><time>2026-10-07T16:52:15Z</time><speed>0.000</speed><sat>29</sat></trkpt>
  <trkpt lat="41.69136958" lon="26.55962193"><ele>78.485</ele><time>2026-10-07T16:52:16Z</time><speed>0.000</speed><sat>29</sat></trkpt>
  <trkpt lat="41.69136959" lon="26.55962192"><ele>78.479</ele><time>2026-10-07T16:52:17Z</time><speed>0.000</speed><sat>29</sat></trkpt>
  <trkpt lat="41.69136960" lon="26.55962190"><ele>78.473</ele><time>2026-10-07T16:52:18Z</time><speed>0.000</speed><sat>29</sat></trkpt>
  <trkpt lat="41.69136958" lon="26.55962188"><ele>78.468</ele><time>2026-10-07T16:52:19Z</time><speed>0.000</speed><sat>30</sat></trkpt>
  <trkpt lat="41.69136957" lon="26.55962186"><ele>78.461</ele><time>2026-10-07T16:52:20Z</time><speed>0.000</speed><sat>30</sat></trkpt>
  <trkpt lat="41.69136955" lon="26.55962183"><ele>78.453</ele><time>2026-10-07T16:52:21Z</time><speed>0.000</speed><sat>30</sat></trkpt>
  <trkpt lat="41.69136952" lon="26.55962181"><ele>78.450</ele><time>2026-10-07T16:52:22Z</time><speed>0.000</speed><sat>30</sat></trkpt>
  <trkpt lat="41.69136948" lon="26.55962179"><ele>78.447</ele><time>2026-10-07T16:52:23Z</time><speed>0.000</speed><sat>31</sat></trkpt>
  <trkpt lat="41.69136946" lon="26.55962177"><ele>78.445</ele><time>2026-10-07T16:52:24Z</time><speed>0.000</speed><sat>31</sat></trkpt>
  <trkpt lat="41.69136946" lon="26.55962176"><ele>78.441</ele><time>2026-10-07T16:52:25Z</time><speed>0.000</speed><sat>31</sat></trkpt>
  <trkpt lat="41.69136945" lon="26.55962175"><ele>78.439</ele><time>2026-10-07T16:52:26Z</time><speed>0.000</speed><sat>31</sat></trkpt>
  <trkpt lat="41.69136944" lon="26.55962174"><ele>78.435</ele><time>2026-10-07T16:52:27Z</time><speed>0.000</speed><sat>31</sat></trkpt>
  <trkpt lat="41.69136944" lon="26.55962175"><ele>78.431</ele><time>2026-10-07T16:52:28Z</time><speed>0.000</speed><sat>31</sat></trkpt>
  <trkpt lat="41.69136945" lon="26.55962176"><ele>78.431</ele><time>2026-10-07T16:52:29Z</time><speed>0.000</speed><sat>31</sat></trkpt>
  <trkpt lat="41.69136946" lon="26.55962178"><ele>78.430</ele><time>2026-10-07T16:52:30Z</time><speed>0.000</speed><sat>31</sat></trkpt>
  <trkpt lat="41.69136949" lon="26.55962179"><ele>78.428</ele><time>2026-10-07T16:52:31Z</time><speed>0.000</speed><sat>31</sat></trkpt>
  <trkpt lat="41.69136949" lon="26.55962181"><ele>78.428</ele><time>2026-10-07T16:52:32Z</time><speed>0.000</speed><sat>31</sat></trkpt>
  <trkpt lat="41.69136950" lon="26.55962183"><ele>78.423</ele><time>2026-10-07T16:52:33Z</time><speed>0.000</speed><sat>31</sat></trkpt>
  <trkpt lat="41.69136951" lon="26.55962185"><ele>78.421</ele><time>2026-10-07T16:52:34Z</time><speed>0.000</speed><sat>31</sat></trkpt>
  <trkpt lat="41.69136952" lon="26.55962189"><ele>78.417</ele><time>2026-10-07T16:52:35Z</time><speed>0.000</speed><sat>31</sat></trkpt>
  <trkpt lat="41.69136952" lon="26.55962192"><ele>78.413</ele><time>2026-10-07T16:52:36Z</time><speed>0.000</speed><sat>31</sat></trkpt>
  <trkpt lat="41.69136951" lon="26.55962196"><ele>78.408</ele><time>2026-10-07T16:52:37Z</time><speed>0.000</speed><sat>31</sat></trkpt>
  <trkpt lat="41.69136949" lon="26.55962200"><ele>78.405</ele><time>2026-10-07T16:52:38Z</time><speed>0.000</speed><sat>30</sat></trkpt>
  <trkpt lat="41.69136948" lon="26.55962204"><ele>78.400</ele><time>2026-10-07T16:52:39Z</time><speed>0.000</speed><sat>30</sat></trkpt>
  <trkpt lat="41.69136948" lon="26.55962208"><ele>78.393</ele><time>2026-10-07T16:52:40Z</time><speed>0.000</speed><sat>31</sat></trkpt>
  <trkpt lat="41.69136947" lon="26.55962212"><ele>78.389</ele><time>2026-10-07T16:52:41Z</time><speed>0.000</speed><sat>31</sat></trkpt>
  <trkpt lat="41.69136946" lon="26.55962215"><ele>78.382</ele><time>2026-10-07T16:52:42Z</time><speed>0.000</speed><sat>32</sat></trkpt>
  <trkpt lat="41.69136945" lon="26.55962217"><ele>78.377</ele><time>2026-10-07T16:52:43Z</time><speed>0.000</speed><sat>32</sat></trkpt>
  <trkpt lat="41.69136946" lon="26.55962219"><ele>78.373</ele><time>2026-10-07T16:52:44Z</time><speed>0.000</speed><sat>32</sat></trkpt>
  <trkpt lat="41.69136948" lon="26.55962221"><ele>78.369</ele><time>2026-10-07T16:52:45Z</time><speed>0.000</speed><sat>31</sat></trkpt>
  <trkpt lat="41.69136950" lon="26.55962223"><ele>78.366</ele><time>2026-10-07T16:52:46Z</time><speed>0.000</speed><sat>31</sat></trkpt>
  <trkpt lat="41.69136949" lon="26.55962223"><ele>78.363</ele><time>2026-10-07T16:52:47Z</time><speed>0.000</speed><sat>32</sat></trkpt>
  <trkpt lat="41.69136949" lon="26.55962223"><ele>78.364</ele><time>2026-10-07T16:52:48Z</time><speed>0.000</speed><sat>32</sat></trkpt>
  <trkpt lat="41.69136947" lon="26.55962223"><ele>78.363</ele><time>2026-10-07T16:52:49Z</time><speed>0.000</speed><sat>32</sat></trkpt>
  <trkpt lat="41.69136947" lon="26.55962220"><ele>78.358</ele><time>2026-10-07T16:52:50Z</time><speed>0.000</speed><sat>32</sat></trkpt>
  <trkpt lat="41.69136945" lon="26.55962219"><ele>78.358</ele><time>2026-10-07T16:52:51Z</time><speed>0.000</speed><sat>31</sat></trkpt>
  <trkpt lat="41.69137202" lon="26.55962324"><ele>78.577</ele><time>2026-10-07T16:52:52Z</time><speed>0.400</speed><sat>31</sat></trkpt>
  <trkpt lat="41.69137361" lon="26.55962385"><ele>78.620</ele><time>2026-10-07T16:52:53Z</time><speed>0.000</speed><sat>31</sat></trkpt>
  <trkpt lat="41.69137358" lon="26.55962367"><ele>78.616</ele><time>2026-10-07T16:52:54Z</time><speed>0.000</speed><sat>32</sat></trkpt>
  <trkpt lat="41.69137359" lon="26.55962357"><ele>78.612</ele><time>2026-10-07T16:52:55Z</time><speed>0.000</speed><sat>32</sat></trkpt>
  <trkpt lat="41.69137363" lon="26.55962351"><ele>78.607</ele><time>2026-10-07T16:52:56Z</time><speed>0.000</speed><sat>32</sat></trkpt>
  <trkpt lat="41.69137367" lon="26.55962347"><ele>78.606</ele><time>2026-10-07T16:52:57Z</time><speed>0.000</speed><sat>31</sat></trkpt>
  <trkpt lat="41.69137422" lon="26.55961732"><ele>78.365</ele><time>2026-10-07T16:52:58Z</time><speed>0.750</speed><sat>31</sat></trkpt>
  <trkpt lat="41.69137408" lon="26.55961396"><ele>78.559</ele><time>2026-10-07T16:52:59Z</time><speed>0.540</speed><sat>32</sat></trkpt>
  <trkpt lat="41.69136996" lon="26.55961613"><ele>78.380</ele><time>2026-10-07T16:53:00Z</time><speed>0.600</speed><sat>32</sat></trkpt>
  <trkpt lat="41.69136745" lon="26.55962497"><ele>78.014</ele><time>2026-10-07T16:53:01Z</time><speed>0.600</speed><sat>32</sat></trkpt>
  <trkpt lat="41.69137025" lon="26.55964604"><ele>77.969</ele><time>2026-10-07T16:53:02Z</time><speed>1.900</speed><sat>31</sat></trkpt>
  <trkpt lat="41.69137898" lon="26.55966949"><ele>78.020</ele><time>2026-10-07T16:53:03Z</time><speed>1.720</speed><sat>32</sat></trkpt>
  <trkpt lat="41.69139020" lon="26.55968702"><ele>77.332</ele><time>2026-10-07T16:53:04Z</time><speed>1.550</speed><sat>30</sat></trkpt>
  <trkpt lat="41.69140181" lon="26.55969874"><ele>76.848</ele><time>2026-10-07T16:53:05Z</time><speed>1.160</speed><sat>29</sat></trkpt>
  <trkpt lat="41.69141417" lon="26.55970466"><ele>77.086</ele><time>2026-10-07T16:53:06Z</time><speed>1.270</speed><sat>28</sat></trkpt>
  <trkpt lat="41.69142214" lon="26.55970851"><ele>75.756</ele><time>2026-10-07T16:53:07Z</time><speed>0.620</speed><sat>28</sat></trkpt>
  <trkpt lat="41.69142621" lon="26.55971051"><ele>75.132</ele><time>2026-10-07T16:53:08Z</time><speed>0.390</speed><sat>28</sat></trkpt>
  <trkpt lat="41.69143036" lon="26.55971841"><ele>75.230</ele><time>2026-10-07T16:53:09Z</time><speed>0.920</speed><sat>26</sat></trkpt>
  <trkpt lat="41.69143287" lon="26.55973017"><ele>75.627</ele><time>2026-10-07T16:53:10Z</time><speed>0.780</speed><sat>26</sat></trkpt>
  <trkpt lat="41.69143144" lon="26.55974085"><ele>75.701</ele><time>2026-10-07T16:53:11Z</time><speed>0.490</speed><sat>29</sat></trkpt>
  <trkpt lat="41.69142423" lon="26.55974897"><ele>75.622</ele><time>2026-10-07T16:53:12Z</time><speed>0.000</speed><sat>29</sat></trkpt>
  <trkpt lat="41.69142023" lon="26.55975165"><ele>75.627</ele><time>2026-10-07T16:53:13Z</time><speed>0.000</speed><sat>30</sat></trkpt>
  <trkpt lat="41.69141820" lon="26.55975303"><ele>75.635</ele><time>2026-10-07T16:53:14Z</time><speed>0.000</speed><sat>29</sat></trkpt>
  <trkpt lat="41.69141844" lon="26.55975637"><ele>75.904</ele><time>2026-10-07T16:53:15Z</time><speed>0.000</speed><sat>30</sat></trkpt>
  <trkpt lat="41.69141877" lon="26.55975814"><ele>75.936</ele><time>2026-10-07T16:53:16Z</time><speed>0.000</speed><sat>30</sat></trkpt>
  <trkpt lat="41.69141977" lon="26.55976134"><ele>76.323</ele><time>2026-10-07T16:53:17Z</time><speed>0.000</speed><sat>26</sat></trkpt>
  <trkpt lat="41.69142206" lon="26.55976461"><ele>76.725</ele><time>2026-10-07T16:53:18Z</time><speed>0.200</speed><sat>26</sat></trkpt>
  <trkpt lat="41.69142431" lon="26.55976897"><ele>76.944</ele><time>2026-10-07T16:53:19Z</time><speed>0.000</speed><sat>26</sat></trkpt>
  <trkpt lat="41.69142533" lon="26.55977077"><ele>76.929</ele><time>2026-10-07T16:53:20Z</time><speed>0.000</speed><sat>26</sat></trkpt>
  <trkpt lat="41.69142582" lon="26.55977172"><ele>76.926</ele><time>2026-10-07T16:53:21Z</time><speed>0.000</speed><sat>26</sat></trkpt>
  <trkpt lat="41.69142606" lon="26.55977222"><ele>76.932</ele><time>2026-10-07T16:53:22Z</time><speed>0.000</speed><sat>25</sat></trkpt>
  <trkpt lat="41.69142618" lon="26.55977254"><ele>76.943</ele><time>2026-10-07T16:53:23Z</time><speed>0.000</speed><sat>26</sat></trkpt>
  <trkpt lat="41.69142729" lon="26.55977729"><ele>76.724</ele><time>2026-10-07T16:53:24Z</time><speed>0.570</speed><sat>27</sat></trkpt>
  <trkpt lat="41.69143058" lon="26.55978239"><ele>77.226</ele><time>2026-10-07T16:53:25Z</time><speed>0.390</speed><sat>27</sat></trkpt>
  <trkpt lat="41.69143752" lon="26.55978295"><ele>76.420</ele><time>2026-10-07T16:53:26Z</time><speed>0.890</speed><sat>28</sat></trkpt>
  <trkpt lat="41.69144999" lon="26.55977602"><ele>76.121</ele><time>2026-10-07T16:53:27Z</time><speed>1.680</speed><sat>28</sat></trkpt>
  <trkpt lat="41.69146560" lon="26.55976156"><ele>75.863</ele><time>2026-10-07T16:53:28Z</time><speed>1.780</speed><sat>29</sat></trkpt>
  <trkpt lat="41.69147964" lon="26.55974888"><ele>77.028</ele><time>2026-10-07T16:53:29Z</time><speed>1.490</speed><sat>29</sat></trkpt>
  <trkpt lat="41.69148964" lon="26.55973760"><ele>76.747</ele><time>2026-10-07T16:53:30Z</time><speed>1.290</speed><sat>28</sat></trkpt>
  <trkpt lat="41.69149950" lon="26.55972459"><ele>77.114</ele><time>2026-10-07T16:53:31Z</time><speed>1.330</speed><sat>28</sat></trkpt>
  <trkpt lat="41.69150783" lon="26.55971573"><ele>77.113</ele><time>2026-10-07T16:53:32Z</time><speed>0.960</speed><sat>26</sat></trkpt>
  <trkpt lat="41.69151542" lon="26.55970589"><ele>76.613</ele><time>2026-10-07T16:53:33Z</time><speed>1.100</speed><sat>25</sat></trkpt>
  <trkpt lat="41.69152099" lon="26.55969609"><ele>76.152</ele><time>2026-10-07T16:53:34Z</time><speed>1.030</speed><sat>25</sat></trkpt>
  <trkpt lat="41.69152728" lon="26.55968700"><ele>75.397</ele><time>2026-10-07T16:53:35Z</time><speed>1.000</speed><sat>26</sat></trkpt>
  <trkpt lat="41.69153451" lon="26.55967842"><ele>75.503</ele><time>2026-10-07T16:53:36Z</time><speed>1.020</speed><sat>27</sat></trkpt>
  <trkpt lat="41.69154384" lon="26.55967190"><ele>72.770</ele><time>2026-10-07T16:53:37Z</time><speed>0.950</speed><sat>28</sat></trkpt>
  <trkpt lat="41.69155328" lon="26.55966175"><ele>73.627</ele><time>2026-10-07T16:53:38Z</time><speed>1.270</speed><sat>28</sat></trkpt>
  <trkpt lat="41.69156627" lon="26.55965524"><ele>74.584</ele><time>2026-10-07T16:53:39Z</time><speed>1.300</speed><sat>29</sat></trkpt>
  <trkpt lat="41.69158149" lon="26.55965842"><ele>74.519</ele><time>2026-10-07T16:53:40Z</time><speed>1.600</speed><sat>29</sat></trkpt>
  <trkpt lat="41.69159665" lon="26.55966922"><ele>74.933</ele><time>2026-10-07T16:53:41Z</time><speed>1.290</speed><sat>29</sat></trkpt>
  <trkpt lat="41.69161065" lon="26.55968420"><ele>74.669</ele><time>2026-10-07T16:53:42Z</time><speed>1.070</speed><sat>29</sat></trkpt>
  <trkpt lat="41.69162153" lon="26.55969243"><ele>74.468</ele><time>2026-10-07T16:53:43Z</time><speed>0.780</speed><sat>27</sat></trkpt>
  <trkpt lat="41.69163249" lon="26.55969696"><ele>74.067</ele><time>2026-10-07T16:53:44Z</time><speed>0.840</speed><sat>27</sat></trkpt>
  <trkpt lat="41.69164070" lon="26.55970032"><ele>73.426</ele><time>2026-10-07T16:53:45Z</time><speed>0.700</speed><sat>27</sat></trkpt>
  <trkpt lat="41.69165044" lon="26.55970401"><ele>72.141</ele><time>2026-10-07T16:53:46Z</time><speed>0.990</speed><sat>26</sat></trkpt>
  <trkpt lat="41.69166295" lon="26.55970633"><ele>71.683</ele><time>2026-10-07T16:53:47Z</time><speed>1.300</speed><sat>26</sat></trkpt>
  <trkpt lat="41.69167646" lon="26.55970432"><ele>71.103</ele><time>2026-10-07T16:53:48Z</time><speed>1.320</speed><sat>25</sat></trkpt>
  <trkpt lat="41.69168884" lon="26.55970215"><ele>71.103</ele><time>2026-10-07T16:53:49Z</time><speed>1.140</speed><sat>23</sat></trkpt>
  <trkpt lat="41.69169280" lon="26.55970345"><ele>71.432</ele><time>2026-10-07T16:53:50Z</time><speed>0.000</speed><sat>22</sat></trkpt>
  <trkpt lat="41.69170350" lon="26.55969068"><ele>70.980</ele><time>2026-10-07T16:53:51Z</time><speed>1.710</speed><sat>22</sat></trkpt>
  <trkpt lat="41.69171227" lon="26.55968078"><ele>70.229</ele><time>2026-10-07T16:53:52Z</time><speed>1.070</speed><sat>20</sat></trkpt>
  <trkpt lat="41.69171475" lon="26.55966564"><ele>70.147</ele><time>2026-10-07T16:53:53Z</time><speed>1.430</speed><sat>15</sat></trkpt>
  <trkpt lat="41.69171301" lon="26.55966796"><ele>70.601</ele><time>2026-10-07T16:53:54Z</time><speed>0.000</speed><sat>17</sat></trkpt>
  <trkpt lat="41.69171367" lon="26.55967424"><ele>71.141</ele><time>2026-10-07T16:53:55Z</time><speed>0.000</speed><sat>16</sat></trkpt>
  <trkpt lat="41.69171648" lon="26.55967523"><ele>70.988</ele><time>2026-10-07T16:53:56Z</time><speed>0.000</speed><sat>16</sat></trkpt>
  <trkpt lat="41.69171852" lon="26.55967480"><ele>70.912</ele><time>2026-10-07T16:53:57Z</time><speed>0.160</speed><sat>14</sat></trkpt>
  <trkpt lat="41.69172159" lon="26.55967261"><ele>70.771</ele><time>2026-10-07T16:53:58Z</time><speed>0.000</speed><sat>14</sat></trkpt>
  <trkpt lat="41.69172364" lon="26.55967077"><ele>70.644</ele><time>2026-10-07T16:53:59Z</time><speed>0.000</speed><sat>14</sat></trkpt>
  <trkpt lat="41.69172462" lon="26.55966990"><ele>70.643</ele><time>2026-10-07T16:54:00Z</time><speed>0.000</speed><sat>9</sat></trkpt>
  <trkpt lat="41.69172469" lon="26.55966980"><ele>70.663</ele><time>2026-10-07T16:54:01Z</time><speed>0.000</speed><sat>7</sat></trkpt>
  <trkpt lat="41.69172472" lon="26.55966976"><ele>70.662</ele><time>2026-10-07T16:54:02Z</time><speed>0.000</speed><sat>5</sat></trkpt>
  <trkpt lat="41.69172473" lon="26.55966970"><ele>70.659</ele><time>2026-10-07T16:54:03Z</time><speed>0.000</speed><sat>3</sat></trkpt>
  <trkpt lat="41.69172472" lon="26.55966968"><ele>70.657</ele><time>2026-10-07T16:54:04Z</time><speed>0.000</speed><sat>3</sat></trkpt>
  <trkpt lat="41.69172475" lon="26.55966969"><ele>70.656</ele><time>2026-10-07T16:54:05Z</time><speed>0.000</speed><sat>3</sat></trkpt>
  <trkpt lat="41.69172477" lon="26.55966971"><ele>70.655</ele><time>2026-10-07T16:54:06Z</time><speed>0.000</speed><sat>4</sat></trkpt>
  <trkpt lat="41.69172477" lon="26.55966969"><ele>70.651</ele><time>2026-10-07T16:54:07Z</time><speed>0.000</speed><sat>4</sat></trkpt>
  <trkpt lat="41.69172478" lon="26.55966970"><ele>70.652</ele><time>2026-10-07T16:54:08Z</time><speed>0.000</speed><sat>5</sat></trkpt>
  <trkpt lat="41.69172478" lon="26.55966971"><ele>70.652</ele><time>2026-10-07T16:54:09Z</time><speed>0.000</speed><sat>6</sat></trkpt>
  <trkpt lat="41.69172478" lon="26.55966972"><ele>70.652</ele><time>2026-10-07T16:54:10Z</time><speed>0.000</speed><sat>6</sat></trkpt>
  <trkpt lat="41.69172478" lon="26.55966972"><ele>70.652</ele><time>2026-10-07T16:54:11Z</time><speed>0.000</speed><sat>6</sat></trkpt>
  <trkpt lat="41.69172479" lon="26.55966974"><ele>70.652</ele><time>2026-10-07T16:54:12Z</time><speed>0.000</speed><sat>5</sat></trkpt>
  <trkpt lat="41.69172480" lon="26.55966977"><ele>70.652</ele><time>2026-10-07T16:54:13Z</time><speed>0.000</speed><sat>5</sat></trkpt>
  <trkpt lat="41.69172481" lon="26.55966978"><ele>70.652</ele><time>2026-10-07T16:54:14Z</time><speed>0.000</speed><sat>4</sat></trkpt>
  <trkpt lat="41.69172481" lon="26.55966983"><ele>70.653</ele><time>2026-10-07T16:54:15Z</time><speed>0.000</speed><sat>4</sat></trkpt>
  <trkpt lat="41.69172482" lon="26.55966985"><ele>70.652</ele><time>2026-10-07T16:54:16Z</time><speed>0.000</speed><sat>5</sat></trkpt>
  <trkpt lat="41.69172483" lon="26.55966988"><ele>70.652</ele><time>2026-10-07T16:54:17Z</time><speed>0.000</speed><sat>5</sat></trkpt>
  <trkpt lat="41.69172484" lon="26.55966990"><ele>70.651</ele><time>2026-10-07T16:54:18Z</time><speed>0.000</speed><sat>5</sat></trkpt>
  <trkpt lat="41.69172484" lon="26.55966993"><ele>70.651</ele><time>2026-10-07T16:54:19Z</time><speed>0.000</speed><sat>5</sat></trkpt>
  <trkpt lat="41.69172484" lon="26.55966995"><ele>70.651</ele><time>2026-10-07T16:54:20Z</time><speed>0.000</speed><sat>5</sat></trkpt>
  <trkpt lat="41.69172483" lon="26.55966998"><ele>70.651</ele><time>2026-10-07T16:54:21Z</time><speed>0.000</speed><sat>5</sat></trkpt>
  <trkpt lat="41.69172481" lon="26.55967003"><ele>70.651</ele><time>2026-10-07T16:54:22Z</time><speed>0.000</speed><sat>6</sat></trkpt>
  <trkpt lat="41.69172478" lon="26.55967001"><ele>70.648</ele><time>2026-10-07T16:54:23Z</time><speed>0.000</speed><sat>7</sat></trkpt>
  <trkpt lat="41.69172468" lon="26.55967006"><ele>70.640</ele><time>2026-10-07T16:54:24Z</time><speed>0.000</speed><sat>8</sat></trkpt>
  <trkpt lat="41.69172457" lon="26.55967011"><ele>70.639</ele><time>2026-10-07T16:54:25Z</time><speed>0.000</speed><sat>11</sat></trkpt>
  <trkpt lat="41.69172497" lon="26.55966997"><ele>70.750</ele><time>2026-10-07T16:54:26Z</time><speed>0.000</speed><sat>11</sat></trkpt>
  <trkpt lat="41.69171743" lon="26.55967050"><ele>69.935</ele><time>2026-10-07T16:54:27Z</time><speed>1.320</speed><sat>13</sat></trkpt>
  <trkpt lat="41.69171258" lon="26.55968386"><ele>70.352</ele><time>2026-10-07T16:54:28Z</time><speed>0.000</speed><sat>15</sat></trkpt>
  <trkpt lat="41.69170703" lon="26.55969735"><ele>70.527</ele><time>2026-10-07T16:54:29Z</time><speed>0.910</speed><sat>17</sat></trkpt>
  <trkpt lat="41.69170114" lon="26.55970908"><ele>72.170</ele><time>2026-10-07T16:54:30Z</time><speed>0.750</speed><sat>19</sat></trkpt>
  <trkpt lat="41.69170750" lon="26.55972010"><ele>72.629</ele><time>2026-10-07T16:54:31Z</time><speed>0.000</speed><sat>19</sat></trkpt>
  <trkpt lat="41.69171042" lon="26.55972293"><ele>72.733</ele><time>2026-10-07T16:54:32Z</time><speed>0.000</speed><sat>19</sat></trkpt>
  <trkpt lat="41.69171163" lon="26.55972878"><ele>73.134</ele><time>2026-10-07T16:54:33Z</time><speed>0.000</speed><sat>20</sat></trkpt>
  <trkpt lat="41.69171208" lon="26.55973181"><ele>73.207</ele><time>2026-10-07T16:54:34Z</time><speed>0.000</speed><sat>20</sat></trkpt>
  <trkpt lat="41.69171217" lon="26.55973375"><ele>73.223</ele><time>2026-10-07T16:54:35Z</time><speed>0.000</speed><sat>18</sat></trkpt>
  <trkpt lat="41.69171216" lon="26.55973478"><ele>73.224</ele><time>2026-10-07T16:54:36Z</time><speed>0.000</speed><sat>12</sat></trkpt>
  <trkpt lat="41.69171249" lon="26.55973788"><ele>73.388</ele><time>2026-10-07T16:54:37Z</time><speed>0.210</speed><sat>10</sat></trkpt>
  <trkpt lat="41.69171228" lon="26.55974039"><ele>73.465</ele><time>2026-10-07T16:54:38Z</time><speed>0.000</speed><sat>9</sat></trkpt>
  <trkpt lat="41.69171213" lon="26.55974207"><ele>73.565</ele><time>2026-10-07T16:54:39Z</time><speed>0.000</speed><sat>9</sat></trkpt>
  <trkpt lat="41.69171160" lon="26.55974316"><ele>73.460</ele><time>2026-10-07T16:54:40Z</time><speed>0.000</speed><sat>9</sat></trkpt>
  <trkpt lat="41.69170781" lon="26.55974417"><ele>73.624</ele><time>2026-10-07T16:54:41Z</time><speed>0.000</speed><sat>10</sat></trkpt>
  <trkpt lat="41.69170508" lon="26.55974423"><ele>73.652</ele><time>2026-10-07T16:54:42Z</time><speed>0.000</speed><sat>12</sat></trkpt>
  <trkpt lat="41.69170373" lon="26.55974421"><ele>73.652</ele><time>2026-10-07T16:54:43Z</time><speed>0.000</speed><sat>12</sat></trkpt>
  <trkpt lat="41.69170305" lon="26.55974420"><ele>73.652</ele><time>2026-10-07T16:54:44Z</time><speed>0.000</speed><sat>14</sat></trkpt>
  <trkpt lat="41.69170274" lon="26.55974412"><ele>73.648</ele><time>2026-10-07T16:54:45Z</time><speed>0.000</speed><sat>14</sat></trkpt>
  <trkpt lat="41.69170310" lon="26.55974208"><ele>73.663</ele><time>2026-10-07T16:54:46Z</time><speed>0.000</speed><sat>15</sat></trkpt>
  <trkpt lat="41.69170311" lon="26.55974103"><ele>73.742</ele><time>2026-10-07T16:54:47Z</time><speed>0.000</speed><sat>13</sat></trkpt>
  <trkpt lat="41.69170316" lon="26.55974042"><ele>73.736</ele><time>2026-10-07T16:54:48Z</time><speed>0.000</speed><sat>13</sat></trkpt>
  <trkpt lat="41.69170322" lon="26.55974001"><ele>73.727</ele><time>2026-10-07T16:54:49Z</time><speed>0.000</speed><sat>12</sat></trkpt>
  <trkpt lat="41.69170324" lon="26.55973981"><ele>73.728</ele><time>2026-10-07T16:54:50Z</time><speed>0.000</speed><sat>9</sat></trkpt>
  <trkpt lat="41.69170325" lon="26.55973973"><ele>73.729</ele><time>2026-10-07T16:54:51Z</time><speed>0.000</speed><sat>9</sat></trkpt>
  <trkpt lat="41.69170325" lon="26.55973971"><ele>73.730</ele><time>2026-10-07T16:54:52Z</time><speed>0.000</speed><sat>9</sat></trkpt>
  <trkpt lat="41.69170327" lon="26.55973956"><ele>73.708</ele><time>2026-10-07T16:54:53Z</time><speed>0.000</speed><sat>10</sat></trkpt>
  <trkpt lat="41.69170326" lon="26.55973955"><ele>73.720</ele><time>2026-10-07T16:54:54Z</time><speed>0.000</speed><sat>9</sat></trkpt>
  <trkpt lat="41.69170327" lon="26.55973954"><ele>73.725</ele><time>2026-10-07T16:54:55Z</time><speed>0.000</speed><sat>9</sat></trkpt>
  <trkpt lat="41.69170328" lon="26.55973956"><ele>73.733</ele><time>2026-10-07T16:54:56Z</time><speed>0.000</speed><sat>11</sat></trkpt>
  <trkpt lat="41.69170336" lon="26.55973754"><ele>73.333</ele><time>2026-10-07T16:54:57Z</time><speed>0.000</speed><sat>10</sat></trkpt>
  <trkpt lat="41.69170521" lon="26.55973698"><ele>73.322</ele><time>2026-10-07T16:54:58Z</time><speed>0.310</speed><sat>10</sat></trkpt>
  <trkpt lat="41.69170352" lon="26.55973140"><ele>73.497</ele><time>2026-10-07T16:54:59Z</time><speed>0.000</speed><sat>10</sat></trkpt>
  <trkpt lat="41.69170281" lon="26.55972746"><ele>73.545</ele><time>2026-10-07T16:55:00Z</time><speed>0.000</speed><sat>11</sat></trkpt>
  <trkpt lat="41.69170246" lon="26.55972551"><ele>73.553</ele><time>2026-10-07T16:55:01Z</time><speed>0.000</speed><sat>13</sat></trkpt>
  <trkpt lat="41.69170213" lon="26.55972441"><ele>73.540</ele><time>2026-10-07T16:55:02Z</time><speed>0.000</speed><sat>13</sat></trkpt>
  <trkpt lat="41.69170184" lon="26.55972377"><ele>73.531</ele><time>2026-10-07T16:55:03Z</time><speed>0.000</speed><sat>14</sat></trkpt>
  <trkpt lat="41.69170168" lon="26.55972339"><ele>73.530</ele><time>2026-10-07T16:55:04Z</time><speed>0.000</speed><sat>14</sat></trkpt>
  <trkpt lat="41.69170115" lon="26.55971341"><ele>73.635</ele><time>2026-10-07T16:55:05Z</time><speed>0.000</speed><sat>13</sat></trkpt>
  <trkpt lat="41.69170115" lon="26.55970754"><ele>73.553</ele><time>2026-10-07T16:55:06Z</time><speed>0.000</speed><sat>12</sat></trkpt>
  <trkpt lat="41.69170115" lon="26.55970460"><ele>73.553</ele><time>2026-10-07T16:55:07Z</time><speed>0.000</speed><sat>12</sat></trkpt>
  <trkpt lat="41.69170111" lon="26.55970320"><ele>73.554</ele><time>2026-10-07T16:55:08Z</time><speed>0.000</speed><sat>11</sat></trkpt>
  <trkpt lat="41.69170121" lon="26.55970258"><ele>73.574</ele><time>2026-10-07T16:55:09Z</time><speed>0.000</speed><sat>12</sat></trkpt>
  <trkpt lat="41.69170140" lon="26.55970235"><ele>73.590</ele><time>2026-10-07T16:55:10Z</time><speed>0.000</speed><sat>12</sat></trkpt>
  <trkpt lat="41.69170154" lon="26.55970223"><ele>73.578</ele><time>2026-10-07T16:55:11Z</time><speed>0.000</speed><sat>12</sat></trkpt>
  <trkpt lat="41.69170156" lon="26.55970210"><ele>73.567</ele><time>2026-10-07T16:55:12Z</time><speed>0.000</speed><sat>12</sat></trkpt>
  <trkpt lat="41.69169997" lon="26.55970103"><ele>73.647</ele><time>2026-10-07T16:55:13Z</time><speed>0.000</speed><sat>14</sat></trkpt>
  <trkpt lat="41.69169892" lon="26.55970104"><ele>73.734</ele><time>2026-10-07T16:55:14Z</time><speed>0.000</speed><sat>13</sat></trkpt>
  <trkpt lat="41.69169826" lon="26.55970110"><ele>73.744</ele><time>2026-10-07T16:55:15Z</time><speed>0.000</speed><sat>14</sat></trkpt>
  <trkpt lat="41.69169879" lon="26.55970370"><ele>73.773</ele><time>2026-10-07T16:55:16Z</time><speed>0.320</speed><sat>15</sat></trkpt>
  <trkpt lat="41.69169358" lon="26.55970114"><ele>73.001</ele><time>2026-10-07T16:55:17Z</time><speed>0.320</speed><sat>15</sat></trkpt>
  <trkpt lat="41.69168646" lon="26.55969850"><ele>73.031</ele><time>2026-10-07T16:55:18Z</time><speed>0.250</speed><sat>18</sat></trkpt>
  <trkpt lat="41.69167789" lon="26.55968872"><ele>72.953</ele><time>2026-10-07T16:55:19Z</time><speed>0.680</speed><sat>19</sat></trkpt>
  <trkpt lat="41.69166230" lon="26.55967030"><ele>74.089</ele><time>2026-10-07T16:55:20Z</time><speed>1.950</speed><sat>20</sat></trkpt>
  <trkpt lat="41.69163992" lon="26.55965245"><ele>73.867</ele><time>2026-10-07T16:55:21Z</time><speed>2.080</speed><sat>20</sat></trkpt>
  <trkpt lat="41.69161706" lon="26.55964734"><ele>76.063</ele><time>2026-10-07T16:55:22Z</time><speed>1.360</speed><sat>22</sat></trkpt>
  <trkpt lat="41.69159845" lon="26.55964678"><ele>76.674</ele><time>2026-10-07T16:55:23Z</time><speed>1.400</speed><sat>27</sat></trkpt>
  <trkpt lat="41.69158201" lon="26.55964374"><ele>75.069</ele><time>2026-10-07T16:55:24Z</time><speed>1.430</speed><sat>28</sat></trkpt>
  <trkpt lat="41.69156894" lon="26.55963662"><ele>74.684</ele><time>2026-10-07T16:55:25Z</time><speed>1.160</speed><sat>28</sat></trkpt>
  <trkpt lat="41.69155763" lon="26.55962996"><ele>74.548</ele><time>2026-10-07T16:55:26Z</time><speed>1.110</speed><sat>28</sat></trkpt>
  <trkpt lat="41.69154524" lon="26.55962367"><ele>74.555</ele><time>2026-10-07T16:55:27Z</time><speed>1.490</speed><sat>28</sat></trkpt>
  <trkpt lat="41.69153143" lon="26.55962048"><ele>75.500</ele><time>2026-10-07T16:55:28Z</time><speed>1.470</speed><sat>28</sat></trkpt>
  <trkpt lat="41.69151737" lon="26.55962045"><ele>75.842</ele><time>2026-10-07T16:55:29Z</time><speed>1.410</speed><sat>28</sat></trkpt>
  <trkpt lat="41.69150412" lon="26.55962049"><ele>75.993</ele><time>2026-10-07T16:55:30Z</time><speed>1.290</speed><sat>28</sat></trkpt>
  <trkpt lat="41.69149182" lon="26.55961971"><ele>75.922</ele><time>2026-10-07T16:55:31Z</time><speed>1.260</speed><sat>28</sat></trkpt>
  <trkpt lat="41.69148216" lon="26.55961462"><ele>76.846</ele><time>2026-10-07T16:55:32Z</time><speed>0.860</speed><sat>28</sat></trkpt>
  <trkpt lat="41.69147224" lon="26.55960822"><ele>77.568</ele><time>2026-10-07T16:55:33Z</time><speed>1.050</speed><sat>28</sat></trkpt>
  <trkpt lat="41.69146343" lon="26.55960340"><ele>77.651</ele><time>2026-10-07T16:55:34Z</time><speed>0.760</speed><sat>30</sat></trkpt>
  <trkpt lat="41.69145271" lon="26.55959869"><ele>78.108</ele><time>2026-10-07T16:55:35Z</time><speed>1.180</speed><sat>30</sat></trkpt>
  <trkpt lat="41.69144323" lon="26.55959471"><ele>78.451</ele><time>2026-10-07T16:55:36Z</time><speed>0.540</speed><sat>30</sat></trkpt>
  <trkpt lat="41.69143563" lon="26.55959064"><ele>78.119</ele><time>2026-10-07T16:55:37Z</time><speed>0.810</speed><sat>30</sat></trkpt>
  <trkpt lat="41.69142577" lon="26.55958722"><ele>78.033</ele><time>2026-10-07T16:55:38Z</time><speed>0.780</speed><sat>31</sat></trkpt>
  <trkpt lat="41.69141371" lon="26.55958404"><ele>79.285</ele><time>2026-10-07T16:55:39Z</time><speed>1.140</speed><sat>31</sat></trkpt>
  <trkpt lat="41.69140161" lon="26.55958338"><ele>79.512</ele><time>2026-10-07T16:55:40Z</time><speed>0.800</speed><sat>29</sat></trkpt>
  <trkpt lat="41.69138971" lon="26.55958551"><ele>79.304</ele><time>2026-10-07T16:55:41Z</time><speed>1.110</speed><sat>28</sat></trkpt>
  <trkpt lat="41.69138280" lon="26.55958912"><ele>77.949</ele><time>2026-10-07T16:55:42Z</time><speed>0.390</speed><sat>28</sat></trkpt>
  <trkpt lat="41.69138323" lon="26.55959590"><ele>77.215</ele><time>2026-10-07T16:55:43Z</time><speed>0.750</speed><sat>28</sat></trkpt>
  <trkpt lat="41.69138530" lon="26.55959927"><ele>76.913</ele><time>2026-10-07T16:55:44Z</time><speed>0.000</speed><sat>28</sat></trkpt>
  <trkpt lat="41.69139222" lon="26.55959503"><ele>75.964</ele><time>2026-10-07T16:55:45Z</time><speed>0.000</speed><sat>29</sat></trkpt>
  <trkpt lat="41.69139566" lon="26.55959231"><ele>76.053</ele><time>2026-10-07T16:55:46Z</time><speed>0.000</speed><sat>30</sat></trkpt>
  <trkpt lat="41.69139741" lon="26.55959094"><ele>76.052</ele><time>2026-10-07T16:55:47Z</time><speed>0.000</speed><sat>30</sat></trkpt>
  <trkpt lat="41.69139787" lon="26.55959345"><ele>76.101</ele><time>2026-10-07T16:55:48Z</time><speed>0.000</speed><sat>30</sat></trkpt>
  <trkpt lat="41.69139792" lon="26.55959497"><ele>75.955</ele><time>2026-10-07T16:55:49Z</time><speed>0.000</speed><sat>30</sat></trkpt>
  <trkpt lat="41.69139799" lon="26.55959570"><ele>75.948</ele><time>2026-10-07T16:55:50Z</time><speed>0.000</speed><sat>28</sat></trkpt>
  <trkpt lat="41.69139807" lon="26.55959608"><ele>75.957</ele><time>2026-10-07T16:55:51Z</time><speed>0.000</speed><sat>28</sat></trkpt>
  <trkpt lat="41.69139813" lon="26.55959622"><ele>75.961</ele><time>2026-10-07T16:55:52Z</time><speed>0.000</speed><sat>26</sat></trkpt>
  <trkpt lat="41.69139818" lon="26.55959626"><ele>75.962</ele><time>2026-10-07T16:55:53Z</time><speed>0.000</speed><sat>25</sat></trkpt>
  <trkpt lat="41.69139906" lon="26.55959657"><ele>74.953</ele><time>2026-10-07T16:55:54Z</time><speed>0.000</speed><sat>25</sat></trkpt>
  <trkpt lat="41.69140136" lon="26.55960353"><ele>74.420</ele><time>2026-10-07T16:55:55Z</time><speed>0.000</speed><sat>25</sat></trkpt>
  <trkpt lat="41.69140103" lon="26.55960256"><ele>74.402</ele><time>2026-10-07T16:55:56Z</time><speed>0.420</speed><sat>27</sat></trkpt>
  <trkpt lat="41.69140227" lon="26.55960378"><ele>74.701</ele><time>2026-10-07T16:55:57Z</time><speed>0.000</speed><sat>27</sat></trkpt>
  <trkpt lat="41.69140348" lon="26.55960486"><ele>74.658</ele><time>2026-10-07T16:55:58Z</time><speed>0.000</speed><sat>27</sat></trkpt>
  <trkpt lat="41.69140410" lon="26.55960538"><ele>74.662</ele><time>2026-10-07T16:55:59Z</time><speed>0.000</speed><sat>27</sat></trkpt>
  <trkpt lat="41.69140440" lon="26.55960562"><ele>74.664</ele><time>2026-10-07T16:56:00Z</time><speed>0.000</speed><sat>27</sat></trkpt>
  <trkpt lat="41.69140458" lon="26.55960572"><ele>74.663</ele><time>2026-10-07T16:56:01Z</time><speed>0.000</speed><sat>27</sat></trkpt>
  <trkpt lat="41.69140469" lon="26.55960575"><ele>74.665</ele><time>2026-10-07T16:56:02Z</time><speed>0.000</speed><sat>26</sat></trkpt>
  <trkpt lat="41.69140475" lon="26.55960574"><ele>74.665</ele><time>2026-10-07T16:56:03Z</time><speed>0.000</speed><sat>26</sat></trkpt>
  <trkpt lat="41.69140547" lon="26.55960740"><ele>74.908</ele><time>2026-10-07T16:56:04Z</time><speed>0.240</speed><sat>26</sat></trkpt>
  <trkpt lat="41.69141132" lon="26.55960996"><ele>75.082</ele><time>2026-10-07T16:56:05Z</time><speed>0.000</speed><sat>26</sat></trkpt>
  <trkpt lat="41.69141575" lon="26.55961138"><ele>75.182</ele><time>2026-10-07T16:56:06Z</time><speed>0.000</speed><sat>26</sat></trkpt>
  <trkpt lat="41.69141674" lon="26.55961162"><ele>76.551</ele><time>2026-10-07T16:56:07Z</time><speed>0.000</speed><sat>27</sat></trkpt>
  <trkpt lat="41.69141629" lon="26.55961275"><ele>77.779</ele><time>2026-10-07T16:56:08Z</time><speed>0.000</speed><sat>27</sat></trkpt>
  <trkpt lat="41.69141727" lon="26.55961708"><ele>78.892</ele><time>2026-10-07T16:56:09Z</time><speed>0.380</speed><sat>27</sat></trkpt>
  <trkpt lat="41.69142123" lon="26.55962441"><ele>78.925</ele><time>2026-10-07T16:56:10Z</time><speed>0.000</speed><sat>28</sat></trkpt>
  <trkpt lat="41.69142282" lon="26.55962708"><ele>78.938</ele><time>2026-10-07T16:56:11Z</time><speed>0.000</speed><sat>30</sat></trkpt>
  <trkpt lat="41.69142359" lon="26.55962848"><ele>78.933</ele><time>2026-10-07T16:56:12Z</time><speed>0.000</speed><sat>30</sat></trkpt>
  <trkpt lat="41.69142395" lon="26.55962922"><ele>78.924</ele><time>2026-10-07T16:56:13Z</time><speed>0.000</speed><sat>29</sat></trkpt>
  <trkpt lat="41.69142415" lon="26.55962969"><ele>78.923</ele><time>2026-10-07T16:56:14Z</time><speed>0.000</speed><sat>28</sat></trkpt>
  <trkpt lat="41.69142424" lon="26.55962997"><ele>78.918</ele><time>2026-10-07T16:56:15Z</time><speed>0.000</speed><sat>28</sat></trkpt>
  <trkpt lat="41.69142426" lon="26.55963015"><ele>78.913</ele><time>2026-10-07T16:56:16Z</time><speed>0.000</speed><sat>26</sat></trkpt>
  <trkpt lat="41.69142427" lon="26.55963027"><ele>78.898</ele><time>2026-10-07T16:56:17Z</time><speed>0.000</speed><sat>26</sat></trkpt>
  <trkpt lat="41.69142422" lon="26.55963033"><ele>78.893</ele><time>2026-10-07T16:56:18Z</time><speed>0.000</speed><sat>25</sat></trkpt>
  <trkpt lat="41.69142418" lon="26.55963040"><ele>78.881</ele><time>2026-10-07T16:56:19Z</time><speed>0.000</speed><sat>25</sat></trkpt>
  <trkpt lat="41.69142410" lon="26.55963046"><ele>78.868</ele><time>2026-10-07T16:56:20Z</time><speed>0.000</speed><sat>26</sat></trkpt>
  <trkpt lat="41.69142398" lon="26.55963048"><ele>78.857</ele><time>2026-10-07T16:56:21Z</time><speed>0.000</speed><sat>25</sat></trkpt>
  <trkpt lat="41.69142390" lon="26.55963049"><ele>78.846</ele><time>2026-10-07T16:56:22Z</time><speed>0.000</speed><sat>25</sat></trkpt>
  <trkpt lat="41.69142377" lon="26.55963048"><ele>78.832</ele><time>2026-10-07T16:56:23Z</time><speed>0.000</speed><sat>25</sat></trkpt>
  <trkpt lat="41.69142364" lon="26.55963045"><ele>78.806</ele><time>2026-10-07T16:56:24Z</time><speed>0.000</speed><sat>25</sat></trkpt>
  <trkpt lat="41.69142354" lon="26.55963043"><ele>78.795</ele><time>2026-10-07T16:56:25Z</time><speed>0.000</speed><sat>27</sat></trkpt>
  <trkpt lat="41.69142344" lon="26.55963039"><ele>78.787</ele><time>2026-10-07T16:56:26Z</time><speed>0.000</speed><sat>26</sat></trkpt>
  <trkpt lat="41.69142334" lon="26.55963033"><ele>78.774</ele><time>2026-10-07T16:56:27Z</time><speed>0.000</speed><sat>26</sat></trkpt>
  <trkpt lat="41.69142326" lon="26.55963033"><ele>78.783</ele><time>2026-10-07T16:56:28Z</time><speed>0.000</speed><sat>26</sat></trkpt>
  <trkpt lat="41.69142317" lon="26.55963036"><ele>78.787</ele><time>2026-10-07T16:56:29Z</time><speed>0.000</speed><sat>27</sat></trkpt>
  <trkpt lat="41.69142314" lon="26.55963043"><ele>78.825</ele><time>2026-10-07T16:56:30Z</time><speed>0.000</speed><sat>27</sat></trkpt>
  <trkpt lat="41.69142317" lon="26.55963055"><ele>78.861</ele><time>2026-10-07T16:56:31Z</time><speed>0.000</speed><sat>27</sat></trkpt>
  <trkpt lat="41.69142324" lon="26.55963067"><ele>78.883</ele><time>2026-10-07T16:56:32Z</time><speed>0.000</speed><sat>27</sat></trkpt>
  <trkpt lat="41.69142333" lon="26.55963079"><ele>78.911</ele><time>2026-10-07T16:56:33Z</time><speed>0.000</speed><sat>27</sat></trkpt>
  <trkpt lat="41.69142337" lon="26.55963090"><ele>78.930</ele><time>2026-10-07T16:56:34Z</time><speed>0.000</speed><sat>26</sat></trkpt>
  <trkpt lat="41.69142342" lon="26.55963100"><ele>78.948</ele><time>2026-10-07T16:56:35Z</time><speed>0.000</speed><sat>26</sat></trkpt>
  <trkpt lat="41.69142347" lon="26.55963108"><ele>78.949</ele><time>2026-10-07T16:56:36Z</time><speed>0.000</speed><sat>28</sat></trkpt>
  <trkpt lat="41.69142352" lon="26.55963116"><ele>78.952</ele><time>2026-10-07T16:56:37Z</time><speed>0.000</speed><sat>28</sat></trkpt>
  <trkpt lat="41.69142360" lon="26.55963121"><ele>78.949</ele><time>2026-10-07T16:56:38Z</time><speed>0.000</speed><sat>28</sat></trkpt>
  <trkpt lat="41.69142367" lon="26.55963125"><ele>78.952</ele><time>2026-10-07T16:56:39Z</time><speed>0.000</speed><sat>30</sat></trkpt>
  <trkpt lat="41.69142369" lon="26.55963127"><ele>78.948</ele><time>2026-10-07T16:56:40Z</time><speed>0.000</speed><sat>31</sat></trkpt>
  <trkpt lat="41.69142375" lon="26.55963128"><ele>78.950</ele><time>2026-10-07T16:56:41Z</time><speed>0.000</speed><sat>31</sat></trkpt>
  <trkpt lat="41.69142378" lon="26.55963126"><ele>78.937</ele><time>2026-10-07T16:56:42Z</time><speed>0.000</speed><sat>32</sat></trkpt>
  <trkpt lat="41.69142384" lon="26.55963125"><ele>78.933</ele><time>2026-10-07T16:56:43Z</time><speed>0.000</speed><sat>32</sat></trkpt>
  <trkpt lat="41.69142384" lon="26.55963126"><ele>78.922</ele><time>2026-10-07T16:56:44Z</time><speed>0.000</speed><sat>32</sat></trkpt>
  <trkpt lat="41.69142386" lon="26.55963127"><ele>78.919</ele><time>2026-10-07T16:56:45Z</time><speed>0.000</speed><sat>31</sat></trkpt>
  <trkpt lat="41.69142389" lon="26.55963124"><ele>78.915</ele><time>2026-10-07T16:56:46Z</time><speed>0.000</speed><sat>31</sat></trkpt>
  <trkpt lat="41.69142391" lon="26.55963120"><ele>78.903</ele><time>2026-10-07T16:56:47Z</time><speed>0.000</speed><sat>31</sat></trkpt>
  <trkpt lat="41.69142394" lon="26.55963117"><ele>78.908</ele><time>2026-10-07T16:56:48Z</time><speed>0.000</speed><sat>30</sat></trkpt>
  <trkpt lat="41.69142398" lon="26.55963116"><ele>78.909</ele><time>2026-10-07T16:56:49Z</time><speed>0.000</speed><sat>29</sat></trkpt>
  <trkpt lat="41.69142494" lon="26.55963078"><ele>78.849</ele><time>2026-10-07T16:56:50Z</time><speed>0.000</speed><sat>26</sat></trkpt>
  <trkpt lat="41.69142529" lon="26.55963108"><ele>78.917</ele><time>2026-10-07T16:56:51Z</time><speed>0.000</speed><sat>25</sat></trkpt>
  <trkpt lat="41.69142545" lon="26.55963123"><ele>78.917</ele><time>2026-10-07T16:56:52Z</time><speed>0.000</speed><sat>26</sat></trkpt>
  <trkpt lat="41.69142685" lon="26.55963227"><ele>79.348</ele><time>2026-10-07T16:56:53Z</time><speed>0.220</speed><sat>26</sat></trkpt>
  <trkpt lat="41.69143627" lon="26.55963916"><ele>79.815</ele><time>2026-10-07T16:56:54Z</time><speed>1.610</speed><sat>27</sat></trkpt>
  <trkpt lat="41.69143896" lon="26.55963987"><ele>81.244</ele><time>2026-10-07T16:56:55Z</time><speed>0.000</speed><sat>28</sat></trkpt>
  <trkpt lat="41.69143566" lon="26.55963664"><ele>81.739</ele><time>2026-10-07T16:56:56Z</time><speed>0.000</speed><sat>28</sat></trkpt>
  <trkpt lat="41.69143396" lon="26.55963510"><ele>81.840</ele><time>2026-10-07T16:56:57Z</time><speed>0.000</speed><sat>30</sat></trkpt>
  <trkpt lat="41.69143310" lon="26.55963431"><ele>81.847</ele><time>2026-10-07T16:56:58Z</time><speed>0.000</speed><sat>30</sat></trkpt>
  <trkpt lat="41.69143267" lon="26.55963389"><ele>81.847</ele><time>2026-10-07T16:56:59Z</time><speed>0.000</speed><sat>30</sat></trkpt>
  <trkpt lat="41.69143247" lon="26.55963365"><ele>81.852</ele><time>2026-10-07T16:57:00Z</time><speed>0.000</speed><sat>29</sat></trkpt>
  <trkpt lat="41.69143231" lon="26.55963347"><ele>81.849</ele><time>2026-10-07T16:57:01Z</time><speed>0.000</speed><sat>29</sat></trkpt>
  <trkpt lat="41.69143222" lon="26.55963335"><ele>81.853</ele><time>2026-10-07T16:57:02Z</time><speed>0.000</speed><sat>28</sat></trkpt>
  <trkpt lat="41.69143217" lon="26.55963328"><ele>81.860</ele><time>2026-10-07T16:57:03Z</time><speed>0.000</speed><sat>24</sat></trkpt>
  <trkpt lat="41.69143216" lon="26.55963323"><ele>81.862</ele><time>2026-10-07T16:57:04Z</time><speed>0.000</speed><sat>24</sat></trkpt>
  <trkpt lat="41.69143217" lon="26.55963316"><ele>81.863</ele><time>2026-10-07T16:57:05Z</time><speed>0.000</speed><sat>24</sat></trkpt>
  <trkpt lat="41.69143216" lon="26.55963309"><ele>81.862</ele><time>2026-10-07T16:57:06Z</time><speed>0.000</speed><sat>23</sat></trkpt>
  <trkpt lat="41.69143211" lon="26.55963302"><ele>81.859</ele><time>2026-10-07T16:57:07Z</time><speed>0.000</speed><sat>23</sat></trkpt>
  <trkpt lat="41.69143206" lon="26.55963296"><ele>81.860</ele><time>2026-10-07T16:57:08Z</time><speed>0.000</speed><sat>23</sat></trkpt>
  <trkpt lat="41.69143199" lon="26.55963289"><ele>81.864</ele><time>2026-10-07T16:57:09Z</time><speed>0.000</speed><sat>24</sat></trkpt>
  <trkpt lat="41.69143196" lon="26.55963283"><ele>81.867</ele><time>2026-10-07T16:57:10Z</time><speed>0.000</speed><sat>24</sat></trkpt>
  <trkpt lat="41.69143193" lon="26.55963279"><ele>81.872</ele><time>2026-10-07T16:57:11Z</time><speed>0.000</speed><sat>24</sat></trkpt>
  <trkpt lat="41.69143188" lon="26.55963272"><ele>81.872</ele><time>2026-10-07T16:57:12Z</time><speed>0.000</speed><sat>25</sat></trkpt>
  <trkpt lat="41.69143180" lon="26.55963265"><ele>81.880</ele><time>2026-10-07T16:57:13Z</time><speed>0.000</speed><sat>24</sat></trkpt>
  <trkpt lat="41.69143174" lon="26.55963257"><ele>81.883</ele><time>2026-10-07T16:57:14Z</time><speed>0.000</speed><sat>24</sat></trkpt>
  <trkpt lat="41.69143173" lon="26.55963252"><ele>81.896</ele><time>2026-10-07T16:57:15Z</time><speed>0.000</speed><sat>25</sat></trkpt>
  <trkpt lat="41.69143170" lon="26.55963246"><ele>81.891</ele><time>2026-10-07T16:57:16Z</time><speed>0.000</speed><sat>26</sat></trkpt>
  <trkpt lat="41.69143166" lon="26.55963240"><ele>81.895</ele><time>2026-10-07T16:57:17Z</time><speed>0.000</speed><sat>26</sat></trkpt>
  <trkpt lat="41.69143159" lon="26.55963233"><ele>81.892</ele><time>2026-10-07T16:57:18Z</time><speed>0.000</speed><sat>28</sat></trkpt>
  <trkpt lat="41.69143153" lon="26.55963231"><ele>81.892</ele><time>2026-10-07T16:57:19Z</time><speed>0.000</speed><sat>28</sat></trkpt>
  <trkpt lat="41.69143124" lon="26.55963414"><ele>82.347</ele><time>2026-10-07T16:57:20Z</time><speed>0.000</speed><sat>29</sat></trkpt>
  <trkpt lat="41.69143130" lon="26.55963483"><ele>82.448</ele><time>2026-10-07T16:57:21Z</time><speed>0.000</speed><sat>29</sat></trkpt>
  <trkpt lat="41.69143128" lon="26.55963522"><ele>82.463</ele><time>2026-10-07T16:57:22Z</time><speed>0.000</speed><sat>29</sat></trkpt>
  <trkpt lat="41.69143125" lon="26.55963544"><ele>82.472</ele><time>2026-10-07T16:57:23Z</time><speed>0.000</speed><sat>28</sat></trkpt>
  <trkpt lat="41.69143122" lon="26.55963557"><ele>82.477</ele><time>2026-10-07T16:57:24Z</time><speed>0.000</speed><sat>27</sat></trkpt>
  <trkpt lat="41.69143119" lon="26.55963564"><ele>82.484</ele><time>2026-10-07T16:57:25Z</time><speed>0.000</speed><sat>28</sat></trkpt>
  <trkpt lat="41.69143113" lon="26.55963568"><ele>82.492</ele><time>2026-10-07T16:57:26Z</time><speed>0.000</speed><sat>28</sat></trkpt>
  <trkpt lat="41.69143110" lon="26.55963568"><ele>82.490</ele><time>2026-10-07T16:57:27Z</time><speed>0.000</speed><sat>28</sat></trkpt>
  <trkpt lat="41.69143108" lon="26.55963562"><ele>82.487</ele><time>2026-10-07T16:57:28Z</time><speed>0.000</speed><sat>29</sat></trkpt>
  <trkpt lat="41.69143106" lon="26.55963557"><ele>82.487</ele><time>2026-10-07T16:57:29Z</time><speed>0.000</speed><sat>30</sat></trkpt>
  <trkpt lat="41.69143105" lon="26.55963552"><ele>82.487</ele><time>2026-10-07T16:57:30Z</time><speed>0.000</speed><sat>29</sat></trkpt>
  <trkpt lat="41.69143100" lon="26.55963543"><ele>82.487</ele><time>2026-10-07T16:57:31Z</time><speed>0.000</speed><sat>29</sat></trkpt>
  <trkpt lat="41.69143098" lon="26.55963534"><ele>82.489</ele><time>2026-10-07T16:57:32Z</time><speed>0.000</speed><sat>28</sat></trkpt>
  <trkpt lat="41.69143097" lon="26.55963523"><ele>82.486</ele><time>2026-10-07T16:57:33Z</time><speed>0.000</speed><sat>28</sat></trkpt>
  <trkpt lat="41.69143096" lon="26.55963510"><ele>82.480</ele><time>2026-10-07T16:57:34Z</time><speed>0.000</speed><sat>27</sat></trkpt>
  <trkpt lat="41.69143101" lon="26.55963503"><ele>82.496</ele><time>2026-10-07T16:57:35Z</time><speed>0.000</speed><sat>27</sat></trkpt>
  <trkpt lat="41.69143104" lon="26.55963490"><ele>82.488</ele><time>2026-10-07T16:57:36Z</time><speed>0.000</speed><sat>28</sat></trkpt>
  <trkpt lat="41.69143104" lon="26.55963478"><ele>82.487</ele><time>2026-10-07T16:57:37Z</time><speed>0.000</speed><sat>28</sat></trkpt>
  <trkpt lat="41.69143103" lon="26.55963466"><ele>82.478</ele><time>2026-10-07T16:57:38Z</time><speed>0.000</speed><sat>28</sat></trkpt>
  <trkpt lat="41.69143103" lon="26.55963457"><ele>82.469</ele><time>2026-10-07T16:57:39Z</time><speed>0.000</speed><sat>29</sat></trkpt>
  <trkpt lat="41.69143102" lon="26.55963449"><ele>82.467</ele><time>2026-10-07T16:57:40Z</time><speed>0.000</speed><sat>29</sat></trkpt>
  <trkpt lat="41.69143099" lon="26.55963443"><ele>82.469</ele><time>2026-10-07T16:57:41Z</time><speed>0.000</speed><sat>27</sat></trkpt>
  <trkpt lat="41.69143094" lon="26.55963439"><ele>82.470</ele><time>2026-10-07T16:57:42Z</time><speed>0.000</speed><sat>26</sat></trkpt>
  <trkpt lat="41.69143091" lon="26.55963441"><ele>82.470</ele><time>2026-10-07T16:57:43Z</time><speed>0.000</speed><sat>29</sat></trkpt>
  <trkpt lat="41.69143086" lon="26.55963450"><ele>82.479</ele><time>2026-10-07T16:57:44Z</time><speed>0.000</speed><sat>30</sat></trkpt>
  <trkpt lat="41.69143079" lon="26.55963460"><ele>82.488</ele><time>2026-10-07T16:57:45Z</time><speed>0.000</speed><sat>29</sat></trkpt>
  <trkpt lat="41.69143066" lon="26.55963468"><ele>82.496</ele><time>2026-10-07T16:57:46Z</time><speed>0.000</speed><sat>30</sat></trkpt>
  <trkpt lat="41.69143057" lon="26.55963481"><ele>82.511</ele><time>2026-10-07T16:57:47Z</time><speed>0.000</speed><sat>30</sat></trkpt>
  <trkpt lat="41.69143045" lon="26.55963497"><ele>82.528</ele><time>2026-10-07T16:57:48Z</time><speed>0.000</speed><sat>30</sat></trkpt>
  <trkpt lat="41.69143034" lon="26.55963509"><ele>82.543</ele><time>2026-10-07T16:57:49Z</time><speed>0.000</speed><sat>30</sat></trkpt>
  <trkpt lat="41.69143024" lon="26.55963522"><ele>82.570</ele><time>2026-10-07T16:57:50Z</time><speed>0.000</speed><sat>30</sat></trkpt>
  <trkpt lat="41.69143014" lon="26.55963536"><ele>82.591</ele><time>2026-10-07T16:57:51Z</time><speed>0.000</speed><sat>30</sat></trkpt>
  <trkpt lat="41.69143005" lon="26.55963548"><ele>82.607</ele><time>2026-10-07T16:57:52Z</time><speed>0.000</speed><sat>31</sat></trkpt>
  <trkpt lat="41.69142995" lon="26.55963562"><ele>82.630</ele><time>2026-10-07T16:57:53Z</time><speed>0.000</speed><sat>31</sat></trkpt>
  <trkpt lat="41.69142985" lon="26.55963575"><ele>82.652</ele><time>2026-10-07T16:57:54Z</time><speed>0.000</speed><sat>31</sat></trkpt>
  <trkpt lat="41.69142975" lon="26.55963588"><ele>82.672</ele><time>2026-10-07T16:57:55Z</time><speed>0.000</speed><sat>31</sat></trkpt>
  <trkpt lat="41.69142966" lon="26.55963598"><ele>82.687</ele><time>2026-10-07T16:57:56Z</time><speed>0.000</speed><sat>31</sat></trkpt>
  <trkpt lat="41.69142958" lon="26.55963608"><ele>82.696</ele><time>2026-10-07T16:57:57Z</time><speed>0.000</speed><sat>31</sat></trkpt>
  <trkpt lat="41.69142948" lon="26.55963614"><ele>82.710</ele><time>2026-10-07T16:57:58Z</time><speed>0.000</speed><sat>30</sat></trkpt>
  <trkpt lat="41.69142940" lon="26.55963622"><ele>82.719</ele><time>2026-10-07T16:57:59Z</time><speed>0.000</speed><sat>30</sat></trkpt>
  <trkpt lat="41.69142933" lon="26.55963632"><ele>82.732</ele><time>2026-10-07T16:58:00Z</time><speed>0.000</speed><sat>30</sat></trkpt>
  <trkpt lat="41.69142925" lon="26.55963642"><ele>82.750</ele><time>2026-10-07T16:58:01Z</time><speed>0.000</speed><sat>30</sat></trkpt>
  <trkpt lat="41.69142916" lon="26.55963649"><ele>82.761</ele><time>2026-10-07T16:58:02Z</time><speed>0.000</speed><sat>30</sat></trkpt>
  <trkpt lat="41.69142906" lon="26.55963654"><ele>82.766</ele><time>2026-10-07T16:58:03Z</time><speed>0.000</speed><sat>30</sat></trkpt>
  <trkpt lat="41.69142896" lon="26.55963658"><ele>82.774</ele><time>2026-10-07T16:58:04Z</time><speed>0.000</speed><sat>31</sat></trkpt>
  <trkpt lat="41.69142889" lon="26.55963661"><ele>82.785</ele><time>2026-10-07T16:58:05Z</time><speed>0.000</speed><sat>31</sat></trkpt>
  <trkpt lat="41.69142881" lon="26.55963662"><ele>82.786</ele><time>2026-10-07T16:58:06Z</time><speed>0.000</speed><sat>30</sat></trkpt>
  <trkpt lat="41.69142874" lon="26.55963664"><ele>82.797</ele><time>2026-10-07T16:58:07Z</time><speed>0.000</speed><sat>29</sat></trkpt>
  <trkpt lat="41.69142865" lon="26.55963665"><ele>82.810</ele><time>2026-10-07T16:58:08Z</time><speed>0.000</speed><sat>29</sat></trkpt>
  <trkpt lat="41.69142857" lon="26.55963669"><ele>82.821</ele><time>2026-10-07T16:58:09Z</time><speed>0.000</speed><sat>29</sat></trkpt>
  <trkpt lat="41.69142850" lon="26.55963671"><ele>82.829</ele><time>2026-10-07T16:58:10Z</time><speed>0.000</speed><sat>28</sat></trkpt>
  <trkpt lat="41.69142845" lon="26.55963668"><ele>82.835</ele><time>2026-10-07T16:58:11Z</time><speed>0.000</speed><sat>29</sat></trkpt>
  <trkpt lat="41.69142841" lon="26.55963662"><ele>82.838</ele><time>2026-10-07T16:58:12Z</time><speed>0.000</speed><sat>29</sat></trkpt>
  <trkpt lat="41.69142866" lon="26.55963672"><ele>82.419</ele><time>2026-10-07T16:58:13Z</time><speed>0.000</speed><sat>30</sat></trkpt>
  <trkpt lat="41.69142984" lon="26.55963698"><ele>82.393</ele><time>2026-10-07T16:58:14Z</time><speed>0.000</speed><sat>30</sat></trkpt>
  <trkpt lat="41.69142909" lon="26.55963498"><ele>81.953</ele><time>2026-10-07T16:58:15Z</time><speed>0.000</speed><sat>30</sat></trkpt>
  <trkpt lat="41.69142866" lon="26.55962502"><ele>81.673</ele><time>2026-10-07T16:58:16Z</time><speed>1.120</speed><sat>30</sat></trkpt>
  <trkpt lat="41.69142816" lon="26.55961289"><ele>81.399</ele><time>2026-10-07T16:58:17Z</time><speed>0.000</speed><sat>28</sat></trkpt>
  <trkpt lat="41.69142476" lon="26.55960610"><ele>81.055</ele><time>2026-10-07T16:58:18Z</time><speed>0.000</speed><sat>26</sat></trkpt>
  <trkpt lat="41.69142305" lon="26.55960277"><ele>81.054</ele><time>2026-10-07T16:58:19Z</time><speed>0.000</speed><sat>25</sat></trkpt>
  <trkpt lat="41.69142219" lon="26.55960115"><ele>81.057</ele><time>2026-10-07T16:58:20Z</time><speed>0.000</speed><sat>26</sat></trkpt>
  <trkpt lat="41.69142179" lon="26.55960041"><ele>81.055</ele><time>2026-10-07T16:58:21Z</time><speed>0.000</speed><sat>27</sat></trkpt>
  <trkpt lat="41.69142159" lon="26.55960008"><ele>81.052</ele><time>2026-10-07T16:58:22Z</time><speed>0.000</speed><sat>27</sat></trkpt>
  <trkpt lat="41.69142148" lon="26.55959998"><ele>81.049</ele><time>2026-10-07T16:58:23Z</time><speed>0.000</speed><sat>28</sat></trkpt>
  <trkpt lat="41.69142144" lon="26.55959997"><ele>81.047</ele><time>2026-10-07T16:58:24Z</time><speed>0.000</speed><sat>29</sat></trkpt>
  <trkpt lat="41.69142140" lon="26.55959997"><ele>81.048</ele><time>2026-10-07T16:58:25Z</time><speed>0.000</speed><sat>28</sat></trkpt>
  <trkpt lat="41.69142135" lon="26.55960002"><ele>81.052</ele><time>2026-10-07T16:58:26Z</time><speed>0.000</speed><sat>28</sat></trkpt>
  <trkpt lat="41.69142129" lon="26.55960004"><ele>81.054</ele><time>2026-10-07T16:58:27Z</time><speed>0.000</speed><sat>28</sat></trkpt>
  <trkpt lat="41.69142124" lon="26.55960008"><ele>81.059</ele><time>2026-10-07T16:58:28Z</time><speed>0.000</speed><sat>27</sat></trkpt>
  <trkpt lat="41.69142121" lon="26.55960012"><ele>81.061</ele><time>2026-10-07T16:58:29Z</time><speed>0.000</speed><sat>27</sat></trkpt>
  <trkpt lat="41.69142121" lon="26.55960013"><ele>81.058</ele><time>2026-10-07T16:58:30Z</time><speed>0.000</speed><sat>26</sat></trkpt>
  <trkpt lat="41.69142117" lon="26.55960013"><ele>81.055</ele><time>2026-10-07T16:58:31Z</time><speed>0.000</speed><sat>25</sat></trkpt>
  <trkpt lat="41.69142114" lon="26.55960012"><ele>81.051</ele><time>2026-10-07T16:58:32Z</time><speed>0.000</speed><sat>27</sat></trkpt>
  <trkpt lat="41.69142112" lon="26.55960015"><ele>81.052</ele><time>2026-10-07T16:58:33Z</time><speed>0.000</speed><sat>27</sat></trkpt>
  <trkpt lat="41.69142111" lon="26.55960014"><ele>81.047</ele><time>2026-10-07T16:58:34Z</time><speed>0.000</speed><sat>27</sat></trkpt>
  <trkpt lat="41.69142108" lon="26.55960014"><ele>81.046</ele><time>2026-10-07T16:58:35Z</time><speed>0.000</speed><sat>27</sat></trkpt>
  <trkpt lat="41.69142105" lon="26.55960013"><ele>81.047</ele><time>2026-10-07T16:58:36Z</time><speed>0.000</speed><sat>27</sat></trkpt>
  <trkpt lat="41.69142105" lon="26.55960018"><ele>81.043</ele><time>2026-10-07T16:58:37Z</time><speed>0.000</speed><sat>27</sat></trkpt>
  <trkpt lat="41.69142107" lon="26.55960024"><ele>81.039</ele><time>2026-10-07T16:58:38Z</time><speed>0.000</speed><sat>27</sat></trkpt>
  <trkpt lat="41.69142108" lon="26.55960034"><ele>81.039</ele><time>2026-10-07T16:58:39Z</time><speed>0.000</speed><sat>27</sat></trkpt>
  <trkpt lat="41.69142106" lon="26.55960047"><ele>81.042</ele><time>2026-10-07T16:58:40Z</time><speed>0.000</speed><sat>27</sat></trkpt>
  <trkpt lat="41.69142106" lon="26.55960053"><ele>81.040</ele><time>2026-10-07T16:58:41Z</time><speed>0.000</speed><sat>27</sat></trkpt>
  <trkpt lat="41.69142106" lon="26.55960060"><ele>81.043</ele><time>2026-10-07T16:58:42Z</time><speed>0.000</speed><sat>28</sat></trkpt>
  <trkpt lat="41.69142108" lon="26.55960066"><ele>81.043</ele><time>2026-10-07T16:58:43Z</time><speed>0.000</speed><sat>28</sat></trkpt>
  <trkpt lat="41.69142111" lon="26.55960073"><ele>81.039</ele><time>2026-10-07T16:58:44Z</time><speed>0.000</speed><sat>28</sat></trkpt>
  <trkpt lat="41.69142114" lon="26.55960081"><ele>81.034</ele><time>2026-10-07T16:58:45Z</time><speed>0.000</speed><sat>27</sat></trkpt>
  <trkpt lat="41.69142115" lon="26.55960084"><ele>81.029</ele><time>2026-10-07T16:58:46Z</time><speed>0.000</speed><sat>27</sat></trkpt>
  <trkpt lat="41.69142119" lon="26.55960088"><ele>81.026</ele><time>2026-10-07T16:58:47Z</time><speed>0.000</speed><sat>26</sat></trkpt>
  <trkpt lat="41.69142121" lon="26.55960092"><ele>81.022</ele><time>2026-10-07T16:58:48Z</time><speed>0.000</speed><sat>24</sat></trkpt>
  <trkpt lat="41.69142123" lon="26.55960096"><ele>81.016</ele><time>2026-10-07T16:58:49Z</time><speed>0.000</speed><sat>25</sat></trkpt>
  <trkpt lat="41.69142126" lon="26.55960098"><ele>81.018</ele><time>2026-10-07T16:58:50Z</time><speed>0.000</speed><sat>24</sat></trkpt>
  <trkpt lat="41.69142129" lon="26.55960101"><ele>81.020</ele><time>2026-10-07T16:58:51Z</time><speed>0.000</speed><sat>25</sat></trkpt>
  <trkpt lat="41.69142130" lon="26.55960106"><ele>81.016</ele><time>2026-10-07T16:58:52Z</time><speed>0.000</speed><sat>25</sat></trkpt>
  <trkpt lat="41.69142132" lon="26.55960114"><ele>81.011</ele><time>2026-10-07T16:58:53Z</time><speed>0.000</speed><sat>27</sat></trkpt>
  <trkpt lat="41.69142134" lon="26.55960120"><ele>81.013</ele><time>2026-10-07T16:58:54Z</time><speed>0.000</speed><sat>27</sat></trkpt>
  <trkpt lat="41.69142136" lon="26.55960125"><ele>81.016</ele><time>2026-10-07T16:58:55Z</time><speed>0.000</speed><sat>26</sat></trkpt>
  <trkpt lat="41.69142137" lon="26.55960129"><ele>81.016</ele><time>2026-10-07T16:58:56Z</time><speed>0.000</speed><sat>26</sat></trkpt>
  <trkpt lat="41.69142139" lon="26.55960132"><ele>81.016</ele><time>2026-10-07T16:58:57Z</time><speed>0.000</speed><sat>25</sat></trkpt>
  <trkpt lat="41.69142104" lon="26.55960277"><ele>81.027</ele><time>2026-10-07T16:58:58Z</time><speed>0.000</speed><sat>25</sat></trkpt>
  <trkpt lat="41.69142067" lon="26.55960409"><ele>81.167</ele><time>2026-10-07T16:58:59Z</time><speed>0.000</speed><sat>23</sat></trkpt>
  <trkpt lat="41.69142048" lon="26.55960479"><ele>81.161</ele><time>2026-10-07T16:59:00Z</time><speed>0.000</speed><sat>24</sat></trkpt>
  <trkpt lat="41.69142037" lon="26.55960518"><ele>81.158</ele><time>2026-10-07T16:59:01Z</time><speed>0.000</speed><sat>24</sat></trkpt>
  <trkpt lat="41.69142033" lon="26.55960542"><ele>81.153</ele><time>2026-10-07T16:59:02Z</time><speed>0.000</speed><sat>26</sat></trkpt>
  <trkpt lat="41.69142028" lon="26.55960560"><ele>81.152</ele><time>2026-10-07T16:59:03Z</time><speed>0.000</speed><sat>26</sat></trkpt>
  <trkpt lat="41.69142024" lon="26.55960571"><ele>81.150</ele><time>2026-10-07T16:59:04Z</time><speed>0.000</speed><sat>26</sat></trkpt>
  <trkpt lat="41.69142020" lon="26.55960578"><ele>81.147</ele><time>2026-10-07T16:59:05Z</time><speed>0.000</speed><sat>27</sat></trkpt>
  <trkpt lat="41.69142015" lon="26.55960585"><ele>81.142</ele><time>2026-10-07T16:59:06Z</time><speed>0.000</speed><sat>26</sat></trkpt>
  <trkpt lat="41.69142011" lon="26.55960589"><ele>81.139</ele><time>2026-10-07T16:59:07Z</time><speed>0.000</speed><sat>26</sat></trkpt>
  <trkpt lat="41.69142008" lon="26.55960595"><ele>81.135</ele><time>2026-10-07T16:59:08Z</time><speed>0.000</speed><sat>25</sat></trkpt>
  <trkpt lat="41.69142006" lon="26.55960599"><ele>81.135</ele><time>2026-10-07T16:59:09Z</time><speed>0.000</speed><sat>25</sat></trkpt>
  <trkpt lat="41.69142005" lon="26.55960603"><ele>81.131</ele><time>2026-10-07T16:59:10Z</time><speed>0.000</speed><sat>24</sat></trkpt>
  <trkpt lat="41.69142009" lon="26.55960611"><ele>81.120</ele><time>2026-10-07T16:59:11Z</time><speed>0.000</speed><sat>25</sat></trkpt>
  <trkpt lat="41.69141832" lon="26.55960955"><ele>80.975</ele><time>2026-10-07T16:59:12Z</time><speed>0.000</speed><sat>27</sat></trkpt>
  <trkpt lat="41.69141169" lon="26.55961180"><ele>80.777</ele><time>2026-10-07T16:59:13Z</time><speed>0.230</speed><sat>27</sat></trkpt>
  <trkpt lat="41.69140508" lon="26.55961453"><ele>80.776</ele><time>2026-10-07T16:59:14Z</time><speed>0.000</speed><sat>28</sat></trkpt>
  <trkpt lat="41.69140194" lon="26.55961652"><ele>80.775</ele><time>2026-10-07T16:59:15Z</time><speed>0.000</speed><sat>28</sat></trkpt>
  <trkpt lat="41.69140037" lon="26.55961744"><ele>80.773</ele><time>2026-10-07T16:59:16Z</time><speed>0.000</speed><sat>28</sat></trkpt>
  <trkpt lat="41.69140039" lon="26.55961220"><ele>79.711</ele><time>2026-10-07T16:59:17Z</time><speed>0.320</speed><sat>28</sat></trkpt>
  <trkpt lat="41.69140073" lon="26.55960782"><ele>79.612</ele><time>2026-10-07T16:59:18Z</time><speed>0.000</speed><sat>28</sat></trkpt>
  <trkpt lat="41.69140114" lon="26.55960651"><ele>79.606</ele><time>2026-10-07T16:59:19Z</time><speed>0.000</speed><sat>29</sat></trkpt>
  <trkpt lat="41.69140136" lon="26.55960583"><ele>79.600</ele><time>2026-10-07T16:59:20Z</time><speed>0.000</speed><sat>28</sat></trkpt>
  <trkpt lat="41.69140149" lon="26.55960545"><ele>79.592</ele><time>2026-10-07T16:59:21Z</time><speed>0.000</speed><sat>29</sat></trkpt>
  <trkpt lat="41.69140190" lon="26.55960380"><ele>78.777</ele><time>2026-10-07T16:59:22Z</time><speed>0.000</speed><sat>28</sat></trkpt>
  <trkpt lat="41.69140232" lon="26.55960253"><ele>78.749</ele><time>2026-10-07T16:59:23Z</time><speed>0.000</speed><sat>28</sat></trkpt>
  <trkpt lat="41.69140255" lon="26.55960226"><ele>78.750</ele><time>2026-10-07T16:59:24Z</time><speed>0.000</speed><sat>28</sat></trkpt>
  <trkpt lat="41.69140267" lon="26.55960214"><ele>78.752</ele><time>2026-10-07T16:59:25Z</time><speed>0.000</speed><sat>28</sat></trkpt>
  <trkpt lat="41.69140390" lon="26.55960348"><ele>78.642</ele><time>2026-10-07T16:59:26Z</time><speed>0.000</speed><sat>28</sat></trkpt>
  <trkpt lat="41.69140516" lon="26.55960487"><ele>78.640</ele><time>2026-10-07T16:59:27Z</time><speed>0.000</speed><sat>28</sat></trkpt>
  <trkpt lat="41.69140627" lon="26.55960531"><ele>78.224</ele><time>2026-10-07T16:59:28Z</time><speed>0.000</speed><sat>28</sat></trkpt>
  <trkpt lat="41.69140104" lon="26.55960552"><ele>77.853</ele><time>2026-10-07T16:59:29Z</time><speed>0.950</speed><sat>29</sat></trkpt>
  <trkpt lat="41.69139319" lon="26.55960595"><ele>77.426</ele><time>2026-10-07T16:59:30Z</time><speed>0.850</speed><sat>28</sat></trkpt>
  <trkpt lat="41.69139678" lon="26.55960543"><ele>78.011</ele><time>2026-10-07T16:59:31Z</time><speed>0.000</speed><sat>27</sat></trkpt>
  <trkpt lat="41.69139968" lon="26.55960575"><ele>77.331</ele><time>2026-10-07T16:59:32Z</time><speed>0.000</speed><sat>26</sat></trkpt>
  <trkpt lat="41.69140084" lon="26.55960503"><ele>76.598</ele><time>2026-10-07T16:59:33Z</time><speed>0.000</speed><sat>26</sat></trkpt>
  <trkpt lat="41.69140343" lon="26.55960366"><ele>76.664</ele><time>2026-10-07T16:59:34Z</time><speed>0.000</speed><sat>25</sat></trkpt>
  <trkpt lat="41.69140485" lon="26.55960291"><ele>76.667</ele><time>2026-10-07T16:59:35Z</time><speed>0.000</speed><sat>24</sat></trkpt>
  <trkpt lat="41.69140560" lon="26.55960248"><ele>76.666</ele><time>2026-10-07T16:59:36Z</time><speed>0.000</speed><sat>24</sat></trkpt>
  <trkpt lat="41.69140602" lon="26.55960220"><ele>76.670</ele><time>2026-10-07T16:59:37Z</time><speed>0.000</speed><sat>23</sat></trkpt>
  <trkpt lat="41.69140625" lon="26.55960202"><ele>76.671</ele><time>2026-10-07T16:59:38Z</time><speed>0.000</speed><sat>24</sat></trkpt>
  <trkpt lat="41.69140546" lon="26.55960115"><ele>76.474</ele><time>2026-10-07T16:59:39Z</time><speed>0.000</speed><sat>23</sat></trkpt>
  <trkpt lat="41.69140458" lon="26.55960011"><ele>76.473</ele><time>2026-10-07T16:59:40Z</time><speed>0.000</speed><sat>23</sat></trkpt>
  <trkpt lat="41.69140404" lon="26.55959945"><ele>76.475</ele><time>2026-10-07T16:59:41Z</time><speed>0.000</speed><sat>24</sat></trkpt>
  <trkpt lat="41.69140373" lon="26.55959913"><ele>76.473</ele><time>2026-10-07T16:59:42Z</time><speed>0.000</speed><sat>24</sat></trkpt>
  <trkpt lat="41.69140356" lon="26.55959897"><ele>76.472</ele><time>2026-10-07T16:59:43Z</time><speed>0.000</speed><sat>25</sat></trkpt>
  <trkpt lat="41.69140341" lon="26.55959892"><ele>76.475</ele><time>2026-10-07T16:59:44Z</time><speed>0.000</speed><sat>25</sat></trkpt>
  <trkpt lat="41.69140331" lon="26.55959889"><ele>76.474</ele><time>2026-10-07T16:59:45Z</time><speed>0.000</speed><sat>25</sat></trkpt>
  <trkpt lat="41.69140324" lon="26.55959887"><ele>76.477</ele><time>2026-10-07T16:59:46Z</time><speed>0.000</speed><sat>25</sat></trkpt>
  <trkpt lat="41.69140317" lon="26.55959888"><ele>76.479</ele><time>2026-10-07T16:59:47Z</time><speed>0.000</speed><sat>25</sat></trkpt>
  <trkpt lat="41.69140311" lon="26.55959888"><ele>76.485</ele><time>2026-10-07T16:59:48Z</time><speed>0.000</speed><sat>25</sat></trkpt>
  <trkpt lat="41.69140306" lon="26.55959892"><ele>76.489</ele><time>2026-10-07T16:59:49Z</time><speed>0.000</speed><sat>25</sat></trkpt>
  <trkpt lat="41.69140317" lon="26.55960067"><ele>76.976</ele><time>2026-10-07T16:59:50Z</time><speed>0.000</speed><sat>25</sat></trkpt>
  <trkpt lat="41.69140432" lon="26.55960513"><ele>77.083</ele><time>2026-10-07T16:59:51Z</time><speed>0.410</speed><sat>26</sat></trkpt>
  <trkpt lat="41.69140495" lon="26.55960817"><ele>77.015</ele><time>2026-10-07T16:59:52Z</time><speed>0.000</speed><sat>27</sat></trkpt>
  <trkpt lat="41.69140492" lon="26.55960852"><ele>77.012</ele><time>2026-10-07T16:59:53Z</time><speed>0.000</speed><sat>28</sat></trkpt>
  <trkpt lat="41.69140373" lon="26.55960937"><ele>76.925</ele><time>2026-10-07T16:59:54Z</time><speed>0.160</speed><sat>30</sat></trkpt>
  <trkpt lat="41.69140223" lon="26.55961097"><ele>76.706</ele><time>2026-10-07T16:59:55Z</time><speed>0.180</speed><sat>31</sat></trkpt>
  <trkpt lat="41.69140554" lon="26.55961287"><ele>76.490</ele><time>2026-10-07T16:59:56Z</time><speed>0.670</speed><sat>31</sat></trkpt>
  <trkpt lat="41.69140469" lon="26.55961316"><ele>76.392</ele><time>2026-10-07T16:59:57Z</time><speed>0.000</speed><sat>31</sat></trkpt>
  <trkpt lat="41.69140409" lon="26.55961233"><ele>75.916</ele><time>2026-10-07T16:59:58Z</time><speed>0.000</speed><sat>31</sat></trkpt>
  <trkpt lat="41.69140309" lon="26.55961135"><ele>75.913</ele><time>2026-10-07T16:59:59Z</time><speed>0.000</speed><sat>31</sat></trkpt>
  <trkpt lat="41.69140341" lon="26.55961003"><ele>75.676</ele><time>2026-10-07T17:00:00Z</time><speed>0.310</speed><sat>30</sat></trkpt>
  <trkpt lat="41.69140296" lon="26.55960855"><ele>75.679</ele><time>2026-10-07T17:00:01Z</time><speed>0.000</speed><sat>29</sat></trkpt>
  <trkpt lat="41.69140361" lon="26.55960865"><ele>75.298</ele><time>2026-10-07T17:00:02Z</time><speed>0.200</speed><sat>29</sat></trkpt>
  <trkpt lat="41.69140384" lon="26.55960867"><ele>75.292</ele><time>2026-10-07T17:00:03Z</time><speed>0.000</speed><sat>30</sat></trkpt>
  <trkpt lat="41.69140274" lon="26.55960955"><ele>75.572</ele><time>2026-10-07T17:00:04Z</time><speed>0.000</speed><sat>30</sat></trkpt>
  <trkpt lat="41.69140134" lon="26.55961027"><ele>75.678</ele><time>2026-10-07T17:00:05Z</time><speed>0.180</speed><sat>30</sat></trkpt>
  <trkpt lat="41.69139981" lon="26.55961108"><ele>75.613</ele><time>2026-10-07T17:00:06Z</time><speed>0.000</speed><sat>30</sat></trkpt>
  <trkpt lat="41.69139849" lon="26.55961069"><ele>75.573</ele><time>2026-10-07T17:00:07Z</time><speed>0.000</speed><sat>30</sat></trkpt>
  <trkpt lat="41.69139806" lon="26.55961046"><ele>75.571</ele><time>2026-10-07T17:00:08Z</time><speed>0.000</speed><sat>30</sat></trkpt>
  <trkpt lat="41.69139787" lon="26.55961036"><ele>75.571</ele><time>2026-10-07T17:00:09Z</time><speed>0.000</speed><sat>29</sat></trkpt>
  <trkpt lat="41.69139778" lon="26.55961032"><ele>75.567</ele><time>2026-10-07T17:00:10Z</time><speed>0.000</speed><sat>29</sat></trkpt>
  <trkpt lat="41.69139773" lon="26.55961030"><ele>75.563</ele><time>2026-10-07T17:00:11Z</time><speed>0.000</speed><sat>30</sat></trkpt>
  <trkpt lat="41.69139769" lon="26.55961027"><ele>75.558</ele><time>2026-10-07T17:00:12Z</time><speed>0.000</speed><sat>29</sat></trkpt>
  <trkpt lat="41.69139768" lon="26.55961026"><ele>75.559</ele><time>2026-10-07T17:00:13Z</time><speed>0.000</speed><sat>29</sat></trkpt>
  <trkpt lat="41.69139765" lon="26.55961024"><ele>75.556</ele><time>2026-10-07T17:00:14Z</time><speed>0.000</speed><sat>26</sat></trkpt>
  <trkpt lat="41.69139765" lon="26.55961022"><ele>75.556</ele><time>2026-10-07T17:00:15Z</time><speed>0.000</speed><sat>27</sat></trkpt>
  <trkpt lat="41.69139766" lon="26.55961023"><ele>75.554</ele><time>2026-10-07T17:00:16Z</time><speed>0.000</speed><sat>27</sat></trkpt>
  <trkpt lat="41.69139764" lon="26.55961023"><ele>75.552</ele><time>2026-10-07T17:00:17Z</time><speed>0.000</speed><sat>26</sat></trkpt>
  <trkpt lat="41.69139762" lon="26.55961024"><ele>75.553</ele><time>2026-10-07T17:00:18Z</time><speed>0.000</speed><sat>27</sat></trkpt>
  <trkpt lat="41.69139672" lon="26.55961120"><ele>75.370</ele><time>2026-10-07T17:00:19Z</time><speed>0.000</speed><sat>28</sat></trkpt>
  <trkpt lat="41.69139606" lon="26.55961200"><ele>75.377</ele><time>2026-10-07T17:00:20Z</time><speed>0.000</speed><sat>28</sat></trkpt>
  <trkpt lat="41.69139595" lon="26.55961224"><ele>75.372</ele><time>2026-10-07T17:00:21Z</time><speed>0.000</speed><sat>28</sat></trkpt>
  <trkpt lat="41.69139589" lon="26.55961237"><ele>75.361</ele><time>2026-10-07T17:00:22Z</time><speed>0.000</speed><sat>28</sat></trkpt>
  <trkpt lat="41.69139673" lon="26.55961168"><ele>74.949</ele><time>2026-10-07T17:00:23Z</time><speed>0.000</speed><sat>30</sat></trkpt>
  <trkpt lat="41.69139770" lon="26.55961095"><ele>74.948</ele><time>2026-10-07T17:00:24Z</time><speed>0.000</speed><sat>30</sat></trkpt>
  <trkpt lat="41.69139829" lon="26.55961055"><ele>74.946</ele><time>2026-10-07T17:00:25Z</time><speed>0.000</speed><sat>30</sat></trkpt>
  <trkpt lat="41.69139860" lon="26.55961034"><ele>74.941</ele><time>2026-10-07T17:00:26Z</time><speed>0.000</speed><sat>30</sat></trkpt>
  <trkpt lat="41.69139875" lon="26.55961021"><ele>74.936</ele><time>2026-10-07T17:00:27Z</time><speed>0.000</speed><sat>29</sat></trkpt>
  <trkpt lat="41.69139884" lon="26.55961015"><ele>74.935</ele><time>2026-10-07T17:00:28Z</time><speed>0.000</speed><sat>29</sat></trkpt>
  <trkpt lat="41.69139890" lon="26.55961012"><ele>74.933</ele><time>2026-10-07T17:00:29Z</time><speed>0.000</speed><sat>29</sat></trkpt>
  <trkpt lat="41.69139893" lon="26.55961008"><ele>74.931</ele><time>2026-10-07T17:00:30Z</time><speed>0.000</speed><sat>29</sat></trkpt>
  <trkpt lat="41.69139893" lon="26.55961005"><ele>74.933</ele><time>2026-10-07T17:00:31Z</time><speed>0.000</speed><sat>29</sat></trkpt>
  <trkpt lat="41.69139892" lon="26.55961002"><ele>74.932</ele><time>2026-10-07T17:00:32Z</time><speed>0.000</speed><sat>29</sat></trkpt>
  <trkpt lat="41.69139890" lon="26.55961001"><ele>74.928</ele><time>2026-10-07T17:00:33Z</time><speed>0.000</speed><sat>29</sat></trkpt>
  <trkpt lat="41.69139886" lon="26.55960999"><ele>74.929</ele><time>2026-10-07T17:00:34Z</time><speed>0.000</speed><sat>29</sat></trkpt>
  <trkpt lat="41.69139881" lon="26.55960995"><ele>74.932</ele><time>2026-10-07T17:00:35Z</time><speed>0.000</speed><sat>29</sat></trkpt>
  <trkpt lat="41.69139875" lon="26.55960990"><ele>74.935</ele><time>2026-10-07T17:00:36Z</time><speed>0.000</speed><sat>29</sat></trkpt>
  <trkpt lat="41.69139873" lon="26.55960985"><ele>74.938</ele><time>2026-10-07T17:00:37Z</time><speed>0.000</speed><sat>29</sat></trkpt>
  <trkpt lat="41.69139869" lon="26.55960979"><ele>74.941</ele><time>2026-10-07T17:00:38Z</time><speed>0.000</speed><sat>30</sat></trkpt>
  <trkpt lat="41.69139866" lon="26.55960971"><ele>74.945</ele><time>2026-10-07T17:00:39Z</time><speed>0.000</speed><sat>30</sat></trkpt>
  <trkpt lat="41.69139886" lon="26.55960814"><ele>75.190</ele><time>2026-10-07T17:00:40Z</time><speed>0.000</speed><sat>30</sat></trkpt>
  <trkpt lat="41.69139888" lon="26.55960627"><ele>75.201</ele><time>2026-10-07T17:00:41Z</time><speed>0.000</speed><sat>29</sat></trkpt>
  <trkpt lat="41.69139873" lon="26.55960502"><ele>75.204</ele><time>2026-10-07T17:00:42Z</time><speed>0.000</speed><sat>30</sat></trkpt>
  <trkpt lat="41.69139865" lon="26.55960435"><ele>75.207</ele><time>2026-10-07T17:00:43Z</time><speed>0.000</speed><sat>30</sat></trkpt>
  <trkpt lat="41.69139684" lon="26.55960144"><ele>75.318</ele><time>2026-10-07T17:00:44Z</time><speed>0.000</speed><sat>30</sat></trkpt>
  <trkpt lat="41.69139517" lon="26.55959887"><ele>75.762</ele><time>2026-10-07T17:00:45Z</time><speed>0.000</speed><sat>29</sat></trkpt>
  <trkpt lat="41.69139224" lon="26.55959546"><ele>75.763</ele><time>2026-10-07T17:00:46Z</time><speed>0.000</speed><sat>29</sat></trkpt>
  <trkpt lat="41.69139064" lon="26.55959371"><ele>75.768</ele><time>2026-10-07T17:00:47Z</time><speed>0.000</speed><sat>30</sat></trkpt>
  <trkpt lat="41.69138982" lon="26.55959282"><ele>75.769</ele><time>2026-10-07T17:00:48Z</time><speed>0.000</speed><sat>30</sat></trkpt>
  <trkpt lat="41.69138937" lon="26.55959235"><ele>75.769</ele><time>2026-10-07T17:00:49Z</time><speed>0.000</speed><sat>29</sat></trkpt>
  <trkpt lat="41.69138831" lon="26.55959256"><ele>75.735</ele><time>2026-10-07T17:00:50Z</time><speed>0.000</speed><sat>29</sat></trkpt>
  <trkpt lat="41.69138731" lon="26.55959276"><ele>75.729</ele><time>2026-10-07T17:00:51Z</time><speed>0.000</speed><sat>29</sat></trkpt>
  <trkpt lat="41.69138685" lon="26.55959286"><ele>75.735</ele><time>2026-10-07T17:00:52Z</time><speed>0.000</speed><sat>30</sat></trkpt>
  <trkpt lat="41.69138664" lon="26.55959292"><ele>75.742</ele><time>2026-10-07T17:00:53Z</time><speed>0.000</speed><sat>30</sat></trkpt>
  <trkpt lat="41.69138655" lon="26.55959296"><ele>75.752</ele><time>2026-10-07T17:00:54Z</time><speed>0.000</speed><sat>30</sat></trkpt>
  <trkpt lat="41.69138800" lon="26.55959280"><ele>75.899</ele><time>2026-10-07T17:00:55Z</time><speed>0.000</speed><sat>29</sat></trkpt>
  <trkpt lat="41.69138943" lon="26.55959265"><ele>75.902</ele><time>2026-10-07T17:00:56Z</time><speed>0.000</speed><sat>29</sat></trkpt>
  <trkpt lat="41.69139010" lon="26.55959257"><ele>75.906</ele><time>2026-10-07T17:00:57Z</time><speed>0.000</speed><sat>30</sat></trkpt>
  <trkpt lat="41.69139044" lon="26.55959252"><ele>75.911</ele><time>2026-10-07T17:00:58Z</time><speed>0.000</speed><sat>30</sat></trkpt>
  <trkpt lat="41.69139063" lon="26.55959248"><ele>75.911</ele><time>2026-10-07T17:00:59Z</time><speed>0.000</speed><sat>30</sat></trkpt>
  <trkpt lat="41.69139074" lon="26.55959245"><ele>75.915</ele><time>2026-10-07T17:01:00Z</time><speed>0.000</speed><sat>29</sat></trkpt>
  <trkpt lat="41.69139082" lon="26.55959243"><ele>75.917</ele><time>2026-10-07T17:01:01Z</time><speed>0.000</speed><sat>29</sat></trkpt>
  <trkpt lat="41.69139089" lon="26.55959240"><ele>75.922</ele><time>2026-10-07T17:01:02Z</time><speed>0.000</speed><sat>29</sat></trkpt>
  <trkpt lat="41.69139450" lon="26.55958811"><ele>75.685</ele><time>2026-10-07T17:01:03Z</time><speed>0.540</speed><sat>28</sat></trkpt>
  <trkpt lat="41.69139707" lon="26.55958493"><ele>75.659</ele><time>2026-10-07T17:01:04Z</time><speed>0.000</speed><sat>28</sat></trkpt>
  <trkpt lat="41.69139740" lon="26.55958435"><ele>75.662</ele><time>2026-10-07T17:01:05Z</time><speed>0.000</speed><sat>27</sat></trkpt>
  <trkpt lat="41.69139758" lon="26.55958406"><ele>75.665</ele><time>2026-10-07T17:01:06Z</time><speed>0.000</speed><sat>27</sat></trkpt>
  <trkpt lat="41.69139767" lon="26.55958390"><ele>75.670</ele><time>2026-10-07T17:01:07Z</time><speed>0.000</speed><sat>26</sat></trkpt>
  <trkpt lat="41.69139772" lon="26.55958381"><ele>75.673</ele><time>2026-10-07T17:01:08Z</time><speed>0.000</speed><sat>26</sat></trkpt>
  <trkpt lat="41.69139775" lon="26.55958379"><ele>75.680</ele><time>2026-10-07T17:01:09Z</time><speed>0.000</speed><sat>25</sat></trkpt>
  <trkpt lat="41.69139779" lon="26.55958380"><ele>75.688</ele><time>2026-10-07T17:01:10Z</time><speed>0.000</speed><sat>25</sat></trkpt>
  <trkpt lat="41.69139783" lon="26.55958382"><ele>75.694</ele><time>2026-10-07T17:01:11Z</time><speed>0.000</speed><sat>25</sat></trkpt>
  <trkpt lat="41.69139787" lon="26.55958385"><ele>75.701</ele><time>2026-10-07T17:01:12Z</time><speed>0.000</speed><sat>26</sat></trkpt>
  <trkpt lat="41.69139790" lon="26.55958388"><ele>75.709</ele><time>2026-10-07T17:01:13Z</time><speed>0.000</speed><sat>25</sat></trkpt>
  <trkpt lat="41.69139792" lon="26.55958394"><ele>75.708</ele><time>2026-10-07T17:01:14Z</time><speed>0.000</speed><sat>26</sat></trkpt>
  <trkpt lat="41.69139718" lon="26.55958327"><ele>75.083</ele><time>2026-10-07T17:01:15Z</time><speed>0.240</speed><sat>29</sat></trkpt>
  <trkpt lat="41.69139626" lon="26.55958326"><ele>74.986</ele><time>2026-10-07T17:01:16Z</time><speed>0.000</speed><sat>30</sat></trkpt>
  <trkpt lat="41.69139554" lon="26.55958395"><ele>74.988</ele><time>2026-10-07T17:01:17Z</time><speed>0.000</speed><sat>30</sat></trkpt>
  <trkpt lat="41.69139519" lon="26.55958432"><ele>74.990</ele><time>2026-10-07T17:01:18Z</time><speed>0.000</speed><sat>31</sat></trkpt>
  <trkpt lat="41.69139503" lon="26.55958451"><ele>74.993</ele><time>2026-10-07T17:01:19Z</time><speed>0.000</speed><sat>32</sat></trkpt>
  <trkpt lat="41.69139496" lon="26.55958462"><ele>74.994</ele><time>2026-10-07T17:01:20Z</time><speed>0.000</speed><sat>29</sat></trkpt>
  <trkpt lat="41.69139494" lon="26.55958468"><ele>74.997</ele><time>2026-10-07T17:01:21Z</time><speed>0.000</speed><sat>28</sat></trkpt>
  <trkpt lat="41.69139495" lon="26.55958474"><ele>75.002</ele><time>2026-10-07T17:01:22Z</time><speed>0.000</speed><sat>27</sat></trkpt>
  <trkpt lat="41.69139493" lon="26.55958477"><ele>74.997</ele><time>2026-10-07T17:01:23Z</time><speed>0.000</speed><sat>27</sat></trkpt>
  <trkpt lat="41.69139453" lon="26.55958470"><ele>75.628</ele><time>2026-10-07T17:01:24Z</time><speed>0.150</speed><sat>29</sat></trkpt>
  <trkpt lat="41.69139193" lon="26.55958725"><ele>76.367</ele><time>2026-10-07T17:01:25Z</time><speed>0.390</speed><sat>31</sat></trkpt>
  <trkpt lat="41.69138741" lon="26.55959266"><ele>76.630</ele><time>2026-10-07T17:01:26Z</time><speed>0.420</speed><sat>30</sat></trkpt>
  <trkpt lat="41.69138236" lon="26.55959542"><ele>76.374</ele><time>2026-10-07T17:01:27Z</time><speed>0.000</speed><sat>30</sat></trkpt>
  <trkpt lat="41.69138016" lon="26.55959562"><ele>76.376</ele><time>2026-10-07T17:01:28Z</time><speed>0.000</speed><sat>30</sat></trkpt>
  <trkpt lat="41.69137730" lon="26.55959462"><ele>76.516</ele><time>2026-10-07T17:01:29Z</time><speed>0.000</speed><sat>29</sat></trkpt>
  <trkpt lat="41.69137576" lon="26.55959295"><ele>77.321</ele><time>2026-10-07T17:01:30Z</time><speed>0.000</speed><sat>29</sat></trkpt>
  <trkpt lat="41.69137427" lon="26.55958878"><ele>76.964</ele><time>2026-10-07T17:01:31Z</time><speed>0.200</speed><sat>29</sat></trkpt>
  <trkpt lat="41.69137209" lon="26.55958483"><ele>77.390</ele><time>2026-10-07T17:01:32Z</time><speed>0.000</speed><sat>29</sat></trkpt>
  <trkpt lat="41.69136805" lon="26.55957989"><ele>77.394</ele><time>2026-10-07T17:01:33Z</time><speed>0.000</speed><sat>29</sat></trkpt>
  <trkpt lat="41.69136653" lon="26.55957811"><ele>77.840</ele><time>2026-10-07T17:01:34Z</time><speed>0.000</speed><sat>29</sat></trkpt>
  <trkpt lat="41.69136502" lon="26.55957639"><ele>77.846</ele><time>2026-10-07T17:01:35Z</time><speed>0.000</speed><sat>29</sat></trkpt>
  <trkpt lat="41.69136461" lon="26.55957470"><ele>77.855</ele><time>2026-10-07T17:01:36Z</time><speed>0.000</speed><sat>29</sat></trkpt>
  <trkpt lat="41.69136441" lon="26.55957311"><ele>77.859</ele><time>2026-10-07T17:01:37Z</time><speed>0.000</speed><sat>28</sat></trkpt>
  <trkpt lat="41.69136451" lon="26.55957241"><ele>77.863</ele><time>2026-10-07T17:01:38Z</time><speed>0.000</speed><sat>28</sat></trkpt>
  <trkpt lat="41.69136556" lon="26.55957292"><ele>77.820</ele><time>2026-10-07T17:01:39Z</time><speed>0.000</speed><sat>28</sat></trkpt>
  <trkpt lat="41.69136676" lon="26.55957341"><ele>77.819</ele><time>2026-10-07T17:01:40Z</time><speed>0.000</speed><sat>29</sat></trkpt>
  <trkpt lat="41.69136752" lon="26.55957364"><ele>77.824</ele><time>2026-10-07T17:01:41Z</time><speed>0.000</speed><sat>29</sat></trkpt>
  <trkpt lat="41.69136887" lon="26.55957468"><ele>78.070</ele><time>2026-10-07T17:01:42Z</time><speed>0.000</speed><sat>28</sat></trkpt>
  <trkpt lat="41.69137005" lon="26.55957613"><ele>78.394</ele><time>2026-10-07T17:01:43Z</time><speed>0.000</speed><sat>27</sat></trkpt>
  <trkpt lat="41.69137179" lon="26.55958042"><ele>79.088</ele><time>2026-10-07T17:01:44Z</time><speed>0.290</speed><sat>27</sat></trkpt>
  <trkpt lat="41.69137718" lon="26.55959024"><ele>80.135</ele><time>2026-10-07T17:01:45Z</time><speed>0.840</speed><sat>27</sat></trkpt>
  <trkpt lat="41.69138247" lon="26.55959666"><ele>80.524</ele><time>2026-10-07T17:01:46Z</time><speed>0.160</speed><sat>27</sat></trkpt>
  <trkpt lat="41.69138577" lon="26.55960085"><ele>81.089</ele><time>2026-10-07T17:01:47Z</time><speed>0.160</speed><sat>28</sat></trkpt>
  <trkpt lat="41.69138830" lon="26.55960490"><ele>81.425</ele><time>2026-10-07T17:01:48Z</time><speed>0.000</speed><sat>27</sat></trkpt>
  <trkpt lat="41.69139039" lon="26.55960703"><ele>82.067</ele><time>2026-10-07T17:01:49Z</time><speed>0.180</speed><sat>28</sat></trkpt>
  <trkpt lat="41.69139762" lon="26.55960850"><ele>83.653</ele><time>2026-10-07T17:01:50Z</time><speed>0.700</speed><sat>29</sat></trkpt>
  <trkpt lat="41.69140736" lon="26.55961423"><ele>83.541</ele><time>2026-10-07T17:01:51Z</time><speed>0.000</speed><sat>29</sat></trkpt>
  <trkpt lat="41.69141075" lon="26.55961774"><ele>83.551</ele><time>2026-10-07T17:01:52Z</time><speed>0.000</speed><sat>29</sat></trkpt>
  <trkpt lat="41.69141244" lon="26.55961954"><ele>83.554</ele><time>2026-10-07T17:01:53Z</time><speed>0.000</speed><sat>29</sat></trkpt>
  <trkpt lat="41.69141331" lon="26.55962048"><ele>83.558</ele><time>2026-10-07T17:01:54Z</time><speed>0.000</speed><sat>30</sat></trkpt>
  <trkpt lat="41.69141376" lon="26.55962097"><ele>83.560</ele><time>2026-10-07T17:01:55Z</time><speed>0.000</speed><sat>30</sat></trkpt>
  <trkpt lat="41.69141401" lon="26.55962121"><ele>83.557</ele><time>2026-10-07T17:01:56Z</time><speed>0.000</speed><sat>29</sat></trkpt>
  <trkpt lat="41.69141419" lon="26.55962138"><ele>83.557</ele><time>2026-10-07T17:01:57Z</time><speed>0.000</speed><sat>29</sat></trkpt>
  <trkpt lat="41.69141430" lon="26.55962147"><ele>83.555</ele><time>2026-10-07T17:01:58Z</time><speed>0.000</speed><sat>30</sat></trkpt>
  <trkpt lat="41.69141438" lon="26.55962154"><ele>83.552</ele><time>2026-10-07T17:01:59Z</time><speed>0.000</speed><sat>29</sat></trkpt>
  <trkpt lat="41.69141445" lon="26.55962161"><ele>83.550</ele><time>2026-10-07T17:02:00Z</time><speed>0.000</speed><sat>29</sat></trkpt>
  <trkpt lat="41.69141514" lon="26.55962268"><ele>83.188</ele><time>2026-10-07T17:02:01Z</time><speed>0.000</speed><sat>32</sat></trkpt>
  <trkpt lat="41.69141571" lon="26.55962387"><ele>83.196</ele><time>2026-10-07T17:02:02Z</time><speed>0.000</speed><sat>32</sat></trkpt>
  <trkpt lat="41.69141582" lon="26.55962456"><ele>83.198</ele><time>2026-10-07T17:02:03Z</time><speed>0.000</speed><sat>33</sat></trkpt>
  <trkpt lat="41.69141591" lon="26.55962493"><ele>83.200</ele><time>2026-10-07T17:02:04Z</time><speed>0.000</speed><sat>33</sat></trkpt>
  <trkpt lat="41.69141594" lon="26.55962514"><ele>83.200</ele><time>2026-10-07T17:02:05Z</time><speed>0.000</speed><sat>33</sat></trkpt>
  <trkpt lat="41.69141597" lon="26.55962529"><ele>83.203</ele><time>2026-10-07T17:02:06Z</time><speed>0.000</speed><sat>33</sat></trkpt>
  <trkpt lat="41.69141642" lon="26.55962251"><ele>82.199</ele><time>2026-10-07T17:02:07Z</time><speed>0.000</speed><sat>32</sat></trkpt>
  <trkpt lat="41.69141672" lon="26.55961969"><ele>82.199</ele><time>2026-10-07T17:02:08Z</time><speed>0.000</speed><sat>33</sat></trkpt>
  <trkpt lat="41.69141672" lon="26.55961824"><ele>82.205</ele><time>2026-10-07T17:02:09Z</time><speed>0.000</speed><sat>33</sat></trkpt>
  <trkpt lat="41.69141676" lon="26.55961752"><ele>82.213</ele><time>2026-10-07T17:02:10Z</time><speed>0.000</speed><sat>33</sat></trkpt>
  <trkpt lat="41.69141679" lon="26.55961715"><ele>82.217</ele><time>2026-10-07T17:02:11Z</time><speed>0.000</speed><sat>34</sat></trkpt>
  <trkpt lat="41.69141684" lon="26.55961693"><ele>82.218</ele><time>2026-10-07T17:02:12Z</time><speed>0.000</speed><sat>34</sat></trkpt>
  <trkpt lat="41.69141689" lon="26.55961680"><ele>82.220</ele><time>2026-10-07T17:02:13Z</time><speed>0.000</speed><sat>34</sat></trkpt>
  <trkpt lat="41.69141691" lon="26.55961672"><ele>82.221</ele><time>2026-10-07T17:02:14Z</time><speed>0.000</speed><sat>33</sat></trkpt>
  <trkpt lat="41.69141694" lon="26.55961666"><ele>82.217</ele><time>2026-10-07T17:02:15Z</time><speed>0.000</speed><sat>33</sat></trkpt>
  <trkpt lat="41.69141790" lon="26.55961853"><ele>81.694</ele><time>2026-10-07T17:02:16Z</time><speed>0.000</speed><sat>33</sat></trkpt>
  <trkpt lat="41.69141847" lon="26.55962096"><ele>81.359</ele><time>2026-10-07T17:02:17Z</time><speed>0.000</speed><sat>34</sat></trkpt>
  <trkpt lat="41.69141977" lon="26.55962226"><ele>80.710</ele><time>2026-10-07T17:02:18Z</time><speed>0.000</speed><sat>34</sat></trkpt>
  <trkpt lat="41.69142161" lon="26.55962216"><ele>80.864</ele><time>2026-10-07T17:02:19Z</time><speed>0.000</speed><sat>33</sat></trkpt>
  <trkpt lat="41.69142439" lon="26.55962146"><ele>80.883</ele><time>2026-10-07T17:02:20Z</time><speed>0.000</speed><sat>33</sat></trkpt>
  <trkpt lat="41.69142598" lon="26.55962146"><ele>80.844</ele><time>2026-10-07T17:02:21Z</time><speed>0.000</speed><sat>32</sat></trkpt>
  <trkpt lat="41.69142757" lon="26.55962157"><ele>80.840</ele><time>2026-10-07T17:02:22Z</time><speed>0.000</speed><sat>30</sat></trkpt>
  <trkpt lat="41.69142835" lon="26.55962175"><ele>80.836</ele><time>2026-10-07T17:02:23Z</time><speed>0.000</speed><sat>30</sat></trkpt>
  <trkpt lat="41.69142824" lon="26.55962222"><ele>80.607</ele><time>2026-10-07T17:02:24Z</time><speed>0.000</speed><sat>30</sat></trkpt>
  <trkpt lat="41.69142816" lon="26.55962293"><ele>80.583</ele><time>2026-10-07T17:02:25Z</time><speed>0.000</speed><sat>29</sat></trkpt>
  <trkpt lat="41.69142843" lon="26.55962300"><ele>80.359</ele><time>2026-10-07T17:02:26Z</time><speed>0.000</speed><sat>30</sat></trkpt>
  <trkpt lat="41.69143058" lon="26.55962116"><ele>80.990</ele><time>2026-10-07T17:02:27Z</time><speed>0.290</speed><sat>30</sat></trkpt>
  <trkpt lat="41.69143261" lon="26.55961908"><ele>81.041</ele><time>2026-10-07T17:02:28Z</time><speed>0.000</speed><sat>31</sat></trkpt>
  <trkpt lat="41.69143292" lon="26.55961769"><ele>81.111</ele><time>2026-10-07T17:02:29Z</time><speed>0.000</speed><sat>30</sat></trkpt>
  <trkpt lat="41.69143343" lon="26.55961543"><ele>80.934</ele><time>2026-10-07T17:02:30Z</time><speed>0.000</speed><sat>30</sat></trkpt>
  <trkpt lat="41.69143355" lon="26.55961278"><ele>80.951</ele><time>2026-10-07T17:02:31Z</time><speed>0.000</speed><sat>31</sat></trkpt>
  <trkpt lat="41.69143339" lon="26.55961171"><ele>80.945</ele><time>2026-10-07T17:02:32Z</time><speed>0.000</speed><sat>30</sat></trkpt>
  <trkpt lat="41.69143331" lon="26.55961117"><ele>80.936</ele><time>2026-10-07T17:02:33Z</time><speed>0.000</speed><sat>31</sat></trkpt>
  <trkpt lat="41.69143296" lon="26.55961008"><ele>80.280</ele><time>2026-10-07T17:02:34Z</time><speed>0.000</speed><sat>31</sat></trkpt>
  <trkpt lat="41.69143263" lon="26.55960943"><ele>80.198</ele><time>2026-10-07T17:02:35Z</time><speed>0.000</speed><sat>31</sat></trkpt>
  <trkpt lat="41.69143184" lon="26.55960972"><ele>79.666</ele><time>2026-10-07T17:02:36Z</time><speed>0.000</speed><sat>29</sat></trkpt>
  <trkpt lat="41.69143142" lon="26.55961054"><ele>79.345</ele><time>2026-10-07T17:02:37Z</time><speed>0.000</speed><sat>28</sat></trkpt>
  <trkpt lat="41.69143256" lon="26.55961145"><ele>78.576</ele><time>2026-10-07T17:02:38Z</time><speed>0.240</speed><sat>28</sat></trkpt>
  <trkpt lat="41.69143595" lon="26.55961086"><ele>78.047</ele><time>2026-10-07T17:02:39Z</time><speed>0.380</speed><sat>28</sat></trkpt>
  <trkpt lat="41.69143740" lon="26.55960625"><ele>76.853</ele><time>2026-10-07T17:02:40Z</time><speed>0.500</speed><sat>29</sat></trkpt>
  <trkpt lat="41.69143828" lon="26.55960085"><ele>76.194</ele><time>2026-10-07T17:02:41Z</time><speed>0.390</speed><sat>29</sat></trkpt>
  <trkpt lat="41.69143661" lon="26.55959956"><ele>75.291</ele><time>2026-10-07T17:02:42Z</time><speed>0.330</speed><sat>28</sat></trkpt>
  <trkpt lat="41.69143061" lon="26.55959962"><ele>74.475</ele><time>2026-10-07T17:02:43Z</time><speed>0.670</speed><sat>28</sat></trkpt>
  <trkpt lat="41.69143065" lon="26.55960203"><ele>73.752</ele><time>2026-10-07T17:02:44Z</time><speed>0.220</speed><sat>28</sat></trkpt>
  <trkpt lat="41.69143275" lon="26.55959551"><ele>73.498</ele><time>2026-10-07T17:02:45Z</time><speed>0.950</speed><sat>27</sat></trkpt>
  <trkpt lat="41.69143482" lon="26.55958916"><ele>73.909</ele><time>2026-10-07T17:02:46Z</time><speed>0.480</speed><sat>27</sat></trkpt>
  <trkpt lat="41.69144008" lon="26.55959337"><ele>74.363</ele><time>2026-10-07T17:02:47Z</time><speed>0.000</speed><sat>27</sat></trkpt>
  <trkpt lat="41.69143850" lon="26.55959546"><ele>74.067</ele><time>2026-10-07T17:02:48Z</time><speed>0.320</speed><sat>27</sat></trkpt>
  <trkpt lat="41.69143691" lon="26.55959864"><ele>74.012</ele><time>2026-10-07T17:02:49Z</time><speed>0.000</speed><sat>27</sat></trkpt>
  <trkpt lat="41.69143141" lon="26.55959986"><ele>73.278</ele><time>2026-10-07T17:02:50Z</time><speed>0.000</speed><sat>27</sat></trkpt>
  <trkpt lat="41.69142687" lon="26.55959937"><ele>72.695</ele><time>2026-10-07T17:02:51Z</time><speed>0.000</speed><sat>27</sat></trkpt>
  <trkpt lat="41.69142040" lon="26.55959896"><ele>72.691</ele><time>2026-10-07T17:02:52Z</time><speed>0.000</speed><sat>27</sat></trkpt>
  <trkpt lat="41.69141644" lon="26.55959925"><ele>72.836</ele><time>2026-10-07T17:02:53Z</time><speed>0.000</speed><sat>27</sat></trkpt>
  <trkpt lat="41.69141244" lon="26.55959948"><ele>72.824</ele><time>2026-10-07T17:02:54Z</time><speed>0.000</speed><sat>27</sat></trkpt>
  <trkpt lat="41.69141044" lon="26.55959958"><ele>72.826</ele><time>2026-10-07T17:02:55Z</time><speed>0.000</speed><sat>27</sat></trkpt>
  <trkpt lat="41.69140835" lon="26.55959930"><ele>72.558</ele><time>2026-10-07T17:02:56Z</time><speed>0.000</speed><sat>27</sat></trkpt>
  <trkpt lat="41.69140608" lon="26.55959898"><ele>72.550</ele><time>2026-10-07T17:02:57Z</time><speed>0.000</speed><sat>27</sat></trkpt>
  <trkpt lat="41.69140259" lon="26.55959913"><ele>72.031</ele><time>2026-10-07T17:02:58Z</time><speed>0.200</speed><sat>27</sat></trkpt>
  <trkpt lat="41.69139356" lon="26.55959782"><ele>71.517</ele><time>2026-10-07T17:02:59Z</time><speed>0.800</speed><sat>25</sat></trkpt>
  <trkpt lat="41.69138419" lon="26.55959717"><ele>71.092</ele><time>2026-10-07T17:03:00Z</time><speed>0.640</speed><sat>26</sat></trkpt>
  <trkpt lat="41.69137358" lon="26.55959914"><ele>70.644</ele><time>2026-10-07T17:03:01Z</time><speed>0.890</speed><sat>27</sat></trkpt>
  <trkpt lat="41.69136751" lon="26.55960409"><ele>70.902</ele><time>2026-10-07T17:03:02Z</time><speed>0.000</speed><sat>27</sat></trkpt>
  <trkpt lat="41.69136644" lon="26.55960657"><ele>70.898</ele><time>2026-10-07T17:03:03Z</time><speed>0.000</speed><sat>27</sat></trkpt>
  <trkpt lat="41.69136589" lon="26.55960785"><ele>70.903</ele><time>2026-10-07T17:03:04Z</time><speed>0.000</speed><sat>27</sat></trkpt>
  <trkpt lat="41.69136497" lon="26.55960808"><ele>70.547</ele><time>2026-10-07T17:03:05Z</time><speed>0.000</speed><sat>27</sat></trkpt>
  <trkpt lat="41.69136427" lon="26.55960815"><ele>70.545</ele><time>2026-10-07T17:03:06Z</time><speed>0.000</speed><sat>27</sat></trkpt>
  <trkpt lat="41.69136417" lon="26.55960811"><ele>70.550</ele><time>2026-10-07T17:03:07Z</time><speed>0.000</speed><sat>29</sat></trkpt>
  <trkpt lat="41.69136412" lon="26.55960806"><ele>70.554</ele><time>2026-10-07T17:03:08Z</time><speed>0.000</speed><sat>29</sat></trkpt>
  <trkpt lat="41.69136414" lon="26.55960797"><ele>70.559</ele><time>2026-10-07T17:03:09Z</time><speed>0.000</speed><sat>29</sat></trkpt>
  <trkpt lat="41.69136666" lon="26.55960733"><ele>70.726</ele><time>2026-10-07T17:03:10Z</time><speed>0.230</speed><sat>29</sat></trkpt>
  <trkpt lat="41.69137434" lon="26.55960382"><ele>71.705</ele><time>2026-10-07T17:03:11Z</time><speed>0.840</speed><sat>29</sat></trkpt>
  <trkpt lat="41.69138580" lon="26.55960363"><ele>71.917</ele><time>2026-10-07T17:03:12Z</time><speed>0.970</speed><sat>28</sat></trkpt>
  <trkpt lat="41.69139801" lon="26.55960626"><ele>73.198</ele><time>2026-10-07T17:03:13Z</time><speed>1.230</speed><sat>28</sat></trkpt>
  <trkpt lat="41.69140246" lon="26.55960624"><ele>72.774</ele><time>2026-10-07T17:03:14Z</time><speed>0.000</speed><sat>28</sat></trkpt>
  <trkpt lat="41.69140200" lon="26.55960532"><ele>72.781</ele><time>2026-10-07T17:03:15Z</time><speed>0.000</speed><sat>27</sat></trkpt>
  <trkpt lat="41.69140178" lon="26.55960482"><ele>72.776</ele><time>2026-10-07T17:03:16Z</time><speed>0.000</speed><sat>27</sat></trkpt>
  <trkpt lat="41.69140180" lon="26.55960909"><ele>73.231</ele><time>2026-10-07T17:03:17Z</time><speed>0.360</speed><sat>27</sat></trkpt>
  <trkpt lat="41.69140099" lon="26.55961297"><ele>73.326</ele><time>2026-10-07T17:03:18Z</time><speed>0.000</speed><sat>22</sat></trkpt>
  <trkpt lat="41.69139620" lon="26.55961271"><ele>73.181</ele><time>2026-10-07T17:03:19Z</time><speed>0.000</speed><sat>22</sat></trkpt>
  <trkpt lat="41.69139386" lon="26.55961262"><ele>73.368</ele><time>2026-10-07T17:03:20Z</time><speed>0.000</speed><sat>22</sat></trkpt>
  <trkpt lat="41.69139269" lon="26.55961253"><ele>73.372</ele><time>2026-10-07T17:03:21Z</time><speed>0.000</speed><sat>22</sat></trkpt>
  <trkpt lat="41.69139210" lon="26.55961246"><ele>73.369</ele><time>2026-10-07T17:03:22Z</time><speed>0.000</speed><sat>22</sat></trkpt>
  <trkpt lat="41.69139323" lon="26.55961390"><ele>73.385</ele><time>2026-10-07T17:03:23Z</time><speed>0.330</speed><sat>23</sat></trkpt>
  <trkpt lat="41.69139441" lon="26.55961641"><ele>73.716</ele><time>2026-10-07T17:03:24Z</time><speed>0.300</speed><sat>22</sat></trkpt>
  <trkpt lat="41.69139511" lon="26.55961788"><ele>74.394</ele><time>2026-10-07T17:03:25Z</time><speed>0.260</speed><sat>22</sat></trkpt>
  <trkpt lat="41.69139337" lon="26.55961578"><ele>74.271</ele><time>2026-10-07T17:03:26Z</time><speed>0.000</speed><sat>24</sat></trkpt>
  <trkpt lat="41.69139205" lon="26.55961418"><ele>74.259</ele><time>2026-10-07T17:03:27Z</time><speed>0.000</speed><sat>24</sat></trkpt>
  <trkpt lat="41.69139138" lon="26.55961338"><ele>74.260</ele><time>2026-10-07T17:03:28Z</time><speed>0.000</speed><sat>24</sat></trkpt>
  <trkpt lat="41.69139103" lon="26.55961297"><ele>74.263</ele><time>2026-10-07T17:03:29Z</time><speed>0.000</speed><sat>23</sat></trkpt>
  <trkpt lat="41.69139083" lon="26.55961279"><ele>74.267</ele><time>2026-10-07T17:03:30Z</time><speed>0.000</speed><sat>23</sat></trkpt>
  <trkpt lat="41.69139072" lon="26.55961269"><ele>74.269</ele><time>2026-10-07T17:03:31Z</time><speed>0.000</speed><sat>23</sat></trkpt>
  <trkpt lat="41.69139173" lon="26.55961109"><ele>74.911</ele><time>2026-10-07T17:03:32Z</time><speed>0.000</speed><sat>24</sat></trkpt>
  <trkpt lat="41.69139255" lon="26.55961016"><ele>75.074</ele><time>2026-10-07T17:03:33Z</time><speed>0.000</speed><sat>24</sat></trkpt>
  <trkpt lat="41.69139291" lon="26.55960971"><ele>75.070</ele><time>2026-10-07T17:03:34Z</time><speed>0.000</speed><sat>24</sat></trkpt>
  <trkpt lat="41.69139307" lon="26.55960947"><ele>75.077</ele><time>2026-10-07T17:03:35Z</time><speed>0.000</speed><sat>24</sat></trkpt>
  <trkpt lat="41.69139317" lon="26.55960930"><ele>75.082</ele><time>2026-10-07T17:03:36Z</time><speed>0.000</speed><sat>25</sat></trkpt>
  <trkpt lat="41.69139322" lon="26.55960917"><ele>75.084</ele><time>2026-10-07T17:03:37Z</time><speed>0.000</speed><sat>25</sat></trkpt>
  <trkpt lat="41.69139324" lon="26.55960908"><ele>75.088</ele><time>2026-10-07T17:03:38Z</time><speed>0.000</speed><sat>26</sat></trkpt>
  <trkpt lat="41.69139324" lon="26.55960902"><ele>75.091</ele><time>2026-10-07T17:03:39Z</time><speed>0.000</speed><sat>26</sat></trkpt>
  <trkpt lat="41.69139250" lon="26.55960680"><ele>75.335</ele><time>2026-10-07T17:03:40Z</time><speed>0.000</speed><sat>26</sat></trkpt>
  <trkpt lat="41.69139312" lon="26.55960386"><ele>75.554</ele><time>2026-10-07T17:03:41Z</time><speed>0.000</speed><sat>26</sat></trkpt>
  <trkpt lat="41.69139343" lon="26.55960233"><ele>75.429</ele><time>2026-10-07T17:03:42Z</time><speed>0.000</speed><sat>25</sat></trkpt>
  <trkpt lat="41.69139358" lon="26.55960155"><ele>75.431</ele><time>2026-10-07T17:03:43Z</time><speed>0.000</speed><sat>24</sat></trkpt>
  <trkpt lat="41.69139367" lon="26.55960114"><ele>75.438</ele><time>2026-10-07T17:03:44Z</time><speed>0.000</speed><sat>25</sat></trkpt>
  <trkpt lat="41.69139372" lon="26.55960092"><ele>75.435</ele><time>2026-10-07T17:03:45Z</time><speed>0.000</speed><sat>25</sat></trkpt>
  <trkpt lat="41.69139266" lon="26.55960085"><ele>75.429</ele><time>2026-10-07T17:03:46Z</time><speed>0.000</speed><sat>27</sat></trkpt>
  <trkpt lat="41.69139154" lon="26.55960074"><ele>75.429</ele><time>2026-10-07T17:03:47Z</time><speed>0.000</speed><sat>27</sat></trkpt>
  <trkpt lat="41.69139092" lon="26.55960062"><ele>75.434</ele><time>2026-10-07T17:03:48Z</time><speed>0.000</speed><sat>28</sat></trkpt>
  <trkpt lat="41.69139060" lon="26.55960056"><ele>75.435</ele><time>2026-10-07T17:03:49Z</time><speed>0.000</speed><sat>28</sat></trkpt>
  <trkpt lat="41.69139045" lon="26.55960053"><ele>75.435</ele><time>2026-10-07T17:03:50Z</time><speed>0.000</speed><sat>27</sat></trkpt>
  <trkpt lat="41.69139038" lon="26.55960053"><ele>75.438</ele><time>2026-10-07T17:03:51Z</time><speed>0.000</speed><sat>27</sat></trkpt>
  <trkpt lat="41.69139035" lon="26.55960054"><ele>75.438</ele><time>2026-10-07T17:03:52Z</time><speed>0.000</speed><sat>26</sat></trkpt>
  <trkpt lat="41.69139034" lon="26.55960057"><ele>75.438</ele><time>2026-10-07T17:03:53Z</time><speed>0.000</speed><sat>26</sat></trkpt>
  <trkpt lat="41.69139034" lon="26.55960063"><ele>75.438</ele><time>2026-10-07T17:03:54Z</time><speed>0.000</speed><sat>26</sat></trkpt>
  <trkpt lat="41.69139034" lon="26.55960066"><ele>75.434</ele><time>2026-10-07T17:03:55Z</time><speed>0.000</speed><sat>26</sat></trkpt>
  <trkpt lat="41.69139037" lon="26.55960070"><ele>75.430</ele><time>2026-10-07T17:03:56Z</time><speed>0.000</speed><sat>26</sat></trkpt>
  <trkpt lat="41.69139039" lon="26.55960074"><ele>75.429</ele><time>2026-10-07T17:03:57Z</time><speed>0.000</speed><sat>26</sat></trkpt>
  <trkpt lat="41.69139039" lon="26.55960079"><ele>75.428</ele><time>2026-10-07T17:03:58Z</time><speed>0.000</speed><sat>26</sat></trkpt>
  <trkpt lat="41.69139040" lon="26.55960086"><ele>75.423</ele><time>2026-10-07T17:03:59Z</time><speed>0.000</speed><sat>28</sat></trkpt>
  <trkpt lat="41.69139039" lon="26.55960091"><ele>75.420</ele><time>2026-10-07T17:04:00Z</time><speed>0.000</speed><sat>27</sat></trkpt>
  <trkpt lat="41.69139039" lon="26.55960095"><ele>75.414</ele><time>2026-10-07T17:04:01Z</time><speed>0.000</speed><sat>27</sat></trkpt>
  <trkpt lat="41.69139039" lon="26.55960101"><ele>75.411</ele><time>2026-10-07T17:04:02Z</time><speed>0.000</speed><sat>27</sat></trkpt>
  <trkpt lat="41.69139037" lon="26.55960109"><ele>75.407</ele><time>2026-10-07T17:04:03Z</time><speed>0.000</speed><sat>28</sat></trkpt>
  <trkpt lat="41.69139034" lon="26.55960117"><ele>75.401</ele><time>2026-10-07T17:04:04Z</time><speed>0.000</speed><sat>28</sat></trkpt>
  <trkpt lat="41.69139032" lon="26.55960124"><ele>75.396</ele><time>2026-10-07T17:04:05Z</time><speed>0.000</speed><sat>27</sat></trkpt>
  <trkpt lat="41.69139029" lon="26.55960131"><ele>75.395</ele><time>2026-10-07T17:04:06Z</time><speed>0.000</speed><sat>26</sat></trkpt>
  <trkpt lat="41.69139028" lon="26.55960136"><ele>75.392</ele><time>2026-10-07T17:04:07Z</time><speed>0.000</speed><sat>26</sat></trkpt>
  <trkpt lat="41.69139026" lon="26.55960139"><ele>75.384</ele><time>2026-10-07T17:04:08Z</time><speed>0.000</speed><sat>27</sat></trkpt>
  <trkpt lat="41.69139026" lon="26.55960141"><ele>75.379</ele><time>2026-10-07T17:04:09Z</time><speed>0.000</speed><sat>29</sat></trkpt>
  <trkpt lat="41.69139026" lon="26.55960141"><ele>75.374</ele><time>2026-10-07T17:04:10Z</time><speed>0.000</speed><sat>29</sat></trkpt>
  <trkpt lat="41.69139027" lon="26.55960140"><ele>75.369</ele><time>2026-10-07T17:04:11Z</time><speed>0.000</speed><sat>29</sat></trkpt>
  <trkpt lat="41.69139027" lon="26.55960140"><ele>75.360</ele><time>2026-10-07T17:04:12Z</time><speed>0.000</speed><sat>29</sat></trkpt>
  <trkpt lat="41.69139025" lon="26.55960140"><ele>75.355</ele><time>2026-10-07T17:04:13Z</time><speed>0.000</speed><sat>29</sat></trkpt>
  <trkpt lat="41.69139023" lon="26.55960141"><ele>75.350</ele><time>2026-10-07T17:04:14Z</time><speed>0.000</speed><sat>28</sat></trkpt>
  <trkpt lat="41.69139021" lon="26.55960143"><ele>75.347</ele><time>2026-10-07T17:04:15Z</time><speed>0.000</speed><sat>28</sat></trkpt>
  <trkpt lat="41.69139019" lon="26.55960146"><ele>75.343</ele><time>2026-10-07T17:04:16Z</time><speed>0.000</speed><sat>29</sat></trkpt>
  <trkpt lat="41.69139018" lon="26.55960147"><ele>75.341</ele><time>2026-10-07T17:04:17Z</time><speed>0.000</speed><sat>29</sat></trkpt>
  <trkpt lat="41.69139019" lon="26.55960147"><ele>75.340</ele><time>2026-10-07T17:04:18Z</time><speed>0.000</speed><sat>28</sat></trkpt>
  <trkpt lat="41.69139043" lon="26.55960128"><ele>74.726</ele><time>2026-10-07T17:04:19Z</time><speed>0.000</speed><sat>27</sat></trkpt>
  <trkpt lat="41.69139049" lon="26.55960106"><ele>74.724</ele><time>2026-10-07T17:04:20Z</time><speed>0.000</speed><sat>27</sat></trkpt>
  <trkpt lat="41.69139034" lon="26.55960092"><ele>74.721</ele><time>2026-10-07T17:04:21Z</time><speed>0.000</speed><sat>25</sat></trkpt>
  <trkpt lat="41.69139027" lon="26.55960085"><ele>74.718</ele><time>2026-10-07T17:04:22Z</time><speed>0.000</speed><sat>25</sat></trkpt>
  <trkpt lat="41.69139023" lon="26.55960080"><ele>74.718</ele><time>2026-10-07T17:04:23Z</time><speed>0.000</speed><sat>26</sat></trkpt>
  <trkpt lat="41.69139020" lon="26.55960077"><ele>74.716</ele><time>2026-10-07T17:04:24Z</time><speed>0.000</speed><sat>26</sat></trkpt>
  <trkpt lat="41.69139016" lon="26.55960074"><ele>74.713</ele><time>2026-10-07T17:04:25Z</time><speed>0.000</speed><sat>26</sat></trkpt>
  <trkpt lat="41.69139014" lon="26.55960070"><ele>74.712</ele><time>2026-10-07T17:04:26Z</time><speed>0.000</speed><sat>26</sat></trkpt>
  <trkpt lat="41.69139012" lon="26.55960067"><ele>74.708</ele><time>2026-10-07T17:04:27Z</time><speed>0.000</speed><sat>25</sat></trkpt>
  <trkpt lat="41.69138778" lon="26.55960358"><ele>73.915</ele><time>2026-10-07T17:04:28Z</time><speed>0.380</speed><sat>27</sat></trkpt>
  <trkpt lat="41.69138623" lon="26.55960577"><ele>73.829</ele><time>2026-10-07T17:04:29Z</time><speed>0.000</speed><sat>29</sat></trkpt>
  <trkpt lat="41.69138644" lon="26.55960449"><ele>73.854</ele><time>2026-10-07T17:04:30Z</time><speed>0.000</speed><sat>30</sat></trkpt>
  <trkpt lat="41.69138448" lon="26.55960408"><ele>73.985</ele><time>2026-10-07T17:04:31Z</time><speed>0.270</speed><sat>30</sat></trkpt>
  <trkpt lat="41.69138331" lon="26.55960274"><ele>73.979</ele><time>2026-10-07T17:04:32Z</time><speed>0.000</speed><sat>30</sat></trkpt>
  <trkpt lat="41.69138406" lon="26.55960109"><ele>74.319</ele><time>2026-10-07T17:04:33Z</time><speed>0.000</speed><sat>31</sat></trkpt>
  <trkpt lat="41.69138560" lon="26.55959821"><ele>74.854</ele><time>2026-10-07T17:04:34Z</time><speed>0.170</speed><sat>30</sat></trkpt>
  <trkpt lat="41.69138748" lon="26.55959564"><ele>74.860</ele><time>2026-10-07T17:04:35Z</time><speed>0.000</speed><sat>30</sat></trkpt>
  <trkpt lat="41.69138873" lon="26.55959465"><ele>74.861</ele><time>2026-10-07T17:04:36Z</time><speed>0.000</speed><sat>31</sat></trkpt>
  <trkpt lat="41.69138937" lon="26.55959411"><ele>74.862</ele><time>2026-10-07T17:04:37Z</time><speed>0.000</speed><sat>28</sat></trkpt>
  <trkpt lat="41.69138971" lon="26.55959381"><ele>74.863</ele><time>2026-10-07T17:04:38Z</time><speed>0.000</speed><sat>28</sat></trkpt>
  <trkpt lat="41.69138989" lon="26.55959365"><ele>74.863</ele><time>2026-10-07T17:04:39Z</time><speed>0.000</speed><sat>28</sat></trkpt>
  <trkpt lat="41.69139000" lon="26.55959356"><ele>74.864</ele><time>2026-10-07T17:04:40Z</time><speed>0.000</speed><sat>28</sat></trkpt>
  <trkpt lat="41.69139007" lon="26.55959350"><ele>74.860</ele><time>2026-10-07T17:04:41Z</time><speed>0.000</speed><sat>28</sat></trkpt>
  <trkpt lat="41.69138954" lon="26.55959367"><ele>74.630</ele><time>2026-10-07T17:04:42Z</time><speed>0.000</speed><sat>28</sat></trkpt>
  <trkpt lat="41.69138934" lon="26.55959393"><ele>74.662</ele><time>2026-10-07T17:04:43Z</time><speed>0.000</speed><sat>28</sat></trkpt>
  <trkpt lat="41.69138924" lon="26.55959411"><ele>74.660</ele><time>2026-10-07T17:04:44Z</time><speed>0.000</speed><sat>28</sat></trkpt>
  <trkpt lat="41.69138919" lon="26.55959423"><ele>74.659</ele><time>2026-10-07T17:04:45Z</time><speed>0.000</speed><sat>28</sat></trkpt>
  <trkpt lat="41.69138918" lon="26.55959431"><ele>74.657</ele><time>2026-10-07T17:04:46Z</time><speed>0.000</speed><sat>28</sat></trkpt>
  <trkpt lat="41.69138863" lon="26.55959374"><ele>74.413</ele><time>2026-10-07T17:04:47Z</time><speed>0.000</speed><sat>27</sat></trkpt>
  <trkpt lat="41.69138817" lon="26.55959330"><ele>74.409</ele><time>2026-10-07T17:04:48Z</time><speed>0.000</speed><sat>27</sat></trkpt>
  <trkpt lat="41.69138802" lon="26.55959321"><ele>74.409</ele><time>2026-10-07T17:04:49Z</time><speed>0.000</speed><sat>27</sat></trkpt>
  <trkpt lat="41.69138796" lon="26.55959320"><ele>74.409</ele><time>2026-10-07T17:04:50Z</time><speed>0.000</speed><sat>27</sat></trkpt>
  <trkpt lat="41.69138794" lon="26.55959320"><ele>74.411</ele><time>2026-10-07T17:04:51Z</time><speed>0.000</speed><sat>27</sat></trkpt>
  <trkpt lat="41.69138792" lon="26.55959322"><ele>74.409</ele><time>2026-10-07T17:04:52Z</time><speed>0.000</speed><sat>28</sat></trkpt>
  <trkpt lat="41.69138792" lon="26.55959323"><ele>74.409</ele><time>2026-10-07T17:04:53Z</time><speed>0.000</speed><sat>28</sat></trkpt>
  <trkpt lat="41.69138669" lon="26.55959275"><ele>74.580</ele><time>2026-10-07T17:04:54Z</time><speed>0.000</speed><sat>28</sat></trkpt>
  <trkpt lat="41.69138510" lon="26.55959213"><ele>74.317</ele><time>2026-10-07T17:04:55Z</time><speed>0.000</speed><sat>29</sat></trkpt>
  <trkpt lat="41.69138439" lon="26.55959226"><ele>74.338</ele><time>2026-10-07T17:04:56Z</time><speed>0.000</speed><sat>30</sat></trkpt>
  <trkpt lat="41.69138404" lon="26.55959233"><ele>74.342</ele><time>2026-10-07T17:04:57Z</time><speed>0.000</speed><sat>30</sat></trkpt>
  <trkpt lat="41.69138387" lon="26.55959238"><ele>74.346</ele><time>2026-10-07T17:04:58Z</time><speed>0.000</speed><sat>31</sat></trkpt>
  <trkpt lat="41.69138386" lon="26.55959244"><ele>74.355</ele><time>2026-10-07T17:04:59Z</time><speed>0.000</speed><sat>31</sat></trkpt>
  <trkpt lat="41.69138386" lon="26.55959248"><ele>74.356</ele><time>2026-10-07T17:05:00Z</time><speed>0.000</speed><sat>29</sat></trkpt>
  <trkpt lat="41.69138387" lon="26.55959250"><ele>74.359</ele><time>2026-10-07T17:05:01Z</time><speed>0.000</speed><sat>29</sat></trkpt>
  <trkpt lat="41.69138389" lon="26.55959252"><ele>74.364</ele><time>2026-10-07T17:05:02Z</time><speed>0.000</speed><sat>26</sat></trkpt>
  <trkpt lat="41.69138489" lon="26.55959264"><ele>74.605</ele><time>2026-10-07T17:05:03Z</time><speed>0.000</speed><sat>28</sat></trkpt>
  <trkpt lat="41.69138597" lon="26.55959286"><ele>74.606</ele><time>2026-10-07T17:05:04Z</time><speed>0.000</speed><sat>28</sat></trkpt>
  <trkpt lat="41.69138661" lon="26.55959307"><ele>74.609</ele><time>2026-10-07T17:05:05Z</time><speed>0.000</speed><sat>28</sat></trkpt>
  <trkpt lat="41.69138692" lon="26.55959318"><ele>74.614</ele><time>2026-10-07T17:05:06Z</time><speed>0.000</speed><sat>28</sat></trkpt>
  <trkpt lat="41.69138709" lon="26.55959324"><ele>74.618</ele><time>2026-10-07T17:05:07Z</time><speed>0.000</speed><sat>29</sat></trkpt>
  <trkpt lat="41.69138718" lon="26.55959331"><ele>74.620</ele><time>2026-10-07T17:05:08Z</time><speed>0.000</speed><sat>29</sat></trkpt>
  <trkpt lat="41.69138722" lon="26.55959337"><ele>74.620</ele><time>2026-10-07T17:05:09Z</time><speed>0.000</speed><sat>28</sat></trkpt>
  <trkpt lat="41.69138725" lon="26.55959343"><ele>74.623</ele><time>2026-10-07T17:05:10Z</time><speed>0.000</speed><sat>28</sat></trkpt>
  <trkpt lat="41.69138727" lon="26.55959348"><ele>74.624</ele><time>2026-10-07T17:05:11Z</time><speed>0.000</speed><sat>27</sat></trkpt>
  <trkpt lat="41.69138728" lon="26.55959354"><ele>74.625</ele><time>2026-10-07T17:05:12Z</time><speed>0.000</speed><sat>27</sat></trkpt>
  <trkpt lat="41.69138727" lon="26.55959359"><ele>74.626</ele><time>2026-10-07T17:05:13Z</time><speed>0.000</speed><sat>26</sat></trkpt>
  <trkpt lat="41.69138743" lon="26.55959458"><ele>74.656</ele><time>2026-10-07T17:05:14Z</time><speed>0.000</speed><sat>26</sat></trkpt>
  <trkpt lat="41.69138766" lon="26.55959567"><ele>74.655</ele><time>2026-10-07T17:05:15Z</time><speed>0.000</speed><sat>26</sat></trkpt>
  <trkpt lat="41.69138783" lon="26.55959630"><ele>74.654</ele><time>2026-10-07T17:05:16Z</time><speed>0.000</speed><sat>27</sat></trkpt>
  <trkpt lat="41.69138794" lon="26.55959663"><ele>74.656</ele><time>2026-10-07T17:05:17Z</time><speed>0.000</speed><sat>27</sat></trkpt>
  <trkpt lat="41.69138800" lon="26.55959682"><ele>74.654</ele><time>2026-10-07T17:05:18Z</time><speed>0.000</speed><sat>27</sat></trkpt>
  <trkpt lat="41.69138805" lon="26.55959692"><ele>74.653</ele><time>2026-10-07T17:05:19Z</time><speed>0.000</speed><sat>27</sat></trkpt>
  <trkpt lat="41.69138808" lon="26.55959697"><ele>74.653</ele><time>2026-10-07T17:05:20Z</time><speed>0.000</speed><sat>26</sat></trkpt>
  <trkpt lat="41.69138811" lon="26.55959700"><ele>74.649</ele><time>2026-10-07T17:05:21Z</time><speed>0.000</speed><sat>27</sat></trkpt>
  <trkpt lat="41.69138812" lon="26.55959700"><ele>74.647</ele><time>2026-10-07T17:05:22Z</time><speed>0.000</speed><sat>27</sat></trkpt>
  <trkpt lat="41.69138813" lon="26.55959700"><ele>74.645</ele><time>2026-10-07T17:05:23Z</time><speed>0.000</speed><sat>27</sat></trkpt>
  <trkpt lat="41.69138815" lon="26.55959702"><ele>74.647</ele><time>2026-10-07T17:05:24Z</time><speed>0.000</speed><sat>28</sat></trkpt>
  <trkpt lat="41.69138816" lon="26.55959702"><ele>74.648</ele><time>2026-10-07T17:05:25Z</time><speed>0.000</speed><sat>29</sat></trkpt>
  <trkpt lat="41.69138817" lon="26.55959703"><ele>74.647</ele><time>2026-10-07T17:05:26Z</time><speed>0.000</speed><sat>29</sat></trkpt>
  <trkpt lat="41.69138818" lon="26.55959704"><ele>74.645</ele><time>2026-10-07T17:05:27Z</time><speed>0.000</speed><sat>29</sat></trkpt>
  <trkpt lat="41.69138820" lon="26.55959705"><ele>74.647</ele><time>2026-10-07T17:05:28Z</time><speed>0.000</speed><sat>29</sat></trkpt>
  <trkpt lat="41.69138821" lon="26.55959707"><ele>74.648</ele><time>2026-10-07T17:05:29Z</time><speed>0.000</speed><sat>29</sat></trkpt>
  <trkpt lat="41.69138822" lon="26.55959709"><ele>74.652</ele><time>2026-10-07T17:05:30Z</time><speed>0.000</speed><sat>29</sat></trkpt>
  <trkpt lat="41.69138824" lon="26.55959710"><ele>74.657</ele><time>2026-10-07T17:05:31Z</time><speed>0.000</speed><sat>29</sat></trkpt>
  <trkpt lat="41.69138826" lon="26.55959713"><ele>74.661</ele><time>2026-10-07T17:05:32Z</time><speed>0.000</speed><sat>30</sat></trkpt>
  <trkpt lat="41.69138825" lon="26.55959715"><ele>74.659</ele><time>2026-10-07T17:05:33Z</time><speed>0.000</speed><sat>30</sat></trkpt>
  <trkpt lat="41.69138823" lon="26.55959718"><ele>74.660</ele><time>2026-10-07T17:05:34Z</time><speed>0.000</speed><sat>30</sat></trkpt>
  <trkpt lat="41.69138858" lon="26.55959740"><ele>74.403</ele><time>2026-10-07T17:05:35Z</time><speed>0.000</speed><sat>29</sat></trkpt>
  <trkpt lat="41.69138888" lon="26.55959768"><ele>74.404</ele><time>2026-10-07T17:05:36Z</time><speed>0.000</speed><sat>28</sat></trkpt>
  <trkpt lat="41.69138898" lon="26.55959785"><ele>74.404</ele><time>2026-10-07T17:05:37Z</time><speed>0.000</speed><sat>28</sat></trkpt>
  <trkpt lat="41.69138905" lon="26.55959795"><ele>74.405</ele><time>2026-10-07T17:05:38Z</time><speed>0.000</speed><sat>28</sat></trkpt>
  <trkpt lat="41.69138909" lon="26.55959802"><ele>74.408</ele><time>2026-10-07T17:05:39Z</time><speed>0.000</speed><sat>28</sat></trkpt>
  <trkpt lat="41.69138912" lon="26.55959807"><ele>74.413</ele><time>2026-10-07T17:05:40Z</time><speed>0.000</speed><sat>28</sat></trkpt>
  <trkpt lat="41.69138918" lon="26.55959812"><ele>74.419</ele><time>2026-10-07T17:05:41Z</time><speed>0.000</speed><sat>29</sat></trkpt>
  <trkpt lat="41.69138923" lon="26.55959815"><ele>74.425</ele><time>2026-10-07T17:05:42Z</time><speed>0.000</speed><sat>29</sat></trkpt>
  <trkpt lat="41.69138927" lon="26.55959818"><ele>74.427</ele><time>2026-10-07T17:05:43Z</time><speed>0.000</speed><sat>28</sat></trkpt>
  <trkpt lat="41.69138933" lon="26.55959822"><ele>74.432</ele><time>2026-10-07T17:05:44Z</time><speed>0.000</speed><sat>28</sat></trkpt>
  <trkpt lat="41.69138936" lon="26.55959826"><ele>74.437</ele><time>2026-10-07T17:05:45Z</time><speed>0.000</speed><sat>28</sat></trkpt>
  <trkpt lat="41.69138936" lon="26.55959829"><ele>74.440</ele><time>2026-10-07T17:05:46Z</time><speed>0.000</speed><sat>28</sat></trkpt>
  <trkpt lat="41.69138939" lon="26.55959832"><ele>74.448</ele><time>2026-10-07T17:05:47Z</time><speed>0.000</speed><sat>28</sat></trkpt>
  <trkpt lat="41.69138946" lon="26.55959838"><ele>74.457</ele><time>2026-10-07T17:05:48Z</time><speed>0.000</speed><sat>27</sat></trkpt>
  <trkpt lat="41.69138954" lon="26.55959844"><ele>74.466</ele><time>2026-10-07T17:05:49Z</time><speed>0.000</speed><sat>27</sat></trkpt>
  <trkpt lat="41.69138963" lon="26.55959850"><ele>74.475</ele><time>2026-10-07T17:05:50Z</time><speed>0.000</speed><sat>27</sat></trkpt>
  <trkpt lat="41.69138967" lon="26.55959852"><ele>74.478</ele><time>2026-10-07T17:05:51Z</time><speed>0.000</speed><sat>27</sat></trkpt>
  <trkpt lat="41.69138970" lon="26.55959852"><ele>74.487</ele><time>2026-10-07T17:05:52Z</time><speed>0.000</speed><sat>27</sat></trkpt>
  <trkpt lat="41.69138876" lon="26.55959818"><ele>75.146</ele><time>2026-10-07T17:05:53Z</time><speed>0.000</speed><sat>27</sat></trkpt>
  <trkpt lat="41.69138799" lon="26.55959787"><ele>75.154</ele><time>2026-10-07T17:05:54Z</time><speed>0.000</speed><sat>26</sat></trkpt>
  <trkpt lat="41.69138777" lon="26.55959777"><ele>75.162</ele><time>2026-10-07T17:05:55Z</time><speed>0.000</speed><sat>27</sat></trkpt>
  <trkpt lat="41.69138768" lon="26.55959770"><ele>75.169</ele><time>2026-10-07T17:05:56Z</time><speed>0.000</speed><sat>27</sat></trkpt>
  <trkpt lat="41.69138766" lon="26.55959766"><ele>75.174</ele><time>2026-10-07T17:05:57Z</time><speed>0.000</speed><sat>27</sat></trkpt>
  <trkpt lat="41.69138767" lon="26.55959763"><ele>75.177</ele><time>2026-10-07T17:05:58Z</time><speed>0.000</speed><sat>27</sat></trkpt>
  <trkpt lat="41.69138772" lon="26.55959761"><ele>75.181</ele><time>2026-10-07T17:05:59Z</time><speed>0.000</speed><sat>27</sat></trkpt>
  <trkpt lat="41.69138777" lon="26.55959761"><ele>75.183</ele><time>2026-10-07T17:06:00Z</time><speed>0.000</speed><sat>28</sat></trkpt>
  <trkpt lat="41.69138781" lon="26.55959761"><ele>75.185</ele><time>2026-10-07T17:06:01Z</time><speed>0.000</speed><sat>28</sat></trkpt>
  <trkpt lat="41.69138785" lon="26.55959762"><ele>75.185</ele><time>2026-10-07T17:06:02Z</time><speed>0.000</speed><sat>28</sat></trkpt>
  <trkpt lat="41.69138791" lon="26.55959765"><ele>75.186</ele><time>2026-10-07T17:06:03Z</time><speed>0.000</speed><sat>28</sat></trkpt>
  <trkpt lat="41.69138796" lon="26.55959769"><ele>75.185</ele><time>2026-10-07T17:06:04Z</time><speed>0.000</speed><sat>28</sat></trkpt>
  <trkpt lat="41.69138800" lon="26.55959772"><ele>75.184</ele><time>2026-10-07T17:06:05Z</time><speed>0.000</speed><sat>29</sat></trkpt>
  <trkpt lat="41.69138805" lon="26.55959774"><ele>75.183</ele><time>2026-10-07T17:06:06Z</time><speed>0.000</speed><sat>29</sat></trkpt>
  <trkpt lat="41.69138809" lon="26.55959776"><ele>75.183</ele><time>2026-10-07T17:06:07Z</time><speed>0.000</speed><sat>28</sat></trkpt>
  <trkpt lat="41.69138814" lon="26.55959779"><ele>75.182</ele><time>2026-10-07T17:06:08Z</time><speed>0.000</speed><sat>28</sat></trkpt>
  <trkpt lat="41.69138818" lon="26.55959782"><ele>75.182</ele><time>2026-10-07T17:06:09Z</time><speed>0.000</speed><sat>28</sat></trkpt>
  <trkpt lat="41.69138760" lon="26.55959884"><ele>75.102</ele><time>2026-10-07T17:06:10Z</time><speed>0.000</speed><sat>27</sat></trkpt>
  <trkpt lat="41.69138661" lon="26.55959965"><ele>75.098</ele><time>2026-10-07T17:06:11Z</time><speed>0.000</speed><sat>27</sat></trkpt>
  <trkpt lat="41.69138589" lon="26.55960123"><ele>75.103</ele><time>2026-10-07T17:06:12Z</time><speed>0.000</speed><sat>26</sat></trkpt>
  <trkpt lat="41.69138567" lon="26.55960212"><ele>75.103</ele><time>2026-10-07T17:06:13Z</time><speed>0.000</speed><sat>26</sat></trkpt>
  <trkpt lat="41.69138555" lon="26.55960259"><ele>75.102</ele><time>2026-10-07T17:06:14Z</time><speed>0.000</speed><sat>26</sat></trkpt>
  <trkpt lat="41.69138549" lon="26.55960283"><ele>75.100</ele><time>2026-10-07T17:06:15Z</time><speed>0.000</speed><sat>26</sat></trkpt>
  <trkpt lat="41.69138545" lon="26.55960296"><ele>75.099</ele><time>2026-10-07T17:06:16Z</time><speed>0.000</speed><sat>25</sat></trkpt>
  <trkpt lat="41.69138543" lon="26.55960303"><ele>75.098</ele><time>2026-10-07T17:06:17Z</time><speed>0.000</speed><sat>25</sat></trkpt>
  <trkpt lat="41.69138417" lon="26.55960327"><ele>74.725</ele><time>2026-10-07T17:06:18Z</time><speed>0.000</speed><sat>25</sat></trkpt>
  <trkpt lat="41.69138311" lon="26.55960364"><ele>74.708</ele><time>2026-10-07T17:06:19Z</time><speed>0.000</speed><sat>25</sat></trkpt>
  <trkpt lat="41.69138276" lon="26.55960392"><ele>74.707</ele><time>2026-10-07T17:06:20Z</time><speed>0.000</speed><sat>26</sat></trkpt>
  <trkpt lat="41.69138261" lon="26.55960407"><ele>74.709</ele><time>2026-10-07T17:06:21Z</time><speed>0.000</speed><sat>27</sat></trkpt>
  <trkpt lat="41.69138257" lon="26.55960415"><ele>74.709</ele><time>2026-10-07T17:06:22Z</time><speed>0.000</speed><sat>27</sat></trkpt>
  <trkpt lat="41.69138257" lon="26.55960419"><ele>74.708</ele><time>2026-10-07T17:06:23Z</time><speed>0.000</speed><sat>28</sat></trkpt>
  <trkpt lat="41.69138258" lon="26.55960420"><ele>74.708</ele><time>2026-10-07T17:06:24Z</time><speed>0.000</speed><sat>28</sat></trkpt>
  <trkpt lat="41.69138259" lon="26.55960419"><ele>74.709</ele><time>2026-10-07T17:06:25Z</time><speed>0.000</speed><sat>29</sat></trkpt>
  <trkpt lat="41.69138260" lon="26.55960419"><ele>74.709</ele><time>2026-10-07T17:06:26Z</time><speed>0.000</speed><sat>29</sat></trkpt>
  <trkpt lat="41.69138263" lon="26.55960420"><ele>74.711</ele><time>2026-10-07T17:06:27Z</time><speed>0.000</speed><sat>29</sat></trkpt>
  <trkpt lat="41.69138267" lon="26.55960420"><ele>74.714</ele><time>2026-10-07T17:06:28Z</time><speed>0.000</speed><sat>29</sat></trkpt>
  <trkpt lat="41.69138269" lon="26.55960420"><ele>74.711</ele><time>2026-10-07T17:06:29Z</time><speed>0.000</speed><sat>29</sat></trkpt>
  <trkpt lat="41.69138271" lon="26.55960419"><ele>74.709</ele><time>2026-10-07T17:06:30Z</time><speed>0.000</speed><sat>29</sat></trkpt>
  <trkpt lat="41.69138272" lon="26.55960419"><ele>74.707</ele><time>2026-10-07T17:06:31Z</time><speed>0.000</speed><sat>29</sat></trkpt>
  <trkpt lat="41.69138273" lon="26.55960418"><ele>74.707</ele><time>2026-10-07T17:06:32Z</time><speed>0.000</speed><sat>30</sat></trkpt>
  <trkpt lat="41.69138274" lon="26.55960418"><ele>74.708</ele><time>2026-10-07T17:06:33Z</time><speed>0.000</speed><sat>30</sat></trkpt>
  <trkpt lat="41.69138362" lon="26.55960143"><ele>74.668</ele><time>2026-10-07T17:06:34Z</time><speed>0.260</speed><sat>30</sat></trkpt>
  <trkpt lat="41.69138383" lon="26.55959925"><ele>74.210</ele><time>2026-10-07T17:06:35Z</time><speed>0.000</speed><sat>30</sat></trkpt>
  <trkpt lat="41.69138492" lon="26.55959725"><ele>73.347</ele><time>2026-10-07T17:06:36Z</time><speed>0.170</speed><sat>30</sat></trkpt>
  <trkpt lat="41.69138637" lon="26.55959570"><ele>73.271</ele><time>2026-10-07T17:06:37Z</time><speed>0.000</speed><sat>30</sat></trkpt>
  <trkpt lat="41.69138635" lon="26.55959566"><ele>73.032</ele><time>2026-10-07T17:06:38Z</time><speed>0.000</speed><sat>29</sat></trkpt>
  <trkpt lat="41.69138660" lon="26.55959602"><ele>73.040</ele><time>2026-10-07T17:06:39Z</time><speed>0.000</speed><sat>32</sat></trkpt>
  <trkpt lat="41.69138690" lon="26.55959656"><ele>73.040</ele><time>2026-10-07T17:06:40Z</time><speed>0.000</speed><sat>32</sat></trkpt>
  <trkpt lat="41.69138705" lon="26.55959684"><ele>73.038</ele><time>2026-10-07T17:06:41Z</time><speed>0.000</speed><sat>31</sat></trkpt>
  <trkpt lat="41.69138714" lon="26.55959699"><ele>73.039</ele><time>2026-10-07T17:06:42Z</time><speed>0.000</speed><sat>31</sat></trkpt>
  <trkpt lat="41.69138718" lon="26.55959705"><ele>73.035</ele><time>2026-10-07T17:06:43Z</time><speed>0.000</speed><sat>31</sat></trkpt>
  <trkpt lat="41.69138724" lon="26.55959709"><ele>73.035</ele><time>2026-10-07T17:06:44Z</time><speed>0.000</speed><sat>32</sat></trkpt>
  <trkpt lat="41.69138729" lon="26.55959715"><ele>73.034</ele><time>2026-10-07T17:06:45Z</time><speed>0.000</speed><sat>32</sat></trkpt>
  <trkpt lat="41.69138734" lon="26.55959718"><ele>73.032</ele><time>2026-10-07T17:06:46Z</time><speed>0.000</speed><sat>31</sat></trkpt>
  <trkpt lat="41.69138739" lon="26.55959724"><ele>73.034</ele><time>2026-10-07T17:06:47Z</time><speed>0.000</speed><sat>31</sat></trkpt>
  <trkpt lat="41.69138743" lon="26.55959727"><ele>73.033</ele><time>2026-10-07T17:06:48Z</time><speed>0.000</speed><sat>31</sat></trkpt>
  <trkpt lat="41.69138749" lon="26.55959729"><ele>73.029</ele><time>2026-10-07T17:06:49Z</time><speed>0.000</speed><sat>31</sat></trkpt>
  <trkpt lat="41.69138756" lon="26.55959730"><ele>73.027</ele><time>2026-10-07T17:06:50Z</time><speed>0.000</speed><sat>31</sat></trkpt>
  <trkpt lat="41.69138762" lon="26.55959731"><ele>73.026</ele><time>2026-10-07T17:06:51Z</time><speed>0.000</speed><sat>31</sat></trkpt>
  <trkpt lat="41.69138767" lon="26.55959732"><ele>73.026</ele><time>2026-10-07T17:06:52Z</time><speed>0.000</speed><sat>31</sat></trkpt>
  <trkpt lat="41.69138772" lon="26.55959733"><ele>73.026</ele><time>2026-10-07T17:06:53Z</time><speed>0.000</speed><sat>32</sat></trkpt>
  <trkpt lat="41.69138775" lon="26.55959733"><ele>73.025</ele><time>2026-10-07T17:06:54Z</time><speed>0.000</speed><sat>31</sat></trkpt>
  <trkpt lat="41.69138781" lon="26.55959736"><ele>73.029</ele><time>2026-10-07T17:06:55Z</time><speed>0.000</speed><sat>31</sat></trkpt>
  <trkpt lat="41.69138786" lon="26.55959740"><ele>73.033</ele><time>2026-10-07T17:06:56Z</time><speed>0.000</speed><sat>31</sat></trkpt>
  <trkpt lat="41.69138792" lon="26.55959744"><ele>73.035</ele><time>2026-10-07T17:06:57Z</time><speed>0.000</speed><sat>30</sat></trkpt>
  <trkpt lat="41.69138800" lon="26.55959748"><ele>73.037</ele><time>2026-10-07T17:06:58Z</time><speed>0.000</speed><sat>30</sat></trkpt>
  <trkpt lat="41.69138806" lon="26.55959750"><ele>73.038</ele><time>2026-10-07T17:06:59Z</time><speed>0.000</speed><sat>29</sat></trkpt>
  <trkpt lat="41.69138928" lon="26.55959647"><ele>73.120</ele><time>2026-10-07T17:07:00Z</time><speed>0.000</speed><sat>29</sat></trkpt>
  <trkpt lat="41.69139055" lon="26.55959569"><ele>73.094</ele><time>2026-10-07T17:07:01Z</time><speed>0.000</speed><sat>28</sat></trkpt>
  <trkpt lat="41.69139031" lon="26.55959651"><ele>73.044</ele><time>2026-10-07T17:07:02Z</time><speed>0.200</speed><sat>28</sat></trkpt>
  <trkpt lat="41.69139057" lon="26.55959703"><ele>73.064</ele><time>2026-10-07T17:07:03Z</time><speed>0.000</speed><sat>28</sat></trkpt>
  <trkpt lat="41.69139092" lon="26.55959812"><ele>73.249</ele><time>2026-10-07T17:07:04Z</time><speed>0.000</speed><sat>31</sat></trkpt>
  <trkpt lat="41.69139189" lon="26.55959894"><ele>74.046</ele><time>2026-10-07T17:07:05Z</time><speed>0.000</speed><sat>31</sat></trkpt>
  <trkpt lat="41.69139382" lon="26.55959916"><ele>74.192</ele><time>2026-10-07T17:07:06Z</time><speed>0.000</speed><sat>31</sat></trkpt>
  <trkpt lat="41.69139481" lon="26.55959917"><ele>74.192</ele><time>2026-10-07T17:07:07Z</time><speed>0.000</speed><sat>31</sat></trkpt>
  <trkpt lat="41.69139536" lon="26.55960063"><ele>74.246</ele><time>2026-10-07T17:07:08Z</time><speed>0.000</speed><sat>30</sat></trkpt>
  <trkpt lat="41.69139692" lon="26.55960551"><ele>74.880</ele><time>2026-10-07T17:07:09Z</time><speed>0.510</speed><sat>30</sat></trkpt>
  <trkpt lat="41.69139826" lon="26.55960976"><ele>74.903</ele><time>2026-10-07T17:07:10Z</time><speed>0.000</speed><sat>28</sat></trkpt>
  <trkpt lat="41.69139839" lon="26.55961052"><ele>74.905</ele><time>2026-10-07T17:07:11Z</time><speed>0.000</speed><sat>28</sat></trkpt>
  <trkpt lat="41.69139845" lon="26.55961089"><ele>74.904</ele><time>2026-10-07T17:07:12Z</time><speed>0.000</speed><sat>28</sat></trkpt>
  <trkpt lat="41.69139849" lon="26.55961107"><ele>74.902</ele><time>2026-10-07T17:07:13Z</time><speed>0.000</speed><sat>28</sat></trkpt>
  <trkpt lat="41.69140058" lon="26.55961028"><ele>74.476</ele><time>2026-10-07T17:07:14Z</time><speed>0.000</speed><sat>28</sat></trkpt>
  <trkpt lat="41.69140334" lon="26.55961061"><ele>73.930</ele><time>2026-10-07T17:07:15Z</time><speed>0.000</speed><sat>28</sat></trkpt>
  <trkpt lat="41.69140709" lon="26.55961044"><ele>73.909</ele><time>2026-10-07T17:07:16Z</time><speed>0.000</speed><sat>29</sat></trkpt>
  <trkpt lat="41.69140979" lon="26.55960908"><ele>73.708</ele><time>2026-10-07T17:07:17Z</time><speed>0.000</speed><sat>29</sat></trkpt>
  <trkpt lat="41.69141104" lon="26.55960820"><ele>73.613</ele><time>2026-10-07T17:07:18Z</time><speed>0.000</speed><sat>29</sat></trkpt>
  <trkpt lat="41.69141169" lon="26.55960774"><ele>73.618</ele><time>2026-10-07T17:07:19Z</time><speed>0.000</speed><sat>29</sat></trkpt>
  <trkpt lat="41.69141204" lon="26.55960751"><ele>73.621</ele><time>2026-10-07T17:07:20Z</time><speed>0.000</speed><sat>28</sat></trkpt>
  <trkpt lat="41.69141198" lon="26.55960636"><ele>73.294</ele><time>2026-10-07T17:07:21Z</time><speed>0.000</speed><sat>28</sat></trkpt>
  <trkpt lat="41.69141185" lon="26.55960524"><ele>73.290</ele><time>2026-10-07T17:07:22Z</time><speed>0.000</speed><sat>28</sat></trkpt>
  <trkpt lat="41.69141172" lon="26.55960471"><ele>73.294</ele><time>2026-10-07T17:07:23Z</time><speed>0.000</speed><sat>28</sat></trkpt>
  <trkpt lat="41.69141049" lon="26.55960482"><ele>73.543</ele><time>2026-10-07T17:07:24Z</time><speed>0.000</speed><sat>28</sat></trkpt>
  <trkpt lat="41.69140923" lon="26.55960499"><ele>73.548</ele><time>2026-10-07T17:07:25Z</time><speed>0.000</speed><sat>29</sat></trkpt>
  <trkpt lat="41.69140858" lon="26.55960513"><ele>73.547</ele><time>2026-10-07T17:07:26Z</time><speed>0.000</speed><sat>30</sat></trkpt>
  <trkpt lat="41.69140770" lon="26.55960608"><ele>73.483</ele><time>2026-10-07T17:07:27Z</time><speed>0.000</speed><sat>31</sat></trkpt>
  <trkpt lat="41.69140644" lon="26.55960633"><ele>73.377</ele><time>2026-10-07T17:07:28Z</time><speed>0.000</speed><sat>30</sat></trkpt>
  <trkpt lat="41.69140476" lon="26.55960691"><ele>73.376</ele><time>2026-10-07T17:07:29Z</time><speed>0.000</speed><sat>30</sat></trkpt>
  <trkpt lat="41.69140322" lon="26.55960830"><ele>73.216</ele><time>2026-10-07T17:07:30Z</time><speed>0.000</speed><sat>31</sat></trkpt>
  <trkpt lat="41.69140173" lon="26.55960970"><ele>73.217</ele><time>2026-10-07T17:07:31Z</time><speed>0.000</speed><sat>30</sat></trkpt>
  <trkpt lat="41.69140104" lon="26.55961039"><ele>73.216</ele><time>2026-10-07T17:07:32Z</time><speed>0.000</speed><sat>29</sat></trkpt>
  <trkpt lat="41.69140070" lon="26.55961073"><ele>73.215</ele><time>2026-10-07T17:07:33Z</time><speed>0.000</speed><sat>31</sat></trkpt>
  <trkpt lat="41.69140038" lon="26.55961060"><ele>73.236</ele><time>2026-10-07T17:07:34Z</time><speed>0.000</speed><sat>31</sat></trkpt>
  <trkpt lat="41.69140011" lon="26.55961047"><ele>73.240</ele><time>2026-10-07T17:07:35Z</time><speed>0.000</speed><sat>31</sat></trkpt>
  <trkpt lat="41.69140017" lon="26.55960998"><ele>72.881</ele><time>2026-10-07T17:07:36Z</time><speed>0.000</speed><sat>31</sat></trkpt>
  <trkpt lat="41.69140050" lon="26.55960794"><ele>72.444</ele><time>2026-10-07T17:07:37Z</time><speed>0.200</speed><sat>31</sat></trkpt>
  <trkpt lat="41.69139791" lon="26.55960443"><ele>72.244</ele><time>2026-10-07T17:07:38Z</time><speed>0.530</speed><sat>30</sat></trkpt>
  <trkpt lat="41.69139568" lon="26.55960259"><ele>72.481</ele><time>2026-10-07T17:07:39Z</time><speed>0.000</speed><sat>28</sat></trkpt>
  <trkpt lat="41.69139560" lon="26.55960246"><ele>73.094</ele><time>2026-10-07T17:07:40Z</time><speed>0.000</speed><sat>28</sat></trkpt>
  <trkpt lat="41.69139578" lon="26.55960255"><ele>73.078</ele><time>2026-10-07T17:07:41Z</time><speed>0.000</speed><sat>28</sat></trkpt>
  <trkpt lat="41.69139665" lon="26.55960265"><ele>73.372</ele><time>2026-10-07T17:07:42Z</time><speed>0.000</speed><sat>28</sat></trkpt>
  <trkpt lat="41.69139769" lon="26.55960275"><ele>73.479</ele><time>2026-10-07T17:07:43Z</time><speed>0.000</speed><sat>28</sat></trkpt>
  <trkpt lat="41.69139923" lon="26.55960536"><ele>74.602</ele><time>2026-10-07T17:07:44Z</time><speed>0.320</speed><sat>28</sat></trkpt>
  <trkpt lat="41.69139940" lon="26.55960729"><ele>74.502</ele><time>2026-10-07T17:07:45Z</time><speed>0.000</speed><sat>28</sat></trkpt>
  <trkpt lat="41.69139900" lon="26.55960750"><ele>74.500</ele><time>2026-10-07T17:07:46Z</time><speed>0.000</speed><sat>29</sat></trkpt>
  <trkpt lat="41.69139876" lon="26.55960875"><ele>74.165</ele><time>2026-10-07T17:07:47Z</time><speed>0.000</speed><sat>29</sat></trkpt>
  <trkpt lat="41.69139846" lon="26.55960987"><ele>74.161</ele><time>2026-10-07T17:07:48Z</time><speed>0.000</speed><sat>28</sat></trkpt>
  <trkpt lat="41.69139881" lon="26.55961052"><ele>73.928</ele><time>2026-10-07T17:07:49Z</time><speed>0.000</speed><sat>28</sat></trkpt>
  <trkpt lat="41.69139777" lon="26.55961351"><ele>74.221</ele><time>2026-10-07T17:07:50Z</time><speed>0.290</speed><sat>28</sat></trkpt>
  <trkpt lat="41.69139681" lon="26.55961643"><ele>74.237</ele><time>2026-10-07T17:07:51Z</time><speed>0.000</speed><sat>29</sat></trkpt>
  <trkpt lat="41.69139666" lon="26.55961714"><ele>74.238</ele><time>2026-10-07T17:07:52Z</time><speed>0.000</speed><sat>29</sat></trkpt>
  <trkpt lat="41.69139658" lon="26.55961750"><ele>74.237</ele><time>2026-10-07T17:07:53Z</time><speed>0.000</speed><sat>29</sat></trkpt>
  <trkpt lat="41.69139688" lon="26.55961764"><ele>73.988</ele><time>2026-10-07T17:07:54Z</time><speed>0.000</speed><sat>29</sat></trkpt>
  <trkpt lat="41.69139728" lon="26.55961770"><ele>73.979</ele><time>2026-10-07T17:07:55Z</time><speed>0.000</speed><sat>29</sat></trkpt>
  <trkpt lat="41.69139823" lon="26.55961868"><ele>74.285</ele><time>2026-10-07T17:07:56Z</time><speed>0.000</speed><sat>28</sat></trkpt>
  <trkpt lat="41.69139927" lon="26.55961947"><ele>74.306</ele><time>2026-10-07T17:07:57Z</time><speed>0.000</speed><sat>27</sat></trkpt>
  <trkpt lat="41.69139988" lon="26.55961969"><ele>74.304</ele><time>2026-10-07T17:07:58Z</time><speed>0.000</speed><sat>27</sat></trkpt>
  <trkpt lat="41.69140020" lon="26.55961980"><ele>74.303</ele><time>2026-10-07T17:07:59Z</time><speed>0.000</speed><sat>27</sat></trkpt>
  <trkpt lat="41.69140092" lon="26.55961859"><ele>73.891</ele><time>2026-10-07T17:08:00Z</time><speed>0.000</speed><sat>26</sat></trkpt>
  <trkpt lat="41.69140152" lon="26.55961747"><ele>73.884</ele><time>2026-10-07T17:08:01Z</time><speed>0.000</speed><sat>26</sat></trkpt>
  <trkpt lat="41.69140173" lon="26.55961699"><ele>73.879</ele><time>2026-10-07T17:08:02Z</time><speed>0.000</speed><sat>28</sat></trkpt>
  <trkpt lat="41.69140185" lon="26.55961672"><ele>73.877</ele><time>2026-10-07T17:08:03Z</time><speed>0.000</speed><sat>28</sat></trkpt>
  <trkpt lat="41.69140190" lon="26.55961654"><ele>73.878</ele><time>2026-10-07T17:08:04Z</time><speed>0.000</speed><sat>28</sat></trkpt>
  <trkpt lat="41.69140193" lon="26.55961643"><ele>73.878</ele><time>2026-10-07T17:08:05Z</time><speed>0.000</speed><sat>29</sat></trkpt>
  <trkpt lat="41.69140194" lon="26.55961633"><ele>73.875</ele><time>2026-10-07T17:08:06Z</time><speed>0.000</speed><sat>29</sat></trkpt>
  <trkpt lat="41.69140194" lon="26.55961625"><ele>73.873</ele><time>2026-10-07T17:08:07Z</time><speed>0.000</speed><sat>29</sat></trkpt>
  <trkpt lat="41.69140194" lon="26.55961620"><ele>73.872</ele><time>2026-10-07T17:08:08Z</time><speed>0.000</speed><sat>28</sat></trkpt>
  <trkpt lat="41.69140194" lon="26.55961615"><ele>73.869</ele><time>2026-10-07T17:08:09Z</time><speed>0.000</speed><sat>27</sat></trkpt>
  <trkpt lat="41.69140195" lon="26.55961610"><ele>73.866</ele><time>2026-10-07T17:08:10Z</time><speed>0.000</speed><sat>27</sat></trkpt>
  <trkpt lat="41.69140196" lon="26.55961607"><ele>73.866</ele><time>2026-10-07T17:08:11Z</time><speed>0.000</speed><sat>26</sat></trkpt>
  <trkpt lat="41.69140198" lon="26.55961607"><ele>73.870</ele><time>2026-10-07T17:08:12Z</time><speed>0.000</speed><sat>26</sat></trkpt>
  <trkpt lat="41.69140199" lon="26.55961606"><ele>73.869</ele><time>2026-10-07T17:08:13Z</time><speed>0.000</speed><sat>27</sat></trkpt>
  <trkpt lat="41.69140242" lon="26.55961581"><ele>74.263</ele><time>2026-10-07T17:08:14Z</time><speed>0.000</speed><sat>26</sat></trkpt>
  <trkpt lat="41.69140367" lon="26.55961469"><ele>74.497</ele><time>2026-10-07T17:08:15Z</time><speed>0.170</speed><sat>25</sat></trkpt>
  <trkpt lat="41.69140555" lon="26.55961422"><ele>74.480</ele><time>2026-10-07T17:08:16Z</time><speed>0.000</speed><sat>25</sat></trkpt>
  <trkpt lat="41.69140737" lon="26.55961444"><ele>74.503</ele><time>2026-10-07T17:08:17Z</time><speed>0.000</speed><sat>25</sat></trkpt>
  <trkpt lat="41.69140825" lon="26.55961465"><ele>74.504</ele><time>2026-10-07T17:08:18Z</time><speed>0.000</speed><sat>27</sat></trkpt>
  <trkpt lat="41.69140869" lon="26.55961476"><ele>74.504</ele><time>2026-10-07T17:08:19Z</time><speed>0.000</speed><sat>26</sat></trkpt>
  <trkpt lat="41.69140890" lon="26.55961482"><ele>74.503</ele><time>2026-10-07T17:08:20Z</time><speed>0.000</speed><sat>26</sat></trkpt>
  <trkpt lat="41.69140901" lon="26.55961486"><ele>74.502</ele><time>2026-10-07T17:08:21Z</time><speed>0.000</speed><sat>26</sat></trkpt>
  <trkpt lat="41.69140905" lon="26.55961490"><ele>74.503</ele><time>2026-10-07T17:08:22Z</time><speed>0.000</speed><sat>26</sat></trkpt>
  <trkpt lat="41.69140906" lon="26.55961494"><ele>74.503</ele><time>2026-10-07T17:08:23Z</time><speed>0.000</speed><sat>26</sat></trkpt>
  <trkpt lat="41.69140906" lon="26.55961495"><ele>74.505</ele><time>2026-10-07T17:08:24Z</time><speed>0.000</speed><sat>26</sat></trkpt>
  <trkpt lat="41.69140904" lon="26.55961498"><ele>74.506</ele><time>2026-10-07T17:08:25Z</time><speed>0.000</speed><sat>26</sat></trkpt>
  <trkpt lat="41.69140903" lon="26.55961501"><ele>74.504</ele><time>2026-10-07T17:08:26Z</time><speed>0.000</speed><sat>25</sat></trkpt>
  <trkpt lat="41.69140900" lon="26.55961505"><ele>74.504</ele><time>2026-10-07T17:08:27Z</time><speed>0.000</speed><sat>26</sat></trkpt>
  <trkpt lat="41.69140898" lon="26.55961509"><ele>74.504</ele><time>2026-10-07T17:08:28Z</time><speed>0.000</speed><sat>27</sat></trkpt>
  <trkpt lat="41.69140896" lon="26.55961513"><ele>74.502</ele><time>2026-10-07T17:08:29Z</time><speed>0.000</speed><sat>28</sat></trkpt>
  <trkpt lat="41.69140895" lon="26.55961516"><ele>74.502</ele><time>2026-10-07T17:08:30Z</time><speed>0.000</speed><sat>28</sat></trkpt>
  <trkpt lat="41.69140893" lon="26.55961519"><ele>74.502</ele><time>2026-10-07T17:08:31Z</time><speed>0.000</speed><sat>28</sat></trkpt>
  <trkpt lat="41.69140893" lon="26.55961521"><ele>74.500</ele><time>2026-10-07T17:08:32Z</time><speed>0.000</speed><sat>28</sat></trkpt>
  <trkpt lat="41.69140892" lon="26.55961522"><ele>74.501</ele><time>2026-10-07T17:08:33Z</time><speed>0.000</speed><sat>28</sat></trkpt>
  <trkpt lat="41.69140892" lon="26.55961523"><ele>74.502</ele><time>2026-10-07T17:08:34Z</time><speed>0.000</speed><sat>28</sat></trkpt>
  <trkpt lat="41.69140892" lon="26.55961522"><ele>74.504</ele><time>2026-10-07T17:08:35Z</time><speed>0.000</speed><sat>28</sat></trkpt>
  <trkpt lat="41.69140892" lon="26.55961519"><ele>74.503</ele><time>2026-10-07T17:08:36Z</time><speed>0.000</speed><sat>28</sat></trkpt>
  <trkpt lat="41.69140892" lon="26.55961517"><ele>74.502</ele><time>2026-10-07T17:08:37Z</time><speed>0.000</speed><sat>28</sat></trkpt>
  <trkpt lat="41.69140892" lon="26.55961515"><ele>74.503</ele><time>2026-10-07T17:08:38Z</time><speed>0.000</speed><sat>28</sat></trkpt>
  <trkpt lat="41.69140892" lon="26.55961514"><ele>74.506</ele><time>2026-10-07T17:08:39Z</time><speed>0.000</speed><sat>28</sat></trkpt>
  <trkpt lat="41.69140895" lon="26.55961513"><ele>74.514</ele><time>2026-10-07T17:08:40Z</time><speed>0.000</speed><sat>27</sat></trkpt>
  <trkpt lat="41.69140896" lon="26.55961513"><ele>74.518</ele><time>2026-10-07T17:08:41Z</time><speed>0.000</speed><sat>27</sat></trkpt>
  <trkpt lat="41.69140896" lon="26.55961513"><ele>74.521</ele><time>2026-10-07T17:08:42Z</time><speed>0.000</speed><sat>27</sat></trkpt>
  <trkpt lat="41.69140897" lon="26.55961514"><ele>74.525</ele><time>2026-10-07T17:08:43Z</time><speed>0.000</speed><sat>27</sat></trkpt>
  <trkpt lat="41.69140811" lon="26.55961385"><ele>74.638</ele><time>2026-10-07T17:08:44Z</time><speed>0.150</speed><sat>27</sat></trkpt>
  <trkpt lat="41.69140735" lon="26.55961305"><ele>74.637</ele><time>2026-10-07T17:08:45Z</time><speed>0.000</speed><sat>26</sat></trkpt>
  <trkpt lat="41.69140704" lon="26.55961311"><ele>74.639</ele><time>2026-10-07T17:08:46Z</time><speed>0.000</speed><sat>25</sat></trkpt>
  <trkpt lat="41.69140689" lon="26.55961315"><ele>74.642</ele><time>2026-10-07T17:08:47Z</time><speed>0.000</speed><sat>25</sat></trkpt>
  <trkpt lat="41.69140682" lon="26.55961318"><ele>74.644</ele><time>2026-10-07T17:08:48Z</time><speed>0.000</speed><sat>27</sat></trkpt>
  <trkpt lat="41.69140681" lon="26.55961319"><ele>74.647</ele><time>2026-10-07T17:08:49Z</time><speed>0.000</speed><sat>27</sat></trkpt>
  <trkpt lat="41.69140681" lon="26.55961321"><ele>74.648</ele><time>2026-10-07T17:08:50Z</time><speed>0.000</speed><sat>27</sat></trkpt>
  <trkpt lat="41.69140682" lon="26.55961323"><ele>74.651</ele><time>2026-10-07T17:08:51Z</time><speed>0.000</speed><sat>26</sat></trkpt>
  <trkpt lat="41.69140684" lon="26.55961325"><ele>74.651</ele><time>2026-10-07T17:08:52Z</time><speed>0.000</speed><sat>26</sat></trkpt>
  <trkpt lat="41.69140688" lon="26.55961325"><ele>74.653</ele><time>2026-10-07T17:08:53Z</time><speed>0.000</speed><sat>26</sat></trkpt>
  <trkpt lat="41.69140691" lon="26.55961326"><ele>74.655</ele><time>2026-10-07T17:08:54Z</time><speed>0.000</speed><sat>26</sat></trkpt>
  <trkpt lat="41.69140694" lon="26.55961327"><ele>74.657</ele><time>2026-10-07T17:08:55Z</time><speed>0.000</speed><sat>27</sat></trkpt>
  <trkpt lat="41.69140697" lon="26.55961328"><ele>74.658</ele><time>2026-10-07T17:08:56Z</time><speed>0.000</speed><sat>27</sat></trkpt>
  <trkpt lat="41.69140700" lon="26.55961328"><ele>74.660</ele><time>2026-10-07T17:08:57Z</time><speed>0.000</speed><sat>28</sat></trkpt>
  <trkpt lat="41.69140702" lon="26.55961327"><ele>74.661</ele><time>2026-10-07T17:08:58Z</time><speed>0.000</speed><sat>28</sat></trkpt>
  <trkpt lat="41.69140706" lon="26.55961328"><ele>74.665</ele><time>2026-10-07T17:08:59Z</time><speed>0.000</speed><sat>28</sat></trkpt>
  <trkpt lat="41.69140708" lon="26.55961329"><ele>74.669</ele><time>2026-10-07T17:09:00Z</time><speed>0.000</speed><sat>28</sat></trkpt>
  <trkpt lat="41.69140710" lon="26.55961329"><ele>74.672</ele><time>2026-10-07T17:09:01Z</time><speed>0.000</speed><sat>28</sat></trkpt>
  <trkpt lat="41.69140711" lon="26.55961329"><ele>74.674</ele><time>2026-10-07T17:09:02Z</time><speed>0.000</speed><sat>28</sat></trkpt>
  <trkpt lat="41.69140711" lon="26.55961328"><ele>74.676</ele><time>2026-10-07T17:09:03Z</time><speed>0.000</speed><sat>28</sat></trkpt>
  <trkpt lat="41.69140710" lon="26.55961327"><ele>74.678</ele><time>2026-10-07T17:09:04Z</time><speed>0.000</speed><sat>29</sat></trkpt>
  <trkpt lat="41.69140710" lon="26.55961326"><ele>74.680</ele><time>2026-10-07T17:09:05Z</time><speed>0.000</speed><sat>29</sat></trkpt>
  <trkpt lat="41.69140711" lon="26.55961327"><ele>74.680</ele><time>2026-10-07T17:09:06Z</time><speed>0.000</speed><sat>29</sat></trkpt>
  <trkpt lat="41.69140710" lon="26.55961326"><ele>74.683</ele><time>2026-10-07T17:09:07Z</time><speed>0.000</speed><sat>29</sat></trkpt>
  <trkpt lat="41.69140709" lon="26.55961326"><ele>74.683</ele><time>2026-10-07T17:09:08Z</time><speed>0.000</speed><sat>29</sat></trkpt>
  <trkpt lat="41.69140709" lon="26.55961324"><ele>74.681</ele><time>2026-10-07T17:09:09Z</time><speed>0.000</speed><sat>28</sat></trkpt>
  <trkpt lat="41.69140709" lon="26.55961323"><ele>74.680</ele><time>2026-10-07T17:09:10Z</time><speed>0.000</speed><sat>28</sat></trkpt>
  <trkpt lat="41.69140710" lon="26.55961322"><ele>74.677</ele><time>2026-10-07T17:09:11Z</time><speed>0.000</speed><sat>28</sat></trkpt>
  <trkpt lat="41.69140710" lon="26.55961321"><ele>74.676</ele><time>2026-10-07T17:09:12Z</time><speed>0.000</speed><sat>28</sat></trkpt>
  <trkpt lat="41.69140710" lon="26.55961319"><ele>74.674</ele><time>2026-10-07T17:09:13Z</time><speed>0.000</speed><sat>27</sat></trkpt>
  <trkpt lat="41.69140710" lon="26.55961317"><ele>74.670</ele><time>2026-10-07T17:09:14Z</time><speed>0.000</speed><sat>27</sat></trkpt>
  <trkpt lat="41.69140710" lon="26.55961315"><ele>74.669</ele><time>2026-10-07T17:09:15Z</time><speed>0.000</speed><sat>27</sat></trkpt>
  <trkpt lat="41.69140709" lon="26.55961313"><ele>74.667</ele><time>2026-10-07T17:09:16Z</time><speed>0.000</speed><sat>27</sat></trkpt>
  <trkpt lat="41.69140710" lon="26.55961311"><ele>74.663</ele><time>2026-10-07T17:09:17Z</time><speed>0.000</speed><sat>28</sat></trkpt>
  <trkpt lat="41.69140709" lon="26.55961309"><ele>74.660</ele><time>2026-10-07T17:09:18Z</time><speed>0.000</speed><sat>28</sat></trkpt>
  <trkpt lat="41.69140691" lon="26.55961243"><ele>74.769</ele><time>2026-10-07T17:09:19Z</time><speed>0.000</speed><sat>28</sat></trkpt>
  <trkpt lat="41.69140682" lon="26.55961182"><ele>74.769</ele><time>2026-10-07T17:09:20Z</time><speed>0.000</speed><sat>29</sat></trkpt>
  <trkpt lat="41.69140685" lon="26.55961157"><ele>74.768</ele><time>2026-10-07T17:09:21Z</time><speed>0.000</speed><sat>28</sat></trkpt>
  <trkpt lat="41.69140686" lon="26.55961144"><ele>74.764</ele><time>2026-10-07T17:09:22Z</time><speed>0.000</speed><sat>28</sat></trkpt>
  <trkpt lat="41.69140687" lon="26.55961138"><ele>74.762</ele><time>2026-10-07T17:09:23Z</time><speed>0.000</speed><sat>27</sat></trkpt>
  <trkpt lat="41.69140688" lon="26.55961135"><ele>74.758</ele><time>2026-10-07T17:09:24Z</time><speed>0.000</speed><sat>28</sat></trkpt>
  <trkpt lat="41.69140689" lon="26.55961133"><ele>74.753</ele><time>2026-10-07T17:09:25Z</time><speed>0.000</speed><sat>28</sat></trkpt>
  <trkpt lat="41.69140690" lon="26.55961130"><ele>74.750</ele><time>2026-10-07T17:09:26Z</time><speed>0.000</speed><sat>29</sat></trkpt>
  <trkpt lat="41.69140691" lon="26.55961129"><ele>74.746</ele><time>2026-10-07T17:09:27Z</time><speed>0.000</speed><sat>29</sat></trkpt>
  <trkpt lat="41.69140692" lon="26.55961129"><ele>74.744</ele><time>2026-10-07T17:09:28Z</time><speed>0.000</speed><sat>28</sat></trkpt>
  <trkpt lat="41.69140692" lon="26.55961128"><ele>74.742</ele><time>2026-10-07T17:09:29Z</time><speed>0.000</speed><sat>28</sat></trkpt>
  <trkpt lat="41.69140692" lon="26.55961127"><ele>74.741</ele><time>2026-10-07T17:09:30Z</time><speed>0.000</speed><sat>27</sat></trkpt>
  <trkpt lat="41.69140691" lon="26.55961127"><ele>74.742</ele><time>2026-10-07T17:09:31Z</time><speed>0.000</speed><sat>28</sat></trkpt>
  <trkpt lat="41.69140691" lon="26.55961126"><ele>74.741</ele><time>2026-10-07T17:09:32Z</time><speed>0.000</speed><sat>27</sat></trkpt>
  <trkpt lat="41.69140690" lon="26.55961126"><ele>74.741</ele><time>2026-10-07T17:09:33Z</time><speed>0.000</speed><sat>27</sat></trkpt>
  <trkpt lat="41.69140689" lon="26.55961125"><ele>74.742</ele><time>2026-10-07T17:09:34Z</time><speed>0.000</speed><sat>27</sat></trkpt>
  <trkpt lat="41.69140688" lon="26.55961124"><ele>74.742</ele><time>2026-10-07T17:09:35Z</time><speed>0.000</speed><sat>27</sat></trkpt>
  <trkpt lat="41.69140688" lon="26.55961122"><ele>74.744</ele><time>2026-10-07T17:09:36Z</time><speed>0.000</speed><sat>25</sat></trkpt>
  <trkpt lat="41.69140687" lon="26.55961120"><ele>74.744</ele><time>2026-10-07T17:09:37Z</time><speed>0.000</speed><sat>25</sat></trkpt>
  <trkpt lat="41.69140687" lon="26.55961118"><ele>74.745</ele><time>2026-10-07T17:09:38Z</time><speed>0.000</speed><sat>25</sat></trkpt>
  <trkpt lat="41.69140761" lon="26.55961014"><ele>75.216</ele><time>2026-10-07T17:09:39Z</time><speed>0.200</speed><sat>26</sat></trkpt>
  <trkpt lat="41.69140814" lon="26.55960964"><ele>75.217</ele><time>2026-10-07T17:09:40Z</time><speed>0.000</speed><sat>24</sat></trkpt>
  <trkpt lat="41.69140827" lon="26.55960993"><ele>75.220</ele><time>2026-10-07T17:09:41Z</time><speed>0.000</speed><sat>25</sat></trkpt>
  <trkpt lat="41.69140834" lon="26.55961007"><ele>75.220</ele><time>2026-10-07T17:09:42Z</time><speed>0.000</speed><sat>25</sat></trkpt>
  <trkpt lat="41.69140839" lon="26.55961012"><ele>75.222</ele><time>2026-10-07T17:09:43Z</time><speed>0.000</speed><sat>25</sat></trkpt>
  <trkpt lat="41.69140976" lon="26.55960896"><ele>75.303</ele><time>2026-10-07T17:09:44Z</time><speed>0.000</speed><sat>25</sat></trkpt>
  <trkpt lat="41.69141050" lon="26.55960827"><ele>75.302</ele><time>2026-10-07T17:09:45Z</time><speed>0.000</speed><sat>25</sat></trkpt>
  <trkpt lat="41.69141088" lon="26.55960791"><ele>75.304</ele><time>2026-10-07T17:09:46Z</time><speed>0.000</speed><sat>25</sat></trkpt>
  <trkpt lat="41.69141109" lon="26.55960773"><ele>75.305</ele><time>2026-10-07T17:09:47Z</time><speed>0.000</speed><sat>25</sat></trkpt>
  <trkpt lat="41.69141119" lon="26.55960762"><ele>75.303</ele><time>2026-10-07T17:09:48Z</time><speed>0.000</speed><sat>26</sat></trkpt>
  <trkpt lat="41.69141126" lon="26.55960755"><ele>75.304</ele><time>2026-10-07T17:09:49Z</time><speed>0.000</speed><sat>26</sat></trkpt>
  <trkpt lat="41.69141130" lon="26.55960750"><ele>75.305</ele><time>2026-10-07T17:09:50Z</time><speed>0.000</speed><sat>25</sat></trkpt>
  <trkpt lat="41.69141133" lon="26.55960746"><ele>75.307</ele><time>2026-10-07T17:09:51Z</time><speed>0.000</speed><sat>26</sat></trkpt>
  <trkpt lat="41.69141136" lon="26.55960742"><ele>75.310</ele><time>2026-10-07T17:09:52Z</time><speed>0.000</speed><sat>27</sat></trkpt>
  <trkpt lat="41.69141138" lon="26.55960739"><ele>75.310</ele><time>2026-10-07T17:09:53Z</time><speed>0.000</speed><sat>26</sat></trkpt>
  <trkpt lat="41.69141140" lon="26.55960737"><ele>75.311</ele><time>2026-10-07T17:09:54Z</time><speed>0.000</speed><sat>26</sat></trkpt>
  <trkpt lat="41.69141141" lon="26.55960735"><ele>75.314</ele><time>2026-10-07T17:09:55Z</time><speed>0.000</speed><sat>27</sat></trkpt>
  <trkpt lat="41.69141141" lon="26.55960736"><ele>75.316</ele><time>2026-10-07T17:09:56Z</time><speed>0.000</speed><sat>27</sat></trkpt>
  <trkpt lat="41.69141142" lon="26.55960735"><ele>75.320</ele><time>2026-10-07T17:09:57Z</time><speed>0.000</speed><sat>27</sat></trkpt>
  <trkpt lat="41.69141142" lon="26.55960736"><ele>75.323</ele><time>2026-10-07T17:09:58Z</time><speed>0.000</speed><sat>26</sat></trkpt>
  <trkpt lat="41.69141143" lon="26.55960736"><ele>75.327</ele><time>2026-10-07T17:09:59Z</time><speed>0.000</speed><sat>25</sat></trkpt>
  <trkpt lat="41.69141143" lon="26.55960737"><ele>75.326</ele><time>2026-10-07T17:10:00Z</time><speed>0.000</speed><sat>25</sat></trkpt>
  <trkpt lat="41.69141040" lon="26.55960876"><ele>74.867</ele><time>2026-10-07T17:10:01Z</time><speed>0.210</speed><sat>27</sat></trkpt>
  <trkpt lat="41.69140976" lon="26.55960964"><ele>74.778</ele><time>2026-10-07T17:10:02Z</time><speed>0.000</speed><sat>30</sat></trkpt>
  <trkpt lat="41.69140974" lon="26.55960957"><ele>74.777</ele><time>2026-10-07T17:10:03Z</time><speed>0.000</speed><sat>30</sat></trkpt>
  <trkpt lat="41.69140976" lon="26.55960952"><ele>74.779</ele><time>2026-10-07T17:10:04Z</time><speed>0.000</speed><sat>30</sat></trkpt>
  <trkpt lat="41.69140977" lon="26.55960951"><ele>74.778</ele><time>2026-10-07T17:10:05Z</time><speed>0.000</speed><sat>30</sat></trkpt>
  <trkpt lat="41.69140979" lon="26.55960950"><ele>74.779</ele><time>2026-10-07T17:10:06Z</time><speed>0.000</speed><sat>30</sat></trkpt>
  <trkpt lat="41.69140981" lon="26.55960948"><ele>74.779</ele><time>2026-10-07T17:10:07Z</time><speed>0.000</speed><sat>30</sat></trkpt>
  <trkpt lat="41.69140983" lon="26.55960948"><ele>74.782</ele><time>2026-10-07T17:10:08Z</time><speed>0.000</speed><sat>27</sat></trkpt>
  <trkpt lat="41.69140985" lon="26.55960947"><ele>74.783</ele><time>2026-10-07T17:10:09Z</time><speed>0.000</speed><sat>27</sat></trkpt>
  <trkpt lat="41.69140986" lon="26.55960949"><ele>74.783</ele><time>2026-10-07T17:10:10Z</time><speed>0.000</speed><sat>26</sat></trkpt>
  <trkpt lat="41.69140987" lon="26.55960951"><ele>74.786</ele><time>2026-10-07T17:10:11Z</time><speed>0.000</speed><sat>26</sat></trkpt>
  <trkpt lat="41.69140986" lon="26.55960954"><ele>74.789</ele><time>2026-10-07T17:10:12Z</time><speed>0.000</speed><sat>26</sat></trkpt>
  <trkpt lat="41.69140986" lon="26.55960956"><ele>74.791</ele><time>2026-10-07T17:10:13Z</time><speed>0.000</speed><sat>26</sat></trkpt>
  <trkpt lat="41.69140985" lon="26.55960959"><ele>74.792</ele><time>2026-10-07T17:10:14Z</time><speed>0.000</speed><sat>26</sat></trkpt>
  <trkpt lat="41.69140984" lon="26.55960963"><ele>74.794</ele><time>2026-10-07T17:10:15Z</time><speed>0.000</speed><sat>26</sat></trkpt>
  <trkpt lat="41.69140983" lon="26.55960965"><ele>74.796</ele><time>2026-10-07T17:10:16Z</time><speed>0.000</speed><sat>26</sat></trkpt>
  <trkpt lat="41.69140982" lon="26.55960968"><ele>74.800</ele><time>2026-10-07T17:10:17Z</time><speed>0.000</speed><sat>27</sat></trkpt>
  <trkpt lat="41.69140981" lon="26.55960972"><ele>74.803</ele><time>2026-10-07T17:10:18Z</time><speed>0.000</speed><sat>28</sat></trkpt>
  <trkpt lat="41.69140981" lon="26.55960975"><ele>74.807</ele><time>2026-10-07T17:10:19Z</time><speed>0.000</speed><sat>28</sat></trkpt>
  <trkpt lat="41.69140980" lon="26.55960979"><ele>74.811</ele><time>2026-10-07T17:10:20Z</time><speed>0.000</speed><sat>28</sat></trkpt>
  <trkpt lat="41.69140980" lon="26.55960982"><ele>74.813</ele><time>2026-10-07T17:10:21Z</time><speed>0.000</speed><sat>28</sat></trkpt>
  <trkpt lat="41.69140979" lon="26.55960984"><ele>74.814</ele><time>2026-10-07T17:10:22Z</time><speed>0.000</speed><sat>28</sat></trkpt>
  <trkpt lat="41.69140978" lon="26.55960987"><ele>74.817</ele><time>2026-10-07T17:10:23Z</time><speed>0.000</speed><sat>28</sat></trkpt>
  <trkpt lat="41.69140977" lon="26.55960991"><ele>74.822</ele><time>2026-10-07T17:10:24Z</time><speed>0.000</speed><sat>27</sat></trkpt>
  <trkpt lat="41.69140977" lon="26.55960997"><ele>74.827</ele><time>2026-10-07T17:10:25Z</time><speed>0.000</speed><sat>28</sat></trkpt>
  <trkpt lat="41.69140977" lon="26.55961002"><ele>74.830</ele><time>2026-10-07T17:10:26Z</time><speed>0.000</speed><sat>28</sat></trkpt>
  <trkpt lat="41.69140977" lon="26.55961007"><ele>74.837</ele><time>2026-10-07T17:10:27Z</time><speed>0.000</speed><sat>28</sat></trkpt>
  <trkpt lat="41.69140976" lon="26.55961012"><ele>74.843</ele><time>2026-10-07T17:10:28Z</time><speed>0.000</speed><sat>28</sat></trkpt>
  <trkpt lat="41.69140974" lon="26.55961017"><ele>74.845</ele><time>2026-10-07T17:10:29Z</time><speed>0.000</speed><sat>28</sat></trkpt>
  <trkpt lat="41.69140972" lon="26.55961021"><ele>74.849</ele><time>2026-10-07T17:10:30Z</time><speed>0.000</speed><sat>28</sat></trkpt>
  <trkpt lat="41.69140971" lon="26.55961023"><ele>74.852</ele><time>2026-10-07T17:10:31Z</time><speed>0.000</speed><sat>30</sat></trkpt>
  <trkpt lat="41.69140995" lon="26.55961122"><ele>75.294</ele><time>2026-10-07T17:10:32Z</time><speed>0.000</speed><sat>30</sat></trkpt>
  <trkpt lat="41.69141014" lon="26.55961203"><ele>75.303</ele><time>2026-10-07T17:10:33Z</time><speed>0.000</speed><sat>30</sat></trkpt>
  <trkpt lat="41.69141019" lon="26.55961229"><ele>75.308</ele><time>2026-10-07T17:10:34Z</time><speed>0.000</speed><sat>29</sat></trkpt>
  <trkpt lat="41.69141021" lon="26.55961242"><ele>75.311</ele><time>2026-10-07T17:10:35Z</time><speed>0.000</speed><sat>29</sat></trkpt>
  <trkpt lat="41.69141018" lon="26.55961248"><ele>75.312</ele><time>2026-10-07T17:10:36Z</time><speed>0.000</speed><sat>29</sat></trkpt>
  <trkpt lat="41.69141015" lon="26.55961250"><ele>75.314</ele><time>2026-10-07T17:10:37Z</time><speed>0.000</speed><sat>28</sat></trkpt>
  <trkpt lat="41.69141012" lon="26.55961250"><ele>75.315</ele><time>2026-10-07T17:10:38Z</time><speed>0.000</speed><sat>28</sat></trkpt>
  <trkpt lat="41.69141010" lon="26.55961249"><ele>75.317</ele><time>2026-10-07T17:10:39Z</time><speed>0.000</speed><sat>28</sat></trkpt>
  <trkpt lat="41.69141007" lon="26.55961246"><ele>75.320</ele><time>2026-10-07T17:10:40Z</time><speed>0.000</speed><sat>28</sat></trkpt>
  <trkpt lat="41.69141004" lon="26.55961244"><ele>75.322</ele><time>2026-10-07T17:10:41Z</time><speed>0.000</speed><sat>28</sat></trkpt>
  <trkpt lat="41.69141000" lon="26.55961240"><ele>75.325</ele><time>2026-10-07T17:10:42Z</time><speed>0.000</speed><sat>28</sat></trkpt>
  <trkpt lat="41.69140997" lon="26.55961236"><ele>75.326</ele><time>2026-10-07T17:10:43Z</time><speed>0.000</speed><sat>27</sat></trkpt>
  <trkpt lat="41.69140993" lon="26.55961232"><ele>75.329</ele><time>2026-10-07T17:10:44Z</time><speed>0.000</speed><sat>27</sat></trkpt>
  <trkpt lat="41.69140989" lon="26.55961228"><ele>75.331</ele><time>2026-10-07T17:10:45Z</time><speed>0.000</speed><sat>28</sat></trkpt>
  <trkpt lat="41.69140986" lon="26.55961224"><ele>75.334</ele><time>2026-10-07T17:10:46Z</time><speed>0.000</speed><sat>28</sat></trkpt>
  <trkpt lat="41.69140983" lon="26.55961220"><ele>75.337</ele><time>2026-10-07T17:10:47Z</time><speed>0.000</speed><sat>28</sat></trkpt>
  <trkpt lat="41.69140980" lon="26.55961217"><ele>75.339</ele><time>2026-10-07T17:10:48Z</time><speed>0.000</speed><sat>28</sat></trkpt>
  <trkpt lat="41.69140978" lon="26.55961215"><ele>75.342</ele><time>2026-10-07T17:10:49Z</time><speed>0.000</speed><sat>28</sat></trkpt>
  <trkpt lat="41.69140975" lon="26.55961213"><ele>75.344</ele><time>2026-10-07T17:10:50Z</time><speed>0.000</speed><sat>28</sat></trkpt>
  <trkpt lat="41.69140973" lon="26.55961213"><ele>75.348</ele><time>2026-10-07T17:10:51Z</time><speed>0.000</speed><sat>27</sat></trkpt>
  <trkpt lat="41.69140972" lon="26.55961212"><ele>75.351</ele><time>2026-10-07T17:10:52Z</time><speed>0.000</speed><sat>27</sat></trkpt>
  <trkpt lat="41.69140971" lon="26.55961213"><ele>75.354</ele><time>2026-10-07T17:10:53Z</time><speed>0.000</speed><sat>27</sat></trkpt>
  <trkpt lat="41.69140969" lon="26.55961215"><ele>75.354</ele><time>2026-10-07T17:10:54Z</time><speed>0.000</speed><sat>27</sat></trkpt>
  <trkpt lat="41.69140968" lon="26.55961218"><ele>75.358</ele><time>2026-10-07T17:10:55Z</time><speed>0.000</speed><sat>27</sat></trkpt>
  <trkpt lat="41.69140966" lon="26.55961220"><ele>75.362</ele><time>2026-10-07T17:10:56Z</time><speed>0.000</speed><sat>26</sat></trkpt>
  <trkpt lat="41.69140964" lon="26.55961222"><ele>75.364</ele><time>2026-10-07T17:10:57Z</time><speed>0.000</speed><sat>27</sat></trkpt>
  <trkpt lat="41.69140963" lon="26.55961223"><ele>75.364</ele><time>2026-10-07T17:10:58Z</time><speed>0.000</speed><sat>27</sat></trkpt>
  <trkpt lat="41.69140962" lon="26.55961224"><ele>75.368</ele><time>2026-10-07T17:10:59Z</time><speed>0.000</speed><sat>27</sat></trkpt>
  <trkpt lat="41.69140961" lon="26.55961225"><ele>75.372</ele><time>2026-10-07T17:11:00Z</time><speed>0.000</speed><sat>27</sat></trkpt>
  <trkpt lat="41.69140960" lon="26.55961227"><ele>75.378</ele><time>2026-10-07T17:11:01Z</time><speed>0.000</speed><sat>27</sat></trkpt>
  <trkpt lat="41.69140959" lon="26.55961228"><ele>75.382</ele><time>2026-10-07T17:11:02Z</time><speed>0.000</speed><sat>27</sat></trkpt>
  <trkpt lat="41.69140957" lon="26.55961227"><ele>75.384</ele><time>2026-10-07T17:11:03Z</time><speed>0.000</speed><sat>27</sat></trkpt>
  <trkpt lat="41.69140957" lon="26.55961226"><ele>75.385</ele><time>2026-10-07T17:11:04Z</time><speed>0.000</speed><sat>28</sat></trkpt>
  <trkpt lat="41.69140955" lon="26.55961224"><ele>75.388</ele><time>2026-10-07T17:11:05Z</time><speed>0.000</speed><sat>28</sat></trkpt>
  <trkpt lat="41.69140954" lon="26.55961221"><ele>75.392</ele><time>2026-10-07T17:11:06Z</time><speed>0.000</speed><sat>28</sat></trkpt>
  <trkpt lat="41.69140952" lon="26.55961220"><ele>75.394</ele><time>2026-10-07T17:11:07Z</time><speed>0.000</speed><sat>28</sat></trkpt>
  <trkpt lat="41.69140951" lon="26.55961219"><ele>75.398</ele><time>2026-10-07T17:11:08Z</time><speed>0.000</speed><sat>28</sat></trkpt>
  <trkpt lat="41.69140951" lon="26.55961217"><ele>75.401</ele><time>2026-10-07T17:11:09Z</time><speed>0.000</speed><sat>29</sat></trkpt>
  <trkpt lat="41.69140950" lon="26.55961218"><ele>75.406</ele><time>2026-10-07T17:11:10Z</time><speed>0.000</speed><sat>29</sat></trkpt>
  <trkpt lat="41.69140976" lon="26.55961268"><ele>75.827</ele><time>2026-10-07T17:11:11Z</time><speed>0.000</speed><sat>29</sat></trkpt>
  <trkpt lat="41.69141001" lon="26.55961296"><ele>75.883</ele><time>2026-10-07T17:11:12Z</time><speed>0.000</speed><sat>29</sat></trkpt>
  <trkpt lat="41.69141013" lon="26.55961308"><ele>75.884</ele><time>2026-10-07T17:11:13Z</time><speed>0.000</speed><sat>29</sat></trkpt>
  <trkpt lat="41.69141019" lon="26.55961314"><ele>75.885</ele><time>2026-10-07T17:11:14Z</time><speed>0.000</speed><sat>29</sat></trkpt>
  <trkpt lat="41.69141021" lon="26.55961315"><ele>75.888</ele><time>2026-10-07T17:11:15Z</time><speed>0.000</speed><sat>29</sat></trkpt>
  <trkpt lat="41.69140819" lon="26.55961304"><ele>75.487</ele><time>2026-10-07T17:11:16Z</time><speed>0.240</speed><sat>27</sat></trkpt>
  <trkpt lat="41.69140681" lon="26.55961276"><ele>75.415</ele><time>2026-10-07T17:11:17Z</time><speed>0.000</speed><sat>28</sat></trkpt>
  <trkpt lat="41.69140246" lon="26.55961252"><ele>75.291</ele><time>2026-10-07T17:11:18Z</time><speed>0.650</speed><sat>28</sat></trkpt>
  <trkpt lat="41.69139972" lon="26.55961234"><ele>75.280</ele><time>2026-10-07T17:11:19Z</time><speed>0.000</speed><sat>28</sat></trkpt>
  <trkpt lat="41.69139934" lon="26.55961167"><ele>74.907</ele><time>2026-10-07T17:11:20Z</time><speed>0.000</speed><sat>28</sat></trkpt>
  <trkpt lat="41.69139927" lon="26.55961092"><ele>74.826</ele><time>2026-10-07T17:11:21Z</time><speed>0.000</speed><sat>27</sat></trkpt>
  <trkpt lat="41.69139945" lon="26.55961061"><ele>74.829</ele><time>2026-10-07T17:11:22Z</time><speed>0.000</speed><sat>27</sat></trkpt>
  <trkpt lat="41.69139956" lon="26.55961044"><ele>74.833</ele><time>2026-10-07T17:11:23Z</time><speed>0.000</speed><sat>27</sat></trkpt>
  <trkpt lat="41.69139862" lon="26.55961125"><ele>75.155</ele><time>2026-10-07T17:11:24Z</time><speed>0.160</speed><sat>27</sat></trkpt>
  <trkpt lat="41.69139802" lon="26.55961192"><ele>75.201</ele><time>2026-10-07T17:11:25Z</time><speed>0.000</speed><sat>27</sat></trkpt>
  <trkpt lat="41.69139809" lon="26.55961223"><ele>75.204</ele><time>2026-10-07T17:11:26Z</time><speed>0.000</speed><sat>25</sat></trkpt>
  <trkpt lat="41.69139813" lon="26.55961238"><ele>75.204</ele><time>2026-10-07T17:11:27Z</time><speed>0.000</speed><sat>25</sat></trkpt>
  <trkpt lat="41.69139814" lon="26.55961244"><ele>75.205</ele><time>2026-10-07T17:11:28Z</time><speed>0.000</speed><sat>24</sat></trkpt>
  <trkpt lat="41.69139815" lon="26.55961247"><ele>75.207</ele><time>2026-10-07T17:11:29Z</time><speed>0.000</speed><sat>25</sat></trkpt>
  <trkpt lat="41.69139816" lon="26.55961247"><ele>75.208</ele><time>2026-10-07T17:11:30Z</time><speed>0.000</speed><sat>25</sat></trkpt>
  <trkpt lat="41.69139815" lon="26.55961245"><ele>75.208</ele><time>2026-10-07T17:11:31Z</time><speed>0.000</speed><sat>25</sat></trkpt>
  <trkpt lat="41.69139816" lon="26.55961243"><ele>75.207</ele><time>2026-10-07T17:11:32Z</time><speed>0.000</speed><sat>26</sat></trkpt>
  <trkpt lat="41.69139817" lon="26.55961242"><ele>75.208</ele><time>2026-10-07T17:11:33Z</time><speed>0.000</speed><sat>26</sat></trkpt>
  <trkpt lat="41.69139818" lon="26.55961241"><ele>75.208</ele><time>2026-10-07T17:11:34Z</time><speed>0.000</speed><sat>26</sat></trkpt>
  <trkpt lat="41.69139819" lon="26.55961239"><ele>75.209</ele><time>2026-10-07T17:11:35Z</time><speed>0.000</speed><sat>26</sat></trkpt>
  <trkpt lat="41.69139819" lon="26.55961236"><ele>75.213</ele><time>2026-10-07T17:11:36Z</time><speed>0.000</speed><sat>26</sat></trkpt>
  <trkpt lat="41.69139820" lon="26.55961232"><ele>75.214</ele><time>2026-10-07T17:11:37Z</time><speed>0.000</speed><sat>26</sat></trkpt>
  <trkpt lat="41.69139718" lon="26.55961262"><ele>75.730</ele><time>2026-10-07T17:11:38Z</time><speed>0.160</speed><sat>26</sat></trkpt>
  <trkpt lat="41.69139807" lon="26.55961414"><ele>76.359</ele><time>2026-10-07T17:11:39Z</time><speed>0.330</speed><sat>27</sat></trkpt>
  <trkpt lat="41.69139940" lon="26.55961449"><ele>76.365</ele><time>2026-10-07T17:11:40Z</time><speed>0.000</speed><sat>27</sat></trkpt>
  <trkpt lat="41.69139960" lon="26.55961388"><ele>76.370</ele><time>2026-10-07T17:11:41Z</time><speed>0.000</speed><sat>27</sat></trkpt>
  <trkpt lat="41.69139970" lon="26.55961355"><ele>76.371</ele><time>2026-10-07T17:11:42Z</time><speed>0.000</speed><sat>27</sat></trkpt>
  <trkpt lat="41.69139974" lon="26.55961337"><ele>76.375</ele><time>2026-10-07T17:11:43Z</time><speed>0.000</speed><sat>26</sat></trkpt>
  <trkpt lat="41.69139975" lon="26.55961325"><ele>76.383</ele><time>2026-10-07T17:11:44Z</time><speed>0.000</speed><sat>27</sat></trkpt>
  <trkpt lat="41.69139974" lon="26.55961317"><ele>76.390</ele><time>2026-10-07T17:11:45Z</time><speed>0.000</speed><sat>27</sat></trkpt>
  <trkpt lat="41.69139973" lon="26.55961315"><ele>76.394</ele><time>2026-10-07T17:11:46Z</time><speed>0.000</speed><sat>28</sat></trkpt>
  <trkpt lat="41.69139972" lon="26.55961314"><ele>76.398</ele><time>2026-10-07T17:11:47Z</time><speed>0.000</speed><sat>28</sat></trkpt>
  <trkpt lat="41.69139971" lon="26.55961313"><ele>76.402</ele><time>2026-10-07T17:11:48Z</time><speed>0.000</speed><sat>27</sat></trkpt>
  <trkpt lat="41.69139983" lon="26.55961213"><ele>76.246</ele><time>2026-10-07T17:11:49Z</time><speed>0.000</speed><sat>27</sat></trkpt>
  <trkpt lat="41.69139876" lon="26.55960991"><ele>75.869</ele><time>2026-10-07T17:11:50Z</time><speed>0.370</speed><sat>27</sat></trkpt>
  <trkpt lat="41.69139500" lon="26.55961026"><ele>76.175</ele><time>2026-10-07T17:11:51Z</time><speed>0.450</speed><sat>27</sat></trkpt>
  <trkpt lat="41.69139382" lon="26.55961493"><ele>76.537</ele><time>2026-10-07T17:11:52Z</time><speed>0.000</speed><sat>27</sat></trkpt>
  <trkpt lat="41.69139427" lon="26.55961736"><ele>76.543</ele><time>2026-10-07T17:11:53Z</time><speed>0.000</speed><sat>26</sat></trkpt>
  <trkpt lat="41.69139449" lon="26.55961856"><ele>76.549</ele><time>2026-10-07T17:11:54Z</time><speed>0.000</speed><sat>26</sat></trkpt>
  <trkpt lat="41.69139462" lon="26.55961915"><ele>76.556</ele><time>2026-10-07T17:11:55Z</time><speed>0.000</speed><sat>25</sat></trkpt>
  <trkpt lat="41.69139468" lon="26.55961946"><ele>76.558</ele><time>2026-10-07T17:11:56Z</time><speed>0.000</speed><sat>25</sat></trkpt>
  <trkpt lat="41.69139472" lon="26.55961961"><ele>76.563</ele><time>2026-10-07T17:11:57Z</time><speed>0.000</speed><sat>25</sat></trkpt>
  <trkpt lat="41.69139475" lon="26.55961969"><ele>76.568</ele><time>2026-10-07T17:11:58Z</time><speed>0.000</speed><sat>25</sat></trkpt>
  <trkpt lat="41.69139477" lon="26.55961970"><ele>76.574</ele><time>2026-10-07T17:11:59Z</time><speed>0.000</speed><sat>25</sat></trkpt>
  <trkpt lat="41.69139479" lon="26.55961969"><ele>76.575</ele><time>2026-10-07T17:12:00Z</time><speed>0.000</speed><sat>25</sat></trkpt>
  <trkpt lat="41.69139479" lon="26.55961968"><ele>76.578</ele><time>2026-10-07T17:12:01Z</time><speed>0.000</speed><sat>25</sat></trkpt>
  <trkpt lat="41.69139479" lon="26.55961965"><ele>76.580</ele><time>2026-10-07T17:12:02Z</time><speed>0.000</speed><sat>24</sat></trkpt>
  <trkpt lat="41.69139480" lon="26.55961962"><ele>76.580</ele><time>2026-10-07T17:12:03Z</time><speed>0.000</speed><sat>23</sat></trkpt>
  <trkpt lat="41.69139481" lon="26.55961958"><ele>76.583</ele><time>2026-10-07T17:12:04Z</time><speed>0.000</speed><sat>23</sat></trkpt>
  <trkpt lat="41.69139484" lon="26.55961953"><ele>76.585</ele><time>2026-10-07T17:12:05Z</time><speed>0.000</speed><sat>23</sat></trkpt>
  <trkpt lat="41.69139486" lon="26.55961947"><ele>76.586</ele><time>2026-10-07T17:12:06Z</time><speed>0.000</speed><sat>24</sat></trkpt>
  <trkpt lat="41.69139489" lon="26.55961943"><ele>76.587</ele><time>2026-10-07T17:12:07Z</time><speed>0.000</speed><sat>24</sat></trkpt>
  <trkpt lat="41.69139511" lon="26.55961898"><ele>76.916</ele><time>2026-10-07T17:12:08Z</time><speed>0.160</speed><sat>24</sat></trkpt>
  <trkpt lat="41.69139567" lon="26.55961932"><ele>77.348</ele><time>2026-10-07T17:12:09Z</time><speed>0.280</speed><sat>27</sat></trkpt>
  <trkpt lat="41.69139743" lon="26.55961770"><ele>77.384</ele><time>2026-10-07T17:12:10Z</time><speed>0.000</speed><sat>27</sat></trkpt>
  <trkpt lat="41.69139815" lon="26.55961749"><ele>77.632</ele><time>2026-10-07T17:12:11Z</time><speed>0.000</speed><sat>27</sat></trkpt>
  <trkpt lat="41.69139862" lon="26.55961715"><ele>77.640</ele><time>2026-10-07T17:12:12Z</time><speed>0.000</speed><sat>27</sat></trkpt>
  <trkpt lat="41.69140052" lon="26.55961797"><ele>78.106</ele><time>2026-10-07T17:12:13Z</time><speed>0.170</speed><sat>27</sat></trkpt>
  <trkpt lat="41.69140198" lon="26.55961854"><ele>78.197</ele><time>2026-10-07T17:12:14Z</time><speed>0.000</speed><sat>27</sat></trkpt>
  <trkpt lat="41.69140232" lon="26.55961862"><ele>78.198</ele><time>2026-10-07T17:12:15Z</time><speed>0.000</speed><sat>28</sat></trkpt>
  <trkpt lat="41.69140248" lon="26.55961865"><ele>78.203</ele><time>2026-10-07T17:12:16Z</time><speed>0.000</speed><sat>28</sat></trkpt>
  <trkpt lat="41.69140273" lon="26.55961934"><ele>78.277</ele><time>2026-10-07T17:12:17Z</time><speed>0.000</speed><sat>28</sat></trkpt>
  <trkpt lat="41.69140288" lon="26.55961991"><ele>78.280</ele><time>2026-10-07T17:12:18Z</time><speed>0.000</speed><sat>28</sat></trkpt>
  <trkpt lat="41.69140286" lon="26.55962008"><ele>78.285</ele><time>2026-10-07T17:12:19Z</time><speed>0.000</speed><sat>27</sat></trkpt>
  <trkpt lat="41.69140284" lon="26.55962016"><ele>78.286</ele><time>2026-10-07T17:12:20Z</time><speed>0.000</speed><sat>25</sat></trkpt>
  <trkpt lat="41.69140283" lon="26.55962019"><ele>78.286</ele><time>2026-10-07T17:12:21Z</time><speed>0.000</speed><sat>25</sat></trkpt>
  <trkpt lat="41.69140281" lon="26.55962018"><ele>78.287</ele><time>2026-10-07T17:12:22Z</time><speed>0.000</speed><sat>25</sat></trkpt>
  <trkpt lat="41.69140279" lon="26.55962017"><ele>78.284</ele><time>2026-10-07T17:12:23Z</time><speed>0.000</speed><sat>26</sat></trkpt>
  <trkpt lat="41.69140278" lon="26.55962014"><ele>78.287</ele><time>2026-10-07T17:12:24Z</time><speed>0.000</speed><sat>25</sat></trkpt>
  <trkpt lat="41.69140277" lon="26.55962013"><ele>78.289</ele><time>2026-10-07T17:12:25Z</time><speed>0.000</speed><sat>25</sat></trkpt>
  <trkpt lat="41.69140277" lon="26.55962011"><ele>78.290</ele><time>2026-10-07T17:12:26Z</time><speed>0.000</speed><sat>25</sat></trkpt>
  <trkpt lat="41.69140278" lon="26.55962011"><ele>78.287</ele><time>2026-10-07T17:12:27Z</time><speed>0.000</speed><sat>25</sat></trkpt>
  <trkpt lat="41.69140279" lon="26.55962009"><ele>78.283</ele><time>2026-10-07T17:12:28Z</time><speed>0.000</speed><sat>25</sat></trkpt>
  <trkpt lat="41.69140281" lon="26.55962009"><ele>78.282</ele><time>2026-10-07T17:12:29Z</time><speed>0.000</speed><sat>26</sat></trkpt>
  <trkpt lat="41.69140282" lon="26.55962008"><ele>78.282</ele><time>2026-10-07T17:12:30Z</time><speed>0.000</speed><sat>26</sat></trkpt>
  <trkpt lat="41.69140284" lon="26.55962006"><ele>78.279</ele><time>2026-10-07T17:12:31Z</time><speed>0.000</speed><sat>26</sat></trkpt>
  <trkpt lat="41.69140286" lon="26.55962006"><ele>78.277</ele><time>2026-10-07T17:12:32Z</time><speed>0.000</speed><sat>26</sat></trkpt>
  <trkpt lat="41.69140402" lon="26.55962077"><ele>78.418</ele><time>2026-10-07T17:12:33Z</time><speed>0.000</speed><sat>26</sat></trkpt>
  <trkpt lat="41.69140503" lon="26.55962127"><ele>78.424</ele><time>2026-10-07T17:12:34Z</time><speed>0.000</speed><sat>26</sat></trkpt>
  <trkpt lat="41.69140537" lon="26.55962132"><ele>78.422</ele><time>2026-10-07T17:12:35Z</time><speed>0.000</speed><sat>27</sat></trkpt>
  <trkpt lat="41.69140556" lon="26.55962136"><ele>78.423</ele><time>2026-10-07T17:12:36Z</time><speed>0.000</speed><sat>26</sat></trkpt>
  <trkpt lat="41.69140567" lon="26.55962140"><ele>78.423</ele><time>2026-10-07T17:12:37Z</time><speed>0.000</speed><sat>26</sat></trkpt>
  <trkpt lat="41.69140573" lon="26.55962142"><ele>78.422</ele><time>2026-10-07T17:12:38Z</time><speed>0.000</speed><sat>26</sat></trkpt>
  <trkpt lat="41.69140579" lon="26.55962143"><ele>78.423</ele><time>2026-10-07T17:12:39Z</time><speed>0.000</speed><sat>26</sat></trkpt>
  <trkpt lat="41.69140583" lon="26.55962145"><ele>78.422</ele><time>2026-10-07T17:12:40Z</time><speed>0.000</speed><sat>26</sat></trkpt>
  <trkpt lat="41.69140586" lon="26.55962146"><ele>78.420</ele><time>2026-10-07T17:12:41Z</time><speed>0.000</speed><sat>26</sat></trkpt>
  <trkpt lat="41.69140589" lon="26.55962148"><ele>78.418</ele><time>2026-10-07T17:12:42Z</time><speed>0.000</speed><sat>27</sat></trkpt>
  <trkpt lat="41.69140593" lon="26.55962150"><ele>78.418</ele><time>2026-10-07T17:12:43Z</time><speed>0.000</speed><sat>27</sat></trkpt>
  <trkpt lat="41.69140594" lon="26.55962151"><ele>78.417</ele><time>2026-10-07T17:12:44Z</time><speed>0.000</speed><sat>27</sat></trkpt>
  <trkpt lat="41.69140597" lon="26.55962152"><ele>78.416</ele><time>2026-10-07T17:12:45Z</time><speed>0.000</speed><sat>27</sat></trkpt>
  <trkpt lat="41.69140599" lon="26.55962153"><ele>78.417</ele><time>2026-10-07T17:12:46Z</time><speed>0.000</speed><sat>27</sat></trkpt>
  <trkpt lat="41.69140601" lon="26.55962154"><ele>78.419</ele><time>2026-10-07T17:12:47Z</time><speed>0.000</speed><sat>27</sat></trkpt>
  <trkpt lat="41.69140603" lon="26.55962155"><ele>78.421</ele><time>2026-10-07T17:12:48Z</time><speed>0.000</speed><sat>27</sat></trkpt>
  <trkpt lat="41.69140604" lon="26.55962156"><ele>78.421</ele><time>2026-10-07T17:12:49Z</time><speed>0.000</speed><sat>27</sat></trkpt>
  <trkpt lat="41.69140606" lon="26.55962156"><ele>78.420</ele><time>2026-10-07T17:12:50Z</time><speed>0.000</speed><sat>28</sat></trkpt>
  <trkpt lat="41.69140610" lon="26.55962156"><ele>78.419</ele><time>2026-10-07T17:12:51Z</time><speed>0.000</speed><sat>28</sat></trkpt>
  <trkpt lat="41.69140614" lon="26.55962156"><ele>78.417</ele><time>2026-10-07T17:12:52Z</time><speed>0.000</speed><sat>28</sat></trkpt>
  <trkpt lat="41.69140617" lon="26.55962155"><ele>78.413</ele><time>2026-10-07T17:12:53Z</time><speed>0.000</speed><sat>27</sat></trkpt>
  <trkpt lat="41.69140619" lon="26.55962154"><ele>78.413</ele><time>2026-10-07T17:12:54Z</time><speed>0.000</speed><sat>27</sat></trkpt>
  <trkpt lat="41.69140621" lon="26.55962153"><ele>78.410</ele><time>2026-10-07T17:12:55Z</time><speed>0.000</speed><sat>27</sat></trkpt>
  <trkpt lat="41.69140623" lon="26.55962153"><ele>78.410</ele><time>2026-10-07T17:12:56Z</time><speed>0.000</speed><sat>26</sat></trkpt>
  <trkpt lat="41.69140623" lon="26.55962152"><ele>78.411</ele><time>2026-10-07T17:12:57Z</time><speed>0.000</speed><sat>26</sat></trkpt>
  <trkpt lat="41.69140624" lon="26.55962151"><ele>78.412</ele><time>2026-10-07T17:12:58Z</time><speed>0.000</speed><sat>26</sat></trkpt>
  <trkpt lat="41.69140624" lon="26.55962150"><ele>78.412</ele><time>2026-10-07T17:12:59Z</time><speed>0.000</speed><sat>26</sat></trkpt>
  <trkpt lat="41.69140627" lon="26.55962147"><ele>78.412</ele><time>2026-10-07T17:13:00Z</time><speed>0.000</speed><sat>26</sat></trkpt>
  <trkpt lat="41.69140628" lon="26.55962145"><ele>78.409</ele><time>2026-10-07T17:13:01Z</time><speed>0.000</speed><sat>27</sat></trkpt>
  <trkpt lat="41.69140629" lon="26.55962144"><ele>78.407</ele><time>2026-10-07T17:13:02Z</time><speed>0.000</speed><sat>27</sat></trkpt>
  <trkpt lat="41.69140628" lon="26.55962144"><ele>78.403</ele><time>2026-10-07T17:13:03Z</time><speed>0.000</speed><sat>27</sat></trkpt>
  <trkpt lat="41.69140627" lon="26.55962145"><ele>78.402</ele><time>2026-10-07T17:13:04Z</time><speed>0.000</speed><sat>26</sat></trkpt>
  <trkpt lat="41.69140611" lon="26.55962184"><ele>78.320</ele><time>2026-10-07T17:13:05Z</time><speed>0.000</speed><sat>26</sat></trkpt>
  <trkpt lat="41.69140615" lon="26.55962227"><ele>78.374</ele><time>2026-10-07T17:13:06Z</time><speed>0.000</speed><sat>26</sat></trkpt>
  <trkpt lat="41.69140617" lon="26.55962249"><ele>78.372</ele><time>2026-10-07T17:13:07Z</time><speed>0.000</speed><sat>26</sat></trkpt>
  <trkpt lat="41.69140617" lon="26.55962260"><ele>78.370</ele><time>2026-10-07T17:13:08Z</time><speed>0.000</speed><sat>26</sat></trkpt>
  <trkpt lat="41.69140543" lon="26.55962128"><ele>77.849</ele><time>2026-10-07T17:13:09Z</time><speed>0.200</speed><sat>26</sat></trkpt>
  <trkpt lat="41.69140503" lon="26.55962042"><ele>77.777</ele><time>2026-10-07T17:13:10Z</time><speed>0.000</speed><sat>26</sat></trkpt>
  <trkpt lat="41.69140545" lon="26.55962025"><ele>77.396</ele><time>2026-10-07T17:13:11Z</time><speed>0.000</speed><sat>26</sat></trkpt>
  <trkpt lat="41.69140643" lon="26.55962133"><ele>77.081</ele><time>2026-10-07T17:13:12Z</time><speed>0.000</speed><sat>27</sat></trkpt>
  <trkpt lat="41.69140788" lon="26.55962668"><ele>76.916</ele><time>2026-10-07T17:13:13Z</time><speed>0.480</speed><sat>28</sat></trkpt>
  <trkpt lat="41.69141095" lon="26.55963343"><ele>76.844</ele><time>2026-10-07T17:13:14Z</time><speed>0.000</speed><sat>28</sat></trkpt>
  <trkpt lat="41.69141231" lon="26.55963531"><ele>76.820</ele><time>2026-10-07T17:13:15Z</time><speed>0.000</speed><sat>28</sat></trkpt>
  <trkpt lat="41.69141300" lon="26.55963624"><ele>76.817</ele><time>2026-10-07T17:13:16Z</time><speed>0.000</speed><sat>28</sat></trkpt>
  <trkpt lat="41.69141334" lon="26.55963667"><ele>76.815</ele><time>2026-10-07T17:13:17Z</time><speed>0.000</speed><sat>28</sat></trkpt>
  <trkpt lat="41.69141352" lon="26.55963689"><ele>76.812</ele><time>2026-10-07T17:13:18Z</time><speed>0.000</speed><sat>29</sat></trkpt>
  <trkpt lat="41.69141360" lon="26.55963657"><ele>77.004</ele><time>2026-10-07T17:13:19Z</time><speed>0.000</speed><sat>29</sat></trkpt>
  <trkpt lat="41.69141366" lon="26.55963604"><ele>77.001</ele><time>2026-10-07T17:13:20Z</time><speed>0.000</speed><sat>29</sat></trkpt>
  <trkpt lat="41.69141367" lon="26.55963556"><ele>77.002</ele><time>2026-10-07T17:13:21Z</time><speed>0.000</speed><sat>28</sat></trkpt>
  <trkpt lat="41.69141369" lon="26.55963532"><ele>77.002</ele><time>2026-10-07T17:13:22Z</time><speed>0.000</speed><sat>28</sat></trkpt>
  <trkpt lat="41.69141372" lon="26.55963601"><ele>76.965</ele><time>2026-10-07T17:13:23Z</time><speed>0.000</speed><sat>28</sat></trkpt>
  <trkpt lat="41.69141373" lon="26.55963653"><ele>76.969</ele><time>2026-10-07T17:13:24Z</time><speed>0.000</speed><sat>28</sat></trkpt>
  <trkpt lat="41.69141372" lon="26.55963663"><ele>76.969</ele><time>2026-10-07T17:13:25Z</time><speed>0.000</speed><sat>27</sat></trkpt>
  <trkpt lat="41.69141372" lon="26.55963669"><ele>76.967</ele><time>2026-10-07T17:13:26Z</time><speed>0.000</speed><sat>26</sat></trkpt>
  <trkpt lat="41.69141372" lon="26.55963672"><ele>76.966</ele><time>2026-10-07T17:13:27Z</time><speed>0.000</speed><sat>26</sat></trkpt>
  <trkpt lat="41.69141548" lon="26.55963637"><ele>77.251</ele><time>2026-10-07T17:13:28Z</time><speed>0.290</speed><sat>27</sat></trkpt>
  <trkpt lat="41.69141653" lon="26.55963595"><ele>77.246</ele><time>2026-10-07T17:13:29Z</time><speed>0.000</speed><sat>27</sat></trkpt>
  <trkpt lat="41.69141641" lon="26.55963571"><ele>77.244</ele><time>2026-10-07T17:13:30Z</time><speed>0.000</speed><sat>27</sat></trkpt>
  <trkpt lat="41.69141636" lon="26.55963557"><ele>77.244</ele><time>2026-10-07T17:13:31Z</time><speed>0.000</speed><sat>27</sat></trkpt>
  <trkpt lat="41.69141634" lon="26.55963549"><ele>77.244</ele><time>2026-10-07T17:13:32Z</time><speed>0.000</speed><sat>27</sat></trkpt>
  <trkpt lat="41.69141634" lon="26.55963546"><ele>77.243</ele><time>2026-10-07T17:13:33Z</time><speed>0.000</speed><sat>26</sat></trkpt>
  <trkpt lat="41.69141381" lon="26.55963362"><ele>76.857</ele><time>2026-10-07T17:13:34Z</time><speed>0.440</speed><sat>25</sat></trkpt>
  <trkpt lat="41.69141141" lon="26.55963357"><ele>75.493</ele><time>2026-10-07T17:13:35Z</time><speed>0.290</speed><sat>25</sat></trkpt>
  <trkpt lat="41.69140531" lon="26.55963335"><ele>74.670</ele><time>2026-10-07T17:13:36Z</time><speed>1.030</speed><sat>24</sat></trkpt>
  <trkpt lat="41.69140317" lon="26.55963024"><ele>74.820</ele><time>2026-10-07T17:13:37Z</time><speed>0.000</speed><sat>24</sat></trkpt>
  <trkpt lat="41.69140444" lon="26.55962850"><ele>74.820</ele><time>2026-10-07T17:13:38Z</time><speed>0.000</speed><sat>23</sat></trkpt>
  <trkpt lat="41.69140508" lon="26.55962762"><ele>74.820</ele><time>2026-10-07T17:13:39Z</time><speed>0.000</speed><sat>24</sat></trkpt>
  <trkpt lat="41.69140541" lon="26.55962717"><ele>74.821</ele><time>2026-10-07T17:13:40Z</time><speed>0.000</speed><sat>24</sat></trkpt>
  <trkpt lat="41.69140557" lon="26.55962694"><ele>74.819</ele><time>2026-10-07T17:13:41Z</time><speed>0.000</speed><sat>23</sat></trkpt>
  <trkpt lat="41.69140564" lon="26.55962680"><ele>74.821</ele><time>2026-10-07T17:13:42Z</time><speed>0.000</speed><sat>22</sat></trkpt>
  <trkpt lat="41.69140568" lon="26.55962673"><ele>74.820</ele><time>2026-10-07T17:13:43Z</time><speed>0.000</speed><sat>24</sat></trkpt>
  <trkpt lat="41.69140569" lon="26.55962667"><ele>74.825</ele><time>2026-10-07T17:13:44Z</time><speed>0.000</speed><sat>24</sat></trkpt>
  <trkpt lat="41.69140570" lon="26.55962659"><ele>74.830</ele><time>2026-10-07T17:13:45Z</time><speed>0.000</speed><sat>25</sat></trkpt>
  <trkpt lat="41.69140570" lon="26.55962653"><ele>74.834</ele><time>2026-10-07T17:13:46Z</time><speed>0.000</speed><sat>25</sat></trkpt>
  <trkpt lat="41.69140650" lon="26.55962696"><ele>74.991</ele><time>2026-10-07T17:13:47Z</time><speed>0.000</speed><sat>27</sat></trkpt>
  <trkpt lat="41.69140693" lon="26.55962745"><ele>75.002</ele><time>2026-10-07T17:13:48Z</time><speed>0.000</speed><sat>27</sat></trkpt>
  <trkpt lat="41.69140713" lon="26.55962770"><ele>75.005</ele><time>2026-10-07T17:13:49Z</time><speed>0.000</speed><sat>28</sat></trkpt>
  <trkpt lat="41.69140723" lon="26.55962783"><ele>75.008</ele><time>2026-10-07T17:13:50Z</time><speed>0.000</speed><sat>28</sat></trkpt>
  <trkpt lat="41.69140726" lon="26.55962789"><ele>75.009</ele><time>2026-10-07T17:13:51Z</time><speed>0.000</speed><sat>28</sat></trkpt>
  <trkpt lat="41.69140727" lon="26.55962793"><ele>75.014</ele><time>2026-10-07T17:13:52Z</time><speed>0.000</speed><sat>28</sat></trkpt>
  <trkpt lat="41.69140728" lon="26.55962795"><ele>75.018</ele><time>2026-10-07T17:13:53Z</time><speed>0.000</speed><sat>27</sat></trkpt>
  <trkpt lat="41.69140728" lon="26.55962796"><ele>75.018</ele><time>2026-10-07T17:13:54Z</time><speed>0.000</speed><sat>26</sat></trkpt>
  <trkpt lat="41.69140727" lon="26.55962796"><ele>75.020</ele><time>2026-10-07T17:13:55Z</time><speed>0.000</speed><sat>26</sat></trkpt>
  <trkpt lat="41.69140726" lon="26.55962797"><ele>75.023</ele><time>2026-10-07T17:13:56Z</time><speed>0.000</speed><sat>27</sat></trkpt>
  <trkpt lat="41.69140725" lon="26.55962796"><ele>75.023</ele><time>2026-10-07T17:13:57Z</time><speed>0.000</speed><sat>26</sat></trkpt>
  <trkpt lat="41.69140723" lon="26.55962793"><ele>75.024</ele><time>2026-10-07T17:13:58Z</time><speed>0.000</speed><sat>27</sat></trkpt>
  <trkpt lat="41.69140722" lon="26.55962791"><ele>75.026</ele><time>2026-10-07T17:13:59Z</time><speed>0.000</speed><sat>27</sat></trkpt>
  <trkpt lat="41.69140721" lon="26.55962789"><ele>75.027</ele><time>2026-10-07T17:14:00Z</time><speed>0.000</speed><sat>27</sat></trkpt>
  <trkpt lat="41.69140720" lon="26.55962788"><ele>75.028</ele><time>2026-10-07T17:14:01Z</time><speed>0.000</speed><sat>27</sat></trkpt>
  <trkpt lat="41.69140720" lon="26.55962786"><ele>75.028</ele><time>2026-10-07T17:14:02Z</time><speed>0.000</speed><sat>27</sat></trkpt>
  <trkpt lat="41.69140720" lon="26.55962783"><ele>75.027</ele><time>2026-10-07T17:14:03Z</time><speed>0.000</speed><sat>27</sat></trkpt>
  <trkpt lat="41.69140720" lon="26.55962781"><ele>75.027</ele><time>2026-10-07T17:14:04Z</time><speed>0.000</speed><sat>25</sat></trkpt>
  <trkpt lat="41.69140721" lon="26.55962780"><ele>75.028</ele><time>2026-10-07T17:14:05Z</time><speed>0.000</speed><sat>26</sat></trkpt>
  <trkpt lat="41.69140721" lon="26.55962780"><ele>75.029</ele><time>2026-10-07T17:14:06Z</time><speed>0.000</speed><sat>26</sat></trkpt>
  <trkpt lat="41.69140722" lon="26.55962779"><ele>75.030</ele><time>2026-10-07T17:14:07Z</time><speed>0.000</speed><sat>27</sat></trkpt>
  <trkpt lat="41.69140722" lon="26.55962778"><ele>75.032</ele><time>2026-10-07T17:14:08Z</time><speed>0.000</speed><sat>27</sat></trkpt>
  <trkpt lat="41.69140722" lon="26.55962778"><ele>75.033</ele><time>2026-10-07T17:14:09Z</time><speed>0.000</speed><sat>27</sat></trkpt>
  <trkpt lat="41.69140723" lon="26.55962778"><ele>75.033</ele><time>2026-10-07T17:14:10Z</time><speed>0.000</speed><sat>27</sat></trkpt>
  <trkpt lat="41.69140723" lon="26.55962778"><ele>75.032</ele><time>2026-10-07T17:14:11Z</time><speed>0.000</speed><sat>27</sat></trkpt>
  <trkpt lat="41.69140723" lon="26.55962778"><ele>75.030</ele><time>2026-10-07T17:14:12Z</time><speed>0.000</speed><sat>27</sat></trkpt>
  <trkpt lat="41.69140722" lon="26.55962778"><ele>75.030</ele><time>2026-10-07T17:14:13Z</time><speed>0.000</speed><sat>26</sat></trkpt>
  <trkpt lat="41.69140721" lon="26.55962778"><ele>75.029</ele><time>2026-10-07T17:14:14Z</time><speed>0.000</speed><sat>27</sat></trkpt>
  <trkpt lat="41.69140721" lon="26.55962778"><ele>75.028</ele><time>2026-10-07T17:14:15Z</time><speed>0.000</speed><sat>28</sat></trkpt>
  <trkpt lat="41.69140720" lon="26.55962778"><ele>75.027</ele><time>2026-10-07T17:14:16Z</time><speed>0.000</speed><sat>28</sat></trkpt>
  <trkpt lat="41.69140720" lon="26.55962777"><ele>75.027</ele><time>2026-10-07T17:14:17Z</time><speed>0.000</speed><sat>27</sat></trkpt>
  <trkpt lat="41.69140719" lon="26.55962777"><ele>75.028</ele><time>2026-10-07T17:14:18Z</time><speed>0.000</speed><sat>27</sat></trkpt>
  <trkpt lat="41.69140719" lon="26.55962777"><ele>75.028</ele><time>2026-10-07T17:14:19Z</time><speed>0.000</speed><sat>27</sat></trkpt>
  <trkpt lat="41.69140720" lon="26.55962776"><ele>75.028</ele><time>2026-10-07T17:14:20Z</time><speed>0.000</speed><sat>28</sat></trkpt>
  <trkpt lat="41.69140721" lon="26.55962776"><ele>75.027</ele><time>2026-10-07T17:14:21Z</time><speed>0.000</speed><sat>28</sat></trkpt>
  <trkpt lat="41.69140534" lon="26.55962768"><ele>74.505</ele><time>2026-10-07T17:14:22Z</time><speed>0.340</speed><sat>28</sat></trkpt>
  <trkpt lat="41.69139912" lon="26.55962575"><ele>74.471</ele><time>2026-10-07T17:14:23Z</time><speed>0.750</speed><sat>26</sat></trkpt>
  <trkpt lat="41.69139619" lon="26.55962210"><ele>74.823</ele><time>2026-10-07T17:14:24Z</time><speed>0.390</speed><sat>27</sat></trkpt>
  <trkpt lat="41.69139878" lon="26.55961607"><ele>74.686</ele><time>2026-10-07T17:14:25Z</time><speed>0.000</speed><sat>27</sat></trkpt>
  <trkpt lat="41.69140094" lon="26.55961320"><ele>74.688</ele><time>2026-10-07T17:14:26Z</time><speed>0.000</speed><sat>27</sat></trkpt>
  <trkpt lat="41.69140202" lon="26.55961176"><ele>74.692</ele><time>2026-10-07T17:14:27Z</time><speed>0.000</speed><sat>27</sat></trkpt>
  <trkpt lat="41.69140255" lon="26.55961102"><ele>74.693</ele><time>2026-10-07T17:14:28Z</time><speed>0.000</speed><sat>27</sat></trkpt>
  <trkpt lat="41.69140065" lon="26.55960903"><ele>74.286</ele><time>2026-10-07T17:14:29Z</time><speed>0.370</speed><sat>27</sat></trkpt>
  <trkpt lat="41.69139965" lon="26.55960729"><ele>74.284</ele><time>2026-10-07T17:14:30Z</time><speed>0.000</speed><sat>26</sat></trkpt>
  <trkpt lat="41.69139995" lon="26.55960668"><ele>74.288</ele><time>2026-10-07T17:14:31Z</time><speed>0.000</speed><sat>26</sat></trkpt>
  <trkpt lat="41.69139742" lon="26.55960396"><ele>73.848</ele><time>2026-10-07T17:14:32Z</time><speed>0.410</speed><sat>26</sat></trkpt>
  <trkpt lat="41.69139584" lon="26.55960173"><ele>73.844</ele><time>2026-10-07T17:14:33Z</time><speed>0.000</speed><sat>26</sat></trkpt>
  <trkpt lat="41.69139589" lon="26.55960109"><ele>73.844</ele><time>2026-10-07T17:14:34Z</time><speed>0.000</speed><sat>25</sat></trkpt>
  <trkpt lat="41.69139590" lon="26.55960073"><ele>73.844</ele><time>2026-10-07T17:14:35Z</time><speed>0.000</speed><sat>24</sat></trkpt>
  <trkpt lat="41.69139209" lon="26.55959874"><ele>73.087</ele><time>2026-10-07T17:14:36Z</time><speed>0.640</speed><sat>24</sat></trkpt>
  <trkpt lat="41.69138724" lon="26.55959670"><ele>72.418</ele><time>2026-10-07T17:14:37Z</time><speed>0.440</speed><sat>24</sat></trkpt>
  <trkpt lat="41.69138182" lon="26.55959592"><ele>71.735</ele><time>2026-10-07T17:14:38Z</time><speed>0.680</speed><sat>22</sat></trkpt>
  <trkpt lat="41.69137985" lon="26.55959719"><ele>71.666</ele><time>2026-10-07T17:14:39Z</time><speed>0.000</speed><sat>25</sat></trkpt>
  <trkpt lat="41.69138038" lon="26.55959633"><ele>71.722</ele><time>2026-10-07T17:14:40Z</time><speed>0.000</speed><sat>26</sat></trkpt>
  <trkpt lat="41.69138114" lon="26.55959556"><ele>71.734</ele><time>2026-10-07T17:14:41Z</time><speed>0.000</speed><sat>26</sat></trkpt>
  <trkpt lat="41.69137975" lon="26.55959641"><ele>71.981</ele><time>2026-10-07T17:14:42Z</time><speed>0.000</speed><sat>27</sat></trkpt>
  <trkpt lat="41.69137860" lon="26.55959727"><ele>72.047</ele><time>2026-10-07T17:14:43Z</time><speed>0.000</speed><sat>27</sat></trkpt>
  <trkpt lat="41.69137884" lon="26.55959911"><ele>72.319</ele><time>2026-10-07T17:14:44Z</time><speed>0.000</speed><sat>27</sat></trkpt>
  <trkpt lat="41.69137880" lon="26.55960068"><ele>72.313</ele><time>2026-10-07T17:14:45Z</time><speed>0.000</speed><sat>27</sat></trkpt>
  <trkpt lat="41.69137856" lon="26.55960121"><ele>72.311</ele><time>2026-10-07T17:14:46Z</time><speed>0.000</speed><sat>28</sat></trkpt>
  <trkpt lat="41.69137843" lon="26.55960151"><ele>72.309</ele><time>2026-10-07T17:14:47Z</time><speed>0.000</speed><sat>28</sat></trkpt>
  <trkpt lat="41.69137722" lon="26.55960269"><ele>72.506</ele><time>2026-10-07T17:14:48Z</time><speed>0.000</speed><sat>29</sat></trkpt>
  <trkpt lat="41.69137608" lon="26.55960366"><ele>72.510</ele><time>2026-10-07T17:14:49Z</time><speed>0.000</speed><sat>29</sat></trkpt>
  <trkpt lat="41.69137665" lon="26.55960466"><ele>72.179</ele><time>2026-10-07T17:14:50Z</time><speed>0.000</speed><sat>29</sat></trkpt>
  <trkpt lat="41.69137614" lon="26.55960514"><ele>71.831</ele><time>2026-10-07T17:14:51Z</time><speed>0.000</speed><sat>30</sat></trkpt>
  <trkpt lat="41.69137625" lon="26.55960600"><ele>71.851</ele><time>2026-10-07T17:14:52Z</time><speed>0.000</speed><sat>30</sat></trkpt>
  <trkpt lat="41.69137676" lon="26.55960380"><ele>71.270</ele><time>2026-10-07T17:14:53Z</time><speed>0.370</speed><sat>30</sat></trkpt>
  <trkpt lat="41.69137753" lon="26.55960276"><ele>71.214</ele><time>2026-10-07T17:14:54Z</time><speed>0.000</speed><sat>30</sat></trkpt>
  <trkpt lat="41.69137813" lon="26.55960333"><ele>71.215</ele><time>2026-10-07T17:14:55Z</time><speed>0.000</speed><sat>29</sat></trkpt>
  <trkpt lat="41.69137847" lon="26.55960358"><ele>71.216</ele><time>2026-10-07T17:14:56Z</time><speed>0.000</speed><sat>26</sat></trkpt>
  <trkpt lat="41.69137873" lon="26.55960367"><ele>71.221</ele><time>2026-10-07T17:14:57Z</time><speed>0.000</speed><sat>26</sat></trkpt>
  <trkpt lat="41.69137896" lon="26.55960369"><ele>71.224</ele><time>2026-10-07T17:14:58Z</time><speed>0.000</speed><sat>26</sat></trkpt>
  <trkpt lat="41.69137915" lon="26.55960368"><ele>71.224</ele><time>2026-10-07T17:14:59Z</time><speed>0.000</speed><sat>26</sat></trkpt>
  <trkpt lat="41.69137933" lon="26.55960365"><ele>71.225</ele><time>2026-10-07T17:15:00Z</time><speed>0.000</speed><sat>27</sat></trkpt>
  <trkpt lat="41.69137948" lon="26.55960362"><ele>71.226</ele><time>2026-10-07T17:15:01Z</time><speed>0.000</speed><sat>27</sat></trkpt>
  <trkpt lat="41.69137965" lon="26.55960360"><ele>71.225</ele><time>2026-10-07T17:15:02Z</time><speed>0.000</speed><sat>27</sat></trkpt>
  <trkpt lat="41.69137977" lon="26.55960357"><ele>71.224</ele><time>2026-10-07T17:15:03Z</time><speed>0.000</speed><sat>27</sat></trkpt>
  <trkpt lat="41.69138044" lon="26.55960266"><ele>71.243</ele><time>2026-10-07T17:15:04Z</time><speed>0.000</speed><sat>27</sat></trkpt>
  <trkpt lat="41.69138125" lon="26.55960186"><ele>71.256</ele><time>2026-10-07T17:15:05Z</time><speed>0.000</speed><sat>28</sat></trkpt>
  <trkpt lat="41.69138172" lon="26.55960156"><ele>71.256</ele><time>2026-10-07T17:15:06Z</time><speed>0.000</speed><sat>28</sat></trkpt>
  <trkpt lat="41.69138195" lon="26.55960140"><ele>71.254</ele><time>2026-10-07T17:15:07Z</time><speed>0.000</speed><sat>28</sat></trkpt>
  <trkpt lat="41.69138209" lon="26.55960131"><ele>71.252</ele><time>2026-10-07T17:15:08Z</time><speed>0.000</speed><sat>28</sat></trkpt>
  <trkpt lat="41.69138218" lon="26.55960125"><ele>71.247</ele><time>2026-10-07T17:15:09Z</time><speed>0.000</speed><sat>28</sat></trkpt>
  <trkpt lat="41.69138221" lon="26.55960123"><ele>71.245</ele><time>2026-10-07T17:15:10Z</time><speed>0.000</speed><sat>28</sat></trkpt>
  <trkpt lat="41.69138221" lon="26.55960123"><ele>71.242</ele><time>2026-10-07T17:15:11Z</time><speed>0.000</speed><sat>28</sat></trkpt>
  <trkpt lat="41.69138221" lon="26.55960122"><ele>71.240</ele><time>2026-10-07T17:15:12Z</time><speed>0.000</speed><sat>28</sat></trkpt>
  <trkpt lat="41.69138222" lon="26.55960122"><ele>71.236</ele><time>2026-10-07T17:15:13Z</time><speed>0.000</speed><sat>28</sat></trkpt>
  <trkpt lat="41.69138223" lon="26.55960122"><ele>71.237</ele><time>2026-10-07T17:15:14Z</time><speed>0.000</speed><sat>28</sat></trkpt>
  <trkpt lat="41.69138224" lon="26.55960120"><ele>71.235</ele><time>2026-10-07T17:15:15Z</time><speed>0.000</speed><sat>28</sat></trkpt>
  <trkpt lat="41.69138224" lon="26.55960120"><ele>71.236</ele><time>2026-10-07T17:15:16Z</time><speed>0.000</speed><sat>28</sat></trkpt>
  <trkpt lat="41.69138077" lon="26.55959811"><ele>70.870</ele><time>2026-10-07T17:15:17Z</time><speed>0.340</speed><sat>28</sat></trkpt>
  <trkpt lat="41.69137676" lon="26.55959023"><ele>70.163</ele><time>2026-10-07T17:15:18Z</time><speed>0.840</speed><sat>28</sat></trkpt>
  <trkpt lat="41.69137572" lon="26.55958693"><ele>70.291</ele><time>2026-10-07T17:15:19Z</time><speed>0.000</speed><sat>27</sat></trkpt>
  <trkpt lat="41.69137653" lon="26.55958710"><ele>70.298</ele><time>2026-10-07T17:15:20Z</time><speed>0.000</speed><sat>27</sat></trkpt>
  <trkpt lat="41.69137695" lon="26.55958718"><ele>70.300</ele><time>2026-10-07T17:15:21Z</time><speed>0.000</speed><sat>27</sat></trkpt>
  <trkpt lat="41.69137716" lon="26.55958723"><ele>70.301</ele><time>2026-10-07T17:15:22Z</time><speed>0.000</speed><sat>27</sat></trkpt>
  <trkpt lat="41.69137727" lon="26.55958730"><ele>70.300</ele><time>2026-10-07T17:15:23Z</time><speed>0.000</speed><sat>26</sat></trkpt>
  <trkpt lat="41.69137695" lon="26.55958870"><ele>70.359</ele><time>2026-10-07T17:15:24Z</time><speed>0.000</speed><sat>26</sat></trkpt>
  <trkpt lat="41.69137677" lon="26.55959032"><ele>70.354</ele><time>2026-10-07T17:15:25Z</time><speed>0.000</speed><sat>27</sat></trkpt>
  <trkpt lat="41.69137660" lon="26.55959203"><ele>70.713</ele><time>2026-10-07T17:15:26Z</time><speed>0.000</speed><sat>27</sat></trkpt>
  <trkpt lat="41.69137648" lon="26.55959391"><ele>70.713</ele><time>2026-10-07T17:15:27Z</time><speed>0.000</speed><sat>27</sat></trkpt>
  <trkpt lat="41.69137646" lon="26.55959503"><ele>70.715</ele><time>2026-10-07T17:15:28Z</time><speed>0.000</speed><sat>26</sat></trkpt>
  <trkpt lat="41.69137645" lon="26.55959561"><ele>70.718</ele><time>2026-10-07T17:15:29Z</time><speed>0.000</speed><sat>27</sat></trkpt>
  <trkpt lat="41.69137643" lon="26.55959594"><ele>70.720</ele><time>2026-10-07T17:15:30Z</time><speed>0.000</speed><sat>27</sat></trkpt>
  <trkpt lat="41.69137640" lon="26.55959614"><ele>70.720</ele><time>2026-10-07T17:15:31Z</time><speed>0.000</speed><sat>27</sat></trkpt>
  <trkpt lat="41.69137635" lon="26.55959628"><ele>70.720</ele><time>2026-10-07T17:15:32Z</time><speed>0.000</speed><sat>27</sat></trkpt>
  <trkpt lat="41.69137633" lon="26.55959638"><ele>70.722</ele><time>2026-10-07T17:15:33Z</time><speed>0.000</speed><sat>27</sat></trkpt>
  <trkpt lat="41.69137630" lon="26.55959645"><ele>70.723</ele><time>2026-10-07T17:15:34Z</time><speed>0.000</speed><sat>27</sat></trkpt>
  <trkpt lat="41.69137628" lon="26.55959650"><ele>70.722</ele><time>2026-10-07T17:15:35Z</time><speed>0.000</speed><sat>27</sat></trkpt>
  <trkpt lat="41.69137626" lon="26.55959653"><ele>70.726</ele><time>2026-10-07T17:15:36Z</time><speed>0.000</speed><sat>27</sat></trkpt>
  <trkpt lat="41.69137661" lon="26.55959783"><ele>70.758</ele><time>2026-10-07T17:15:37Z</time><speed>0.000</speed><sat>27</sat></trkpt>
  <trkpt lat="41.69137690" lon="26.55959907"><ele>70.765</ele><time>2026-10-07T17:15:38Z</time><speed>0.000</speed><sat>27</sat></trkpt>
  <trkpt lat="41.69137697" lon="26.55959965"><ele>70.762</ele><time>2026-10-07T17:15:39Z</time><speed>0.000</speed><sat>28</sat></trkpt>
  <trkpt lat="41.69137702" lon="26.55959995"><ele>70.763</ele><time>2026-10-07T17:15:40Z</time><speed>0.000</speed><sat>28</sat></trkpt>
  <trkpt lat="41.69137777" lon="26.55960190"><ele>70.523</ele><time>2026-10-07T17:15:41Z</time><speed>0.180</speed><sat>29</sat></trkpt>
  <trkpt lat="41.69137818" lon="26.55960349"><ele>70.525</ele><time>2026-10-07T17:15:42Z</time><speed>0.000</speed><sat>30</sat></trkpt>
  <trkpt lat="41.69137808" lon="26.55960393"><ele>70.527</ele><time>2026-10-07T17:15:43Z</time><speed>0.000</speed><sat>30</sat></trkpt>
  <trkpt lat="41.69138128" lon="26.55960587"><ele>70.813</ele><time>2026-10-07T17:15:44Z</time><speed>0.490</speed><sat>29</sat></trkpt>
  <trkpt lat="41.69138342" lon="26.55960717"><ele>70.846</ele><time>2026-10-07T17:15:45Z</time><speed>0.000</speed><sat>29</sat></trkpt>
  <trkpt lat="41.69138350" lon="26.55960720"><ele>70.846</ele><time>2026-10-07T17:15:46Z</time><speed>0.000</speed><sat>28</sat></trkpt>
  <trkpt lat="41.69138509" lon="26.55960858"><ele>71.196</ele><time>2026-10-07T17:15:47Z</time><speed>0.220</speed><sat>29</sat></trkpt>
  <trkpt lat="41.69138848" lon="26.55961066"><ele>71.249</ele><time>2026-10-07T17:15:48Z</time><speed>0.370</speed><sat>28</sat></trkpt>
  <trkpt lat="41.69139152" lon="26.55961360"><ele>72.139</ele><time>2026-10-07T17:15:49Z</time><speed>0.410</speed><sat>28</sat></trkpt>
  <trkpt lat="41.69139055" lon="26.55961605"><ele>71.942</ele><time>2026-10-07T17:15:50Z</time><speed>0.000</speed><sat>28</sat></trkpt>
  <trkpt lat="41.69138912" lon="26.55961678"><ele>71.911</ele><time>2026-10-07T17:15:51Z</time><speed>0.000</speed><sat>27</sat></trkpt>
  <trkpt lat="41.69138837" lon="26.55961716"><ele>71.909</ele><time>2026-10-07T17:15:52Z</time><speed>0.000</speed><sat>26</sat></trkpt>
  <trkpt lat="41.69138799" lon="26.55961736"><ele>71.910</ele><time>2026-10-07T17:15:53Z</time><speed>0.000</speed><sat>26</sat></trkpt>
  <trkpt lat="41.69138780" lon="26.55961746"><ele>71.911</ele><time>2026-10-07T17:15:54Z</time><speed>0.000</speed><sat>25</sat></trkpt>
  <trkpt lat="41.69138769" lon="26.55961752"><ele>71.914</ele><time>2026-10-07T17:15:55Z</time><speed>0.000</speed><sat>25</sat></trkpt>
  <trkpt lat="41.69138761" lon="26.55961755"><ele>71.921</ele><time>2026-10-07T17:15:56Z</time><speed>0.000</speed><sat>26</sat></trkpt>
  <trkpt lat="41.69138653" lon="26.55961975"><ele>71.893</ele><time>2026-10-07T17:15:57Z</time><speed>0.370</speed><sat>27</sat></trkpt>
  <trkpt lat="41.69138937" lon="26.55962396"><ele>72.556</ele><time>2026-10-07T17:15:58Z</time><speed>0.460</speed><sat>26</sat></trkpt>
  <trkpt lat="41.69138937" lon="26.55962564"><ele>72.373</ele><time>2026-10-07T17:15:59Z</time><speed>0.000</speed><sat>26</sat></trkpt>
  <trkpt lat="41.69139171" lon="26.55962844"><ele>72.956</ele><time>2026-10-07T17:16:00Z</time><speed>0.550</speed><sat>27</sat></trkpt>
  <trkpt lat="41.69139277" lon="26.55963060"><ele>72.962</ele><time>2026-10-07T17:16:01Z</time><speed>0.000</speed><sat>26</sat></trkpt>
  <trkpt lat="41.69139215" lon="26.55963104"><ele>72.965</ele><time>2026-10-07T17:16:02Z</time><speed>0.000</speed><sat>25</sat></trkpt>
  <trkpt lat="41.69139269" lon="26.55963057"><ele>72.445</ele><time>2026-10-07T17:16:03Z</time><speed>0.280</speed><sat>25</sat></trkpt>
  <trkpt lat="41.69139419" lon="26.55962926"><ele>71.751</ele><time>2026-10-07T17:16:04Z</time><speed>0.000</speed><sat>26</sat></trkpt>
  <trkpt lat="41.69139831" lon="26.55962944"><ele>71.947</ele><time>2026-10-07T17:16:05Z</time><speed>0.420</speed><sat>25</sat></trkpt>
  <trkpt lat="41.69140577" lon="26.55963382"><ele>72.577</ele><time>2026-10-07T17:16:06Z</time><speed>0.910</speed><sat>25</sat></trkpt>
  <trkpt lat="41.69141486" lon="26.55963562"><ele>73.372</ele><time>2026-10-07T17:16:07Z</time><speed>0.940</speed><sat>25</sat></trkpt>
  <trkpt lat="41.69141693" lon="26.55963107"><ele>73.134</ele><time>2026-10-07T17:16:08Z</time><speed>0.000</speed><sat>26</sat></trkpt>
  <trkpt lat="41.69141595" lon="26.55962800"><ele>73.137</ele><time>2026-10-07T17:16:09Z</time><speed>0.000</speed><sat>25</sat></trkpt>
  <trkpt lat="41.69141549" lon="26.55962648"><ele>73.138</ele><time>2026-10-07T17:16:10Z</time><speed>0.000</speed><sat>25</sat></trkpt>
  <trkpt lat="41.69141529" lon="26.55962573"><ele>73.140</ele><time>2026-10-07T17:16:11Z</time><speed>0.000</speed><sat>25</sat></trkpt>
  <trkpt lat="41.69141523" lon="26.55962536"><ele>73.140</ele><time>2026-10-07T17:16:12Z</time><speed>0.000</speed><sat>25</sat></trkpt>
  <trkpt lat="41.69141521" lon="26.55962520"><ele>73.142</ele><time>2026-10-07T17:16:13Z</time><speed>0.000</speed><sat>24</sat></trkpt>
  <trkpt lat="41.69141521" lon="26.55962513"><ele>73.143</ele><time>2026-10-07T17:16:14Z</time><speed>0.000</speed><sat>24</sat></trkpt>
  <trkpt lat="41.69141522" lon="26.55962511"><ele>73.144</ele><time>2026-10-07T17:16:15Z</time><speed>0.000</speed><sat>26</sat></trkpt>
  <trkpt lat="41.69141525" lon="26.55962506"><ele>73.144</ele><time>2026-10-07T17:16:16Z</time><speed>0.000</speed><sat>26</sat></trkpt>
  <trkpt lat="41.69141526" lon="26.55962505"><ele>73.142</ele><time>2026-10-07T17:16:17Z</time><speed>0.000</speed><sat>27</sat></trkpt>
  <trkpt lat="41.69141526" lon="26.55962504"><ele>73.145</ele><time>2026-10-07T17:16:18Z</time><speed>0.000</speed><sat>27</sat></trkpt>
  <trkpt lat="41.69141528" lon="26.55962503"><ele>73.149</ele><time>2026-10-07T17:16:19Z</time><speed>0.000</speed><sat>28</sat></trkpt>
  <trkpt lat="41.69141530" lon="26.55962503"><ele>73.152</ele><time>2026-10-07T17:16:20Z</time><speed>0.000</speed><sat>28</sat></trkpt>
  <trkpt lat="41.69141536" lon="26.55962502"><ele>73.156</ele><time>2026-10-07T17:16:21Z</time><speed>0.000</speed><sat>29</sat></trkpt>
  <trkpt lat="41.69141539" lon="26.55962504"><ele>73.160</ele><time>2026-10-07T17:16:22Z</time><speed>0.000</speed><sat>28</sat></trkpt>
  <trkpt lat="41.69141540" lon="26.55962507"><ele>73.162</ele><time>2026-10-07T17:16:23Z</time><speed>0.000</speed><sat>27</sat></trkpt>
  <trkpt lat="41.69141603" lon="26.55962469"><ele>73.307</ele><time>2026-10-07T17:16:24Z</time><speed>0.440</speed><sat>26</sat></trkpt>
  <trkpt lat="41.69141575" lon="26.55962400"><ele>73.301</ele><time>2026-10-07T17:16:25Z</time><speed>0.000</speed><sat>25</sat></trkpt>
  <trkpt lat="41.69141756" lon="26.55962336"><ele>73.296</ele><time>2026-10-07T17:16:26Z</time><speed>0.230</speed><sat>25</sat></trkpt>
  <trkpt lat="41.69142229" lon="26.55962143"><ele>74.442</ele><time>2026-10-07T17:16:27Z</time><speed>0.470</speed><sat>24</sat></trkpt>
  <trkpt lat="41.69142374" lon="26.55961921"><ele>73.782</ele><time>2026-10-07T17:16:28Z</time><speed>0.240</speed><sat>24</sat></trkpt>
  <trkpt lat="41.69142151" lon="26.55961665"><ele>73.853</ele><time>2026-10-07T17:16:29Z</time><speed>0.000</speed><sat>25</sat></trkpt>
  <trkpt lat="41.69141703" lon="26.55961403"><ele>73.753</ele><time>2026-10-07T17:16:30Z</time><speed>0.440</speed><sat>25</sat></trkpt>
  <trkpt lat="41.69141097" lon="26.55961055"><ele>73.244</ele><time>2026-10-07T17:16:31Z</time><speed>0.610</speed><sat>25</sat></trkpt>
  <trkpt lat="41.69140321" lon="26.55961046"><ele>73.598</ele><time>2026-10-07T17:16:32Z</time><speed>0.750</speed><sat>25</sat></trkpt>
  <trkpt lat="41.69140018" lon="26.55961344"><ele>74.324</ele><time>2026-10-07T17:16:33Z</time><speed>0.000</speed><sat>26</sat></trkpt>
  <trkpt lat="41.69140030" lon="26.55961533"><ele>74.337</ele><time>2026-10-07T17:16:34Z</time><speed>0.000</speed><sat>25</sat></trkpt>
  <trkpt lat="41.69140029" lon="26.55961627"><ele>74.343</ele><time>2026-10-07T17:16:35Z</time><speed>0.000</speed><sat>25</sat></trkpt>
  <trkpt lat="41.69140027" lon="26.55961669"><ele>74.350</ele><time>2026-10-07T17:16:36Z</time><speed>0.000</speed><sat>23</sat></trkpt>
  <trkpt lat="41.69139907" lon="26.55961533"><ele>74.200</ele><time>2026-10-07T17:16:37Z</time><speed>0.210</speed><sat>23</sat></trkpt>
  <trkpt lat="41.69139468" lon="26.55961276"><ele>74.266</ele><time>2026-10-07T17:16:38Z</time><speed>0.440</speed><sat>23</sat></trkpt>
  <trkpt lat="41.69139099" lon="26.55960808"><ele>74.800</ele><time>2026-10-07T17:16:39Z</time><speed>0.600</speed><sat>23</sat></trkpt>
  <trkpt lat="41.69139115" lon="26.55960537"><ele>74.867</ele><time>2026-10-07T17:16:40Z</time><speed>0.000</speed><sat>24</sat></trkpt>
  <trkpt lat="41.69139221" lon="26.55960533"><ele>74.876</ele><time>2026-10-07T17:16:41Z</time><speed>0.000</speed><sat>24</sat></trkpt>
  <trkpt lat="41.69139277" lon="26.55960531"><ele>74.877</ele><time>2026-10-07T17:16:42Z</time><speed>0.000</speed><sat>24</sat></trkpt>
  <trkpt lat="41.69139306" lon="26.55960529"><ele>74.880</ele><time>2026-10-07T17:16:43Z</time><speed>0.000</speed><sat>24</sat></trkpt>
  <trkpt lat="41.69139321" lon="26.55960530"><ele>74.882</ele><time>2026-10-07T17:16:44Z</time><speed>0.000</speed><sat>24</sat></trkpt>
  <trkpt lat="41.69139436" lon="26.55960586"><ele>75.319</ele><time>2026-10-07T17:16:45Z</time><speed>0.220</speed><sat>24</sat></trkpt>
  <trkpt lat="41.69139529" lon="26.55960564"><ele>75.775</ele><time>2026-10-07T17:16:46Z</time><speed>0.260</speed><sat>24</sat></trkpt>
  <trkpt lat="41.69139835" lon="26.55960660"><ele>76.810</ele><time>2026-10-07T17:16:47Z</time><speed>0.400</speed><sat>24</sat></trkpt>
 </trkseg>
</trk>

</gpx>
 