<?xml version="1.0" encoding="UTF-8"?>
<!-- Created with BasicAirData GPS Logger for Android - ver. 3.3.0 -->
<!-- Track 65 = 1130 TrackPoints + 0 Placemarks -->

<!-- Track Statistics (based on Total Time | Time in Movement): -->
<!--  Distance = 18.9 km -->
<!--  Duration = 18:49 | 14:57 -->
<!--  Altitude Gap = -30 m -->
<!--  Max Speed = 111 km/h -->
<!--  Avg Speed = 60.5 | 76.2 km/h -->
<!--  Direction = NW -->
<!--  Activity = car -->
<!--  Altitudes = Raw -->

<gpx version="1.0"
     creator="BasicAirData GPS Logger 3.3.0"
     xmlns="http://www.topografix.com/GPX/1/0"
     xmlns:xsi="http://www.w3.org/2001/XMLSchema-instance"
     xsi:schemaLocation="http://www.topografix.com/GPX/1/0 http://www.topografix.com/GPX/1/0/gpx.xsd">
<name>GPS Logger 20260929-093310</name>
<time>2026-10-03T09:09:41Z</time>
<keywords>car</keywords>
<bounds minlat="38.94748357" minlon="33.40553716" maxlat="39.08214074" maxlon="33.53268503" />

<trk>
 <name>Track 20260929-093310</name>
 <trkseg>
  <trkpt lat="38.94748357" lon="33.53268503"><ele>985.235</ele><time>2026-09-29T06:33:10Z</time><speed>18.020</speed><sat>33</sat></trkpt>
  <trkpt lat="38.94760883" lon="33.53255496"><ele>986.485</ele><time>2026-09-29T06:33:11Z</time><speed>18.060</speed><sat>33</sat></trkpt>
  <trkpt lat="38.94772200" lon="33.53242564"><ele>987.593</ele><time>2026-09-29T06:33:12Z</time><speed>17.270</speed><sat>33</sat></trkpt>
  <trkpt lat="38.94784579" lon="33.53231655"><ele>986.930</ele><time>2026-09-29T06:33:13Z</time><speed>16.710</speed><sat>33</sat></trkpt>
  <trkpt lat="38.94796980" lon="33.53217629"><ele>987.421</ele><time>2026-09-29T06:33:14Z</time><speed>18.030</speed><sat>33</sat></trkpt>
  <trkpt lat="38.94809232" lon="33.53204956"><ele>987.189</ele><time>2026-09-29T06:33:15Z</time><speed>17.420</speed><sat>33</sat></trkpt>
  <trkpt lat="38.94821631" lon="33.53191957"><ele>987.527</ele><time>2026-09-29T06:33:16Z</time><speed>17.640</speed><sat>32</sat></trkpt>
  <trkpt lat="38.94834024" lon="33.53178840"><ele>987.464</ele><time>2026-09-29T06:33:17Z</time><speed>17.940</speed><sat>32</sat></trkpt>
  <trkpt lat="38.94847111" lon="33.53165612"><ele>987.398</ele><time>2026-09-29T06:33:18Z</time><speed>18.180</speed><sat>31</sat></trkpt>
  <trkpt lat="38.94859890" lon="33.53152419"><ele>987.198</ele><time>2026-09-29T06:33:19Z</time><speed>18.260</speed><sat>31</sat></trkpt>
  <trkpt lat="38.94872459" lon="33.53140629"><ele>986.698</ele><time>2026-09-29T06:33:20Z</time><speed>17.180</speed><sat>31</sat></trkpt>
  <trkpt lat="38.94885852" lon="33.53127441"><ele>986.753</ele><time>2026-09-29T06:33:21Z</time><speed>18.310</speed><sat>31</sat></trkpt>
  <trkpt lat="38.94899552" lon="33.53112698"><ele>988.384</ele><time>2026-09-29T06:33:22Z</time><speed>18.500</speed><sat>31</sat></trkpt>
  <trkpt lat="38.94912840" lon="33.53100344"><ele>988.168</ele><time>2026-09-29T06:33:23Z</time><speed>18.290</speed><sat>31</sat></trkpt>
  <trkpt lat="38.94926403" lon="33.53087580"><ele>988.072</ele><time>2026-09-29T06:33:24Z</time><speed>18.810</speed><sat>31</sat></trkpt>
  <trkpt lat="38.94940205" lon="33.53075177"><ele>987.885</ele><time>2026-09-29T06:33:25Z</time><speed>18.930</speed><sat>32</sat></trkpt>
  <trkpt lat="38.94954105" lon="33.53062809"><ele>987.698</ele><time>2026-09-29T06:33:26Z</time><speed>18.670</speed><sat>33</sat></trkpt>
  <trkpt lat="38.94967656" lon="33.53050403"><ele>987.866</ele><time>2026-09-29T06:33:27Z</time><speed>18.420</speed><sat>32</sat></trkpt>
  <trkpt lat="38.94981126" lon="33.53038386"><ele>987.744</ele><time>2026-09-29T06:33:28Z</time><speed>18.370</speed><sat>34</sat></trkpt>
  <trkpt lat="38.94994625" lon="33.53026042"><ele>987.582</ele><time>2026-09-29T06:33:29Z</time><speed>18.630</speed><sat>34</sat></trkpt>
  <trkpt lat="38.95008530" lon="33.53014012"><ele>987.604</ele><time>2026-09-29T06:33:30Z</time><speed>18.640</speed><sat>34</sat></trkpt>
  <trkpt lat="38.95022628" lon="33.53002075"><ele>987.580</ele><time>2026-09-29T06:33:31Z</time><speed>18.760</speed><sat>34</sat></trkpt>
  <trkpt lat="38.95036964" lon="33.52990113"><ele>987.506</ele><time>2026-09-29T06:33:32Z</time><speed>19.090</speed><sat>34</sat></trkpt>
  <trkpt lat="38.95051139" lon="33.52978300"><ele>987.385</ele><time>2026-09-29T06:33:33Z</time><speed>18.750</speed><sat>34</sat></trkpt>
  <trkpt lat="38.95065633" lon="33.52966458"><ele>987.383</ele><time>2026-09-29T06:33:34Z</time><speed>19.190</speed><sat>32</sat></trkpt>
  <trkpt lat="38.95080180" lon="33.52954632"><ele>987.758</ele><time>2026-09-29T06:33:35Z</time><speed>19.220</speed><sat>31</sat></trkpt>
  <trkpt lat="38.95094745" lon="33.52943360"><ele>987.669</ele><time>2026-09-29T06:33:36Z</time><speed>18.870</speed><sat>31</sat></trkpt>
  <trkpt lat="38.95109398" lon="33.52932088"><ele>987.737</ele><time>2026-09-29T06:33:37Z</time><speed>19.020</speed><sat>32</sat></trkpt>
  <trkpt lat="38.95124104" lon="33.52920911"><ele>987.815</ele><time>2026-09-29T06:33:38Z</time><speed>18.950</speed><sat>32</sat></trkpt>
  <trkpt lat="38.95138864" lon="33.52909669"><ele>987.812</ele><time>2026-09-29T06:33:39Z</time><speed>18.930</speed><sat>31</sat></trkpt>
  <trkpt lat="38.95153713" lon="33.52898568"><ele>987.588</ele><time>2026-09-29T06:33:40Z</time><speed>18.960</speed><sat>31</sat></trkpt>
  <trkpt lat="38.95168444" lon="33.52887435"><ele>987.854</ele><time>2026-09-29T06:33:41Z</time><speed>19.060</speed><sat>31</sat></trkpt>
  <trkpt lat="38.95183519" lon="33.52876051"><ele>987.547</ele><time>2026-09-29T06:33:42Z</time><speed>19.600</speed><sat>31</sat></trkpt>
  <trkpt lat="38.95198539" lon="33.52863824"><ele>987.088</ele><time>2026-09-29T06:33:43Z</time><speed>19.530</speed><sat>31</sat></trkpt>
  <trkpt lat="38.95214453" lon="33.52850890"><ele>986.682</ele><time>2026-09-29T06:33:44Z</time><speed>20.530</speed><sat>31</sat></trkpt>
  <trkpt lat="38.95229841" lon="33.52838959"><ele>986.163</ele><time>2026-09-29T06:33:45Z</time><speed>19.950</speed><sat>31</sat></trkpt>
  <trkpt lat="38.95245497" lon="33.52827149"><ele>986.018</ele><time>2026-09-29T06:33:46Z</time><speed>19.930</speed><sat>33</sat></trkpt>
  <trkpt lat="38.95261815" lon="33.52815118"><ele>986.167</ele><time>2026-09-29T06:33:47Z</time><speed>20.260</speed><sat>34</sat></trkpt>
  <trkpt lat="38.95277421" lon="33.52802979"><ele>985.974</ele><time>2026-09-29T06:33:48Z</time><speed>20.320</speed><sat>34</sat></trkpt>
  <trkpt lat="38.95292434" lon="33.52790674"><ele>985.097</ele><time>2026-09-29T06:33:49Z</time><speed>19.910</speed><sat>34</sat></trkpt>
  <trkpt lat="38.95307591" lon="33.52779582"><ele>985.919</ele><time>2026-09-29T06:33:50Z</time><speed>19.490</speed><sat>34</sat></trkpt>
  <trkpt lat="38.95322863" lon="33.52768866"><ele>985.985</ele><time>2026-09-29T06:33:51Z</time><speed>19.380</speed><sat>34</sat></trkpt>
  <trkpt lat="38.95338396" lon="33.52757322"><ele>986.568</ele><time>2026-09-29T06:33:52Z</time><speed>19.690</speed><sat>34</sat></trkpt>
  <trkpt lat="38.95353939" lon="33.52746467"><ele>987.033</ele><time>2026-09-29T06:33:53Z</time><speed>19.610</speed><sat>34</sat></trkpt>
  <trkpt lat="38.95368513" lon="33.52736053"><ele>987.219</ele><time>2026-09-29T06:33:54Z</time><speed>19.120</speed><sat>34</sat></trkpt>
  <trkpt lat="38.95384009" lon="33.52725183"><ele>987.343</ele><time>2026-09-29T06:33:55Z</time><speed>19.340</speed><sat>34</sat></trkpt>
  <trkpt lat="38.95399233" lon="33.52714307"><ele>987.977</ele><time>2026-09-29T06:33:56Z</time><speed>19.520</speed><sat>34</sat></trkpt>
  <trkpt lat="38.95415131" lon="33.52703621"><ele>986.951</ele><time>2026-09-29T06:33:57Z</time><speed>19.260</speed><sat>34</sat></trkpt>
  <trkpt lat="38.95430668" lon="33.52692940"><ele>985.746</ele><time>2026-09-29T06:33:58Z</time><speed>18.960</speed><sat>34</sat></trkpt>
  <trkpt lat="38.95445605" lon="33.52682477"><ele>985.820</ele><time>2026-09-29T06:33:59Z</time><speed>18.550</speed><sat>33</sat></trkpt>
  <trkpt lat="38.95460260" lon="33.52671737"><ele>985.611</ele><time>2026-09-29T06:34:00Z</time><speed>18.800</speed><sat>33</sat></trkpt>
  <trkpt lat="38.95474766" lon="33.52660418"><ele>985.972</ele><time>2026-09-29T06:34:01Z</time><speed>19.070</speed><sat>33</sat></trkpt>
  <trkpt lat="38.95487968" lon="33.52650054"><ele>985.356</ele><time>2026-09-29T06:34:02Z</time><speed>18.360</speed><sat>34</sat></trkpt>
  <trkpt lat="38.95500860" lon="33.52638742"><ele>984.653</ele><time>2026-09-29T06:34:03Z</time><speed>17.820</speed><sat>34</sat></trkpt>
  <trkpt lat="38.95514115" lon="33.52626753"><ele>984.794</ele><time>2026-09-29T06:34:04Z</time><speed>17.640</speed><sat>34</sat></trkpt>
  <trkpt lat="38.95527225" lon="33.52614854"><ele>984.583</ele><time>2026-09-29T06:34:05Z</time><speed>17.570</speed><sat>34</sat></trkpt>
  <trkpt lat="38.95539761" lon="33.52602959"><ele>984.828</ele><time>2026-09-29T06:34:06Z</time><speed>17.630</speed><sat>34</sat></trkpt>
  <trkpt lat="38.95552668" lon="33.52590926"><ele>985.185</ele><time>2026-09-29T06:34:07Z</time><speed>17.660</speed><sat>33</sat></trkpt>
  <trkpt lat="38.95565590" lon="33.52578984"><ele>985.474</ele><time>2026-09-29T06:34:08Z</time><speed>17.580</speed><sat>34</sat></trkpt>
  <trkpt lat="38.95578436" lon="33.52567281"><ele>985.457</ele><time>2026-09-29T06:34:09Z</time><speed>17.460</speed><sat>35</sat></trkpt>
  <trkpt lat="38.95590092" lon="33.52556752"><ele>985.608</ele><time>2026-09-29T06:34:10Z</time><speed>15.230</speed><sat>35</sat></trkpt>
  <trkpt lat="38.95599541" lon="33.52548266"><ele>985.188</ele><time>2026-09-29T06:34:11Z</time><speed>11.570</speed><sat>36</sat></trkpt>
  <trkpt lat="38.95607049" lon="33.52541251"><ele>984.867</ele><time>2026-09-29T06:34:12Z</time><speed>8.930</speed><sat>36</sat></trkpt>
  <trkpt lat="38.95612678" lon="33.52535822"><ele>985.035</ele><time>2026-09-29T06:34:13Z</time><speed>6.650</speed><sat>35</sat></trkpt>
  <trkpt lat="38.95617244" lon="33.52531442"><ele>984.853</ele><time>2026-09-29T06:34:14Z</time><speed>5.600</speed><sat>36</sat></trkpt>
  <trkpt lat="38.95620924" lon="33.52527373"><ele>984.529</ele><time>2026-09-29T06:34:15Z</time><speed>4.780</speed><sat>37</sat></trkpt>
  <trkpt lat="38.95624115" lon="33.52523818"><ele>983.530</ele><time>2026-09-29T06:34:16Z</time><speed>4.390</speed><sat>37</sat></trkpt>
  <trkpt lat="38.95625074" lon="33.52523119"><ele>984.212</ele><time>2026-09-29T06:34:17Z</time><speed>1.280</speed><sat>37</sat></trkpt>
  <trkpt lat="38.95625670" lon="33.52522572"><ele>984.185</ele><time>2026-09-29T06:34:18Z</time><speed>0.150</speed><sat>37</sat></trkpt>
  <trkpt lat="38.95626444" lon="33.52522086"><ele>984.270</ele><time>2026-09-29T06:34:19Z</time><speed>0.460</speed><sat>36</sat></trkpt>
  <trkpt lat="38.95626558" lon="33.52521640"><ele>984.339</ele><time>2026-09-29T06:34:20Z</time><speed>0.240</speed><sat>35</sat></trkpt>
  <trkpt lat="38.95626762" lon="33.52521457"><ele>984.779</ele><time>2026-09-29T06:34:21Z</time><speed>0.000</speed><sat>35</sat></trkpt>
  <trkpt lat="38.95626846" lon="33.52521398"><ele>984.659</ele><time>2026-09-29T06:34:22Z</time><speed>0.000</speed><sat>36</sat></trkpt>
  <trkpt lat="38.95626808" lon="33.52521305"><ele>984.802</ele><time>2026-09-29T06:34:23Z</time><speed>0.000</speed><sat>36</sat></trkpt>
  <trkpt lat="38.95626697" lon="33.52521205"><ele>985.004</ele><time>2026-09-29T06:34:24Z</time><speed>0.000</speed><sat>36</sat></trkpt>
  <trkpt lat="38.95626769" lon="33.52521086"><ele>985.025</ele><time>2026-09-29T06:34:25Z</time><speed>0.000</speed><sat>36</sat></trkpt>
  <trkpt lat="38.95626796" lon="33.52521081"><ele>985.008</ele><time>2026-09-29T06:34:26Z</time><speed>0.000</speed><sat>36</sat></trkpt>
  <trkpt lat="38.95626718" lon="33.52520959"><ele>984.989</ele><time>2026-09-29T06:34:27Z</time><speed>0.000</speed><sat>36</sat></trkpt>
  <trkpt lat="38.95626600" lon="33.52520948"><ele>985.063</ele><time>2026-09-29T06:34:28Z</time><speed>0.000</speed><sat>36</sat></trkpt>
  <trkpt lat="38.95626651" lon="33.52520826"><ele>985.057</ele><time>2026-09-29T06:34:29Z</time><speed>0.000</speed><sat>36</sat></trkpt>
  <trkpt lat="38.95627151" lon="33.52521189"><ele>984.765</ele><time>2026-09-29T06:34:30Z</time><speed>0.460</speed><sat>35</sat></trkpt>
  <trkpt lat="38.95627234" lon="33.52520843"><ele>985.176</ele><time>2026-09-29T06:34:31Z</time><speed>0.000</speed><sat>35</sat></trkpt>
  <trkpt lat="38.95627436" lon="33.52520729"><ele>985.103</ele><time>2026-09-29T06:34:32Z</time><speed>0.000</speed><sat>35</sat></trkpt>
  <trkpt lat="38.95627186" lon="33.52520826"><ele>984.402</ele><time>2026-09-29T06:34:33Z</time><speed>0.000</speed><sat>35</sat></trkpt>
  <trkpt lat="38.95627456" lon="33.52521072"><ele>984.112</ele><time>2026-09-29T06:34:34Z</time><speed>0.000</speed><sat>35</sat></trkpt>
  <trkpt lat="38.95627157" lon="33.52521094"><ele>983.811</ele><time>2026-09-29T06:34:35Z</time><speed>0.000</speed><sat>35</sat></trkpt>
  <trkpt lat="38.95627154" lon="33.52521018"><ele>983.432</ele><time>2026-09-29T06:34:36Z</time><speed>0.000</speed><sat>35</sat></trkpt>
  <trkpt lat="38.95627162" lon="33.52521098"><ele>983.430</ele><time>2026-09-29T06:34:37Z</time><speed>0.000</speed><sat>34</sat></trkpt>
  <trkpt lat="38.95627159" lon="33.52520900"><ele>983.481</ele><time>2026-09-29T06:34:38Z</time><speed>0.000</speed><sat>34</sat></trkpt>
  <trkpt lat="38.95627077" lon="33.52520822"><ele>983.445</ele><time>2026-09-29T06:34:39Z</time><speed>0.000</speed><sat>35</sat></trkpt>
  <trkpt lat="38.95627132" lon="33.52520800"><ele>983.893</ele><time>2026-09-29T06:34:40Z</time><speed>0.000</speed><sat>35</sat></trkpt>
  <trkpt lat="38.95626984" lon="33.52520958"><ele>983.770</ele><time>2026-09-29T06:34:41Z</time><speed>0.000</speed><sat>35</sat></trkpt>
  <trkpt lat="38.95627014" lon="33.52520848"><ele>983.923</ele><time>2026-09-29T06:34:42Z</time><speed>0.000</speed><sat>35</sat></trkpt>
  <trkpt lat="38.95627012" lon="33.52520847"><ele>983.952</ele><time>2026-09-29T06:34:43Z</time><speed>0.000</speed><sat>35</sat></trkpt>
  <trkpt lat="38.95627003" lon="33.52520845"><ele>983.946</ele><time>2026-09-29T06:34:44Z</time><speed>0.000</speed><sat>35</sat></trkpt>
  <trkpt lat="38.95627006" lon="33.52520856"><ele>983.953</ele><time>2026-09-29T06:34:45Z</time><speed>0.000</speed><sat>35</sat></trkpt>
  <trkpt lat="38.95627005" lon="33.52520859"><ele>983.953</ele><time>2026-09-29T06:34:46Z</time><speed>0.000</speed><sat>35</sat></trkpt>
  <trkpt lat="38.95627010" lon="33.52520858"><ele>983.955</ele><time>2026-09-29T06:34:47Z</time><speed>0.000</speed><sat>34</sat></trkpt>
  <trkpt lat="38.95627010" lon="33.52520858"><ele>983.954</ele><time>2026-09-29T06:34:48Z</time><speed>0.000</speed><sat>34</sat></trkpt>
  <trkpt lat="38.95627010" lon="33.52520858"><ele>983.953</ele><time>2026-09-29T06:34:49Z</time><speed>0.000</speed><sat>29</sat></trkpt>
  <trkpt lat="38.95627010" lon="33.52520859"><ele>983.953</ele><time>2026-09-29T06:34:50Z</time><speed>0.000</speed><sat>31</sat></trkpt>
  <trkpt lat="38.95627010" lon="33.52520860"><ele>983.952</ele><time>2026-09-29T06:34:51Z</time><speed>0.000</speed><sat>31</sat></trkpt>
  <trkpt lat="38.95627010" lon="33.52520860"><ele>983.953</ele><time>2026-09-29T06:34:52Z</time><speed>0.000</speed><sat>31</sat></trkpt>
  <trkpt lat="38.95627010" lon="33.52520861"><ele>983.953</ele><time>2026-09-29T06:34:53Z</time><speed>0.000</speed><sat>31</sat></trkpt>
  <trkpt lat="38.95627011" lon="33.52520862"><ele>983.953</ele><time>2026-09-29T06:34:54Z</time><speed>0.000</speed><sat>31</sat></trkpt>
  <trkpt lat="38.95627009" lon="33.52520863"><ele>983.957</ele><time>2026-09-29T06:34:55Z</time><speed>0.000</speed><sat>32</sat></trkpt>
  <trkpt lat="38.95627005" lon="33.52520865"><ele>983.959</ele><time>2026-09-29T06:34:56Z</time><speed>0.000</speed><sat>34</sat></trkpt>
  <trkpt lat="38.95627004" lon="33.52520865"><ele>983.957</ele><time>2026-09-29T06:34:57Z</time><speed>0.000</speed><sat>34</sat></trkpt>
  <trkpt lat="38.95626867" lon="33.52521138"><ele>984.168</ele><time>2026-09-29T06:34:58Z</time><speed>0.150</speed><sat>34</sat></trkpt>
  <trkpt lat="38.95626792" lon="33.52520969"><ele>984.290</ele><time>2026-09-29T06:34:59Z</time><speed>0.000</speed><sat>35</sat></trkpt>
  <trkpt lat="38.95626709" lon="33.52520867"><ele>984.259</ele><time>2026-09-29T06:35:00Z</time><speed>0.000</speed><sat>35</sat></trkpt>
  <trkpt lat="38.95626460" lon="33.52520899"><ele>983.812</ele><time>2026-09-29T06:35:01Z</time><speed>0.320</speed><sat>36</sat></trkpt>
  <trkpt lat="38.95625781" lon="33.52521228"><ele>983.230</ele><time>2026-09-29T06:35:02Z</time><speed>0.980</speed><sat>36</sat></trkpt>
  <trkpt lat="38.95625194" lon="33.52521490"><ele>983.479</ele><time>2026-09-29T06:35:03Z</time><speed>0.610</speed><sat>36</sat></trkpt>
  <trkpt lat="38.95625463" lon="33.52521269"><ele>983.121</ele><time>2026-09-29T06:35:04Z</time><speed>0.240</speed><sat>36</sat></trkpt>
  <trkpt lat="38.95625940" lon="33.52519401"><ele>982.215</ele><time>2026-09-29T06:35:05Z</time><speed>1.670</speed><sat>36</sat></trkpt>
  <trkpt lat="38.95645343" lon="33.52497693"><ele>983.900</ele><time>2026-09-29T06:35:06Z</time><speed>12.270</speed><sat>35</sat></trkpt>
  <trkpt lat="38.95650911" lon="33.52490325"><ele>983.128</ele><time>2026-09-29T06:35:07Z</time><speed>10.290</speed><sat>34</sat></trkpt>
  <trkpt lat="38.95658087" lon="33.52482837"><ele>983.094</ele><time>2026-09-29T06:35:08Z</time><speed>9.870</speed><sat>34</sat></trkpt>
  <trkpt lat="38.95665018" lon="33.52471795"><ele>983.897</ele><time>2026-09-29T06:35:09Z</time><speed>12.250</speed><sat>34</sat></trkpt>
  <trkpt lat="38.95672517" lon="33.52463128"><ele>982.726</ele><time>2026-09-29T06:35:10Z</time><speed>11.900</speed><sat>34</sat></trkpt>
  <trkpt lat="38.95679393" lon="33.52452717"><ele>983.478</ele><time>2026-09-29T06:35:11Z</time><speed>12.060</speed><sat>33</sat></trkpt>
  <trkpt lat="38.95687577" lon="33.52440605"><ele>983.173</ele><time>2026-09-29T06:35:12Z</time><speed>13.970</speed><sat>33</sat></trkpt>
  <trkpt lat="38.95695861" lon="33.52428058"><ele>981.595</ele><time>2026-09-29T06:35:13Z</time><speed>13.380</speed><sat>31</sat></trkpt>
  <trkpt lat="38.95703011" lon="33.52415322"><ele>981.887</ele><time>2026-09-29T06:35:14Z</time><speed>13.850</speed><sat>32</sat></trkpt>
  <trkpt lat="38.95710721" lon="33.52400990"><ele>980.940</ele><time>2026-09-29T06:35:15Z</time><speed>15.150</speed><sat>32</sat></trkpt>
  <trkpt lat="38.95719878" lon="33.52387092"><ele>978.771</ele><time>2026-09-29T06:35:16Z</time><speed>14.550</speed><sat>33</sat></trkpt>
  <trkpt lat="38.95728586" lon="33.52372504"><ele>979.137</ele><time>2026-09-29T06:35:17Z</time><speed>15.770</speed><sat>33</sat></trkpt>
  <trkpt lat="38.95737313" lon="33.52358469"><ele>979.447</ele><time>2026-09-29T06:35:18Z</time><speed>15.420</speed><sat>33</sat></trkpt>
  <trkpt lat="38.95745897" lon="33.52344718"><ele>978.773</ele><time>2026-09-29T06:35:19Z</time><speed>15.090</speed><sat>33</sat></trkpt>
  <trkpt lat="38.95756486" lon="33.52330958"><ele>978.788</ele><time>2026-09-29T06:35:20Z</time><speed>16.560</speed><sat>32</sat></trkpt>
  <trkpt lat="38.95766521" lon="33.52316339"><ele>979.312</ele><time>2026-09-29T06:35:21Z</time><speed>16.760</speed><sat>32</sat></trkpt>
  <trkpt lat="38.95777261" lon="33.52301227"><ele>978.162</ele><time>2026-09-29T06:35:22Z</time><speed>16.800</speed><sat>31</sat></trkpt>
  <trkpt lat="38.95787385" lon="33.52287709"><ele>979.905</ele><time>2026-09-29T06:35:23Z</time><speed>16.900</speed><sat>31</sat></trkpt>
  <trkpt lat="38.95798834" lon="33.52272741"><ele>980.893</ele><time>2026-09-29T06:35:24Z</time><speed>17.580</speed><sat>31</sat></trkpt>
  <trkpt lat="38.95810027" lon="33.52257530"><ele>981.095</ele><time>2026-09-29T06:35:25Z</time><speed>17.930</speed><sat>31</sat></trkpt>
  <trkpt lat="38.95821961" lon="33.52241760"><ele>981.318</ele><time>2026-09-29T06:35:26Z</time><speed>18.650</speed><sat>31</sat></trkpt>
  <trkpt lat="38.95833079" lon="33.52225769"><ele>981.534</ele><time>2026-09-29T06:35:27Z</time><speed>18.900</speed><sat>31</sat></trkpt>
  <trkpt lat="38.95841943" lon="33.52208104"><ele>981.221</ele><time>2026-09-29T06:35:28Z</time><speed>19.250</speed><sat>31</sat></trkpt>
  <trkpt lat="38.95849154" lon="33.52195931"><ele>981.556</ele><time>2026-09-29T06:35:29Z</time><speed>17.320</speed><sat>29</sat></trkpt>
  <trkpt lat="38.95859973" lon="33.52181531"><ele>981.611</ele><time>2026-09-29T06:35:30Z</time><speed>17.260</speed><sat>29</sat></trkpt>
  <trkpt lat="38.95870390" lon="33.52167008"><ele>982.008</ele><time>2026-09-29T06:35:31Z</time><speed>16.920</speed><sat>30</sat></trkpt>
  <trkpt lat="38.95877853" lon="33.52154998"><ele>984.898</ele><time>2026-09-29T06:35:32Z</time><speed>17.380</speed><sat>30</sat></trkpt>
  <trkpt lat="38.95888746" lon="33.52140022"><ele>985.078</ele><time>2026-09-29T06:35:33Z</time><speed>17.480</speed><sat>30</sat></trkpt>
  <trkpt lat="38.95899930" lon="33.52123918"><ele>984.207</ele><time>2026-09-29T06:35:34Z</time><speed>17.540</speed><sat>30</sat></trkpt>
  <trkpt lat="38.95910262" lon="33.52108607"><ele>984.057</ele><time>2026-09-29T06:35:35Z</time><speed>17.490</speed><sat>31</sat></trkpt>
  <trkpt lat="38.95920976" lon="33.52093180"><ele>985.217</ele><time>2026-09-29T06:35:36Z</time><speed>17.790</speed><sat>31</sat></trkpt>
  <trkpt lat="38.95931340" lon="33.52077494"><ele>986.340</ele><time>2026-09-29T06:35:37Z</time><speed>18.140</speed><sat>31</sat></trkpt>
  <trkpt lat="38.95941977" lon="33.52061437"><ele>986.698</ele><time>2026-09-29T06:35:38Z</time><speed>18.150</speed><sat>31</sat></trkpt>
  <trkpt lat="38.95953069" lon="33.52045533"><ele>987.106</ele><time>2026-09-29T06:35:39Z</time><speed>18.400</speed><sat>31</sat></trkpt>
  <trkpt lat="38.95963873" lon="33.52029043"><ele>987.203</ele><time>2026-09-29T06:35:40Z</time><speed>18.770</speed><sat>32</sat></trkpt>
  <trkpt lat="38.95975097" lon="33.52012440"><ele>987.853</ele><time>2026-09-29T06:35:41Z</time><speed>19.010</speed><sat>32</sat></trkpt>
  <trkpt lat="38.95986406" lon="33.51996131"><ele>986.975</ele><time>2026-09-29T06:35:42Z</time><speed>18.830</speed><sat>32</sat></trkpt>
  <trkpt lat="38.95997256" lon="33.51980109"><ele>986.824</ele><time>2026-09-29T06:35:43Z</time><speed>18.530</speed><sat>32</sat></trkpt>
  <trkpt lat="38.96008611" lon="33.51964284"><ele>986.183</ele><time>2026-09-29T06:35:44Z</time><speed>18.510</speed><sat>32</sat></trkpt>
  <trkpt lat="38.96019577" lon="33.51947693"><ele>986.308</ele><time>2026-09-29T06:35:45Z</time><speed>18.570</speed><sat>32</sat></trkpt>
  <trkpt lat="38.96030414" lon="33.51931544"><ele>986.481</ele><time>2026-09-29T06:35:46Z</time><speed>18.610</speed><sat>32</sat></trkpt>
  <trkpt lat="38.96041432" lon="33.51915321"><ele>986.849</ele><time>2026-09-29T06:35:47Z</time><speed>19.030</speed><sat>32</sat></trkpt>
  <trkpt lat="38.96053180" lon="33.51899169"><ele>986.988</ele><time>2026-09-29T06:35:48Z</time><speed>19.410</speed><sat>32</sat></trkpt>
  <trkpt lat="38.96065588" lon="33.51881937"><ele>986.175</ele><time>2026-09-29T06:35:49Z</time><speed>19.560</speed><sat>32</sat></trkpt>
  <trkpt lat="38.96077295" lon="33.51864482"><ele>986.010</ele><time>2026-09-29T06:35:50Z</time><speed>19.600</speed><sat>32</sat></trkpt>
  <trkpt lat="38.96088953" lon="33.51848148"><ele>985.786</ele><time>2026-09-29T06:35:51Z</time><speed>19.460</speed><sat>32</sat></trkpt>
  <trkpt lat="38.96100173" lon="33.51831805"><ele>985.643</ele><time>2026-09-29T06:35:52Z</time><speed>19.040</speed><sat>33</sat></trkpt>
  <trkpt lat="38.96110988" lon="33.51815150"><ele>985.974</ele><time>2026-09-29T06:35:53Z</time><speed>18.640</speed><sat>33</sat></trkpt>
  <trkpt lat="38.96121562" lon="33.51799559"><ele>986.326</ele><time>2026-09-29T06:35:54Z</time><speed>18.260</speed><sat>33</sat></trkpt>
  <trkpt lat="38.96131826" lon="33.51783733"><ele>985.795</ele><time>2026-09-29T06:35:55Z</time><speed>17.890</speed><sat>33</sat></trkpt>
  <trkpt lat="38.96142393" lon="33.51768656"><ele>986.056</ele><time>2026-09-29T06:35:56Z</time><speed>17.500</speed><sat>33</sat></trkpt>
  <trkpt lat="38.96152653" lon="33.51753952"><ele>986.229</ele><time>2026-09-29T06:35:57Z</time><speed>17.120</speed><sat>33</sat></trkpt>
  <trkpt lat="38.96162635" lon="33.51739292"><ele>986.193</ele><time>2026-09-29T06:35:58Z</time><speed>16.810</speed><sat>32</sat></trkpt>
  <trkpt lat="38.96172877" lon="33.51724379"><ele>985.792</ele><time>2026-09-29T06:35:59Z</time><speed>16.730</speed><sat>32</sat></trkpt>
  <trkpt lat="38.96182751" lon="33.51709901"><ele>985.574</ele><time>2026-09-29T06:36:00Z</time><speed>16.840</speed><sat>32</sat></trkpt>
  <trkpt lat="38.96192447" lon="33.51695520"><ele>985.809</ele><time>2026-09-29T06:36:01Z</time><speed>16.800</speed><sat>32</sat></trkpt>
  <trkpt lat="38.96202318" lon="33.51681048"><ele>985.359</ele><time>2026-09-29T06:36:02Z</time><speed>16.720</speed><sat>32</sat></trkpt>
  <trkpt lat="38.96212186" lon="33.51666283"><ele>986.106</ele><time>2026-09-29T06:36:03Z</time><speed>16.710</speed><sat>32</sat></trkpt>
  <trkpt lat="38.96221948" lon="33.51651242"><ele>986.260</ele><time>2026-09-29T06:36:04Z</time><speed>16.720</speed><sat>33</sat></trkpt>
  <trkpt lat="38.96231844" lon="33.51636786"><ele>985.474</ele><time>2026-09-29T06:36:05Z</time><speed>16.730</speed><sat>33</sat></trkpt>
  <trkpt lat="38.96241900" lon="33.51623055"><ele>985.400</ele><time>2026-09-29T06:36:06Z</time><speed>16.530</speed><sat>33</sat></trkpt>
  <trkpt lat="38.96251700" lon="33.51608990"><ele>985.475</ele><time>2026-09-29T06:36:07Z</time><speed>16.410</speed><sat>33</sat></trkpt>
  <trkpt lat="38.96261518" lon="33.51595311"><ele>985.162</ele><time>2026-09-29T06:36:08Z</time><speed>16.400</speed><sat>33</sat></trkpt>
  <trkpt lat="38.96271222" lon="33.51581014"><ele>984.095</ele><time>2026-09-29T06:36:09Z</time><speed>16.360</speed><sat>32</sat></trkpt>
  <trkpt lat="38.96280660" lon="33.51566973"><ele>984.073</ele><time>2026-09-29T06:36:10Z</time><speed>16.070</speed><sat>30</sat></trkpt>
  <trkpt lat="38.96290928" lon="33.51551904"><ele>984.135</ele><time>2026-09-29T06:36:11Z</time><speed>16.890</speed><sat>30</sat></trkpt>
  <trkpt lat="38.96301306" lon="33.51536625"><ele>983.782</ele><time>2026-09-29T06:36:12Z</time><speed>17.220</speed><sat>30</sat></trkpt>
  <trkpt lat="38.96311217" lon="33.51522044"><ele>984.067</ele><time>2026-09-29T06:36:13Z</time><speed>17.270</speed><sat>29</sat></trkpt>
  <trkpt lat="38.96321621" lon="33.51506620"><ele>984.510</ele><time>2026-09-29T06:36:14Z</time><speed>17.570</speed><sat>29</sat></trkpt>
  <trkpt lat="38.96331823" lon="33.51491005"><ele>983.564</ele><time>2026-09-29T06:36:15Z</time><speed>17.750</speed><sat>30</sat></trkpt>
  <trkpt lat="38.96341899" lon="33.51476141"><ele>981.868</ele><time>2026-09-29T06:36:16Z</time><speed>17.480</speed><sat>30</sat></trkpt>
  <trkpt lat="38.96352716" lon="33.51460732"><ele>981.491</ele><time>2026-09-29T06:36:17Z</time><speed>17.440</speed><sat>30</sat></trkpt>
  <trkpt lat="38.96363317" lon="33.51445386"><ele>981.003</ele><time>2026-09-29T06:36:18Z</time><speed>17.310</speed><sat>31</sat></trkpt>
  <trkpt lat="38.96374209" lon="33.51429976"><ele>980.848</ele><time>2026-09-29T06:36:19Z</time><speed>17.640</speed><sat>31</sat></trkpt>
  <trkpt lat="38.96384627" lon="33.51414714"><ele>979.993</ele><time>2026-09-29T06:36:20Z</time><speed>17.440</speed><sat>31</sat></trkpt>
  <trkpt lat="38.96394368" lon="33.51401448"><ele>978.750</ele><time>2026-09-29T06:36:21Z</time><speed>16.430</speed><sat>31</sat></trkpt>
  <trkpt lat="38.96403170" lon="33.51388653"><ele>979.511</ele><time>2026-09-29T06:36:22Z</time><speed>15.170</speed><sat>31</sat></trkpt>
  <trkpt lat="38.96415750" lon="33.51371781"><ele>979.044</ele><time>2026-09-29T06:36:23Z</time><speed>17.240</speed><sat>30</sat></trkpt>
  <trkpt lat="38.96426129" lon="33.51356870"><ele>980.429</ele><time>2026-09-29T06:36:24Z</time><speed>17.270</speed><sat>29</sat></trkpt>
  <trkpt lat="38.96436557" lon="33.51342634"><ele>980.758</ele><time>2026-09-29T06:36:25Z</time><speed>17.470</speed><sat>30</sat></trkpt>
  <trkpt lat="38.96447589" lon="33.51328239"><ele>980.128</ele><time>2026-09-29T06:36:26Z</time><speed>17.250</speed><sat>30</sat></trkpt>
  <trkpt lat="38.96459690" lon="33.51312450"><ele>980.284</ele><time>2026-09-29T06:36:27Z</time><speed>18.510</speed><sat>31</sat></trkpt>
  <trkpt lat="38.96467347" lon="33.51302702"><ele>980.549</ele><time>2026-09-29T06:36:28Z</time><speed>14.820</speed><sat>31</sat></trkpt>
  <trkpt lat="38.96476192" lon="33.51290691"><ele>981.102</ele><time>2026-09-29T06:36:29Z</time><speed>14.810</speed><sat>32</sat></trkpt>
  <trkpt lat="38.96483446" lon="33.51281260"><ele>980.439</ele><time>2026-09-29T06:36:30Z</time><speed>13.620</speed><sat>32</sat></trkpt>
  <trkpt lat="38.96486404" lon="33.51276677"><ele>980.148</ele><time>2026-09-29T06:36:31Z</time><speed>9.160</speed><sat>32</sat></trkpt>
  <trkpt lat="38.96490341" lon="33.51271055"><ele>979.385</ele><time>2026-09-29T06:36:32Z</time><speed>6.880</speed><sat>31</sat></trkpt>
  <trkpt lat="38.96493215" lon="33.51266629"><ele>980.722</ele><time>2026-09-29T06:36:33Z</time><speed>5.350</speed><sat>30</sat></trkpt>
  <trkpt lat="38.96495303" lon="33.51263161"><ele>980.609</ele><time>2026-09-29T06:36:34Z</time><speed>3.570</speed><sat>31</sat></trkpt>
  <trkpt lat="38.96496376" lon="33.51261298"><ele>980.318</ele><time>2026-09-29T06:36:35Z</time><speed>1.950</speed><sat>31</sat></trkpt>
  <trkpt lat="38.96496664" lon="33.51260078"><ele>980.634</ele><time>2026-09-29T06:36:36Z</time><speed>0.910</speed><sat>31</sat></trkpt>
  <trkpt lat="38.96496887" lon="33.51259732"><ele>980.370</ele><time>2026-09-29T06:36:37Z</time><speed>0.470</speed><sat>31</sat></trkpt>
  <trkpt lat="38.96496861" lon="33.51259626"><ele>980.506</ele><time>2026-09-29T06:36:38Z</time><speed>0.260</speed><sat>32</sat></trkpt>
  <trkpt lat="38.96497346" lon="33.51259494"><ele>979.896</ele><time>2026-09-29T06:36:39Z</time><speed>0.200</speed><sat>33</sat></trkpt>
  <trkpt lat="38.96497551" lon="33.51259241"><ele>979.704</ele><time>2026-09-29T06:36:40Z</time><speed>0.160</speed><sat>33</sat></trkpt>
  <trkpt lat="38.96497273" lon="33.51259152"><ele>979.788</ele><time>2026-09-29T06:36:41Z</time><speed>0.000</speed><sat>33</sat></trkpt>
  <trkpt lat="38.96497322" lon="33.51259219"><ele>979.656</ele><time>2026-09-29T06:36:42Z</time><speed>0.000</speed><sat>33</sat></trkpt>
  <trkpt lat="38.96497551" lon="33.51259276"><ele>979.643</ele><time>2026-09-29T06:36:43Z</time><speed>0.000</speed><sat>33</sat></trkpt>
  <trkpt lat="38.96497543" lon="33.51259148"><ele>979.489</ele><time>2026-09-29T06:36:44Z</time><speed>0.000</speed><sat>34</sat></trkpt>
  <trkpt lat="38.96497611" lon="33.51259079"><ele>979.292</ele><time>2026-09-29T06:36:45Z</time><speed>0.000</speed><sat>34</sat></trkpt>
  <trkpt lat="38.96497752" lon="33.51259101"><ele>979.347</ele><time>2026-09-29T06:36:46Z</time><speed>0.000</speed><sat>34</sat></trkpt>
  <trkpt lat="38.96497985" lon="33.51259078"><ele>979.263</ele><time>2026-09-29T06:36:47Z</time><speed>0.000</speed><sat>34</sat></trkpt>
  <trkpt lat="38.96497999" lon="33.51258996"><ele>979.237</ele><time>2026-09-29T06:36:48Z</time><speed>0.000</speed><sat>35</sat></trkpt>
  <trkpt lat="38.96498076" lon="33.51258985"><ele>979.214</ele><time>2026-09-29T06:36:49Z</time><speed>0.000</speed><sat>35</sat></trkpt>
  <trkpt lat="38.96498058" lon="33.51259002"><ele>979.332</ele><time>2026-09-29T06:36:50Z</time><speed>0.000</speed><sat>35</sat></trkpt>
  <trkpt lat="38.96498061" lon="33.51259026"><ele>979.385</ele><time>2026-09-29T06:36:51Z</time><speed>0.000</speed><sat>35</sat></trkpt>
  <trkpt lat="38.96498086" lon="33.51259024"><ele>979.419</ele><time>2026-09-29T06:36:52Z</time><speed>0.000</speed><sat>35</sat></trkpt>
  <trkpt lat="38.96498098" lon="33.51259031"><ele>979.449</ele><time>2026-09-29T06:36:53Z</time><speed>0.000</speed><sat>35</sat></trkpt>
  <trkpt lat="38.96498105" lon="33.51259030"><ele>979.439</ele><time>2026-09-29T06:36:54Z</time><speed>0.000</speed><sat>34</sat></trkpt>
  <trkpt lat="38.96498100" lon="33.51259032"><ele>979.448</ele><time>2026-09-29T06:36:55Z</time><speed>0.000</speed><sat>33</sat></trkpt>
  <trkpt lat="38.96498100" lon="33.51259035"><ele>979.447</ele><time>2026-09-29T06:36:56Z</time><speed>0.000</speed><sat>34</sat></trkpt>
  <trkpt lat="38.96498102" lon="33.51259027"><ele>979.456</ele><time>2026-09-29T06:36:57Z</time><speed>0.000</speed><sat>34</sat></trkpt>
  <trkpt lat="38.96498102" lon="33.51259025"><ele>979.452</ele><time>2026-09-29T06:36:58Z</time><speed>0.000</speed><sat>34</sat></trkpt>
  <trkpt lat="38.96498102" lon="33.51259022"><ele>979.450</ele><time>2026-09-29T06:36:59Z</time><speed>0.000</speed><sat>34</sat></trkpt>
  <trkpt lat="38.96498104" lon="33.51259019"><ele>979.448</ele><time>2026-09-29T06:37:00Z</time><speed>0.000</speed><sat>35</sat></trkpt>
  <trkpt lat="38.96498106" lon="33.51259017"><ele>979.447</ele><time>2026-09-29T06:37:01Z</time><speed>0.000</speed><sat>35</sat></trkpt>
  <trkpt lat="38.96498105" lon="33.51259017"><ele>979.446</ele><time>2026-09-29T06:37:02Z</time><speed>0.000</speed><sat>35</sat></trkpt>
  <trkpt lat="38.96498107" lon="33.51259013"><ele>979.444</ele><time>2026-09-29T06:37:03Z</time><speed>0.000</speed><sat>35</sat></trkpt>
  <trkpt lat="38.96498110" lon="33.51259010"><ele>979.445</ele><time>2026-09-29T06:37:04Z</time><speed>0.000</speed><sat>35</sat></trkpt>
  <trkpt lat="38.96498110" lon="33.51259007"><ele>979.445</ele><time>2026-09-29T06:37:05Z</time><speed>0.000</speed><sat>35</sat></trkpt>
  <trkpt lat="38.96498110" lon="33.51259003"><ele>979.445</ele><time>2026-09-29T06:37:06Z</time><speed>0.000</speed><sat>35</sat></trkpt>
  <trkpt lat="38.96498110" lon="33.51259000"><ele>979.446</ele><time>2026-09-29T06:37:07Z</time><speed>0.000</speed><sat>35</sat></trkpt>
  <trkpt lat="38.96498106" lon="33.51259005"><ele>979.440</ele><time>2026-09-29T06:37:08Z</time><speed>0.000</speed><sat>35</sat></trkpt>
  <trkpt lat="38.96498106" lon="33.51259002"><ele>979.439</ele><time>2026-09-29T06:37:09Z</time><speed>0.000</speed><sat>34</sat></trkpt>
  <trkpt lat="38.96498106" lon="33.51259000"><ele>979.437</ele><time>2026-09-29T06:37:10Z</time><speed>0.000</speed><sat>34</sat></trkpt>
  <trkpt lat="38.96498105" lon="33.51258999"><ele>979.437</ele><time>2026-09-29T06:37:11Z</time><speed>0.000</speed><sat>35</sat></trkpt>
  <trkpt lat="38.96498103" lon="33.51258997"><ele>979.435</ele><time>2026-09-29T06:37:12Z</time><speed>0.000</speed><sat>35</sat></trkpt>
  <trkpt lat="38.96498102" lon="33.51258995"><ele>979.438</ele><time>2026-09-29T06:37:13Z</time><speed>0.000</speed><sat>34</sat></trkpt>
  <trkpt lat="38.96498102" lon="33.51258995"><ele>979.439</ele><time>2026-09-29T06:37:14Z</time><speed>0.000</speed><sat>35</sat></trkpt>
  <trkpt lat="38.96498101" lon="33.51258994"><ele>979.441</ele><time>2026-09-29T06:37:15Z</time><speed>0.000</speed><sat>34</sat></trkpt>
  <trkpt lat="38.96498101" lon="33.51258993"><ele>979.440</ele><time>2026-09-29T06:37:16Z</time><speed>0.000</speed><sat>34</sat></trkpt>
  <trkpt lat="38.96498099" lon="33.51258992"><ele>979.440</ele><time>2026-09-29T06:37:17Z</time><speed>0.000</speed><sat>33</sat></trkpt>
  <trkpt lat="38.96498309" lon="33.51258878"><ele>979.468</ele><time>2026-09-29T06:37:18Z</time><speed>0.000</speed><sat>33</sat></trkpt>
  <trkpt lat="38.96498280" lon="33.51259161"><ele>979.194</ele><time>2026-09-29T06:37:19Z</time><speed>0.220</speed><sat>33</sat></trkpt>
  <trkpt lat="38.96499138" lon="33.51258156"><ele>979.246</ele><time>2026-09-29T06:37:20Z</time><speed>1.400</speed><sat>32</sat></trkpt>
  <trkpt lat="38.96500653" lon="33.51255607"><ele>978.725</ele><time>2026-09-29T06:37:21Z</time><speed>3.050</speed><sat>32</sat></trkpt>
  <trkpt lat="38.96503170" lon="33.51252443"><ele>978.525</ele><time>2026-09-29T06:37:22Z</time><speed>4.120</speed><sat>32</sat></trkpt>
  <trkpt lat="38.96505619" lon="33.51248906"><ele>978.053</ele><time>2026-09-29T06:37:23Z</time><speed>3.780</speed><sat>32</sat></trkpt>
  <trkpt lat="38.96512944" lon="33.51237991"><ele>978.550</ele><time>2026-09-29T06:37:24Z</time><speed>9.850</speed><sat>32</sat></trkpt>
  <trkpt lat="38.96518012" lon="33.51231423"><ele>977.307</ele><time>2026-09-29T06:37:25Z</time><speed>8.710</speed><sat>32</sat></trkpt>
  <trkpt lat="38.96524001" lon="33.51225375"><ele>977.127</ele><time>2026-09-29T06:37:26Z</time><speed>8.330</speed><sat>32</sat></trkpt>
  <trkpt lat="38.96529875" lon="33.51213283"><ele>977.561</ele><time>2026-09-29T06:37:27Z</time><speed>11.020</speed><sat>32</sat></trkpt>
  <trkpt lat="38.96536586" lon="33.51202788"><ele>978.152</ele><time>2026-09-29T06:37:28Z</time><speed>12.280</speed><sat>32</sat></trkpt>
  <trkpt lat="38.96543793" lon="33.51191403"><ele>977.731</ele><time>2026-09-29T06:37:29Z</time><speed>13.240</speed><sat>32</sat></trkpt>
  <trkpt lat="38.96551606" lon="33.51178659"><ele>977.600</ele><time>2026-09-29T06:37:30Z</time><speed>14.540</speed><sat>32</sat></trkpt>
  <trkpt lat="38.96560404" lon="33.51164182"><ele>977.747</ele><time>2026-09-29T06:37:31Z</time><speed>15.890</speed><sat>33</sat></trkpt>
  <trkpt lat="38.96568962" lon="33.51150541"><ele>977.051</ele><time>2026-09-29T06:37:32Z</time><speed>16.000</speed><sat>33</sat></trkpt>
  <trkpt lat="38.96577739" lon="33.51136227"><ele>976.557</ele><time>2026-09-29T06:37:33Z</time><speed>15.830</speed><sat>34</sat></trkpt>
  <trkpt lat="38.96586907" lon="33.51119860"><ele>976.973</ele><time>2026-09-29T06:37:34Z</time><speed>16.580</speed><sat>33</sat></trkpt>
  <trkpt lat="38.96595931" lon="33.51104869"><ele>976.708</ele><time>2026-09-29T06:37:35Z</time><speed>16.510</speed><sat>34</sat></trkpt>
  <trkpt lat="38.96605412" lon="33.51089576"><ele>976.253</ele><time>2026-09-29T06:37:36Z</time><speed>17.070</speed><sat>34</sat></trkpt>
  <trkpt lat="38.96615318" lon="33.51074205"><ele>975.975</ele><time>2026-09-29T06:37:37Z</time><speed>17.500</speed><sat>33</sat></trkpt>
  <trkpt lat="38.96625372" lon="33.51058777"><ele>975.592</ele><time>2026-09-29T06:37:38Z</time><speed>17.490</speed><sat>33</sat></trkpt>
  <trkpt lat="38.96635650" lon="33.51043362"><ele>975.187</ele><time>2026-09-29T06:37:39Z</time><speed>17.640</speed><sat>34</sat></trkpt>
  <trkpt lat="38.96646317" lon="33.51027620"><ele>974.922</ele><time>2026-09-29T06:37:40Z</time><speed>18.220</speed><sat>34</sat></trkpt>
  <trkpt lat="38.96656980" lon="33.51011639"><ele>974.603</ele><time>2026-09-29T06:37:41Z</time><speed>18.370</speed><sat>32</sat></trkpt>
  <trkpt lat="38.96667856" lon="33.50995551"><ele>974.252</ele><time>2026-09-29T06:37:42Z</time><speed>18.590</speed><sat>34</sat></trkpt>
  <trkpt lat="38.96679038" lon="33.50979150"><ele>974.098</ele><time>2026-09-29T06:37:43Z</time><speed>18.830</speed><sat>33</sat></trkpt>
  <trkpt lat="38.96690857" lon="33.50962206"><ele>973.597</ele><time>2026-09-29T06:37:44Z</time><speed>19.590</speed><sat>33</sat></trkpt>
  <trkpt lat="38.96702672" lon="33.50945020"><ele>973.315</ele><time>2026-09-29T06:37:45Z</time><speed>19.840</speed><sat>33</sat></trkpt>
  <trkpt lat="38.96714303" lon="33.50927883"><ele>972.927</ele><time>2026-09-29T06:37:46Z</time><speed>19.790</speed><sat>33</sat></trkpt>
  <trkpt lat="38.96726289" lon="33.50910456"><ele>972.413</ele><time>2026-09-29T06:37:47Z</time><speed>20.050</speed><sat>33</sat></trkpt>
  <trkpt lat="38.96738469" lon="33.50892726"><ele>971.877</ele><time>2026-09-29T06:37:48Z</time><speed>20.320</speed><sat>32</sat></trkpt>
  <trkpt lat="38.96750725" lon="33.50875152"><ele>971.460</ele><time>2026-09-29T06:37:49Z</time><speed>20.430</speed><sat>32</sat></trkpt>
  <trkpt lat="38.96763039" lon="33.50857237"><ele>971.044</ele><time>2026-09-29T06:37:50Z</time><speed>20.650</speed><sat>32</sat></trkpt>
  <trkpt lat="38.96775644" lon="33.50839046"><ele>970.737</ele><time>2026-09-29T06:37:51Z</time><speed>21.000</speed><sat>32</sat></trkpt>
  <trkpt lat="38.96788353" lon="33.50820576"><ele>970.284</ele><time>2026-09-29T06:37:52Z</time><speed>21.200</speed><sat>32</sat></trkpt>
  <trkpt lat="38.96801382" lon="33.50801742"><ele>969.881</ele><time>2026-09-29T06:37:53Z</time><speed>21.370</speed><sat>32</sat></trkpt>
  <trkpt lat="38.96813838" lon="33.50782994"><ele>969.686</ele><time>2026-09-29T06:37:54Z</time><speed>21.270</speed><sat>33</sat></trkpt>
  <trkpt lat="38.96826362" lon="33.50764377"><ele>969.425</ele><time>2026-09-29T06:37:55Z</time><speed>21.310</speed><sat>34</sat></trkpt>
  <trkpt lat="38.96839239" lon="33.50745659"><ele>968.979</ele><time>2026-09-29T06:37:56Z</time><speed>21.380</speed><sat>33</sat></trkpt>
  <trkpt lat="38.96852002" lon="33.50727075"><ele>968.694</ele><time>2026-09-29T06:37:57Z</time><speed>21.450</speed><sat>33</sat></trkpt>
  <trkpt lat="38.96864841" lon="33.50708059"><ele>968.487</ele><time>2026-09-29T06:37:58Z</time><speed>21.520</speed><sat>34</sat></trkpt>
  <trkpt lat="38.96877794" lon="33.50689269"><ele>968.238</ele><time>2026-09-29T06:37:59Z</time><speed>21.690</speed><sat>35</sat></trkpt>
  <trkpt lat="38.96890593" lon="33.50670128"><ele>968.158</ele><time>2026-09-29T06:38:00Z</time><speed>21.770</speed><sat>35</sat></trkpt>
  <trkpt lat="38.96903179" lon="33.50651840"><ele>967.979</ele><time>2026-09-29T06:38:01Z</time><speed>21.790</speed><sat>34</sat></trkpt>
  <trkpt lat="38.96916266" lon="33.50632809"><ele>967.511</ele><time>2026-09-29T06:38:02Z</time><speed>21.970</speed><sat>35</sat></trkpt>
  <trkpt lat="38.96929495" lon="33.50613453"><ele>967.285</ele><time>2026-09-29T06:38:03Z</time><speed>22.240</speed><sat>35</sat></trkpt>
  <trkpt lat="38.96942883" lon="33.50593832"><ele>967.202</ele><time>2026-09-29T06:38:04Z</time><speed>22.610</speed><sat>35</sat></trkpt>
  <trkpt lat="38.96956253" lon="33.50574383"><ele>967.780</ele><time>2026-09-29T06:38:05Z</time><speed>22.720</speed><sat>35</sat></trkpt>
  <trkpt lat="38.96969859" lon="33.50554244"><ele>967.413</ele><time>2026-09-29T06:38:06Z</time><speed>23.030</speed><sat>34</sat></trkpt>
  <trkpt lat="38.96983718" lon="33.50533860"><ele>967.257</ele><time>2026-09-29T06:38:07Z</time><speed>23.360</speed><sat>33</sat></trkpt>
  <trkpt lat="38.96997646" lon="33.50513314"><ele>967.166</ele><time>2026-09-29T06:38:08Z</time><speed>23.590</speed><sat>31</sat></trkpt>
  <trkpt lat="38.97011826" lon="33.50492560"><ele>967.216</ele><time>2026-09-29T06:38:09Z</time><speed>23.820</speed><sat>31</sat></trkpt>
  <trkpt lat="38.97025672" lon="33.50471838"><ele>967.221</ele><time>2026-09-29T06:38:10Z</time><speed>23.590</speed><sat>31</sat></trkpt>
  <trkpt lat="38.97039493" lon="33.50451262"><ele>967.334</ele><time>2026-09-29T06:38:11Z</time><speed>23.540</speed><sat>31</sat></trkpt>
  <trkpt lat="38.97053299" lon="33.50431135"><ele>967.782</ele><time>2026-09-29T06:38:12Z</time><speed>23.340</speed><sat>31</sat></trkpt>
  <trkpt lat="38.97067026" lon="33.50411110"><ele>968.100</ele><time>2026-09-29T06:38:13Z</time><speed>23.160</speed><sat>30</sat></trkpt>
  <trkpt lat="38.97080771" lon="33.50391052"><ele>968.342</ele><time>2026-09-29T06:38:14Z</time><speed>23.130</speed><sat>30</sat></trkpt>
  <trkpt lat="38.97094406" lon="33.50371119"><ele>968.136</ele><time>2026-09-29T06:38:15Z</time><speed>22.910</speed><sat>30</sat></trkpt>
  <trkpt lat="38.97107670" lon="33.50351332"><ele>968.232</ele><time>2026-09-29T06:38:16Z</time><speed>22.570</speed><sat>30</sat></trkpt>
  <trkpt lat="38.97120375" lon="33.50331699"><ele>968.500</ele><time>2026-09-29T06:38:17Z</time><speed>22.140</speed><sat>31</sat></trkpt>
  <trkpt lat="38.97133246" lon="33.50312589"><ele>968.560</ele><time>2026-09-29T06:38:18Z</time><speed>21.850</speed><sat>31</sat></trkpt>
  <trkpt lat="38.97145912" lon="33.50293465"><ele>968.929</ele><time>2026-09-29T06:38:19Z</time><speed>21.670</speed><sat>31</sat></trkpt>
  <trkpt lat="38.97158615" lon="33.50274710"><ele>968.882</ele><time>2026-09-29T06:38:20Z</time><speed>21.390</speed><sat>32</sat></trkpt>
  <trkpt lat="38.97171132" lon="33.50256724"><ele>969.176</ele><time>2026-09-29T06:38:21Z</time><speed>20.960</speed><sat>32</sat></trkpt>
  <trkpt lat="38.97183419" lon="33.50238942"><ele>969.424</ele><time>2026-09-29T06:38:22Z</time><speed>20.520</speed><sat>32</sat></trkpt>
  <trkpt lat="38.97195349" lon="33.50221699"><ele>969.795</ele><time>2026-09-29T06:38:23Z</time><speed>20.040</speed><sat>32</sat></trkpt>
  <trkpt lat="38.97207183" lon="33.50205408"><ele>970.365</ele><time>2026-09-29T06:38:24Z</time><speed>19.310</speed><sat>31</sat></trkpt>
  <trkpt lat="38.97218215" lon="33.50190544"><ele>970.417</ele><time>2026-09-29T06:38:25Z</time><speed>18.160</speed><sat>33</sat></trkpt>
  <trkpt lat="38.97228986" lon="33.50175699"><ele>970.599</ele><time>2026-09-29T06:38:26Z</time><speed>17.130</speed><sat>33</sat></trkpt>
  <trkpt lat="38.97239179" lon="33.50161494"><ele>970.422</ele><time>2026-09-29T06:38:27Z</time><speed>16.620</speed><sat>33</sat></trkpt>
  <trkpt lat="38.97248975" lon="33.50148053"><ele>970.513</ele><time>2026-09-29T06:38:28Z</time><speed>15.930</speed><sat>33</sat></trkpt>
  <trkpt lat="38.97257927" lon="33.50135505"><ele>970.689</ele><time>2026-09-29T06:38:29Z</time><speed>14.810</speed><sat>33</sat></trkpt>
  <trkpt lat="38.97266120" lon="33.50124091"><ele>971.302</ele><time>2026-09-29T06:38:30Z</time><speed>13.500</speed><sat>33</sat></trkpt>
  <trkpt lat="38.97273262" lon="33.50113793"><ele>971.319</ele><time>2026-09-29T06:38:31Z</time><speed>12.200</speed><sat>32</sat></trkpt>
  <trkpt lat="38.97280052" lon="33.50103673"><ele>971.854</ele><time>2026-09-29T06:38:32Z</time><speed>11.690</speed><sat>31</sat></trkpt>
  <trkpt lat="38.97286058" lon="33.50093692"><ele>971.656</ele><time>2026-09-29T06:38:33Z</time><speed>10.890</speed><sat>32</sat></trkpt>
  <trkpt lat="38.97291928" lon="33.50084521"><ele>971.560</ele><time>2026-09-29T06:38:34Z</time><speed>10.390</speed><sat>32</sat></trkpt>
  <trkpt lat="38.97296799" lon="33.50077123"><ele>972.145</ele><time>2026-09-29T06:38:35Z</time><speed>8.660</speed><sat>32</sat></trkpt>
  <trkpt lat="38.97301988" lon="33.50069722"><ele>972.648</ele><time>2026-09-29T06:38:36Z</time><speed>8.490</speed><sat>32</sat></trkpt>
  <trkpt lat="38.97306976" lon="33.50062717"><ele>972.242</ele><time>2026-09-29T06:38:37Z</time><speed>8.100</speed><sat>32</sat></trkpt>
  <trkpt lat="38.97311427" lon="33.50055890"><ele>971.833</ele><time>2026-09-29T06:38:38Z</time><speed>7.750</speed><sat>32</sat></trkpt>
  <trkpt lat="38.97319805" lon="33.50043245"><ele>972.758</ele><time>2026-09-29T06:38:39Z</time><speed>11.070</speed><sat>32</sat></trkpt>
  <trkpt lat="38.97327094" lon="33.50032800"><ele>972.692</ele><time>2026-09-29T06:38:40Z</time><speed>11.950</speed><sat>33</sat></trkpt>
  <trkpt lat="38.97334238" lon="33.50022110"><ele>973.914</ele><time>2026-09-29T06:38:41Z</time><speed>12.230</speed><sat>33</sat></trkpt>
  <trkpt lat="38.97341779" lon="33.50010694"><ele>974.518</ele><time>2026-09-29T06:38:42Z</time><speed>12.570</speed><sat>33</sat></trkpt>
  <trkpt lat="38.97350576" lon="33.49998077"><ele>975.174</ele><time>2026-09-29T06:38:43Z</time><speed>13.400</speed><sat>33</sat></trkpt>
  <trkpt lat="38.97361863" lon="33.49982857"><ele>974.578</ele><time>2026-09-29T06:38:44Z</time><speed>15.700</speed><sat>33</sat></trkpt>
  <trkpt lat="38.97371810" lon="33.49969881"><ele>974.057</ele><time>2026-09-29T06:38:45Z</time><speed>16.500</speed><sat>34</sat></trkpt>
  <trkpt lat="38.97382046" lon="33.49956939"><ele>973.155</ele><time>2026-09-29T06:38:46Z</time><speed>16.710</speed><sat>33</sat></trkpt>
  <trkpt lat="38.97392587" lon="33.49943443"><ele>973.419</ele><time>2026-09-29T06:38:47Z</time><speed>16.440</speed><sat>33</sat></trkpt>
  <trkpt lat="38.97402877" lon="33.49929763"><ele>973.602</ele><time>2026-09-29T06:38:48Z</time><speed>16.690</speed><sat>34</sat></trkpt>
  <trkpt lat="38.97413299" lon="33.49915668"><ele>973.400</ele><time>2026-09-29T06:38:49Z</time><speed>16.830</speed><sat>35</sat></trkpt>
  <trkpt lat="38.97423268" lon="33.49900579"><ele>972.742</ele><time>2026-09-29T06:38:50Z</time><speed>17.340</speed><sat>35</sat></trkpt>
  <trkpt lat="38.97434602" lon="33.49885754"><ele>971.790</ele><time>2026-09-29T06:38:51Z</time><speed>17.830</speed><sat>36</sat></trkpt>
  <trkpt lat="38.97445793" lon="33.49870030"><ele>972.338</ele><time>2026-09-29T06:38:52Z</time><speed>18.550</speed><sat>37</sat></trkpt>
  <trkpt lat="38.97456870" lon="33.49854207"><ele>972.631</ele><time>2026-09-29T06:38:53Z</time><speed>18.450</speed><sat>37</sat></trkpt>
  <trkpt lat="38.97467950" lon="33.49837863"><ele>972.711</ele><time>2026-09-29T06:38:54Z</time><speed>18.620</speed><sat>37</sat></trkpt>
  <trkpt lat="38.97478622" lon="33.49821732"><ele>972.983</ele><time>2026-09-29T06:38:55Z</time><speed>18.360</speed><sat>37</sat></trkpt>
  <trkpt lat="38.97489024" lon="33.49805951"><ele>973.166</ele><time>2026-09-29T06:38:56Z</time><speed>17.910</speed><sat>37</sat></trkpt>
  <trkpt lat="38.97499048" lon="33.49790256"><ele>973.161</ele><time>2026-09-29T06:38:57Z</time><speed>17.570</speed><sat>35</sat></trkpt>
  <trkpt lat="38.97508729" lon="33.49774959"><ele>973.149</ele><time>2026-09-29T06:38:58Z</time><speed>17.150</speed><sat>34</sat></trkpt>
  <trkpt lat="38.97518047" lon="33.49759603"><ele>973.011</ele><time>2026-09-29T06:38:59Z</time><speed>16.880</speed><sat>34</sat></trkpt>
  <trkpt lat="38.97527156" lon="33.49744428"><ele>972.856</ele><time>2026-09-29T06:39:00Z</time><speed>16.460</speed><sat>34</sat></trkpt>
  <trkpt lat="38.97535795" lon="33.49729978"><ele>972.781</ele><time>2026-09-29T06:39:01Z</time><speed>15.410</speed><sat>34</sat></trkpt>
  <trkpt lat="38.97544488" lon="33.49715542"><ele>972.384</ele><time>2026-09-29T06:39:02Z</time><speed>15.310</speed><sat>34</sat></trkpt>
  <trkpt lat="38.97552903" lon="33.49701593"><ele>972.083</ele><time>2026-09-29T06:39:03Z</time><speed>15.040</speed><sat>34</sat></trkpt>
  <trkpt lat="38.97562802" lon="33.49685967"><ele>972.534</ele><time>2026-09-29T06:39:04Z</time><speed>15.820</speed><sat>31</sat></trkpt>
  <trkpt lat="38.97571663" lon="33.49671914"><ele>972.548</ele><time>2026-09-29T06:39:05Z</time><speed>15.780</speed><sat>30</sat></trkpt>
  <trkpt lat="38.97581105" lon="33.49658000"><ele>972.356</ele><time>2026-09-29T06:39:06Z</time><speed>15.880</speed><sat>31</sat></trkpt>
  <trkpt lat="38.97590909" lon="33.49644363"><ele>971.741</ele><time>2026-09-29T06:39:07Z</time><speed>16.080</speed><sat>31</sat></trkpt>
  <trkpt lat="38.97599874" lon="33.49631022"><ele>971.615</ele><time>2026-09-29T06:39:08Z</time><speed>15.510</speed><sat>32</sat></trkpt>
  <trkpt lat="38.97609165" lon="33.49616798"><ele>971.465</ele><time>2026-09-29T06:39:09Z</time><speed>15.910</speed><sat>32</sat></trkpt>
  <trkpt lat="38.97618080" lon="33.49604581"><ele>970.715</ele><time>2026-09-29T06:39:10Z</time><speed>14.990</speed><sat>32</sat></trkpt>
  <trkpt lat="38.97627426" lon="33.49590971"><ele>970.474</ele><time>2026-09-29T06:39:11Z</time><speed>15.110</speed><sat>32</sat></trkpt>
  <trkpt lat="38.97636386" lon="33.49578020"><ele>970.809</ele><time>2026-09-29T06:39:12Z</time><speed>15.040</speed><sat>33</sat></trkpt>
  <trkpt lat="38.97645608" lon="33.49564520"><ele>970.208</ele><time>2026-09-29T06:39:13Z</time><speed>15.070</speed><sat>32</sat></trkpt>
  <trkpt lat="38.97654655" lon="33.49551109"><ele>970.164</ele><time>2026-09-29T06:39:14Z</time><speed>15.210</speed><sat>32</sat></trkpt>
  <trkpt lat="38.97664067" lon="33.49538303"><ele>969.987</ele><time>2026-09-29T06:39:15Z</time><speed>15.240</speed><sat>32</sat></trkpt>
  <trkpt lat="38.97673302" lon="33.49525594"><ele>969.497</ele><time>2026-09-29T06:39:16Z</time><speed>15.280</speed><sat>32</sat></trkpt>
  <trkpt lat="38.97682578" lon="33.49512650"><ele>969.587</ele><time>2026-09-29T06:39:17Z</time><speed>15.280</speed><sat>32</sat></trkpt>
  <trkpt lat="38.97691538" lon="33.49499988"><ele>969.725</ele><time>2026-09-29T06:39:18Z</time><speed>15.040</speed><sat>32</sat></trkpt>
  <trkpt lat="38.97700528" lon="33.49487346"><ele>969.596</ele><time>2026-09-29T06:39:19Z</time><speed>14.780</speed><sat>32</sat></trkpt>
  <trkpt lat="38.97709174" lon="33.49474716"><ele>969.631</ele><time>2026-09-29T06:39:20Z</time><speed>14.580</speed><sat>32</sat></trkpt>
  <trkpt lat="38.97717737" lon="33.49462534"><ele>969.408</ele><time>2026-09-29T06:39:21Z</time><speed>14.300</speed><sat>32</sat></trkpt>
  <trkpt lat="38.97726175" lon="33.49450661"><ele>969.314</ele><time>2026-09-29T06:39:22Z</time><speed>14.060</speed><sat>31</sat></trkpt>
  <trkpt lat="38.97734481" lon="33.49438539"><ele>969.332</ele><time>2026-09-29T06:39:23Z</time><speed>13.910</speed><sat>31</sat></trkpt>
  <trkpt lat="38.97742554" lon="33.49426675"><ele>969.224</ele><time>2026-09-29T06:39:24Z</time><speed>13.760</speed><sat>31</sat></trkpt>
  <trkpt lat="38.97750465" lon="33.49414313"><ele>968.990</ele><time>2026-09-29T06:39:25Z</time><speed>14.040</speed><sat>31</sat></trkpt>
  <trkpt lat="38.97758691" lon="33.49401121"><ele>969.188</ele><time>2026-09-29T06:39:26Z</time><speed>14.730</speed><sat>32</sat></trkpt>
  <trkpt lat="38.97767551" lon="33.49386256"><ele>969.252</ele><time>2026-09-29T06:39:27Z</time><speed>15.790</speed><sat>31</sat></trkpt>
  <trkpt lat="38.97777110" lon="33.49371310"><ele>968.784</ele><time>2026-09-29T06:39:28Z</time><speed>16.910</speed><sat>32</sat></trkpt>
  <trkpt lat="38.97787475" lon="33.49355246"><ele>968.419</ele><time>2026-09-29T06:39:29Z</time><speed>17.840</speed><sat>31</sat></trkpt>
  <trkpt lat="38.97798099" lon="33.49339209"><ele>967.960</ele><time>2026-09-29T06:39:30Z</time><speed>18.170</speed><sat>32</sat></trkpt>
  <trkpt lat="38.97809077" lon="33.49322719"><ele>968.065</ele><time>2026-09-29T06:39:31Z</time><speed>18.760</speed><sat>33</sat></trkpt>
  <trkpt lat="38.97820522" lon="33.49306183"><ele>967.786</ele><time>2026-09-29T06:39:32Z</time><speed>19.130</speed><sat>33</sat></trkpt>
  <trkpt lat="38.97832036" lon="33.49288982"><ele>967.841</ele><time>2026-09-29T06:39:33Z</time><speed>19.770</speed><sat>31</sat></trkpt>
  <trkpt lat="38.97843962" lon="33.49271708"><ele>967.775</ele><time>2026-09-29T06:39:34Z</time><speed>20.000</speed><sat>31</sat></trkpt>
  <trkpt lat="38.97856369" lon="33.49254418"><ele>967.974</ele><time>2026-09-29T06:39:35Z</time><speed>20.380</speed><sat>33</sat></trkpt>
  <trkpt lat="38.97869481" lon="33.49237397"><ele>967.884</ele><time>2026-09-29T06:39:36Z</time><speed>20.790</speed><sat>35</sat></trkpt>
  <trkpt lat="38.97882268" lon="33.49219732"><ele>968.070</ele><time>2026-09-29T06:39:37Z</time><speed>20.940</speed><sat>34</sat></trkpt>
  <trkpt lat="38.97895259" lon="33.49201560"><ele>968.073</ele><time>2026-09-29T06:39:38Z</time><speed>21.060</speed><sat>34</sat></trkpt>
  <trkpt lat="38.97907974" lon="33.49183619"><ele>967.771</ele><time>2026-09-29T06:39:39Z</time><speed>21.110</speed><sat>34</sat></trkpt>
  <trkpt lat="38.97920609" lon="33.49166110"><ele>967.191</ele><time>2026-09-29T06:39:40Z</time><speed>20.980</speed><sat>35</sat></trkpt>
  <trkpt lat="38.97933056" lon="33.49148414"><ele>966.845</ele><time>2026-09-29T06:39:41Z</time><speed>20.770</speed><sat>34</sat></trkpt>
  <trkpt lat="38.97945231" lon="33.49130484"><ele>966.720</ele><time>2026-09-29T06:39:42Z</time><speed>20.590</speed><sat>34</sat></trkpt>
  <trkpt lat="38.97957546" lon="33.49112408"><ele>966.120</ele><time>2026-09-29T06:39:43Z</time><speed>20.540</speed><sat>34</sat></trkpt>
  <trkpt lat="38.97969799" lon="33.49094439"><ele>965.737</ele><time>2026-09-29T06:39:44Z</time><speed>20.630</speed><sat>34</sat></trkpt>
  <trkpt lat="38.97982137" lon="33.49076762"><ele>965.458</ele><time>2026-09-29T06:39:45Z</time><speed>20.600</speed><sat>34</sat></trkpt>
  <trkpt lat="38.97994255" lon="33.49059282"><ele>965.483</ele><time>2026-09-29T06:39:46Z</time><speed>20.430</speed><sat>34</sat></trkpt>
  <trkpt lat="38.98006563" lon="33.49041241"><ele>965.036</ele><time>2026-09-29T06:39:47Z</time><speed>20.600</speed><sat>33</sat></trkpt>
  <trkpt lat="38.98019112" lon="33.49023011"><ele>965.220</ele><time>2026-09-29T06:39:48Z</time><speed>20.950</speed><sat>33</sat></trkpt>
  <trkpt lat="38.98031255" lon="33.49004737"><ele>964.832</ele><time>2026-09-29T06:39:49Z</time><speed>20.900</speed><sat>35</sat></trkpt>
  <trkpt lat="38.98043859" lon="33.48986484"><ele>964.557</ele><time>2026-09-29T06:39:50Z</time><speed>21.250</speed><sat>35</sat></trkpt>
  <trkpt lat="38.98057299" lon="33.48967860"><ele>964.367</ele><time>2026-09-29T06:39:51Z</time><speed>21.540</speed><sat>34</sat></trkpt>
  <trkpt lat="38.98070208" lon="33.48948994"><ele>964.095</ele><time>2026-09-29T06:39:52Z</time><speed>21.580</speed><sat>35</sat></trkpt>
  <trkpt lat="38.98082901" lon="33.48930389"><ele>963.798</ele><time>2026-09-29T06:39:53Z</time><speed>21.560</speed><sat>36</sat></trkpt>
  <trkpt lat="38.98096126" lon="33.48910996"><ele>963.515</ele><time>2026-09-29T06:39:54Z</time><speed>22.400</speed><sat>36</sat></trkpt>
  <trkpt lat="38.98108614" lon="33.48891955"><ele>962.577</ele><time>2026-09-29T06:39:55Z</time><speed>21.400</speed><sat>36</sat></trkpt>
  <trkpt lat="38.98122475" lon="33.48872637"><ele>963.354</ele><time>2026-09-29T06:39:56Z</time><speed>22.490</speed><sat>36</sat></trkpt>
  <trkpt lat="38.98136020" lon="33.48852996"><ele>962.308</ele><time>2026-09-29T06:39:57Z</time><speed>22.610</speed><sat>37</sat></trkpt>
  <trkpt lat="38.98148940" lon="33.48834202"><ele>961.800</ele><time>2026-09-29T06:39:58Z</time><speed>21.840</speed><sat>37</sat></trkpt>
  <trkpt lat="38.98161887" lon="33.48814454"><ele>961.715</ele><time>2026-09-29T06:39:59Z</time><speed>21.930</speed><sat>36</sat></trkpt>
  <trkpt lat="38.98173665" lon="33.48796180"><ele>962.076</ele><time>2026-09-29T06:40:00Z</time><speed>21.170</speed><sat>36</sat></trkpt>
  <trkpt lat="38.98187284" lon="33.48777421"><ele>962.144</ele><time>2026-09-29T06:40:01Z</time><speed>21.520</speed><sat>36</sat></trkpt>
  <trkpt lat="38.98200558" lon="33.48759908"><ele>961.412</ele><time>2026-09-29T06:40:02Z</time><speed>21.230</speed><sat>36</sat></trkpt>
  <trkpt lat="38.98213209" lon="33.48741964"><ele>961.543</ele><time>2026-09-29T06:40:03Z</time><speed>21.030</speed><sat>36</sat></trkpt>
  <trkpt lat="38.98225910" lon="33.48723231"><ele>961.842</ele><time>2026-09-29T06:40:04Z</time><speed>21.150</speed><sat>36</sat></trkpt>
  <trkpt lat="38.98238596" lon="33.48704752"><ele>961.088</ele><time>2026-09-29T06:40:05Z</time><speed>21.340</speed><sat>36</sat></trkpt>
  <trkpt lat="38.98251223" lon="33.48686511"><ele>961.296</ele><time>2026-09-29T06:40:06Z</time><speed>21.460</speed><sat>35</sat></trkpt>
  <trkpt lat="38.98264043" lon="33.48667878"><ele>961.287</ele><time>2026-09-29T06:40:07Z</time><speed>21.630</speed><sat>34</sat></trkpt>
  <trkpt lat="38.98276680" lon="33.48649095"><ele>960.964</ele><time>2026-09-29T06:40:08Z</time><speed>21.510</speed><sat>34</sat></trkpt>
  <trkpt lat="38.98289829" lon="33.48630167"><ele>960.769</ele><time>2026-09-29T06:40:09Z</time><speed>21.530</speed><sat>34</sat></trkpt>
  <trkpt lat="38.98302465" lon="33.48611440"><ele>960.721</ele><time>2026-09-29T06:40:10Z</time><speed>21.560</speed><sat>34</sat></trkpt>
  <trkpt lat="38.98314942" lon="33.48592171"><ele>960.486</ele><time>2026-09-29T06:40:11Z</time><speed>21.550</speed><sat>33</sat></trkpt>
  <trkpt lat="38.98327342" lon="33.48572833"><ele>960.437</ele><time>2026-09-29T06:40:12Z</time><speed>21.560</speed><sat>33</sat></trkpt>
  <trkpt lat="38.98339931" lon="33.48554048"><ele>960.291</ele><time>2026-09-29T06:40:13Z</time><speed>21.430</speed><sat>33</sat></trkpt>
  <trkpt lat="38.98353281" lon="33.48535695"><ele>960.410</ele><time>2026-09-29T06:40:14Z</time><speed>21.410</speed><sat>34</sat></trkpt>
  <trkpt lat="38.98366275" lon="33.48517664"><ele>960.515</ele><time>2026-09-29T06:40:15Z</time><speed>21.260</speed><sat>34</sat></trkpt>
  <trkpt lat="38.98379570" lon="33.48498990"><ele>960.696</ele><time>2026-09-29T06:40:16Z</time><speed>21.870</speed><sat>34</sat></trkpt>
  <trkpt lat="38.98392050" lon="33.48481692"><ele>960.388</ele><time>2026-09-29T06:40:17Z</time><speed>21.010</speed><sat>33</sat></trkpt>
  <trkpt lat="38.98404297" lon="33.48463200"><ele>960.456</ele><time>2026-09-29T06:40:18Z</time><speed>20.780</speed><sat>33</sat></trkpt>
  <trkpt lat="38.98416802" lon="33.48445012"><ele>960.388</ele><time>2026-09-29T06:40:19Z</time><speed>20.690</speed><sat>33</sat></trkpt>
  <trkpt lat="38.98428979" lon="33.48426572"><ele>960.428</ele><time>2026-09-29T06:40:20Z</time><speed>20.540</speed><sat>34</sat></trkpt>
  <trkpt lat="38.98442149" lon="33.48408798"><ele>960.601</ele><time>2026-09-29T06:40:21Z</time><speed>20.930</speed><sat>34</sat></trkpt>
  <trkpt lat="38.98454548" lon="33.48390554"><ele>960.854</ele><time>2026-09-29T06:40:22Z</time><speed>20.910</speed><sat>35</sat></trkpt>
  <trkpt lat="38.98466875" lon="33.48372765"><ele>960.743</ele><time>2026-09-29T06:40:23Z</time><speed>20.630</speed><sat>36</sat></trkpt>
  <trkpt lat="38.98479162" lon="33.48354962"><ele>960.719</ele><time>2026-09-29T06:40:24Z</time><speed>20.320</speed><sat>36</sat></trkpt>
  <trkpt lat="38.98491693" lon="33.48338213"><ele>960.486</ele><time>2026-09-29T06:40:25Z</time><speed>20.420</speed><sat>36</sat></trkpt>
  <trkpt lat="38.98503639" lon="33.48321146"><ele>960.910</ele><time>2026-09-29T06:40:26Z</time><speed>20.340</speed><sat>36</sat></trkpt>
  <trkpt lat="38.98515913" lon="33.48303860"><ele>960.915</ele><time>2026-09-29T06:40:27Z</time><speed>20.240</speed><sat>36</sat></trkpt>
  <trkpt lat="38.98527562" lon="33.48285749"><ele>961.064</ele><time>2026-09-29T06:40:28Z</time><speed>20.350</speed><sat>36</sat></trkpt>
  <trkpt lat="38.98539627" lon="33.48267732"><ele>961.295</ele><time>2026-09-29T06:40:29Z</time><speed>20.310</speed><sat>36</sat></trkpt>
  <trkpt lat="38.98551491" lon="33.48249421"><ele>961.155</ele><time>2026-09-29T06:40:30Z</time><speed>20.160</speed><sat>36</sat></trkpt>
  <trkpt lat="38.98564411" lon="33.48231983"><ele>961.482</ele><time>2026-09-29T06:40:31Z</time><speed>20.370</speed><sat>36</sat></trkpt>
  <trkpt lat="38.98576789" lon="33.48214205"><ele>961.746</ele><time>2026-09-29T06:40:32Z</time><speed>20.370</speed><sat>37</sat></trkpt>
  <trkpt lat="38.98588958" lon="33.48196682"><ele>961.972</ele><time>2026-09-29T06:40:33Z</time><speed>20.400</speed><sat>36</sat></trkpt>
  <trkpt lat="38.98601068" lon="33.48179059"><ele>962.247</ele><time>2026-09-29T06:40:34Z</time><speed>20.710</speed><sat>36</sat></trkpt>
  <trkpt lat="38.98613586" lon="33.48161104"><ele>962.621</ele><time>2026-09-29T06:40:35Z</time><speed>20.880</speed><sat>37</sat></trkpt>
  <trkpt lat="38.98625880" lon="33.48143262"><ele>962.930</ele><time>2026-09-29T06:40:36Z</time><speed>20.710</speed><sat>37</sat></trkpt>
  <trkpt lat="38.98638072" lon="33.48125774"><ele>963.317</ele><time>2026-09-29T06:40:37Z</time><speed>20.490</speed><sat>37</sat></trkpt>
  <trkpt lat="38.98649936" lon="33.48108277"><ele>963.837</ele><time>2026-09-29T06:40:38Z</time><speed>20.250</speed><sat>37</sat></trkpt>
  <trkpt lat="38.98662181" lon="33.48090903"><ele>964.571</ele><time>2026-09-29T06:40:39Z</time><speed>20.280</speed><sat>36</sat></trkpt>
  <trkpt lat="38.98674622" lon="33.48073428"><ele>964.042</ele><time>2026-09-29T06:40:40Z</time><speed>20.170</speed><sat>36</sat></trkpt>
  <trkpt lat="38.98686098" lon="33.48056119"><ele>963.328</ele><time>2026-09-29T06:40:41Z</time><speed>19.580</speed><sat>36</sat></trkpt>
  <trkpt lat="38.98697984" lon="33.48038345"><ele>964.316</ele><time>2026-09-29T06:40:42Z</time><speed>20.290</speed><sat>37</sat></trkpt>
  <trkpt lat="38.98710001" lon="33.48020619"><ele>964.384</ele><time>2026-09-29T06:40:43Z</time><speed>20.380</speed><sat>37</sat></trkpt>
  <trkpt lat="38.98721954" lon="33.48002498"><ele>964.763</ele><time>2026-09-29T06:40:44Z</time><speed>20.750</speed><sat>38</sat></trkpt>
  <trkpt lat="38.98734598" lon="33.47984398"><ele>965.173</ele><time>2026-09-29T06:40:45Z</time><speed>20.870</speed><sat>38</sat></trkpt>
  <trkpt lat="38.98746828" lon="33.47966275"><ele>965.803</ele><time>2026-09-29T06:40:46Z</time><speed>20.770</speed><sat>38</sat></trkpt>
  <trkpt lat="38.98759655" lon="33.47947929"><ele>966.254</ele><time>2026-09-29T06:40:47Z</time><speed>21.390</speed><sat>38</sat></trkpt>
  <trkpt lat="38.98772656" lon="33.47929206"><ele>966.650</ele><time>2026-09-29T06:40:48Z</time><speed>21.940</speed><sat>38</sat></trkpt>
  <trkpt lat="38.98785834" lon="33.47909774"><ele>967.068</ele><time>2026-09-29T06:40:49Z</time><speed>22.590</speed><sat>38</sat></trkpt>
  <trkpt lat="38.98799366" lon="33.47890140"><ele>967.499</ele><time>2026-09-29T06:40:50Z</time><speed>22.950</speed><sat>38</sat></trkpt>
  <trkpt lat="38.98813197" lon="33.47870136"><ele>967.837</ele><time>2026-09-29T06:40:51Z</time><speed>23.240</speed><sat>37</sat></trkpt>
  <trkpt lat="38.98826992" lon="33.47849982"><ele>968.015</ele><time>2026-09-29T06:40:52Z</time><speed>23.430</speed><sat>35</sat></trkpt>
  <trkpt lat="38.98840794" lon="33.47829865"><ele>968.479</ele><time>2026-09-29T06:40:53Z</time><speed>23.410</speed><sat>35</sat></trkpt>
  <trkpt lat="38.98854486" lon="33.47810298"><ele>968.770</ele><time>2026-09-29T06:40:54Z</time><speed>22.700</speed><sat>36</sat></trkpt>
  <trkpt lat="38.98867907" lon="33.47790751"><ele>968.983</ele><time>2026-09-29T06:40:55Z</time><speed>22.470</speed><sat>35</sat></trkpt>
  <trkpt lat="38.98881605" lon="33.47771139"><ele>969.156</ele><time>2026-09-29T06:40:56Z</time><speed>22.820</speed><sat>35</sat></trkpt>
  <trkpt lat="38.98895377" lon="33.47751156"><ele>969.221</ele><time>2026-09-29T06:40:57Z</time><speed>23.310</speed><sat>35</sat></trkpt>
  <trkpt lat="38.98909338" lon="33.47730805"><ele>969.233</ele><time>2026-09-29T06:40:58Z</time><speed>23.680</speed><sat>35</sat></trkpt>
  <trkpt lat="38.98923556" lon="33.47710374"><ele>969.290</ele><time>2026-09-29T06:40:59Z</time><speed>23.950</speed><sat>35</sat></trkpt>
  <trkpt lat="38.98937743" lon="33.47689832"><ele>969.370</ele><time>2026-09-29T06:41:00Z</time><speed>23.880</speed><sat>34</sat></trkpt>
  <trkpt lat="38.98951914" lon="33.47669225"><ele>969.293</ele><time>2026-09-29T06:41:01Z</time><speed>23.820</speed><sat>34</sat></trkpt>
  <trkpt lat="38.98966371" lon="33.47648384"><ele>969.216</ele><time>2026-09-29T06:41:02Z</time><speed>24.260</speed><sat>34</sat></trkpt>
  <trkpt lat="38.98980663" lon="33.47627496"><ele>969.050</ele><time>2026-09-29T06:41:03Z</time><speed>24.400</speed><sat>34</sat></trkpt>
  <trkpt lat="38.98995469" lon="33.47605992"><ele>968.934</ele><time>2026-09-29T06:41:04Z</time><speed>24.930</speed><sat>33</sat></trkpt>
  <trkpt lat="38.99010212" lon="33.47584520"><ele>968.660</ele><time>2026-09-29T06:41:05Z</time><speed>24.890</speed><sat>33</sat></trkpt>
  <trkpt lat="38.99025281" lon="33.47562704"><ele>968.592</ele><time>2026-09-29T06:41:06Z</time><speed>25.180</speed><sat>33</sat></trkpt>
  <trkpt lat="38.99040213" lon="33.47540919"><ele>968.026</ele><time>2026-09-29T06:41:07Z</time><speed>25.150</speed><sat>33</sat></trkpt>
  <trkpt lat="38.99055125" lon="33.47519064"><ele>967.791</ele><time>2026-09-29T06:41:08Z</time><speed>25.220</speed><sat>33</sat></trkpt>
  <trkpt lat="38.99069767" lon="33.47497419"><ele>967.443</ele><time>2026-09-29T06:41:09Z</time><speed>24.680</speed><sat>33</sat></trkpt>
  <trkpt lat="38.99084685" lon="33.47475936"><ele>967.334</ele><time>2026-09-29T06:41:10Z</time><speed>24.800</speed><sat>32</sat></trkpt>
  <trkpt lat="38.99099536" lon="33.47454996"><ele>966.890</ele><time>2026-09-29T06:41:11Z</time><speed>24.910</speed><sat>32</sat></trkpt>
  <trkpt lat="38.99114527" lon="33.47433255"><ele>966.667</ele><time>2026-09-29T06:41:12Z</time><speed>25.130</speed><sat>33</sat></trkpt>
  <trkpt lat="38.99129654" lon="33.47411168"><ele>966.647</ele><time>2026-09-29T06:41:13Z</time><speed>25.440</speed><sat>34</sat></trkpt>
  <trkpt lat="38.99144930" lon="33.47388717"><ele>966.973</ele><time>2026-09-29T06:41:14Z</time><speed>25.780</speed><sat>34</sat></trkpt>
  <trkpt lat="38.99160507" lon="33.47365896"><ele>967.214</ele><time>2026-09-29T06:41:15Z</time><speed>26.300</speed><sat>34</sat></trkpt>
  <trkpt lat="38.99176598" lon="33.47342484"><ele>967.208</ele><time>2026-09-29T06:41:16Z</time><speed>26.990</speed><sat>34</sat></trkpt>
  <trkpt lat="38.99192870" lon="33.47318489"><ele>967.267</ele><time>2026-09-29T06:41:17Z</time><speed>27.440</speed><sat>34</sat></trkpt>
  <trkpt lat="38.99209289" lon="33.47293810"><ele>967.319</ele><time>2026-09-29T06:41:18Z</time><speed>27.970</speed><sat>35</sat></trkpt>
  <trkpt lat="38.99226058" lon="33.47268732"><ele>967.461</ele><time>2026-09-29T06:41:19Z</time><speed>28.450</speed><sat>34</sat></trkpt>
  <trkpt lat="38.99242951" lon="33.47243220"><ele>967.728</ele><time>2026-09-29T06:41:20Z</time><speed>28.690</speed><sat>35</sat></trkpt>
  <trkpt lat="38.99259938" lon="33.47218145"><ele>967.984</ele><time>2026-09-29T06:41:21Z</time><speed>28.610</speed><sat>35</sat></trkpt>
  <trkpt lat="38.99276996" lon="33.47193127"><ele>967.946</ele><time>2026-09-29T06:41:22Z</time><speed>28.640</speed><sat>35</sat></trkpt>
  <trkpt lat="38.99293900" lon="33.47168370"><ele>967.859</ele><time>2026-09-29T06:41:23Z</time><speed>28.570</speed><sat>34</sat></trkpt>
  <trkpt lat="38.99310868" lon="33.47143553"><ele>967.684</ele><time>2026-09-29T06:41:24Z</time><speed>28.590</speed><sat>34</sat></trkpt>
  <trkpt lat="38.99328254" lon="33.47118783"><ele>967.670</ele><time>2026-09-29T06:41:25Z</time><speed>28.860</speed><sat>34</sat></trkpt>
  <trkpt lat="38.99345909" lon="33.47094220"><ele>967.770</ele><time>2026-09-29T06:41:26Z</time><speed>28.950</speed><sat>35</sat></trkpt>
  <trkpt lat="38.99364076" lon="33.47070447"><ele>967.429</ele><time>2026-09-29T06:41:27Z</time><speed>28.910</speed><sat>36</sat></trkpt>
  <trkpt lat="38.99381952" lon="33.47047624"><ele>966.894</ele><time>2026-09-29T06:41:28Z</time><speed>28.760</speed><sat>35</sat></trkpt>
  <trkpt lat="38.99400169" lon="33.47024920"><ele>966.417</ele><time>2026-09-29T06:41:29Z</time><speed>28.200</speed><sat>36</sat></trkpt>
  <trkpt lat="38.99419053" lon="33.47001688"><ele>965.985</ele><time>2026-09-29T06:41:30Z</time><speed>28.510</speed><sat>36</sat></trkpt>
  <trkpt lat="38.99439603" lon="33.46978077"><ele>965.919</ele><time>2026-09-29T06:41:31Z</time><speed>29.360</speed><sat>36</sat></trkpt>
  <trkpt lat="38.99460013" lon="33.46955504"><ele>965.946</ele><time>2026-09-29T06:41:32Z</time><speed>29.220</speed><sat>35</sat></trkpt>
  <trkpt lat="38.99482254" lon="33.46931406"><ele>965.824</ele><time>2026-09-29T06:41:33Z</time><speed>30.260</speed><sat>35</sat></trkpt>
  <trkpt lat="38.99503893" lon="33.46909496"><ele>965.113</ele><time>2026-09-29T06:41:34Z</time><speed>30.280</speed><sat>35</sat></trkpt>
  <trkpt lat="38.99525955" lon="33.46888362"><ele>964.453</ele><time>2026-09-29T06:41:35Z</time><speed>30.460</speed><sat>34</sat></trkpt>
  <trkpt lat="38.99548858" lon="33.46866855"><ele>964.008</ele><time>2026-09-29T06:41:36Z</time><speed>30.640</speed><sat>32</sat></trkpt>
  <trkpt lat="38.99571313" lon="33.46846813"><ele>963.601</ele><time>2026-09-29T06:41:37Z</time><speed>30.730</speed><sat>31</sat></trkpt>
  <trkpt lat="38.99593978" lon="33.46826798"><ele>963.475</ele><time>2026-09-29T06:41:38Z</time><speed>30.640</speed><sat>31</sat></trkpt>
  <trkpt lat="38.99616872" lon="33.46807106"><ele>962.757</ele><time>2026-09-29T06:41:39Z</time><speed>30.680</speed><sat>32</sat></trkpt>
  <trkpt lat="38.99639847" lon="33.46788058"><ele>962.458</ele><time>2026-09-29T06:41:40Z</time><speed>30.560</speed><sat>33</sat></trkpt>
  <trkpt lat="38.99663133" lon="33.46769237"><ele>961.860</ele><time>2026-09-29T06:41:41Z</time><speed>30.450</speed><sat>33</sat></trkpt>
  <trkpt lat="38.99685890" lon="33.46751342"><ele>961.270</ele><time>2026-09-29T06:41:42Z</time><speed>30.380</speed><sat>32</sat></trkpt>
  <trkpt lat="38.99709632" lon="33.46733831"><ele>960.448</ele><time>2026-09-29T06:41:43Z</time><speed>30.300</speed><sat>33</sat></trkpt>
  <trkpt lat="38.99733519" lon="33.46716267"><ele>959.955</ele><time>2026-09-29T06:41:44Z</time><speed>30.530</speed><sat>33</sat></trkpt>
  <trkpt lat="38.99757477" lon="33.46698908"><ele>959.449</ele><time>2026-09-29T06:41:45Z</time><speed>30.490</speed><sat>33</sat></trkpt>
  <trkpt lat="38.99781193" lon="33.46681788"><ele>959.197</ele><time>2026-09-29T06:41:46Z</time><speed>30.080</speed><sat>34</sat></trkpt>
  <trkpt lat="38.99804910" lon="33.46664483"><ele>958.780</ele><time>2026-09-29T06:41:47Z</time><speed>30.280</speed><sat>34</sat></trkpt>
  <trkpt lat="38.99829050" lon="33.46647470"><ele>958.283</ele><time>2026-09-29T06:41:48Z</time><speed>30.210</speed><sat>34</sat></trkpt>
  <trkpt lat="38.99853227" lon="33.46630344"><ele>957.772</ele><time>2026-09-29T06:41:49Z</time><speed>30.240</speed><sat>34</sat></trkpt>
  <trkpt lat="38.99876809" lon="33.46613420"><ele>957.805</ele><time>2026-09-29T06:41:50Z</time><speed>30.160</speed><sat>34</sat></trkpt>
  <trkpt lat="38.99901109" lon="33.46596820"><ele>957.458</ele><time>2026-09-29T06:41:51Z</time><speed>29.920</speed><sat>34</sat></trkpt>
  <trkpt lat="38.99924177" lon="33.46580026"><ele>957.419</ele><time>2026-09-29T06:41:52Z</time><speed>29.340</speed><sat>32</sat></trkpt>
  <trkpt lat="38.99946857" lon="33.46563569"><ele>957.376</ele><time>2026-09-29T06:41:53Z</time><speed>29.140</speed><sat>32</sat></trkpt>
  <trkpt lat="38.99969801" lon="33.46546816"><ele>957.443</ele><time>2026-09-29T06:41:54Z</time><speed>29.200</speed><sat>31</sat></trkpt>
  <trkpt lat="38.99992636" lon="33.46530457"><ele>957.550</ele><time>2026-09-29T06:41:55Z</time><speed>28.990</speed><sat>31</sat></trkpt>
  <trkpt lat="39.00015272" lon="33.46513931"><ele>957.474</ele><time>2026-09-29T06:41:56Z</time><speed>28.990</speed><sat>31</sat></trkpt>
  <trkpt lat="39.00037999" lon="33.46497399"><ele>957.461</ele><time>2026-09-29T06:41:57Z</time><speed>28.980</speed><sat>31</sat></trkpt>
  <trkpt lat="39.00060798" lon="33.46480959"><ele>957.627</ele><time>2026-09-29T06:41:58Z</time><speed>29.040</speed><sat>31</sat></trkpt>
  <trkpt lat="39.00083445" lon="33.46464463"><ele>957.809</ele><time>2026-09-29T06:41:59Z</time><speed>29.030</speed><sat>31</sat></trkpt>
  <trkpt lat="39.00105953" lon="33.46448310"><ele>957.691</ele><time>2026-09-29T06:42:00Z</time><speed>28.870</speed><sat>31</sat></trkpt>
  <trkpt lat="39.00128320" lon="33.46431960"><ele>957.853</ele><time>2026-09-29T06:42:01Z</time><speed>28.690</speed><sat>30</sat></trkpt>
  <trkpt lat="39.00150562" lon="33.46415509"><ele>957.998</ele><time>2026-09-29T06:42:02Z</time><speed>28.570</speed><sat>31</sat></trkpt>
  <trkpt lat="39.00172904" lon="33.46399401"><ele>957.898</ele><time>2026-09-29T06:42:03Z</time><speed>28.360</speed><sat>31</sat></trkpt>
  <trkpt lat="39.00194853" lon="33.46383402"><ele>957.875</ele><time>2026-09-29T06:42:04Z</time><speed>27.920</speed><sat>32</sat></trkpt>
  <trkpt lat="39.00216780" lon="33.46367331"><ele>958.043</ele><time>2026-09-29T06:42:05Z</time><speed>27.930</speed><sat>32</sat></trkpt>
  <trkpt lat="39.00238600" lon="33.46351536"><ele>958.060</ele><time>2026-09-29T06:42:06Z</time><speed>27.660</speed><sat>31</sat></trkpt>
  <trkpt lat="39.00260287" lon="33.46335853"><ele>958.068</ele><time>2026-09-29T06:42:07Z</time><speed>27.230</speed><sat>31</sat></trkpt>
  <trkpt lat="39.00281433" lon="33.46320298"><ele>958.293</ele><time>2026-09-29T06:42:08Z</time><speed>26.900</speed><sat>31</sat></trkpt>
  <trkpt lat="39.00302460" lon="33.46305232"><ele>958.151</ele><time>2026-09-29T06:42:09Z</time><speed>26.570</speed><sat>31</sat></trkpt>
  <trkpt lat="39.00323387" lon="33.46290707"><ele>958.066</ele><time>2026-09-29T06:42:10Z</time><speed>26.320</speed><sat>31</sat></trkpt>
  <trkpt lat="39.00344199" lon="33.46275936"><ele>958.223</ele><time>2026-09-29T06:42:11Z</time><speed>26.310</speed><sat>31</sat></trkpt>
  <trkpt lat="39.00364969" lon="33.46261078"><ele>958.528</ele><time>2026-09-29T06:42:12Z</time><speed>26.440</speed><sat>32</sat></trkpt>
  <trkpt lat="39.00385839" lon="33.46246345"><ele>958.496</ele><time>2026-09-29T06:42:13Z</time><speed>26.410</speed><sat>33</sat></trkpt>
  <trkpt lat="39.00406594" lon="33.46232160"><ele>958.592</ele><time>2026-09-29T06:42:14Z</time><speed>26.000</speed><sat>33</sat></trkpt>
  <trkpt lat="39.00427791" lon="33.46218574"><ele>958.477</ele><time>2026-09-29T06:42:15Z</time><speed>26.130</speed><sat>33</sat></trkpt>
  <trkpt lat="39.00449019" lon="33.46205122"><ele>958.291</ele><time>2026-09-29T06:42:16Z</time><speed>26.340</speed><sat>33</sat></trkpt>
  <trkpt lat="39.00470238" lon="33.46191505"><ele>958.246</ele><time>2026-09-29T06:42:17Z</time><speed>26.420</speed><sat>33</sat></trkpt>
  <trkpt lat="39.00491476" lon="33.46177684"><ele>958.054</ele><time>2026-09-29T06:42:18Z</time><speed>26.490</speed><sat>33</sat></trkpt>
  <trkpt lat="39.00512531" lon="33.46163432"><ele>957.770</ele><time>2026-09-29T06:42:19Z</time><speed>26.220</speed><sat>32</sat></trkpt>
  <trkpt lat="39.00533235" lon="33.46148117"><ele>957.541</ele><time>2026-09-29T06:42:20Z</time><speed>26.610</speed><sat>32</sat></trkpt>
  <trkpt lat="39.00553756" lon="33.46132468"><ele>957.235</ele><time>2026-09-29T06:42:21Z</time><speed>26.740</speed><sat>33</sat></trkpt>
  <trkpt lat="39.00573997" lon="33.46116333"><ele>956.652</ele><time>2026-09-29T06:42:22Z</time><speed>26.730</speed><sat>32</sat></trkpt>
  <trkpt lat="39.00594462" lon="33.46100014"><ele>956.331</ele><time>2026-09-29T06:42:23Z</time><speed>26.750</speed><sat>32</sat></trkpt>
  <trkpt lat="39.00614678" lon="33.46083331"><ele>955.934</ele><time>2026-09-29T06:42:24Z</time><speed>26.530</speed><sat>32</sat></trkpt>
  <trkpt lat="39.00634959" lon="33.46066849"><ele>955.502</ele><time>2026-09-29T06:42:25Z</time><speed>26.540</speed><sat>30</sat></trkpt>
  <trkpt lat="39.00655241" lon="33.46049790"><ele>955.071</ele><time>2026-09-29T06:42:26Z</time><speed>26.620</speed><sat>28</sat></trkpt>
  <trkpt lat="39.00675602" lon="33.46033562"><ele>954.635</ele><time>2026-09-29T06:42:27Z</time><speed>26.340</speed><sat>29</sat></trkpt>
  <trkpt lat="39.00695512" lon="33.46017153"><ele>954.342</ele><time>2026-09-29T06:42:28Z</time><speed>26.480</speed><sat>29</sat></trkpt>
  <trkpt lat="39.00715739" lon="33.46001459"><ele>954.278</ele><time>2026-09-29T06:42:29Z</time><speed>26.240</speed><sat>28</sat></trkpt>
  <trkpt lat="39.00736039" lon="33.45986083"><ele>953.964</ele><time>2026-09-29T06:42:30Z</time><speed>26.340</speed><sat>29</sat></trkpt>
  <trkpt lat="39.00756291" lon="33.45970478"><ele>953.756</ele><time>2026-09-29T06:42:31Z</time><speed>26.410</speed><sat>29</sat></trkpt>
  <trkpt lat="39.00776867" lon="33.45954671"><ele>953.337</ele><time>2026-09-29T06:42:32Z</time><speed>26.580</speed><sat>29</sat></trkpt>
  <trkpt lat="39.00797427" lon="33.45939027"><ele>953.180</ele><time>2026-09-29T06:42:33Z</time><speed>26.420</speed><sat>29</sat></trkpt>
  <trkpt lat="39.00817787" lon="33.45923354"><ele>952.970</ele><time>2026-09-29T06:42:34Z</time><speed>26.510</speed><sat>29</sat></trkpt>
  <trkpt lat="39.00838357" lon="33.45907654"><ele>952.766</ele><time>2026-09-29T06:42:35Z</time><speed>26.620</speed><sat>29</sat></trkpt>
  <trkpt lat="39.00859036" lon="33.45891823"><ele>952.469</ele><time>2026-09-29T06:42:36Z</time><speed>26.880</speed><sat>29</sat></trkpt>
  <trkpt lat="39.00879836" lon="33.45876151"><ele>952.207</ele><time>2026-09-29T06:42:37Z</time><speed>27.100</speed><sat>29</sat></trkpt>
  <trkpt lat="39.00900976" lon="33.45860256"><ele>951.887</ele><time>2026-09-29T06:42:38Z</time><speed>27.220</speed><sat>28</sat></trkpt>
  <trkpt lat="39.00921756" lon="33.45844353"><ele>951.708</ele><time>2026-09-29T06:42:39Z</time><speed>26.990</speed><sat>29</sat></trkpt>
  <trkpt lat="39.00941043" lon="33.45829062"><ele>951.854</ele><time>2026-09-29T06:42:40Z</time><speed>25.310</speed><sat>29</sat></trkpt>
  <trkpt lat="39.00964371" lon="33.45812370"><ele>951.776</ele><time>2026-09-29T06:42:41Z</time><speed>28.300</speed><sat>30</sat></trkpt>
  <trkpt lat="39.00985389" lon="33.45796519"><ele>951.478</ele><time>2026-09-29T06:42:42Z</time><speed>27.500</speed><sat>31</sat></trkpt>
  <trkpt lat="39.01007171" lon="33.45780300"><ele>951.443</ele><time>2026-09-29T06:42:43Z</time><speed>27.490</speed><sat>31</sat></trkpt>
  <trkpt lat="39.01028377" lon="33.45763941"><ele>951.641</ele><time>2026-09-29T06:42:44Z</time><speed>27.550</speed><sat>31</sat></trkpt>
  <trkpt lat="39.01049472" lon="33.45747479"><ele>951.436</ele><time>2026-09-29T06:42:45Z</time><speed>27.510</speed><sat>30</sat></trkpt>
  <trkpt lat="39.01070653" lon="33.45730557"><ele>951.266</ele><time>2026-09-29T06:42:46Z</time><speed>27.530</speed><sat>30</sat></trkpt>
  <trkpt lat="39.01091264" lon="33.45712828"><ele>951.220</ele><time>2026-09-29T06:42:47Z</time><speed>27.460</speed><sat>29</sat></trkpt>
  <trkpt lat="39.01111626" lon="33.45694741"><ele>951.258</ele><time>2026-09-29T06:42:48Z</time><speed>27.450</speed><sat>28</sat></trkpt>
  <trkpt lat="39.01131339" lon="33.45675976"><ele>951.332</ele><time>2026-09-29T06:42:49Z</time><speed>27.290</speed><sat>29</sat></trkpt>
  <trkpt lat="39.01150771" lon="33.45656908"><ele>951.208</ele><time>2026-09-29T06:42:50Z</time><speed>27.230</speed><sat>27</sat></trkpt>
  <trkpt lat="39.01169851" lon="33.45636874"><ele>950.873</ele><time>2026-09-29T06:42:51Z</time><speed>27.350</speed><sat>28</sat></trkpt>
  <trkpt lat="39.01188426" lon="33.45616453"><ele>950.571</ele><time>2026-09-29T06:42:52Z</time><speed>27.300</speed><sat>28</sat></trkpt>
  <trkpt lat="39.01206764" lon="33.45595301"><ele>950.632</ele><time>2026-09-29T06:42:53Z</time><speed>27.360</speed><sat>28</sat></trkpt>
  <trkpt lat="39.01224701" lon="33.45573816"><ele>950.372</ele><time>2026-09-29T06:42:54Z</time><speed>27.310</speed><sat>28</sat></trkpt>
  <trkpt lat="39.01242760" lon="33.45551980"><ele>949.478</ele><time>2026-09-29T06:42:55Z</time><speed>27.750</speed><sat>28</sat></trkpt>
  <trkpt lat="39.01260926" lon="33.45529840"><ele>950.065</ele><time>2026-09-29T06:42:56Z</time><speed>27.760</speed><sat>31</sat></trkpt>
  <trkpt lat="39.01278279" lon="33.45508304"><ele>950.709</ele><time>2026-09-29T06:42:57Z</time><speed>27.870</speed><sat>32</sat></trkpt>
  <trkpt lat="39.01296629" lon="33.45485680"><ele>950.406</ele><time>2026-09-29T06:42:58Z</time><speed>28.090</speed><sat>33</sat></trkpt>
  <trkpt lat="39.01315136" lon="33.45463408"><ele>950.248</ele><time>2026-09-29T06:42:59Z</time><speed>28.390</speed><sat>33</sat></trkpt>
  <trkpt lat="39.01333415" lon="33.45441018"><ele>950.074</ele><time>2026-09-29T06:43:00Z</time><speed>28.570</speed><sat>33</sat></trkpt>
  <trkpt lat="39.01352168" lon="33.45418498"><ele>950.393</ele><time>2026-09-29T06:43:01Z</time><speed>28.680</speed><sat>33</sat></trkpt>
  <trkpt lat="39.01370828" lon="33.45395869"><ele>950.209</ele><time>2026-09-29T06:43:02Z</time><speed>28.670</speed><sat>33</sat></trkpt>
  <trkpt lat="39.01389504" lon="33.45373180"><ele>950.454</ele><time>2026-09-29T06:43:03Z</time><speed>28.560</speed><sat>33</sat></trkpt>
  <trkpt lat="39.01408000" lon="33.45350296"><ele>950.511</ele><time>2026-09-29T06:43:04Z</time><speed>28.560</speed><sat>32</sat></trkpt>
  <trkpt lat="39.01426772" lon="33.45327439"><ele>950.409</ele><time>2026-09-29T06:43:05Z</time><speed>28.700</speed><sat>32</sat></trkpt>
  <trkpt lat="39.01445745" lon="33.45304740"><ele>950.568</ele><time>2026-09-29T06:43:06Z</time><speed>28.780</speed><sat>31</sat></trkpt>
  <trkpt lat="39.01464610" lon="33.45282033"><ele>951.250</ele><time>2026-09-29T06:43:07Z</time><speed>28.800</speed><sat>27</sat></trkpt>
  <trkpt lat="39.01483544" lon="33.45259432"><ele>951.613</ele><time>2026-09-29T06:43:08Z</time><speed>28.780</speed><sat>27</sat></trkpt>
  <trkpt lat="39.01502111" lon="33.45237062"><ele>951.990</ele><time>2026-09-29T06:43:09Z</time><speed>28.250</speed><sat>28</sat></trkpt>
  <trkpt lat="39.01520539" lon="33.45214355"><ele>952.277</ele><time>2026-09-29T06:43:10Z</time><speed>28.370</speed><sat>28</sat></trkpt>
  <trkpt lat="39.01538897" lon="33.45192132"><ele>952.468</ele><time>2026-09-29T06:43:11Z</time><speed>28.040</speed><sat>27</sat></trkpt>
  <trkpt lat="39.01557073" lon="33.45170095"><ele>952.653</ele><time>2026-09-29T06:43:12Z</time><speed>27.670</speed><sat>28</sat></trkpt>
  <trkpt lat="39.01575310" lon="33.45147929"><ele>952.857</ele><time>2026-09-29T06:43:13Z</time><speed>27.770</speed><sat>28</sat></trkpt>
  <trkpt lat="39.01593600" lon="33.45126040"><ele>953.166</ele><time>2026-09-29T06:43:14Z</time><speed>27.820</speed><sat>30</sat></trkpt>
  <trkpt lat="39.01611518" lon="33.45104741"><ele>953.381</ele><time>2026-09-29T06:43:15Z</time><speed>27.130</speed><sat>29</sat></trkpt>
  <trkpt lat="39.01629471" lon="33.45083906"><ele>953.448</ele><time>2026-09-29T06:43:16Z</time><speed>26.760</speed><sat>29</sat></trkpt>
  <trkpt lat="39.01647538" lon="33.45063528"><ele>953.506</ele><time>2026-09-29T06:43:17Z</time><speed>26.680</speed><sat>30</sat></trkpt>
  <trkpt lat="39.01665723" lon="33.45043439"><ele>953.950</ele><time>2026-09-29T06:43:18Z</time><speed>26.570</speed><sat>31</sat></trkpt>
  <trkpt lat="39.01683964" lon="33.45024148"><ele>954.598</ele><time>2026-09-29T06:43:19Z</time><speed>26.290</speed><sat>31</sat></trkpt>
  <trkpt lat="39.01702935" lon="33.45006019"><ele>954.906</ele><time>2026-09-29T06:43:20Z</time><speed>26.220</speed><sat>30</sat></trkpt>
  <trkpt lat="39.01722305" lon="33.44988379"><ele>955.660</ele><time>2026-09-29T06:43:21Z</time><speed>26.250</speed><sat>31</sat></trkpt>
  <trkpt lat="39.01741896" lon="33.44971946"><ele>956.174</ele><time>2026-09-29T06:43:22Z</time><speed>25.890</speed><sat>32</sat></trkpt>
  <trkpt lat="39.01761950" lon="33.44956896"><ele>956.639</ele><time>2026-09-29T06:43:23Z</time><speed>25.550</speed><sat>32</sat></trkpt>
  <trkpt lat="39.01782163" lon="33.44942897"><ele>957.083</ele><time>2026-09-29T06:43:24Z</time><speed>25.490</speed><sat>32</sat></trkpt>
  <trkpt lat="39.01802804" lon="33.44929821"><ele>957.343</ele><time>2026-09-29T06:43:25Z</time><speed>25.650</speed><sat>33</sat></trkpt>
  <trkpt lat="39.01823924" lon="33.44917536"><ele>957.615</ele><time>2026-09-29T06:43:26Z</time><speed>26.000</speed><sat>32</sat></trkpt>
  <trkpt lat="39.01845757" lon="33.44906228"><ele>957.813</ele><time>2026-09-29T06:43:27Z</time><speed>26.200</speed><sat>33</sat></trkpt>
  <trkpt lat="39.01867826" lon="33.44896273"><ele>957.855</ele><time>2026-09-29T06:43:28Z</time><speed>26.010</speed><sat>33</sat></trkpt>
  <trkpt lat="39.01890388" lon="33.44887639"><ele>957.799</ele><time>2026-09-29T06:43:29Z</time><speed>26.320</speed><sat>32</sat></trkpt>
  <trkpt lat="39.01913723" lon="33.44880468"><ele>957.746</ele><time>2026-09-29T06:43:30Z</time><speed>26.760</speed><sat>32</sat></trkpt>
  <trkpt lat="39.01937158" lon="33.44874978"><ele>957.595</ele><time>2026-09-29T06:43:31Z</time><speed>26.600</speed><sat>34</sat></trkpt>
  <trkpt lat="39.01960671" lon="33.44870497"><ele>957.479</ele><time>2026-09-29T06:43:32Z</time><speed>26.400</speed><sat>36</sat></trkpt>
  <trkpt lat="39.01984672" lon="33.44866879"><ele>957.433</ele><time>2026-09-29T06:43:33Z</time><speed>26.770</speed><sat>35</sat></trkpt>
  <trkpt lat="39.02008346" lon="33.44864563"><ele>957.483</ele><time>2026-09-29T06:43:34Z</time><speed>26.420</speed><sat>34</sat></trkpt>
  <trkpt lat="39.02032108" lon="33.44863028"><ele>957.503</ele><time>2026-09-29T06:43:35Z</time><speed>26.420</speed><sat>34</sat></trkpt>
  <trkpt lat="39.02056086" lon="33.44862127"><ele>957.437</ele><time>2026-09-29T06:43:36Z</time><speed>26.550</speed><sat>35</sat></trkpt>
  <trkpt lat="39.02080007" lon="33.44861633"><ele>957.237</ele><time>2026-09-29T06:43:37Z</time><speed>26.620</speed><sat>35</sat></trkpt>
  <trkpt lat="39.02104620" lon="33.44861046"><ele>956.803</ele><time>2026-09-29T06:43:38Z</time><speed>27.080</speed><sat>34</sat></trkpt>
  <trkpt lat="39.02129160" lon="33.44860735"><ele>956.710</ele><time>2026-09-29T06:43:39Z</time><speed>27.260</speed><sat>34</sat></trkpt>
  <trkpt lat="39.02153643" lon="33.44860203"><ele>956.435</ele><time>2026-09-29T06:43:40Z</time><speed>27.030</speed><sat>34</sat></trkpt>
  <trkpt lat="39.02178286" lon="33.44859411"><ele>956.086</ele><time>2026-09-29T06:43:41Z</time><speed>27.330</speed><sat>35</sat></trkpt>
  <trkpt lat="39.02203100" lon="33.44858474"><ele>955.988</ele><time>2026-09-29T06:43:42Z</time><speed>27.630</speed><sat>35</sat></trkpt>
  <trkpt lat="39.02228168" lon="33.44857777"><ele>955.403</ele><time>2026-09-29T06:43:43Z</time><speed>27.940</speed><sat>33</sat></trkpt>
  <trkpt lat="39.02253138" lon="33.44856103"><ele>954.697</ele><time>2026-09-29T06:43:44Z</time><speed>27.740</speed><sat>33</sat></trkpt>
  <trkpt lat="39.02278323" lon="33.44854513"><ele>954.314</ele><time>2026-09-29T06:43:45Z</time><speed>28.120</speed><sat>33</sat></trkpt>
  <trkpt lat="39.02303787" lon="33.44852738"><ele>954.003</ele><time>2026-09-29T06:43:46Z</time><speed>28.140</speed><sat>33</sat></trkpt>
  <trkpt lat="39.02329423" lon="33.44851168"><ele>953.698</ele><time>2026-09-29T06:43:47Z</time><speed>28.390</speed><sat>33</sat></trkpt>
  <trkpt lat="39.02355063" lon="33.44849300"><ele>953.004</ele><time>2026-09-29T06:43:48Z</time><speed>28.560</speed><sat>33</sat></trkpt>
  <trkpt lat="39.02380950" lon="33.44846911"><ele>952.337</ele><time>2026-09-29T06:43:49Z</time><speed>28.710</speed><sat>33</sat></trkpt>
  <trkpt lat="39.02406371" lon="33.44844227"><ele>951.810</ele><time>2026-09-29T06:43:50Z</time><speed>28.290</speed><sat>33</sat></trkpt>
  <trkpt lat="39.02432031" lon="33.44841148"><ele>951.598</ele><time>2026-09-29T06:43:51Z</time><speed>28.370</speed><sat>33</sat></trkpt>
  <trkpt lat="39.02458912" lon="33.44838127"><ele>951.494</ele><time>2026-09-29T06:43:52Z</time><speed>29.310</speed><sat>33</sat></trkpt>
  <trkpt lat="39.02485344" lon="33.44834414"><ele>951.296</ele><time>2026-09-29T06:43:53Z</time><speed>29.280</speed><sat>34</sat></trkpt>
  <trkpt lat="39.02511950" lon="33.44830790"><ele>951.372</ele><time>2026-09-29T06:43:54Z</time><speed>29.480</speed><sat>33</sat></trkpt>
  <trkpt lat="39.02538161" lon="33.44826681"><ele>951.178</ele><time>2026-09-29T06:43:55Z</time><speed>29.350</speed><sat>35</sat></trkpt>
  <trkpt lat="39.02564690" lon="33.44822888"><ele>950.642</ele><time>2026-09-29T06:43:56Z</time><speed>29.670</speed><sat>36</sat></trkpt>
  <trkpt lat="39.02591200" lon="33.44818249"><ele>950.220</ele><time>2026-09-29T06:43:57Z</time><speed>29.870</speed><sat>36</sat></trkpt>
  <trkpt lat="39.02617498" lon="33.44813833"><ele>949.898</ele><time>2026-09-29T06:43:58Z</time><speed>29.090</speed><sat>35</sat></trkpt>
  <trkpt lat="39.02643596" lon="33.44808467"><ele>949.870</ele><time>2026-09-29T06:43:59Z</time><speed>29.300</speed><sat>34</sat></trkpt>
  <trkpt lat="39.02670667" lon="33.44803186"><ele>950.615</ele><time>2026-09-29T06:44:00Z</time><speed>30.250</speed><sat>33</sat></trkpt>
  <trkpt lat="39.02696550" lon="33.44797447"><ele>950.354</ele><time>2026-09-29T06:44:01Z</time><speed>29.280</speed><sat>33</sat></trkpt>
  <trkpt lat="39.02722638" lon="33.44792148"><ele>949.885</ele><time>2026-09-29T06:44:02Z</time><speed>29.480</speed><sat>33</sat></trkpt>
  <trkpt lat="39.02750049" lon="33.44786406"><ele>950.491</ele><time>2026-09-29T06:44:03Z</time><speed>29.630</speed><sat>33</sat></trkpt>
  <trkpt lat="39.02776148" lon="33.44780126"><ele>950.682</ele><time>2026-09-29T06:44:04Z</time><speed>29.590</speed><sat>33</sat></trkpt>
  <trkpt lat="39.02801313" lon="33.44773332"><ele>949.921</ele><time>2026-09-29T06:44:05Z</time><speed>29.510</speed><sat>32</sat></trkpt>
  <trkpt lat="39.02827014" lon="33.44766795"><ele>949.835</ele><time>2026-09-29T06:44:06Z</time><speed>29.410</speed><sat>32</sat></trkpt>
  <trkpt lat="39.02852792" lon="33.44759892"><ele>949.929</ele><time>2026-09-29T06:44:07Z</time><speed>29.190</speed><sat>32</sat></trkpt>
  <trkpt lat="39.02879176" lon="33.44752909"><ele>950.121</ele><time>2026-09-29T06:44:08Z</time><speed>29.370</speed><sat>32</sat></trkpt>
  <trkpt lat="39.02904575" lon="33.44745643"><ele>949.812</ele><time>2026-09-29T06:44:09Z</time><speed>29.320</speed><sat>32</sat></trkpt>
  <trkpt lat="39.02930423" lon="33.44738337"><ele>949.353</ele><time>2026-09-29T06:44:10Z</time><speed>29.500</speed><sat>31</sat></trkpt>
  <trkpt lat="39.02955941" lon="33.44731077"><ele>950.016</ele><time>2026-09-29T06:44:11Z</time><speed>29.010</speed><sat>30</sat></trkpt>
  <trkpt lat="39.02981310" lon="33.44723715"><ele>950.016</ele><time>2026-09-29T06:44:12Z</time><speed>28.690</speed><sat>32</sat></trkpt>
  <trkpt lat="39.03006353" lon="33.44715376"><ele>950.398</ele><time>2026-09-29T06:44:13Z</time><speed>28.810</speed><sat>35</sat></trkpt>
  <trkpt lat="39.03031740" lon="33.44707956"><ele>950.877</ele><time>2026-09-29T06:44:14Z</time><speed>28.860</speed><sat>36</sat></trkpt>
  <trkpt lat="39.03056913" lon="33.44700261"><ele>951.019</ele><time>2026-09-29T06:44:15Z</time><speed>28.850</speed><sat>34</sat></trkpt>
  <trkpt lat="39.03082060" lon="33.44691743"><ele>951.008</ele><time>2026-09-29T06:44:16Z</time><speed>28.800</speed><sat>35</sat></trkpt>
  <trkpt lat="39.03107031" lon="33.44683014"><ele>951.185</ele><time>2026-09-29T06:44:17Z</time><speed>28.670</speed><sat>35</sat></trkpt>
  <trkpt lat="39.03131807" lon="33.44673935"><ele>951.477</ele><time>2026-09-29T06:44:18Z</time><speed>28.530</speed><sat>35</sat></trkpt>
  <trkpt lat="39.03156299" lon="33.44664605"><ele>951.673</ele><time>2026-09-29T06:44:19Z</time><speed>28.340</speed><sat>34</sat></trkpt>
  <trkpt lat="39.03180864" lon="33.44654987"><ele>951.707</ele><time>2026-09-29T06:44:20Z</time><speed>28.470</speed><sat>31</sat></trkpt>
  <trkpt lat="39.03205162" lon="33.44645186"><ele>951.694</ele><time>2026-09-29T06:44:21Z</time><speed>28.250</speed><sat>31</sat></trkpt>
  <trkpt lat="39.03229181" lon="33.44635147"><ele>951.928</ele><time>2026-09-29T06:44:22Z</time><speed>28.020</speed><sat>31</sat></trkpt>
  <trkpt lat="39.03252595" lon="33.44624843"><ele>952.023</ele><time>2026-09-29T06:44:23Z</time><speed>27.910</speed><sat>31</sat></trkpt>
  <trkpt lat="39.03276546" lon="33.44614153"><ele>951.975</ele><time>2026-09-29T06:44:24Z</time><speed>28.130</speed><sat>30</sat></trkpt>
  <trkpt lat="39.03300249" lon="33.44603060"><ele>952.044</ele><time>2026-09-29T06:44:25Z</time><speed>28.070</speed><sat>31</sat></trkpt>
  <trkpt lat="39.03323997" lon="33.44591871"><ele>952.163</ele><time>2026-09-29T06:44:26Z</time><speed>28.110</speed><sat>30</sat></trkpt>
  <trkpt lat="39.03347547" lon="33.44580474"><ele>952.176</ele><time>2026-09-29T06:44:27Z</time><speed>27.960</speed><sat>30</sat></trkpt>
  <trkpt lat="39.03370883" lon="33.44568774"><ele>952.237</ele><time>2026-09-29T06:44:28Z</time><speed>27.960</speed><sat>30</sat></trkpt>
  <trkpt lat="39.03394142" lon="33.44556783"><ele>952.055</ele><time>2026-09-29T06:44:29Z</time><speed>27.780</speed><sat>30</sat></trkpt>
  <trkpt lat="39.03417458" lon="33.44544586"><ele>952.077</ele><time>2026-09-29T06:44:30Z</time><speed>28.000</speed><sat>30</sat></trkpt>
  <trkpt lat="39.03440839" lon="33.44532445"><ele>952.159</ele><time>2026-09-29T06:44:31Z</time><speed>28.090</speed><sat>30</sat></trkpt>
  <trkpt lat="39.03464239" lon="33.44520224"><ele>952.361</ele><time>2026-09-29T06:44:32Z</time><speed>28.110</speed><sat>29</sat></trkpt>
  <trkpt lat="39.03487546" lon="33.44508221"><ele>952.036</ele><time>2026-09-29T06:44:33Z</time><speed>27.960</speed><sat>31</sat></trkpt>
  <trkpt lat="39.03510819" lon="33.44496126"><ele>951.870</ele><time>2026-09-29T06:44:34Z</time><speed>27.940</speed><sat>30</sat></trkpt>
  <trkpt lat="39.03534250" lon="33.44483950"><ele>951.828</ele><time>2026-09-29T06:44:35Z</time><speed>28.060</speed><sat>31</sat></trkpt>
  <trkpt lat="39.03557472" lon="33.44471845"><ele>951.872</ele><time>2026-09-29T06:44:36Z</time><speed>27.970</speed><sat>29</sat></trkpt>
  <trkpt lat="39.03580886" lon="33.44459726"><ele>951.723</ele><time>2026-09-29T06:44:37Z</time><speed>28.060</speed><sat>32</sat></trkpt>
  <trkpt lat="39.03604266" lon="33.44447596"><ele>951.780</ele><time>2026-09-29T06:44:38Z</time><speed>27.960</speed><sat>32</sat></trkpt>
  <trkpt lat="39.03627843" lon="33.44435428"><ele>951.719</ele><time>2026-09-29T06:44:39Z</time><speed>28.220</speed><sat>32</sat></trkpt>
  <trkpt lat="39.03651134" lon="33.44423224"><ele>951.733</ele><time>2026-09-29T06:44:40Z</time><speed>28.070</speed><sat>32</sat></trkpt>
  <trkpt lat="39.03674570" lon="33.44411140"><ele>951.837</ele><time>2026-09-29T06:44:41Z</time><speed>28.030</speed><sat>32</sat></trkpt>
  <trkpt lat="39.03697907" lon="33.44398907"><ele>951.899</ele><time>2026-09-29T06:44:42Z</time><speed>27.980</speed><sat>32</sat></trkpt>
  <trkpt lat="39.03721505" lon="33.44386756"><ele>951.762</ele><time>2026-09-29T06:44:43Z</time><speed>28.110</speed><sat>32</sat></trkpt>
  <trkpt lat="39.03744734" lon="33.44374414"><ele>951.733</ele><time>2026-09-29T06:44:44Z</time><speed>28.100</speed><sat>32</sat></trkpt>
  <trkpt lat="39.03768189" lon="33.44362078"><ele>951.657</ele><time>2026-09-29T06:44:45Z</time><speed>28.110</speed><sat>31</sat></trkpt>
  <trkpt lat="39.03791412" lon="33.44349859"><ele>951.660</ele><time>2026-09-29T06:44:46Z</time><speed>27.830</speed><sat>32</sat></trkpt>
  <trkpt lat="39.03814472" lon="33.44337876"><ele>951.634</ele><time>2026-09-29T06:44:47Z</time><speed>27.410</speed><sat>32</sat></trkpt>
  <trkpt lat="39.03837729" lon="33.44325975"><ele>951.450</ele><time>2026-09-29T06:44:48Z</time><speed>27.540</speed><sat>32</sat></trkpt>
  <trkpt lat="39.03860638" lon="33.44314095"><ele>951.494</ele><time>2026-09-29T06:44:49Z</time><speed>27.500</speed><sat>32</sat></trkpt>
  <trkpt lat="39.03883581" lon="33.44302413"><ele>951.455</ele><time>2026-09-29T06:44:50Z</time><speed>27.300</speed><sat>30</sat></trkpt>
  <trkpt lat="39.03906327" lon="33.44290613"><ele>951.413</ele><time>2026-09-29T06:44:51Z</time><speed>27.250</speed><sat>31</sat></trkpt>
  <trkpt lat="39.03929132" lon="33.44278939"><ele>951.374</ele><time>2026-09-29T06:44:52Z</time><speed>27.330</speed><sat>31</sat></trkpt>
  <trkpt lat="39.03951897" lon="33.44267778"><ele>951.341</ele><time>2026-09-29T06:44:53Z</time><speed>26.940</speed><sat>32</sat></trkpt>
  <trkpt lat="39.03974609" lon="33.44257273"><ele>951.319</ele><time>2026-09-29T06:44:54Z</time><speed>26.710</speed><sat>31</sat></trkpt>
  <trkpt lat="39.03997501" lon="33.44247180"><ele>951.295</ele><time>2026-09-29T06:44:55Z</time><speed>26.760</speed><sat>31</sat></trkpt>
  <trkpt lat="39.04019871" lon="33.44237508"><ele>951.342</ele><time>2026-09-29T06:44:56Z</time><speed>26.120</speed><sat>32</sat></trkpt>
  <trkpt lat="39.04042115" lon="33.44227815"><ele>951.284</ele><time>2026-09-29T06:44:57Z</time><speed>25.900</speed><sat>34</sat></trkpt>
  <trkpt lat="39.04064082" lon="33.44217709"><ele>951.406</ele><time>2026-09-29T06:44:58Z</time><speed>25.810</speed><sat>34</sat></trkpt>
  <trkpt lat="39.04085756" lon="33.44207311"><ele>951.387</ele><time>2026-09-29T06:44:59Z</time><speed>25.530</speed><sat>34</sat></trkpt>
  <trkpt lat="39.04107113" lon="33.44196572"><ele>951.281</ele><time>2026-09-29T06:45:00Z</time><speed>25.270</speed><sat>32</sat></trkpt>
  <trkpt lat="39.04127941" lon="33.44185180"><ele>951.405</ele><time>2026-09-29T06:45:01Z</time><speed>25.070</speed><sat>33</sat></trkpt>
  <trkpt lat="39.04148440" lon="33.44173404"><ele>951.591</ele><time>2026-09-29T06:45:02Z</time><speed>24.770</speed><sat>33</sat></trkpt>
  <trkpt lat="39.04169021" lon="33.44161508"><ele>951.747</ele><time>2026-09-29T06:45:03Z</time><speed>24.780</speed><sat>32</sat></trkpt>
  <trkpt lat="39.04189145" lon="33.44149406"><ele>951.696</ele><time>2026-09-29T06:45:04Z</time><speed>24.580</speed><sat>31</sat></trkpt>
  <trkpt lat="39.04209418" lon="33.44136934"><ele>951.712</ele><time>2026-09-29T06:45:05Z</time><speed>24.850</speed><sat>31</sat></trkpt>
  <trkpt lat="39.04229376" lon="33.44124553"><ele>951.582</ele><time>2026-09-29T06:45:06Z</time><speed>24.960</speed><sat>31</sat></trkpt>
  <trkpt lat="39.04250004" lon="33.44112658"><ele>951.651</ele><time>2026-09-29T06:45:07Z</time><speed>25.100</speed><sat>36</sat></trkpt>
  <trkpt lat="39.04270486" lon="33.44100972"><ele>951.741</ele><time>2026-09-29T06:45:08Z</time><speed>24.910</speed><sat>36</sat></trkpt>
  <trkpt lat="39.04291055" lon="33.44089635"><ele>951.819</ele><time>2026-09-29T06:45:09Z</time><speed>24.790</speed><sat>36</sat></trkpt>
  <trkpt lat="39.04311666" lon="33.44078680"><ele>951.822</ele><time>2026-09-29T06:45:10Z</time><speed>24.700</speed><sat>36</sat></trkpt>
  <trkpt lat="39.04332251" lon="33.44067954"><ele>951.836</ele><time>2026-09-29T06:45:11Z</time><speed>24.680</speed><sat>36</sat></trkpt>
  <trkpt lat="39.04352825" lon="33.44057205"><ele>951.964</ele><time>2026-09-29T06:45:12Z</time><speed>24.680</speed><sat>36</sat></trkpt>
  <trkpt lat="39.04373713" lon="33.44046414"><ele>951.931</ele><time>2026-09-29T06:45:13Z</time><speed>25.050</speed><sat>32</sat></trkpt>
  <trkpt lat="39.04394567" lon="33.44035670"><ele>951.893</ele><time>2026-09-29T06:45:14Z</time><speed>24.980</speed><sat>32</sat></trkpt>
  <trkpt lat="39.04415586" lon="33.44024921"><ele>952.148</ele><time>2026-09-29T06:45:15Z</time><speed>25.120</speed><sat>31</sat></trkpt>
  <trkpt lat="39.04436525" lon="33.44014231"><ele>952.225</ele><time>2026-09-29T06:45:16Z</time><speed>25.110</speed><sat>31</sat></trkpt>
  <trkpt lat="39.04457424" lon="33.44003533"><ele>952.536</ele><time>2026-09-29T06:45:17Z</time><speed>25.100</speed><sat>30</sat></trkpt>
  <trkpt lat="39.04477763" lon="33.43992516"><ele>953.023</ele><time>2026-09-29T06:45:18Z</time><speed>24.840</speed><sat>31</sat></trkpt>
  <trkpt lat="39.04499069" lon="33.43981700"><ele>952.946</ele><time>2026-09-29T06:45:19Z</time><speed>24.770</speed><sat>34</sat></trkpt>
  <trkpt lat="39.04519123" lon="33.43970464"><ele>952.864</ele><time>2026-09-29T06:45:20Z</time><speed>24.570</speed><sat>34</sat></trkpt>
  <trkpt lat="39.04540321" lon="33.43958992"><ele>952.624</ele><time>2026-09-29T06:45:21Z</time><speed>24.420</speed><sat>35</sat></trkpt>
  <trkpt lat="39.04560479" lon="33.43947135"><ele>952.672</ele><time>2026-09-29T06:45:22Z</time><speed>24.430</speed><sat>35</sat></trkpt>
  <trkpt lat="39.04580478" lon="33.43934883"><ele>952.701</ele><time>2026-09-29T06:45:23Z</time><speed>24.440</speed><sat>35</sat></trkpt>
  <trkpt lat="39.04599701" lon="33.43922493"><ele>953.272</ele><time>2026-09-29T06:45:24Z</time><speed>24.540</speed><sat>35</sat></trkpt>
  <trkpt lat="39.04618923" lon="33.43909914"><ele>953.179</ele><time>2026-09-29T06:45:25Z</time><speed>24.570</speed><sat>35</sat></trkpt>
  <trkpt lat="39.04638241" lon="33.43896835"><ele>953.196</ele><time>2026-09-29T06:45:26Z</time><speed>24.630</speed><sat>36</sat></trkpt>
  <trkpt lat="39.04657680" lon="33.43883455"><ele>953.559</ele><time>2026-09-29T06:45:27Z</time><speed>24.610</speed><sat>37</sat></trkpt>
  <trkpt lat="39.04677150" lon="33.43869858"><ele>953.716</ele><time>2026-09-29T06:45:28Z</time><speed>24.740</speed><sat>36</sat></trkpt>
  <trkpt lat="39.04696686" lon="33.43856192"><ele>954.041</ele><time>2026-09-29T06:45:29Z</time><speed>24.870</speed><sat>35</sat></trkpt>
  <trkpt lat="39.04716156" lon="33.43842029"><ele>954.000</ele><time>2026-09-29T06:45:30Z</time><speed>24.970</speed><sat>35</sat></trkpt>
  <trkpt lat="39.04735637" lon="33.43827747"><ele>953.857</ele><time>2026-09-29T06:45:31Z</time><speed>24.970</speed><sat>36</sat></trkpt>
  <trkpt lat="39.04755317" lon="33.43813715"><ele>953.795</ele><time>2026-09-29T06:45:32Z</time><speed>25.070</speed><sat>35</sat></trkpt>
  <trkpt lat="39.04775013" lon="33.43799409"><ele>953.860</ele><time>2026-09-29T06:45:33Z</time><speed>25.080</speed><sat>36</sat></trkpt>
  <trkpt lat="39.04794493" lon="33.43785080"><ele>953.793</ele><time>2026-09-29T06:45:34Z</time><speed>25.060</speed><sat>37</sat></trkpt>
  <trkpt lat="39.04814107" lon="33.43770639"><ele>953.740</ele><time>2026-09-29T06:45:35Z</time><speed>25.030</speed><sat>37</sat></trkpt>
  <trkpt lat="39.04833466" lon="33.43756424"><ele>953.506</ele><time>2026-09-29T06:45:36Z</time><speed>24.710</speed><sat>38</sat></trkpt>
  <trkpt lat="39.04852679" lon="33.43742099"><ele>953.447</ele><time>2026-09-29T06:45:37Z</time><speed>24.620</speed><sat>38</sat></trkpt>
  <trkpt lat="39.04871997" lon="33.43727758"><ele>953.367</ele><time>2026-09-29T06:45:38Z</time><speed>24.780</speed><sat>38</sat></trkpt>
  <trkpt lat="39.04891373" lon="33.43713433"><ele>953.319</ele><time>2026-09-29T06:45:39Z</time><speed>24.920</speed><sat>38</sat></trkpt>
  <trkpt lat="39.04910612" lon="33.43699015"><ele>953.323</ele><time>2026-09-29T06:45:40Z</time><speed>24.740</speed><sat>36</sat></trkpt>
  <trkpt lat="39.04930045" lon="33.43684807"><ele>953.426</ele><time>2026-09-29T06:45:41Z</time><speed>24.870</speed><sat>37</sat></trkpt>
  <trkpt lat="39.04949590" lon="33.43670538"><ele>953.246</ele><time>2026-09-29T06:45:42Z</time><speed>24.960</speed><sat>38</sat></trkpt>
  <trkpt lat="39.04969182" lon="33.43656055"><ele>953.102</ele><time>2026-09-29T06:45:43Z</time><speed>25.040</speed><sat>37</sat></trkpt>
  <trkpt lat="39.04988517" lon="33.43641540"><ele>953.129</ele><time>2026-09-29T06:45:44Z</time><speed>24.850</speed><sat>37</sat></trkpt>
  <trkpt lat="39.05007932" lon="33.43626844"><ele>952.742</ele><time>2026-09-29T06:45:45Z</time><speed>24.910</speed><sat>38</sat></trkpt>
  <trkpt lat="39.05027061" lon="33.43612833"><ele>953.124</ele><time>2026-09-29T06:45:46Z</time><speed>24.480</speed><sat>38</sat></trkpt>
  <trkpt lat="39.05046083" lon="33.43598231"><ele>953.349</ele><time>2026-09-29T06:45:47Z</time><speed>24.660</speed><sat>38</sat></trkpt>
  <trkpt lat="39.05064919" lon="33.43583136"><ele>953.426</ele><time>2026-09-29T06:45:48Z</time><speed>24.810</speed><sat>38</sat></trkpt>
  <trkpt lat="39.05083814" lon="33.43568089"><ele>953.733</ele><time>2026-09-29T06:45:49Z</time><speed>24.990</speed><sat>38</sat></trkpt>
  <trkpt lat="39.05103154" lon="33.43553104"><ele>953.639</ele><time>2026-09-29T06:45:50Z</time><speed>25.020</speed><sat>38</sat></trkpt>
  <trkpt lat="39.05122115" lon="33.43537898"><ele>954.013</ele><time>2026-09-29T06:45:51Z</time><speed>24.690</speed><sat>37</sat></trkpt>
  <trkpt lat="39.05140692" lon="33.43523217"><ele>954.180</ele><time>2026-09-29T06:45:52Z</time><speed>24.850</speed><sat>31</sat></trkpt>
  <trkpt lat="39.05159788" lon="33.43507504"><ele>953.559</ele><time>2026-09-29T06:45:53Z</time><speed>24.950</speed><sat>29</sat></trkpt>
  <trkpt lat="39.05178833" lon="33.43491980"><ele>953.046</ele><time>2026-09-29T06:45:54Z</time><speed>25.080</speed><sat>29</sat></trkpt>
  <trkpt lat="39.05198570" lon="33.43476720"><ele>952.529</ele><time>2026-09-29T06:45:55Z</time><speed>25.110</speed><sat>28</sat></trkpt>
  <trkpt lat="39.05217773" lon="33.43460717"><ele>952.038</ele><time>2026-09-29T06:45:56Z</time><speed>25.210</speed><sat>30</sat></trkpt>
  <trkpt lat="39.05236337" lon="33.43444773"><ele>951.885</ele><time>2026-09-29T06:45:57Z</time><speed>25.240</speed><sat>31</sat></trkpt>
  <trkpt lat="39.05255262" lon="33.43428581"><ele>951.713</ele><time>2026-09-29T06:45:58Z</time><speed>25.290</speed><sat>32</sat></trkpt>
  <trkpt lat="39.05274212" lon="33.43412309"><ele>951.686</ele><time>2026-09-29T06:45:59Z</time><speed>25.400</speed><sat>32</sat></trkpt>
  <trkpt lat="39.05293227" lon="33.43395889"><ele>951.750</ele><time>2026-09-29T06:46:00Z</time><speed>25.550</speed><sat>32</sat></trkpt>
  <trkpt lat="39.05312288" lon="33.43379019"><ele>951.448</ele><time>2026-09-29T06:46:01Z</time><speed>25.770</speed><sat>32</sat></trkpt>
  <trkpt lat="39.05331317" lon="33.43362165"><ele>951.906</ele><time>2026-09-29T06:46:02Z</time><speed>25.750</speed><sat>33</sat></trkpt>
  <trkpt lat="39.05350077" lon="33.43345246"><ele>951.713</ele><time>2026-09-29T06:46:03Z</time><speed>25.500</speed><sat>35</sat></trkpt>
  <trkpt lat="39.05368881" lon="33.43328344"><ele>951.683</ele><time>2026-09-29T06:46:04Z</time><speed>25.660</speed><sat>32</sat></trkpt>
  <trkpt lat="39.05387888" lon="33.43311467"><ele>952.279</ele><time>2026-09-29T06:46:05Z</time><speed>25.820</speed><sat>33</sat></trkpt>
  <trkpt lat="39.05407086" lon="33.43294281"><ele>952.267</ele><time>2026-09-29T06:46:06Z</time><speed>25.890</speed><sat>34</sat></trkpt>
  <trkpt lat="39.05426210" lon="33.43277272"><ele>952.436</ele><time>2026-09-29T06:46:07Z</time><speed>25.990</speed><sat>34</sat></trkpt>
  <trkpt lat="39.05445580" lon="33.43259856"><ele>952.141</ele><time>2026-09-29T06:46:08Z</time><speed>26.150</speed><sat>34</sat></trkpt>
  <trkpt lat="39.05464760" lon="33.43242360"><ele>952.071</ele><time>2026-09-29T06:46:09Z</time><speed>26.280</speed><sat>34</sat></trkpt>
  <trkpt lat="39.05484109" lon="33.43224738"><ele>951.991</ele><time>2026-09-29T06:46:10Z</time><speed>26.290</speed><sat>34</sat></trkpt>
  <trkpt lat="39.05503529" lon="33.43207226"><ele>952.175</ele><time>2026-09-29T06:46:11Z</time><speed>26.230</speed><sat>34</sat></trkpt>
  <trkpt lat="39.05522940" lon="33.43189611"><ele>951.909</ele><time>2026-09-29T06:46:12Z</time><speed>26.330</speed><sat>35</sat></trkpt>
  <trkpt lat="39.05542405" lon="33.43172117"><ele>952.230</ele><time>2026-09-29T06:46:13Z</time><speed>26.390</speed><sat>36</sat></trkpt>
  <trkpt lat="39.05562003" lon="33.43154528"><ele>952.304</ele><time>2026-09-29T06:46:14Z</time><speed>26.460</speed><sat>37</sat></trkpt>
  <trkpt lat="39.05581636" lon="33.43136854"><ele>952.432</ele><time>2026-09-29T06:46:15Z</time><speed>26.480</speed><sat>37</sat></trkpt>
  <trkpt lat="39.05601442" lon="33.43119237"><ele>952.919</ele><time>2026-09-29T06:46:16Z</time><speed>26.550</speed><sat>37</sat></trkpt>
  <trkpt lat="39.05620668" lon="33.43101455"><ele>952.763</ele><time>2026-09-29T06:46:17Z</time><speed>26.610</speed><sat>37</sat></trkpt>
  <trkpt lat="39.05640736" lon="33.43083618"><ele>953.047</ele><time>2026-09-29T06:46:18Z</time><speed>26.810</speed><sat>37</sat></trkpt>
  <trkpt lat="39.05660537" lon="33.43066131"><ele>953.234</ele><time>2026-09-29T06:46:19Z</time><speed>26.870</speed><sat>36</sat></trkpt>
  <trkpt lat="39.05679979" lon="33.43048679"><ele>953.622</ele><time>2026-09-29T06:46:20Z</time><speed>26.910</speed><sat>35</sat></trkpt>
  <trkpt lat="39.05700056" lon="33.43030693"><ele>954.030</ele><time>2026-09-29T06:46:21Z</time><speed>27.090</speed><sat>35</sat></trkpt>
  <trkpt lat="39.05720476" lon="33.43012568"><ele>953.973</ele><time>2026-09-29T06:46:22Z</time><speed>27.180</speed><sat>36</sat></trkpt>
  <trkpt lat="39.05740688" lon="33.42994708"><ele>953.858</ele><time>2026-09-29T06:46:23Z</time><speed>26.930</speed><sat>37</sat></trkpt>
  <trkpt lat="39.05760343" lon="33.42976676"><ele>953.577</ele><time>2026-09-29T06:46:24Z</time><speed>26.830</speed><sat>38</sat></trkpt>
  <trkpt lat="39.05780092" lon="33.42958653"><ele>953.800</ele><time>2026-09-29T06:46:25Z</time><speed>26.910</speed><sat>38</sat></trkpt>
  <trkpt lat="39.05799954" lon="33.42940552"><ele>953.909</ele><time>2026-09-29T06:46:26Z</time><speed>27.140</speed><sat>38</sat></trkpt>
  <trkpt lat="39.05819936" lon="33.42922319"><ele>954.131</ele><time>2026-09-29T06:46:27Z</time><speed>27.270</speed><sat>38</sat></trkpt>
  <trkpt lat="39.05839968" lon="33.42904388"><ele>954.302</ele><time>2026-09-29T06:46:28Z</time><speed>27.120</speed><sat>38</sat></trkpt>
  <trkpt lat="39.05860089" lon="33.42886531"><ele>954.412</ele><time>2026-09-29T06:46:29Z</time><speed>27.210</speed><sat>37</sat></trkpt>
  <trkpt lat="39.05880126" lon="33.42868558"><ele>954.516</ele><time>2026-09-29T06:46:30Z</time><speed>27.120</speed><sat>35</sat></trkpt>
  <trkpt lat="39.05899993" lon="33.42850719"><ele>954.639</ele><time>2026-09-29T06:46:31Z</time><speed>26.920</speed><sat>33</sat></trkpt>
  <trkpt lat="39.05919519" lon="33.42832965"><ele>954.726</ele><time>2026-09-29T06:46:32Z</time><speed>26.520</speed><sat>33</sat></trkpt>
  <trkpt lat="39.05939185" lon="33.42815154"><ele>954.811</ele><time>2026-09-29T06:46:33Z</time><speed>26.670</speed><sat>30</sat></trkpt>
  <trkpt lat="39.05958783" lon="33.42797305"><ele>954.811</ele><time>2026-09-29T06:46:34Z</time><speed>26.710</speed><sat>32</sat></trkpt>
  <trkpt lat="39.05978165" lon="33.42779069"><ele>954.588</ele><time>2026-09-29T06:46:35Z</time><speed>26.800</speed><sat>32</sat></trkpt>
  <trkpt lat="39.05998035" lon="33.42761499"><ele>954.886</ele><time>2026-09-29T06:46:36Z</time><speed>26.800</speed><sat>35</sat></trkpt>
  <trkpt lat="39.06017736" lon="33.42743909"><ele>955.415</ele><time>2026-09-29T06:46:37Z</time><speed>26.880</speed><sat>36</sat></trkpt>
  <trkpt lat="39.06037573" lon="33.42726382"><ele>955.636</ele><time>2026-09-29T06:46:38Z</time><speed>27.200</speed><sat>36</sat></trkpt>
  <trkpt lat="39.06057607" lon="33.42708593"><ele>955.725</ele><time>2026-09-29T06:46:39Z</time><speed>27.270</speed><sat>36</sat></trkpt>
  <trkpt lat="39.06077212" lon="33.42690763"><ele>955.901</ele><time>2026-09-29T06:46:40Z</time><speed>27.300</speed><sat>36</sat></trkpt>
  <trkpt lat="39.06097390" lon="33.42673174"><ele>955.989</ele><time>2026-09-29T06:46:41Z</time><speed>27.030</speed><sat>36</sat></trkpt>
  <trkpt lat="39.06117661" lon="33.42655914"><ele>956.126</ele><time>2026-09-29T06:46:42Z</time><speed>27.170</speed><sat>37</sat></trkpt>
  <trkpt lat="39.06137331" lon="33.42637536"><ele>956.241</ele><time>2026-09-29T06:46:43Z</time><speed>27.060</speed><sat>36</sat></trkpt>
  <trkpt lat="39.06157824" lon="33.42619788"><ele>955.912</ele><time>2026-09-29T06:46:44Z</time><speed>27.480</speed><sat>36</sat></trkpt>
  <trkpt lat="39.06178997" lon="33.42602321"><ele>956.143</ele><time>2026-09-29T06:46:45Z</time><speed>27.510</speed><sat>36</sat></trkpt>
  <trkpt lat="39.06199847" lon="33.42584557"><ele>956.121</ele><time>2026-09-29T06:46:46Z</time><speed>27.770</speed><sat>36</sat></trkpt>
  <trkpt lat="39.06220305" lon="33.42566358"><ele>955.925</ele><time>2026-09-29T06:46:47Z</time><speed>27.940</speed><sat>36</sat></trkpt>
  <trkpt lat="39.06240648" lon="33.42547898"><ele>955.437</ele><time>2026-09-29T06:46:48Z</time><speed>27.990</speed><sat>36</sat></trkpt>
  <trkpt lat="39.06261280" lon="33.42529862"><ele>955.575</ele><time>2026-09-29T06:46:49Z</time><speed>27.930</speed><sat>35</sat></trkpt>
  <trkpt lat="39.06281843" lon="33.42511605"><ele>955.376</ele><time>2026-09-29T06:46:50Z</time><speed>27.680</speed><sat>36</sat></trkpt>
  <trkpt lat="39.06301801" lon="33.42493356"><ele>955.017</ele><time>2026-09-29T06:46:51Z</time><speed>27.610</speed><sat>36</sat></trkpt>
  <trkpt lat="39.06322584" lon="33.42475402"><ele>955.015</ele><time>2026-09-29T06:46:52Z</time><speed>27.690</speed><sat>36</sat></trkpt>
  <trkpt lat="39.06343279" lon="33.42457156"><ele>954.934</ele><time>2026-09-29T06:46:53Z</time><speed>27.710</speed><sat>36</sat></trkpt>
  <trkpt lat="39.06364396" lon="33.42438449"><ele>954.113</ele><time>2026-09-29T06:46:54Z</time><speed>28.000</speed><sat>37</sat></trkpt>
  <trkpt lat="39.06385706" lon="33.42420116"><ele>953.798</ele><time>2026-09-29T06:46:55Z</time><speed>28.020</speed><sat>38</sat></trkpt>
  <trkpt lat="39.06406698" lon="33.42401585"><ele>953.425</ele><time>2026-09-29T06:46:56Z</time><speed>28.240</speed><sat>37</sat></trkpt>
  <trkpt lat="39.06427663" lon="33.42383497"><ele>953.060</ele><time>2026-09-29T06:46:57Z</time><speed>27.770</speed><sat>37</sat></trkpt>
  <trkpt lat="39.06448141" lon="33.42365520"><ele>952.967</ele><time>2026-09-29T06:46:58Z</time><speed>27.440</speed><sat>37</sat></trkpt>
  <trkpt lat="39.06468290" lon="33.42347657"><ele>952.863</ele><time>2026-09-29T06:46:59Z</time><speed>26.960</speed><sat>37</sat></trkpt>
  <trkpt lat="39.06488225" lon="33.42330022"><ele>952.727</ele><time>2026-09-29T06:47:00Z</time><speed>26.730</speed><sat>36</sat></trkpt>
  <trkpt lat="39.06507916" lon="33.42312489"><ele>952.648</ele><time>2026-09-29T06:47:01Z</time><speed>26.400</speed><sat>36</sat></trkpt>
  <trkpt lat="39.06527723" lon="33.42295118"><ele>952.545</ele><time>2026-09-29T06:47:02Z</time><speed>26.540</speed><sat>36</sat></trkpt>
  <trkpt lat="39.06547341" lon="33.42277690"><ele>952.421</ele><time>2026-09-29T06:47:03Z</time><speed>26.510</speed><sat>34</sat></trkpt>
  <trkpt lat="39.06567115" lon="33.42260311"><ele>952.357</ele><time>2026-09-29T06:47:04Z</time><speed>26.570</speed><sat>31</sat></trkpt>
  <trkpt lat="39.06586873" lon="33.42242877"><ele>952.302</ele><time>2026-09-29T06:47:05Z</time><speed>26.560</speed><sat>31</sat></trkpt>
  <trkpt lat="39.06606470" lon="33.42225480"><ele>952.338</ele><time>2026-09-29T06:47:06Z</time><speed>26.390</speed><sat>29</sat></trkpt>
  <trkpt lat="39.06626061" lon="33.42208068"><ele>952.272</ele><time>2026-09-29T06:47:07Z</time><speed>26.420</speed><sat>29</sat></trkpt>
  <trkpt lat="39.06645547" lon="33.42190866"><ele>952.333</ele><time>2026-09-29T06:47:08Z</time><speed>26.190</speed><sat>29</sat></trkpt>
  <trkpt lat="39.06664783" lon="33.42174000"><ele>952.315</ele><time>2026-09-29T06:47:09Z</time><speed>25.630</speed><sat>29</sat></trkpt>
  <trkpt lat="39.06683937" lon="33.42157291"><ele>952.349</ele><time>2026-09-29T06:47:10Z</time><speed>25.590</speed><sat>29</sat></trkpt>
  <trkpt lat="39.06702979" lon="33.42140706"><ele>952.331</ele><time>2026-09-29T06:47:11Z</time><speed>25.440</speed><sat>29</sat></trkpt>
  <trkpt lat="39.06721754" lon="33.42124321"><ele>952.397</ele><time>2026-09-29T06:47:12Z</time><speed>25.090</speed><sat>29</sat></trkpt>
  <trkpt lat="39.06740488" lon="33.42108047"><ele>952.440</ele><time>2026-09-29T06:47:13Z</time><speed>25.060</speed><sat>29</sat></trkpt>
  <trkpt lat="39.06759114" lon="33.42091842"><ele>952.456</ele><time>2026-09-29T06:47:14Z</time><speed>24.830</speed><sat>29</sat></trkpt>
  <trkpt lat="39.06777399" lon="33.42075705"><ele>952.521</ele><time>2026-09-29T06:47:15Z</time><speed>24.390</speed><sat>29</sat></trkpt>
  <trkpt lat="39.06795353" lon="33.42059758"><ele>952.536</ele><time>2026-09-29T06:47:16Z</time><speed>24.110</speed><sat>30</sat></trkpt>
  <trkpt lat="39.06813197" lon="33.42043915"><ele>952.603</ele><time>2026-09-29T06:47:17Z</time><speed>24.050</speed><sat>31</sat></trkpt>
  <trkpt lat="39.06830955" lon="33.42027974"><ele>952.773</ele><time>2026-09-29T06:47:18Z</time><speed>24.080</speed><sat>31</sat></trkpt>
  <trkpt lat="39.06848813" lon="33.42011957"><ele>952.907</ele><time>2026-09-29T06:47:19Z</time><speed>24.180</speed><sat>31</sat></trkpt>
  <trkpt lat="39.06866647" lon="33.41996024"><ele>953.044</ele><time>2026-09-29T06:47:20Z</time><speed>24.300</speed><sat>33</sat></trkpt>
  <trkpt lat="39.06884521" lon="33.41979842"><ele>953.118</ele><time>2026-09-29T06:47:21Z</time><speed>24.240</speed><sat>33</sat></trkpt>
  <trkpt lat="39.06902181" lon="33.41963798"><ele>953.566</ele><time>2026-09-29T06:47:22Z</time><speed>23.710</speed><sat>34</sat></trkpt>
  <trkpt lat="39.06919319" lon="33.41947817"><ele>953.610</ele><time>2026-09-29T06:47:23Z</time><speed>23.320</speed><sat>34</sat></trkpt>
  <trkpt lat="39.06936046" lon="33.41931866"><ele>953.650</ele><time>2026-09-29T06:47:24Z</time><speed>22.920</speed><sat>34</sat></trkpt>
  <trkpt lat="39.06952506" lon="33.41916052"><ele>953.665</ele><time>2026-09-29T06:47:25Z</time><speed>22.580</speed><sat>34</sat></trkpt>
  <trkpt lat="39.06967950" lon="33.41900298"><ele>953.347</ele><time>2026-09-29T06:47:26Z</time><speed>22.420</speed><sat>34</sat></trkpt>
  <trkpt lat="39.06983913" lon="33.41884668"><ele>953.356</ele><time>2026-09-29T06:47:27Z</time><speed>22.190</speed><sat>33</sat></trkpt>
  <trkpt lat="39.07000416" lon="33.41868445"><ele>952.339</ele><time>2026-09-29T06:47:28Z</time><speed>22.100</speed><sat>33</sat></trkpt>
  <trkpt lat="39.07016027" lon="33.41852568"><ele>952.413</ele><time>2026-09-29T06:47:29Z</time><speed>22.110</speed><sat>32</sat></trkpt>
  <trkpt lat="39.07031590" lon="33.41836469"><ele>952.495</ele><time>2026-09-29T06:47:30Z</time><speed>22.130</speed><sat>32</sat></trkpt>
  <trkpt lat="39.07046732" lon="33.41820364"><ele>951.985</ele><time>2026-09-29T06:47:31Z</time><speed>22.070</speed><sat>32</sat></trkpt>
  <trkpt lat="39.07062002" lon="33.41804255"><ele>951.934</ele><time>2026-09-29T06:47:32Z</time><speed>21.960</speed><sat>34</sat></trkpt>
  <trkpt lat="39.07077237" lon="33.41788168"><ele>952.030</ele><time>2026-09-29T06:47:33Z</time><speed>21.900</speed><sat>33</sat></trkpt>
  <trkpt lat="39.07092848" lon="33.41772003"><ele>951.663</ele><time>2026-09-29T06:47:34Z</time><speed>21.810</speed><sat>33</sat></trkpt>
  <trkpt lat="39.07107645" lon="33.41756257"><ele>951.614</ele><time>2026-09-29T06:47:35Z</time><speed>21.250</speed><sat>33</sat></trkpt>
  <trkpt lat="39.07121958" lon="33.41741130"><ele>951.532</ele><time>2026-09-29T06:47:36Z</time><speed>20.340</speed><sat>33</sat></trkpt>
  <trkpt lat="39.07135325" lon="33.41727059"><ele>951.897</ele><time>2026-09-29T06:47:37Z</time><speed>18.440</speed><sat>33</sat></trkpt>
  <trkpt lat="39.07147802" lon="33.41713542"><ele>951.860</ele><time>2026-09-29T06:47:38Z</time><speed>18.080</speed><sat>33</sat></trkpt>
  <trkpt lat="39.07160178" lon="33.41700694"><ele>951.677</ele><time>2026-09-29T06:47:39Z</time><speed>17.090</speed><sat>34</sat></trkpt>
  <trkpt lat="39.07172364" lon="33.41688167"><ele>951.554</ele><time>2026-09-29T06:47:40Z</time><speed>16.970</speed><sat>34</sat></trkpt>
  <trkpt lat="39.07183491" lon="33.41676536"><ele>951.455</ele><time>2026-09-29T06:47:41Z</time><speed>15.570</speed><sat>34</sat></trkpt>
  <trkpt lat="39.07194505" lon="33.41665153"><ele>951.447</ele><time>2026-09-29T06:47:42Z</time><speed>15.380</speed><sat>34</sat></trkpt>
  <trkpt lat="39.07205270" lon="33.41654407"><ele>951.745</ele><time>2026-09-29T06:47:43Z</time><speed>15.180</speed><sat>34</sat></trkpt>
  <trkpt lat="39.07215788" lon="33.41643802"><ele>951.895</ele><time>2026-09-29T06:47:44Z</time><speed>14.600</speed><sat>35</sat></trkpt>
  <trkpt lat="39.07225723" lon="33.41633760"><ele>951.910</ele><time>2026-09-29T06:47:45Z</time><speed>13.640</speed><sat>33</sat></trkpt>
  <trkpt lat="39.07235203" lon="33.41623913"><ele>951.915</ele><time>2026-09-29T06:47:46Z</time><speed>12.990</speed><sat>31</sat></trkpt>
  <trkpt lat="39.07244817" lon="33.41614869"><ele>951.781</ele><time>2026-09-29T06:47:47Z</time><speed>13.090</speed><sat>31</sat></trkpt>
  <trkpt lat="39.07253497" lon="33.41606424"><ele>951.750</ele><time>2026-09-29T06:47:48Z</time><speed>11.840</speed><sat>31</sat></trkpt>
  <trkpt lat="39.07261484" lon="33.41598730"><ele>951.777</ele><time>2026-09-29T06:47:49Z</time><speed>10.550</speed><sat>31</sat></trkpt>
  <trkpt lat="39.07269417" lon="33.41591341"><ele>951.997</ele><time>2026-09-29T06:47:50Z</time><speed>10.720</speed><sat>30</sat></trkpt>
  <trkpt lat="39.07276730" lon="33.41584144"><ele>951.998</ele><time>2026-09-29T06:47:51Z</time><speed>9.990</speed><sat>30</sat></trkpt>
  <trkpt lat="39.07283524" lon="33.41577672"><ele>952.105</ele><time>2026-09-29T06:47:52Z</time><speed>8.930</speed><sat>29</sat></trkpt>
  <trkpt lat="39.07289795" lon="33.41571833"><ele>952.109</ele><time>2026-09-29T06:47:53Z</time><speed>8.090</speed><sat>29</sat></trkpt>
  <trkpt lat="39.07295300" lon="33.41566414"><ele>952.089</ele><time>2026-09-29T06:47:54Z</time><speed>7.210</speed><sat>30</sat></trkpt>
  <trkpt lat="39.07300642" lon="33.41561429"><ele>952.053</ele><time>2026-09-29T06:47:55Z</time><speed>7.090</speed><sat>30</sat></trkpt>
  <trkpt lat="39.07305245" lon="33.41556999"><ele>952.068</ele><time>2026-09-29T06:47:56Z</time><speed>5.970</speed><sat>30</sat></trkpt>
  <trkpt lat="39.07308882" lon="33.41553469"><ele>952.070</ele><time>2026-09-29T06:47:57Z</time><speed>4.630</speed><sat>31</sat></trkpt>
  <trkpt lat="39.07311776" lon="33.41550703"><ele>952.097</ele><time>2026-09-29T06:47:58Z</time><speed>3.510</speed><sat>31</sat></trkpt>
  <trkpt lat="39.07314302" lon="33.41548158"><ele>952.156</ele><time>2026-09-29T06:47:59Z</time><speed>3.320</speed><sat>31</sat></trkpt>
  <trkpt lat="39.07317406" lon="33.41545198"><ele>952.282</ele><time>2026-09-29T06:48:00Z</time><speed>4.420</speed><sat>30</sat></trkpt>
  <trkpt lat="39.07321382" lon="33.41541174"><ele>952.285</ele><time>2026-09-29T06:48:01Z</time><speed>6.020</speed><sat>30</sat></trkpt>
  <trkpt lat="39.07326543" lon="33.41536253"><ele>952.448</ele><time>2026-09-29T06:48:02Z</time><speed>7.670</speed><sat>30</sat></trkpt>
  <trkpt lat="39.07332454" lon="33.41530250"><ele>952.473</ele><time>2026-09-29T06:48:03Z</time><speed>9.190</speed><sat>30</sat></trkpt>
  <trkpt lat="39.07339527" lon="33.41522975"><ele>952.729</ele><time>2026-09-29T06:48:04Z</time><speed>10.700</speed><sat>31</sat></trkpt>
  <trkpt lat="39.07347590" lon="33.41514438"><ele>952.914</ele><time>2026-09-29T06:48:05Z</time><speed>11.990</speed><sat>30</sat></trkpt>
  <trkpt lat="39.07354442" lon="33.41506438"><ele>953.548</ele><time>2026-09-29T06:48:06Z</time><speed>11.200</speed><sat>30</sat></trkpt>
  <trkpt lat="39.07362758" lon="33.41497478"><ele>953.508</ele><time>2026-09-29T06:48:07Z</time><speed>11.610</speed><sat>33</sat></trkpt>
  <trkpt lat="39.07370823" lon="33.41487963"><ele>953.530</ele><time>2026-09-29T06:48:08Z</time><speed>12.100</speed><sat>36</sat></trkpt>
  <trkpt lat="39.07378886" lon="33.41478293"><ele>953.612</ele><time>2026-09-29T06:48:09Z</time><speed>12.160</speed><sat>36</sat></trkpt>
  <trkpt lat="39.07386769" lon="33.41469229"><ele>953.829</ele><time>2026-09-29T06:48:10Z</time><speed>12.210</speed><sat>36</sat></trkpt>
  <trkpt lat="39.07394966" lon="33.41459153"><ele>953.431</ele><time>2026-09-29T06:48:11Z</time><speed>12.530</speed><sat>36</sat></trkpt>
  <trkpt lat="39.07403500" lon="33.41448786"><ele>953.460</ele><time>2026-09-29T06:48:12Z</time><speed>12.900</speed><sat>36</sat></trkpt>
  <trkpt lat="39.07411342" lon="33.41438332"><ele>953.095</ele><time>2026-09-29T06:48:13Z</time><speed>12.840</speed><sat>36</sat></trkpt>
  <trkpt lat="39.07419934" lon="33.41428127"><ele>953.080</ele><time>2026-09-29T06:48:14Z</time><speed>12.980</speed><sat>37</sat></trkpt>
  <trkpt lat="39.07428900" lon="33.41417285"><ele>953.076</ele><time>2026-09-29T06:48:15Z</time><speed>13.570</speed><sat>37</sat></trkpt>
  <trkpt lat="39.07438020" lon="33.41405981"><ele>952.407</ele><time>2026-09-29T06:48:16Z</time><speed>14.000</speed><sat>37</sat></trkpt>
  <trkpt lat="39.07447350" lon="33.41394284"><ele>952.159</ele><time>2026-09-29T06:48:17Z</time><speed>14.270</speed><sat>37</sat></trkpt>
  <trkpt lat="39.07456707" lon="33.41382822"><ele>952.116</ele><time>2026-09-29T06:48:18Z</time><speed>14.430</speed><sat>36</sat></trkpt>
  <trkpt lat="39.07466608" lon="33.41371406"><ele>952.354</ele><time>2026-09-29T06:48:19Z</time><speed>14.590</speed><sat>37</sat></trkpt>
  <trkpt lat="39.07476457" lon="33.41360043"><ele>952.384</ele><time>2026-09-29T06:48:20Z</time><speed>14.680</speed><sat>35</sat></trkpt>
  <trkpt lat="39.07486517" lon="33.41348667"><ele>951.785</ele><time>2026-09-29T06:48:21Z</time><speed>14.700</speed><sat>35</sat></trkpt>
  <trkpt lat="39.07496532" lon="33.41337509"><ele>951.882</ele><time>2026-09-29T06:48:22Z</time><speed>14.780</speed><sat>35</sat></trkpt>
  <trkpt lat="39.07506575" lon="33.41326237"><ele>951.908</ele><time>2026-09-29T06:48:23Z</time><speed>14.880</speed><sat>36</sat></trkpt>
  <trkpt lat="39.07517195" lon="33.41315087"><ele>952.324</ele><time>2026-09-29T06:48:24Z</time><speed>14.940</speed><sat>36</sat></trkpt>
  <trkpt lat="39.07527690" lon="33.41303708"><ele>952.433</ele><time>2026-09-29T06:48:25Z</time><speed>15.210</speed><sat>36</sat></trkpt>
  <trkpt lat="39.07538443" lon="33.41291772"><ele>952.088</ele><time>2026-09-29T06:48:26Z</time><speed>15.860</speed><sat>35</sat></trkpt>
  <trkpt lat="39.07549163" lon="33.41280029"><ele>951.757</ele><time>2026-09-29T06:48:27Z</time><speed>15.820</speed><sat>35</sat></trkpt>
  <trkpt lat="39.07560243" lon="33.41268039"><ele>951.645</ele><time>2026-09-29T06:48:28Z</time><speed>16.100</speed><sat>34</sat></trkpt>
  <trkpt lat="39.07571673" lon="33.41255530"><ele>951.661</ele><time>2026-09-29T06:48:29Z</time><speed>16.580</speed><sat>35</sat></trkpt>
  <trkpt lat="39.07583364" lon="33.41242746"><ele>951.706</ele><time>2026-09-29T06:48:30Z</time><speed>17.000</speed><sat>35</sat></trkpt>
  <trkpt lat="39.07595240" lon="33.41229830"><ele>951.656</ele><time>2026-09-29T06:48:31Z</time><speed>17.340</speed><sat>35</sat></trkpt>
  <trkpt lat="39.07607377" lon="33.41216513"><ele>951.553</ele><time>2026-09-29T06:48:32Z</time><speed>17.590</speed><sat>35</sat></trkpt>
  <trkpt lat="39.07619504" lon="33.41203345"><ele>951.510</ele><time>2026-09-29T06:48:33Z</time><speed>17.510</speed><sat>32</sat></trkpt>
  <trkpt lat="39.07631571" lon="33.41190016"><ele>951.517</ele><time>2026-09-29T06:48:34Z</time><speed>17.610</speed><sat>32</sat></trkpt>
  <trkpt lat="39.07643779" lon="33.41176811"><ele>951.609</ele><time>2026-09-29T06:48:35Z</time><speed>17.800</speed><sat>31</sat></trkpt>
  <trkpt lat="39.07656524" lon="33.41163805"><ele>952.421</ele><time>2026-09-29T06:48:36Z</time><speed>17.850</speed><sat>31</sat></trkpt>
  <trkpt lat="39.07669203" lon="33.41150869"><ele>952.759</ele><time>2026-09-29T06:48:37Z</time><speed>18.030</speed><sat>34</sat></trkpt>
  <trkpt lat="39.07681390" lon="33.41137625"><ele>953.048</ele><time>2026-09-29T06:48:38Z</time><speed>17.710</speed><sat>34</sat></trkpt>
  <trkpt lat="39.07693803" lon="33.41124405"><ele>953.228</ele><time>2026-09-29T06:48:39Z</time><speed>17.570</speed><sat>37</sat></trkpt>
  <trkpt lat="39.07705897" lon="33.41111110"><ele>953.315</ele><time>2026-09-29T06:48:40Z</time><speed>17.600</speed><sat>38</sat></trkpt>
  <trkpt lat="39.07718084" lon="33.41097757"><ele>953.292</ele><time>2026-09-29T06:48:41Z</time><speed>17.780</speed><sat>38</sat></trkpt>
  <trkpt lat="39.07730220" lon="33.41084502"><ele>952.991</ele><time>2026-09-29T06:48:42Z</time><speed>17.850</speed><sat>38</sat></trkpt>
  <trkpt lat="39.07742301" lon="33.41070994"><ele>953.178</ele><time>2026-09-29T06:48:43Z</time><speed>17.890</speed><sat>38</sat></trkpt>
  <trkpt lat="39.07754431" lon="33.41057599"><ele>953.107</ele><time>2026-09-29T06:48:44Z</time><speed>17.880</speed><sat>38</sat></trkpt>
  <trkpt lat="39.07766742" lon="33.41044399"><ele>953.133</ele><time>2026-09-29T06:48:45Z</time><speed>17.850</speed><sat>38</sat></trkpt>
  <trkpt lat="39.07778823" lon="33.41030986"><ele>953.211</ele><time>2026-09-29T06:48:46Z</time><speed>17.710</speed><sat>38</sat></trkpt>
  <trkpt lat="39.07790849" lon="33.41017748"><ele>953.150</ele><time>2026-09-29T06:48:47Z</time><speed>17.670</speed><sat>38</sat></trkpt>
  <trkpt lat="39.07803196" lon="33.41004458"><ele>953.130</ele><time>2026-09-29T06:48:48Z</time><speed>17.790</speed><sat>38</sat></trkpt>
  <trkpt lat="39.07815415" lon="33.40990763"><ele>952.896</ele><time>2026-09-29T06:48:49Z</time><speed>18.110</speed><sat>37</sat></trkpt>
  <trkpt lat="39.07827921" lon="33.40977188"><ele>952.760</ele><time>2026-09-29T06:48:50Z</time><speed>18.480</speed><sat>37</sat></trkpt>
  <trkpt lat="39.07841143" lon="33.40963536"><ele>952.903</ele><time>2026-09-29T06:48:51Z</time><speed>18.420</speed><sat>39</sat></trkpt>
  <trkpt lat="39.07854285" lon="33.40949786"><ele>952.612</ele><time>2026-09-29T06:48:52Z</time><speed>18.900</speed><sat>39</sat></trkpt>
  <trkpt lat="39.07867144" lon="33.40935706"><ele>952.700</ele><time>2026-09-29T06:48:53Z</time><speed>18.850</speed><sat>39</sat></trkpt>
  <trkpt lat="39.07880428" lon="33.40921518"><ele>952.496</ele><time>2026-09-29T06:48:54Z</time><speed>19.200</speed><sat>38</sat></trkpt>
  <trkpt lat="39.07893696" lon="33.40907236"><ele>952.229</ele><time>2026-09-29T06:48:55Z</time><speed>19.300</speed><sat>38</sat></trkpt>
  <trkpt lat="39.07907159" lon="33.40892550"><ele>952.457</ele><time>2026-09-29T06:48:56Z</time><speed>19.500</speed><sat>35</sat></trkpt>
  <trkpt lat="39.07920567" lon="33.40878017"><ele>952.469</ele><time>2026-09-29T06:48:57Z</time><speed>19.520</speed><sat>33</sat></trkpt>
  <trkpt lat="39.07933993" lon="33.40863417"><ele>952.430</ele><time>2026-09-29T06:48:58Z</time><speed>19.540</speed><sat>30</sat></trkpt>
  <trkpt lat="39.07947467" lon="33.40849081"><ele>952.643</ele><time>2026-09-29T06:48:59Z</time><speed>19.630</speed><sat>27</sat></trkpt>
  <trkpt lat="39.07961071" lon="33.40834398"><ele>952.639</ele><time>2026-09-29T06:49:00Z</time><speed>19.560</speed><sat>27</sat></trkpt>
  <trkpt lat="39.07974324" lon="33.40819975"><ele>952.618</ele><time>2026-09-29T06:49:01Z</time><speed>19.300</speed><sat>26</sat></trkpt>
  <trkpt lat="39.07987430" lon="33.40806047"><ele>952.627</ele><time>2026-09-29T06:49:02Z</time><speed>19.040</speed><sat>26</sat></trkpt>
  <trkpt lat="39.08000557" lon="33.40791738"><ele>952.617</ele><time>2026-09-29T06:49:03Z</time><speed>18.910</speed><sat>26</sat></trkpt>
  <trkpt lat="39.08013285" lon="33.40777860"><ele>952.559</ele><time>2026-09-29T06:49:04Z</time><speed>18.700</speed><sat>25</sat></trkpt>
  <trkpt lat="39.08026254" lon="33.40763674"><ele>952.623</ele><time>2026-09-29T06:49:05Z</time><speed>18.940</speed><sat>24</sat></trkpt>
  <trkpt lat="39.08039343" lon="33.40749441"><ele>952.731</ele><time>2026-09-29T06:49:06Z</time><speed>19.060</speed><sat>24</sat></trkpt>
  <trkpt lat="39.08052855" lon="33.40735780"><ele>952.661</ele><time>2026-09-29T06:49:07Z</time><speed>18.610</speed><sat>25</sat></trkpt>
  <trkpt lat="39.08065373" lon="33.40721758"><ele>952.559</ele><time>2026-09-29T06:49:08Z</time><speed>18.310</speed><sat>30</sat></trkpt>
  <trkpt lat="39.08077798" lon="33.40707745"><ele>953.444</ele><time>2026-09-29T06:49:09Z</time><speed>18.290</speed><sat>34</sat></trkpt>
  <trkpt lat="39.08089994" lon="33.40693726"><ele>954.127</ele><time>2026-09-29T06:49:10Z</time><speed>18.160</speed><sat>34</sat></trkpt>
  <trkpt lat="39.08102469" lon="33.40679820"><ele>954.923</ele><time>2026-09-29T06:49:11Z</time><speed>17.960</speed><sat>35</sat></trkpt>
  <trkpt lat="39.08114242" lon="33.40666462"><ele>955.054</ele><time>2026-09-29T06:49:12Z</time><speed>17.630</speed><sat>35</sat></trkpt>
  <trkpt lat="39.08126009" lon="33.40653513"><ele>954.561</ele><time>2026-09-29T06:49:13Z</time><speed>16.720</speed><sat>37</sat></trkpt>
  <trkpt lat="39.08137153" lon="33.40641132"><ele>954.962</ele><time>2026-09-29T06:49:14Z</time><speed>16.500</speed><sat>37</sat></trkpt>
  <trkpt lat="39.08148570" lon="33.40628213"><ele>954.647</ele><time>2026-09-29T06:49:15Z</time><speed>16.670</speed><sat>37</sat></trkpt>
  <trkpt lat="39.08159482" lon="33.40615553"><ele>954.808</ele><time>2026-09-29T06:49:16Z</time><speed>16.320</speed><sat>37</sat></trkpt>
  <trkpt lat="39.08169300" lon="33.40604243"><ele>954.391</ele><time>2026-09-29T06:49:17Z</time><speed>14.930</speed><sat>37</sat></trkpt>
  <trkpt lat="39.08178618" lon="33.40593690"><ele>954.099</ele><time>2026-09-29T06:49:18Z</time><speed>12.730</speed><sat>37</sat></trkpt>
  <trkpt lat="39.08186337" lon="33.40584689"><ele>953.649</ele><time>2026-09-29T06:49:19Z</time><speed>11.720</speed><sat>37</sat></trkpt>
  <trkpt lat="39.08192928" lon="33.40577534"><ele>953.577</ele><time>2026-09-29T06:49:20Z</time><speed>9.820</speed><sat>37</sat></trkpt>
  <trkpt lat="39.08198650" lon="33.40571195"><ele>953.753</ele><time>2026-09-29T06:49:21Z</time><speed>8.240</speed><sat>37</sat></trkpt>
  <trkpt lat="39.08204294" lon="33.40565623"><ele>953.792</ele><time>2026-09-29T06:49:22Z</time><speed>7.940</speed><sat>37</sat></trkpt>
  <trkpt lat="39.08207613" lon="33.40561726"><ele>953.772</ele><time>2026-09-29T06:49:23Z</time><speed>5.480</speed><sat>37</sat></trkpt>
  <trkpt lat="39.08209563" lon="33.40558890"><ele>953.696</ele><time>2026-09-29T06:49:24Z</time><speed>3.720</speed><sat>38</sat></trkpt>
  <trkpt lat="39.08211216" lon="33.40556925"><ele>953.776</ele><time>2026-09-29T06:49:25Z</time><speed>2.640</speed><sat>38</sat></trkpt>
  <trkpt lat="39.08212347" lon="33.40555445"><ele>953.950</ele><time>2026-09-29T06:49:26Z</time><speed>1.870</speed><sat>37</sat></trkpt>
  <trkpt lat="39.08212923" lon="33.40555062"><ele>953.817</ele><time>2026-09-29T06:49:27Z</time><speed>0.910</speed><sat>37</sat></trkpt>
  <trkpt lat="39.08212902" lon="33.40555454"><ele>953.588</ele><time>2026-09-29T06:49:28Z</time><speed>0.000</speed><sat>36</sat></trkpt>
  <trkpt lat="39.08212843" lon="33.40555323"><ele>953.542</ele><time>2026-09-29T06:49:29Z</time><speed>0.000</speed><sat>34</sat></trkpt>
  <trkpt lat="39.08212982" lon="33.40555041"><ele>953.358</ele><time>2026-09-29T06:49:30Z</time><speed>0.000</speed><sat>36</sat></trkpt>
  <trkpt lat="39.08212922" lon="33.40555086"><ele>953.446</ele><time>2026-09-29T06:49:31Z</time><speed>0.000</speed><sat>39</sat></trkpt>
  <trkpt lat="39.08212924" lon="33.40554991"><ele>953.506</ele><time>2026-09-29T06:49:32Z</time><speed>0.000</speed><sat>39</sat></trkpt>
  <trkpt lat="39.08212617" lon="33.40554994"><ele>953.387</ele><time>2026-09-29T06:49:33Z</time><speed>0.000</speed><sat>39</sat></trkpt>
  <trkpt lat="39.08212752" lon="33.40554942"><ele>953.426</ele><time>2026-09-29T06:49:34Z</time><speed>0.000</speed><sat>39</sat></trkpt>
  <trkpt lat="39.08212673" lon="33.40554926"><ele>953.368</ele><time>2026-09-29T06:49:35Z</time><speed>0.000</speed><sat>39</sat></trkpt>
  <trkpt lat="39.08212644" lon="33.40554939"><ele>953.434</ele><time>2026-09-29T06:49:36Z</time><speed>0.000</speed><sat>39</sat></trkpt>
  <trkpt lat="39.08212580" lon="33.40554942"><ele>953.457</ele><time>2026-09-29T06:49:37Z</time><speed>0.000</speed><sat>39</sat></trkpt>
  <trkpt lat="39.08212467" lon="33.40554878"><ele>952.980</ele><time>2026-09-29T06:49:38Z</time><speed>0.000</speed><sat>39</sat></trkpt>
  <trkpt lat="39.08212556" lon="33.40554712"><ele>952.936</ele><time>2026-09-29T06:49:39Z</time><speed>0.000</speed><sat>39</sat></trkpt>
  <trkpt lat="39.08212434" lon="33.40554654"><ele>953.095</ele><time>2026-09-29T06:49:40Z</time><speed>0.000</speed><sat>39</sat></trkpt>
  <trkpt lat="39.08212023" lon="33.40554809"><ele>953.187</ele><time>2026-09-29T06:49:41Z</time><speed>0.000</speed><sat>39</sat></trkpt>
  <trkpt lat="39.08212401" lon="33.40554595"><ele>953.428</ele><time>2026-09-29T06:49:42Z</time><speed>0.000</speed><sat>39</sat></trkpt>
  <trkpt lat="39.08212320" lon="33.40554576"><ele>953.851</ele><time>2026-09-29T06:49:43Z</time><speed>0.000</speed><sat>39</sat></trkpt>
  <trkpt lat="39.08212305" lon="33.40554484"><ele>954.030</ele><time>2026-09-29T06:49:44Z</time><speed>0.000</speed><sat>39</sat></trkpt>
  <trkpt lat="39.08212379" lon="33.40554451"><ele>954.095</ele><time>2026-09-29T06:49:45Z</time><speed>0.000</speed><sat>39</sat></trkpt>
  <trkpt lat="39.08212279" lon="33.40554699"><ele>953.153</ele><time>2026-09-29T06:49:46Z</time><speed>0.290</speed><sat>39</sat></trkpt>
  <trkpt lat="39.08211940" lon="33.40554650"><ele>953.521</ele><time>2026-09-29T06:49:47Z</time><speed>0.000</speed><sat>39</sat></trkpt>
  <trkpt lat="39.08212076" lon="33.40554998"><ele>953.387</ele><time>2026-09-29T06:49:48Z</time><speed>0.000</speed><sat>39</sat></trkpt>
  <trkpt lat="39.08212097" lon="33.40555292"><ele>953.447</ele><time>2026-09-29T06:49:49Z</time><speed>0.000</speed><sat>39</sat></trkpt>
  <trkpt lat="39.08211977" lon="33.40554563"><ele>952.953</ele><time>2026-09-29T06:49:50Z</time><speed>0.000</speed><sat>39</sat></trkpt>
  <trkpt lat="39.08212541" lon="33.40555087"><ele>952.520</ele><time>2026-09-29T06:49:51Z</time><speed>0.390</speed><sat>39</sat></trkpt>
  <trkpt lat="39.08212482" lon="33.40555105"><ele>952.618</ele><time>2026-09-29T06:49:52Z</time><speed>0.000</speed><sat>39</sat></trkpt>
  <trkpt lat="39.08212531" lon="33.40555038"><ele>952.695</ele><time>2026-09-29T06:49:53Z</time><speed>0.000</speed><sat>39</sat></trkpt>
  <trkpt lat="39.08212630" lon="33.40555287"><ele>952.582</ele><time>2026-09-29T06:49:54Z</time><speed>0.000</speed><sat>39</sat></trkpt>
  <trkpt lat="39.08212627" lon="33.40555333"><ele>952.558</ele><time>2026-09-29T06:49:55Z</time><speed>0.000</speed><sat>39</sat></trkpt>
  <trkpt lat="39.08212555" lon="33.40555355"><ele>952.486</ele><time>2026-09-29T06:49:56Z</time><speed>0.000</speed><sat>38</sat></trkpt>
  <trkpt lat="39.08212544" lon="33.40555257"><ele>952.475</ele><time>2026-09-29T06:49:57Z</time><speed>0.000</speed><sat>38</sat></trkpt>
  <trkpt lat="39.08212583" lon="33.40555253"><ele>952.491</ele><time>2026-09-29T06:49:58Z</time><speed>0.000</speed><sat>38</sat></trkpt>
  <trkpt lat="39.08212577" lon="33.40555261"><ele>952.485</ele><time>2026-09-29T06:49:59Z</time><speed>0.000</speed><sat>36</sat></trkpt>
  <trkpt lat="39.08212566" lon="33.40555254"><ele>952.495</ele><time>2026-09-29T06:50:00Z</time><speed>0.000</speed><sat>36</sat></trkpt>
  <trkpt lat="39.08212573" lon="33.40555238"><ele>952.526</ele><time>2026-09-29T06:50:01Z</time><speed>0.000</speed><sat>35</sat></trkpt>
  <trkpt lat="39.08212506" lon="33.40555189"><ele>952.533</ele><time>2026-09-29T06:50:02Z</time><speed>0.000</speed><sat>35</sat></trkpt>
  <trkpt lat="39.08212504" lon="33.40555200"><ele>952.535</ele><time>2026-09-29T06:50:03Z</time><speed>0.000</speed><sat>35</sat></trkpt>
  <trkpt lat="39.08212508" lon="33.40555216"><ele>952.530</ele><time>2026-09-29T06:50:04Z</time><speed>0.000</speed><sat>35</sat></trkpt>
  <trkpt lat="39.08212533" lon="33.40555227"><ele>952.541</ele><time>2026-09-29T06:50:05Z</time><speed>0.000</speed><sat>36</sat></trkpt>
  <trkpt lat="39.08212519" lon="33.40555224"><ele>952.532</ele><time>2026-09-29T06:50:06Z</time><speed>0.000</speed><sat>36</sat></trkpt>
  <trkpt lat="39.08212521" lon="33.40555228"><ele>952.533</ele><time>2026-09-29T06:50:07Z</time><speed>0.000</speed><sat>34</sat></trkpt>
  <trkpt lat="39.08212523" lon="33.40555231"><ele>952.533</ele><time>2026-09-29T06:50:08Z</time><speed>0.000</speed><sat>34</sat></trkpt>
  <trkpt lat="39.08212527" lon="33.40555232"><ele>952.534</ele><time>2026-09-29T06:50:09Z</time><speed>0.000</speed><sat>36</sat></trkpt>
  <trkpt lat="39.08212527" lon="33.40555231"><ele>952.534</ele><time>2026-09-29T06:50:10Z</time><speed>0.000</speed><sat>37</sat></trkpt>
  <trkpt lat="39.08212526" lon="33.40555228"><ele>952.533</ele><time>2026-09-29T06:50:11Z</time><speed>0.000</speed><sat>37</sat></trkpt>
  <trkpt lat="39.08212526" lon="33.40555228"><ele>952.534</ele><time>2026-09-29T06:50:12Z</time><speed>0.000</speed><sat>38</sat></trkpt>
  <trkpt lat="39.08212527" lon="33.40555228"><ele>952.534</ele><time>2026-09-29T06:50:13Z</time><speed>0.000</speed><sat>37</sat></trkpt>
  <trkpt lat="39.08212527" lon="33.40555227"><ele>952.534</ele><time>2026-09-29T06:50:14Z</time><speed>0.000</speed><sat>37</sat></trkpt>
  <trkpt lat="39.08212528" lon="33.40555228"><ele>952.533</ele><time>2026-09-29T06:50:15Z</time><speed>0.000</speed><sat>36</sat></trkpt>
  <trkpt lat="39.08212529" lon="33.40555227"><ele>952.534</ele><time>2026-09-29T06:50:16Z</time><speed>0.000</speed><sat>36</sat></trkpt>
  <trkpt lat="39.08212529" lon="33.40555229"><ele>952.533</ele><time>2026-09-29T06:50:17Z</time><speed>0.000</speed><sat>35</sat></trkpt>
  <trkpt lat="39.08212531" lon="33.40555231"><ele>952.532</ele><time>2026-09-29T06:50:18Z</time><speed>0.000</speed><sat>34</sat></trkpt>
  <trkpt lat="39.08212532" lon="33.40555231"><ele>952.532</ele><time>2026-09-29T06:50:19Z</time><speed>0.000</speed><sat>34</sat></trkpt>
  <trkpt lat="39.08212532" lon="33.40555233"><ele>952.531</ele><time>2026-09-29T06:50:20Z</time><speed>0.000</speed><sat>34</sat></trkpt>
  <trkpt lat="39.08212532" lon="33.40555232"><ele>952.533</ele><time>2026-09-29T06:50:21Z</time><speed>0.000</speed><sat>34</sat></trkpt>
  <trkpt lat="39.08212533" lon="33.40555232"><ele>952.533</ele><time>2026-09-29T06:50:22Z</time><speed>0.000</speed><sat>34</sat></trkpt>
  <trkpt lat="39.08212532" lon="33.40555233"><ele>952.532</ele><time>2026-09-29T06:50:23Z</time><speed>0.000</speed><sat>34</sat></trkpt>
  <trkpt lat="39.08212534" lon="33.40555233"><ele>952.533</ele><time>2026-09-29T06:50:24Z</time><speed>0.000</speed><sat>34</sat></trkpt>
  <trkpt lat="39.08212535" lon="33.40555235"><ele>952.532</ele><time>2026-09-29T06:50:25Z</time><speed>0.000</speed><sat>34</sat></trkpt>
  <trkpt lat="39.08212536" lon="33.40555236"><ele>952.531</ele><time>2026-09-29T06:50:26Z</time><speed>0.000</speed><sat>34</sat></trkpt>
  <trkpt lat="39.08212536" lon="33.40555236"><ele>952.531</ele><time>2026-09-29T06:50:27Z</time><speed>0.000</speed><sat>34</sat></trkpt>
  <trkpt lat="39.08212536" lon="33.40555236"><ele>952.530</ele><time>2026-09-29T06:50:28Z</time><speed>0.000</speed><sat>34</sat></trkpt>
  <trkpt lat="39.08212536" lon="33.40555237"><ele>952.530</ele><time>2026-09-29T06:50:29Z</time><speed>0.000</speed><sat>35</sat></trkpt>
  <trkpt lat="39.08212537" lon="33.40555237"><ele>952.530</ele><time>2026-09-29T06:50:30Z</time><speed>0.000</speed><sat>35</sat></trkpt>
  <trkpt lat="39.08212539" lon="33.40555238"><ele>952.532</ele><time>2026-09-29T06:50:31Z</time><speed>0.000</speed><sat>35</sat></trkpt>
  <trkpt lat="39.08212539" lon="33.40555240"><ele>952.535</ele><time>2026-09-29T06:50:32Z</time><speed>0.000</speed><sat>37</sat></trkpt>
  <trkpt lat="39.08212542" lon="33.40555244"><ele>952.542</ele><time>2026-09-29T06:50:33Z</time><speed>0.000</speed><sat>37</sat></trkpt>
  <trkpt lat="39.08212542" lon="33.40555247"><ele>952.549</ele><time>2026-09-29T06:50:34Z</time><speed>0.000</speed><sat>37</sat></trkpt>
  <trkpt lat="39.08212543" lon="33.40555252"><ele>952.552</ele><time>2026-09-29T06:50:35Z</time><speed>0.000</speed><sat>37</sat></trkpt>
  <trkpt lat="39.08212545" lon="33.40555255"><ele>952.555</ele><time>2026-09-29T06:50:36Z</time><speed>0.000</speed><sat>37</sat></trkpt>
  <trkpt lat="39.08212544" lon="33.40555259"><ele>952.560</ele><time>2026-09-29T06:50:37Z</time><speed>0.000</speed><sat>38</sat></trkpt>
  <trkpt lat="39.08212544" lon="33.40555261"><ele>952.561</ele><time>2026-09-29T06:50:38Z</time><speed>0.000</speed><sat>38</sat></trkpt>
  <trkpt lat="39.08212542" lon="33.40555263"><ele>952.560</ele><time>2026-09-29T06:50:39Z</time><speed>0.000</speed><sat>37</sat></trkpt>
  <trkpt lat="39.08212541" lon="33.40555263"><ele>952.559</ele><time>2026-09-29T06:50:40Z</time><speed>0.000</speed><sat>36</sat></trkpt>
  <trkpt lat="39.08212541" lon="33.40555266"><ele>952.563</ele><time>2026-09-29T06:50:41Z</time><speed>0.000</speed><sat>36</sat></trkpt>
  <trkpt lat="39.08212539" lon="33.40555266"><ele>952.561</ele><time>2026-09-29T06:50:42Z</time><speed>0.000</speed><sat>36</sat></trkpt>
  <trkpt lat="39.08212540" lon="33.40555268"><ele>952.565</ele><time>2026-09-29T06:50:43Z</time><speed>0.000</speed><sat>36</sat></trkpt>
  <trkpt lat="39.08212541" lon="33.40555269"><ele>952.567</ele><time>2026-09-29T06:50:44Z</time><speed>0.000</speed><sat>36</sat></trkpt>
  <trkpt lat="39.08212541" lon="33.40555271"><ele>952.570</ele><time>2026-09-29T06:50:45Z</time><speed>0.000</speed><sat>36</sat></trkpt>
  <trkpt lat="39.08212543" lon="33.40555274"><ele>952.573</ele><time>2026-09-29T06:50:46Z</time><speed>0.000</speed><sat>37</sat></trkpt>
  <trkpt lat="39.08212541" lon="33.40555276"><ele>952.576</ele><time>2026-09-29T06:50:47Z</time><speed>0.000</speed><sat>37</sat></trkpt>
  <trkpt lat="39.08212540" lon="33.40555278"><ele>952.578</ele><time>2026-09-29T06:50:48Z</time><speed>0.000</speed><sat>37</sat></trkpt>
  <trkpt lat="39.08212541" lon="33.40555279"><ele>952.580</ele><time>2026-09-29T06:50:49Z</time><speed>0.000</speed><sat>37</sat></trkpt>
  <trkpt lat="39.08212541" lon="33.40555282"><ele>952.581</ele><time>2026-09-29T06:50:50Z</time><speed>0.000</speed><sat>37</sat></trkpt>
  <trkpt lat="39.08212540" lon="33.40555287"><ele>952.583</ele><time>2026-09-29T06:50:51Z</time><speed>0.000</speed><sat>36</sat></trkpt>
  <trkpt lat="39.08212540" lon="33.40555290"><ele>952.584</ele><time>2026-09-29T06:50:52Z</time><speed>0.000</speed><sat>35</sat></trkpt>
  <trkpt lat="39.08212543" lon="33.40555292"><ele>952.585</ele><time>2026-09-29T06:50:53Z</time><speed>0.000</speed><sat>35</sat></trkpt>
  <trkpt lat="39.08212545" lon="33.40555295"><ele>952.588</ele><time>2026-09-29T06:50:54Z</time><speed>0.000</speed><sat>35</sat></trkpt>
  <trkpt lat="39.08212545" lon="33.40555296"><ele>952.589</ele><time>2026-09-29T06:50:55Z</time><speed>0.000</speed><sat>35</sat></trkpt>
  <trkpt lat="39.08212546" lon="33.40555298"><ele>952.592</ele><time>2026-09-29T06:50:56Z</time><speed>0.000</speed><sat>36</sat></trkpt>
  <trkpt lat="39.08212544" lon="33.40555299"><ele>952.592</ele><time>2026-09-29T06:50:57Z</time><speed>0.000</speed><sat>37</sat></trkpt>
  <trkpt lat="39.08212547" lon="33.40555300"><ele>952.594</ele><time>2026-09-29T06:50:58Z</time><speed>0.000</speed><sat>36</sat></trkpt>
  <trkpt lat="39.08212547" lon="33.40555303"><ele>952.596</ele><time>2026-09-29T06:50:59Z</time><speed>0.000</speed><sat>35</sat></trkpt>
  <trkpt lat="39.08212547" lon="33.40555305"><ele>952.595</ele><time>2026-09-29T06:51:00Z</time><speed>0.000</speed><sat>36</sat></trkpt>
  <trkpt lat="39.08212548" lon="33.40555309"><ele>952.596</ele><time>2026-09-29T06:51:01Z</time><speed>0.000</speed><sat>36</sat></trkpt>
  <trkpt lat="39.08212550" lon="33.40555313"><ele>952.600</ele><time>2026-09-29T06:51:02Z</time><speed>0.000</speed><sat>36</sat></trkpt>
  <trkpt lat="39.08212550" lon="33.40555316"><ele>952.602</ele><time>2026-09-29T06:51:03Z</time><speed>0.000</speed><sat>35</sat></trkpt>
  <trkpt lat="39.08212550" lon="33.40555319"><ele>952.605</ele><time>2026-09-29T06:51:04Z</time><speed>0.000</speed><sat>35</sat></trkpt>
  <trkpt lat="39.08212550" lon="33.40555321"><ele>952.607</ele><time>2026-09-29T06:51:05Z</time><speed>0.000</speed><sat>34</sat></trkpt>
  <trkpt lat="39.08212548" lon="33.40555325"><ele>952.609</ele><time>2026-09-29T06:51:06Z</time><speed>0.000</speed><sat>35</sat></trkpt>
  <trkpt lat="39.08212791" lon="33.40556736"><ele>952.819</ele><time>2026-09-29T06:51:07Z</time><speed>1.020</speed><sat>39</sat></trkpt>
  <trkpt lat="39.08212909" lon="33.40559131"><ele>953.733</ele><time>2026-09-29T06:51:08Z</time><speed>2.370</speed><sat>39</sat></trkpt>
  <trkpt lat="39.08212786" lon="33.40559475"><ele>953.588</ele><time>2026-09-29T06:51:09Z</time><speed>0.000</speed><sat>39</sat></trkpt>
  <trkpt lat="39.08212728" lon="33.40558961"><ele>953.742</ele><time>2026-09-29T06:51:10Z</time><speed>0.000</speed><sat>39</sat></trkpt>
  <trkpt lat="39.08212674" lon="33.40558611"><ele>953.909</ele><time>2026-09-29T06:51:11Z</time><speed>0.000</speed><sat>39</sat></trkpt>
  <trkpt lat="39.08212680" lon="33.40558485"><ele>953.783</ele><time>2026-09-29T06:51:12Z</time><speed>0.000</speed><sat>39</sat></trkpt>
  <trkpt lat="39.08212647" lon="33.40558313"><ele>953.562</ele><time>2026-09-29T06:51:13Z</time><speed>0.000</speed><sat>39</sat></trkpt>
  <trkpt lat="39.08212637" lon="33.40558260"><ele>953.544</ele><time>2026-09-29T06:51:14Z</time><speed>0.000</speed><sat>39</sat></trkpt>
  <trkpt lat="39.08212636" lon="33.40558290"><ele>953.793</ele><time>2026-09-29T06:51:15Z</time><speed>0.000</speed><sat>39</sat></trkpt>
  <trkpt lat="39.08212661" lon="33.40558331"><ele>954.142</ele><time>2026-09-29T06:51:16Z</time><speed>0.000</speed><sat>38</sat></trkpt>
  <trkpt lat="39.08212685" lon="33.40558420"><ele>954.305</ele><time>2026-09-29T06:51:17Z</time><speed>0.000</speed><sat>38</sat></trkpt>
  <trkpt lat="39.08212678" lon="33.40558541"><ele>954.079</ele><time>2026-09-29T06:51:18Z</time><speed>0.000</speed><sat>38</sat></trkpt>
  <trkpt lat="39.08212661" lon="33.40558590"><ele>954.031</ele><time>2026-09-29T06:51:19Z</time><speed>0.000</speed><sat>38</sat></trkpt>
  <trkpt lat="39.08212644" lon="33.40558617"><ele>954.024</ele><time>2026-09-29T06:51:20Z</time><speed>0.000</speed><sat>37</sat></trkpt>
  <trkpt lat="39.08212636" lon="33.40558633"><ele>954.016</ele><time>2026-09-29T06:51:21Z</time><speed>0.000</speed><sat>37</sat></trkpt>
  <trkpt lat="39.08212766" lon="33.40558332"><ele>954.514</ele><time>2026-09-29T06:51:22Z</time><speed>0.340</speed><sat>37</sat></trkpt>
  <trkpt lat="39.08213235" lon="33.40557426"><ele>954.548</ele><time>2026-09-29T06:51:23Z</time><speed>0.980</speed><sat>38</sat></trkpt>
  <trkpt lat="39.08213781" lon="33.40556148"><ele>954.406</ele><time>2026-09-29T06:51:24Z</time><speed>1.140</speed><sat>39</sat></trkpt>
  <trkpt lat="39.08214045" lon="33.40554536"><ele>954.505</ele><time>2026-09-29T06:51:25Z</time><speed>1.440</speed><sat>39</sat></trkpt>
  <trkpt lat="39.08214074" lon="33.40553744"><ele>954.526</ele><time>2026-09-29T06:51:26Z</time><speed>0.290</speed><sat>39</sat></trkpt>
  <trkpt lat="39.08213642" lon="33.40553716"><ele>954.259</ele><time>2026-09-29T06:51:27Z</time><speed>0.830</speed><sat>39</sat></trkpt>
  <trkpt lat="39.08213067" lon="33.40554275"><ele>954.018</ele><time>2026-09-29T06:51:28Z</time><speed>0.730</speed><sat>39</sat></trkpt>
  <trkpt lat="39.08212706" lon="33.40555254"><ele>953.721</ele><time>2026-09-29T06:51:29Z</time><speed>0.550</speed><sat>39</sat></trkpt>
  <trkpt lat="39.08212492" lon="33.40555950"><ele>953.478</ele><time>2026-09-29T06:51:30Z</time><speed>0.290</speed><sat>39</sat></trkpt>
  <trkpt lat="39.08212520" lon="33.40556672"><ele>953.372</ele><time>2026-09-29T06:51:31Z</time><speed>0.000</speed><sat>39</sat></trkpt>
  <trkpt lat="39.08212618" lon="33.40556984"><ele>953.362</ele><time>2026-09-29T06:51:32Z</time><speed>0.000</speed><sat>39</sat></trkpt>
  <trkpt lat="39.08212659" lon="33.40557235"><ele>953.389</ele><time>2026-09-29T06:51:33Z</time><speed>0.000</speed><sat>38</sat></trkpt>
  <trkpt lat="39.08212687" lon="33.40557391"><ele>953.266</ele><time>2026-09-29T06:51:34Z</time><speed>0.000</speed><sat>38</sat></trkpt>
  <trkpt lat="39.08212710" lon="33.40557519"><ele>953.279</ele><time>2026-09-29T06:51:35Z</time><speed>0.000</speed><sat>38</sat></trkpt>
  <trkpt lat="39.08212730" lon="33.40557583"><ele>953.221</ele><time>2026-09-29T06:51:36Z</time><speed>0.000</speed><sat>38</sat></trkpt>
  <trkpt lat="39.08212767" lon="33.40557601"><ele>953.141</ele><time>2026-09-29T06:51:37Z</time><speed>0.000</speed><sat>37</sat></trkpt>
  <trkpt lat="39.08212706" lon="33.40557616"><ele>953.296</ele><time>2026-09-29T06:51:38Z</time><speed>0.000</speed><sat>36</sat></trkpt>
  <trkpt lat="39.08212714" lon="33.40557637"><ele>953.352</ele><time>2026-09-29T06:51:39Z</time><speed>0.000</speed><sat>36</sat></trkpt>
  <trkpt lat="39.08212771" lon="33.40557675"><ele>953.410</ele><time>2026-09-29T06:51:40Z</time><speed>0.000</speed><sat>36</sat></trkpt>
  <trkpt lat="39.08212829" lon="33.40557706"><ele>953.469</ele><time>2026-09-29T06:51:41Z</time><speed>0.000</speed><sat>36</sat></trkpt>
  <trkpt lat="39.08212865" lon="33.40557726"><ele>953.449</ele><time>2026-09-29T06:51:42Z</time><speed>0.000</speed><sat>36</sat></trkpt>
  <trkpt lat="39.08212882" lon="33.40557736"><ele>953.454</ele><time>2026-09-29T06:51:43Z</time><speed>0.000</speed><sat>37</sat></trkpt>
  <trkpt lat="39.08212891" lon="33.40557744"><ele>953.453</ele><time>2026-09-29T06:51:44Z</time><speed>0.000</speed><sat>37</sat></trkpt>
  <trkpt lat="39.08212896" lon="33.40557748"><ele>953.451</ele><time>2026-09-29T06:51:45Z</time><speed>0.000</speed><sat>37</sat></trkpt>
  <trkpt lat="39.08212898" lon="33.40557750"><ele>953.449</ele><time>2026-09-29T06:51:46Z</time><speed>0.000</speed><sat>37</sat></trkpt>
  <trkpt lat="39.08212899" lon="33.40557752"><ele>953.446</ele><time>2026-09-29T06:51:47Z</time><speed>0.000</speed><sat>37</sat></trkpt>
  <trkpt lat="39.08212898" lon="33.40557754"><ele>953.445</ele><time>2026-09-29T06:51:48Z</time><speed>0.000</speed><sat>38</sat></trkpt>
  <trkpt lat="39.08212898" lon="33.40557756"><ele>953.445</ele><time>2026-09-29T06:51:49Z</time><speed>0.000</speed><sat>38</sat></trkpt>
  <trkpt lat="39.08212897" lon="33.40557758"><ele>953.445</ele><time>2026-09-29T06:51:50Z</time><speed>0.000</speed><sat>38</sat></trkpt>
  <trkpt lat="39.08212897" lon="33.40557760"><ele>953.445</ele><time>2026-09-29T06:51:51Z</time><speed>0.000</speed><sat>38</sat></trkpt>
  <trkpt lat="39.08212897" lon="33.40557762"><ele>953.444</ele><time>2026-09-29T06:51:52Z</time><speed>0.000</speed><sat>37</sat></trkpt>
  <trkpt lat="39.08212897" lon="33.40557763"><ele>953.444</ele><time>2026-09-29T06:51:53Z</time><speed>0.000</speed><sat>37</sat></trkpt>
  <trkpt lat="39.08212896" lon="33.40557765"><ele>953.445</ele><time>2026-09-29T06:51:54Z</time><speed>0.000</speed><sat>37</sat></trkpt>
  <trkpt lat="39.08212715" lon="33.40558011"><ele>953.792</ele><time>2026-09-29T06:51:55Z</time><speed>0.330</speed><sat>39</sat></trkpt>
  <trkpt lat="39.08212614" lon="33.40557851"><ele>954.350</ele><time>2026-09-29T06:51:56Z</time><speed>0.000</speed><sat>39</sat></trkpt>
  <trkpt lat="39.08212528" lon="33.40557666"><ele>954.736</ele><time>2026-09-29T06:51:57Z</time><speed>0.000</speed><sat>39</sat></trkpt>
  <trkpt lat="39.08212402" lon="33.40557435"><ele>955.110</ele><time>2026-09-29T06:51:58Z</time><speed>0.000</speed><sat>39</sat></trkpt>
  <trkpt lat="39.08212267" lon="33.40557406"><ele>955.188</ele><time>2026-09-29T06:51:59Z</time><speed>0.000</speed><sat>39</sat></trkpt>
 </trkseg>
</trk>

</gpx>
 