<?xml version="1.0" encoding="UTF-8"?>
<!-- Created with BasicAirData GPS Logger for Android - ver. 3.3.0 -->
<!-- Track 83 = 2216 TrackPoints + 0 Placemarks -->

<!-- Track Statistics (based on Total Time | Time in Movement): -->
<!--  Distance = 10.6 km -->
<!--  Duration = 36:55 | 26:29 -->
<!--  Altitude Gap = 16 m -->
<!--  Max Speed = 76 km/h -->
<!--  Avg Speed = 17.2 | 24.0 km/h -->
<!--  Direction = NW -->
<!--  Activity = car -->
<!--  Altitudes = Raw -->

<gpx version="1.0"
     creator="BasicAirData GPS Logger 3.3.0"
     xmlns="http://www.topografix.com/GPX/1/0"
     xmlns:xsi="http://www.w3.org/2001/XMLSchema-instance"
     xsi:schemaLocation="http://www.topografix.com/GPX/1/0 http://www.topografix.com/GPX/1/0/gpx.xsd">
<name>GPS Logger 20261007-171208</name>
<time>2026-10-08T21:50:12Z</time>
<keywords>car</keywords>
<bounds minlat="41.63265359" minlon="26.55745995" maxlat="41.67580370" maxlon="26.61963114" />

<trk>
 <name>Track 20261007-171208</name>
 <trkseg>
  <trkpt lat="41.63265359" lon="26.61879616"><ele>81.842</ele><time>2026-10-07T14:12:08Z</time><speed>5.650</speed><sat>35</sat></trkpt>
  <trkpt lat="41.63267839" lon="26.61873931"><ele>81.304</ele><time>2026-10-07T14:12:09Z</time><speed>5.290</speed><sat>35</sat></trkpt>
  <trkpt lat="41.63270179" lon="26.61867576"><ele>81.847</ele><time>2026-10-07T14:12:10Z</time><speed>6.190</speed><sat>35</sat></trkpt>
  <trkpt lat="41.63272846" lon="26.61861250"><ele>81.957</ele><time>2026-10-07T14:12:11Z</time><speed>5.960</speed><sat>35</sat></trkpt>
  <trkpt lat="41.63275217" lon="26.61854473"><ele>82.292</ele><time>2026-10-07T14:12:12Z</time><speed>5.560</speed><sat>35</sat></trkpt>
  <trkpt lat="41.63277189" lon="26.61848950"><ele>82.661</ele><time>2026-10-07T14:12:13Z</time><speed>5.120</speed><sat>35</sat></trkpt>
  <trkpt lat="41.63278683" lon="26.61843950"><ele>82.885</ele><time>2026-10-07T14:12:14Z</time><speed>4.660</speed><sat>35</sat></trkpt>
  <trkpt lat="41.63280131" lon="26.61839581"><ele>82.736</ele><time>2026-10-07T14:12:15Z</time><speed>3.990</speed><sat>35</sat></trkpt>
  <trkpt lat="41.63281309" lon="26.61835070"><ele>82.730</ele><time>2026-10-07T14:12:16Z</time><speed>3.740</speed><sat>35</sat></trkpt>
  <trkpt lat="41.63281967" lon="26.61830944"><ele>82.422</ele><time>2026-10-07T14:12:17Z</time><speed>2.770</speed><sat>35</sat></trkpt>
  <trkpt lat="41.63282613" lon="26.61828577"><ele>82.549</ele><time>2026-10-07T14:12:18Z</time><speed>1.910</speed><sat>35</sat></trkpt>
  <trkpt lat="41.63283394" lon="26.61826188"><ele>82.077</ele><time>2026-10-07T14:12:19Z</time><speed>1.720</speed><sat>35</sat></trkpt>
  <trkpt lat="41.63284736" lon="26.61823473"><ele>82.293</ele><time>2026-10-07T14:12:20Z</time><speed>2.240</speed><sat>35</sat></trkpt>
  <trkpt lat="41.63285765" lon="26.61820218"><ele>82.283</ele><time>2026-10-07T14:12:21Z</time><speed>2.810</speed><sat>34</sat></trkpt>
  <trkpt lat="41.63286691" lon="26.61816951"><ele>82.439</ele><time>2026-10-07T14:12:22Z</time><speed>2.920</speed><sat>34</sat></trkpt>
  <trkpt lat="41.63288067" lon="26.61814089"><ele>82.398</ele><time>2026-10-07T14:12:23Z</time><speed>2.780</speed><sat>34</sat></trkpt>
  <trkpt lat="41.63289876" lon="26.61811544"><ele>82.884</ele><time>2026-10-07T14:12:24Z</time><speed>2.960</speed><sat>34</sat></trkpt>
  <trkpt lat="41.63291910" lon="26.61808855"><ele>82.481</ele><time>2026-10-07T14:12:25Z</time><speed>3.470</speed><sat>34</sat></trkpt>
  <trkpt lat="41.63294181" lon="26.61805580"><ele>82.654</ele><time>2026-10-07T14:12:26Z</time><speed>3.860</speed><sat>34</sat></trkpt>
  <trkpt lat="41.63296633" lon="26.61801737"><ele>82.361</ele><time>2026-10-07T14:12:27Z</time><speed>4.320</speed><sat>35</sat></trkpt>
  <trkpt lat="41.63299370" lon="26.61797482"><ele>81.926</ele><time>2026-10-07T14:12:28Z</time><speed>4.710</speed><sat>35</sat></trkpt>
  <trkpt lat="41.63301369" lon="26.61790553"><ele>82.176</ele><time>2026-10-07T14:12:29Z</time><speed>5.020</speed><sat>35</sat></trkpt>
  <trkpt lat="41.63303318" lon="26.61785598"><ele>82.261</ele><time>2026-10-07T14:12:30Z</time><speed>4.990</speed><sat>35</sat></trkpt>
  <trkpt lat="41.63305361" lon="26.61780731"><ele>82.320</ele><time>2026-10-07T14:12:31Z</time><speed>4.790</speed><sat>35</sat></trkpt>
  <trkpt lat="41.63307333" lon="26.61775491"><ele>82.007</ele><time>2026-10-07T14:12:32Z</time><speed>4.900</speed><sat>35</sat></trkpt>
  <trkpt lat="41.63309516" lon="26.61769744"><ele>82.020</ele><time>2026-10-07T14:12:33Z</time><speed>5.170</speed><sat>35</sat></trkpt>
  <trkpt lat="41.63311118" lon="26.61763104"><ele>82.624</ele><time>2026-10-07T14:12:34Z</time><speed>5.760</speed><sat>35</sat></trkpt>
  <trkpt lat="41.63312984" lon="26.61756074"><ele>82.442</ele><time>2026-10-07T14:12:35Z</time><speed>6.490</speed><sat>35</sat></trkpt>
  <trkpt lat="41.63314159" lon="26.61748237"><ele>82.349</ele><time>2026-10-07T14:12:36Z</time><speed>6.730</speed><sat>35</sat></trkpt>
  <trkpt lat="41.63317496" lon="26.61739832"><ele>82.405</ele><time>2026-10-07T14:12:37Z</time><speed>7.430</speed><sat>35</sat></trkpt>
  <trkpt lat="41.63320688" lon="26.61730848"><ele>82.168</ele><time>2026-10-07T14:12:38Z</time><speed>7.780</speed><sat>35</sat></trkpt>
  <trkpt lat="41.63323973" lon="26.61721494"><ele>82.542</ele><time>2026-10-07T14:12:39Z</time><speed>8.040</speed><sat>35</sat></trkpt>
  <trkpt lat="41.63325981" lon="26.61713298"><ele>82.437</ele><time>2026-10-07T14:12:40Z</time><speed>7.950</speed><sat>35</sat></trkpt>
  <trkpt lat="41.63327815" lon="26.61706113"><ele>82.441</ele><time>2026-10-07T14:12:41Z</time><speed>6.960</speed><sat>34</sat></trkpt>
  <trkpt lat="41.63330972" lon="26.61693981"><ele>81.562</ele><time>2026-10-07T14:12:42Z</time><speed>8.610</speed><sat>33</sat></trkpt>
  <trkpt lat="41.63334624" lon="26.61683222"><ele>81.652</ele><time>2026-10-07T14:12:43Z</time><speed>9.190</speed><sat>33</sat></trkpt>
  <trkpt lat="41.63336750" lon="26.61671948"><ele>81.591</ele><time>2026-10-07T14:12:44Z</time><speed>9.230</speed><sat>32</sat></trkpt>
  <trkpt lat="41.63341203" lon="26.61664217"><ele>82.568</ele><time>2026-10-07T14:12:45Z</time><speed>8.300</speed><sat>30</sat></trkpt>
  <trkpt lat="41.63345824" lon="26.61655285"><ele>81.305</ele><time>2026-10-07T14:12:46Z</time><speed>8.370</speed><sat>19</sat></trkpt>
  <trkpt lat="41.63349671" lon="26.61644901"><ele>80.652</ele><time>2026-10-07T14:12:47Z</time><speed>8.730</speed><sat>21</sat></trkpt>
  <trkpt lat="41.63355680" lon="26.61638614"><ele>80.328</ele><time>2026-10-07T14:12:48Z</time><speed>7.930</speed><sat>23</sat></trkpt>
  <trkpt lat="41.63361283" lon="26.61630391"><ele>80.174</ele><time>2026-10-07T14:12:49Z</time><speed>8.400</speed><sat>24</sat></trkpt>
  <trkpt lat="41.63368779" lon="26.61628668"><ele>82.540</ele><time>2026-10-07T14:12:50Z</time><speed>7.230</speed><sat>24</sat></trkpt>
  <trkpt lat="41.63374572" lon="26.61626139"><ele>84.756</ele><time>2026-10-07T14:12:51Z</time><speed>6.420</speed><sat>29</sat></trkpt>
  <trkpt lat="41.63381092" lon="26.61626837"><ele>83.929</ele><time>2026-10-07T14:12:52Z</time><speed>6.790</speed><sat>32</sat></trkpt>
  <trkpt lat="41.63388184" lon="26.61627779"><ele>84.705</ele><time>2026-10-07T14:12:53Z</time><speed>7.020</speed><sat>33</sat></trkpt>
  <trkpt lat="41.63394492" lon="26.61630662"><ele>85.110</ele><time>2026-10-07T14:12:54Z</time><speed>7.120</speed><sat>33</sat></trkpt>
  <trkpt lat="41.63400625" lon="26.61634765"><ele>85.869</ele><time>2026-10-07T14:12:55Z</time><speed>7.390</speed><sat>34</sat></trkpt>
  <trkpt lat="41.63405971" lon="26.61639347"><ele>85.883</ele><time>2026-10-07T14:12:56Z</time><speed>7.140</speed><sat>34</sat></trkpt>
  <trkpt lat="41.63413078" lon="26.61645625"><ele>87.956</ele><time>2026-10-07T14:12:57Z</time><speed>8.440</speed><sat>34</sat></trkpt>
  <trkpt lat="41.63419501" lon="26.61650764"><ele>88.232</ele><time>2026-10-07T14:12:58Z</time><speed>8.820</speed><sat>35</sat></trkpt>
  <trkpt lat="41.63426396" lon="26.61656070"><ele>88.706</ele><time>2026-10-07T14:12:59Z</time><speed>8.550</speed><sat>35</sat></trkpt>
  <trkpt lat="41.63434399" lon="26.61660257"><ele>87.116</ele><time>2026-10-07T14:13:00Z</time><speed>9.730</speed><sat>35</sat></trkpt>
  <trkpt lat="41.63442330" lon="26.61664916"><ele>88.067</ele><time>2026-10-07T14:13:01Z</time><speed>9.770</speed><sat>35</sat></trkpt>
  <trkpt lat="41.63451592" lon="26.61671453"><ele>88.916</ele><time>2026-10-07T14:13:02Z</time><speed>10.620</speed><sat>35</sat></trkpt>
  <trkpt lat="41.63459871" lon="26.61678442"><ele>88.431</ele><time>2026-10-07T14:13:03Z</time><speed>10.720</speed><sat>35</sat></trkpt>
  <trkpt lat="41.63468908" lon="26.61685764"><ele>87.846</ele><time>2026-10-07T14:13:04Z</time><speed>11.840</speed><sat>33</sat></trkpt>
  <trkpt lat="41.63476885" lon="26.61692260"><ele>88.537</ele><time>2026-10-07T14:13:05Z</time><speed>11.430</speed><sat>32</sat></trkpt>
  <trkpt lat="41.63486395" lon="26.61699565"><ele>88.131</ele><time>2026-10-07T14:13:06Z</time><speed>12.030</speed><sat>32</sat></trkpt>
  <trkpt lat="41.63496552" lon="26.61706695"><ele>89.422</ele><time>2026-10-07T14:13:07Z</time><speed>12.670</speed><sat>32</sat></trkpt>
  <trkpt lat="41.63506725" lon="26.61713884"><ele>90.342</ele><time>2026-10-07T14:13:08Z</time><speed>12.460</speed><sat>33</sat></trkpt>
  <trkpt lat="41.63517278" lon="26.61722398"><ele>89.690</ele><time>2026-10-07T14:13:09Z</time><speed>13.420</speed><sat>33</sat></trkpt>
  <trkpt lat="41.63529067" lon="26.61729531"><ele>88.761</ele><time>2026-10-07T14:13:10Z</time><speed>14.110</speed><sat>34</sat></trkpt>
  <trkpt lat="41.63539342" lon="26.61737570"><ele>89.431</ele><time>2026-10-07T14:13:11Z</time><speed>13.270</speed><sat>35</sat></trkpt>
  <trkpt lat="41.63549775" lon="26.61747839"><ele>91.239</ele><time>2026-10-07T14:13:12Z</time><speed>14.430</speed><sat>34</sat></trkpt>
  <trkpt lat="41.63559826" lon="26.61756172"><ele>91.909</ele><time>2026-10-07T14:13:13Z</time><speed>13.400</speed><sat>34</sat></trkpt>
  <trkpt lat="41.63571106" lon="26.61763889"><ele>92.673</ele><time>2026-10-07T14:13:14Z</time><speed>13.800</speed><sat>34</sat></trkpt>
  <trkpt lat="41.63581327" lon="26.61772322"><ele>93.115</ele><time>2026-10-07T14:13:15Z</time><speed>12.960</speed><sat>33</sat></trkpt>
  <trkpt lat="41.63591276" lon="26.61779387"><ele>91.972</ele><time>2026-10-07T14:13:16Z</time><speed>12.430</speed><sat>32</sat></trkpt>
  <trkpt lat="41.63601429" lon="26.61786908"><ele>93.564</ele><time>2026-10-07T14:13:17Z</time><speed>12.800</speed><sat>32</sat></trkpt>
  <trkpt lat="41.63610730" lon="26.61794068"><ele>92.521</ele><time>2026-10-07T14:13:18Z</time><speed>12.400</speed><sat>32</sat></trkpt>
  <trkpt lat="41.63619214" lon="26.61801578"><ele>92.549</ele><time>2026-10-07T14:13:19Z</time><speed>11.810</speed><sat>32</sat></trkpt>
  <trkpt lat="41.63629103" lon="26.61809304"><ele>92.974</ele><time>2026-10-07T14:13:20Z</time><speed>11.730</speed><sat>32</sat></trkpt>
  <trkpt lat="41.63638286" lon="26.61815831"><ele>92.020</ele><time>2026-10-07T14:13:21Z</time><speed>11.470</speed><sat>30</sat></trkpt>
  <trkpt lat="41.63646363" lon="26.61823825"><ele>92.301</ele><time>2026-10-07T14:13:22Z</time><speed>10.860</speed><sat>31</sat></trkpt>
  <trkpt lat="41.63652836" lon="26.61833372"><ele>92.073</ele><time>2026-10-07T14:13:23Z</time><speed>10.860</speed><sat>32</sat></trkpt>
  <trkpt lat="41.63658498" lon="26.61844081"><ele>93.136</ele><time>2026-10-07T14:13:24Z</time><speed>10.780</speed><sat>33</sat></trkpt>
  <trkpt lat="41.63658931" lon="26.61855534"><ele>93.359</ele><time>2026-10-07T14:13:25Z</time><speed>9.860</speed><sat>33</sat></trkpt>
  <trkpt lat="41.63660764" lon="26.61864888"><ele>93.288</ele><time>2026-10-07T14:13:26Z</time><speed>9.210</speed><sat>33</sat></trkpt>
  <trkpt lat="41.63661905" lon="26.61876384"><ele>93.418</ele><time>2026-10-07T14:13:27Z</time><speed>9.210</speed><sat>33</sat></trkpt>
  <trkpt lat="41.63661254" lon="26.61887041"><ele>92.907</ele><time>2026-10-07T14:13:28Z</time><speed>8.800</speed><sat>33</sat></trkpt>
  <trkpt lat="41.63659551" lon="26.61895805"><ele>93.372</ele><time>2026-10-07T14:13:29Z</time><speed>8.010</speed><sat>34</sat></trkpt>
  <trkpt lat="41.63657981" lon="26.61903708"><ele>94.319</ele><time>2026-10-07T14:13:30Z</time><speed>7.270</speed><sat>33</sat></trkpt>
  <trkpt lat="41.63652997" lon="26.61909744"><ele>96.112</ele><time>2026-10-07T14:13:31Z</time><speed>6.830</speed><sat>34</sat></trkpt>
  <trkpt lat="41.63647069" lon="26.61912605"><ele>95.865</ele><time>2026-10-07T14:13:32Z</time><speed>6.370</speed><sat>33</sat></trkpt>
  <trkpt lat="41.63641766" lon="26.61913662"><ele>96.166</ele><time>2026-10-07T14:13:33Z</time><speed>5.950</speed><sat>31</sat></trkpt>
  <trkpt lat="41.63635962" lon="26.61913417"><ele>98.093</ele><time>2026-10-07T14:13:34Z</time><speed>6.000</speed><sat>31</sat></trkpt>
  <trkpt lat="41.63630290" lon="26.61912233"><ele>99.395</ele><time>2026-10-07T14:13:35Z</time><speed>6.220</speed><sat>32</sat></trkpt>
  <trkpt lat="41.63625080" lon="26.61909787"><ele>99.994</ele><time>2026-10-07T14:13:36Z</time><speed>5.990</speed><sat>32</sat></trkpt>
  <trkpt lat="41.63618428" lon="26.61905287"><ele>97.669</ele><time>2026-10-07T14:13:37Z</time><speed>8.040</speed><sat>32</sat></trkpt>
  <trkpt lat="41.63611686" lon="26.61900593"><ele>97.110</ele><time>2026-10-07T14:13:38Z</time><speed>8.740</speed><sat>32</sat></trkpt>
  <trkpt lat="41.63604458" lon="26.61896037"><ele>97.737</ele><time>2026-10-07T14:13:39Z</time><speed>8.990</speed><sat>32</sat></trkpt>
  <trkpt lat="41.63596022" lon="26.61891621"><ele>99.583</ele><time>2026-10-07T14:13:40Z</time><speed>9.430</speed><sat>32</sat></trkpt>
  <trkpt lat="41.63587404" lon="26.61886990"><ele>100.414</ele><time>2026-10-07T14:13:41Z</time><speed>9.890</speed><sat>32</sat></trkpt>
  <trkpt lat="41.63579158" lon="26.61880899"><ele>99.526</ele><time>2026-10-07T14:13:42Z</time><speed>10.800</speed><sat>30</sat></trkpt>
  <trkpt lat="41.63569755" lon="26.61875611"><ele>100.700</ele><time>2026-10-07T14:13:43Z</time><speed>11.200</speed><sat>29</sat></trkpt>
  <trkpt lat="41.63560192" lon="26.61868167"><ele>100.045</ele><time>2026-10-07T14:13:44Z</time><speed>11.560</speed><sat>29</sat></trkpt>
  <trkpt lat="41.63550164" lon="26.61860370"><ele>98.934</ele><time>2026-10-07T14:13:45Z</time><speed>12.490</speed><sat>30</sat></trkpt>
  <trkpt lat="41.63538940" lon="26.61851987"><ele>99.943</ele><time>2026-10-07T14:13:46Z</time><speed>13.730</speed><sat>30</sat></trkpt>
  <trkpt lat="41.63528819" lon="26.61844290"><ele>98.325</ele><time>2026-10-07T14:13:47Z</time><speed>13.280</speed><sat>26</sat></trkpt>
  <trkpt lat="41.63517713" lon="26.61834063"><ele>94.736</ele><time>2026-10-07T14:13:48Z</time><speed>13.900</speed><sat>25</sat></trkpt>
  <trkpt lat="41.63504913" lon="26.61825815"><ele>92.820</ele><time>2026-10-07T14:13:49Z</time><speed>14.700</speed><sat>28</sat></trkpt>
  <trkpt lat="41.63492115" lon="26.61815637"><ele>92.307</ele><time>2026-10-07T14:13:50Z</time><speed>15.780</speed><sat>30</sat></trkpt>
  <trkpt lat="41.63480093" lon="26.61804754"><ele>93.520</ele><time>2026-10-07T14:13:51Z</time><speed>15.270</speed><sat>33</sat></trkpt>
  <trkpt lat="41.63469988" lon="26.61794787"><ele>91.879</ele><time>2026-10-07T14:13:52Z</time><speed>14.400</speed><sat>34</sat></trkpt>
  <trkpt lat="41.63459144" lon="26.61784363"><ele>92.356</ele><time>2026-10-07T14:13:53Z</time><speed>14.890</speed><sat>35</sat></trkpt>
  <trkpt lat="41.63448146" lon="26.61773614"><ele>92.056</ele><time>2026-10-07T14:13:54Z</time><speed>15.060</speed><sat>35</sat></trkpt>
  <trkpt lat="41.63437155" lon="26.61762515"><ele>92.332</ele><time>2026-10-07T14:13:55Z</time><speed>15.320</speed><sat>35</sat></trkpt>
  <trkpt lat="41.63426225" lon="26.61750470"><ele>91.961</ele><time>2026-10-07T14:13:56Z</time><speed>15.530</speed><sat>35</sat></trkpt>
  <trkpt lat="41.63415535" lon="26.61737974"><ele>91.115</ele><time>2026-10-07T14:13:57Z</time><speed>15.660</speed><sat>35</sat></trkpt>
  <trkpt lat="41.63405106" lon="26.61725031"><ele>90.335</ele><time>2026-10-07T14:13:58Z</time><speed>15.500</speed><sat>34</sat></trkpt>
  <trkpt lat="41.63395107" lon="26.61712564"><ele>89.909</ele><time>2026-10-07T14:13:59Z</time><speed>15.160</speed><sat>35</sat></trkpt>
  <trkpt lat="41.63385658" lon="26.61699828"><ele>89.242</ele><time>2026-10-07T14:14:00Z</time><speed>14.750</speed><sat>35</sat></trkpt>
  <trkpt lat="41.63375334" lon="26.61689128"><ele>89.682</ele><time>2026-10-07T14:14:01Z</time><speed>14.480</speed><sat>34</sat></trkpt>
  <trkpt lat="41.63367809" lon="26.61675197"><ele>89.896</ele><time>2026-10-07T14:14:02Z</time><speed>14.130</speed><sat>35</sat></trkpt>
  <trkpt lat="41.63360064" lon="26.61662155"><ele>89.769</ele><time>2026-10-07T14:14:03Z</time><speed>14.110</speed><sat>35</sat></trkpt>
  <trkpt lat="41.63353067" lon="26.61648601"><ele>89.637</ele><time>2026-10-07T14:14:04Z</time><speed>13.470</speed><sat>35</sat></trkpt>
  <trkpt lat="41.63347067" lon="26.61635090"><ele>88.362</ele><time>2026-10-07T14:14:05Z</time><speed>13.380</speed><sat>35</sat></trkpt>
  <trkpt lat="41.63341506" lon="26.61620059"><ele>87.550</ele><time>2026-10-07T14:14:06Z</time><speed>13.440</speed><sat>35</sat></trkpt>
  <trkpt lat="41.63336440" lon="26.61605477"><ele>86.816</ele><time>2026-10-07T14:14:07Z</time><speed>13.530</speed><sat>35</sat></trkpt>
  <trkpt lat="41.63332360" lon="26.61589994"><ele>86.324</ele><time>2026-10-07T14:14:08Z</time><speed>13.750</speed><sat>35</sat></trkpt>
  <trkpt lat="41.63327244" lon="26.61573545"><ele>85.600</ele><time>2026-10-07T14:14:09Z</time><speed>15.000</speed><sat>35</sat></trkpt>
  <trkpt lat="41.63328080" lon="26.61557875"><ele>84.744</ele><time>2026-10-07T14:14:10Z</time><speed>13.340</speed><sat>35</sat></trkpt>
  <trkpt lat="41.63327068" lon="26.61541428"><ele>84.104</ele><time>2026-10-07T14:14:11Z</time><speed>13.660</speed><sat>35</sat></trkpt>
  <trkpt lat="41.63327598" lon="26.61525127"><ele>83.219</ele><time>2026-10-07T14:14:12Z</time><speed>13.620</speed><sat>35</sat></trkpt>
  <trkpt lat="41.63330263" lon="26.61508796"><ele>82.386</ele><time>2026-10-07T14:14:13Z</time><speed>13.570</speed><sat>35</sat></trkpt>
  <trkpt lat="41.63333049" lon="26.61492597"><ele>82.340</ele><time>2026-10-07T14:14:14Z</time><speed>13.760</speed><sat>35</sat></trkpt>
  <trkpt lat="41.63337258" lon="26.61476879"><ele>81.568</ele><time>2026-10-07T14:14:15Z</time><speed>13.960</speed><sat>35</sat></trkpt>
  <trkpt lat="41.63342055" lon="26.61461770"><ele>80.807</ele><time>2026-10-07T14:14:16Z</time><speed>13.680</speed><sat>35</sat></trkpt>
  <trkpt lat="41.63349131" lon="26.61447786"><ele>80.871</ele><time>2026-10-07T14:14:17Z</time><speed>14.010</speed><sat>35</sat></trkpt>
  <trkpt lat="41.63354958" lon="26.61432823"><ele>80.543</ele><time>2026-10-07T14:14:18Z</time><speed>14.260</speed><sat>35</sat></trkpt>
  <trkpt lat="41.63363447" lon="26.61420552"><ele>80.884</ele><time>2026-10-07T14:14:19Z</time><speed>14.140</speed><sat>35</sat></trkpt>
  <trkpt lat="41.63371485" lon="26.61407325"><ele>80.959</ele><time>2026-10-07T14:14:20Z</time><speed>14.260</speed><sat>35</sat></trkpt>
  <trkpt lat="41.63381057" lon="26.61394627"><ele>81.449</ele><time>2026-10-07T14:14:21Z</time><speed>14.470</speed><sat>34</sat></trkpt>
  <trkpt lat="41.63389769" lon="26.61381008"><ele>81.044</ele><time>2026-10-07T14:14:22Z</time><speed>14.750</speed><sat>34</sat></trkpt>
  <trkpt lat="41.63398906" lon="26.61367677"><ele>81.061</ele><time>2026-10-07T14:14:23Z</time><speed>15.060</speed><sat>34</sat></trkpt>
  <trkpt lat="41.63408640" lon="26.61353845"><ele>81.489</ele><time>2026-10-07T14:14:24Z</time><speed>15.330</speed><sat>34</sat></trkpt>
  <trkpt lat="41.63418225" lon="26.61340217"><ele>81.562</ele><time>2026-10-07T14:14:25Z</time><speed>15.490</speed><sat>35</sat></trkpt>
  <trkpt lat="41.63428025" lon="26.61327043"><ele>81.465</ele><time>2026-10-07T14:14:26Z</time><speed>15.410</speed><sat>35</sat></trkpt>
  <trkpt lat="41.63437716" lon="26.61313985"><ele>81.126</ele><time>2026-10-07T14:14:27Z</time><speed>15.140</speed><sat>35</sat></trkpt>
  <trkpt lat="41.63447131" lon="26.61301531"><ele>81.283</ele><time>2026-10-07T14:14:28Z</time><speed>14.870</speed><sat>35</sat></trkpt>
  <trkpt lat="41.63456592" lon="26.61289254"><ele>81.435</ele><time>2026-10-07T14:14:29Z</time><speed>14.700</speed><sat>35</sat></trkpt>
  <trkpt lat="41.63466278" lon="26.61277525"><ele>81.541</ele><time>2026-10-07T14:14:30Z</time><speed>14.410</speed><sat>35</sat></trkpt>
  <trkpt lat="41.63475645" lon="26.61265896"><ele>82.293</ele><time>2026-10-07T14:14:31Z</time><speed>14.180</speed><sat>35</sat></trkpt>
  <trkpt lat="41.63484683" lon="26.61254673"><ele>82.513</ele><time>2026-10-07T14:14:32Z</time><speed>13.950</speed><sat>35</sat></trkpt>
  <trkpt lat="41.63493825" lon="26.61243691"><ele>82.436</ele><time>2026-10-07T14:14:33Z</time><speed>13.740</speed><sat>35</sat></trkpt>
  <trkpt lat="41.63502869" lon="26.61232591"><ele>82.409</ele><time>2026-10-07T14:14:34Z</time><speed>13.490</speed><sat>35</sat></trkpt>
  <trkpt lat="41.63511590" lon="26.61221869"><ele>82.429</ele><time>2026-10-07T14:14:35Z</time><speed>13.280</speed><sat>35</sat></trkpt>
  <trkpt lat="41.63520111" lon="26.61211268"><ele>82.427</ele><time>2026-10-07T14:14:36Z</time><speed>13.060</speed><sat>35</sat></trkpt>
  <trkpt lat="41.63528514" lon="26.61200983"><ele>82.448</ele><time>2026-10-07T14:14:37Z</time><speed>12.820</speed><sat>34</sat></trkpt>
  <trkpt lat="41.63536590" lon="26.61190595"><ele>82.404</ele><time>2026-10-07T14:14:38Z</time><speed>12.590</speed><sat>34</sat></trkpt>
  <trkpt lat="41.63544852" lon="26.61180489"><ele>82.212</ele><time>2026-10-07T14:14:39Z</time><speed>12.410</speed><sat>34</sat></trkpt>
  <trkpt lat="41.63553213" lon="26.61170466"><ele>81.773</ele><time>2026-10-07T14:14:40Z</time><speed>12.390</speed><sat>33</sat></trkpt>
  <trkpt lat="41.63561635" lon="26.61161411"><ele>81.645</ele><time>2026-10-07T14:14:41Z</time><speed>11.720</speed><sat>34</sat></trkpt>
  <trkpt lat="41.63569352" lon="26.61152754"><ele>81.821</ele><time>2026-10-07T14:14:42Z</time><speed>11.180</speed><sat>34</sat></trkpt>
  <trkpt lat="41.63576818" lon="26.61144278"><ele>81.796</ele><time>2026-10-07T14:14:43Z</time><speed>10.630</speed><sat>34</sat></trkpt>
  <trkpt lat="41.63583898" lon="26.61136119"><ele>81.826</ele><time>2026-10-07T14:14:44Z</time><speed>9.930</speed><sat>34</sat></trkpt>
  <trkpt lat="41.63590078" lon="26.61128485"><ele>81.581</ele><time>2026-10-07T14:14:45Z</time><speed>9.570</speed><sat>34</sat></trkpt>
  <trkpt lat="41.63596562" lon="26.61120891"><ele>81.353</ele><time>2026-10-07T14:14:46Z</time><speed>9.370</speed><sat>34</sat></trkpt>
  <trkpt lat="41.63602017" lon="26.61114084"><ele>81.691</ele><time>2026-10-07T14:14:47Z</time><speed>8.660</speed><sat>34</sat></trkpt>
  <trkpt lat="41.63606992" lon="26.61108750"><ele>81.356</ele><time>2026-10-07T14:14:48Z</time><speed>7.110</speed><sat>34</sat></trkpt>
  <trkpt lat="41.63611015" lon="26.61105384"><ele>81.243</ele><time>2026-10-07T14:14:49Z</time><speed>5.460</speed><sat>34</sat></trkpt>
  <trkpt lat="41.63614718" lon="26.61102673"><ele>81.328</ele><time>2026-10-07T14:14:50Z</time><speed>4.740</speed><sat>34</sat></trkpt>
  <trkpt lat="41.63617785" lon="26.61100468"><ele>81.514</ele><time>2026-10-07T14:14:51Z</time><speed>4.070</speed><sat>34</sat></trkpt>
  <trkpt lat="41.63616519" lon="26.61099558"><ele>81.781</ele><time>2026-10-07T14:14:52Z</time><speed>1.230</speed><sat>33</sat></trkpt>
  <trkpt lat="41.63616912" lon="26.61099264"><ele>82.034</ele><time>2026-10-07T14:14:53Z</time><speed>0.570</speed><sat>33</sat></trkpt>
  <trkpt lat="41.63616686" lon="26.61100233"><ele>82.391</ele><time>2026-10-07T14:14:54Z</time><speed>0.000</speed><sat>33</sat></trkpt>
  <trkpt lat="41.63616718" lon="26.61100613"><ele>82.610</ele><time>2026-10-07T14:14:55Z</time><speed>0.000</speed><sat>33</sat></trkpt>
  <trkpt lat="41.63616637" lon="26.61100856"><ele>82.927</ele><time>2026-10-07T14:14:56Z</time><speed>0.000</speed><sat>33</sat></trkpt>
  <trkpt lat="41.63615830" lon="26.61103689"><ele>82.740</ele><time>2026-10-07T14:14:57Z</time><speed>1.150</speed><sat>32</sat></trkpt>
  <trkpt lat="41.63616769" lon="26.61102687"><ele>82.642</ele><time>2026-10-07T14:14:58Z</time><speed>0.450</speed><sat>32</sat></trkpt>
  <trkpt lat="41.63614720" lon="26.61097856"><ele>82.461</ele><time>2026-10-07T14:14:59Z</time><speed>0.830</speed><sat>31</sat></trkpt>
  <trkpt lat="41.63615449" lon="26.61096649"><ele>81.950</ele><time>2026-10-07T14:15:00Z</time><speed>1.080</speed><sat>31</sat></trkpt>
  <trkpt lat="41.63619997" lon="26.61096600"><ele>82.261</ele><time>2026-10-07T14:15:01Z</time><speed>1.840</speed><sat>30</sat></trkpt>
  <trkpt lat="41.63623432" lon="26.61094206"><ele>82.084</ele><time>2026-10-07T14:15:02Z</time><speed>2.950</speed><sat>30</sat></trkpt>
  <trkpt lat="41.63625751" lon="26.61091421"><ele>82.706</ele><time>2026-10-07T14:15:03Z</time><speed>3.540</speed><sat>30</sat></trkpt>
  <trkpt lat="41.63628111" lon="26.61088206"><ele>83.216</ele><time>2026-10-07T14:15:04Z</time><speed>3.770</speed><sat>31</sat></trkpt>
  <trkpt lat="41.63630809" lon="26.61082014"><ele>82.969</ele><time>2026-10-07T14:15:05Z</time><speed>5.150</speed><sat>32</sat></trkpt>
  <trkpt lat="41.63633412" lon="26.61077388"><ele>83.381</ele><time>2026-10-07T14:15:06Z</time><speed>5.080</speed><sat>33</sat></trkpt>
  <trkpt lat="41.63636924" lon="26.61072493"><ele>82.973</ele><time>2026-10-07T14:15:07Z</time><speed>5.500</speed><sat>33</sat></trkpt>
  <trkpt lat="41.63640779" lon="26.61067909"><ele>83.144</ele><time>2026-10-07T14:15:08Z</time><speed>5.890</speed><sat>33</sat></trkpt>
  <trkpt lat="41.63644922" lon="26.61062837"><ele>83.454</ele><time>2026-10-07T14:15:09Z</time><speed>6.300</speed><sat>33</sat></trkpt>
  <trkpt lat="41.63649339" lon="26.61057324"><ele>83.110</ele><time>2026-10-07T14:15:10Z</time><speed>6.650</speed><sat>33</sat></trkpt>
  <trkpt lat="41.63653920" lon="26.61052297"><ele>83.323</ele><time>2026-10-07T14:15:11Z</time><speed>6.550</speed><sat>33</sat></trkpt>
  <trkpt lat="41.63657954" lon="26.61049604"><ele>83.042</ele><time>2026-10-07T14:15:12Z</time><speed>6.260</speed><sat>33</sat></trkpt>
  <trkpt lat="41.63662291" lon="26.61043871"><ele>82.099</ele><time>2026-10-07T14:15:13Z</time><speed>6.290</speed><sat>32</sat></trkpt>
  <trkpt lat="41.63667562" lon="26.61037709"><ele>81.803</ele><time>2026-10-07T14:15:14Z</time><speed>6.870</speed><sat>32</sat></trkpt>
  <trkpt lat="41.63669494" lon="26.61037211"><ele>80.761</ele><time>2026-10-07T14:15:15Z</time><speed>2.600</speed><sat>32</sat></trkpt>
  <trkpt lat="41.63679383" lon="26.61041970"><ele>80.104</ele><time>2026-10-07T14:15:16Z</time><speed>8.370</speed><sat>32</sat></trkpt>
  <trkpt lat="41.63684033" lon="26.61041949"><ele>80.471</ele><time>2026-10-07T14:15:17Z</time><speed>6.270</speed><sat>32</sat></trkpt>
  <trkpt lat="41.63688161" lon="26.61047400"><ele>79.286</ele><time>2026-10-07T14:15:18Z</time><speed>6.000</speed><sat>32</sat></trkpt>
  <trkpt lat="41.63695064" lon="26.61053058"><ele>79.227</ele><time>2026-10-07T14:15:19Z</time><speed>7.960</speed><sat>34</sat></trkpt>
  <trkpt lat="41.63700113" lon="26.61060787"><ele>80.882</ele><time>2026-10-07T14:15:20Z</time><speed>7.820</speed><sat>34</sat></trkpt>
  <trkpt lat="41.63704514" lon="26.61066777"><ele>80.130</ele><time>2026-10-07T14:15:21Z</time><speed>7.180</speed><sat>35</sat></trkpt>
  <trkpt lat="41.63710172" lon="26.61074923"><ele>79.357</ele><time>2026-10-07T14:15:22Z</time><speed>8.710</speed><sat>35</sat></trkpt>
  <trkpt lat="41.63714700" lon="26.61083969"><ele>80.720</ele><time>2026-10-07T14:15:23Z</time><speed>9.080</speed><sat>34</sat></trkpt>
  <trkpt lat="41.63718637" lon="26.61093214"><ele>80.643</ele><time>2026-10-07T14:15:24Z</time><speed>8.460</speed><sat>35</sat></trkpt>
  <trkpt lat="41.63721132" lon="26.61103617"><ele>81.071</ele><time>2026-10-07T14:15:25Z</time><speed>9.360</speed><sat>35</sat></trkpt>
  <trkpt lat="41.63725305" lon="26.61111286"><ele>81.717</ele><time>2026-10-07T14:15:26Z</time><speed>8.130</speed><sat>35</sat></trkpt>
  <trkpt lat="41.63730044" lon="26.61117286"><ele>81.950</ele><time>2026-10-07T14:15:27Z</time><speed>8.010</speed><sat>35</sat></trkpt>
  <trkpt lat="41.63734266" lon="26.61122294"><ele>82.078</ele><time>2026-10-07T14:15:28Z</time><speed>7.210</speed><sat>35</sat></trkpt>
  <trkpt lat="41.63741348" lon="26.61127787"><ele>82.536</ele><time>2026-10-07T14:15:29Z</time><speed>8.960</speed><sat>35</sat></trkpt>
  <trkpt lat="41.63749180" lon="26.61124476"><ele>82.191</ele><time>2026-10-07T14:15:30Z</time><speed>8.370</speed><sat>35</sat></trkpt>
  <trkpt lat="41.63757055" lon="26.61128088"><ele>81.951</ele><time>2026-10-07T14:15:31Z</time><speed>8.720</speed><sat>35</sat></trkpt>
  <trkpt lat="41.63764828" lon="26.61131457"><ele>81.460</ele><time>2026-10-07T14:15:32Z</time><speed>8.560</speed><sat>35</sat></trkpt>
  <trkpt lat="41.63770908" lon="26.61138749"><ele>80.469</ele><time>2026-10-07T14:15:33Z</time><speed>8.130</speed><sat>35</sat></trkpt>
  <trkpt lat="41.63775839" lon="26.61143068"><ele>80.555</ele><time>2026-10-07T14:15:34Z</time><speed>7.030</speed><sat>35</sat></trkpt>
  <trkpt lat="41.63783405" lon="26.61145841"><ele>81.165</ele><time>2026-10-07T14:15:35Z</time><speed>7.690</speed><sat>35</sat></trkpt>
  <trkpt lat="41.63789381" lon="26.61150578"><ele>81.536</ele><time>2026-10-07T14:15:36Z</time><speed>7.930</speed><sat>35</sat></trkpt>
  <trkpt lat="41.63796212" lon="26.61154881"><ele>80.727</ele><time>2026-10-07T14:15:37Z</time><speed>7.890</speed><sat>34</sat></trkpt>
  <trkpt lat="41.63803198" lon="26.61161167"><ele>82.597</ele><time>2026-10-07T14:15:38Z</time><speed>8.360</speed><sat>34</sat></trkpt>
  <trkpt lat="41.63808608" lon="26.61169930"><ele>83.271</ele><time>2026-10-07T14:15:39Z</time><speed>8.920</speed><sat>34</sat></trkpt>
  <trkpt lat="41.63817004" lon="26.61181144"><ele>83.583</ele><time>2026-10-07T14:15:40Z</time><speed>10.690</speed><sat>34</sat></trkpt>
  <trkpt lat="41.63821311" lon="26.61171248"><ele>85.646</ele><time>2026-10-07T14:15:41Z</time><speed>7.350</speed><sat>33</sat></trkpt>
  <trkpt lat="41.63826799" lon="26.61173217"><ele>85.318</ele><time>2026-10-07T14:15:42Z</time><speed>7.090</speed><sat>32</sat></trkpt>
  <trkpt lat="41.63828433" lon="26.61176053"><ele>84.517</ele><time>2026-10-07T14:15:43Z</time><speed>5.190</speed><sat>31</sat></trkpt>
  <trkpt lat="41.63832201" lon="26.61178412"><ele>84.093</ele><time>2026-10-07T14:15:44Z</time><speed>4.380</speed><sat>31</sat></trkpt>
  <trkpt lat="41.63835956" lon="26.61180752"><ele>84.377</ele><time>2026-10-07T14:15:45Z</time><speed>4.010</speed><sat>31</sat></trkpt>
  <trkpt lat="41.63839065" lon="26.61182349"><ele>84.544</ele><time>2026-10-07T14:15:46Z</time><speed>3.910</speed><sat>31</sat></trkpt>
  <trkpt lat="41.63841628" lon="26.61185540"><ele>83.585</ele><time>2026-10-07T14:15:47Z</time><speed>4.490</speed><sat>31</sat></trkpt>
  <trkpt lat="41.63845148" lon="26.61188543"><ele>83.901</ele><time>2026-10-07T14:15:48Z</time><speed>4.720</speed><sat>32</sat></trkpt>
  <trkpt lat="41.63848053" lon="26.61192326"><ele>84.113</ele><time>2026-10-07T14:15:49Z</time><speed>4.470</speed><sat>32</sat></trkpt>
  <trkpt lat="41.63851037" lon="26.61195294"><ele>84.142</ele><time>2026-10-07T14:15:50Z</time><speed>4.140</speed><sat>32</sat></trkpt>
  <trkpt lat="41.63853292" lon="26.61197773"><ele>83.912</ele><time>2026-10-07T14:15:51Z</time><speed>3.460</speed><sat>32</sat></trkpt>
  <trkpt lat="41.63855328" lon="26.61199275"><ele>84.161</ele><time>2026-10-07T14:15:52Z</time><speed>2.770</speed><sat>31</sat></trkpt>
  <trkpt lat="41.63856800" lon="26.61200961"><ele>84.897</ele><time>2026-10-07T14:15:53Z</time><speed>2.150</speed><sat>30</sat></trkpt>
  <trkpt lat="41.63857779" lon="26.61201840"><ele>85.433</ele><time>2026-10-07T14:15:54Z</time><speed>1.230</speed><sat>29</sat></trkpt>
  <trkpt lat="41.63858063" lon="26.61201984"><ele>85.779</ele><time>2026-10-07T14:15:55Z</time><speed>0.000</speed><sat>30</sat></trkpt>
  <trkpt lat="41.63857749" lon="26.61201765"><ele>85.948</ele><time>2026-10-07T14:15:56Z</time><speed>0.000</speed><sat>28</sat></trkpt>
  <trkpt lat="41.63857555" lon="26.61201768"><ele>86.280</ele><time>2026-10-07T14:15:57Z</time><speed>0.000</speed><sat>28</sat></trkpt>
  <trkpt lat="41.63857512" lon="26.61201688"><ele>86.514</ele><time>2026-10-07T14:15:58Z</time><speed>0.000</speed><sat>29</sat></trkpt>
  <trkpt lat="41.63857603" lon="26.61201696"><ele>87.045</ele><time>2026-10-07T14:15:59Z</time><speed>0.000</speed><sat>29</sat></trkpt>
  <trkpt lat="41.63857764" lon="26.61201506"><ele>86.784</ele><time>2026-10-07T14:16:00Z</time><speed>0.000</speed><sat>30</sat></trkpt>
  <trkpt lat="41.63857869" lon="26.61201394"><ele>86.760</ele><time>2026-10-07T14:16:01Z</time><speed>0.000</speed><sat>30</sat></trkpt>
  <trkpt lat="41.63857951" lon="26.61201276"><ele>86.432</ele><time>2026-10-07T14:16:02Z</time><speed>0.000</speed><sat>31</sat></trkpt>
  <trkpt lat="41.63858052" lon="26.61201212"><ele>86.245</ele><time>2026-10-07T14:16:03Z</time><speed>0.000</speed><sat>31</sat></trkpt>
  <trkpt lat="41.63858114" lon="26.61201161"><ele>86.083</ele><time>2026-10-07T14:16:04Z</time><speed>0.000</speed><sat>31</sat></trkpt>
  <trkpt lat="41.63858178" lon="26.61201176"><ele>85.700</ele><time>2026-10-07T14:16:05Z</time><speed>0.000</speed><sat>31</sat></trkpt>
  <trkpt lat="41.63858264" lon="26.61201145"><ele>85.490</ele><time>2026-10-07T14:16:06Z</time><speed>0.000</speed><sat>32</sat></trkpt>
  <trkpt lat="41.63858326" lon="26.61201126"><ele>85.365</ele><time>2026-10-07T14:16:07Z</time><speed>0.000</speed><sat>31</sat></trkpt>
  <trkpt lat="41.63858384" lon="26.61201112"><ele>85.321</ele><time>2026-10-07T14:16:08Z</time><speed>0.000</speed><sat>31</sat></trkpt>
  <trkpt lat="41.63858409" lon="26.61201111"><ele>85.326</ele><time>2026-10-07T14:16:09Z</time><speed>0.000</speed><sat>31</sat></trkpt>
  <trkpt lat="41.63858427" lon="26.61201109"><ele>85.326</ele><time>2026-10-07T14:16:10Z</time><speed>0.000</speed><sat>31</sat></trkpt>
  <trkpt lat="41.63858448" lon="26.61201099"><ele>85.318</ele><time>2026-10-07T14:16:11Z</time><speed>0.000</speed><sat>31</sat></trkpt>
  <trkpt lat="41.63858465" lon="26.61201089"><ele>85.310</ele><time>2026-10-07T14:16:12Z</time><speed>0.000</speed><sat>31</sat></trkpt>
  <trkpt lat="41.63858483" lon="26.61201078"><ele>85.317</ele><time>2026-10-07T14:16:13Z</time><speed>0.000</speed><sat>31</sat></trkpt>
  <trkpt lat="41.63858481" lon="26.61201089"><ele>85.310</ele><time>2026-10-07T14:16:14Z</time><speed>0.000</speed><sat>31</sat></trkpt>
  <trkpt lat="41.63858491" lon="26.61201086"><ele>85.337</ele><time>2026-10-07T14:16:15Z</time><speed>0.000</speed><sat>31</sat></trkpt>
  <trkpt lat="41.63858492" lon="26.61201089"><ele>85.343</ele><time>2026-10-07T14:16:16Z</time><speed>0.000</speed><sat>32</sat></trkpt>
  <trkpt lat="41.63858505" lon="26.61201082"><ele>85.355</ele><time>2026-10-07T14:16:17Z</time><speed>0.000</speed><sat>32</sat></trkpt>
  <trkpt lat="41.63858514" lon="26.61201081"><ele>85.358</ele><time>2026-10-07T14:16:18Z</time><speed>0.000</speed><sat>32</sat></trkpt>
  <trkpt lat="41.63858519" lon="26.61201082"><ele>85.359</ele><time>2026-10-07T14:16:19Z</time><speed>0.000</speed><sat>32</sat></trkpt>
  <trkpt lat="41.63858524" lon="26.61201083"><ele>85.360</ele><time>2026-10-07T14:16:20Z</time><speed>0.000</speed><sat>32</sat></trkpt>
  <trkpt lat="41.63858524" lon="26.61201087"><ele>85.358</ele><time>2026-10-07T14:16:21Z</time><speed>0.000</speed><sat>32</sat></trkpt>
  <trkpt lat="41.63858569" lon="26.61201203"><ele>85.210</ele><time>2026-10-07T14:16:22Z</time><speed>0.180</speed><sat>31</sat></trkpt>
  <trkpt lat="41.63858683" lon="26.61201283"><ele>85.160</ele><time>2026-10-07T14:16:23Z</time><speed>0.190</speed><sat>31</sat></trkpt>
  <trkpt lat="41.63858819" lon="26.61201384"><ele>85.562</ele><time>2026-10-07T14:16:24Z</time><speed>0.260</speed><sat>30</sat></trkpt>
  <trkpt lat="41.63858808" lon="26.61201303"><ele>85.757</ele><time>2026-10-07T14:16:25Z</time><speed>0.000</speed><sat>30</sat></trkpt>
  <trkpt lat="41.63858922" lon="26.61201330"><ele>85.680</ele><time>2026-10-07T14:16:26Z</time><speed>0.290</speed><sat>30</sat></trkpt>
  <trkpt lat="41.63859492" lon="26.61201578"><ele>85.616</ele><time>2026-10-07T14:16:27Z</time><speed>0.910</speed><sat>30</sat></trkpt>
  <trkpt lat="41.63860738" lon="26.61201943"><ele>85.737</ele><time>2026-10-07T14:16:28Z</time><speed>1.680</speed><sat>30</sat></trkpt>
  <trkpt lat="41.63862709" lon="26.61202184"><ele>85.593</ele><time>2026-10-07T14:16:29Z</time><speed>2.370</speed><sat>30</sat></trkpt>
  <trkpt lat="41.63865332" lon="26.61202577"><ele>85.757</ele><time>2026-10-07T14:16:30Z</time><speed>3.050</speed><sat>32</sat></trkpt>
  <trkpt lat="41.63868510" lon="26.61203550"><ele>85.773</ele><time>2026-10-07T14:16:31Z</time><speed>3.640</speed><sat>32</sat></trkpt>
  <trkpt lat="41.63871375" lon="26.61204960"><ele>86.007</ele><time>2026-10-07T14:16:32Z</time><speed>2.900</speed><sat>33</sat></trkpt>
  <trkpt lat="41.63873932" lon="26.61206629"><ele>86.278</ele><time>2026-10-07T14:16:33Z</time><speed>3.130</speed><sat>33</sat></trkpt>
  <trkpt lat="41.63876754" lon="26.61208850"><ele>86.518</ele><time>2026-10-07T14:16:34Z</time><speed>3.730</speed><sat>33</sat></trkpt>
  <trkpt lat="41.63880021" lon="26.61211598"><ele>86.285</ele><time>2026-10-07T14:16:35Z</time><speed>4.260</speed><sat>33</sat></trkpt>
  <trkpt lat="41.63883651" lon="26.61214853"><ele>86.268</ele><time>2026-10-07T14:16:36Z</time><speed>4.800</speed><sat>33</sat></trkpt>
  <trkpt lat="41.63888105" lon="26.61220502"><ele>86.629</ele><time>2026-10-07T14:16:37Z</time><speed>5.300</speed><sat>33</sat></trkpt>
  <trkpt lat="41.63892391" lon="26.61224483"><ele>87.098</ele><time>2026-10-07T14:16:38Z</time><speed>5.730</speed><sat>33</sat></trkpt>
  <trkpt lat="41.63896776" lon="26.61228515"><ele>87.229</ele><time>2026-10-07T14:16:39Z</time><speed>5.810</speed><sat>33</sat></trkpt>
  <trkpt lat="41.63901380" lon="26.61232982"><ele>86.945</ele><time>2026-10-07T14:16:40Z</time><speed>5.890</speed><sat>34</sat></trkpt>
  <trkpt lat="41.63906220" lon="26.61238143"><ele>88.471</ele><time>2026-10-07T14:16:41Z</time><speed>6.550</speed><sat>35</sat></trkpt>
  <trkpt lat="41.63910858" lon="26.61242469"><ele>88.609</ele><time>2026-10-07T14:16:42Z</time><speed>6.180</speed><sat>35</sat></trkpt>
  <trkpt lat="41.63914540" lon="26.61246065"><ele>89.101</ele><time>2026-10-07T14:16:43Z</time><speed>5.520</speed><sat>35</sat></trkpt>
  <trkpt lat="41.63918709" lon="26.61249968"><ele>89.336</ele><time>2026-10-07T14:16:44Z</time><speed>5.500</speed><sat>34</sat></trkpt>
  <trkpt lat="41.63922754" lon="26.61253387"><ele>89.918</ele><time>2026-10-07T14:16:45Z</time><speed>5.600</speed><sat>33</sat></trkpt>
  <trkpt lat="41.63927065" lon="26.61257732"><ele>89.969</ele><time>2026-10-07T14:16:46Z</time><speed>5.800</speed><sat>34</sat></trkpt>
  <trkpt lat="41.63931394" lon="26.61261942"><ele>90.584</ele><time>2026-10-07T14:16:47Z</time><speed>6.270</speed><sat>34</sat></trkpt>
  <trkpt lat="41.63935823" lon="26.61266475"><ele>91.455</ele><time>2026-10-07T14:16:48Z</time><speed>6.240</speed><sat>32</sat></trkpt>
  <trkpt lat="41.63940016" lon="26.61270795"><ele>91.331</ele><time>2026-10-07T14:16:49Z</time><speed>5.890</speed><sat>32</sat></trkpt>
  <trkpt lat="41.63945852" lon="26.61275967"><ele>91.249</ele><time>2026-10-07T14:16:50Z</time><speed>6.810</speed><sat>32</sat></trkpt>
  <trkpt lat="41.63948111" lon="26.61282494"><ele>91.364</ele><time>2026-10-07T14:16:51Z</time><speed>6.030</speed><sat>32</sat></trkpt>
  <trkpt lat="41.63955646" lon="26.61285558"><ele>91.519</ele><time>2026-10-07T14:16:52Z</time><speed>6.360</speed><sat>32</sat></trkpt>
  <trkpt lat="41.63960233" lon="26.61291779"><ele>92.292</ele><time>2026-10-07T14:16:53Z</time><speed>6.440</speed><sat>32</sat></trkpt>
  <trkpt lat="41.63966794" lon="26.61298007"><ele>94.366</ele><time>2026-10-07T14:16:54Z</time><speed>7.930</speed><sat>33</sat></trkpt>
  <trkpt lat="41.63972838" lon="26.61301744"><ele>95.025</ele><time>2026-10-07T14:16:55Z</time><speed>7.510</speed><sat>33</sat></trkpt>
  <trkpt lat="41.63980522" lon="26.61305708"><ele>95.724</ele><time>2026-10-07T14:16:56Z</time><speed>8.770</speed><sat>32</sat></trkpt>
  <trkpt lat="41.63987667" lon="26.61309756"><ele>96.294</ele><time>2026-10-07T14:16:57Z</time><speed>8.320</speed><sat>33</sat></trkpt>
  <trkpt lat="41.63994548" lon="26.61314666"><ele>96.251</ele><time>2026-10-07T14:16:58Z</time><speed>8.860</speed><sat>33</sat></trkpt>
  <trkpt lat="41.64001802" lon="26.61320112"><ele>96.119</ele><time>2026-10-07T14:16:59Z</time><speed>9.390</speed><sat>32</sat></trkpt>
  <trkpt lat="41.64008532" lon="26.61325416"><ele>96.311</ele><time>2026-10-07T14:17:00Z</time><speed>8.900</speed><sat>32</sat></trkpt>
  <trkpt lat="41.64016332" lon="26.61330825"><ele>96.123</ele><time>2026-10-07T14:17:01Z</time><speed>9.440</speed><sat>33</sat></trkpt>
  <trkpt lat="41.64022001" lon="26.61334706"><ele>97.801</ele><time>2026-10-07T14:17:02Z</time><speed>7.470</speed><sat>33</sat></trkpt>
  <trkpt lat="41.64027836" lon="26.61339968"><ele>97.221</ele><time>2026-10-07T14:17:03Z</time><speed>7.290</speed><sat>34</sat></trkpt>
  <trkpt lat="41.64033219" lon="26.61347355"><ele>97.292</ele><time>2026-10-07T14:17:04Z</time><speed>8.760</speed><sat>34</sat></trkpt>
  <trkpt lat="41.64039140" lon="26.61352820"><ele>96.832</ele><time>2026-10-07T14:17:05Z</time><speed>8.520</speed><sat>34</sat></trkpt>
  <trkpt lat="41.64042159" lon="26.61356427"><ele>97.608</ele><time>2026-10-07T14:17:06Z</time><speed>4.850</speed><sat>34</sat></trkpt>
  <trkpt lat="41.64045096" lon="26.61360507"><ele>97.534</ele><time>2026-10-07T14:17:07Z</time><speed>4.470</speed><sat>34</sat></trkpt>
  <trkpt lat="41.64046336" lon="26.61361517"><ele>97.836</ele><time>2026-10-07T14:17:08Z</time><speed>1.620</speed><sat>34</sat></trkpt>
  <trkpt lat="41.64047349" lon="26.61362602"><ele>97.157</ele><time>2026-10-07T14:17:09Z</time><speed>0.220</speed><sat>33</sat></trkpt>
  <trkpt lat="41.64047371" lon="26.61363208"><ele>95.971</ele><time>2026-10-07T14:17:10Z</time><speed>0.340</speed><sat>30</sat></trkpt>
  <trkpt lat="41.64048911" lon="26.61364440"><ele>94.985</ele><time>2026-10-07T14:17:11Z</time><speed>1.380</speed><sat>30</sat></trkpt>
  <trkpt lat="41.64049273" lon="26.61364168"><ele>94.267</ele><time>2026-10-07T14:17:12Z</time><speed>0.000</speed><sat>29</sat></trkpt>
  <trkpt lat="41.64049553" lon="26.61364832"><ele>93.912</ele><time>2026-10-07T14:17:13Z</time><speed>0.000</speed><sat>27</sat></trkpt>
  <trkpt lat="41.64049597" lon="26.61364743"><ele>93.811</ele><time>2026-10-07T14:17:14Z</time><speed>0.000</speed><sat>27</sat></trkpt>
  <trkpt lat="41.64049598" lon="26.61364419"><ele>93.598</ele><time>2026-10-07T14:17:15Z</time><speed>0.000</speed><sat>27</sat></trkpt>
  <trkpt lat="41.64049490" lon="26.61364508"><ele>93.581</ele><time>2026-10-07T14:17:16Z</time><speed>0.000</speed><sat>27</sat></trkpt>
  <trkpt lat="41.64049998" lon="26.61364016"><ele>92.174</ele><time>2026-10-07T14:17:17Z</time><speed>0.570</speed><sat>25</sat></trkpt>
  <trkpt lat="41.64048625" lon="26.61365480"><ele>89.953</ele><time>2026-10-07T14:17:18Z</time><speed>0.000</speed><sat>25</sat></trkpt>
  <trkpt lat="41.64047961" lon="26.61365845"><ele>88.744</ele><time>2026-10-07T14:17:19Z</time><speed>0.000</speed><sat>26</sat></trkpt>
  <trkpt lat="41.64047885" lon="26.61365641"><ele>88.552</ele><time>2026-10-07T14:17:20Z</time><speed>0.000</speed><sat>26</sat></trkpt>
  <trkpt lat="41.64048056" lon="26.61365232"><ele>88.345</ele><time>2026-10-07T14:17:21Z</time><speed>0.000</speed><sat>25</sat></trkpt>
  <trkpt lat="41.64047551" lon="26.61365226"><ele>89.041</ele><time>2026-10-07T14:17:22Z</time><speed>0.000</speed><sat>25</sat></trkpt>
  <trkpt lat="41.64047082" lon="26.61364717"><ele>90.030</ele><time>2026-10-07T14:17:23Z</time><speed>0.000</speed><sat>25</sat></trkpt>
  <trkpt lat="41.64047005" lon="26.61364518"><ele>90.069</ele><time>2026-10-07T14:17:24Z</time><speed>0.000</speed><sat>25</sat></trkpt>
  <trkpt lat="41.64047191" lon="26.61364939"><ele>90.180</ele><time>2026-10-07T14:17:25Z</time><speed>0.000</speed><sat>25</sat></trkpt>
  <trkpt lat="41.64046877" lon="26.61365535"><ele>92.144</ele><time>2026-10-07T14:17:26Z</time><speed>0.300</speed><sat>25</sat></trkpt>
  <trkpt lat="41.64047118" lon="26.61365595"><ele>91.046</ele><time>2026-10-07T14:17:27Z</time><speed>0.440</speed><sat>25</sat></trkpt>
  <trkpt lat="41.64047660" lon="26.61366508"><ele>91.479</ele><time>2026-10-07T14:17:28Z</time><speed>0.890</speed><sat>26</sat></trkpt>
  <trkpt lat="41.64048194" lon="26.61367239"><ele>91.950</ele><time>2026-10-07T14:17:29Z</time><speed>0.770</speed><sat>26</sat></trkpt>
  <trkpt lat="41.64050534" lon="26.61368310"><ele>91.299</ele><time>2026-10-07T14:17:30Z</time><speed>3.470</speed><sat>26</sat></trkpt>
  <trkpt lat="41.64053837" lon="26.61369711"><ele>92.067</ele><time>2026-10-07T14:17:31Z</time><speed>3.690</speed><sat>26</sat></trkpt>
  <trkpt lat="41.64057402" lon="26.61371239"><ele>92.016</ele><time>2026-10-07T14:17:32Z</time><speed>4.420</speed><sat>26</sat></trkpt>
  <trkpt lat="41.64061171" lon="26.61372780"><ele>92.984</ele><time>2026-10-07T14:17:33Z</time><speed>4.130</speed><sat>26</sat></trkpt>
  <trkpt lat="41.64066351" lon="26.61375021"><ele>94.292</ele><time>2026-10-07T14:17:34Z</time><speed>5.190</speed><sat>26</sat></trkpt>
  <trkpt lat="41.64072001" lon="26.61376758"><ele>94.488</ele><time>2026-10-07T14:17:35Z</time><speed>6.060</speed><sat>26</sat></trkpt>
  <trkpt lat="41.64076463" lon="26.61378311"><ele>96.354</ele><time>2026-10-07T14:17:36Z</time><speed>5.590</speed><sat>26</sat></trkpt>
  <trkpt lat="41.64082652" lon="26.61380241"><ele>96.578</ele><time>2026-10-07T14:17:37Z</time><speed>6.810</speed><sat>28</sat></trkpt>
  <trkpt lat="41.64086241" lon="26.61386072"><ele>96.362</ele><time>2026-10-07T14:17:38Z</time><speed>6.250</speed><sat>28</sat></trkpt>
  <trkpt lat="41.64091387" lon="26.61389668"><ele>95.984</ele><time>2026-10-07T14:17:39Z</time><speed>6.480</speed><sat>29</sat></trkpt>
  <trkpt lat="41.64095075" lon="26.61393268"><ele>96.697</ele><time>2026-10-07T14:17:40Z</time><speed>5.710</speed><sat>28</sat></trkpt>
  <trkpt lat="41.64101878" lon="26.61395168"><ele>96.753</ele><time>2026-10-07T14:17:41Z</time><speed>7.170</speed><sat>29</sat></trkpt>
  <trkpt lat="41.64110424" lon="26.61398820"><ele>99.093</ele><time>2026-10-07T14:17:42Z</time><speed>9.630</speed><sat>29</sat></trkpt>
  <trkpt lat="41.64117348" lon="26.61402092"><ele>97.858</ele><time>2026-10-07T14:17:43Z</time><speed>8.240</speed><sat>29</sat></trkpt>
  <trkpt lat="41.64129137" lon="26.61402295"><ele>97.109</ele><time>2026-10-07T14:17:44Z</time><speed>10.580</speed><sat>31</sat></trkpt>
  <trkpt lat="41.64139275" lon="26.61407956"><ele>96.628</ele><time>2026-10-07T14:17:45Z</time><speed>11.640</speed><sat>29</sat></trkpt>
  <trkpt lat="41.64144550" lon="26.61411272"><ele>98.175</ele><time>2026-10-07T14:17:46Z</time><speed>9.800</speed><sat>26</sat></trkpt>
  <trkpt lat="41.64152833" lon="26.61417881"><ele>99.759</ele><time>2026-10-07T14:17:47Z</time><speed>10.980</speed><sat>27</sat></trkpt>
  <trkpt lat="41.64161302" lon="26.61423273"><ele>100.334</ele><time>2026-10-07T14:17:48Z</time><speed>10.970</speed><sat>28</sat></trkpt>
  <trkpt lat="41.64168102" lon="26.61428204"><ele>102.729</ele><time>2026-10-07T14:17:49Z</time><speed>9.420</speed><sat>30</sat></trkpt>
  <trkpt lat="41.64175250" lon="26.61433575"><ele>103.893</ele><time>2026-10-07T14:17:50Z</time><speed>9.830</speed><sat>31</sat></trkpt>
  <trkpt lat="41.64179616" lon="26.61441556"><ele>106.154</ele><time>2026-10-07T14:17:51Z</time><speed>8.380</speed><sat>31</sat></trkpt>
  <trkpt lat="41.64181920" lon="26.61449495"><ele>105.844</ele><time>2026-10-07T14:17:52Z</time><speed>8.640</speed><sat>31</sat></trkpt>
  <trkpt lat="41.64183629" lon="26.61456680"><ele>105.252</ele><time>2026-10-07T14:17:53Z</time><speed>7.660</speed><sat>30</sat></trkpt>
  <trkpt lat="41.64188294" lon="26.61465566"><ele>105.012</ele><time>2026-10-07T14:17:54Z</time><speed>8.490</speed><sat>29</sat></trkpt>
  <trkpt lat="41.64192113" lon="26.61471610"><ele>106.452</ele><time>2026-10-07T14:17:55Z</time><speed>8.060</speed><sat>28</sat></trkpt>
  <trkpt lat="41.64198948" lon="26.61477910"><ele>107.934</ele><time>2026-10-07T14:17:56Z</time><speed>9.210</speed><sat>29</sat></trkpt>
  <trkpt lat="41.64205066" lon="26.61482762"><ele>108.344</ele><time>2026-10-07T14:17:57Z</time><speed>8.100</speed><sat>28</sat></trkpt>
  <trkpt lat="41.64209963" lon="26.61487474"><ele>108.610</ele><time>2026-10-07T14:17:58Z</time><speed>7.430</speed><sat>28</sat></trkpt>
  <trkpt lat="41.64214461" lon="26.61494279"><ele>108.929</ele><time>2026-10-07T14:17:59Z</time><speed>8.040</speed><sat>27</sat></trkpt>
  <trkpt lat="41.64218426" lon="26.61502250"><ele>108.841</ele><time>2026-10-07T14:18:00Z</time><speed>8.120</speed><sat>27</sat></trkpt>
  <trkpt lat="41.64221935" lon="26.61509971"><ele>108.745</ele><time>2026-10-07T14:18:01Z</time><speed>6.930</speed><sat>28</sat></trkpt>
  <trkpt lat="41.64225627" lon="26.61517151"><ele>108.093</ele><time>2026-10-07T14:18:02Z</time><speed>7.170</speed><sat>28</sat></trkpt>
  <trkpt lat="41.64228916" lon="26.61524022"><ele>108.062</ele><time>2026-10-07T14:18:03Z</time><speed>6.400</speed><sat>29</sat></trkpt>
  <trkpt lat="41.64231820" lon="26.61528571"><ele>108.178</ele><time>2026-10-07T14:18:04Z</time><speed>4.380</speed><sat>30</sat></trkpt>
  <trkpt lat="41.64233470" lon="26.61533712"><ele>109.015</ele><time>2026-10-07T14:18:05Z</time><speed>4.400</speed><sat>29</sat></trkpt>
  <trkpt lat="41.64235090" lon="26.61537694"><ele>108.207</ele><time>2026-10-07T14:18:06Z</time><speed>3.080</speed><sat>30</sat></trkpt>
  <trkpt lat="41.64236127" lon="26.61541759"><ele>108.286</ele><time>2026-10-07T14:18:07Z</time><speed>3.080</speed><sat>30</sat></trkpt>
  <trkpt lat="41.64236217" lon="26.61542713"><ele>108.521</ele><time>2026-10-07T14:18:08Z</time><speed>1.010</speed><sat>29</sat></trkpt>
  <trkpt lat="41.64237073" lon="26.61543312"><ele>107.541</ele><time>2026-10-07T14:18:09Z</time><speed>0.500</speed><sat>28</sat></trkpt>
  <trkpt lat="41.64236517" lon="26.61543923"><ele>107.681</ele><time>2026-10-07T14:18:10Z</time><speed>0.000</speed><sat>28</sat></trkpt>
  <trkpt lat="41.64236415" lon="26.61544376"><ele>107.549</ele><time>2026-10-07T14:18:11Z</time><speed>0.000</speed><sat>27</sat></trkpt>
  <trkpt lat="41.64236375" lon="26.61545027"><ele>107.761</ele><time>2026-10-07T14:18:12Z</time><speed>0.000</speed><sat>25</sat></trkpt>
  <trkpt lat="41.64235940" lon="26.61545351"><ele>107.573</ele><time>2026-10-07T14:18:13Z</time><speed>0.000</speed><sat>25</sat></trkpt>
  <trkpt lat="41.64236084" lon="26.61545270"><ele>107.853</ele><time>2026-10-07T14:18:14Z</time><speed>0.000</speed><sat>25</sat></trkpt>
  <trkpt lat="41.64235955" lon="26.61545376"><ele>107.798</ele><time>2026-10-07T14:18:15Z</time><speed>0.000</speed><sat>26</sat></trkpt>
  <trkpt lat="41.64235823" lon="26.61545671"><ele>108.042</ele><time>2026-10-07T14:18:16Z</time><speed>0.000</speed><sat>26</sat></trkpt>
  <trkpt lat="41.64235938" lon="26.61545738"><ele>108.229</ele><time>2026-10-07T14:18:17Z</time><speed>0.000</speed><sat>25</sat></trkpt>
  <trkpt lat="41.64235740" lon="26.61545701"><ele>108.147</ele><time>2026-10-07T14:18:18Z</time><speed>0.000</speed><sat>25</sat></trkpt>
  <trkpt lat="41.64235739" lon="26.61545971"><ele>108.379</ele><time>2026-10-07T14:18:19Z</time><speed>0.000</speed><sat>25</sat></trkpt>
  <trkpt lat="41.64235790" lon="26.61545946"><ele>108.289</ele><time>2026-10-07T14:18:20Z</time><speed>0.000</speed><sat>26</sat></trkpt>
  <trkpt lat="41.64235758" lon="26.61545974"><ele>108.149</ele><time>2026-10-07T14:18:21Z</time><speed>0.000</speed><sat>25</sat></trkpt>
  <trkpt lat="41.64235717" lon="26.61546001"><ele>108.127</ele><time>2026-10-07T14:18:22Z</time><speed>0.000</speed><sat>25</sat></trkpt>
  <trkpt lat="41.64235678" lon="26.61545979"><ele>108.039</ele><time>2026-10-07T14:18:23Z</time><speed>0.000</speed><sat>26</sat></trkpt>
  <trkpt lat="41.64235723" lon="26.61545934"><ele>108.093</ele><time>2026-10-07T14:18:24Z</time><speed>0.000</speed><sat>26</sat></trkpt>
  <trkpt lat="41.64236336" lon="26.61547199"><ele>108.148</ele><time>2026-10-07T14:18:25Z</time><speed>1.180</speed><sat>26</sat></trkpt>
  <trkpt lat="41.64237519" lon="26.61548322"><ele>108.155</ele><time>2026-10-07T14:18:26Z</time><speed>1.540</speed><sat>26</sat></trkpt>
  <trkpt lat="41.64238952" lon="26.61550741"><ele>108.391</ele><time>2026-10-07T14:18:27Z</time><speed>2.850</speed><sat>26</sat></trkpt>
  <trkpt lat="41.64241132" lon="26.61554580"><ele>108.654</ele><time>2026-10-07T14:18:28Z</time><speed>4.150</speed><sat>25</sat></trkpt>
  <trkpt lat="41.64244230" lon="26.61561101"><ele>108.468</ele><time>2026-10-07T14:18:29Z</time><speed>5.280</speed><sat>25</sat></trkpt>
  <trkpt lat="41.64247282" lon="26.61566359"><ele>108.192</ele><time>2026-10-07T14:18:30Z</time><speed>5.630</speed><sat>25</sat></trkpt>
  <trkpt lat="41.64250171" lon="26.61571781"><ele>109.042</ele><time>2026-10-07T14:18:31Z</time><speed>5.430</speed><sat>26</sat></trkpt>
  <trkpt lat="41.64252515" lon="26.61576544"><ele>108.721</ele><time>2026-10-07T14:18:32Z</time><speed>5.000</speed><sat>26</sat></trkpt>
  <trkpt lat="41.64254826" lon="26.61582373"><ele>108.892</ele><time>2026-10-07T14:18:33Z</time><speed>5.420</speed><sat>26</sat></trkpt>
  <trkpt lat="41.64257157" lon="26.61587981"><ele>108.413</ele><time>2026-10-07T14:18:34Z</time><speed>5.790</speed><sat>25</sat></trkpt>
  <trkpt lat="41.64260178" lon="26.61595027"><ele>108.743</ele><time>2026-10-07T14:18:35Z</time><speed>6.590</speed><sat>24</sat></trkpt>
  <trkpt lat="41.64264364" lon="26.61602301"><ele>108.156</ele><time>2026-10-07T14:18:36Z</time><speed>7.110</speed><sat>26</sat></trkpt>
  <trkpt lat="41.64267657" lon="26.61609900"><ele>108.172</ele><time>2026-10-07T14:18:37Z</time><speed>7.900</speed><sat>25</sat></trkpt>
  <trkpt lat="41.64271277" lon="26.61616953"><ele>107.468</ele><time>2026-10-07T14:18:38Z</time><speed>8.070</speed><sat>26</sat></trkpt>
  <trkpt lat="41.64275594" lon="26.61624751"><ele>107.153</ele><time>2026-10-07T14:18:39Z</time><speed>8.250</speed><sat>28</sat></trkpt>
  <trkpt lat="41.64280269" lon="26.61633753"><ele>107.109</ele><time>2026-10-07T14:18:40Z</time><speed>8.710</speed><sat>28</sat></trkpt>
  <trkpt lat="41.64284798" lon="26.61642716"><ele>107.395</ele><time>2026-10-07T14:18:41Z</time><speed>9.000</speed><sat>29</sat></trkpt>
  <trkpt lat="41.64289649" lon="26.61652582"><ele>107.645</ele><time>2026-10-07T14:18:42Z</time><speed>9.210</speed><sat>29</sat></trkpt>
  <trkpt lat="41.64294236" lon="26.61661525"><ele>106.519</ele><time>2026-10-07T14:18:43Z</time><speed>8.940</speed><sat>31</sat></trkpt>
  <trkpt lat="41.64298670" lon="26.61669950"><ele>106.699</ele><time>2026-10-07T14:18:44Z</time><speed>8.670</speed><sat>31</sat></trkpt>
  <trkpt lat="41.64302728" lon="26.61678291"><ele>106.756</ele><time>2026-10-07T14:18:45Z</time><speed>8.430</speed><sat>33</sat></trkpt>
  <trkpt lat="41.64307392" lon="26.61686345"><ele>106.515</ele><time>2026-10-07T14:18:46Z</time><speed>8.500</speed><sat>34</sat></trkpt>
  <trkpt lat="41.64312145" lon="26.61694687"><ele>106.601</ele><time>2026-10-07T14:18:47Z</time><speed>8.830</speed><sat>34</sat></trkpt>
  <trkpt lat="41.64317326" lon="26.61704263"><ele>107.598</ele><time>2026-10-07T14:18:48Z</time><speed>9.350</speed><sat>34</sat></trkpt>
  <trkpt lat="41.64323224" lon="26.61713861"><ele>107.298</ele><time>2026-10-07T14:18:49Z</time><speed>9.750</speed><sat>33</sat></trkpt>
  <trkpt lat="41.64329748" lon="26.61722163"><ele>107.993</ele><time>2026-10-07T14:18:50Z</time><speed>10.200</speed><sat>33</sat></trkpt>
  <trkpt lat="41.64336173" lon="26.61730028"><ele>108.844</ele><time>2026-10-07T14:18:51Z</time><speed>10.120</speed><sat>32</sat></trkpt>
  <trkpt lat="41.64343499" lon="26.61738046"><ele>109.398</ele><time>2026-10-07T14:18:52Z</time><speed>10.390</speed><sat>31</sat></trkpt>
  <trkpt lat="41.64350228" lon="26.61746672"><ele>109.671</ele><time>2026-10-07T14:18:53Z</time><speed>10.460</speed><sat>31</sat></trkpt>
  <trkpt lat="41.64358389" lon="26.61753300"><ele>109.764</ele><time>2026-10-07T14:18:54Z</time><speed>10.690</speed><sat>31</sat></trkpt>
  <trkpt lat="41.64366650" lon="26.61759383"><ele>110.014</ele><time>2026-10-07T14:18:55Z</time><speed>10.810</speed><sat>32</sat></trkpt>
  <trkpt lat="41.64375793" lon="26.61766056"><ele>110.971</ele><time>2026-10-07T14:18:56Z</time><speed>11.320</speed><sat>32</sat></trkpt>
  <trkpt lat="41.64384972" lon="26.61772089"><ele>110.905</ele><time>2026-10-07T14:18:57Z</time><speed>11.300</speed><sat>34</sat></trkpt>
  <trkpt lat="41.64393770" lon="26.61778595"><ele>111.163</ele><time>2026-10-07T14:18:58Z</time><speed>11.160</speed><sat>35</sat></trkpt>
  <trkpt lat="41.64402746" lon="26.61784665"><ele>111.079</ele><time>2026-10-07T14:18:59Z</time><speed>11.580</speed><sat>34</sat></trkpt>
  <trkpt lat="41.64411078" lon="26.61790176"><ele>111.037</ele><time>2026-10-07T14:19:00Z</time><speed>10.540</speed><sat>34</sat></trkpt>
  <trkpt lat="41.64419981" lon="26.61796575"><ele>111.383</ele><time>2026-10-07T14:19:01Z</time><speed>10.560</speed><sat>34</sat></trkpt>
  <trkpt lat="41.64428810" lon="26.61802391"><ele>110.511</ele><time>2026-10-07T14:19:02Z</time><speed>10.270</speed><sat>34</sat></trkpt>
  <trkpt lat="41.64435568" lon="26.61807743"><ele>110.626</ele><time>2026-10-07T14:19:03Z</time><speed>9.030</speed><sat>31</sat></trkpt>
  <trkpt lat="41.64443116" lon="26.61812869"><ele>111.353</ele><time>2026-10-07T14:19:04Z</time><speed>8.710</speed><sat>28</sat></trkpt>
  <trkpt lat="41.64451574" lon="26.61818467"><ele>111.162</ele><time>2026-10-07T14:19:05Z</time><speed>8.790</speed><sat>29</sat></trkpt>
  <trkpt lat="41.64458825" lon="26.61823740"><ele>111.499</ele><time>2026-10-07T14:19:06Z</time><speed>8.400</speed><sat>27</sat></trkpt>
  <trkpt lat="41.64466410" lon="26.61829172"><ele>110.820</ele><time>2026-10-07T14:19:07Z</time><speed>8.510</speed><sat>28</sat></trkpt>
  <trkpt lat="41.64473825" lon="26.61833203"><ele>111.797</ele><time>2026-10-07T14:19:08Z</time><speed>8.720</speed><sat>29</sat></trkpt>
  <trkpt lat="41.64480090" lon="26.61836632"><ele>110.303</ele><time>2026-10-07T14:19:09Z</time><speed>9.020</speed><sat>30</sat></trkpt>
  <trkpt lat="41.64487495" lon="26.61841189"><ele>111.190</ele><time>2026-10-07T14:19:10Z</time><speed>9.070</speed><sat>29</sat></trkpt>
  <trkpt lat="41.64495426" lon="26.61844317"><ele>111.988</ele><time>2026-10-07T14:19:11Z</time><speed>9.140</speed><sat>28</sat></trkpt>
  <trkpt lat="41.64501244" lon="26.61847332"><ele>111.052</ele><time>2026-10-07T14:19:12Z</time><speed>8.220</speed><sat>31</sat></trkpt>
  <trkpt lat="41.64508908" lon="26.61849993"><ele>111.262</ele><time>2026-10-07T14:19:13Z</time><speed>8.120</speed><sat>31</sat></trkpt>
  <trkpt lat="41.64516588" lon="26.61851996"><ele>110.712</ele><time>2026-10-07T14:19:14Z</time><speed>8.020</speed><sat>30</sat></trkpt>
  <trkpt lat="41.64524060" lon="26.61856104"><ele>110.761</ele><time>2026-10-07T14:19:15Z</time><speed>8.240</speed><sat>29</sat></trkpt>
  <trkpt lat="41.64532476" lon="26.61860074"><ele>110.192</ele><time>2026-10-07T14:19:16Z</time><speed>8.820</speed><sat>29</sat></trkpt>
  <trkpt lat="41.64540577" lon="26.61862776"><ele>110.348</ele><time>2026-10-07T14:19:17Z</time><speed>9.250</speed><sat>29</sat></trkpt>
  <trkpt lat="41.64548467" lon="26.61865761"><ele>109.924</ele><time>2026-10-07T14:19:18Z</time><speed>8.360</speed><sat>27</sat></trkpt>
  <trkpt lat="41.64555199" lon="26.61867995"><ele>111.466</ele><time>2026-10-07T14:19:19Z</time><speed>7.970</speed><sat>27</sat></trkpt>
  <trkpt lat="41.64561958" lon="26.61870934"><ele>110.536</ele><time>2026-10-07T14:19:20Z</time><speed>7.580</speed><sat>29</sat></trkpt>
  <trkpt lat="41.64567565" lon="26.61874232"><ele>110.388</ele><time>2026-10-07T14:19:21Z</time><speed>6.470</speed><sat>30</sat></trkpt>
  <trkpt lat="41.64570342" lon="26.61875427"><ele>110.270</ele><time>2026-10-07T14:19:22Z</time><speed>4.050</speed><sat>29</sat></trkpt>
  <trkpt lat="41.64572859" lon="26.61876134"><ele>111.309</ele><time>2026-10-07T14:19:23Z</time><speed>3.100</speed><sat>30</sat></trkpt>
  <trkpt lat="41.64573915" lon="26.61876881"><ele>110.575</ele><time>2026-10-07T14:19:24Z</time><speed>1.710</speed><sat>31</sat></trkpt>
  <trkpt lat="41.64574586" lon="26.61877176"><ele>110.722</ele><time>2026-10-07T14:19:25Z</time><speed>0.790</speed><sat>30</sat></trkpt>
  <trkpt lat="41.64575834" lon="26.61876230"><ele>110.069</ele><time>2026-10-07T14:19:26Z</time><speed>0.000</speed><sat>29</sat></trkpt>
  <trkpt lat="41.64576035" lon="26.61875461"><ele>109.172</ele><time>2026-10-07T14:19:27Z</time><speed>0.000</speed><sat>29</sat></trkpt>
  <trkpt lat="41.64576109" lon="26.61875415"><ele>109.668</ele><time>2026-10-07T14:19:28Z</time><speed>0.000</speed><sat>29</sat></trkpt>
  <trkpt lat="41.64576342" lon="26.61875184"><ele>109.424</ele><time>2026-10-07T14:19:29Z</time><speed>0.000</speed><sat>29</sat></trkpt>
  <trkpt lat="41.64576634" lon="26.61874636"><ele>109.378</ele><time>2026-10-07T14:19:30Z</time><speed>0.000</speed><sat>27</sat></trkpt>
  <trkpt lat="41.64576689" lon="26.61874609"><ele>109.557</ele><time>2026-10-07T14:19:31Z</time><speed>0.000</speed><sat>26</sat></trkpt>
  <trkpt lat="41.64576757" lon="26.61874766"><ele>109.544</ele><time>2026-10-07T14:19:32Z</time><speed>0.000</speed><sat>26</sat></trkpt>
  <trkpt lat="41.64576596" lon="26.61874591"><ele>109.062</ele><time>2026-10-07T14:19:33Z</time><speed>0.000</speed><sat>25</sat></trkpt>
  <trkpt lat="41.64576668" lon="26.61874633"><ele>109.453</ele><time>2026-10-07T14:19:34Z</time><speed>0.000</speed><sat>25</sat></trkpt>
  <trkpt lat="41.64576663" lon="26.61874630"><ele>109.518</ele><time>2026-10-07T14:19:35Z</time><speed>0.000</speed><sat>25</sat></trkpt>
  <trkpt lat="41.64576672" lon="26.61874599"><ele>109.450</ele><time>2026-10-07T14:19:36Z</time><speed>0.000</speed><sat>24</sat></trkpt>
  <trkpt lat="41.64576637" lon="26.61874598"><ele>109.435</ele><time>2026-10-07T14:19:37Z</time><speed>0.000</speed><sat>23</sat></trkpt>
  <trkpt lat="41.64576572" lon="26.61874604"><ele>109.669</ele><time>2026-10-07T14:19:38Z</time><speed>0.000</speed><sat>25</sat></trkpt>
  <trkpt lat="41.64576560" lon="26.61874603"><ele>109.810</ele><time>2026-10-07T14:19:39Z</time><speed>0.000</speed><sat>25</sat></trkpt>
  <trkpt lat="41.64576546" lon="26.61874587"><ele>109.917</ele><time>2026-10-07T14:19:40Z</time><speed>0.000</speed><sat>25</sat></trkpt>
  <trkpt lat="41.64576542" lon="26.61874595"><ele>109.929</ele><time>2026-10-07T14:19:41Z</time><speed>0.000</speed><sat>23</sat></trkpt>
  <trkpt lat="41.64576541" lon="26.61874609"><ele>109.951</ele><time>2026-10-07T14:19:42Z</time><speed>0.000</speed><sat>24</sat></trkpt>
  <trkpt lat="41.64576537" lon="26.61874606"><ele>109.971</ele><time>2026-10-07T14:19:43Z</time><speed>0.000</speed><sat>26</sat></trkpt>
  <trkpt lat="41.64576514" lon="26.61874601"><ele>110.057</ele><time>2026-10-07T14:19:44Z</time><speed>0.000</speed><sat>26</sat></trkpt>
  <trkpt lat="41.64576523" lon="26.61874609"><ele>110.078</ele><time>2026-10-07T14:19:45Z</time><speed>0.000</speed><sat>25</sat></trkpt>
  <trkpt lat="41.64576523" lon="26.61874612"><ele>110.088</ele><time>2026-10-07T14:19:46Z</time><speed>0.000</speed><sat>26</sat></trkpt>
  <trkpt lat="41.64576526" lon="26.61874608"><ele>110.088</ele><time>2026-10-07T14:19:47Z</time><speed>0.000</speed><sat>27</sat></trkpt>
  <trkpt lat="41.64582872" lon="26.61877190"><ele>109.969</ele><time>2026-10-07T14:19:48Z</time><speed>3.960</speed><sat>25</sat></trkpt>
  <trkpt lat="41.64588344" lon="26.61878496"><ele>109.328</ele><time>2026-10-07T14:19:49Z</time><speed>4.330</speed><sat>26</sat></trkpt>
  <trkpt lat="41.64595390" lon="26.61880976"><ele>109.081</ele><time>2026-10-07T14:19:50Z</time><speed>5.490</speed><sat>26</sat></trkpt>
  <trkpt lat="41.64601897" lon="26.61883530"><ele>106.774</ele><time>2026-10-07T14:19:51Z</time><speed>5.660</speed><sat>27</sat></trkpt>
  <trkpt lat="41.64606420" lon="26.61885444"><ele>107.702</ele><time>2026-10-07T14:19:52Z</time><speed>5.470</speed><sat>27</sat></trkpt>
  <trkpt lat="41.64610834" lon="26.61887797"><ele>108.070</ele><time>2026-10-07T14:19:53Z</time><speed>4.990</speed><sat>27</sat></trkpt>
  <trkpt lat="41.64616047" lon="26.61889350"><ele>108.484</ele><time>2026-10-07T14:19:54Z</time><speed>5.360</speed><sat>27</sat></trkpt>
  <trkpt lat="41.64619790" lon="26.61891304"><ele>108.707</ele><time>2026-10-07T14:19:55Z</time><speed>5.220</speed><sat>29</sat></trkpt>
  <trkpt lat="41.64625002" lon="26.61892471"><ele>107.314</ele><time>2026-10-07T14:19:56Z</time><speed>5.010</speed><sat>29</sat></trkpt>
  <trkpt lat="41.64628962" lon="26.61894193"><ele>107.241</ele><time>2026-10-07T14:19:57Z</time><speed>4.470</speed><sat>27</sat></trkpt>
  <trkpt lat="41.64633784" lon="26.61895472"><ele>106.853</ele><time>2026-10-07T14:19:58Z</time><speed>4.570</speed><sat>27</sat></trkpt>
  <trkpt lat="41.64637412" lon="26.61896143"><ele>107.196</ele><time>2026-10-07T14:19:59Z</time><speed>3.350</speed><sat>29</sat></trkpt>
  <trkpt lat="41.64640259" lon="26.61896723"><ele>106.850</ele><time>2026-10-07T14:20:00Z</time><speed>2.960</speed><sat>29</sat></trkpt>
  <trkpt lat="41.64643203" lon="26.61897420"><ele>107.655</ele><time>2026-10-07T14:20:01Z</time><speed>2.740</speed><sat>29</sat></trkpt>
  <trkpt lat="41.64645655" lon="26.61897889"><ele>107.535</ele><time>2026-10-07T14:20:02Z</time><speed>2.350</speed><sat>29</sat></trkpt>
  <trkpt lat="41.64648380" lon="26.61898331"><ele>107.157</ele><time>2026-10-07T14:20:03Z</time><speed>2.770</speed><sat>30</sat></trkpt>
  <trkpt lat="41.64652432" lon="26.61899121"><ele>107.523</ele><time>2026-10-07T14:20:04Z</time><speed>3.830</speed><sat>29</sat></trkpt>
  <trkpt lat="41.64656507" lon="26.61900831"><ele>108.665</ele><time>2026-10-07T14:20:05Z</time><speed>4.210</speed><sat>28</sat></trkpt>
  <trkpt lat="41.64661791" lon="26.61902795"><ele>107.571</ele><time>2026-10-07T14:20:06Z</time><speed>5.200</speed><sat>28</sat></trkpt>
  <trkpt lat="41.64666810" lon="26.61904297"><ele>107.735</ele><time>2026-10-07T14:20:07Z</time><speed>5.490</speed><sat>26</sat></trkpt>
  <trkpt lat="41.64671093" lon="26.61906321"><ele>108.768</ele><time>2026-10-07T14:20:08Z</time><speed>5.540</speed><sat>26</sat></trkpt>
  <trkpt lat="41.64675168" lon="26.61908197"><ele>108.420</ele><time>2026-10-07T14:20:09Z</time><speed>5.390</speed><sat>27</sat></trkpt>
  <trkpt lat="41.64679575" lon="26.61911865"><ele>107.915</ele><time>2026-10-07T14:20:10Z</time><speed>5.880</speed><sat>28</sat></trkpt>
  <trkpt lat="41.64683172" lon="26.61914425"><ele>109.865</ele><time>2026-10-07T14:20:11Z</time><speed>4.950</speed><sat>30</sat></trkpt>
  <trkpt lat="41.64687936" lon="26.61916915"><ele>110.969</ele><time>2026-10-07T14:20:12Z</time><speed>5.010</speed><sat>31</sat></trkpt>
  <trkpt lat="41.64692742" lon="26.61920554"><ele>113.080</ele><time>2026-10-07T14:20:13Z</time><speed>5.180</speed><sat>33</sat></trkpt>
  <trkpt lat="41.64697423" lon="26.61924264"><ele>115.196</ele><time>2026-10-07T14:20:14Z</time><speed>5.620</speed><sat>33</sat></trkpt>
  <trkpt lat="41.64701004" lon="26.61928824"><ele>114.590</ele><time>2026-10-07T14:20:15Z</time><speed>6.160</speed><sat>33</sat></trkpt>
  <trkpt lat="41.64705682" lon="26.61932745"><ele>115.248</ele><time>2026-10-07T14:20:16Z</time><speed>6.410</speed><sat>34</sat></trkpt>
  <trkpt lat="41.64711120" lon="26.61937530"><ele>114.591</ele><time>2026-10-07T14:20:17Z</time><speed>7.180</speed><sat>32</sat></trkpt>
  <trkpt lat="41.64716839" lon="26.61942880"><ele>114.506</ele><time>2026-10-07T14:20:18Z</time><speed>7.460</speed><sat>33</sat></trkpt>
  <trkpt lat="41.64723982" lon="26.61947995"><ele>113.609</ele><time>2026-10-07T14:20:19Z</time><speed>8.840</speed><sat>31</sat></trkpt>
  <trkpt lat="41.64729868" lon="26.61952497"><ele>114.828</ele><time>2026-10-07T14:20:20Z</time><speed>8.200</speed><sat>31</sat></trkpt>
  <trkpt lat="41.64736495" lon="26.61955638"><ele>113.614</ele><time>2026-10-07T14:20:21Z</time><speed>7.700</speed><sat>32</sat></trkpt>
  <trkpt lat="41.64744856" lon="26.61959584"><ele>112.038</ele><time>2026-10-07T14:20:22Z</time><speed>9.200</speed><sat>32</sat></trkpt>
  <trkpt lat="41.64752713" lon="26.61962229"><ele>111.932</ele><time>2026-10-07T14:20:23Z</time><speed>8.590</speed><sat>32</sat></trkpt>
  <trkpt lat="41.64759569" lon="26.61961469"><ele>111.959</ele><time>2026-10-07T14:20:24Z</time><speed>7.390</speed><sat>33</sat></trkpt>
  <trkpt lat="41.64766612" lon="26.61963114"><ele>112.004</ele><time>2026-10-07T14:20:25Z</time><speed>7.770</speed><sat>33</sat></trkpt>
  <trkpt lat="41.64773319" lon="26.61963018"><ele>113.075</ele><time>2026-10-07T14:20:26Z</time><speed>7.470</speed><sat>33</sat></trkpt>
  <trkpt lat="41.64780271" lon="26.61961523"><ele>113.671</ele><time>2026-10-07T14:20:27Z</time><speed>7.730</speed><sat>32</sat></trkpt>
  <trkpt lat="41.64787202" lon="26.61961327"><ele>114.637</ele><time>2026-10-07T14:20:28Z</time><speed>7.330</speed><sat>31</sat></trkpt>
  <trkpt lat="41.64793696" lon="26.61959185"><ele>114.477</ele><time>2026-10-07T14:20:29Z</time><speed>6.970</speed><sat>32</sat></trkpt>
  <trkpt lat="41.64799776" lon="26.61957948"><ele>115.122</ele><time>2026-10-07T14:20:30Z</time><speed>6.250</speed><sat>28</sat></trkpt>
  <trkpt lat="41.64804716" lon="26.61956584"><ele>115.627</ele><time>2026-10-07T14:20:31Z</time><speed>5.320</speed><sat>28</sat></trkpt>
  <trkpt lat="41.64808942" lon="26.61953991"><ele>115.498</ele><time>2026-10-07T14:20:32Z</time><speed>4.390</speed><sat>29</sat></trkpt>
  <trkpt lat="41.64809361" lon="26.61954518"><ele>115.331</ele><time>2026-10-07T14:20:33Z</time><speed>1.150</speed><sat>30</sat></trkpt>
  <trkpt lat="41.64809383" lon="26.61954697"><ele>115.043</ele><time>2026-10-07T14:20:34Z</time><speed>0.430</speed><sat>31</sat></trkpt>
  <trkpt lat="41.64810126" lon="26.61954324"><ele>114.113</ele><time>2026-10-07T14:20:35Z</time><speed>0.750</speed><sat>30</sat></trkpt>
  <trkpt lat="41.64810755" lon="26.61954029"><ele>114.340</ele><time>2026-10-07T14:20:36Z</time><speed>0.590</speed><sat>30</sat></trkpt>
  <trkpt lat="41.64809526" lon="26.61955200"><ele>113.500</ele><time>2026-10-07T14:20:37Z</time><speed>0.780</speed><sat>30</sat></trkpt>
  <trkpt lat="41.64809133" lon="26.61955918"><ele>113.705</ele><time>2026-10-07T14:20:38Z</time><speed>0.390</speed><sat>30</sat></trkpt>
  <trkpt lat="41.64809761" lon="26.61955110"><ele>113.043</ele><time>2026-10-07T14:20:39Z</time><speed>0.000</speed><sat>29</sat></trkpt>
  <trkpt lat="41.64809027" lon="26.61955546"><ele>112.785</ele><time>2026-10-07T14:20:40Z</time><speed>0.000</speed><sat>28</sat></trkpt>
  <trkpt lat="41.64809173" lon="26.61955541"><ele>112.399</ele><time>2026-10-07T14:20:41Z</time><speed>0.000</speed><sat>30</sat></trkpt>
  <trkpt lat="41.64809259" lon="26.61955574"><ele>112.693</ele><time>2026-10-07T14:20:42Z</time><speed>0.000</speed><sat>32</sat></trkpt>
  <trkpt lat="41.64809396" lon="26.61955311"><ele>112.062</ele><time>2026-10-07T14:20:43Z</time><speed>0.000</speed><sat>32</sat></trkpt>
  <trkpt lat="41.64809368" lon="26.61955351"><ele>112.042</ele><time>2026-10-07T14:20:44Z</time><speed>0.000</speed><sat>33</sat></trkpt>
  <trkpt lat="41.64808467" lon="26.61954674"><ele>111.484</ele><time>2026-10-07T14:20:45Z</time><speed>0.000</speed><sat>31</sat></trkpt>
  <trkpt lat="41.64808475" lon="26.61954663"><ele>110.787</ele><time>2026-10-07T14:20:46Z</time><speed>0.000</speed><sat>32</sat></trkpt>
  <trkpt lat="41.64808465" lon="26.61954729"><ele>110.888</ele><time>2026-10-07T14:20:47Z</time><speed>0.000</speed><sat>32</sat></trkpt>
  <trkpt lat="41.64808350" lon="26.61954682"><ele>110.393</ele><time>2026-10-07T14:20:48Z</time><speed>0.000</speed><sat>33</sat></trkpt>
  <trkpt lat="41.64808362" lon="26.61954649"><ele>110.171</ele><time>2026-10-07T14:20:49Z</time><speed>0.000</speed><sat>33</sat></trkpt>
  <trkpt lat="41.64808460" lon="26.61954604"><ele>110.191</ele><time>2026-10-07T14:20:50Z</time><speed>0.000</speed><sat>32</sat></trkpt>
  <trkpt lat="41.64808506" lon="26.61954581"><ele>110.137</ele><time>2026-10-07T14:20:51Z</time><speed>0.000</speed><sat>28</sat></trkpt>
  <trkpt lat="41.64808563" lon="26.61954550"><ele>110.075</ele><time>2026-10-07T14:20:52Z</time><speed>0.000</speed><sat>22</sat></trkpt>
  <trkpt lat="41.64808611" lon="26.61954538"><ele>110.181</ele><time>2026-10-07T14:20:53Z</time><speed>0.000</speed><sat>23</sat></trkpt>
  <trkpt lat="41.64808596" lon="26.61954542"><ele>110.155</ele><time>2026-10-07T14:20:54Z</time><speed>0.000</speed><sat>27</sat></trkpt>
  <trkpt lat="41.64808598" lon="26.61954541"><ele>110.196</ele><time>2026-10-07T14:20:55Z</time><speed>0.000</speed><sat>27</sat></trkpt>
  <trkpt lat="41.64808599" lon="26.61954545"><ele>110.212</ele><time>2026-10-07T14:20:56Z</time><speed>0.000</speed><sat>29</sat></trkpt>
  <trkpt lat="41.64808599" lon="26.61954549"><ele>110.222</ele><time>2026-10-07T14:20:57Z</time><speed>0.000</speed><sat>29</sat></trkpt>
  <trkpt lat="41.64808599" lon="26.61954549"><ele>110.228</ele><time>2026-10-07T14:20:58Z</time><speed>0.000</speed><sat>29</sat></trkpt>
  <trkpt lat="41.64808600" lon="26.61954549"><ele>110.234</ele><time>2026-10-07T14:20:59Z</time><speed>0.000</speed><sat>29</sat></trkpt>
  <trkpt lat="41.64808600" lon="26.61954548"><ele>110.233</ele><time>2026-10-07T14:21:00Z</time><speed>0.000</speed><sat>29</sat></trkpt>
  <trkpt lat="41.64808597" lon="26.61954549"><ele>110.232</ele><time>2026-10-07T14:21:01Z</time><speed>0.000</speed><sat>28</sat></trkpt>
  <trkpt lat="41.64808601" lon="26.61954546"><ele>110.217</ele><time>2026-10-07T14:21:02Z</time><speed>0.000</speed><sat>27</sat></trkpt>
  <trkpt lat="41.64808600" lon="26.61954546"><ele>110.218</ele><time>2026-10-07T14:21:03Z</time><speed>0.000</speed><sat>26</sat></trkpt>
  <trkpt lat="41.64808604" lon="26.61954544"><ele>110.215</ele><time>2026-10-07T14:21:04Z</time><speed>0.000</speed><sat>26</sat></trkpt>
  <trkpt lat="41.64808765" lon="26.61954385"><ele>110.333</ele><time>2026-10-07T14:21:05Z</time><speed>0.210</speed><sat>26</sat></trkpt>
  <trkpt lat="41.64809509" lon="26.61953953"><ele>110.822</ele><time>2026-10-07T14:21:06Z</time><speed>0.830</speed><sat>27</sat></trkpt>
  <trkpt lat="41.64810727" lon="26.61953406"><ele>110.892</ele><time>2026-10-07T14:21:07Z</time><speed>1.570</speed><sat>27</sat></trkpt>
  <trkpt lat="41.64812522" lon="26.61952460"><ele>111.141</ele><time>2026-10-07T14:21:08Z</time><speed>2.360</speed><sat>27</sat></trkpt>
  <trkpt lat="41.64814967" lon="26.61950980"><ele>111.305</ele><time>2026-10-07T14:21:09Z</time><speed>3.210</speed><sat>28</sat></trkpt>
  <trkpt lat="41.64818192" lon="26.61949144"><ele>111.371</ele><time>2026-10-07T14:21:10Z</time><speed>4.090</speed><sat>28</sat></trkpt>
  <trkpt lat="41.64822335" lon="26.61947422"><ele>111.382</ele><time>2026-10-07T14:21:11Z</time><speed>4.970</speed><sat>29</sat></trkpt>
  <trkpt lat="41.64828171" lon="26.61946037"><ele>111.535</ele><time>2026-10-07T14:21:12Z</time><speed>5.270</speed><sat>29</sat></trkpt>
  <trkpt lat="41.64832634" lon="26.61944886"><ele>111.754</ele><time>2026-10-07T14:21:13Z</time><speed>5.110</speed><sat>29</sat></trkpt>
  <trkpt lat="41.64837108" lon="26.61944618"><ele>112.160</ele><time>2026-10-07T14:21:14Z</time><speed>4.820</speed><sat>27</sat></trkpt>
  <trkpt lat="41.64841942" lon="26.61945338"><ele>112.117</ele><time>2026-10-07T14:21:15Z</time><speed>4.980</speed><sat>27</sat></trkpt>
  <trkpt lat="41.64847144" lon="26.61945824"><ele>112.335</ele><time>2026-10-07T14:21:16Z</time><speed>5.360</speed><sat>30</sat></trkpt>
  <trkpt lat="41.64852612" lon="26.61947594"><ele>111.910</ele><time>2026-10-07T14:21:17Z</time><speed>5.920</speed><sat>30</sat></trkpt>
  <trkpt lat="41.64857831" lon="26.61950413"><ele>111.191</ele><time>2026-10-07T14:21:18Z</time><speed>6.080</speed><sat>31</sat></trkpt>
  <trkpt lat="41.64863444" lon="26.61948918"><ele>113.273</ele><time>2026-10-07T14:21:19Z</time><speed>6.100</speed><sat>31</sat></trkpt>
  <trkpt lat="41.64869529" lon="26.61950768"><ele>112.669</ele><time>2026-10-07T14:21:20Z</time><speed>6.110</speed><sat>30</sat></trkpt>
  <trkpt lat="41.64875994" lon="26.61953306"><ele>112.720</ele><time>2026-10-07T14:21:21Z</time><speed>6.520</speed><sat>31</sat></trkpt>
  <trkpt lat="41.64881886" lon="26.61954729"><ele>113.026</ele><time>2026-10-07T14:21:22Z</time><speed>6.620</speed><sat>31</sat></trkpt>
  <trkpt lat="41.64887501" lon="26.61955229"><ele>113.206</ele><time>2026-10-07T14:21:23Z</time><speed>6.240</speed><sat>31</sat></trkpt>
  <trkpt lat="41.64892157" lon="26.61955577"><ele>113.647</ele><time>2026-10-07T14:21:24Z</time><speed>5.890</speed><sat>31</sat></trkpt>
  <trkpt lat="41.64896943" lon="26.61955168"><ele>113.219</ele><time>2026-10-07T14:21:25Z</time><speed>5.440</speed><sat>32</sat></trkpt>
  <trkpt lat="41.64901113" lon="26.61950916"><ele>113.909</ele><time>2026-10-07T14:21:26Z</time><speed>5.240</speed><sat>32</sat></trkpt>
  <trkpt lat="41.64904482" lon="26.61947874"><ele>114.125</ele><time>2026-10-07T14:21:27Z</time><speed>4.750</speed><sat>32</sat></trkpt>
  <trkpt lat="41.64907423" lon="26.61941762"><ele>114.086</ele><time>2026-10-07T14:21:28Z</time><speed>5.280</speed><sat>32</sat></trkpt>
  <trkpt lat="41.64908926" lon="26.61936378"><ele>113.709</ele><time>2026-10-07T14:21:29Z</time><speed>5.260</speed><sat>32</sat></trkpt>
  <trkpt lat="41.64908687" lon="26.61928678"><ele>114.179</ele><time>2026-10-07T14:21:30Z</time><speed>5.800</speed><sat>32</sat></trkpt>
  <trkpt lat="41.64907698" lon="26.61919714"><ele>113.818</ele><time>2026-10-07T14:21:31Z</time><speed>6.480</speed><sat>32</sat></trkpt>
  <trkpt lat="41.64907069" lon="26.61911518"><ele>113.806</ele><time>2026-10-07T14:21:32Z</time><speed>7.080</speed><sat>35</sat></trkpt>
  <trkpt lat="41.64907244" lon="26.61902506"><ele>113.733</ele><time>2026-10-07T14:21:33Z</time><speed>7.750</speed><sat>35</sat></trkpt>
  <trkpt lat="41.64908444" lon="26.61892549"><ele>113.496</ele><time>2026-10-07T14:21:34Z</time><speed>8.350</speed><sat>35</sat></trkpt>
  <trkpt lat="41.64909872" lon="26.61881587"><ele>113.471</ele><time>2026-10-07T14:21:35Z</time><speed>9.070</speed><sat>35</sat></trkpt>
  <trkpt lat="41.64911507" lon="26.61870062"><ele>113.490</ele><time>2026-10-07T14:21:36Z</time><speed>9.940</speed><sat>35</sat></trkpt>
  <trkpt lat="41.64913191" lon="26.61858263"><ele>113.035</ele><time>2026-10-07T14:21:37Z</time><speed>10.170</speed><sat>35</sat></trkpt>
  <trkpt lat="41.64915062" lon="26.61846194"><ele>113.053</ele><time>2026-10-07T14:21:38Z</time><speed>10.300</speed><sat>35</sat></trkpt>
  <trkpt lat="41.64917372" lon="26.61833111"><ele>113.271</ele><time>2026-10-07T14:21:39Z</time><speed>11.120</speed><sat>33</sat></trkpt>
  <trkpt lat="41.64919618" lon="26.61819037"><ele>112.815</ele><time>2026-10-07T14:21:40Z</time><speed>11.860</speed><sat>29</sat></trkpt>
  <trkpt lat="41.64922233" lon="26.61804059"><ele>112.003</ele><time>2026-10-07T14:21:41Z</time><speed>12.790</speed><sat>30</sat></trkpt>
  <trkpt lat="41.64925124" lon="26.61788289"><ele>111.245</ele><time>2026-10-07T14:21:42Z</time><speed>13.720</speed><sat>30</sat></trkpt>
  <trkpt lat="41.64928992" lon="26.61771416"><ele>110.470</ele><time>2026-10-07T14:21:43Z</time><speed>14.630</speed><sat>29</sat></trkpt>
  <trkpt lat="41.64933441" lon="26.61753518"><ele>109.665</ele><time>2026-10-07T14:21:44Z</time><speed>15.560</speed><sat>30</sat></trkpt>
  <trkpt lat="41.64939065" lon="26.61735384"><ele>108.994</ele><time>2026-10-07T14:21:45Z</time><speed>16.220</speed><sat>30</sat></trkpt>
  <trkpt lat="41.64945730" lon="26.61718249"><ele>108.356</ele><time>2026-10-07T14:21:46Z</time><speed>16.180</speed><sat>30</sat></trkpt>
  <trkpt lat="41.64953651" lon="26.61701331"><ele>107.856</ele><time>2026-10-07T14:21:47Z</time><speed>16.240</speed><sat>30</sat></trkpt>
  <trkpt lat="41.64961442" lon="26.61685006"><ele>107.323</ele><time>2026-10-07T14:21:48Z</time><speed>16.080</speed><sat>32</sat></trkpt>
  <trkpt lat="41.64968940" lon="26.61667904"><ele>106.246</ele><time>2026-10-07T14:21:49Z</time><speed>16.230</speed><sat>32</sat></trkpt>
  <trkpt lat="41.64979046" lon="26.61653315"><ele>105.650</ele><time>2026-10-07T14:21:50Z</time><speed>16.420</speed><sat>33</sat></trkpt>
  <trkpt lat="41.64988455" lon="26.61637555"><ele>106.166</ele><time>2026-10-07T14:21:51Z</time><speed>16.600</speed><sat>33</sat></trkpt>
  <trkpt lat="41.64995018" lon="26.61617683"><ele>108.228</ele><time>2026-10-07T14:21:52Z</time><speed>17.050</speed><sat>32</sat></trkpt>
  <trkpt lat="41.65004370" lon="26.61602976"><ele>107.270</ele><time>2026-10-07T14:21:53Z</time><speed>16.650</speed><sat>32</sat></trkpt>
  <trkpt lat="41.65014186" lon="26.61588573"><ele>107.947</ele><time>2026-10-07T14:21:54Z</time><speed>16.600</speed><sat>30</sat></trkpt>
  <trkpt lat="41.65024216" lon="26.61574394"><ele>108.498</ele><time>2026-10-07T14:21:55Z</time><speed>16.440</speed><sat>31</sat></trkpt>
  <trkpt lat="41.65033903" lon="26.61559651"><ele>108.443</ele><time>2026-10-07T14:21:56Z</time><speed>16.700</speed><sat>29</sat></trkpt>
  <trkpt lat="41.65044915" lon="26.61548176"><ele>110.254</ele><time>2026-10-07T14:21:57Z</time><speed>15.990</speed><sat>29</sat></trkpt>
  <trkpt lat="41.65055608" lon="26.61534960"><ele>111.032</ele><time>2026-10-07T14:21:58Z</time><speed>15.890</speed><sat>29</sat></trkpt>
  <trkpt lat="41.65066185" lon="26.61522025"><ele>111.474</ele><time>2026-10-07T14:21:59Z</time><speed>15.880</speed><sat>30</sat></trkpt>
  <trkpt lat="41.65076912" lon="26.61509803"><ele>112.129</ele><time>2026-10-07T14:22:00Z</time><speed>15.910</speed><sat>31</sat></trkpt>
  <trkpt lat="41.65088166" lon="26.61497282"><ele>112.237</ele><time>2026-10-07T14:22:01Z</time><speed>15.930</speed><sat>32</sat></trkpt>
  <trkpt lat="41.65099004" lon="26.61485184"><ele>112.654</ele><time>2026-10-07T14:22:02Z</time><speed>15.820</speed><sat>32</sat></trkpt>
  <trkpt lat="41.65109674" lon="26.61472328"><ele>113.051</ele><time>2026-10-07T14:22:03Z</time><speed>15.800</speed><sat>32</sat></trkpt>
  <trkpt lat="41.65120214" lon="26.61460017"><ele>113.410</ele><time>2026-10-07T14:22:04Z</time><speed>15.790</speed><sat>32</sat></trkpt>
  <trkpt lat="41.65130920" lon="26.61447546"><ele>113.929</ele><time>2026-10-07T14:22:05Z</time><speed>15.840</speed><sat>32</sat></trkpt>
  <trkpt lat="41.65141884" lon="26.61435054"><ele>113.817</ele><time>2026-10-07T14:22:06Z</time><speed>15.930</speed><sat>32</sat></trkpt>
  <trkpt lat="41.65152869" lon="26.61422501"><ele>113.963</ele><time>2026-10-07T14:22:07Z</time><speed>16.100</speed><sat>31</sat></trkpt>
  <trkpt lat="41.65164034" lon="26.61410140"><ele>114.210</ele><time>2026-10-07T14:22:08Z</time><speed>16.190</speed><sat>31</sat></trkpt>
  <trkpt lat="41.65175146" lon="26.61397943"><ele>114.086</ele><time>2026-10-07T14:22:09Z</time><speed>16.080</speed><sat>31</sat></trkpt>
  <trkpt lat="41.65186863" lon="26.61386584"><ele>114.149</ele><time>2026-10-07T14:22:10Z</time><speed>15.990</speed><sat>29</sat></trkpt>
  <trkpt lat="41.65199331" lon="26.61375756"><ele>113.911</ele><time>2026-10-07T14:22:11Z</time><speed>16.260</speed><sat>27</sat></trkpt>
  <trkpt lat="41.65211712" lon="26.61364130"><ele>113.620</ele><time>2026-10-07T14:22:12Z</time><speed>16.770</speed><sat>28</sat></trkpt>
  <trkpt lat="41.65224979" lon="26.61352335"><ele>112.945</ele><time>2026-10-07T14:22:13Z</time><speed>17.350</speed><sat>28</sat></trkpt>
  <trkpt lat="41.65238674" lon="26.61340817"><ele>112.853</ele><time>2026-10-07T14:22:14Z</time><speed>17.940</speed><sat>29</sat></trkpt>
  <trkpt lat="41.65253116" lon="26.61329614"><ele>112.282</ele><time>2026-10-07T14:22:15Z</time><speed>18.490</speed><sat>28</sat></trkpt>
  <trkpt lat="41.65267910" lon="26.61318519"><ele>112.186</ele><time>2026-10-07T14:22:16Z</time><speed>19.090</speed><sat>28</sat></trkpt>
  <trkpt lat="41.65283511" lon="26.61307048"><ele>111.441</ele><time>2026-10-07T14:22:17Z</time><speed>19.680</speed><sat>30</sat></trkpt>
  <trkpt lat="41.65299426" lon="26.61296051"><ele>111.454</ele><time>2026-10-07T14:22:18Z</time><speed>20.150</speed><sat>30</sat></trkpt>
  <trkpt lat="41.65315849" lon="26.61284508"><ele>111.113</ele><time>2026-10-07T14:22:19Z</time><speed>20.580</speed><sat>30</sat></trkpt>
  <trkpt lat="41.65332462" lon="26.61272810"><ele>110.720</ele><time>2026-10-07T14:22:20Z</time><speed>20.850</speed><sat>30</sat></trkpt>
  <trkpt lat="41.65349461" lon="26.61261090"><ele>110.930</ele><time>2026-10-07T14:22:21Z</time><speed>21.020</speed><sat>29</sat></trkpt>
  <trkpt lat="41.65366143" lon="26.61249285"><ele>111.592</ele><time>2026-10-07T14:22:22Z</time><speed>21.140</speed><sat>28</sat></trkpt>
  <trkpt lat="41.65383000" lon="26.61237521"><ele>112.442</ele><time>2026-10-07T14:22:23Z</time><speed>21.130</speed><sat>25</sat></trkpt>
  <trkpt lat="41.65399854" lon="26.61225758"><ele>113.344</ele><time>2026-10-07T14:22:24Z</time><speed>21.010</speed><sat>27</sat></trkpt>
  <trkpt lat="41.65416571" lon="26.61214459"><ele>114.257</ele><time>2026-10-07T14:22:25Z</time><speed>20.810</speed><sat>26</sat></trkpt>
  <trkpt lat="41.65432961" lon="26.61202669"><ele>115.370</ele><time>2026-10-07T14:22:26Z</time><speed>20.560</speed><sat>27</sat></trkpt>
  <trkpt lat="41.65449451" lon="26.61191162"><ele>115.977</ele><time>2026-10-07T14:22:27Z</time><speed>20.350</speed><sat>27</sat></trkpt>
  <trkpt lat="41.65465323" lon="26.61179378"><ele>116.775</ele><time>2026-10-07T14:22:28Z</time><speed>20.140</speed><sat>28</sat></trkpt>
  <trkpt lat="41.65481072" lon="26.61168466"><ele>117.399</ele><time>2026-10-07T14:22:29Z</time><speed>19.600</speed><sat>27</sat></trkpt>
  <trkpt lat="41.65495891" lon="26.61156801"><ele>117.710</ele><time>2026-10-07T14:22:30Z</time><speed>19.130</speed><sat>27</sat></trkpt>
  <trkpt lat="41.65510205" lon="26.61144412"><ele>117.573</ele><time>2026-10-07T14:22:31Z</time><speed>19.000</speed><sat>30</sat></trkpt>
  <trkpt lat="41.65523475" lon="26.61131151"><ele>117.603</ele><time>2026-10-07T14:22:32Z</time><speed>18.600</speed><sat>30</sat></trkpt>
  <trkpt lat="41.65536346" lon="26.61117681"><ele>117.860</ele><time>2026-10-07T14:22:33Z</time><speed>18.430</speed><sat>30</sat></trkpt>
  <trkpt lat="41.65548491" lon="26.61103074"><ele>117.964</ele><time>2026-10-07T14:22:34Z</time><speed>18.330</speed><sat>32</sat></trkpt>
  <trkpt lat="41.65559052" lon="26.61088180"><ele>117.705</ele><time>2026-10-07T14:22:35Z</time><speed>17.720</speed><sat>31</sat></trkpt>
  <trkpt lat="41.65567524" lon="26.61070151"><ele>117.538</ele><time>2026-10-07T14:22:36Z</time><speed>17.040</speed><sat>32</sat></trkpt>
  <trkpt lat="41.65575681" lon="26.61053199"><ele>117.475</ele><time>2026-10-07T14:22:37Z</time><speed>16.680</speed><sat>33</sat></trkpt>
  <trkpt lat="41.65583247" lon="26.61036773"><ele>117.841</ele><time>2026-10-07T14:22:38Z</time><speed>16.230</speed><sat>33</sat></trkpt>
  <trkpt lat="41.65590301" lon="26.61020386"><ele>117.719</ele><time>2026-10-07T14:22:39Z</time><speed>15.750</speed><sat>33</sat></trkpt>
  <trkpt lat="41.65596768" lon="26.61004206"><ele>118.161</ele><time>2026-10-07T14:22:40Z</time><speed>15.250</speed><sat>33</sat></trkpt>
  <trkpt lat="41.65602643" lon="26.60988032"><ele>118.374</ele><time>2026-10-07T14:22:41Z</time><speed>14.820</speed><sat>33</sat></trkpt>
  <trkpt lat="41.65608358" lon="26.60972685"><ele>118.875</ele><time>2026-10-07T14:22:42Z</time><speed>14.300</speed><sat>33</sat></trkpt>
  <trkpt lat="41.65614128" lon="26.60957899"><ele>119.209</ele><time>2026-10-07T14:22:43Z</time><speed>13.820</speed><sat>33</sat></trkpt>
  <trkpt lat="41.65619642" lon="26.60943556"><ele>119.444</ele><time>2026-10-07T14:22:44Z</time><speed>13.490</speed><sat>34</sat></trkpt>
  <trkpt lat="41.65625159" lon="26.60928960"><ele>119.637</ele><time>2026-10-07T14:22:45Z</time><speed>13.410</speed><sat>34</sat></trkpt>
  <trkpt lat="41.65630682" lon="26.60914637"><ele>119.745</ele><time>2026-10-07T14:22:46Z</time><speed>13.230</speed><sat>34</sat></trkpt>
  <trkpt lat="41.65635728" lon="26.60900859"><ele>120.037</ele><time>2026-10-07T14:22:47Z</time><speed>12.820</speed><sat>34</sat></trkpt>
  <trkpt lat="41.65640270" lon="26.60887327"><ele>120.020</ele><time>2026-10-07T14:22:48Z</time><speed>12.490</speed><sat>32</sat></trkpt>
  <trkpt lat="41.65644309" lon="26.60873729"><ele>120.030</ele><time>2026-10-07T14:22:49Z</time><speed>12.160</speed><sat>33</sat></trkpt>
  <trkpt lat="41.65646821" lon="26.60859622"><ele>120.026</ele><time>2026-10-07T14:22:50Z</time><speed>11.890</speed><sat>34</sat></trkpt>
  <trkpt lat="41.65648074" lon="26.60846493"><ele>120.051</ele><time>2026-10-07T14:22:51Z</time><speed>10.980</speed><sat>34</sat></trkpt>
  <trkpt lat="41.65648909" lon="26.60835633"><ele>120.272</ele><time>2026-10-07T14:22:52Z</time><speed>9.530</speed><sat>34</sat></trkpt>
  <trkpt lat="41.65648809" lon="26.60825806"><ele>120.073</ele><time>2026-10-07T14:22:53Z</time><speed>8.300</speed><sat>34</sat></trkpt>
  <trkpt lat="41.65648231" lon="26.60817053"><ele>119.834</ele><time>2026-10-07T14:22:54Z</time><speed>7.530</speed><sat>34</sat></trkpt>
  <trkpt lat="41.65647031" lon="26.60808810"><ele>119.635</ele><time>2026-10-07T14:22:55Z</time><speed>7.220</speed><sat>33</sat></trkpt>
  <trkpt lat="41.65645812" lon="26.60800983"><ele>119.188</ele><time>2026-10-07T14:22:56Z</time><speed>6.730</speed><sat>34</sat></trkpt>
  <trkpt lat="41.65644077" lon="26.60794039"><ele>119.552</ele><time>2026-10-07T14:22:57Z</time><speed>6.080</speed><sat>35</sat></trkpt>
  <trkpt lat="41.65642794" lon="26.60788368"><ele>119.400</ele><time>2026-10-07T14:22:58Z</time><speed>5.080</speed><sat>34</sat></trkpt>
  <trkpt lat="41.65641445" lon="26.60783211"><ele>119.060</ele><time>2026-10-07T14:22:59Z</time><speed>4.650</speed><sat>34</sat></trkpt>
  <trkpt lat="41.65640666" lon="26.60778793"><ele>118.805</ele><time>2026-10-07T14:23:00Z</time><speed>4.030</speed><sat>34</sat></trkpt>
  <trkpt lat="41.65639893" lon="26.60774863"><ele>118.765</ele><time>2026-10-07T14:23:01Z</time><speed>3.430</speed><sat>34</sat></trkpt>
  <trkpt lat="41.65639427" lon="26.60770239"><ele>118.518</ele><time>2026-10-07T14:23:02Z</time><speed>4.020</speed><sat>35</sat></trkpt>
  <trkpt lat="41.65638787" lon="26.60764962"><ele>118.367</ele><time>2026-10-07T14:23:03Z</time><speed>4.460</speed><sat>35</sat></trkpt>
  <trkpt lat="41.65638391" lon="26.60759596"><ele>117.897</ele><time>2026-10-07T14:23:04Z</time><speed>4.480</speed><sat>35</sat></trkpt>
  <trkpt lat="41.65637718" lon="26.60754702"><ele>117.767</ele><time>2026-10-07T14:23:05Z</time><speed>4.260</speed><sat>34</sat></trkpt>
  <trkpt lat="41.65636066" lon="26.60750571"><ele>117.637</ele><time>2026-10-07T14:23:06Z</time><speed>3.980</speed><sat>34</sat></trkpt>
  <trkpt lat="41.65633196" lon="26.60747712"><ele>118.016</ele><time>2026-10-07T14:23:07Z</time><speed>3.850</speed><sat>34</sat></trkpt>
  <trkpt lat="41.65629675" lon="26.60746551"><ele>118.231</ele><time>2026-10-07T14:23:08Z</time><speed>4.150</speed><sat>32</sat></trkpt>
  <trkpt lat="41.65625636" lon="26.60746666"><ele>118.098</ele><time>2026-10-07T14:23:09Z</time><speed>4.710</speed><sat>32</sat></trkpt>
  <trkpt lat="41.65620226" lon="26.60747961"><ele>118.242</ele><time>2026-10-07T14:23:10Z</time><speed>5.710</speed><sat>33</sat></trkpt>
  <trkpt lat="41.65613784" lon="26.60747670"><ele>117.868</ele><time>2026-10-07T14:23:11Z</time><speed>7.020</speed><sat>33</sat></trkpt>
  <trkpt lat="41.65606727" lon="26.60745613"><ele>117.349</ele><time>2026-10-07T14:23:12Z</time><speed>8.070</speed><sat>33</sat></trkpt>
  <trkpt lat="41.65599408" lon="26.60741872"><ele>117.103</ele><time>2026-10-07T14:23:13Z</time><speed>8.390</speed><sat>32</sat></trkpt>
  <trkpt lat="41.65592459" lon="26.60737490"><ele>117.010</ele><time>2026-10-07T14:23:14Z</time><speed>8.670</speed><sat>35</sat></trkpt>
  <trkpt lat="41.65585062" lon="26.60732367"><ele>116.453</ele><time>2026-10-07T14:23:15Z</time><speed>9.210</speed><sat>32</sat></trkpt>
  <trkpt lat="41.65577479" lon="26.60726541"><ele>116.508</ele><time>2026-10-07T14:23:16Z</time><speed>9.670</speed><sat>31</sat></trkpt>
  <trkpt lat="41.65569726" lon="26.60720469"><ele>116.486</ele><time>2026-10-07T14:23:17Z</time><speed>9.920</speed><sat>32</sat></trkpt>
  <trkpt lat="41.65561810" lon="26.60714328"><ele>116.098</ele><time>2026-10-07T14:23:18Z</time><speed>10.190</speed><sat>32</sat></trkpt>
  <trkpt lat="41.65554117" lon="26.60707052"><ele>115.825</ele><time>2026-10-07T14:23:19Z</time><speed>10.590</speed><sat>32</sat></trkpt>
  <trkpt lat="41.65546564" lon="26.60701565"><ele>115.656</ele><time>2026-10-07T14:23:20Z</time><speed>10.140</speed><sat>31</sat></trkpt>
  <trkpt lat="41.65538865" lon="26.60694165"><ele>115.195</ele><time>2026-10-07T14:23:21Z</time><speed>10.350</speed><sat>31</sat></trkpt>
  <trkpt lat="41.65531380" lon="26.60687556"><ele>114.947</ele><time>2026-10-07T14:23:22Z</time><speed>9.610</speed><sat>30</sat></trkpt>
  <trkpt lat="41.65524292" lon="26.60681632"><ele>114.994</ele><time>2026-10-07T14:23:23Z</time><speed>8.860</speed><sat>30</sat></trkpt>
  <trkpt lat="41.65518369" lon="26.60676403"><ele>114.639</ele><time>2026-10-07T14:23:24Z</time><speed>7.760</speed><sat>30</sat></trkpt>
  <trkpt lat="41.65512393" lon="26.60673106"><ele>113.826</ele><time>2026-10-07T14:23:25Z</time><speed>6.500</speed><sat>30</sat></trkpt>
  <trkpt lat="41.65506851" lon="26.60668063"><ele>113.062</ele><time>2026-10-07T14:23:26Z</time><speed>6.990</speed><sat>31</sat></trkpt>
  <trkpt lat="41.65500812" lon="26.60664362"><ele>113.254</ele><time>2026-10-07T14:23:27Z</time><speed>7.660</speed><sat>32</sat></trkpt>
  <trkpt lat="41.65494311" lon="26.60660390"><ele>113.195</ele><time>2026-10-07T14:23:28Z</time><speed>8.260</speed><sat>32</sat></trkpt>
  <trkpt lat="41.65488027" lon="26.60655385"><ele>113.358</ele><time>2026-10-07T14:23:29Z</time><speed>8.340</speed><sat>32</sat></trkpt>
  <trkpt lat="41.65480817" lon="26.60650161"><ele>113.200</ele><time>2026-10-07T14:23:30Z</time><speed>9.050</speed><sat>32</sat></trkpt>
  <trkpt lat="41.65473614" lon="26.60643619"><ele>112.922</ele><time>2026-10-07T14:23:31Z</time><speed>9.490</speed><sat>33</sat></trkpt>
  <trkpt lat="41.65466985" lon="26.60642095"><ele>113.731</ele><time>2026-10-07T14:23:32Z</time><speed>8.040</speed><sat>33</sat></trkpt>
  <trkpt lat="41.65460470" lon="26.60632378"><ele>113.644</ele><time>2026-10-07T14:23:33Z</time><speed>10.060</speed><sat>34</sat></trkpt>
  <trkpt lat="41.65456161" lon="26.60627549"><ele>114.170</ele><time>2026-10-07T14:23:34Z</time><speed>6.910</speed><sat>34</sat></trkpt>
  <trkpt lat="41.65450885" lon="26.60621269"><ele>113.653</ele><time>2026-10-07T14:23:35Z</time><speed>6.560</speed><sat>34</sat></trkpt>
  <trkpt lat="41.65446680" lon="26.60616018"><ele>113.342</ele><time>2026-10-07T14:23:36Z</time><speed>5.580</speed><sat>34</sat></trkpt>
  <trkpt lat="41.65442199" lon="26.60612121"><ele>113.065</ele><time>2026-10-07T14:23:37Z</time><speed>5.870</speed><sat>34</sat></trkpt>
  <trkpt lat="41.65437930" lon="26.60608371"><ele>112.603</ele><time>2026-10-07T14:23:38Z</time><speed>5.380</speed><sat>34</sat></trkpt>
  <trkpt lat="41.65433539" lon="26.60603013"><ele>112.699</ele><time>2026-10-07T14:23:39Z</time><speed>6.360</speed><sat>33</sat></trkpt>
  <trkpt lat="41.65431694" lon="26.60603277"><ele>113.649</ele><time>2026-10-07T14:23:40Z</time><speed>3.280</speed><sat>32</sat></trkpt>
  <trkpt lat="41.65430622" lon="26.60602213"><ele>113.764</ele><time>2026-10-07T14:23:41Z</time><speed>1.780</speed><sat>33</sat></trkpt>
  <trkpt lat="41.65430656" lon="26.60602267"><ele>114.112</ele><time>2026-10-07T14:23:42Z</time><speed>0.330</speed><sat>32</sat></trkpt>
  <trkpt lat="41.65430532" lon="26.60602499"><ele>114.617</ele><time>2026-10-07T14:23:43Z</time><speed>0.000</speed><sat>32</sat></trkpt>
  <trkpt lat="41.65430444" lon="26.60602872"><ele>114.596</ele><time>2026-10-07T14:23:44Z</time><speed>0.000</speed><sat>34</sat></trkpt>
  <trkpt lat="41.65430324" lon="26.60603202"><ele>114.959</ele><time>2026-10-07T14:23:45Z</time><speed>0.000</speed><sat>34</sat></trkpt>
  <trkpt lat="41.65430388" lon="26.60603315"><ele>114.729</ele><time>2026-10-07T14:23:46Z</time><speed>0.000</speed><sat>34</sat></trkpt>
  <trkpt lat="41.65430452" lon="26.60602707"><ele>114.755</ele><time>2026-10-07T14:23:47Z</time><speed>0.000</speed><sat>34</sat></trkpt>
  <trkpt lat="41.65430332" lon="26.60602584"><ele>114.539</ele><time>2026-10-07T14:23:48Z</time><speed>0.000</speed><sat>33</sat></trkpt>
  <trkpt lat="41.65430292" lon="26.60602140"><ele>114.285</ele><time>2026-10-07T14:23:49Z</time><speed>0.000</speed><sat>34</sat></trkpt>
  <trkpt lat="41.65430391" lon="26.60601793"><ele>114.175</ele><time>2026-10-07T14:23:50Z</time><speed>0.000</speed><sat>34</sat></trkpt>
  <trkpt lat="41.65430402" lon="26.60601795"><ele>114.027</ele><time>2026-10-07T14:23:51Z</time><speed>0.000</speed><sat>34</sat></trkpt>
  <trkpt lat="41.65430331" lon="26.60601876"><ele>113.897</ele><time>2026-10-07T14:23:52Z</time><speed>0.000</speed><sat>34</sat></trkpt>
  <trkpt lat="41.65430327" lon="26.60601882"><ele>113.835</ele><time>2026-10-07T14:23:53Z</time><speed>0.000</speed><sat>34</sat></trkpt>
  <trkpt lat="41.65430332" lon="26.60601890"><ele>113.771</ele><time>2026-10-07T14:23:54Z</time><speed>0.000</speed><sat>34</sat></trkpt>
  <trkpt lat="41.65430336" lon="26.60601882"><ele>113.752</ele><time>2026-10-07T14:23:55Z</time><speed>0.000</speed><sat>34</sat></trkpt>
  <trkpt lat="41.65430334" lon="26.60601882"><ele>113.736</ele><time>2026-10-07T14:23:56Z</time><speed>0.000</speed><sat>35</sat></trkpt>
  <trkpt lat="41.65429801" lon="26.60601665"><ele>113.792</ele><time>2026-10-07T14:23:57Z</time><speed>0.450</speed><sat>35</sat></trkpt>
  <trkpt lat="41.65429293" lon="26.60601807"><ele>113.960</ele><time>2026-10-07T14:23:58Z</time><speed>0.800</speed><sat>35</sat></trkpt>
  <trkpt lat="41.65428618" lon="26.60601889"><ele>113.977</ele><time>2026-10-07T14:23:59Z</time><speed>0.920</speed><sat>34</sat></trkpt>
  <trkpt lat="41.65427397" lon="26.60601083"><ele>113.937</ele><time>2026-10-07T14:24:00Z</time><speed>1.470</speed><sat>34</sat></trkpt>
  <trkpt lat="41.65425562" lon="26.60599827"><ele>113.445</ele><time>2026-10-07T14:24:01Z</time><speed>2.290</speed><sat>35</sat></trkpt>
  <trkpt lat="41.65423859" lon="26.60598953"><ele>114.135</ele><time>2026-10-07T14:24:02Z</time><speed>2.270</speed><sat>35</sat></trkpt>
  <trkpt lat="41.65421818" lon="26.60598436"><ele>114.426</ele><time>2026-10-07T14:24:03Z</time><speed>2.260</speed><sat>35</sat></trkpt>
  <trkpt lat="41.65419635" lon="26.60598086"><ele>114.971</ele><time>2026-10-07T14:24:04Z</time><speed>2.340</speed><sat>33</sat></trkpt>
  <trkpt lat="41.65416061" lon="26.60597383"><ele>115.317</ele><time>2026-10-07T14:24:05Z</time><speed>3.530</speed><sat>33</sat></trkpt>
  <trkpt lat="41.65411264" lon="26.60596192"><ele>114.849</ele><time>2026-10-07T14:24:06Z</time><speed>4.660</speed><sat>33</sat></trkpt>
  <trkpt lat="41.65402570" lon="26.60589992"><ele>114.683</ele><time>2026-10-07T14:24:07Z</time><speed>5.500</speed><sat>33</sat></trkpt>
  <trkpt lat="41.65397473" lon="26.60587674"><ele>114.321</ele><time>2026-10-07T14:24:08Z</time><speed>5.680</speed><sat>33</sat></trkpt>
  <trkpt lat="41.65392650" lon="26.60585348"><ele>113.678</ele><time>2026-10-07T14:24:09Z</time><speed>5.680</speed><sat>33</sat></trkpt>
  <trkpt lat="41.65387867" lon="26.60582711"><ele>113.299</ele><time>2026-10-07T14:24:10Z</time><speed>5.720</speed><sat>33</sat></trkpt>
  <trkpt lat="41.65383136" lon="26.60579884"><ele>113.020</ele><time>2026-10-07T14:24:11Z</time><speed>5.730</speed><sat>33</sat></trkpt>
  <trkpt lat="41.65378201" lon="26.60576393"><ele>112.461</ele><time>2026-10-07T14:24:12Z</time><speed>5.950</speed><sat>34</sat></trkpt>
  <trkpt lat="41.65373126" lon="26.60573511"><ele>112.612</ele><time>2026-10-07T14:24:13Z</time><speed>6.260</speed><sat>34</sat></trkpt>
  <trkpt lat="41.65368086" lon="26.60570299"><ele>112.497</ele><time>2026-10-07T14:24:14Z</time><speed>6.540</speed><sat>34</sat></trkpt>
  <trkpt lat="41.65362100" lon="26.60566687"><ele>111.773</ele><time>2026-10-07T14:24:15Z</time><speed>7.010</speed><sat>34</sat></trkpt>
  <trkpt lat="41.65355771" lon="26.60562699"><ele>111.164</ele><time>2026-10-07T14:24:16Z</time><speed>7.710</speed><sat>34</sat></trkpt>
  <trkpt lat="41.65348787" lon="26.60558427"><ele>110.895</ele><time>2026-10-07T14:24:17Z</time><speed>8.430</speed><sat>33</sat></trkpt>
  <trkpt lat="41.65341614" lon="26.60553857"><ele>110.525</ele><time>2026-10-07T14:24:18Z</time><speed>8.760</speed><sat>33</sat></trkpt>
  <trkpt lat="41.65333940" lon="26.60548685"><ele>109.243</ele><time>2026-10-07T14:24:19Z</time><speed>9.520</speed><sat>33</sat></trkpt>
  <trkpt lat="41.65325922" lon="26.60543512"><ele>108.637</ele><time>2026-10-07T14:24:20Z</time><speed>9.780</speed><sat>33</sat></trkpt>
  <trkpt lat="41.65317671" lon="26.60537247"><ele>107.656</ele><time>2026-10-07T14:24:21Z</time><speed>10.200</speed><sat>33</sat></trkpt>
  <trkpt lat="41.65309208" lon="26.60531179"><ele>107.626</ele><time>2026-10-07T14:24:22Z</time><speed>10.470</speed><sat>32</sat></trkpt>
  <trkpt lat="41.65301067" lon="26.60525316"><ele>106.884</ele><time>2026-10-07T14:24:23Z</time><speed>10.650</speed><sat>32</sat></trkpt>
  <trkpt lat="41.65292782" lon="26.60518650"><ele>106.572</ele><time>2026-10-07T14:24:24Z</time><speed>10.780</speed><sat>33</sat></trkpt>
  <trkpt lat="41.65284877" lon="26.60511931"><ele>105.770</ele><time>2026-10-07T14:24:25Z</time><speed>10.670</speed><sat>32</sat></trkpt>
  <trkpt lat="41.65277012" lon="26.60504501"><ele>105.574</ele><time>2026-10-07T14:24:26Z</time><speed>10.590</speed><sat>32</sat></trkpt>
  <trkpt lat="41.65270169" lon="26.60497886"><ele>105.819</ele><time>2026-10-07T14:24:27Z</time><speed>9.590</speed><sat>32</sat></trkpt>
  <trkpt lat="41.65262013" lon="26.60488421"><ele>105.458</ele><time>2026-10-07T14:24:28Z</time><speed>10.600</speed><sat>33</sat></trkpt>
  <trkpt lat="41.65256295" lon="26.60480602"><ele>104.771</ele><time>2026-10-07T14:24:29Z</time><speed>9.680</speed><sat>32</sat></trkpt>
  <trkpt lat="41.65250131" lon="26.60472694"><ele>104.112</ele><time>2026-10-07T14:24:30Z</time><speed>9.650</speed><sat>32</sat></trkpt>
  <trkpt lat="41.65244153" lon="26.60463859"><ele>103.062</ele><time>2026-10-07T14:24:31Z</time><speed>9.490</speed><sat>33</sat></trkpt>
  <trkpt lat="41.65239347" lon="26.60454784"><ele>102.212</ele><time>2026-10-07T14:24:32Z</time><speed>9.360</speed><sat>33</sat></trkpt>
  <trkpt lat="41.65234633" lon="26.60445066"><ele>102.016</ele><time>2026-10-07T14:24:33Z</time><speed>9.570</speed><sat>33</sat></trkpt>
  <trkpt lat="41.65230815" lon="26.60435744"><ele>101.715</ele><time>2026-10-07T14:24:34Z</time><speed>9.430</speed><sat>33</sat></trkpt>
  <trkpt lat="41.65229178" lon="26.60424187"><ele>102.076</ele><time>2026-10-07T14:24:35Z</time><speed>9.430</speed><sat>35</sat></trkpt>
  <trkpt lat="41.65229520" lon="26.60412207"><ele>101.390</ele><time>2026-10-07T14:24:36Z</time><speed>9.630</speed><sat>35</sat></trkpt>
  <trkpt lat="41.65231676" lon="26.60400320"><ele>100.328</ele><time>2026-10-07T14:24:37Z</time><speed>9.720</speed><sat>33</sat></trkpt>
  <trkpt lat="41.65234438" lon="26.60388814"><ele>98.675</ele><time>2026-10-07T14:24:38Z</time><speed>9.890</speed><sat>32</sat></trkpt>
  <trkpt lat="41.65238805" lon="26.60377714"><ele>97.761</ele><time>2026-10-07T14:24:39Z</time><speed>10.040</speed><sat>31</sat></trkpt>
  <trkpt lat="41.65244268" lon="26.60367453"><ele>96.701</ele><time>2026-10-07T14:24:40Z</time><speed>10.230</speed><sat>32</sat></trkpt>
  <trkpt lat="41.65250083" lon="26.60357115"><ele>96.084</ele><time>2026-10-07T14:24:41Z</time><speed>10.580</speed><sat>31</sat></trkpt>
  <trkpt lat="41.65255981" lon="26.60346887"><ele>95.314</ele><time>2026-10-07T14:24:42Z</time><speed>10.850</speed><sat>30</sat></trkpt>
  <trkpt lat="41.65261576" lon="26.60335792"><ele>93.963</ele><time>2026-10-07T14:24:43Z</time><speed>10.970</speed><sat>27</sat></trkpt>
  <trkpt lat="41.65267210" lon="26.60324788"><ele>93.923</ele><time>2026-10-07T14:24:44Z</time><speed>10.930</speed><sat>28</sat></trkpt>
  <trkpt lat="41.65272487" lon="26.60313467"><ele>93.417</ele><time>2026-10-07T14:24:45Z</time><speed>10.860</speed><sat>27</sat></trkpt>
  <trkpt lat="41.65277345" lon="26.60302367"><ele>93.361</ele><time>2026-10-07T14:24:46Z</time><speed>10.780</speed><sat>28</sat></trkpt>
  <trkpt lat="41.65281778" lon="26.60291081"><ele>92.882</ele><time>2026-10-07T14:24:47Z</time><speed>10.550</speed><sat>29</sat></trkpt>
  <trkpt lat="41.65285828" lon="26.60280212"><ele>92.185</ele><time>2026-10-07T14:24:48Z</time><speed>10.150</speed><sat>30</sat></trkpt>
  <trkpt lat="41.65289692" lon="26.60269235"><ele>91.094</ele><time>2026-10-07T14:24:49Z</time><speed>10.010</speed><sat>32</sat></trkpt>
  <trkpt lat="41.65293486" lon="26.60258409"><ele>90.296</ele><time>2026-10-07T14:24:50Z</time><speed>9.940</speed><sat>33</sat></trkpt>
  <trkpt lat="41.65297123" lon="26.60247193"><ele>89.348</ele><time>2026-10-07T14:24:51Z</time><speed>10.070</speed><sat>32</sat></trkpt>
  <trkpt lat="41.65300395" lon="26.60235657"><ele>88.610</ele><time>2026-10-07T14:24:52Z</time><speed>10.220</speed><sat>33</sat></trkpt>
  <trkpt lat="41.65303445" lon="26.60223691"><ele>88.130</ele><time>2026-10-07T14:24:53Z</time><speed>10.240</speed><sat>33</sat></trkpt>
  <trkpt lat="41.65306306" lon="26.60212224"><ele>87.830</ele><time>2026-10-07T14:24:54Z</time><speed>10.160</speed><sat>33</sat></trkpt>
  <trkpt lat="41.65308986" lon="26.60200412"><ele>87.836</ele><time>2026-10-07T14:24:55Z</time><speed>10.170</speed><sat>33</sat></trkpt>
  <trkpt lat="41.65310672" lon="26.60188126"><ele>87.219</ele><time>2026-10-07T14:24:56Z</time><speed>10.160</speed><sat>34</sat></trkpt>
  <trkpt lat="41.65312019" lon="26.60176320"><ele>87.053</ele><time>2026-10-07T14:24:57Z</time><speed>9.490</speed><sat>33</sat></trkpt>
  <trkpt lat="41.65313803" lon="26.60166150"><ele>86.827</ele><time>2026-10-07T14:24:58Z</time><speed>8.800</speed><sat>31</sat></trkpt>
  <trkpt lat="41.65314807" lon="26.60156531"><ele>86.848</ele><time>2026-10-07T14:24:59Z</time><speed>8.350</speed><sat>31</sat></trkpt>
  <trkpt lat="41.65315733" lon="26.60146475"><ele>86.496</ele><time>2026-10-07T14:25:00Z</time><speed>8.120</speed><sat>29</sat></trkpt>
  <trkpt lat="41.65316913" lon="26.60137357"><ele>86.032</ele><time>2026-10-07T14:25:01Z</time><speed>7.590</speed><sat>29</sat></trkpt>
  <trkpt lat="41.65318095" lon="26.60129835"><ele>85.938</ele><time>2026-10-07T14:25:02Z</time><speed>6.860</speed><sat>28</sat></trkpt>
  <trkpt lat="41.65319202" lon="26.60122952"><ele>85.913</ele><time>2026-10-07T14:25:03Z</time><speed>6.050</speed><sat>28</sat></trkpt>
  <trkpt lat="41.65320318" lon="26.60117233"><ele>86.064</ele><time>2026-10-07T14:25:04Z</time><speed>5.090</speed><sat>28</sat></trkpt>
  <trkpt lat="41.65321211" lon="26.60112080"><ele>85.760</ele><time>2026-10-07T14:25:05Z</time><speed>4.410</speed><sat>29</sat></trkpt>
  <trkpt lat="41.65322197" lon="26.60107179"><ele>85.830</ele><time>2026-10-07T14:25:06Z</time><speed>4.250</speed><sat>29</sat></trkpt>
  <trkpt lat="41.65323079" lon="26.60102718"><ele>86.205</ele><time>2026-10-07T14:25:07Z</time><speed>4.090</speed><sat>29</sat></trkpt>
  <trkpt lat="41.65323861" lon="26.60098037"><ele>85.920</ele><time>2026-10-07T14:25:08Z</time><speed>3.880</speed><sat>29</sat></trkpt>
  <trkpt lat="41.65324712" lon="26.60094103"><ele>85.922</ele><time>2026-10-07T14:25:09Z</time><speed>3.550</speed><sat>29</sat></trkpt>
  <trkpt lat="41.65325584" lon="26.60090774"><ele>85.904</ele><time>2026-10-07T14:25:10Z</time><speed>3.110</speed><sat>29</sat></trkpt>
  <trkpt lat="41.65326207" lon="26.60087952"><ele>85.851</ele><time>2026-10-07T14:25:11Z</time><speed>2.470</speed><sat>30</sat></trkpt>
  <trkpt lat="41.65326673" lon="26.60085851"><ele>86.003</ele><time>2026-10-07T14:25:12Z</time><speed>1.740</speed><sat>31</sat></trkpt>
  <trkpt lat="41.65326974" lon="26.60084179"><ele>85.878</ele><time>2026-10-07T14:25:13Z</time><speed>1.580</speed><sat>30</sat></trkpt>
  <trkpt lat="41.65327544" lon="26.60082065"><ele>85.757</ele><time>2026-10-07T14:25:14Z</time><speed>1.810</speed><sat>30</sat></trkpt>
  <trkpt lat="41.65327978" lon="26.60080068"><ele>85.713</ele><time>2026-10-07T14:25:15Z</time><speed>1.660</speed><sat>32</sat></trkpt>
  <trkpt lat="41.65328395" lon="26.60078369"><ele>85.358</ele><time>2026-10-07T14:25:16Z</time><speed>1.440</speed><sat>32</sat></trkpt>
  <trkpt lat="41.65328833" lon="26.60076725"><ele>84.881</ele><time>2026-10-07T14:25:17Z</time><speed>1.400</speed><sat>33</sat></trkpt>
  <trkpt lat="41.65329105" lon="26.60076328"><ele>85.071</ele><time>2026-10-07T14:25:18Z</time><speed>0.710</speed><sat>33</sat></trkpt>
  <trkpt lat="41.65329283" lon="26.60075696"><ele>85.307</ele><time>2026-10-07T14:25:19Z</time><speed>0.790</speed><sat>33</sat></trkpt>
  <trkpt lat="41.65329610" lon="26.60074348"><ele>84.950</ele><time>2026-10-07T14:25:20Z</time><speed>1.760</speed><sat>33</sat></trkpt>
  <trkpt lat="41.65330203" lon="26.60071707"><ele>85.723</ele><time>2026-10-07T14:25:21Z</time><speed>2.790</speed><sat>33</sat></trkpt>
  <trkpt lat="41.65331049" lon="26.60067835"><ele>86.117</ele><time>2026-10-07T14:25:22Z</time><speed>3.610</speed><sat>33</sat></trkpt>
  <trkpt lat="41.65331962" lon="26.60063433"><ele>85.970</ele><time>2026-10-07T14:25:23Z</time><speed>3.800</speed><sat>32</sat></trkpt>
  <trkpt lat="41.65332926" lon="26.60058819"><ele>85.861</ele><time>2026-10-07T14:25:24Z</time><speed>4.080</speed><sat>32</sat></trkpt>
  <trkpt lat="41.65333843" lon="26.60054003"><ele>85.547</ele><time>2026-10-07T14:25:25Z</time><speed>4.130</speed><sat>32</sat></trkpt>
  <trkpt lat="41.65334718" lon="26.60049304"><ele>85.648</ele><time>2026-10-07T14:25:26Z</time><speed>3.940</speed><sat>32</sat></trkpt>
  <trkpt lat="41.65335608" lon="26.60044959"><ele>85.589</ele><time>2026-10-07T14:25:27Z</time><speed>3.670</speed><sat>32</sat></trkpt>
  <trkpt lat="41.65336692" lon="26.60040748"><ele>85.760</ele><time>2026-10-07T14:25:28Z</time><speed>3.780</speed><sat>32</sat></trkpt>
  <trkpt lat="41.65337974" lon="26.60036556"><ele>86.249</ele><time>2026-10-07T14:25:29Z</time><speed>3.710</speed><sat>32</sat></trkpt>
  <trkpt lat="41.65339250" lon="26.60032969"><ele>86.734</ele><time>2026-10-07T14:25:30Z</time><speed>3.300</speed><sat>33</sat></trkpt>
  <trkpt lat="41.65340499" lon="26.60029614"><ele>87.297</ele><time>2026-10-07T14:25:31Z</time><speed>3.250</speed><sat>30</sat></trkpt>
  <trkpt lat="41.65341652" lon="26.60026553"><ele>87.413</ele><time>2026-10-07T14:25:32Z</time><speed>2.870</speed><sat>30</sat></trkpt>
  <trkpt lat="41.65343114" lon="26.60022504"><ele>86.970</ele><time>2026-10-07T14:25:33Z</time><speed>3.970</speed><sat>29</sat></trkpt>
  <trkpt lat="41.65344598" lon="26.60018337"><ele>86.367</ele><time>2026-10-07T14:25:34Z</time><speed>3.230</speed><sat>31</sat></trkpt>
  <trkpt lat="41.65346099" lon="26.60014213"><ele>85.813</ele><time>2026-10-07T14:25:35Z</time><speed>3.640</speed><sat>31</sat></trkpt>
  <trkpt lat="41.65348022" lon="26.60009036"><ele>86.557</ele><time>2026-10-07T14:25:36Z</time><speed>4.620</speed><sat>31</sat></trkpt>
  <trkpt lat="41.65350157" lon="26.60003524"><ele>86.543</ele><time>2026-10-07T14:25:37Z</time><speed>4.510</speed><sat>31</sat></trkpt>
  <trkpt lat="41.65352226" lon="26.59998225"><ele>86.767</ele><time>2026-10-07T14:25:38Z</time><speed>4.450</speed><sat>31</sat></trkpt>
  <trkpt lat="41.65353880" lon="26.59992673"><ele>87.444</ele><time>2026-10-07T14:25:39Z</time><speed>4.120</speed><sat>31</sat></trkpt>
  <trkpt lat="41.65355449" lon="26.59987454"><ele>87.193</ele><time>2026-10-07T14:25:40Z</time><speed>4.080</speed><sat>31</sat></trkpt>
  <trkpt lat="41.65356839" lon="26.59982820"><ele>87.077</ele><time>2026-10-07T14:25:41Z</time><speed>3.520</speed><sat>30</sat></trkpt>
  <trkpt lat="41.65358011" lon="26.59978969"><ele>86.190</ele><time>2026-10-07T14:25:42Z</time><speed>3.060</speed><sat>28</sat></trkpt>
  <trkpt lat="41.65359065" lon="26.59975602"><ele>86.435</ele><time>2026-10-07T14:25:43Z</time><speed>2.770</speed><sat>30</sat></trkpt>
  <trkpt lat="41.65359975" lon="26.59972834"><ele>86.668</ele><time>2026-10-07T14:25:44Z</time><speed>2.240</speed><sat>30</sat></trkpt>
  <trkpt lat="41.65360495" lon="26.59971031"><ele>86.660</ele><time>2026-10-07T14:25:45Z</time><speed>1.160</speed><sat>30</sat></trkpt>
  <trkpt lat="41.65360655" lon="26.59970384"><ele>86.457</ele><time>2026-10-07T14:25:46Z</time><speed>0.290</speed><sat>28</sat></trkpt>
  <trkpt lat="41.65360639" lon="26.59970791"><ele>86.109</ele><time>2026-10-07T14:25:47Z</time><speed>0.000</speed><sat>28</sat></trkpt>
  <trkpt lat="41.65360645" lon="26.59970989"><ele>85.903</ele><time>2026-10-07T14:25:48Z</time><speed>0.000</speed><sat>29</sat></trkpt>
  <trkpt lat="41.65360682" lon="26.59970992"><ele>85.596</ele><time>2026-10-07T14:25:49Z</time><speed>0.000</speed><sat>29</sat></trkpt>
  <trkpt lat="41.65360781" lon="26.59970964"><ele>85.426</ele><time>2026-10-07T14:25:50Z</time><speed>0.000</speed><sat>29</sat></trkpt>
  <trkpt lat="41.65360939" lon="26.59970952"><ele>85.099</ele><time>2026-10-07T14:25:51Z</time><speed>0.000</speed><sat>29</sat></trkpt>
  <trkpt lat="41.65361049" lon="26.59970937"><ele>84.985</ele><time>2026-10-07T14:25:52Z</time><speed>0.000</speed><sat>28</sat></trkpt>
  <trkpt lat="41.65361120" lon="26.59970900"><ele>85.020</ele><time>2026-10-07T14:25:53Z</time><speed>0.000</speed><sat>26</sat></trkpt>
  <trkpt lat="41.65361129" lon="26.59970866"><ele>85.013</ele><time>2026-10-07T14:25:54Z</time><speed>0.000</speed><sat>27</sat></trkpt>
  <trkpt lat="41.65361152" lon="26.59970826"><ele>85.089</ele><time>2026-10-07T14:25:55Z</time><speed>0.000</speed><sat>27</sat></trkpt>
  <trkpt lat="41.65361166" lon="26.59970796"><ele>85.092</ele><time>2026-10-07T14:25:56Z</time><speed>0.000</speed><sat>27</sat></trkpt>
  <trkpt lat="41.65361170" lon="26.59970755"><ele>85.084</ele><time>2026-10-07T14:25:57Z</time><speed>0.000</speed><sat>27</sat></trkpt>
  <trkpt lat="41.65361171" lon="26.59970722"><ele>85.097</ele><time>2026-10-07T14:25:58Z</time><speed>0.000</speed><sat>27</sat></trkpt>
  <trkpt lat="41.65361199" lon="26.59970600"><ele>85.082</ele><time>2026-10-07T14:25:59Z</time><speed>0.180</speed><sat>27</sat></trkpt>
  <trkpt lat="41.65361381" lon="26.59970056"><ele>85.231</ele><time>2026-10-07T14:26:00Z</time><speed>0.690</speed><sat>27</sat></trkpt>
  <trkpt lat="41.65361766" lon="26.59968888"><ele>85.381</ele><time>2026-10-07T14:26:01Z</time><speed>1.270</speed><sat>27</sat></trkpt>
  <trkpt lat="41.65362296" lon="26.59967006"><ele>85.076</ele><time>2026-10-07T14:26:02Z</time><speed>1.970</speed><sat>29</sat></trkpt>
  <trkpt lat="41.65363114" lon="26.59964175"><ele>85.464</ele><time>2026-10-07T14:26:03Z</time><speed>2.760</speed><sat>30</sat></trkpt>
  <trkpt lat="41.65363813" lon="26.59961017"><ele>85.573</ele><time>2026-10-07T14:26:04Z</time><speed>2.370</speed><sat>29</sat></trkpt>
  <trkpt lat="41.65364744" lon="26.59957278"><ele>85.357</ele><time>2026-10-07T14:26:05Z</time><speed>3.490</speed><sat>29</sat></trkpt>
  <trkpt lat="41.65365970" lon="26.59952711"><ele>85.071</ele><time>2026-10-07T14:26:06Z</time><speed>3.980</speed><sat>29</sat></trkpt>
  <trkpt lat="41.65367287" lon="26.59948045"><ele>85.122</ele><time>2026-10-07T14:26:07Z</time><speed>3.850</speed><sat>29</sat></trkpt>
  <trkpt lat="41.65368621" lon="26.59943793"><ele>85.506</ele><time>2026-10-07T14:26:08Z</time><speed>3.540</speed><sat>30</sat></trkpt>
  <trkpt lat="41.65369994" lon="26.59939811"><ele>85.919</ele><time>2026-10-07T14:26:09Z</time><speed>3.540</speed><sat>30</sat></trkpt>
  <trkpt lat="41.65371393" lon="26.59935909"><ele>86.422</ele><time>2026-10-07T14:26:10Z</time><speed>3.510</speed><sat>30</sat></trkpt>
  <trkpt lat="41.65372717" lon="26.59932198"><ele>86.378</ele><time>2026-10-07T14:26:11Z</time><speed>3.310</speed><sat>30</sat></trkpt>
  <trkpt lat="41.65373964" lon="26.59928733"><ele>87.310</ele><time>2026-10-07T14:26:12Z</time><speed>3.060</speed><sat>30</sat></trkpt>
  <trkpt lat="41.65375170" lon="26.59925462"><ele>88.312</ele><time>2026-10-07T14:26:13Z</time><speed>2.970</speed><sat>28</sat></trkpt>
  <trkpt lat="41.65376344" lon="26.59922302"><ele>89.068</ele><time>2026-10-07T14:26:14Z</time><speed>2.910</speed><sat>28</sat></trkpt>
  <trkpt lat="41.65377366" lon="26.59919484"><ele>89.422</ele><time>2026-10-07T14:26:15Z</time><speed>2.450</speed><sat>30</sat></trkpt>
  <trkpt lat="41.65378220" lon="26.59917352"><ele>90.389</ele><time>2026-10-07T14:26:16Z</time><speed>1.840</speed><sat>30</sat></trkpt>
  <trkpt lat="41.65378796" lon="26.59915941"><ele>90.395</ele><time>2026-10-07T14:26:17Z</time><speed>1.240</speed><sat>30</sat></trkpt>
  <trkpt lat="41.65379226" lon="26.59914940"><ele>90.456</ele><time>2026-10-07T14:26:18Z</time><speed>1.080</speed><sat>29</sat></trkpt>
  <trkpt lat="41.65379675" lon="26.59913793"><ele>90.378</ele><time>2026-10-07T14:26:19Z</time><speed>1.330</speed><sat>29</sat></trkpt>
  <trkpt lat="41.65380099" lon="26.59912658"><ele>90.424</ele><time>2026-10-07T14:26:20Z</time><speed>1.120</speed><sat>28</sat></trkpt>
  <trkpt lat="41.65380715" lon="26.59910872"><ele>90.451</ele><time>2026-10-07T14:26:21Z</time><speed>2.190</speed><sat>30</sat></trkpt>
  <trkpt lat="41.65381721" lon="26.59907979"><ele>90.612</ele><time>2026-10-07T14:26:22Z</time><speed>2.950</speed><sat>31</sat></trkpt>
  <trkpt lat="41.65383357" lon="26.59904185"><ele>90.582</ele><time>2026-10-07T14:26:23Z</time><speed>3.930</speed><sat>31</sat></trkpt>
  <trkpt lat="41.65385962" lon="26.59899644"><ele>90.482</ele><time>2026-10-07T14:26:24Z</time><speed>4.930</speed><sat>31</sat></trkpt>
  <trkpt lat="41.65391050" lon="26.59894933"><ele>90.396</ele><time>2026-10-07T14:26:25Z</time><speed>5.100</speed><sat>32</sat></trkpt>
  <trkpt lat="41.65394365" lon="26.59891142"><ele>90.042</ele><time>2026-10-07T14:26:26Z</time><speed>4.970</speed><sat>34</sat></trkpt>
  <trkpt lat="41.65397206" lon="26.59887024"><ele>90.138</ele><time>2026-10-07T14:26:27Z</time><speed>4.770</speed><sat>33</sat></trkpt>
  <trkpt lat="41.65399611" lon="26.59882521"><ele>90.292</ele><time>2026-10-07T14:26:28Z</time><speed>4.600</speed><sat>31</sat></trkpt>
  <trkpt lat="41.65400737" lon="26.59876868"><ele>90.046</ele><time>2026-10-07T14:26:29Z</time><speed>4.820</speed><sat>32</sat></trkpt>
  <trkpt lat="41.65400414" lon="26.59870592"><ele>89.787</ele><time>2026-10-07T14:26:30Z</time><speed>5.320</speed><sat>31</sat></trkpt>
  <trkpt lat="41.65398778" lon="26.59863625"><ele>89.466</ele><time>2026-10-07T14:26:31Z</time><speed>6.230</speed><sat>33</sat></trkpt>
  <trkpt lat="41.65396344" lon="26.59856085"><ele>88.976</ele><time>2026-10-07T14:26:32Z</time><speed>7.100</speed><sat>33</sat></trkpt>
  <trkpt lat="41.65393967" lon="26.59847535"><ele>88.527</ele><time>2026-10-07T14:26:33Z</time><speed>7.740</speed><sat>33</sat></trkpt>
  <trkpt lat="41.65391969" lon="26.59838098"><ele>88.214</ele><time>2026-10-07T14:26:34Z</time><speed>8.080</speed><sat>33</sat></trkpt>
  <trkpt lat="41.65390820" lon="26.59828276"><ele>87.744</ele><time>2026-10-07T14:26:35Z</time><speed>8.400</speed><sat>34</sat></trkpt>
  <trkpt lat="41.65390803" lon="26.59817827"><ele>87.505</ele><time>2026-10-07T14:26:36Z</time><speed>8.820</speed><sat>34</sat></trkpt>
  <trkpt lat="41.65391817" lon="26.59806538"><ele>87.352</ele><time>2026-10-07T14:26:37Z</time><speed>9.230</speed><sat>34</sat></trkpt>
  <trkpt lat="41.65393348" lon="26.59795599"><ele>87.185</ele><time>2026-10-07T14:26:38Z</time><speed>9.390</speed><sat>33</sat></trkpt>
  <trkpt lat="41.65395049" lon="26.59783936"><ele>86.991</ele><time>2026-10-07T14:26:39Z</time><speed>9.440</speed><sat>33</sat></trkpt>
  <trkpt lat="41.65397165" lon="26.59773354"><ele>86.451</ele><time>2026-10-07T14:26:40Z</time><speed>9.130</speed><sat>32</sat></trkpt>
  <trkpt lat="41.65399064" lon="26.59762793"><ele>86.543</ele><time>2026-10-07T14:26:41Z</time><speed>8.980</speed><sat>33</sat></trkpt>
  <trkpt lat="41.65400915" lon="26.59752529"><ele>86.275</ele><time>2026-10-07T14:26:42Z</time><speed>8.800</speed><sat>33</sat></trkpt>
  <trkpt lat="41.65402618" lon="26.59742612"><ele>86.367</ele><time>2026-10-07T14:26:43Z</time><speed>8.570</speed><sat>32</sat></trkpt>
  <trkpt lat="41.65404632" lon="26.59733118"><ele>86.427</ele><time>2026-10-07T14:26:44Z</time><speed>8.430</speed><sat>31</sat></trkpt>
  <trkpt lat="41.65406896" lon="26.59723115"><ele>85.863</ele><time>2026-10-07T14:26:45Z</time><speed>8.580</speed><sat>31</sat></trkpt>
  <trkpt lat="41.65409109" lon="26.59713195"><ele>85.700</ele><time>2026-10-07T14:26:46Z</time><speed>8.560</speed><sat>30</sat></trkpt>
  <trkpt lat="41.65411424" lon="26.59703570"><ele>85.542</ele><time>2026-10-07T14:26:47Z</time><speed>8.440</speed><sat>29</sat></trkpt>
  <trkpt lat="41.65414047" lon="26.59694251"><ele>85.504</ele><time>2026-10-07T14:26:48Z</time><speed>8.340</speed><sat>29</sat></trkpt>
  <trkpt lat="41.65416660" lon="26.59685152"><ele>85.323</ele><time>2026-10-07T14:26:49Z</time><speed>8.200</speed><sat>29</sat></trkpt>
  <trkpt lat="41.65419206" lon="26.59676533"><ele>85.351</ele><time>2026-10-07T14:26:50Z</time><speed>8.070</speed><sat>29</sat></trkpt>
  <trkpt lat="41.65422453" lon="26.59667862"><ele>84.931</ele><time>2026-10-07T14:26:51Z</time><speed>7.920</speed><sat>27</sat></trkpt>
  <trkpt lat="41.65426159" lon="26.59659628"><ele>84.556</ele><time>2026-10-07T14:26:52Z</time><speed>7.930</speed><sat>26</sat></trkpt>
  <trkpt lat="41.65429672" lon="26.59653015"><ele>84.266</ele><time>2026-10-07T14:26:53Z</time><speed>6.850</speed><sat>26</sat></trkpt>
  <trkpt lat="41.65435351" lon="26.59642711"><ele>84.133</ele><time>2026-10-07T14:26:54Z</time><speed>8.990</speed><sat>26</sat></trkpt>
  <trkpt lat="41.65439036" lon="26.59635991"><ele>83.893</ele><time>2026-10-07T14:26:55Z</time><speed>7.610</speed><sat>23</sat></trkpt>
  <trkpt lat="41.65443073" lon="26.59628923"><ele>83.918</ele><time>2026-10-07T14:26:56Z</time><speed>7.570</speed><sat>21</sat></trkpt>
  <trkpt lat="41.65447467" lon="26.59621889"><ele>83.721</ele><time>2026-10-07T14:26:57Z</time><speed>7.350</speed><sat>20</sat></trkpt>
  <trkpt lat="41.65451044" lon="26.59615638"><ele>83.723</ele><time>2026-10-07T14:26:58Z</time><speed>6.770</speed><sat>20</sat></trkpt>
  <trkpt lat="41.65455400" lon="26.59608603"><ele>83.542</ele><time>2026-10-07T14:26:59Z</time><speed>7.520</speed><sat>21</sat></trkpt>
  <trkpt lat="41.65458291" lon="26.59604025"><ele>82.797</ele><time>2026-10-07T14:27:00Z</time><speed>6.370</speed><sat>21</sat></trkpt>
  <trkpt lat="41.65463254" lon="26.59596239"><ele>82.589</ele><time>2026-10-07T14:27:01Z</time><speed>7.700</speed><sat>21</sat></trkpt>
  <trkpt lat="41.65463698" lon="26.59596033"><ele>83.028</ele><time>2026-10-07T14:27:02Z</time><speed>4.330</speed><sat>21</sat></trkpt>
  <trkpt lat="41.65465483" lon="26.59593148"><ele>82.877</ele><time>2026-10-07T14:27:03Z</time><speed>3.140</speed><sat>24</sat></trkpt>
  <trkpt lat="41.65466245" lon="26.59591678"><ele>82.817</ele><time>2026-10-07T14:27:04Z</time><speed>1.790</speed><sat>26</sat></trkpt>
  <trkpt lat="41.65466382" lon="26.59591396"><ele>82.482</ele><time>2026-10-07T14:27:05Z</time><speed>0.520</speed><sat>28</sat></trkpt>
  <trkpt lat="41.65466338" lon="26.59591633"><ele>82.629</ele><time>2026-10-07T14:27:06Z</time><speed>0.000</speed><sat>28</sat></trkpt>
  <trkpt lat="41.65466065" lon="26.59591594"><ele>82.804</ele><time>2026-10-07T14:27:07Z</time><speed>0.000</speed><sat>29</sat></trkpt>
  <trkpt lat="41.65466097" lon="26.59591582"><ele>82.496</ele><time>2026-10-07T14:27:08Z</time><speed>0.000</speed><sat>28</sat></trkpt>
  <trkpt lat="41.65466110" lon="26.59591637"><ele>82.540</ele><time>2026-10-07T14:27:09Z</time><speed>0.000</speed><sat>27</sat></trkpt>
  <trkpt lat="41.65466099" lon="26.59592916"><ele>81.840</ele><time>2026-10-07T14:27:10Z</time><speed>0.910</speed><sat>26</sat></trkpt>
  <trkpt lat="41.65465846" lon="26.59592440"><ele>81.615</ele><time>2026-10-07T14:27:11Z</time><speed>0.000</speed><sat>23</sat></trkpt>
  <trkpt lat="41.65465670" lon="26.59592116"><ele>81.784</ele><time>2026-10-07T14:27:12Z</time><speed>0.000</speed><sat>23</sat></trkpt>
  <trkpt lat="41.65465418" lon="26.59591691"><ele>81.763</ele><time>2026-10-07T14:27:13Z</time><speed>0.000</speed><sat>24</sat></trkpt>
  <trkpt lat="41.65465282" lon="26.59590971"><ele>82.166</ele><time>2026-10-07T14:27:14Z</time><speed>0.000</speed><sat>24</sat></trkpt>
  <trkpt lat="41.65465162" lon="26.59590755"><ele>82.599</ele><time>2026-10-07T14:27:15Z</time><speed>0.000</speed><sat>24</sat></trkpt>
  <trkpt lat="41.65465022" lon="26.59590456"><ele>82.386</ele><time>2026-10-07T14:27:16Z</time><speed>0.000</speed><sat>24</sat></trkpt>
  <trkpt lat="41.65465084" lon="26.59590219"><ele>82.200</ele><time>2026-10-07T14:27:17Z</time><speed>0.000</speed><sat>24</sat></trkpt>
  <trkpt lat="41.65465077" lon="26.59590073"><ele>82.060</ele><time>2026-10-07T14:27:18Z</time><speed>0.000</speed><sat>23</sat></trkpt>
  <trkpt lat="41.65465088" lon="26.59589957"><ele>81.972</ele><time>2026-10-07T14:27:19Z</time><speed>0.000</speed><sat>24</sat></trkpt>
  <trkpt lat="41.65465017" lon="26.59589834"><ele>81.998</ele><time>2026-10-07T14:27:20Z</time><speed>0.000</speed><sat>24</sat></trkpt>
  <trkpt lat="41.65465015" lon="26.59589861"><ele>81.951</ele><time>2026-10-07T14:27:21Z</time><speed>0.000</speed><sat>24</sat></trkpt>
  <trkpt lat="41.65465202" lon="26.59589263"><ele>82.119</ele><time>2026-10-07T14:27:22Z</time><speed>0.450</speed><sat>24</sat></trkpt>
  <trkpt lat="41.65465860" lon="26.59588294"><ele>81.920</ele><time>2026-10-07T14:27:23Z</time><speed>0.960</speed><sat>24</sat></trkpt>
  <trkpt lat="41.65467097" lon="26.59587304"><ele>81.812</ele><time>2026-10-07T14:27:24Z</time><speed>1.370</speed><sat>24</sat></trkpt>
  <trkpt lat="41.65468120" lon="26.59585019"><ele>81.902</ele><time>2026-10-07T14:27:25Z</time><speed>1.960</speed><sat>25</sat></trkpt>
  <trkpt lat="41.65469544" lon="26.59582560"><ele>81.784</ele><time>2026-10-07T14:27:26Z</time><speed>2.540</speed><sat>24</sat></trkpt>
  <trkpt lat="41.65471341" lon="26.59579458"><ele>82.131</ele><time>2026-10-07T14:27:27Z</time><speed>3.440</speed><sat>27</sat></trkpt>
  <trkpt lat="41.65473506" lon="26.59575458"><ele>82.287</ele><time>2026-10-07T14:27:28Z</time><speed>4.310</speed><sat>26</sat></trkpt>
  <trkpt lat="41.65476075" lon="26.59570821"><ele>82.263</ele><time>2026-10-07T14:27:29Z</time><speed>4.890</speed><sat>27</sat></trkpt>
  <trkpt lat="41.65479693" lon="26.59564920"><ele>82.262</ele><time>2026-10-07T14:27:30Z</time><speed>5.560</speed><sat>27</sat></trkpt>
  <trkpt lat="41.65483091" lon="26.59558896"><ele>82.288</ele><time>2026-10-07T14:27:31Z</time><speed>6.210</speed><sat>27</sat></trkpt>
  <trkpt lat="41.65486575" lon="26.59552668"><ele>82.333</ele><time>2026-10-07T14:27:32Z</time><speed>6.440</speed><sat>29</sat></trkpt>
  <trkpt lat="41.65490240" lon="26.59546809"><ele>82.158</ele><time>2026-10-07T14:27:33Z</time><speed>6.580</speed><sat>30</sat></trkpt>
  <trkpt lat="41.65493816" lon="26.59539923"><ele>82.329</ele><time>2026-10-07T14:27:34Z</time><speed>7.030</speed><sat>30</sat></trkpt>
  <trkpt lat="41.65497712" lon="26.59533371"><ele>82.094</ele><time>2026-10-07T14:27:35Z</time><speed>7.100</speed><sat>30</sat></trkpt>
  <trkpt lat="41.65501651" lon="26.59526538"><ele>82.081</ele><time>2026-10-07T14:27:36Z</time><speed>6.920</speed><sat>30</sat></trkpt>
  <trkpt lat="41.65505234" lon="26.59520180"><ele>81.680</ele><time>2026-10-07T14:27:37Z</time><speed>6.720</speed><sat>29</sat></trkpt>
  <trkpt lat="41.65509079" lon="26.59513398"><ele>81.920</ele><time>2026-10-07T14:27:38Z</time><speed>7.040</speed><sat>28</sat></trkpt>
  <trkpt lat="41.65512753" lon="26.59506420"><ele>82.357</ele><time>2026-10-07T14:27:39Z</time><speed>7.220</speed><sat>27</sat></trkpt>
  <trkpt lat="41.65516509" lon="26.59499101"><ele>82.370</ele><time>2026-10-07T14:27:40Z</time><speed>7.380</speed><sat>27</sat></trkpt>
  <trkpt lat="41.65520858" lon="26.59491882"><ele>82.473</ele><time>2026-10-07T14:27:41Z</time><speed>7.620</speed><sat>26</sat></trkpt>
  <trkpt lat="41.65525234" lon="26.59484292"><ele>82.557</ele><time>2026-10-07T14:27:42Z</time><speed>7.860</speed><sat>28</sat></trkpt>
  <trkpt lat="41.65529663" lon="26.59476625"><ele>82.199</ele><time>2026-10-07T14:27:43Z</time><speed>7.950</speed><sat>29</sat></trkpt>
  <trkpt lat="41.65534313" lon="26.59468948"><ele>82.136</ele><time>2026-10-07T14:27:44Z</time><speed>8.210</speed><sat>31</sat></trkpt>
  <trkpt lat="41.65538699" lon="26.59461200"><ele>82.193</ele><time>2026-10-07T14:27:45Z</time><speed>8.320</speed><sat>31</sat></trkpt>
  <trkpt lat="41.65542374" lon="26.59454846"><ele>81.954</ele><time>2026-10-07T14:27:46Z</time><speed>6.250</speed><sat>30</sat></trkpt>
  <trkpt lat="41.65548156" lon="26.59444747"><ele>82.266</ele><time>2026-10-07T14:27:47Z</time><speed>9.570</speed><sat>30</sat></trkpt>
  <trkpt lat="41.65553027" lon="26.59436745"><ele>82.283</ele><time>2026-10-07T14:27:48Z</time><speed>8.680</speed><sat>30</sat></trkpt>
  <trkpt lat="41.65558966" lon="26.59429568"><ele>81.561</ele><time>2026-10-07T14:27:49Z</time><speed>8.850</speed><sat>30</sat></trkpt>
  <trkpt lat="41.65565536" lon="26.59423516"><ele>81.102</ele><time>2026-10-07T14:27:50Z</time><speed>8.840</speed><sat>25</sat></trkpt>
  <trkpt lat="41.65571946" lon="26.59416963"><ele>80.512</ele><time>2026-10-07T14:27:51Z</time><speed>9.080</speed><sat>25</sat></trkpt>
  <trkpt lat="41.65574838" lon="26.59406728"><ele>81.195</ele><time>2026-10-07T14:27:52Z</time><speed>8.550</speed><sat>28</sat></trkpt>
  <trkpt lat="41.65581154" lon="26.59401417"><ele>80.519</ele><time>2026-10-07T14:27:53Z</time><speed>8.000</speed><sat>29</sat></trkpt>
  <trkpt lat="41.65586844" lon="26.59395617"><ele>81.095</ele><time>2026-10-07T14:27:54Z</time><speed>7.750</speed><sat>29</sat></trkpt>
  <trkpt lat="41.65592165" lon="26.59390705"><ele>80.822</ele><time>2026-10-07T14:27:55Z</time><speed>7.390</speed><sat>31</sat></trkpt>
  <trkpt lat="41.65597807" lon="26.59386430"><ele>81.423</ele><time>2026-10-07T14:27:56Z</time><speed>7.340</speed><sat>31</sat></trkpt>
  <trkpt lat="41.65603448" lon="26.59385126"><ele>81.166</ele><time>2026-10-07T14:27:57Z</time><speed>6.850</speed><sat>31</sat></trkpt>
  <trkpt lat="41.65610461" lon="26.59385690"><ele>80.982</ele><time>2026-10-07T14:27:58Z</time><speed>7.060</speed><sat>31</sat></trkpt>
  <trkpt lat="41.65616572" lon="26.59381936"><ele>80.527</ele><time>2026-10-07T14:27:59Z</time><speed>7.290</speed><sat>30</sat></trkpt>
  <trkpt lat="41.65621291" lon="26.59374883"><ele>81.001</ele><time>2026-10-07T14:28:00Z</time><speed>6.840</speed><sat>30</sat></trkpt>
  <trkpt lat="41.65626105" lon="26.59371675"><ele>81.755</ele><time>2026-10-07T14:28:01Z</time><speed>5.930</speed><sat>31</sat></trkpt>
  <trkpt lat="41.65630705" lon="26.59369271"><ele>82.419</ele><time>2026-10-07T14:28:02Z</time><speed>5.200</speed><sat>32</sat></trkpt>
  <trkpt lat="41.65634109" lon="26.59367181"><ele>82.642</ele><time>2026-10-07T14:28:03Z</time><speed>3.700</speed><sat>30</sat></trkpt>
  <trkpt lat="41.65636626" lon="26.59365695"><ele>81.627</ele><time>2026-10-07T14:28:04Z</time><speed>2.170</speed><sat>30</sat></trkpt>
  <trkpt lat="41.65638044" lon="26.59364807"><ele>81.974</ele><time>2026-10-07T14:28:05Z</time><speed>0.650</speed><sat>31</sat></trkpt>
  <trkpt lat="41.65638173" lon="26.59364163"><ele>81.764</ele><time>2026-10-07T14:28:06Z</time><speed>0.280</speed><sat>32</sat></trkpt>
  <trkpt lat="41.65638419" lon="26.59364264"><ele>81.758</ele><time>2026-10-07T14:28:07Z</time><speed>0.000</speed><sat>33</sat></trkpt>
  <trkpt lat="41.65638470" lon="26.59363724"><ele>82.201</ele><time>2026-10-07T14:28:08Z</time><speed>0.000</speed><sat>33</sat></trkpt>
  <trkpt lat="41.65638326" lon="26.59363044"><ele>82.315</ele><time>2026-10-07T14:28:09Z</time><speed>0.000</speed><sat>33</sat></trkpt>
  <trkpt lat="41.65638455" lon="26.59363175"><ele>81.965</ele><time>2026-10-07T14:28:10Z</time><speed>0.000</speed><sat>33</sat></trkpt>
  <trkpt lat="41.65638508" lon="26.59363070"><ele>81.849</ele><time>2026-10-07T14:28:11Z</time><speed>0.000</speed><sat>32</sat></trkpt>
  <trkpt lat="41.65638641" lon="26.59363143"><ele>82.076</ele><time>2026-10-07T14:28:12Z</time><speed>0.000</speed><sat>31</sat></trkpt>
  <trkpt lat="41.65638602" lon="26.59362869"><ele>82.197</ele><time>2026-10-07T14:28:13Z</time><speed>0.000</speed><sat>31</sat></trkpt>
  <trkpt lat="41.65638538" lon="26.59362537"><ele>82.397</ele><time>2026-10-07T14:28:14Z</time><speed>0.000</speed><sat>31</sat></trkpt>
  <trkpt lat="41.65638384" lon="26.59361958"><ele>82.623</ele><time>2026-10-07T14:28:15Z</time><speed>0.000</speed><sat>31</sat></trkpt>
  <trkpt lat="41.65638248" lon="26.59361385"><ele>82.795</ele><time>2026-10-07T14:28:16Z</time><speed>0.000</speed><sat>31</sat></trkpt>
  <trkpt lat="41.65638033" lon="26.59360933"><ele>82.813</ele><time>2026-10-07T14:28:17Z</time><speed>0.000</speed><sat>31</sat></trkpt>
  <trkpt lat="41.65638020" lon="26.59360796"><ele>82.854</ele><time>2026-10-07T14:28:18Z</time><speed>0.000</speed><sat>32</sat></trkpt>
  <trkpt lat="41.65637934" lon="26.59360579"><ele>82.883</ele><time>2026-10-07T14:28:19Z</time><speed>0.000</speed><sat>32</sat></trkpt>
  <trkpt lat="41.65637907" lon="26.59360504"><ele>82.907</ele><time>2026-10-07T14:28:20Z</time><speed>0.000</speed><sat>31</sat></trkpt>
  <trkpt lat="41.65637893" lon="26.59360473"><ele>82.919</ele><time>2026-10-07T14:28:21Z</time><speed>0.000</speed><sat>31</sat></trkpt>
  <trkpt lat="41.65637884" lon="26.59360451"><ele>82.930</ele><time>2026-10-07T14:28:22Z</time><speed>0.000</speed><sat>31</sat></trkpt>
  <trkpt lat="41.65637865" lon="26.59360401"><ele>82.943</ele><time>2026-10-07T14:28:23Z</time><speed>0.000</speed><sat>31</sat></trkpt>
  <trkpt lat="41.65637859" lon="26.59360380"><ele>82.955</ele><time>2026-10-07T14:28:24Z</time><speed>0.000</speed><sat>30</sat></trkpt>
  <trkpt lat="41.65637833" lon="26.59360303"><ele>82.997</ele><time>2026-10-07T14:28:25Z</time><speed>0.000</speed><sat>30</sat></trkpt>
  <trkpt lat="41.65638220" lon="26.59360027"><ele>83.098</ele><time>2026-10-07T14:28:26Z</time><speed>0.410</speed><sat>29</sat></trkpt>
  <trkpt lat="41.65638841" lon="26.59359210"><ele>83.870</ele><time>2026-10-07T14:28:27Z</time><speed>0.930</speed><sat>29</sat></trkpt>
  <trkpt lat="41.65640042" lon="26.59357968"><ele>84.033</ele><time>2026-10-07T14:28:28Z</time><speed>1.590</speed><sat>31</sat></trkpt>
  <trkpt lat="41.65641387" lon="26.59356493"><ele>84.405</ele><time>2026-10-07T14:28:29Z</time><speed>1.880</speed><sat>31</sat></trkpt>
  <trkpt lat="41.65643010" lon="26.59354588"><ele>84.169</ele><time>2026-10-07T14:28:30Z</time><speed>2.560</speed><sat>31</sat></trkpt>
  <trkpt lat="41.65645146" lon="26.59351936"><ele>84.159</ele><time>2026-10-07T14:28:31Z</time><speed>3.200</speed><sat>32</sat></trkpt>
  <trkpt lat="41.65647730" lon="26.59349417"><ele>83.943</ele><time>2026-10-07T14:28:32Z</time><speed>3.930</speed><sat>32</sat></trkpt>
  <trkpt lat="41.65650692" lon="26.59346254"><ele>83.749</ele><time>2026-10-07T14:28:33Z</time><speed>4.560</speed><sat>33</sat></trkpt>
  <trkpt lat="41.65654852" lon="26.59343511"><ele>83.598</ele><time>2026-10-07T14:28:34Z</time><speed>5.210</speed><sat>33</sat></trkpt>
  <trkpt lat="41.65658986" lon="26.59339942"><ele>83.466</ele><time>2026-10-07T14:28:35Z</time><speed>5.820</speed><sat>33</sat></trkpt>
  <trkpt lat="41.65663550" lon="26.59335555"><ele>83.460</ele><time>2026-10-07T14:28:36Z</time><speed>6.280</speed><sat>33</sat></trkpt>
  <trkpt lat="41.65667852" lon="26.59331010"><ele>83.437</ele><time>2026-10-07T14:28:37Z</time><speed>6.230</speed><sat>32</sat></trkpt>
  <trkpt lat="41.65672180" lon="26.59326369"><ele>83.296</ele><time>2026-10-07T14:28:38Z</time><speed>6.100</speed><sat>32</sat></trkpt>
  <trkpt lat="41.65676083" lon="26.59321561"><ele>83.385</ele><time>2026-10-07T14:28:39Z</time><speed>6.020</speed><sat>32</sat></trkpt>
  <trkpt lat="41.65680147" lon="26.59316091"><ele>83.426</ele><time>2026-10-07T14:28:40Z</time><speed>6.520</speed><sat>32</sat></trkpt>
  <trkpt lat="41.65684555" lon="26.59309984"><ele>83.553</ele><time>2026-10-07T14:28:41Z</time><speed>7.070</speed><sat>32</sat></trkpt>
  <trkpt lat="41.65689264" lon="26.59303606"><ele>83.641</ele><time>2026-10-07T14:28:42Z</time><speed>7.480</speed><sat>32</sat></trkpt>
  <trkpt lat="41.65693835" lon="26.59297158"><ele>83.296</ele><time>2026-10-07T14:28:43Z</time><speed>7.500</speed><sat>31</sat></trkpt>
  <trkpt lat="41.65698192" lon="26.59290581"><ele>83.511</ele><time>2026-10-07T14:28:44Z</time><speed>7.170</speed><sat>31</sat></trkpt>
  <trkpt lat="41.65702319" lon="26.59284509"><ele>83.469</ele><time>2026-10-07T14:28:45Z</time><speed>6.870</speed><sat>29</sat></trkpt>
  <trkpt lat="41.65706274" lon="26.59278662"><ele>83.470</ele><time>2026-10-07T14:28:46Z</time><speed>6.680</speed><sat>29</sat></trkpt>
  <trkpt lat="41.65710506" lon="26.59272596"><ele>83.728</ele><time>2026-10-07T14:28:47Z</time><speed>6.830</speed><sat>28</sat></trkpt>
  <trkpt lat="41.65714547" lon="26.59266561"><ele>83.659</ele><time>2026-10-07T14:28:48Z</time><speed>6.770</speed><sat>27</sat></trkpt>
  <trkpt lat="41.65718481" lon="26.59260999"><ele>83.893</ele><time>2026-10-07T14:28:49Z</time><speed>6.430</speed><sat>27</sat></trkpt>
  <trkpt lat="41.65722327" lon="26.59255685"><ele>84.207</ele><time>2026-10-07T14:28:50Z</time><speed>6.120</speed><sat>27</sat></trkpt>
  <trkpt lat="41.65725933" lon="26.59250032"><ele>84.248</ele><time>2026-10-07T14:28:51Z</time><speed>6.110</speed><sat>27</sat></trkpt>
  <trkpt lat="41.65729553" lon="26.59244688"><ele>84.416</ele><time>2026-10-07T14:28:52Z</time><speed>5.790</speed><sat>26</sat></trkpt>
  <trkpt lat="41.65733219" lon="26.59239436"><ele>84.298</ele><time>2026-10-07T14:28:53Z</time><speed>5.650</speed><sat>26</sat></trkpt>
  <trkpt lat="41.65736790" lon="26.59234615"><ele>84.183</ele><time>2026-10-07T14:28:54Z</time><speed>5.820</speed><sat>27</sat></trkpt>
  <trkpt lat="41.65740457" lon="26.59229700"><ele>83.940</ele><time>2026-10-07T14:28:55Z</time><speed>5.860</speed><sat>28</sat></trkpt>
  <trkpt lat="41.65744230" lon="26.59224718"><ele>84.042</ele><time>2026-10-07T14:28:56Z</time><speed>5.890</speed><sat>30</sat></trkpt>
  <trkpt lat="41.65748032" lon="26.59219675"><ele>84.030</ele><time>2026-10-07T14:28:57Z</time><speed>6.030</speed><sat>30</sat></trkpt>
  <trkpt lat="41.65751997" lon="26.59214203"><ele>83.742</ele><time>2026-10-07T14:28:58Z</time><speed>6.130</speed><sat>29</sat></trkpt>
  <trkpt lat="41.65755574" lon="26.59208951"><ele>83.876</ele><time>2026-10-07T14:28:59Z</time><speed>6.260</speed><sat>29</sat></trkpt>
  <trkpt lat="41.65759539" lon="26.59203424"><ele>83.935</ele><time>2026-10-07T14:29:00Z</time><speed>6.350</speed><sat>28</sat></trkpt>
  <trkpt lat="41.65763681" lon="26.59197935"><ele>84.097</ele><time>2026-10-07T14:29:01Z</time><speed>6.580</speed><sat>27</sat></trkpt>
  <trkpt lat="41.65767940" lon="26.59192030"><ele>84.083</ele><time>2026-10-07T14:29:02Z</time><speed>6.810</speed><sat>27</sat></trkpt>
  <trkpt lat="41.65772128" lon="26.59185906"><ele>83.921</ele><time>2026-10-07T14:29:03Z</time><speed>7.000</speed><sat>27</sat></trkpt>
  <trkpt lat="41.65776468" lon="26.59179244"><ele>83.963</ele><time>2026-10-07T14:29:04Z</time><speed>7.320</speed><sat>27</sat></trkpt>
  <trkpt lat="41.65781022" lon="26.59172091"><ele>84.107</ele><time>2026-10-07T14:29:05Z</time><speed>7.830</speed><sat>27</sat></trkpt>
  <trkpt lat="41.65785413" lon="26.59164591"><ele>84.308</ele><time>2026-10-07T14:29:06Z</time><speed>7.830</speed><sat>26</sat></trkpt>
  <trkpt lat="41.65789651" lon="26.59156372"><ele>84.549</ele><time>2026-10-07T14:29:07Z</time><speed>8.100</speed><sat>26</sat></trkpt>
  <trkpt lat="41.65793927" lon="26.59148219"><ele>84.746</ele><time>2026-10-07T14:29:08Z</time><speed>8.400</speed><sat>24</sat></trkpt>
  <trkpt lat="41.65798391" lon="26.59140288"><ele>84.812</ele><time>2026-10-07T14:29:09Z</time><speed>8.410</speed><sat>24</sat></trkpt>
  <trkpt lat="41.65802895" lon="26.59132528"><ele>84.849</ele><time>2026-10-07T14:29:10Z</time><speed>8.300</speed><sat>26</sat></trkpt>
  <trkpt lat="41.65807237" lon="26.59123868"><ele>85.392</ele><time>2026-10-07T14:29:11Z</time><speed>8.270</speed><sat>27</sat></trkpt>
  <trkpt lat="41.65811574" lon="26.59115828"><ele>84.596</ele><time>2026-10-07T14:29:12Z</time><speed>8.320</speed><sat>28</sat></trkpt>
  <trkpt lat="41.65814409" lon="26.59107144"><ele>85.214</ele><time>2026-10-07T14:29:13Z</time><speed>8.090</speed><sat>30</sat></trkpt>
  <trkpt lat="41.65817559" lon="26.59097888"><ele>85.258</ele><time>2026-10-07T14:29:14Z</time><speed>8.330</speed><sat>30</sat></trkpt>
  <trkpt lat="41.65820548" lon="26.59089345"><ele>84.985</ele><time>2026-10-07T14:29:15Z</time><speed>8.310</speed><sat>31</sat></trkpt>
  <trkpt lat="41.65822630" lon="26.59079752"><ele>84.893</ele><time>2026-10-07T14:29:16Z</time><speed>8.260</speed><sat>31</sat></trkpt>
  <trkpt lat="41.65824969" lon="26.59070408"><ele>84.818</ele><time>2026-10-07T14:29:17Z</time><speed>8.130</speed><sat>33</sat></trkpt>
  <trkpt lat="41.65827246" lon="26.59061086"><ele>84.612</ele><time>2026-10-07T14:29:18Z</time><speed>8.040</speed><sat>32</sat></trkpt>
  <trkpt lat="41.65829385" lon="26.59052460"><ele>84.792</ele><time>2026-10-07T14:29:19Z</time><speed>7.520</speed><sat>29</sat></trkpt>
  <trkpt lat="41.65831387" lon="26.59043881"><ele>84.620</ele><time>2026-10-07T14:29:20Z</time><speed>7.380</speed><sat>29</sat></trkpt>
  <trkpt lat="41.65833445" lon="26.59035154"><ele>84.595</ele><time>2026-10-07T14:29:21Z</time><speed>7.440</speed><sat>29</sat></trkpt>
  <trkpt lat="41.65835301" lon="26.59026882"><ele>84.466</ele><time>2026-10-07T14:29:22Z</time><speed>7.050</speed><sat>28</sat></trkpt>
  <trkpt lat="41.65837259" lon="26.59018807"><ele>84.164</ele><time>2026-10-07T14:29:23Z</time><speed>7.030</speed><sat>29</sat></trkpt>
  <trkpt lat="41.65839413" lon="26.59011347"><ele>84.328</ele><time>2026-10-07T14:29:24Z</time><speed>6.660</speed><sat>30</sat></trkpt>
  <trkpt lat="41.65841120" lon="26.59004997"><ele>84.130</ele><time>2026-10-07T14:29:25Z</time><speed>5.770</speed><sat>29</sat></trkpt>
  <trkpt lat="41.65842362" lon="26.58999864"><ele>84.430</ele><time>2026-10-07T14:29:26Z</time><speed>4.620</speed><sat>27</sat></trkpt>
  <trkpt lat="41.65843366" lon="26.58996413"><ele>84.578</ele><time>2026-10-07T14:29:27Z</time><speed>3.270</speed><sat>27</sat></trkpt>
  <trkpt lat="41.65843686" lon="26.58994309"><ele>84.490</ele><time>2026-10-07T14:29:28Z</time><speed>1.690</speed><sat>28</sat></trkpt>
  <trkpt lat="41.65843797" lon="26.58993732"><ele>84.231</ele><time>2026-10-07T14:29:29Z</time><speed>0.540</speed><sat>27</sat></trkpt>
  <trkpt lat="41.65844143" lon="26.58993894"><ele>84.051</ele><time>2026-10-07T14:29:30Z</time><speed>0.000</speed><sat>31</sat></trkpt>
  <trkpt lat="41.65843917" lon="26.58993710"><ele>84.000</ele><time>2026-10-07T14:29:31Z</time><speed>0.000</speed><sat>32</sat></trkpt>
  <trkpt lat="41.65843514" lon="26.58993434"><ele>84.166</ele><time>2026-10-07T14:29:32Z</time><speed>0.000</speed><sat>32</sat></trkpt>
  <trkpt lat="41.65843437" lon="26.58993495"><ele>84.351</ele><time>2026-10-07T14:29:33Z</time><speed>0.000</speed><sat>33</sat></trkpt>
  <trkpt lat="41.65843532" lon="26.58993152"><ele>84.078</ele><time>2026-10-07T14:29:34Z</time><speed>0.000</speed><sat>31</sat></trkpt>
  <trkpt lat="41.65843478" lon="26.58992821"><ele>84.337</ele><time>2026-10-07T14:29:35Z</time><speed>0.280</speed><sat>33</sat></trkpt>
  <trkpt lat="41.65843720" lon="26.58991706"><ele>84.451</ele><time>2026-10-07T14:29:36Z</time><speed>0.900</speed><sat>33</sat></trkpt>
  <trkpt lat="41.65844276" lon="26.58989801"><ele>84.947</ele><time>2026-10-07T14:29:37Z</time><speed>2.020</speed><sat>33</sat></trkpt>
  <trkpt lat="41.65844723" lon="26.58986017"><ele>85.251</ele><time>2026-10-07T14:29:38Z</time><speed>2.950</speed><sat>32</sat></trkpt>
  <trkpt lat="41.65845601" lon="26.58981839"><ele>85.192</ele><time>2026-10-07T14:29:39Z</time><speed>3.990</speed><sat>34</sat></trkpt>
  <trkpt lat="41.65846877" lon="26.58976638"><ele>85.116</ele><time>2026-10-07T14:29:40Z</time><speed>5.070</speed><sat>34</sat></trkpt>
  <trkpt lat="41.65848044" lon="26.58970515"><ele>85.118</ele><time>2026-10-07T14:29:41Z</time><speed>5.820</speed><sat>35</sat></trkpt>
  <trkpt lat="41.65849541" lon="26.58964566"><ele>85.085</ele><time>2026-10-07T14:29:42Z</time><speed>5.600</speed><sat>35</sat></trkpt>
  <trkpt lat="41.65850957" lon="26.58958388"><ele>85.464</ele><time>2026-10-07T14:29:43Z</time><speed>5.420</speed><sat>34</sat></trkpt>
  <trkpt lat="41.65852382" lon="26.58952279"><ele>85.247</ele><time>2026-10-07T14:29:44Z</time><speed>5.300</speed><sat>32</sat></trkpt>
  <trkpt lat="41.65853870" lon="26.58945700"><ele>85.264</ele><time>2026-10-07T14:29:45Z</time><speed>5.810</speed><sat>29</sat></trkpt>
  <trkpt lat="41.65855622" lon="26.58938724"><ele>85.305</ele><time>2026-10-07T14:29:46Z</time><speed>6.180</speed><sat>29</sat></trkpt>
  <trkpt lat="41.65857216" lon="26.58931395"><ele>85.220</ele><time>2026-10-07T14:29:47Z</time><speed>6.380</speed><sat>33</sat></trkpt>
  <trkpt lat="41.65858867" lon="26.58923713"><ele>85.084</ele><time>2026-10-07T14:29:48Z</time><speed>6.660</speed><sat>34</sat></trkpt>
  <trkpt lat="41.65860787" lon="26.58916243"><ele>85.094</ele><time>2026-10-07T14:29:49Z</time><speed>6.730</speed><sat>33</sat></trkpt>
  <trkpt lat="41.65862508" lon="26.58908614"><ele>85.072</ele><time>2026-10-07T14:29:50Z</time><speed>6.570</speed><sat>33</sat></trkpt>
  <trkpt lat="41.65864406" lon="26.58901827"><ele>85.289</ele><time>2026-10-07T14:29:51Z</time><speed>6.060</speed><sat>34</sat></trkpt>
  <trkpt lat="41.65866177" lon="26.58895086"><ele>85.189</ele><time>2026-10-07T14:29:52Z</time><speed>5.780</speed><sat>33</sat></trkpt>
  <trkpt lat="41.65868018" lon="26.58888663"><ele>85.374</ele><time>2026-10-07T14:29:53Z</time><speed>5.680</speed><sat>34</sat></trkpt>
  <trkpt lat="41.65869894" lon="26.58882497"><ele>85.378</ele><time>2026-10-07T14:29:54Z</time><speed>5.770</speed><sat>34</sat></trkpt>
  <trkpt lat="41.65873316" lon="26.58875992"><ele>84.044</ele><time>2026-10-07T14:29:55Z</time><speed>5.840</speed><sat>34</sat></trkpt>
  <trkpt lat="41.65875019" lon="26.58871329"><ele>83.359</ele><time>2026-10-07T14:29:56Z</time><speed>4.760</speed><sat>34</sat></trkpt>
  <trkpt lat="41.65878004" lon="26.58865206"><ele>83.468</ele><time>2026-10-07T14:29:57Z</time><speed>5.370</speed><sat>34</sat></trkpt>
  <trkpt lat="41.65880080" lon="26.58856374"><ele>83.693</ele><time>2026-10-07T14:29:58Z</time><speed>6.660</speed><sat>33</sat></trkpt>
  <trkpt lat="41.65882756" lon="26.58850541"><ele>83.945</ele><time>2026-10-07T14:29:59Z</time><speed>6.010</speed><sat>33</sat></trkpt>
  <trkpt lat="41.65883222" lon="26.58840839"><ele>84.451</ele><time>2026-10-07T14:30:00Z</time><speed>6.810</speed><sat>32</sat></trkpt>
  <trkpt lat="41.65884491" lon="26.58833323"><ele>85.210</ele><time>2026-10-07T14:30:01Z</time><speed>7.150</speed><sat>30</sat></trkpt>
  <trkpt lat="41.65885690" lon="26.58823127"><ele>85.708</ele><time>2026-10-07T14:30:02Z</time><speed>7.970</speed><sat>29</sat></trkpt>
  <trkpt lat="41.65887707" lon="26.58814117"><ele>85.289</ele><time>2026-10-07T14:30:03Z</time><speed>8.120</speed><sat>30</sat></trkpt>
  <trkpt lat="41.65890293" lon="26.58805334"><ele>84.673</ele><time>2026-10-07T14:30:04Z</time><speed>7.750</speed><sat>29</sat></trkpt>
  <trkpt lat="41.65892510" lon="26.58795169"><ele>84.124</ele><time>2026-10-07T14:30:05Z</time><speed>8.910</speed><sat>29</sat></trkpt>
  <trkpt lat="41.65895192" lon="26.58785179"><ele>83.962</ele><time>2026-10-07T14:30:06Z</time><speed>9.250</speed><sat>29</sat></trkpt>
  <trkpt lat="41.65897643" lon="26.58774736"><ele>83.626</ele><time>2026-10-07T14:30:07Z</time><speed>9.410</speed><sat>29</sat></trkpt>
  <trkpt lat="41.65900244" lon="26.58763994"><ele>83.667</ele><time>2026-10-07T14:30:08Z</time><speed>9.470</speed><sat>30</sat></trkpt>
  <trkpt lat="41.65902765" lon="26.58753063"><ele>83.463</ele><time>2026-10-07T14:30:09Z</time><speed>9.630</speed><sat>30</sat></trkpt>
  <trkpt lat="41.65905071" lon="26.58742222"><ele>82.918</ele><time>2026-10-07T14:30:10Z</time><speed>9.480</speed><sat>29</sat></trkpt>
  <trkpt lat="41.65907238" lon="26.58730733"><ele>83.627</ele><time>2026-10-07T14:30:11Z</time><speed>10.070</speed><sat>29</sat></trkpt>
  <trkpt lat="41.65909676" lon="26.58718052"><ele>84.377</ele><time>2026-10-07T14:30:12Z</time><speed>11.140</speed><sat>28</sat></trkpt>
  <trkpt lat="41.65913224" lon="26.58705962"><ele>84.287</ele><time>2026-10-07T14:30:13Z</time><speed>11.310</speed><sat>28</sat></trkpt>
  <trkpt lat="41.65916977" lon="26.58698848"><ele>83.855</ele><time>2026-10-07T14:30:14Z</time><speed>8.320</speed><sat>27</sat></trkpt>
  <trkpt lat="41.65919204" lon="26.58688355"><ele>83.770</ele><time>2026-10-07T14:30:15Z</time><speed>9.050</speed><sat>27</sat></trkpt>
  <trkpt lat="41.65921874" lon="26.58678770"><ele>83.061</ele><time>2026-10-07T14:30:16Z</time><speed>8.260</speed><sat>29</sat></trkpt>
  <trkpt lat="41.65924164" lon="26.58668963"><ele>82.978</ele><time>2026-10-07T14:30:17Z</time><speed>7.740</speed><sat>29</sat></trkpt>
  <trkpt lat="41.65926408" lon="26.58660514"><ele>83.237</ele><time>2026-10-07T14:30:18Z</time><speed>6.850</speed><sat>27</sat></trkpt>
  <trkpt lat="41.65928153" lon="26.58654028"><ele>83.641</ele><time>2026-10-07T14:30:19Z</time><speed>5.480</speed><sat>27</sat></trkpt>
  <trkpt lat="41.65929886" lon="26.58648442"><ele>83.755</ele><time>2026-10-07T14:30:20Z</time><speed>4.260</speed><sat>27</sat></trkpt>
  <trkpt lat="41.65930930" lon="26.58644680"><ele>83.636</ele><time>2026-10-07T14:30:21Z</time><speed>2.690</speed><sat>28</sat></trkpt>
  <trkpt lat="41.65931425" lon="26.58642917"><ele>83.210</ele><time>2026-10-07T14:30:22Z</time><speed>0.970</speed><sat>28</sat></trkpt>
  <trkpt lat="41.65932793" lon="26.58642453"><ele>82.592</ele><time>2026-10-07T14:30:23Z</time><speed>1.290</speed><sat>28</sat></trkpt>
  <trkpt lat="41.65932843" lon="26.58642197"><ele>83.507</ele><time>2026-10-07T14:30:24Z</time><speed>0.000</speed><sat>29</sat></trkpt>
  <trkpt lat="41.65932686" lon="26.58642042"><ele>83.859</ele><time>2026-10-07T14:30:25Z</time><speed>0.000</speed><sat>30</sat></trkpt>
  <trkpt lat="41.65932550" lon="26.58641948"><ele>84.194</ele><time>2026-10-07T14:30:26Z</time><speed>0.000</speed><sat>30</sat></trkpt>
  <trkpt lat="41.65932363" lon="26.58641798"><ele>84.539</ele><time>2026-10-07T14:30:27Z</time><speed>0.000</speed><sat>30</sat></trkpt>
  <trkpt lat="41.65932411" lon="26.58641707"><ele>84.915</ele><time>2026-10-07T14:30:28Z</time><speed>0.000</speed><sat>30</sat></trkpt>
  <trkpt lat="41.65932381" lon="26.58641574"><ele>85.051</ele><time>2026-10-07T14:30:29Z</time><speed>0.000</speed><sat>30</sat></trkpt>
  <trkpt lat="41.65932262" lon="26.58641261"><ele>85.395</ele><time>2026-10-07T14:30:30Z</time><speed>0.000</speed><sat>30</sat></trkpt>
  <trkpt lat="41.65932150" lon="26.58640915"><ele>86.087</ele><time>2026-10-07T14:30:31Z</time><speed>0.000</speed><sat>30</sat></trkpt>
  <trkpt lat="41.65932205" lon="26.58640777"><ele>86.325</ele><time>2026-10-07T14:30:32Z</time><speed>0.000</speed><sat>30</sat></trkpt>
  <trkpt lat="41.65932217" lon="26.58640902"><ele>86.221</ele><time>2026-10-07T14:30:33Z</time><speed>0.000</speed><sat>31</sat></trkpt>
  <trkpt lat="41.65932198" lon="26.58640926"><ele>86.255</ele><time>2026-10-07T14:30:34Z</time><speed>0.000</speed><sat>30</sat></trkpt>
  <trkpt lat="41.65932161" lon="26.58640915"><ele>86.276</ele><time>2026-10-07T14:30:35Z</time><speed>0.000</speed><sat>30</sat></trkpt>
  <trkpt lat="41.65932306" lon="26.58640321"><ele>85.778</ele><time>2026-10-07T14:30:36Z</time><speed>0.470</speed><sat>30</sat></trkpt>
  <trkpt lat="41.65932615" lon="26.58639510"><ele>85.681</ele><time>2026-10-07T14:30:37Z</time><speed>0.850</speed><sat>31</sat></trkpt>
  <trkpt lat="41.65932855" lon="26.58637729"><ele>85.241</ele><time>2026-10-07T14:30:38Z</time><speed>1.990</speed><sat>31</sat></trkpt>
  <trkpt lat="41.65933386" lon="26.58634922"><ele>85.133</ele><time>2026-10-07T14:30:39Z</time><speed>2.750</speed><sat>30</sat></trkpt>
  <trkpt lat="41.65934183" lon="26.58630911"><ele>85.369</ele><time>2026-10-07T14:30:40Z</time><speed>3.770</speed><sat>30</sat></trkpt>
  <trkpt lat="41.65935074" lon="26.58626280"><ele>85.143</ele><time>2026-10-07T14:30:41Z</time><speed>4.550</speed><sat>30</sat></trkpt>
  <trkpt lat="41.65936228" lon="26.58620742"><ele>85.169</ele><time>2026-10-07T14:30:42Z</time><speed>5.480</speed><sat>31</sat></trkpt>
  <trkpt lat="41.65937841" lon="26.58614867"><ele>84.909</ele><time>2026-10-07T14:30:43Z</time><speed>5.950</speed><sat>31</sat></trkpt>
  <trkpt lat="41.65939635" lon="26.58608799"><ele>84.585</ele><time>2026-10-07T14:30:44Z</time><speed>5.580</speed><sat>31</sat></trkpt>
  <trkpt lat="41.65941647" lon="26.58602881"><ele>84.742</ele><time>2026-10-07T14:30:45Z</time><speed>5.290</speed><sat>32</sat></trkpt>
  <trkpt lat="41.65944018" lon="26.58597152"><ele>84.730</ele><time>2026-10-07T14:30:46Z</time><speed>5.510</speed><sat>33</sat></trkpt>
  <trkpt lat="41.65946820" lon="26.58591343"><ele>84.634</ele><time>2026-10-07T14:30:47Z</time><speed>5.920</speed><sat>33</sat></trkpt>
  <trkpt lat="41.65949935" lon="26.58585586"><ele>84.832</ele><time>2026-10-07T14:30:48Z</time><speed>6.210</speed><sat>33</sat></trkpt>
  <trkpt lat="41.65953615" lon="26.58579882"><ele>84.912</ele><time>2026-10-07T14:30:49Z</time><speed>6.420</speed><sat>32</sat></trkpt>
  <trkpt lat="41.65957530" lon="26.58574313"><ele>85.204</ele><time>2026-10-07T14:30:50Z</time><speed>6.520</speed><sat>33</sat></trkpt>
  <trkpt lat="41.65961677" lon="26.58568598"><ele>85.303</ele><time>2026-10-07T14:30:51Z</time><speed>6.700</speed><sat>32</sat></trkpt>
  <trkpt lat="41.65966598" lon="26.58562939"><ele>84.482</ele><time>2026-10-07T14:30:52Z</time><speed>7.370</speed><sat>31</sat></trkpt>
  <trkpt lat="41.65971470" lon="26.58559589"><ele>84.317</ele><time>2026-10-07T14:30:53Z</time><speed>6.530</speed><sat>29</sat></trkpt>
  <trkpt lat="41.65975041" lon="26.58552401"><ele>84.992</ele><time>2026-10-07T14:30:54Z</time><speed>6.960</speed><sat>26</sat></trkpt>
  <trkpt lat="41.65979509" lon="26.58546526"><ele>84.725</ele><time>2026-10-07T14:30:55Z</time><speed>6.540</speed><sat>26</sat></trkpt>
  <trkpt lat="41.65983363" lon="26.58541600"><ele>84.667</ele><time>2026-10-07T14:30:56Z</time><speed>5.980</speed><sat>24</sat></trkpt>
  <trkpt lat="41.65986807" lon="26.58537303"><ele>84.794</ele><time>2026-10-07T14:30:57Z</time><speed>5.420</speed><sat>24</sat></trkpt>
  <trkpt lat="41.65989983" lon="26.58533818"><ele>84.846</ele><time>2026-10-07T14:30:58Z</time><speed>4.470</speed><sat>24</sat></trkpt>
  <trkpt lat="41.65993152" lon="26.58531458"><ele>84.871</ele><time>2026-10-07T14:30:59Z</time><speed>4.020</speed><sat>27</sat></trkpt>
  <trkpt lat="41.65996613" lon="26.58528810"><ele>85.080</ele><time>2026-10-07T14:31:00Z</time><speed>4.280</speed><sat>28</sat></trkpt>
  <trkpt lat="41.66000185" lon="26.58526457"><ele>84.872</ele><time>2026-10-07T14:31:01Z</time><speed>4.280</speed><sat>28</sat></trkpt>
  <trkpt lat="41.66004787" lon="26.58525330"><ele>84.591</ele><time>2026-10-07T14:31:02Z</time><speed>4.650</speed><sat>29</sat></trkpt>
  <trkpt lat="41.66010683" lon="26.58524643"><ele>84.322</ele><time>2026-10-07T14:31:03Z</time><speed>5.440</speed><sat>30</sat></trkpt>
  <trkpt lat="41.66017332" lon="26.58525306"><ele>84.699</ele><time>2026-10-07T14:31:04Z</time><speed>6.600</speed><sat>30</sat></trkpt>
  <trkpt lat="41.66023583" lon="26.58525828"><ele>86.199</ele><time>2026-10-07T14:31:05Z</time><speed>6.470</speed><sat>27</sat></trkpt>
  <trkpt lat="41.66030527" lon="26.58528826"><ele>85.474</ele><time>2026-10-07T14:31:06Z</time><speed>6.660</speed><sat>27</sat></trkpt>
  <trkpt lat="41.66034504" lon="26.58534512"><ele>84.796</ele><time>2026-10-07T14:31:07Z</time><speed>6.520</speed><sat>29</sat></trkpt>
  <trkpt lat="41.66039728" lon="26.58538312"><ele>84.904</ele><time>2026-10-07T14:31:08Z</time><speed>6.570</speed><sat>28</sat></trkpt>
  <trkpt lat="41.66044541" lon="26.58543241"><ele>84.626</ele><time>2026-10-07T14:31:09Z</time><speed>6.650</speed><sat>30</sat></trkpt>
  <trkpt lat="41.66049388" lon="26.58548488"><ele>84.172</ele><time>2026-10-07T14:31:10Z</time><speed>6.650</speed><sat>31</sat></trkpt>
  <trkpt lat="41.66053884" lon="26.58552774"><ele>84.651</ele><time>2026-10-07T14:31:11Z</time><speed>6.550</speed><sat>32</sat></trkpt>
  <trkpt lat="41.66058451" lon="26.58556468"><ele>85.313</ele><time>2026-10-07T14:31:12Z</time><speed>6.230</speed><sat>32</sat></trkpt>
  <trkpt lat="41.66061488" lon="26.58560299"><ele>84.297</ele><time>2026-10-07T14:31:13Z</time><speed>5.160</speed><sat>29</sat></trkpt>
  <trkpt lat="41.66065105" lon="26.58563721"><ele>84.045</ele><time>2026-10-07T14:31:14Z</time><speed>4.500</speed><sat>29</sat></trkpt>
  <trkpt lat="41.66068096" lon="26.58566067"><ele>84.200</ele><time>2026-10-07T14:31:15Z</time><speed>4.050</speed><sat>28</sat></trkpt>
  <trkpt lat="41.66071269" lon="26.58568475"><ele>84.201</ele><time>2026-10-07T14:31:16Z</time><speed>3.750</speed><sat>28</sat></trkpt>
  <trkpt lat="41.66073718" lon="26.58571335"><ele>84.599</ele><time>2026-10-07T14:31:17Z</time><speed>3.950</speed><sat>28</sat></trkpt>
  <trkpt lat="41.66076962" lon="26.58574188"><ele>84.534</ele><time>2026-10-07T14:31:18Z</time><speed>4.300</speed><sat>28</sat></trkpt>
  <trkpt lat="41.66081615" lon="26.58576703"><ele>83.253</ele><time>2026-10-07T14:31:19Z</time><speed>4.460</speed><sat>26</sat></trkpt>
  <trkpt lat="41.66084961" lon="26.58579740"><ele>84.244</ele><time>2026-10-07T14:31:20Z</time><speed>4.680</speed><sat>26</sat></trkpt>
  <trkpt lat="41.66088820" lon="26.58583125"><ele>84.462</ele><time>2026-10-07T14:31:21Z</time><speed>5.230</speed><sat>26</sat></trkpt>
  <trkpt lat="41.66092764" lon="26.58585664"><ele>84.641</ele><time>2026-10-07T14:31:22Z</time><speed>4.960</speed><sat>25</sat></trkpt>
  <trkpt lat="41.66097032" lon="26.58590285"><ele>85.551</ele><time>2026-10-07T14:31:23Z</time><speed>5.650</speed><sat>23</sat></trkpt>
  <trkpt lat="41.66100141" lon="26.58595065"><ele>85.995</ele><time>2026-10-07T14:31:24Z</time><speed>5.190</speed><sat>23</sat></trkpt>
  <trkpt lat="41.66103710" lon="26.58598221"><ele>86.747</ele><time>2026-10-07T14:31:25Z</time><speed>4.720</speed><sat>24</sat></trkpt>
  <trkpt lat="41.66106005" lon="26.58600784"><ele>87.322</ele><time>2026-10-07T14:31:26Z</time><speed>3.810</speed><sat>24</sat></trkpt>
  <trkpt lat="41.66109114" lon="26.58601922"><ele>87.998</ele><time>2026-10-07T14:31:27Z</time><speed>3.200</speed><sat>24</sat></trkpt>
  <trkpt lat="41.66111109" lon="26.58603850"><ele>88.265</ele><time>2026-10-07T14:31:28Z</time><speed>2.860</speed><sat>25</sat></trkpt>
  <trkpt lat="41.66110959" lon="26.58604409"><ele>87.304</ele><time>2026-10-07T14:31:29Z</time><speed>0.400</speed><sat>26</sat></trkpt>
  <trkpt lat="41.66111952" lon="26.58605801"><ele>87.086</ele><time>2026-10-07T14:31:30Z</time><speed>1.010</speed><sat>27</sat></trkpt>
  <trkpt lat="41.66111915" lon="26.58606298"><ele>87.056</ele><time>2026-10-07T14:31:31Z</time><speed>0.000</speed><sat>29</sat></trkpt>
  <trkpt lat="41.66111993" lon="26.58606424"><ele>86.887</ele><time>2026-10-07T14:31:32Z</time><speed>0.000</speed><sat>29</sat></trkpt>
  <trkpt lat="41.66111831" lon="26.58606380"><ele>86.775</ele><time>2026-10-07T14:31:33Z</time><speed>0.000</speed><sat>29</sat></trkpt>
  <trkpt lat="41.66111826" lon="26.58606189"><ele>86.022</ele><time>2026-10-07T14:31:34Z</time><speed>0.000</speed><sat>29</sat></trkpt>
  <trkpt lat="41.66111719" lon="26.58606088"><ele>86.040</ele><time>2026-10-07T14:31:35Z</time><speed>0.000</speed><sat>30</sat></trkpt>
  <trkpt lat="41.66111946" lon="26.58605984"><ele>86.260</ele><time>2026-10-07T14:31:36Z</time><speed>0.000</speed><sat>31</sat></trkpt>
  <trkpt lat="41.66112053" lon="26.58606067"><ele>86.624</ele><time>2026-10-07T14:31:37Z</time><speed>0.000</speed><sat>30</sat></trkpt>
  <trkpt lat="41.66112225" lon="26.58605748"><ele>86.480</ele><time>2026-10-07T14:31:38Z</time><speed>0.000</speed><sat>29</sat></trkpt>
  <trkpt lat="41.66112311" lon="26.58605713"><ele>86.780</ele><time>2026-10-07T14:31:39Z</time><speed>0.000</speed><sat>29</sat></trkpt>
  <trkpt lat="41.66112401" lon="26.58605499"><ele>87.238</ele><time>2026-10-07T14:31:40Z</time><speed>0.000</speed><sat>29</sat></trkpt>
  <trkpt lat="41.66112430" lon="26.58605210"><ele>87.550</ele><time>2026-10-07T14:31:41Z</time><speed>0.000</speed><sat>28</sat></trkpt>
  <trkpt lat="41.66112444" lon="26.58605122"><ele>87.727</ele><time>2026-10-07T14:31:42Z</time><speed>0.000</speed><sat>28</sat></trkpt>
  <trkpt lat="41.66112738" lon="26.58605336"><ele>87.940</ele><time>2026-10-07T14:31:43Z</time><speed>0.000</speed><sat>27</sat></trkpt>
  <trkpt lat="41.66112515" lon="26.58605188"><ele>87.950</ele><time>2026-10-07T14:31:44Z</time><speed>0.200</speed><sat>28</sat></trkpt>
  <trkpt lat="41.66112585" lon="26.58604932"><ele>87.997</ele><time>2026-10-07T14:31:45Z</time><speed>0.230</speed><sat>28</sat></trkpt>
  <trkpt lat="41.66114849" lon="26.58605792"><ele>88.400</ele><time>2026-10-07T14:31:46Z</time><speed>2.660</speed><sat>30</sat></trkpt>
  <trkpt lat="41.66117400" lon="26.58608227"><ele>87.568</ele><time>2026-10-07T14:31:47Z</time><speed>2.970</speed><sat>31</sat></trkpt>
  <trkpt lat="41.66119709" lon="26.58610914"><ele>88.032</ele><time>2026-10-07T14:31:48Z</time><speed>3.300</speed><sat>31</sat></trkpt>
  <trkpt lat="41.66122077" lon="26.58613186"><ele>87.842</ele><time>2026-10-07T14:31:49Z</time><speed>2.980</speed><sat>31</sat></trkpt>
  <trkpt lat="41.66124522" lon="26.58615364"><ele>88.087</ele><time>2026-10-07T14:31:50Z</time><speed>3.310</speed><sat>32</sat></trkpt>
  <trkpt lat="41.66127147" lon="26.58618072"><ele>88.131</ele><time>2026-10-07T14:31:51Z</time><speed>3.740</speed><sat>32</sat></trkpt>
  <trkpt lat="41.66130054" lon="26.58621248"><ele>88.024</ele><time>2026-10-07T14:31:52Z</time><speed>4.220</speed><sat>31</sat></trkpt>
  <trkpt lat="41.66133375" lon="26.58624711"><ele>88.086</ele><time>2026-10-07T14:31:53Z</time><speed>4.710</speed><sat>30</sat></trkpt>
  <trkpt lat="41.66137360" lon="26.58629791"><ele>87.597</ele><time>2026-10-07T14:31:54Z</time><speed>5.110</speed><sat>30</sat></trkpt>
  <trkpt lat="41.66140990" lon="26.58633878"><ele>88.496</ele><time>2026-10-07T14:31:55Z</time><speed>5.490</speed><sat>30</sat></trkpt>
  <trkpt lat="41.66145196" lon="26.58637708"><ele>88.349</ele><time>2026-10-07T14:31:56Z</time><speed>5.790</speed><sat>31</sat></trkpt>
  <trkpt lat="41.66149625" lon="26.58641314"><ele>88.123</ele><time>2026-10-07T14:31:57Z</time><speed>5.160</speed><sat>31</sat></trkpt>
  <trkpt lat="41.66153081" lon="26.58645644"><ele>86.829</ele><time>2026-10-07T14:31:58Z</time><speed>5.170</speed><sat>32</sat></trkpt>
  <trkpt lat="41.66157653" lon="26.58650146"><ele>86.098</ele><time>2026-10-07T14:31:59Z</time><speed>5.590</speed><sat>32</sat></trkpt>
  <trkpt lat="41.66163343" lon="26.58654212"><ele>86.851</ele><time>2026-10-07T14:32:00Z</time><speed>6.930</speed><sat>33</sat></trkpt>
  <trkpt lat="41.66167411" lon="26.58657397"><ele>85.851</ele><time>2026-10-07T14:32:01Z</time><speed>5.330</speed><sat>33</sat></trkpt>
  <trkpt lat="41.66172026" lon="26.58661742"><ele>84.912</ele><time>2026-10-07T14:32:02Z</time><speed>6.450</speed><sat>33</sat></trkpt>
  <trkpt lat="41.66175272" lon="26.58668927"><ele>84.333</ele><time>2026-10-07T14:32:03Z</time><speed>7.190</speed><sat>33</sat></trkpt>
  <trkpt lat="41.66178697" lon="26.58671782"><ele>84.575</ele><time>2026-10-07T14:32:04Z</time><speed>5.710</speed><sat>28</sat></trkpt>
  <trkpt lat="41.66183562" lon="26.58677706"><ele>85.134</ele><time>2026-10-07T14:32:05Z</time><speed>6.810</speed><sat>27</sat></trkpt>
  <trkpt lat="41.66188069" lon="26.58682197"><ele>85.666</ele><time>2026-10-07T14:32:06Z</time><speed>5.850</speed><sat>27</sat></trkpt>
  <trkpt lat="41.66192069" lon="26.58684743"><ele>85.979</ele><time>2026-10-07T14:32:07Z</time><speed>4.550</speed><sat>27</sat></trkpt>
  <trkpt lat="41.66196064" lon="26.58687800"><ele>86.303</ele><time>2026-10-07T14:32:08Z</time><speed>3.970</speed><sat>26</sat></trkpt>
  <trkpt lat="41.66199075" lon="26.58691197"><ele>86.071</ele><time>2026-10-07T14:32:09Z</time><speed>4.620</speed><sat>27</sat></trkpt>
  <trkpt lat="41.66200695" lon="26.58692295"><ele>86.306</ele><time>2026-10-07T14:32:10Z</time><speed>2.010</speed><sat>29</sat></trkpt>
  <trkpt lat="41.66202279" lon="26.58693118"><ele>86.360</ele><time>2026-10-07T14:32:11Z</time><speed>1.400</speed><sat>28</sat></trkpt>
  <trkpt lat="41.66203676" lon="26.58694156"><ele>86.723</ele><time>2026-10-07T14:32:12Z</time><speed>1.380</speed><sat>29</sat></trkpt>
  <trkpt lat="41.66204917" lon="26.58694047"><ele>87.981</ele><time>2026-10-07T14:32:13Z</time><speed>1.660</speed><sat>29</sat></trkpt>
  <trkpt lat="41.66205540" lon="26.58694697"><ele>87.609</ele><time>2026-10-07T14:32:14Z</time><speed>0.660</speed><sat>29</sat></trkpt>
  <trkpt lat="41.66206506" lon="26.58694720"><ele>87.280</ele><time>2026-10-07T14:32:15Z</time><speed>0.990</speed><sat>27</sat></trkpt>
  <trkpt lat="41.66208312" lon="26.58694913"><ele>86.438</ele><time>2026-10-07T14:32:16Z</time><speed>2.310</speed><sat>26</sat></trkpt>
  <trkpt lat="41.66210273" lon="26.58694657"><ele>86.255</ele><time>2026-10-07T14:32:17Z</time><speed>1.690</speed><sat>25</sat></trkpt>
  <trkpt lat="41.66213597" lon="26.58693602"><ele>86.897</ele><time>2026-10-07T14:32:18Z</time><speed>4.700</speed><sat>25</sat></trkpt>
  <trkpt lat="41.66216965" lon="26.58687157"><ele>87.202</ele><time>2026-10-07T14:32:19Z</time><speed>5.680</speed><sat>27</sat></trkpt>
  <trkpt lat="41.66220639" lon="26.58682366"><ele>87.496</ele><time>2026-10-07T14:32:20Z</time><speed>6.160</speed><sat>30</sat></trkpt>
  <trkpt lat="41.66224580" lon="26.58676989"><ele>87.586</ele><time>2026-10-07T14:32:21Z</time><speed>7.060</speed><sat>30</sat></trkpt>
  <trkpt lat="41.66229569" lon="26.58671967"><ele>88.272</ele><time>2026-10-07T14:32:22Z</time><speed>7.210</speed><sat>30</sat></trkpt>
  <trkpt lat="41.66234279" lon="26.58665892"><ele>88.814</ele><time>2026-10-07T14:32:23Z</time><speed>6.670</speed><sat>30</sat></trkpt>
  <trkpt lat="41.66239749" lon="26.58663615"><ele>89.954</ele><time>2026-10-07T14:32:24Z</time><speed>6.190</speed><sat>31</sat></trkpt>
  <trkpt lat="41.66244872" lon="26.58658347"><ele>89.304</ele><time>2026-10-07T14:32:25Z</time><speed>6.950</speed><sat>31</sat></trkpt>
  <trkpt lat="41.66250093" lon="26.58655408"><ele>88.568</ele><time>2026-10-07T14:32:26Z</time><speed>6.930</speed><sat>31</sat></trkpt>
  <trkpt lat="41.66255443" lon="26.58649583"><ele>89.213</ele><time>2026-10-07T14:32:27Z</time><speed>8.010</speed><sat>31</sat></trkpt>
  <trkpt lat="41.66261315" lon="26.58644732"><ele>88.818</ele><time>2026-10-07T14:32:28Z</time><speed>7.950</speed><sat>32</sat></trkpt>
  <trkpt lat="41.66267285" lon="26.58639429"><ele>88.770</ele><time>2026-10-07T14:32:29Z</time><speed>7.900</speed><sat>32</sat></trkpt>
  <trkpt lat="41.66272900" lon="26.58633334"><ele>88.800</ele><time>2026-10-07T14:32:30Z</time><speed>8.200</speed><sat>30</sat></trkpt>
  <trkpt lat="41.66278647" lon="26.58628013"><ele>88.369</ele><time>2026-10-07T14:32:31Z</time><speed>7.640</speed><sat>27</sat></trkpt>
  <trkpt lat="41.66285035" lon="26.58622533"><ele>88.213</ele><time>2026-10-07T14:32:32Z</time><speed>8.320</speed><sat>26</sat></trkpt>
  <trkpt lat="41.66288331" lon="26.58618731"><ele>88.844</ele><time>2026-10-07T14:32:33Z</time><speed>5.030</speed><sat>26</sat></trkpt>
  <trkpt lat="41.66292791" lon="26.58615549"><ele>89.245</ele><time>2026-10-07T14:32:34Z</time><speed>4.990</speed><sat>26</sat></trkpt>
  <trkpt lat="41.66296154" lon="26.58612923"><ele>89.645</ele><time>2026-10-07T14:32:35Z</time><speed>3.650</speed><sat>26</sat></trkpt>
  <trkpt lat="41.66297958" lon="26.58610841"><ele>90.065</ele><time>2026-10-07T14:32:36Z</time><speed>2.120</speed><sat>28</sat></trkpt>
  <trkpt lat="41.66298965" lon="26.58609312"><ele>90.706</ele><time>2026-10-07T14:32:37Z</time><speed>0.850</speed><sat>31</sat></trkpt>
  <trkpt lat="41.66299289" lon="26.58608305"><ele>91.401</ele><time>2026-10-07T14:32:38Z</time><speed>0.250</speed><sat>32</sat></trkpt>
  <trkpt lat="41.66299222" lon="26.58608091"><ele>91.791</ele><time>2026-10-07T14:32:39Z</time><speed>0.000</speed><sat>32</sat></trkpt>
  <trkpt lat="41.66299192" lon="26.58607791"><ele>92.100</ele><time>2026-10-07T14:32:40Z</time><speed>0.000</speed><sat>32</sat></trkpt>
  <trkpt lat="41.66298639" lon="26.58606987"><ele>92.448</ele><time>2026-10-07T14:32:41Z</time><speed>0.510</speed><sat>32</sat></trkpt>
  <trkpt lat="41.66298807" lon="26.58607323"><ele>92.183</ele><time>2026-10-07T14:32:42Z</time><speed>0.000</speed><sat>32</sat></trkpt>
  <trkpt lat="41.66298725" lon="26.58607539"><ele>92.275</ele><time>2026-10-07T14:32:43Z</time><speed>0.440</speed><sat>31</sat></trkpt>
  <trkpt lat="41.66299934" lon="26.58609113"><ele>91.703</ele><time>2026-10-07T14:32:44Z</time><speed>1.940</speed><sat>30</sat></trkpt>
  <trkpt lat="41.66300463" lon="26.58609932"><ele>91.539</ele><time>2026-10-07T14:32:45Z</time><speed>1.750</speed><sat>29</sat></trkpt>
  <trkpt lat="41.66300752" lon="26.58609875"><ele>91.908</ele><time>2026-10-07T14:32:46Z</time><speed>0.910</speed><sat>29</sat></trkpt>
  <trkpt lat="41.66300162" lon="26.58608510"><ele>92.821</ele><time>2026-10-07T14:32:47Z</time><speed>0.000</speed><sat>30</sat></trkpt>
  <trkpt lat="41.66299676" lon="26.58607533"><ele>92.904</ele><time>2026-10-07T14:32:48Z</time><speed>0.000</speed><sat>29</sat></trkpt>
  <trkpt lat="41.66299664" lon="26.58606708"><ele>93.943</ele><time>2026-10-07T14:32:49Z</time><speed>0.770</speed><sat>29</sat></trkpt>
  <trkpt lat="41.66299757" lon="26.58606197"><ele>94.885</ele><time>2026-10-07T14:32:50Z</time><speed>0.000</speed><sat>30</sat></trkpt>
  <trkpt lat="41.66299763" lon="26.58605836"><ele>94.523</ele><time>2026-10-07T14:32:51Z</time><speed>0.000</speed><sat>30</sat></trkpt>
  <trkpt lat="41.66299703" lon="26.58605194"><ele>94.800</ele><time>2026-10-07T14:32:52Z</time><speed>0.000</speed><sat>30</sat></trkpt>
  <trkpt lat="41.66299627" lon="26.58604799"><ele>95.010</ele><time>2026-10-07T14:32:53Z</time><speed>0.000</speed><sat>29</sat></trkpt>
  <trkpt lat="41.66299529" lon="26.58604283"><ele>95.703</ele><time>2026-10-07T14:32:54Z</time><speed>0.000</speed><sat>29</sat></trkpt>
  <trkpt lat="41.66299432" lon="26.58603947"><ele>95.442</ele><time>2026-10-07T14:32:55Z</time><speed>0.000</speed><sat>29</sat></trkpt>
  <trkpt lat="41.66299266" lon="26.58603355"><ele>95.595</ele><time>2026-10-07T14:32:56Z</time><speed>0.000</speed><sat>29</sat></trkpt>
  <trkpt lat="41.66299087" lon="26.58603282"><ele>94.949</ele><time>2026-10-07T14:32:57Z</time><speed>0.000</speed><sat>29</sat></trkpt>
  <trkpt lat="41.66298956" lon="26.58603223"><ele>95.500</ele><time>2026-10-07T14:32:58Z</time><speed>0.260</speed><sat>29</sat></trkpt>
  <trkpt lat="41.66298676" lon="26.58602723"><ele>95.686</ele><time>2026-10-07T14:32:59Z</time><speed>0.000</speed><sat>28</sat></trkpt>
  <trkpt lat="41.66298361" lon="26.58602139"><ele>95.975</ele><time>2026-10-07T14:33:00Z</time><speed>0.000</speed><sat>28</sat></trkpt>
  <trkpt lat="41.66298097" lon="26.58601471"><ele>96.265</ele><time>2026-10-07T14:33:01Z</time><speed>0.000</speed><sat>29</sat></trkpt>
  <trkpt lat="41.66297833" lon="26.58600862"><ele>96.740</ele><time>2026-10-07T14:33:02Z</time><speed>0.000</speed><sat>30</sat></trkpt>
  <trkpt lat="41.66297647" lon="26.58600348"><ele>96.882</ele><time>2026-10-07T14:33:03Z</time><speed>0.000</speed><sat>30</sat></trkpt>
  <trkpt lat="41.66297534" lon="26.58599938"><ele>97.064</ele><time>2026-10-07T14:33:04Z</time><speed>0.000</speed><sat>30</sat></trkpt>
  <trkpt lat="41.66297443" lon="26.58599551"><ele>96.906</ele><time>2026-10-07T14:33:05Z</time><speed>0.000</speed><sat>30</sat></trkpt>
  <trkpt lat="41.66297375" lon="26.58599238"><ele>96.981</ele><time>2026-10-07T14:33:06Z</time><speed>0.000</speed><sat>31</sat></trkpt>
  <trkpt lat="41.66297352" lon="26.58599000"><ele>96.939</ele><time>2026-10-07T14:33:07Z</time><speed>0.000</speed><sat>31</sat></trkpt>
  <trkpt lat="41.66297337" lon="26.58598816"><ele>96.841</ele><time>2026-10-07T14:33:08Z</time><speed>0.000</speed><sat>31</sat></trkpt>
  <trkpt lat="41.66297349" lon="26.58598715"><ele>96.781</ele><time>2026-10-07T14:33:09Z</time><speed>0.000</speed><sat>31</sat></trkpt>
  <trkpt lat="41.66297348" lon="26.58598661"><ele>96.750</ele><time>2026-10-07T14:33:10Z</time><speed>0.000</speed><sat>31</sat></trkpt>
  <trkpt lat="41.66297287" lon="26.58598909"><ele>96.715</ele><time>2026-10-07T14:33:11Z</time><speed>0.450</speed><sat>31</sat></trkpt>
  <trkpt lat="41.66297244" lon="26.58599545"><ele>96.547</ele><time>2026-10-07T14:33:12Z</time><speed>0.770</speed><sat>30</sat></trkpt>
  <trkpt lat="41.66297106" lon="26.58599173"><ele>96.724</ele><time>2026-10-07T14:33:13Z</time><speed>0.000</speed><sat>28</sat></trkpt>
  <trkpt lat="41.66297668" lon="26.58599027"><ele>96.485</ele><time>2026-10-07T14:33:14Z</time><speed>1.510</speed><sat>28</sat></trkpt>
  <trkpt lat="41.66297908" lon="26.58597985"><ele>97.630</ele><time>2026-10-07T14:33:15Z</time><speed>0.160</speed><sat>27</sat></trkpt>
  <trkpt lat="41.66297957" lon="26.58597631"><ele>97.543</ele><time>2026-10-07T14:33:16Z</time><speed>0.470</speed><sat>29</sat></trkpt>
  <trkpt lat="41.66298070" lon="26.58597268"><ele>96.366</ele><time>2026-10-07T14:33:17Z</time><speed>0.540</speed><sat>29</sat></trkpt>
  <trkpt lat="41.66298273" lon="26.58596845"><ele>96.433</ele><time>2026-10-07T14:33:18Z</time><speed>0.550</speed><sat>30</sat></trkpt>
  <trkpt lat="41.66298468" lon="26.58596246"><ele>96.542</ele><time>2026-10-07T14:33:19Z</time><speed>0.790</speed><sat>30</sat></trkpt>
  <trkpt lat="41.66298702" lon="26.58595343"><ele>96.393</ele><time>2026-10-07T14:33:20Z</time><speed>0.940</speed><sat>30</sat></trkpt>
  <trkpt lat="41.66299170" lon="26.58594262"><ele>95.676</ele><time>2026-10-07T14:33:21Z</time><speed>1.240</speed><sat>29</sat></trkpt>
  <trkpt lat="41.66299538" lon="26.58593114"><ele>95.154</ele><time>2026-10-07T14:33:22Z</time><speed>0.900</speed><sat>29</sat></trkpt>
  <trkpt lat="41.66300567" lon="26.58591667"><ele>93.030</ele><time>2026-10-07T14:33:23Z</time><speed>2.250</speed><sat>29</sat></trkpt>
  <trkpt lat="41.66302761" lon="26.58588788"><ele>92.727</ele><time>2026-10-07T14:33:24Z</time><speed>3.860</speed><sat>30</sat></trkpt>
  <trkpt lat="41.66305792" lon="26.58585426"><ele>92.197</ele><time>2026-10-07T14:33:25Z</time><speed>4.520</speed><sat>29</sat></trkpt>
  <trkpt lat="41.66313707" lon="26.58584905"><ele>92.284</ele><time>2026-10-07T14:33:26Z</time><speed>5.080</speed><sat>30</sat></trkpt>
  <trkpt lat="41.66318751" lon="26.58581653"><ele>91.228</ele><time>2026-10-07T14:33:27Z</time><speed>5.610</speed><sat>31</sat></trkpt>
  <trkpt lat="41.66323256" lon="26.58578208"><ele>91.384</ele><time>2026-10-07T14:33:28Z</time><speed>5.940</speed><sat>32</sat></trkpt>
  <trkpt lat="41.66327005" lon="26.58574394"><ele>91.434</ele><time>2026-10-07T14:33:29Z</time><speed>5.360</speed><sat>32</sat></trkpt>
  <trkpt lat="41.66331674" lon="26.58570004"><ele>91.229</ele><time>2026-10-07T14:33:30Z</time><speed>5.970</speed><sat>32</sat></trkpt>
  <trkpt lat="41.66336133" lon="26.58565860"><ele>91.137</ele><time>2026-10-07T14:33:31Z</time><speed>5.960</speed><sat>32</sat></trkpt>
  <trkpt lat="41.66340740" lon="26.58561062"><ele>90.702</ele><time>2026-10-07T14:33:32Z</time><speed>6.280</speed><sat>32</sat></trkpt>
  <trkpt lat="41.66345744" lon="26.58556243"><ele>90.832</ele><time>2026-10-07T14:33:33Z</time><speed>6.540</speed><sat>31</sat></trkpt>
  <trkpt lat="41.66350720" lon="26.58551259"><ele>90.437</ele><time>2026-10-07T14:33:34Z</time><speed>6.780</speed><sat>26</sat></trkpt>
  <trkpt lat="41.66356169" lon="26.58546544"><ele>90.098</ele><time>2026-10-07T14:33:35Z</time><speed>6.960</speed><sat>25</sat></trkpt>
  <trkpt lat="41.66361636" lon="26.58542211"><ele>90.542</ele><time>2026-10-07T14:33:36Z</time><speed>7.020</speed><sat>29</sat></trkpt>
  <trkpt lat="41.66366830" lon="26.58537874"><ele>91.346</ele><time>2026-10-07T14:33:37Z</time><speed>6.870</speed><sat>28</sat></trkpt>
  <trkpt lat="41.66372249" lon="26.58531849"><ele>91.309</ele><time>2026-10-07T14:33:38Z</time><speed>7.480</speed><sat>29</sat></trkpt>
  <trkpt lat="41.66376940" lon="26.58523997"><ele>91.796</ele><time>2026-10-07T14:33:39Z</time><speed>7.600</speed><sat>30</sat></trkpt>
  <trkpt lat="41.66382515" lon="26.58518457"><ele>91.580</ele><time>2026-10-07T14:33:40Z</time><speed>7.780</speed><sat>31</sat></trkpt>
  <trkpt lat="41.66388228" lon="26.58512521"><ele>91.121</ele><time>2026-10-07T14:33:41Z</time><speed>7.810</speed><sat>30</sat></trkpt>
  <trkpt lat="41.66394076" lon="26.58507085"><ele>90.816</ele><time>2026-10-07T14:33:42Z</time><speed>7.940</speed><sat>30</sat></trkpt>
  <trkpt lat="41.66399968" lon="26.58501519"><ele>90.846</ele><time>2026-10-07T14:33:43Z</time><speed>8.010</speed><sat>31</sat></trkpt>
  <trkpt lat="41.66405980" lon="26.58495657"><ele>90.887</ele><time>2026-10-07T14:33:44Z</time><speed>8.180</speed><sat>31</sat></trkpt>
  <trkpt lat="41.66412122" lon="26.58489948"><ele>90.794</ele><time>2026-10-07T14:33:45Z</time><speed>8.230</speed><sat>31</sat></trkpt>
  <trkpt lat="41.66418213" lon="26.58484029"><ele>90.948</ele><time>2026-10-07T14:33:46Z</time><speed>8.370</speed><sat>29</sat></trkpt>
  <trkpt lat="41.66424216" lon="26.58478036"><ele>90.734</ele><time>2026-10-07T14:33:47Z</time><speed>8.420</speed><sat>29</sat></trkpt>
  <trkpt lat="41.66429747" lon="26.58471784"><ele>91.368</ele><time>2026-10-07T14:33:48Z</time><speed>8.300</speed><sat>29</sat></trkpt>
  <trkpt lat="41.66435345" lon="26.58465642"><ele>91.687</ele><time>2026-10-07T14:33:49Z</time><speed>7.720</speed><sat>29</sat></trkpt>
  <trkpt lat="41.66440507" lon="26.58460033"><ele>90.962</ele><time>2026-10-07T14:33:50Z</time><speed>7.550</speed><sat>29</sat></trkpt>
  <trkpt lat="41.66444218" lon="26.58454379"><ele>90.996</ele><time>2026-10-07T14:33:51Z</time><speed>6.500</speed><sat>30</sat></trkpt>
  <trkpt lat="41.66447477" lon="26.58448109"><ele>90.832</ele><time>2026-10-07T14:33:52Z</time><speed>6.080</speed><sat>29</sat></trkpt>
  <trkpt lat="41.66451218" lon="26.58442518"><ele>90.892</ele><time>2026-10-07T14:33:53Z</time><speed>6.230</speed><sat>31</sat></trkpt>
  <trkpt lat="41.66454578" lon="26.58435974"><ele>90.749</ele><time>2026-10-07T14:33:54Z</time><speed>6.820</speed><sat>31</sat></trkpt>
  <trkpt lat="41.66459043" lon="26.58430416"><ele>91.016</ele><time>2026-10-07T14:33:55Z</time><speed>6.770</speed><sat>31</sat></trkpt>
  <trkpt lat="41.66463828" lon="26.58425638"><ele>90.951</ele><time>2026-10-07T14:33:56Z</time><speed>6.760</speed><sat>31</sat></trkpt>
  <trkpt lat="41.66469445" lon="26.58419063"><ele>91.313</ele><time>2026-10-07T14:33:57Z</time><speed>7.350</speed><sat>31</sat></trkpt>
  <trkpt lat="41.66474662" lon="26.58412975"><ele>91.613</ele><time>2026-10-07T14:33:58Z</time><speed>7.520</speed><sat>32</sat></trkpt>
  <trkpt lat="41.66477785" lon="26.58408064"><ele>90.989</ele><time>2026-10-07T14:33:59Z</time><speed>6.350</speed><sat>29</sat></trkpt>
  <trkpt lat="41.66482000" lon="26.58403637"><ele>91.354</ele><time>2026-10-07T14:34:00Z</time><speed>6.310</speed><sat>27</sat></trkpt>
  <trkpt lat="41.66484223" lon="26.58398028"><ele>90.287</ele><time>2026-10-07T14:34:01Z</time><speed>5.360</speed><sat>27</sat></trkpt>
  <trkpt lat="41.66486908" lon="26.58394223"><ele>90.387</ele><time>2026-10-07T14:34:02Z</time><speed>4.430</speed><sat>27</sat></trkpt>
  <trkpt lat="41.66488959" lon="26.58390879"><ele>90.141</ele><time>2026-10-07T14:34:03Z</time><speed>3.540</speed><sat>27</sat></trkpt>
  <trkpt lat="41.66490531" lon="26.58388114"><ele>89.773</ele><time>2026-10-07T14:34:04Z</time><speed>2.800</speed><sat>24</sat></trkpt>
  <trkpt lat="41.66491735" lon="26.58386318"><ele>89.878</ele><time>2026-10-07T14:34:05Z</time><speed>2.080</speed><sat>25</sat></trkpt>
  <trkpt lat="41.66493193" lon="26.58385878"><ele>89.354</ele><time>2026-10-07T14:34:06Z</time><speed>1.100</speed><sat>27</sat></trkpt>
  <trkpt lat="41.66493212" lon="26.58385736"><ele>89.446</ele><time>2026-10-07T14:34:07Z</time><speed>0.380</speed><sat>26</sat></trkpt>
  <trkpt lat="41.66493628" lon="26.58386991"><ele>89.167</ele><time>2026-10-07T14:34:08Z</time><speed>0.000</speed><sat>27</sat></trkpt>
  <trkpt lat="41.66493709" lon="26.58387216"><ele>89.250</ele><time>2026-10-07T14:34:09Z</time><speed>0.000</speed><sat>28</sat></trkpt>
  <trkpt lat="41.66493514" lon="26.58387050"><ele>89.002</ele><time>2026-10-07T14:34:10Z</time><speed>0.000</speed><sat>28</sat></trkpt>
  <trkpt lat="41.66493520" lon="26.58386936"><ele>88.981</ele><time>2026-10-07T14:34:11Z</time><speed>0.000</speed><sat>28</sat></trkpt>
  <trkpt lat="41.66493552" lon="26.58386726"><ele>88.898</ele><time>2026-10-07T14:34:12Z</time><speed>0.000</speed><sat>29</sat></trkpt>
  <trkpt lat="41.66493283" lon="26.58386304"><ele>89.228</ele><time>2026-10-07T14:34:13Z</time><speed>0.000</speed><sat>30</sat></trkpt>
  <trkpt lat="41.66493212" lon="26.58386187"><ele>88.921</ele><time>2026-10-07T14:34:14Z</time><speed>0.000</speed><sat>30</sat></trkpt>
  <trkpt lat="41.66493247" lon="26.58386032"><ele>88.895</ele><time>2026-10-07T14:34:15Z</time><speed>0.000</speed><sat>29</sat></trkpt>
  <trkpt lat="41.66493025" lon="26.58385684"><ele>88.968</ele><time>2026-10-07T14:34:16Z</time><speed>0.000</speed><sat>29</sat></trkpt>
  <trkpt lat="41.66492927" lon="26.58385409"><ele>88.807</ele><time>2026-10-07T14:34:17Z</time><speed>0.000</speed><sat>29</sat></trkpt>
  <trkpt lat="41.66492801" lon="26.58385094"><ele>88.735</ele><time>2026-10-07T14:34:18Z</time><speed>0.000</speed><sat>29</sat></trkpt>
  <trkpt lat="41.66492597" lon="26.58384877"><ele>88.638</ele><time>2026-10-07T14:34:19Z</time><speed>0.000</speed><sat>29</sat></trkpt>
  <trkpt lat="41.66492385" lon="26.58384652"><ele>88.705</ele><time>2026-10-07T14:34:20Z</time><speed>0.000</speed><sat>28</sat></trkpt>
  <trkpt lat="41.66492028" lon="26.58384665"><ele>88.798</ele><time>2026-10-07T14:34:21Z</time><speed>0.000</speed><sat>28</sat></trkpt>
  <trkpt lat="41.66492119" lon="26.58384645"><ele>88.883</ele><time>2026-10-07T14:34:22Z</time><speed>0.000</speed><sat>27</sat></trkpt>
  <trkpt lat="41.66491947" lon="26.58384628"><ele>89.059</ele><time>2026-10-07T14:34:23Z</time><speed>0.000</speed><sat>27</sat></trkpt>
  <trkpt lat="41.66491680" lon="26.58384546"><ele>89.249</ele><time>2026-10-07T14:34:24Z</time><speed>0.000</speed><sat>28</sat></trkpt>
  <trkpt lat="41.66491534" lon="26.58384697"><ele>89.336</ele><time>2026-10-07T14:34:25Z</time><speed>0.000</speed><sat>28</sat></trkpt>
  <trkpt lat="41.66491526" lon="26.58384672"><ele>89.478</ele><time>2026-10-07T14:34:26Z</time><speed>0.000</speed><sat>28</sat></trkpt>
  <trkpt lat="41.66491773" lon="26.58385162"><ele>89.214</ele><time>2026-10-07T14:34:27Z</time><speed>0.000</speed><sat>29</sat></trkpt>
  <trkpt lat="41.66491701" lon="26.58385351"><ele>89.161</ele><time>2026-10-07T14:34:28Z</time><speed>0.000</speed><sat>29</sat></trkpt>
  <trkpt lat="41.66491656" lon="26.58385418"><ele>89.141</ele><time>2026-10-07T14:34:29Z</time><speed>0.000</speed><sat>29</sat></trkpt>
  <trkpt lat="41.66491783" lon="26.58385726"><ele>89.103</ele><time>2026-10-07T14:34:30Z</time><speed>0.000</speed><sat>29</sat></trkpt>
  <trkpt lat="41.66491718" lon="26.58385785"><ele>89.105</ele><time>2026-10-07T14:34:31Z</time><speed>0.000</speed><sat>28</sat></trkpt>
  <trkpt lat="41.66491709" lon="26.58385831"><ele>89.254</ele><time>2026-10-07T14:34:32Z</time><speed>0.000</speed><sat>27</sat></trkpt>
  <trkpt lat="41.66491712" lon="26.58385886"><ele>89.315</ele><time>2026-10-07T14:34:33Z</time><speed>0.000</speed><sat>27</sat></trkpt>
  <trkpt lat="41.66491709" lon="26.58385887"><ele>89.331</ele><time>2026-10-07T14:34:34Z</time><speed>0.000</speed><sat>27</sat></trkpt>
  <trkpt lat="41.66491705" lon="26.58385887"><ele>89.338</ele><time>2026-10-07T14:34:35Z</time><speed>0.000</speed><sat>27</sat></trkpt>
  <trkpt lat="41.66491703" lon="26.58385890"><ele>89.346</ele><time>2026-10-07T14:34:36Z</time><speed>0.000</speed><sat>26</sat></trkpt>
  <trkpt lat="41.66491702" lon="26.58385891"><ele>89.349</ele><time>2026-10-07T14:34:37Z</time><speed>0.000</speed><sat>27</sat></trkpt>
  <trkpt lat="41.66491703" lon="26.58385893"><ele>89.349</ele><time>2026-10-07T14:34:38Z</time><speed>0.000</speed><sat>27</sat></trkpt>
  <trkpt lat="41.66491841" lon="26.58385703"><ele>89.596</ele><time>2026-10-07T14:34:39Z</time><speed>0.000</speed><sat>27</sat></trkpt>
  <trkpt lat="41.66491983" lon="26.58385605"><ele>89.946</ele><time>2026-10-07T14:34:40Z</time><speed>0.000</speed><sat>27</sat></trkpt>
  <trkpt lat="41.66492120" lon="26.58385519"><ele>90.179</ele><time>2026-10-07T14:34:41Z</time><speed>0.000</speed><sat>27</sat></trkpt>
  <trkpt lat="41.66492249" lon="26.58385411"><ele>90.181</ele><time>2026-10-07T14:34:42Z</time><speed>0.000</speed><sat>28</sat></trkpt>
  <trkpt lat="41.66492293" lon="26.58385022"><ele>90.391</ele><time>2026-10-07T14:34:43Z</time><speed>0.370</speed><sat>28</sat></trkpt>
  <trkpt lat="41.66492354" lon="26.58384492"><ele>90.418</ele><time>2026-10-07T14:34:44Z</time><speed>0.200</speed><sat>27</sat></trkpt>
  <trkpt lat="41.66492636" lon="26.58384079"><ele>90.076</ele><time>2026-10-07T14:34:45Z</time><speed>0.460</speed><sat>27</sat></trkpt>
  <trkpt lat="41.66493052" lon="26.58383352"><ele>90.267</ele><time>2026-10-07T14:34:46Z</time><speed>0.650</speed><sat>27</sat></trkpt>
  <trkpt lat="41.66493813" lon="26.58382291"><ele>90.145</ele><time>2026-10-07T14:34:47Z</time><speed>1.360</speed><sat>26</sat></trkpt>
  <trkpt lat="41.66494612" lon="26.58381160"><ele>89.965</ele><time>2026-10-07T14:34:48Z</time><speed>1.060</speed><sat>26</sat></trkpt>
  <trkpt lat="41.66496099" lon="26.58378664"><ele>90.015</ele><time>2026-10-07T14:34:49Z</time><speed>3.230</speed><sat>25</sat></trkpt>
  <trkpt lat="41.66498520" lon="26.58374839"><ele>90.149</ele><time>2026-10-07T14:34:50Z</time><speed>4.100</speed><sat>25</sat></trkpt>
  <trkpt lat="41.66501768" lon="26.58370917"><ele>89.810</ele><time>2026-10-07T14:34:51Z</time><speed>4.770</speed><sat>26</sat></trkpt>
  <trkpt lat="41.66505585" lon="26.58362969"><ele>89.690</ele><time>2026-10-07T14:34:52Z</time><speed>5.830</speed><sat>26</sat></trkpt>
  <trkpt lat="41.66508892" lon="26.58358057"><ele>89.378</ele><time>2026-10-07T14:34:53Z</time><speed>5.510</speed><sat>30</sat></trkpt>
  <trkpt lat="41.66512715" lon="26.58354271"><ele>88.916</ele><time>2026-10-07T14:34:54Z</time><speed>5.340</speed><sat>30</sat></trkpt>
  <trkpt lat="41.66514868" lon="26.58347869"><ele>89.588</ele><time>2026-10-07T14:34:55Z</time><speed>5.530</speed><sat>30</sat></trkpt>
  <trkpt lat="41.66517567" lon="26.58341027"><ele>89.775</ele><time>2026-10-07T14:34:56Z</time><speed>5.790</speed><sat>30</sat></trkpt>
  <trkpt lat="41.66519996" lon="26.58333632"><ele>89.897</ele><time>2026-10-07T14:34:57Z</time><speed>6.380</speed><sat>30</sat></trkpt>
  <trkpt lat="41.66523158" lon="26.58326875"><ele>90.233</ele><time>2026-10-07T14:34:58Z</time><speed>6.620</speed><sat>30</sat></trkpt>
  <trkpt lat="41.66527179" lon="26.58320799"><ele>90.392</ele><time>2026-10-07T14:34:59Z</time><speed>6.860</speed><sat>29</sat></trkpt>
  <trkpt lat="41.66531398" lon="26.58314416"><ele>90.221</ele><time>2026-10-07T14:35:00Z</time><speed>7.230</speed><sat>30</sat></trkpt>
  <trkpt lat="41.66535809" lon="26.58307827"><ele>90.042</ele><time>2026-10-07T14:35:01Z</time><speed>7.310</speed><sat>29</sat></trkpt>
  <trkpt lat="41.66540622" lon="26.58301178"><ele>89.842</ele><time>2026-10-07T14:35:02Z</time><speed>7.550</speed><sat>30</sat></trkpt>
  <trkpt lat="41.66545261" lon="26.58294028"><ele>89.817</ele><time>2026-10-07T14:35:03Z</time><speed>7.910</speed><sat>28</sat></trkpt>
  <trkpt lat="41.66550544" lon="26.58287011"><ele>89.753</ele><time>2026-10-07T14:35:04Z</time><speed>8.130</speed><sat>29</sat></trkpt>
  <trkpt lat="41.66555717" lon="26.58280487"><ele>89.513</ele><time>2026-10-07T14:35:05Z</time><speed>7.810</speed><sat>28</sat></trkpt>
  <trkpt lat="41.66560267" lon="26.58273112"><ele>89.640</ele><time>2026-10-07T14:35:06Z</time><speed>7.870</speed><sat>28</sat></trkpt>
  <trkpt lat="41.66565998" lon="26.58267444"><ele>89.756</ele><time>2026-10-07T14:35:07Z</time><speed>7.600</speed><sat>27</sat></trkpt>
  <trkpt lat="41.66570753" lon="26.58260185"><ele>90.205</ele><time>2026-10-07T14:35:08Z</time><speed>8.540</speed><sat>29</sat></trkpt>
  <trkpt lat="41.66573845" lon="26.58255879"><ele>89.034</ele><time>2026-10-07T14:35:09Z</time><speed>5.320</speed><sat>28</sat></trkpt>
  <trkpt lat="41.66576942" lon="26.58250933"><ele>88.496</ele><time>2026-10-07T14:35:10Z</time><speed>4.950</speed><sat>31</sat></trkpt>
  <trkpt lat="41.66579371" lon="26.58246023"><ele>88.782</ele><time>2026-10-07T14:35:11Z</time><speed>4.390</speed><sat>31</sat></trkpt>
  <trkpt lat="41.66581545" lon="26.58241345"><ele>89.764</ele><time>2026-10-07T14:35:12Z</time><speed>4.010</speed><sat>31</sat></trkpt>
  <trkpt lat="41.66583674" lon="26.58238933"><ele>89.508</ele><time>2026-10-07T14:35:13Z</time><speed>3.240</speed><sat>30</sat></trkpt>
  <trkpt lat="41.66584099" lon="26.58237195"><ele>89.724</ele><time>2026-10-07T14:35:14Z</time><speed>1.700</speed><sat>28</sat></trkpt>
  <trkpt lat="41.66583930" lon="26.58236990"><ele>89.514</ele><time>2026-10-07T14:35:15Z</time><speed>0.360</speed><sat>29</sat></trkpt>
  <trkpt lat="41.66583709" lon="26.58236624"><ele>89.147</ele><time>2026-10-07T14:35:16Z</time><speed>0.000</speed><sat>27</sat></trkpt>
  <trkpt lat="41.66583517" lon="26.58236299"><ele>88.299</ele><time>2026-10-07T14:35:17Z</time><speed>0.210</speed><sat>29</sat></trkpt>
  <trkpt lat="41.66583495" lon="26.58236328"><ele>88.186</ele><time>2026-10-07T14:35:18Z</time><speed>0.000</speed><sat>28</sat></trkpt>
  <trkpt lat="41.66583263" lon="26.58236037"><ele>87.944</ele><time>2026-10-07T14:35:19Z</time><speed>0.000</speed><sat>28</sat></trkpt>
  <trkpt lat="41.66583093" lon="26.58235587"><ele>87.811</ele><time>2026-10-07T14:35:20Z</time><speed>0.000</speed><sat>28</sat></trkpt>
  <trkpt lat="41.66583102" lon="26.58235587"><ele>87.360</ele><time>2026-10-07T14:35:21Z</time><speed>0.000</speed><sat>24</sat></trkpt>
  <trkpt lat="41.66583084" lon="26.58235521"><ele>87.322</ele><time>2026-10-07T14:35:22Z</time><speed>0.000</speed><sat>23</sat></trkpt>
  <trkpt lat="41.66583105" lon="26.58235691"><ele>87.116</ele><time>2026-10-07T14:35:23Z</time><speed>0.000</speed><sat>24</sat></trkpt>
  <trkpt lat="41.66583241" lon="26.58236364"><ele>86.764</ele><time>2026-10-07T14:35:24Z</time><speed>0.430</speed><sat>23</sat></trkpt>
  <trkpt lat="41.66583144" lon="26.58235854"><ele>86.374</ele><time>2026-10-07T14:35:25Z</time><speed>0.170</speed><sat>23</sat></trkpt>
  <trkpt lat="41.66582838" lon="26.58236092"><ele>86.180</ele><time>2026-10-07T14:35:26Z</time><speed>0.330</speed><sat>25</sat></trkpt>
  <trkpt lat="41.66583996" lon="26.58234111"><ele>86.460</ele><time>2026-10-07T14:35:27Z</time><speed>2.590</speed><sat>25</sat></trkpt>
  <trkpt lat="41.66585475" lon="26.58231537"><ele>86.262</ele><time>2026-10-07T14:35:28Z</time><speed>2.730</speed><sat>26</sat></trkpt>
  <trkpt lat="41.66587391" lon="26.58228639"><ele>86.291</ele><time>2026-10-07T14:35:29Z</time><speed>3.650</speed><sat>23</sat></trkpt>
  <trkpt lat="41.66589700" lon="26.58224945"><ele>86.452</ele><time>2026-10-07T14:35:30Z</time><speed>4.430</speed><sat>24</sat></trkpt>
  <trkpt lat="41.66592098" lon="26.58220664"><ele>87.207</ele><time>2026-10-07T14:35:31Z</time><speed>4.610</speed><sat>26</sat></trkpt>
  <trkpt lat="41.66595356" lon="26.58216437"><ele>87.277</ele><time>2026-10-07T14:35:32Z</time><speed>5.750</speed><sat>28</sat></trkpt>
  <trkpt lat="41.66599038" lon="26.58211483"><ele>87.763</ele><time>2026-10-07T14:35:33Z</time><speed>6.220</speed><sat>29</sat></trkpt>
  <trkpt lat="41.66603262" lon="26.58205902"><ele>88.502</ele><time>2026-10-07T14:35:34Z</time><speed>6.460</speed><sat>31</sat></trkpt>
  <trkpt lat="41.66607132" lon="26.58200049"><ele>88.629</ele><time>2026-10-07T14:35:35Z</time><speed>6.700</speed><sat>31</sat></trkpt>
  <trkpt lat="41.66611150" lon="26.58194026"><ele>88.979</ele><time>2026-10-07T14:35:36Z</time><speed>6.700</speed><sat>30</sat></trkpt>
  <trkpt lat="41.66615087" lon="26.58188128"><ele>89.205</ele><time>2026-10-07T14:35:37Z</time><speed>6.450</speed><sat>30</sat></trkpt>
  <trkpt lat="41.66618811" lon="26.58182556"><ele>89.133</ele><time>2026-10-07T14:35:38Z</time><speed>6.300</speed><sat>25</sat></trkpt>
  <trkpt lat="41.66622895" lon="26.58176785"><ele>88.548</ele><time>2026-10-07T14:35:39Z</time><speed>6.600</speed><sat>25</sat></trkpt>
  <trkpt lat="41.66626910" lon="26.58170773"><ele>88.893</ele><time>2026-10-07T14:35:40Z</time><speed>6.800</speed><sat>30</sat></trkpt>
  <trkpt lat="41.66630979" lon="26.58164312"><ele>88.882</ele><time>2026-10-07T14:35:41Z</time><speed>7.010</speed><sat>31</sat></trkpt>
  <trkpt lat="41.66635352" lon="26.58157732"><ele>88.740</ele><time>2026-10-07T14:35:42Z</time><speed>7.250</speed><sat>31</sat></trkpt>
  <trkpt lat="41.66639376" lon="26.58151969"><ele>88.453</ele><time>2026-10-07T14:35:43Z</time><speed>6.520</speed><sat>31</sat></trkpt>
  <trkpt lat="41.66643763" lon="26.58143089"><ele>88.448</ele><time>2026-10-07T14:35:44Z</time><speed>7.450</speed><sat>29</sat></trkpt>
  <trkpt lat="41.66647870" lon="26.58137938"><ele>87.715</ele><time>2026-10-07T14:35:45Z</time><speed>6.790</speed><sat>30</sat></trkpt>
  <trkpt lat="41.66655117" lon="26.58133755"><ele>86.926</ele><time>2026-10-07T14:35:46Z</time><speed>6.690</speed><sat>28</sat></trkpt>
  <trkpt lat="41.66660436" lon="26.58128727"><ele>86.605</ele><time>2026-10-07T14:35:47Z</time><speed>6.750</speed><sat>29</sat></trkpt>
  <trkpt lat="41.66663674" lon="26.58117541"><ele>87.074</ele><time>2026-10-07T14:35:48Z</time><speed>7.730</speed><sat>30</sat></trkpt>
  <trkpt lat="41.66668744" lon="26.58109994"><ele>86.982</ele><time>2026-10-07T14:35:49Z</time><speed>8.090</speed><sat>28</sat></trkpt>
  <trkpt lat="41.66672172" lon="26.58101505"><ele>86.987</ele><time>2026-10-07T14:35:50Z</time><speed>7.650</speed><sat>30</sat></trkpt>
  <trkpt lat="41.66676733" lon="26.58095073"><ele>87.106</ele><time>2026-10-07T14:35:51Z</time><speed>7.420</speed><sat>28</sat></trkpt>
  <trkpt lat="41.66681391" lon="26.58087451"><ele>86.418</ele><time>2026-10-07T14:35:52Z</time><speed>7.380</speed><sat>28</sat></trkpt>
  <trkpt lat="41.66686473" lon="26.58083491"><ele>86.365</ele><time>2026-10-07T14:35:53Z</time><speed>6.680</speed><sat>28</sat></trkpt>
  <trkpt lat="41.66691478" lon="26.58079450"><ele>86.167</ele><time>2026-10-07T14:35:54Z</time><speed>6.360</speed><sat>28</sat></trkpt>
  <trkpt lat="41.66693024" lon="26.58073317"><ele>86.528</ele><time>2026-10-07T14:35:55Z</time><speed>5.310</speed><sat>27</sat></trkpt>
  <trkpt lat="41.66696692" lon="26.58068959"><ele>86.497</ele><time>2026-10-07T14:35:56Z</time><speed>5.450</speed><sat>26</sat></trkpt>
  <trkpt lat="41.66700445" lon="26.58066725"><ele>87.259</ele><time>2026-10-07T14:35:57Z</time><speed>4.800</speed><sat>25</sat></trkpt>
  <trkpt lat="41.66701396" lon="26.58060342"><ele>87.891</ele><time>2026-10-07T14:35:58Z</time><speed>4.000</speed><sat>25</sat></trkpt>
  <trkpt lat="41.66702691" lon="26.58057886"><ele>87.791</ele><time>2026-10-07T14:35:59Z</time><speed>2.640</speed><sat>25</sat></trkpt>
  <trkpt lat="41.66703612" lon="26.58055500"><ele>88.220</ele><time>2026-10-07T14:36:00Z</time><speed>1.770</speed><sat>27</sat></trkpt>
  <trkpt lat="41.66704328" lon="26.58054929"><ele>88.488</ele><time>2026-10-07T14:36:01Z</time><speed>1.540</speed><sat>27</sat></trkpt>
  <trkpt lat="41.66703738" lon="26.58055721"><ele>88.628</ele><time>2026-10-07T14:36:02Z</time><speed>0.000</speed><sat>26</sat></trkpt>
  <trkpt lat="41.66703822" lon="26.58056112"><ele>89.109</ele><time>2026-10-07T14:36:03Z</time><speed>0.000</speed><sat>26</sat></trkpt>
  <trkpt lat="41.66702784" lon="26.58055371"><ele>89.598</ele><time>2026-10-07T14:36:04Z</time><speed>0.580</speed><sat>26</sat></trkpt>
  <trkpt lat="41.66703040" lon="26.58056108"><ele>89.396</ele><time>2026-10-07T14:36:05Z</time><speed>0.000</speed><sat>27</sat></trkpt>
  <trkpt lat="41.66702920" lon="26.58055927"><ele>89.343</ele><time>2026-10-07T14:36:06Z</time><speed>0.000</speed><sat>26</sat></trkpt>
  <trkpt lat="41.66703055" lon="26.58056146"><ele>89.603</ele><time>2026-10-07T14:36:07Z</time><speed>0.000</speed><sat>26</sat></trkpt>
  <trkpt lat="41.66702905" lon="26.58056149"><ele>89.528</ele><time>2026-10-07T14:36:08Z</time><speed>0.000</speed><sat>25</sat></trkpt>
  <trkpt lat="41.66702135" lon="26.58055839"><ele>89.760</ele><time>2026-10-07T14:36:09Z</time><speed>0.620</speed><sat>27</sat></trkpt>
  <trkpt lat="41.66702974" lon="26.58055381"><ele>90.398</ele><time>2026-10-07T14:36:10Z</time><speed>0.330</speed><sat>27</sat></trkpt>
  <trkpt lat="41.66702747" lon="26.58054973"><ele>90.930</ele><time>2026-10-07T14:36:11Z</time><speed>0.330</speed><sat>27</sat></trkpt>
  <trkpt lat="41.66703811" lon="26.58052469"><ele>90.463</ele><time>2026-10-07T14:36:12Z</time><speed>2.230</speed><sat>27</sat></trkpt>
  <trkpt lat="41.66705563" lon="26.58048787"><ele>90.557</ele><time>2026-10-07T14:36:13Z</time><speed>3.800</speed><sat>27</sat></trkpt>
  <trkpt lat="41.66707864" lon="26.58044328"><ele>90.544</ele><time>2026-10-07T14:36:14Z</time><speed>4.560</speed><sat>27</sat></trkpt>
  <trkpt lat="41.66710338" lon="26.58038184"><ele>90.662</ele><time>2026-10-07T14:36:15Z</time><speed>5.500</speed><sat>27</sat></trkpt>
  <trkpt lat="41.66711934" lon="26.58032277"><ele>90.668</ele><time>2026-10-07T14:36:16Z</time><speed>5.920</speed><sat>27</sat></trkpt>
  <trkpt lat="41.66713978" lon="26.58025276"><ele>91.012</ele><time>2026-10-07T14:36:17Z</time><speed>6.570</speed><sat>27</sat></trkpt>
  <trkpt lat="41.66717801" lon="26.58020717"><ele>90.073</ele><time>2026-10-07T14:36:18Z</time><speed>5.800</speed><sat>27</sat></trkpt>
  <trkpt lat="41.66720422" lon="26.58015093"><ele>89.955</ele><time>2026-10-07T14:36:19Z</time><speed>5.760</speed><sat>27</sat></trkpt>
  <trkpt lat="41.66723010" lon="26.58008419"><ele>89.909</ele><time>2026-10-07T14:36:20Z</time><speed>6.430</speed><sat>29</sat></trkpt>
  <trkpt lat="41.66725801" lon="26.58001393"><ele>90.146</ele><time>2026-10-07T14:36:21Z</time><speed>6.920</speed><sat>31</sat></trkpt>
  <trkpt lat="41.66729183" lon="26.57994671"><ele>90.159</ele><time>2026-10-07T14:36:22Z</time><speed>6.860</speed><sat>31</sat></trkpt>
  <trkpt lat="41.66732267" lon="26.57986700"><ele>89.973</ele><time>2026-10-07T14:36:23Z</time><speed>7.430</speed><sat>31</sat></trkpt>
  <trkpt lat="41.66735719" lon="26.57979460"><ele>89.509</ele><time>2026-10-07T14:36:24Z</time><speed>7.370</speed><sat>31</sat></trkpt>
  <trkpt lat="41.66739458" lon="26.57972947"><ele>88.903</ele><time>2026-10-07T14:36:25Z</time><speed>6.770</speed><sat>31</sat></trkpt>
  <trkpt lat="41.66742081" lon="26.57962376"><ele>89.208</ele><time>2026-10-07T14:36:26Z</time><speed>8.950</speed><sat>31</sat></trkpt>
  <trkpt lat="41.66745381" lon="26.57952869"><ele>89.647</ele><time>2026-10-07T14:36:27Z</time><speed>9.180</speed><sat>29</sat></trkpt>
  <trkpt lat="41.66748840" lon="26.57943653"><ele>90.363</ele><time>2026-10-07T14:36:28Z</time><speed>8.900</speed><sat>30</sat></trkpt>
  <trkpt lat="41.66751962" lon="26.57934208"><ele>89.825</ele><time>2026-10-07T14:36:29Z</time><speed>8.620</speed><sat>30</sat></trkpt>
  <trkpt lat="41.66755619" lon="26.57924581"><ele>89.810</ele><time>2026-10-07T14:36:30Z</time><speed>8.940</speed><sat>29</sat></trkpt>
  <trkpt lat="41.66759722" lon="26.57914672"><ele>90.345</ele><time>2026-10-07T14:36:31Z</time><speed>9.580</speed><sat>29</sat></trkpt>
  <trkpt lat="41.66763651" lon="26.57905187"><ele>90.130</ele><time>2026-10-07T14:36:32Z</time><speed>9.080</speed><sat>29</sat></trkpt>
  <trkpt lat="41.66767963" lon="26.57896345"><ele>90.613</ele><time>2026-10-07T14:36:33Z</time><speed>8.640</speed><sat>29</sat></trkpt>
  <trkpt lat="41.66771510" lon="26.57886691"><ele>90.434</ele><time>2026-10-07T14:36:34Z</time><speed>8.980</speed><sat>29</sat></trkpt>
  <trkpt lat="41.66775373" lon="26.57877626"><ele>90.627</ele><time>2026-10-07T14:36:35Z</time><speed>8.630</speed><sat>31</sat></trkpt>
  <trkpt lat="41.66777208" lon="26.57866756"><ele>90.465</ele><time>2026-10-07T14:36:36Z</time><speed>8.430</speed><sat>31</sat></trkpt>
  <trkpt lat="41.66780778" lon="26.57858342"><ele>91.026</ele><time>2026-10-07T14:36:37Z</time><speed>8.450</speed><sat>30</sat></trkpt>
  <trkpt lat="41.66784375" lon="26.57850138"><ele>90.844</ele><time>2026-10-07T14:36:38Z</time><speed>7.540</speed><sat>29</sat></trkpt>
  <trkpt lat="41.66787619" lon="26.57842720"><ele>90.617</ele><time>2026-10-07T14:36:39Z</time><speed>6.800</speed><sat>30</sat></trkpt>
  <trkpt lat="41.66790715" lon="26.57836366"><ele>90.323</ele><time>2026-10-07T14:36:40Z</time><speed>6.130</speed><sat>30</sat></trkpt>
  <trkpt lat="41.66792983" lon="26.57830671"><ele>90.319</ele><time>2026-10-07T14:36:41Z</time><speed>5.360</speed><sat>28</sat></trkpt>
  <trkpt lat="41.66795142" lon="26.57825854"><ele>90.401</ele><time>2026-10-07T14:36:42Z</time><speed>4.580</speed><sat>28</sat></trkpt>
  <trkpt lat="41.66797039" lon="26.57820533"><ele>89.395</ele><time>2026-10-07T14:36:43Z</time><speed>4.890</speed><sat>29</sat></trkpt>
  <trkpt lat="41.66797055" lon="26.57819828"><ele>89.081</ele><time>2026-10-07T14:36:44Z</time><speed>2.250</speed><sat>28</sat></trkpt>
  <trkpt lat="41.66797053" lon="26.57818439"><ele>89.022</ele><time>2026-10-07T14:36:45Z</time><speed>1.360</speed><sat>30</sat></trkpt>
  <trkpt lat="41.66797611" lon="26.57818187"><ele>89.302</ele><time>2026-10-07T14:36:46Z</time><speed>0.420</speed><sat>30</sat></trkpt>
  <trkpt lat="41.66797714" lon="26.57818240"><ele>89.956</ele><time>2026-10-07T14:36:47Z</time><speed>0.000</speed><sat>30</sat></trkpt>
  <trkpt lat="41.66797549" lon="26.57817917"><ele>90.204</ele><time>2026-10-07T14:36:48Z</time><speed>0.000</speed><sat>29</sat></trkpt>
  <trkpt lat="41.66797434" lon="26.57817943"><ele>90.145</ele><time>2026-10-07T14:36:49Z</time><speed>0.000</speed><sat>29</sat></trkpt>
  <trkpt lat="41.66797522" lon="26.57817973"><ele>90.258</ele><time>2026-10-07T14:36:50Z</time><speed>0.000</speed><sat>29</sat></trkpt>
  <trkpt lat="41.66797483" lon="26.57817969"><ele>90.117</ele><time>2026-10-07T14:36:51Z</time><speed>0.000</speed><sat>29</sat></trkpt>
  <trkpt lat="41.66797300" lon="26.57817686"><ele>90.405</ele><time>2026-10-07T14:36:52Z</time><speed>0.000</speed><sat>28</sat></trkpt>
  <trkpt lat="41.66797157" lon="26.57817352"><ele>90.491</ele><time>2026-10-07T14:36:53Z</time><speed>0.000</speed><sat>26</sat></trkpt>
  <trkpt lat="41.66796904" lon="26.57817037"><ele>90.728</ele><time>2026-10-07T14:36:54Z</time><speed>0.000</speed><sat>25</sat></trkpt>
  <trkpt lat="41.66796946" lon="26.57817027"><ele>90.891</ele><time>2026-10-07T14:36:55Z</time><speed>0.000</speed><sat>25</sat></trkpt>
  <trkpt lat="41.66797157" lon="26.57816584"><ele>91.064</ele><time>2026-10-07T14:36:56Z</time><speed>0.290</speed><sat>26</sat></trkpt>
  <trkpt lat="41.66797786" lon="26.57815828"><ele>91.387</ele><time>2026-10-07T14:36:57Z</time><speed>0.800</speed><sat>26</sat></trkpt>
  <trkpt lat="41.66798443" lon="26.57814706"><ele>91.326</ele><time>2026-10-07T14:36:58Z</time><speed>0.980</speed><sat>28</sat></trkpt>
  <trkpt lat="41.66798886" lon="26.57813192"><ele>91.236</ele><time>2026-10-07T14:36:59Z</time><speed>1.230</speed><sat>28</sat></trkpt>
  <trkpt lat="41.66799577" lon="26.57811645"><ele>91.301</ele><time>2026-10-07T14:37:00Z</time><speed>1.410</speed><sat>27</sat></trkpt>
  <trkpt lat="41.66800128" lon="26.57809642"><ele>91.610</ele><time>2026-10-07T14:37:01Z</time><speed>1.550</speed><sat>29</sat></trkpt>
  <trkpt lat="41.66800702" lon="26.57807656"><ele>91.936</ele><time>2026-10-07T14:37:02Z</time><speed>1.670</speed><sat>30</sat></trkpt>
  <trkpt lat="41.66801319" lon="26.57805828"><ele>91.712</ele><time>2026-10-07T14:37:03Z</time><speed>1.460</speed><sat>30</sat></trkpt>
  <trkpt lat="41.66801806" lon="26.57804105"><ele>91.811</ele><time>2026-10-07T14:37:04Z</time><speed>1.510</speed><sat>30</sat></trkpt>
  <trkpt lat="41.66802220" lon="26.57802410"><ele>91.792</ele><time>2026-10-07T14:37:05Z</time><speed>1.430</speed><sat>30</sat></trkpt>
  <trkpt lat="41.66802785" lon="26.57801102"><ele>90.843</ele><time>2026-10-07T14:37:06Z</time><speed>1.240</speed><sat>32</sat></trkpt>
  <trkpt lat="41.66803275" lon="26.57799892"><ele>90.689</ele><time>2026-10-07T14:37:07Z</time><speed>1.290</speed><sat>31</sat></trkpt>
  <trkpt lat="41.66803724" lon="26.57798406"><ele>90.753</ele><time>2026-10-07T14:37:08Z</time><speed>1.620</speed><sat>31</sat></trkpt>
  <trkpt lat="41.66804362" lon="26.57796537"><ele>89.943</ele><time>2026-10-07T14:37:09Z</time><speed>2.140</speed><sat>31</sat></trkpt>
  <trkpt lat="41.66804852" lon="26.57794081"><ele>90.079</ele><time>2026-10-07T14:37:10Z</time><speed>2.380</speed><sat>31</sat></trkpt>
  <trkpt lat="41.66805179" lon="26.57791742"><ele>89.811</ele><time>2026-10-07T14:37:11Z</time><speed>2.140</speed><sat>32</sat></trkpt>
  <trkpt lat="41.66805392" lon="26.57789999"><ele>89.348</ele><time>2026-10-07T14:37:12Z</time><speed>1.670</speed><sat>32</sat></trkpt>
  <trkpt lat="41.66805572" lon="26.57789241"><ele>88.683</ele><time>2026-10-07T14:37:13Z</time><speed>0.960</speed><sat>32</sat></trkpt>
  <trkpt lat="41.66805672" lon="26.57788918"><ele>88.686</ele><time>2026-10-07T14:37:14Z</time><speed>0.830</speed><sat>31</sat></trkpt>
  <trkpt lat="41.66805625" lon="26.57788447"><ele>88.935</ele><time>2026-10-07T14:37:15Z</time><speed>1.070</speed><sat>31</sat></trkpt>
  <trkpt lat="41.66805380" lon="26.57787702"><ele>89.077</ele><time>2026-10-07T14:37:16Z</time><speed>1.100</speed><sat>30</sat></trkpt>
  <trkpt lat="41.66804923" lon="26.57786882"><ele>89.042</ele><time>2026-10-07T14:37:17Z</time><speed>1.320</speed><sat>32</sat></trkpt>
  <trkpt lat="41.66804246" lon="26.57786003"><ele>89.030</ele><time>2026-10-07T14:37:18Z</time><speed>1.370</speed><sat>32</sat></trkpt>
  <trkpt lat="41.66803403" lon="26.57785235"><ele>88.988</ele><time>2026-10-07T14:37:19Z</time><speed>1.430</speed><sat>33</sat></trkpt>
  <trkpt lat="41.66802334" lon="26.57784555"><ele>88.972</ele><time>2026-10-07T14:37:20Z</time><speed>1.570</speed><sat>33</sat></trkpt>
  <trkpt lat="41.66801047" lon="26.57783960"><ele>88.583</ele><time>2026-10-07T14:37:21Z</time><speed>1.760</speed><sat>34</sat></trkpt>
  <trkpt lat="41.66799631" lon="26.57783372"><ele>88.447</ele><time>2026-10-07T14:37:22Z</time><speed>1.810</speed><sat>34</sat></trkpt>
  <trkpt lat="41.66798323" lon="26.57782862"><ele>88.421</ele><time>2026-10-07T14:37:23Z</time><speed>1.520</speed><sat>32</sat></trkpt>
  <trkpt lat="41.66797390" lon="26.57782458"><ele>88.490</ele><time>2026-10-07T14:37:24Z</time><speed>1.060</speed><sat>32</sat></trkpt>
  <trkpt lat="41.66796682" lon="26.57782034"><ele>88.396</ele><time>2026-10-07T14:37:25Z</time><speed>1.050</speed><sat>32</sat></trkpt>
  <trkpt lat="41.66795887" lon="26.57781549"><ele>88.021</ele><time>2026-10-07T14:37:26Z</time><speed>1.140</speed><sat>31</sat></trkpt>
  <trkpt lat="41.66794990" lon="26.57780977"><ele>87.713</ele><time>2026-10-07T14:37:27Z</time><speed>1.290</speed><sat>31</sat></trkpt>
  <trkpt lat="41.66794076" lon="26.57780280"><ele>87.728</ele><time>2026-10-07T14:37:28Z</time><speed>1.250</speed><sat>31</sat></trkpt>
  <trkpt lat="41.66793195" lon="26.57779596"><ele>87.645</ele><time>2026-10-07T14:37:29Z</time><speed>1.210</speed><sat>30</sat></trkpt>
  <trkpt lat="41.66792243" lon="26.57778895"><ele>87.860</ele><time>2026-10-07T14:37:30Z</time><speed>1.340</speed><sat>30</sat></trkpt>
  <trkpt lat="41.66791005" lon="26.57778069"><ele>87.828</ele><time>2026-10-07T14:37:31Z</time><speed>1.660</speed><sat>31</sat></trkpt>
  <trkpt lat="41.66789423" lon="26.57776903"><ele>87.527</ele><time>2026-10-07T14:37:32Z</time><speed>2.170</speed><sat>31</sat></trkpt>
  <trkpt lat="41.66787755" lon="26.57775460"><ele>87.539</ele><time>2026-10-07T14:37:33Z</time><speed>2.180</speed><sat>31</sat></trkpt>
  <trkpt lat="41.66786325" lon="26.57773984"><ele>87.357</ele><time>2026-10-07T14:37:34Z</time><speed>1.800</speed><sat>31</sat></trkpt>
  <trkpt lat="41.66785085" lon="26.57772421"><ele>87.233</ele><time>2026-10-07T14:37:35Z</time><speed>1.900</speed><sat>31</sat></trkpt>
  <trkpt lat="41.66783951" lon="26.57770699"><ele>87.258</ele><time>2026-10-07T14:37:36Z</time><speed>1.770</speed><sat>31</sat></trkpt>
  <trkpt lat="41.66782948" lon="26.57768962"><ele>86.979</ele><time>2026-10-07T14:37:37Z</time><speed>1.710</speed><sat>31</sat></trkpt>
  <trkpt lat="41.66783138" lon="26.57767746"><ele>86.908</ele><time>2026-10-07T14:37:38Z</time><speed>0.000</speed><sat>32</sat></trkpt>
  <trkpt lat="41.66783514" lon="26.57767450"><ele>86.835</ele><time>2026-10-07T14:37:39Z</time><speed>0.000</speed><sat>32</sat></trkpt>
  <trkpt lat="41.66783534" lon="26.57767206"><ele>86.780</ele><time>2026-10-07T14:37:40Z</time><speed>0.240</speed><sat>32</sat></trkpt>
  <trkpt lat="41.66783176" lon="26.57766604"><ele>86.620</ele><time>2026-10-07T14:37:41Z</time><speed>0.870</speed><sat>32</sat></trkpt>
  <trkpt lat="41.66782366" lon="26.57765469"><ele>86.633</ele><time>2026-10-07T14:37:42Z</time><speed>1.490</speed><sat>32</sat></trkpt>
  <trkpt lat="41.66781369" lon="26.57764077"><ele>86.686</ele><time>2026-10-07T14:37:43Z</time><speed>1.520</speed><sat>32</sat></trkpt>
  <trkpt lat="41.66780696" lon="26.57762807"><ele>86.774</ele><time>2026-10-07T14:37:44Z</time><speed>1.010</speed><sat>32</sat></trkpt>
  <trkpt lat="41.66780304" lon="26.57761860"><ele>86.844</ele><time>2026-10-07T14:37:45Z</time><speed>0.800</speed><sat>32</sat></trkpt>
  <trkpt lat="41.66779949" lon="26.57760903"><ele>87.061</ele><time>2026-10-07T14:37:46Z</time><speed>0.970</speed><sat>31</sat></trkpt>
  <trkpt lat="41.66779523" lon="26.57759623"><ele>87.046</ele><time>2026-10-07T14:37:47Z</time><speed>1.240</speed><sat>32</sat></trkpt>
  <trkpt lat="41.66779055" lon="26.57758139"><ele>87.096</ele><time>2026-10-07T14:37:48Z</time><speed>1.370</speed><sat>32</sat></trkpt>
  <trkpt lat="41.66778589" lon="26.57756537"><ele>87.184</ele><time>2026-10-07T14:37:49Z</time><speed>1.400</speed><sat>32</sat></trkpt>
  <trkpt lat="41.66778114" lon="26.57754811"><ele>87.029</ele><time>2026-10-07T14:37:50Z</time><speed>1.540</speed><sat>32</sat></trkpt>
  <trkpt lat="41.66777598" lon="26.57752806"><ele>87.472</ele><time>2026-10-07T14:37:51Z</time><speed>1.860</speed><sat>31</sat></trkpt>
  <trkpt lat="41.66776990" lon="26.57750384"><ele>87.198</ele><time>2026-10-07T14:37:52Z</time><speed>2.100</speed><sat>30</sat></trkpt>
  <trkpt lat="41.66776359" lon="26.57747687"><ele>87.434</ele><time>2026-10-07T14:37:53Z</time><speed>2.320</speed><sat>30</sat></trkpt>
  <trkpt lat="41.66775704" lon="26.57744769"><ele>87.911</ele><time>2026-10-07T14:37:54Z</time><speed>2.510</speed><sat>30</sat></trkpt>
  <trkpt lat="41.66775333" lon="26.57741764"><ele>87.549</ele><time>2026-10-07T14:37:55Z</time><speed>2.340</speed><sat>30</sat></trkpt>
  <trkpt lat="41.66774980" lon="26.57738585"><ele>87.428</ele><time>2026-10-07T14:37:56Z</time><speed>2.710</speed><sat>31</sat></trkpt>
  <trkpt lat="41.66774396" lon="26.57735008"><ele>87.388</ele><time>2026-10-07T14:37:57Z</time><speed>3.180</speed><sat>33</sat></trkpt>
  <trkpt lat="41.66773649" lon="26.57731270"><ele>87.952</ele><time>2026-10-07T14:37:58Z</time><speed>3.190</speed><sat>34</sat></trkpt>
  <trkpt lat="41.66772946" lon="26.57727424"><ele>87.683</ele><time>2026-10-07T14:37:59Z</time><speed>3.290</speed><sat>35</sat></trkpt>
  <trkpt lat="41.66772370" lon="26.57723703"><ele>87.894</ele><time>2026-10-07T14:38:00Z</time><speed>3.030</speed><sat>34</sat></trkpt>
  <trkpt lat="41.66771953" lon="26.57720484"><ele>87.491</ele><time>2026-10-07T14:38:01Z</time><speed>2.440</speed><sat>34</sat></trkpt>
  <trkpt lat="41.66771638" lon="26.57718012"><ele>87.611</ele><time>2026-10-07T14:38:02Z</time><speed>1.890</speed><sat>34</sat></trkpt>
  <trkpt lat="41.66771437" lon="26.57716898"><ele>87.436</ele><time>2026-10-07T14:38:03Z</time><speed>0.350</speed><sat>33</sat></trkpt>
  <trkpt lat="41.66771219" lon="26.57716583"><ele>87.830</ele><time>2026-10-07T14:38:04Z</time><speed>0.400</speed><sat>34</sat></trkpt>
  <trkpt lat="41.66770986" lon="26.57716288"><ele>87.939</ele><time>2026-10-07T14:38:05Z</time><speed>0.310</speed><sat>34</sat></trkpt>
  <trkpt lat="41.66770714" lon="26.57716024"><ele>87.939</ele><time>2026-10-07T14:38:06Z</time><speed>0.390</speed><sat>34</sat></trkpt>
  <trkpt lat="41.66770069" lon="26.57716156"><ele>87.967</ele><time>2026-10-07T14:38:07Z</time><speed>0.000</speed><sat>34</sat></trkpt>
  <trkpt lat="41.66769364" lon="26.57716343"><ele>88.107</ele><time>2026-10-07T14:38:08Z</time><speed>0.000</speed><sat>33</sat></trkpt>
  <trkpt lat="41.66768954" lon="26.57716402"><ele>88.089</ele><time>2026-10-07T14:38:09Z</time><speed>0.000</speed><sat>33</sat></trkpt>
  <trkpt lat="41.66768765" lon="26.57716372"><ele>88.059</ele><time>2026-10-07T14:38:10Z</time><speed>0.000</speed><sat>33</sat></trkpt>
  <trkpt lat="41.66768564" lon="26.57716344"><ele>88.103</ele><time>2026-10-07T14:38:11Z</time><speed>0.000</speed><sat>34</sat></trkpt>
  <trkpt lat="41.66768398" lon="26.57716098"><ele>87.407</ele><time>2026-10-07T14:38:12Z</time><speed>0.190</speed><sat>34</sat></trkpt>
  <trkpt lat="41.66768150" lon="26.57715444"><ele>87.583</ele><time>2026-10-07T14:38:13Z</time><speed>0.730</speed><sat>34</sat></trkpt>
  <trkpt lat="41.66767767" lon="26.57714159"><ele>87.693</ele><time>2026-10-07T14:38:14Z</time><speed>1.400</speed><sat>34</sat></trkpt>
  <trkpt lat="41.66767362" lon="26.57712526"><ele>88.025</ele><time>2026-10-07T14:38:15Z</time><speed>1.390</speed><sat>34</sat></trkpt>
  <trkpt lat="41.66766886" lon="26.57711084"><ele>88.215</ele><time>2026-10-07T14:38:16Z</time><speed>1.210</speed><sat>34</sat></trkpt>
  <trkpt lat="41.66766537" lon="26.57709828"><ele>87.878</ele><time>2026-10-07T14:38:17Z</time><speed>1.090</speed><sat>33</sat></trkpt>
  <trkpt lat="41.66766326" lon="26.57708615"><ele>87.750</ele><time>2026-10-07T14:38:18Z</time><speed>1.040</speed><sat>33</sat></trkpt>
  <trkpt lat="41.66766064" lon="26.57707544"><ele>87.642</ele><time>2026-10-07T14:38:19Z</time><speed>0.910</speed><sat>31</sat></trkpt>
  <trkpt lat="41.66765663" lon="26.57706595"><ele>88.033</ele><time>2026-10-07T14:38:20Z</time><speed>0.840</speed><sat>30</sat></trkpt>
  <trkpt lat="41.66765364" lon="26.57705847"><ele>88.169</ele><time>2026-10-07T14:38:21Z</time><speed>0.590</speed><sat>29</sat></trkpt>
  <trkpt lat="41.66765087" lon="26.57705378"><ele>88.484</ele><time>2026-10-07T14:38:22Z</time><speed>0.370</speed><sat>28</sat></trkpt>
  <trkpt lat="41.66764804" lon="26.57705214"><ele>88.018</ele><time>2026-10-07T14:38:23Z</time><speed>0.000</speed><sat>28</sat></trkpt>
  <trkpt lat="41.66764370" lon="26.57705352"><ele>88.379</ele><time>2026-10-07T14:38:24Z</time><speed>0.000</speed><sat>28</sat></trkpt>
  <trkpt lat="41.66764158" lon="26.57705573"><ele>87.978</ele><time>2026-10-07T14:38:25Z</time><speed>0.000</speed><sat>29</sat></trkpt>
  <trkpt lat="41.66764069" lon="26.57705741"><ele>87.930</ele><time>2026-10-07T14:38:26Z</time><speed>0.000</speed><sat>29</sat></trkpt>
  <trkpt lat="41.66764061" lon="26.57705867"><ele>87.799</ele><time>2026-10-07T14:38:27Z</time><speed>0.000</speed><sat>29</sat></trkpt>
  <trkpt lat="41.66764072" lon="26.57706096"><ele>87.523</ele><time>2026-10-07T14:38:28Z</time><speed>0.000</speed><sat>29</sat></trkpt>
  <trkpt lat="41.66764090" lon="26.57706303"><ele>87.250</ele><time>2026-10-07T14:38:29Z</time><speed>0.000</speed><sat>29</sat></trkpt>
  <trkpt lat="41.66764160" lon="26.57706353"><ele>87.013</ele><time>2026-10-07T14:38:30Z</time><speed>0.000</speed><sat>27</sat></trkpt>
  <trkpt lat="41.66764222" lon="26.57706425"><ele>87.001</ele><time>2026-10-07T14:38:31Z</time><speed>0.000</speed><sat>27</sat></trkpt>
  <trkpt lat="41.66764275" lon="26.57706482"><ele>86.529</ele><time>2026-10-07T14:38:32Z</time><speed>0.000</speed><sat>26</sat></trkpt>
  <trkpt lat="41.66764317" lon="26.57706591"><ele>86.692</ele><time>2026-10-07T14:38:33Z</time><speed>0.000</speed><sat>25</sat></trkpt>
  <trkpt lat="41.66764354" lon="26.57706613"><ele>86.621</ele><time>2026-10-07T14:38:34Z</time><speed>0.000</speed><sat>25</sat></trkpt>
  <trkpt lat="41.66764380" lon="26.57706621"><ele>86.642</ele><time>2026-10-07T14:38:35Z</time><speed>0.000</speed><sat>25</sat></trkpt>
  <trkpt lat="41.66764399" lon="26.57706620"><ele>86.645</ele><time>2026-10-07T14:38:36Z</time><speed>0.000</speed><sat>25</sat></trkpt>
  <trkpt lat="41.66764412" lon="26.57706615"><ele>86.653</ele><time>2026-10-07T14:38:37Z</time><speed>0.000</speed><sat>25</sat></trkpt>
  <trkpt lat="41.66764420" lon="26.57706612"><ele>86.659</ele><time>2026-10-07T14:38:38Z</time><speed>0.000</speed><sat>26</sat></trkpt>
  <trkpt lat="41.66764424" lon="26.57706609"><ele>86.660</ele><time>2026-10-07T14:38:39Z</time><speed>0.000</speed><sat>26</sat></trkpt>
  <trkpt lat="41.66764427" lon="26.57706608"><ele>86.664</ele><time>2026-10-07T14:38:40Z</time><speed>0.000</speed><sat>26</sat></trkpt>
  <trkpt lat="41.66764428" lon="26.57706606"><ele>86.667</ele><time>2026-10-07T14:38:41Z</time><speed>0.000</speed><sat>27</sat></trkpt>
  <trkpt lat="41.66764429" lon="26.57706605"><ele>86.667</ele><time>2026-10-07T14:38:42Z</time><speed>0.000</speed><sat>27</sat></trkpt>
  <trkpt lat="41.66764326" lon="26.57706420"><ele>87.050</ele><time>2026-10-07T14:38:43Z</time><speed>0.000</speed><sat>29</sat></trkpt>
  <trkpt lat="41.66764070" lon="26.57705940"><ele>87.512</ele><time>2026-10-07T14:38:44Z</time><speed>0.380</speed><sat>28</sat></trkpt>
  <trkpt lat="41.66763907" lon="26.57704990"><ele>88.028</ele><time>2026-10-07T14:38:45Z</time><speed>0.910</speed><sat>29</sat></trkpt>
  <trkpt lat="41.66763660" lon="26.57703475"><ele>88.175</ele><time>2026-10-07T14:38:46Z</time><speed>1.300</speed><sat>30</sat></trkpt>
  <trkpt lat="41.66763377" lon="26.57701960"><ele>88.557</ele><time>2026-10-07T14:38:47Z</time><speed>1.010</speed><sat>30</sat></trkpt>
  <trkpt lat="41.66763170" lon="26.57701048"><ele>88.728</ele><time>2026-10-07T14:38:48Z</time><speed>0.480</speed><sat>30</sat></trkpt>
  <trkpt lat="41.66763015" lon="26.57700698"><ele>88.555</ele><time>2026-10-07T14:38:49Z</time><speed>0.210</speed><sat>30</sat></trkpt>
  <trkpt lat="41.66762670" lon="26.57700664"><ele>88.507</ele><time>2026-10-07T14:38:50Z</time><speed>0.000</speed><sat>30</sat></trkpt>
  <trkpt lat="41.66762349" lon="26.57700699"><ele>88.545</ele><time>2026-10-07T14:38:51Z</time><speed>0.000</speed><sat>31</sat></trkpt>
  <trkpt lat="41.66762064" lon="26.57700641"><ele>88.501</ele><time>2026-10-07T14:38:52Z</time><speed>0.000</speed><sat>31</sat></trkpt>
  <trkpt lat="41.66761790" lon="26.57700603"><ele>88.215</ele><time>2026-10-07T14:38:53Z</time><speed>0.000</speed><sat>31</sat></trkpt>
  <trkpt lat="41.66761642" lon="26.57700507"><ele>88.450</ele><time>2026-10-07T14:38:54Z</time><speed>0.000</speed><sat>31</sat></trkpt>
  <trkpt lat="41.66761686" lon="26.57700226"><ele>88.323</ele><time>2026-10-07T14:38:55Z</time><speed>0.280</speed><sat>30</sat></trkpt>
  <trkpt lat="41.66761730" lon="26.57700060"><ele>87.914</ele><time>2026-10-07T14:38:56Z</time><speed>0.440</speed><sat>29</sat></trkpt>
  <trkpt lat="41.66761836" lon="26.57699785"><ele>87.474</ele><time>2026-10-07T14:38:57Z</time><speed>0.630</speed><sat>30</sat></trkpt>
  <trkpt lat="41.66761864" lon="26.57699197"><ele>87.850</ele><time>2026-10-07T14:38:58Z</time><speed>0.270</speed><sat>30</sat></trkpt>
  <trkpt lat="41.66761829" lon="26.57699031"><ele>88.554</ele><time>2026-10-07T14:38:59Z</time><speed>0.220</speed><sat>30</sat></trkpt>
  <trkpt lat="41.66761878" lon="26.57698486"><ele>88.244</ele><time>2026-10-07T14:39:00Z</time><speed>0.450</speed><sat>28</sat></trkpt>
  <trkpt lat="41.66761899" lon="26.57698128"><ele>88.563</ele><time>2026-10-07T14:39:01Z</time><speed>0.270</speed><sat>28</sat></trkpt>
  <trkpt lat="41.66761747" lon="26.57697046"><ele>88.981</ele><time>2026-10-07T14:39:02Z</time><speed>0.880</speed><sat>28</sat></trkpt>
  <trkpt lat="41.66761546" lon="26.57695609"><ele>90.034</ele><time>2026-10-07T14:39:03Z</time><speed>0.920</speed><sat>28</sat></trkpt>
  <trkpt lat="41.66761323" lon="26.57694326"><ele>90.792</ele><time>2026-10-07T14:39:04Z</time><speed>0.900</speed><sat>27</sat></trkpt>
  <trkpt lat="41.66761102" lon="26.57693096"><ele>91.360</ele><time>2026-10-07T14:39:05Z</time><speed>0.920</speed><sat>26</sat></trkpt>
  <trkpt lat="41.66760791" lon="26.57691105"><ele>92.050</ele><time>2026-10-07T14:39:06Z</time><speed>1.600</speed><sat>27</sat></trkpt>
  <trkpt lat="41.66760334" lon="26.57688129"><ele>92.189</ele><time>2026-10-07T14:39:07Z</time><speed>2.230</speed><sat>28</sat></trkpt>
  <trkpt lat="41.66759827" lon="26.57684227"><ele>92.727</ele><time>2026-10-07T14:39:08Z</time><speed>2.850</speed><sat>28</sat></trkpt>
  <trkpt lat="41.66759359" lon="26.57680141"><ele>92.888</ele><time>2026-10-07T14:39:09Z</time><speed>2.910</speed><sat>29</sat></trkpt>
  <trkpt lat="41.66759134" lon="26.57676049"><ele>92.887</ele><time>2026-10-07T14:39:10Z</time><speed>3.000</speed><sat>30</sat></trkpt>
  <trkpt lat="41.66758918" lon="26.57671569"><ele>93.122</ele><time>2026-10-07T14:39:11Z</time><speed>3.650</speed><sat>31</sat></trkpt>
  <trkpt lat="41.66758612" lon="26.57666314"><ele>93.316</ele><time>2026-10-07T14:39:12Z</time><speed>4.300</speed><sat>34</sat></trkpt>
  <trkpt lat="41.66758264" lon="26.57660395"><ele>92.563</ele><time>2026-10-07T14:39:13Z</time><speed>4.770</speed><sat>34</sat></trkpt>
  <trkpt lat="41.66758380" lon="26.57652259"><ele>92.500</ele><time>2026-10-07T14:39:14Z</time><speed>5.070</speed><sat>33</sat></trkpt>
  <trkpt lat="41.66757661" lon="26.57646164"><ele>93.008</ele><time>2026-10-07T14:39:15Z</time><speed>5.140</speed><sat>33</sat></trkpt>
  <trkpt lat="41.66757081" lon="26.57640062"><ele>93.457</ele><time>2026-10-07T14:39:16Z</time><speed>5.070</speed><sat>33</sat></trkpt>
  <trkpt lat="41.66755962" lon="26.57634484"><ele>94.114</ele><time>2026-10-07T14:39:17Z</time><speed>5.000</speed><sat>33</sat></trkpt>
  <trkpt lat="41.66755225" lon="26.57628235"><ele>94.188</ele><time>2026-10-07T14:39:18Z</time><speed>5.200</speed><sat>33</sat></trkpt>
  <trkpt lat="41.66754260" lon="26.57621540"><ele>93.966</ele><time>2026-10-07T14:39:19Z</time><speed>5.700</speed><sat>30</sat></trkpt>
  <trkpt lat="41.66753500" lon="26.57614653"><ele>93.625</ele><time>2026-10-07T14:39:20Z</time><speed>5.920</speed><sat>31</sat></trkpt>
  <trkpt lat="41.66752494" lon="26.57607970"><ele>93.328</ele><time>2026-10-07T14:39:21Z</time><speed>5.870</speed><sat>32</sat></trkpt>
  <trkpt lat="41.66751900" lon="26.57600780"><ele>93.401</ele><time>2026-10-07T14:39:22Z</time><speed>5.960</speed><sat>33</sat></trkpt>
  <trkpt lat="41.66750882" lon="26.57593463"><ele>93.759</ele><time>2026-10-07T14:39:23Z</time><speed>6.140</speed><sat>33</sat></trkpt>
  <trkpt lat="41.66749896" lon="26.57586331"><ele>93.789</ele><time>2026-10-07T14:39:24Z</time><speed>6.060</speed><sat>32</sat></trkpt>
  <trkpt lat="41.66749215" lon="26.57579347"><ele>93.761</ele><time>2026-10-07T14:39:25Z</time><speed>5.850</speed><sat>32</sat></trkpt>
  <trkpt lat="41.66748308" lon="26.57572606"><ele>93.934</ele><time>2026-10-07T14:39:26Z</time><speed>5.630</speed><sat>32</sat></trkpt>
  <trkpt lat="41.66747623" lon="26.57566715"><ele>93.953</ele><time>2026-10-07T14:39:27Z</time><speed>5.360</speed><sat>30</sat></trkpt>
  <trkpt lat="41.66746998" lon="26.57560629"><ele>93.216</ele><time>2026-10-07T14:39:28Z</time><speed>5.100</speed><sat>30</sat></trkpt>
  <trkpt lat="41.66746356" lon="26.57554682"><ele>92.661</ele><time>2026-10-07T14:39:29Z</time><speed>5.170</speed><sat>29</sat></trkpt>
  <trkpt lat="41.66746161" lon="26.57552037"><ele>93.095</ele><time>2026-10-07T14:39:30Z</time><speed>3.180</speed><sat>29</sat></trkpt>
  <trkpt lat="41.66745985" lon="26.57549689"><ele>93.329</ele><time>2026-10-07T14:39:31Z</time><speed>2.140</speed><sat>32</sat></trkpt>
  <trkpt lat="41.66745745" lon="26.57548558"><ele>93.345</ele><time>2026-10-07T14:39:32Z</time><speed>1.450</speed><sat>31</sat></trkpt>
  <trkpt lat="41.66745366" lon="26.57546313"><ele>93.877</ele><time>2026-10-07T14:39:33Z</time><speed>1.630</speed><sat>33</sat></trkpt>
  <trkpt lat="41.66744760" lon="26.57543709"><ele>94.085</ele><time>2026-10-07T14:39:34Z</time><speed>2.180</speed><sat>32</sat></trkpt>
  <trkpt lat="41.66743785" lon="26.57540468"><ele>94.825</ele><time>2026-10-07T14:39:35Z</time><speed>2.790</speed><sat>32</sat></trkpt>
  <trkpt lat="41.66743198" lon="26.57536415"><ele>95.148</ele><time>2026-10-07T14:39:36Z</time><speed>3.350</speed><sat>32</sat></trkpt>
  <trkpt lat="41.66742573" lon="26.57531889"><ele>95.110</ele><time>2026-10-07T14:39:37Z</time><speed>3.760</speed><sat>31</sat></trkpt>
  <trkpt lat="41.66741871" lon="26.57526800"><ele>94.922</ele><time>2026-10-07T14:39:38Z</time><speed>3.970</speed><sat>31</sat></trkpt>
  <trkpt lat="41.66741483" lon="26.57521444"><ele>93.894</ele><time>2026-10-07T14:39:39Z</time><speed>3.830</speed><sat>31</sat></trkpt>
  <trkpt lat="41.66741059" lon="26.57516882"><ele>93.212</ele><time>2026-10-07T14:39:40Z</time><speed>3.700</speed><sat>31</sat></trkpt>
  <trkpt lat="41.66740751" lon="26.57512438"><ele>91.819</ele><time>2026-10-07T14:39:41Z</time><speed>3.480</speed><sat>30</sat></trkpt>
  <trkpt lat="41.66740331" lon="26.57508071"><ele>91.615</ele><time>2026-10-07T14:39:42Z</time><speed>3.500</speed><sat>30</sat></trkpt>
  <trkpt lat="41.66739942" lon="26.57504138"><ele>90.959</ele><time>2026-10-07T14:39:43Z</time><speed>2.920</speed><sat>30</sat></trkpt>
  <trkpt lat="41.66739711" lon="26.57500519"><ele>89.814</ele><time>2026-10-07T14:39:44Z</time><speed>2.920</speed><sat>28</sat></trkpt>
  <trkpt lat="41.66739681" lon="26.57496941"><ele>88.613</ele><time>2026-10-07T14:39:45Z</time><speed>2.800</speed><sat>25</sat></trkpt>
  <trkpt lat="41.66739748" lon="26.57494430"><ele>87.845</ele><time>2026-10-07T14:39:46Z</time><speed>1.620</speed><sat>25</sat></trkpt>
  <trkpt lat="41.66739984" lon="26.57492604"><ele>86.909</ele><time>2026-10-07T14:39:47Z</time><speed>1.640</speed><sat>26</sat></trkpt>
  <trkpt lat="41.66740710" lon="26.57490791"><ele>86.309</ele><time>2026-10-07T14:39:48Z</time><speed>1.740</speed><sat>25</sat></trkpt>
  <trkpt lat="41.66741915" lon="26.57488827"><ele>85.625</ele><time>2026-10-07T14:39:49Z</time><speed>2.030</speed><sat>25</sat></trkpt>
  <trkpt lat="41.66742438" lon="26.57487395"><ele>84.449</ele><time>2026-10-07T14:39:50Z</time><speed>1.090</speed><sat>25</sat></trkpt>
  <trkpt lat="41.66742839" lon="26.57486188"><ele>83.536</ele><time>2026-10-07T14:39:51Z</time><speed>1.430</speed><sat>25</sat></trkpt>
  <trkpt lat="41.66742954" lon="26.57484876"><ele>84.959</ele><time>2026-10-07T14:39:52Z</time><speed>1.090</speed><sat>26</sat></trkpt>
  <trkpt lat="41.66742504" lon="26.57483931"><ele>84.547</ele><time>2026-10-07T14:39:53Z</time><speed>0.720</speed><sat>26</sat></trkpt>
  <trkpt lat="41.66741936" lon="26.57483041"><ele>84.736</ele><time>2026-10-07T14:39:54Z</time><speed>0.760</speed><sat>26</sat></trkpt>
  <trkpt lat="41.66741464" lon="26.57482439"><ele>84.914</ele><time>2026-10-07T14:39:55Z</time><speed>0.340</speed><sat>26</sat></trkpt>
  <trkpt lat="41.66741095" lon="26.57482250"><ele>84.725</ele><time>2026-10-07T14:39:56Z</time><speed>0.150</speed><sat>26</sat></trkpt>
  <trkpt lat="41.66740655" lon="26.57482156"><ele>84.533</ele><time>2026-10-07T14:39:57Z</time><speed>0.170</speed><sat>26</sat></trkpt>
  <trkpt lat="41.66740165" lon="26.57482037"><ele>84.188</ele><time>2026-10-07T14:39:58Z</time><speed>0.180</speed><sat>26</sat></trkpt>
  <trkpt lat="41.66739863" lon="26.57481803"><ele>83.983</ele><time>2026-10-07T14:39:59Z</time><speed>0.270</speed><sat>26</sat></trkpt>
  <trkpt lat="41.66739798" lon="26.57481535"><ele>83.522</ele><time>2026-10-07T14:40:00Z</time><speed>0.280</speed><sat>26</sat></trkpt>
  <trkpt lat="41.66739770" lon="26.57481303"><ele>83.756</ele><time>2026-10-07T14:40:01Z</time><speed>0.240</speed><sat>26</sat></trkpt>
  <trkpt lat="41.66739708" lon="26.57481103"><ele>83.767</ele><time>2026-10-07T14:40:02Z</time><speed>0.180</speed><sat>26</sat></trkpt>
  <trkpt lat="41.66739458" lon="26.57481012"><ele>83.449</ele><time>2026-10-07T14:40:03Z</time><speed>0.000</speed><sat>26</sat></trkpt>
  <trkpt lat="41.66739258" lon="26.57480993"><ele>83.188</ele><time>2026-10-07T14:40:04Z</time><speed>0.000</speed><sat>26</sat></trkpt>
  <trkpt lat="41.66739072" lon="26.57480874"><ele>83.091</ele><time>2026-10-07T14:40:05Z</time><speed>0.000</speed><sat>26</sat></trkpt>
  <trkpt lat="41.66738900" lon="26.57480819"><ele>82.883</ele><time>2026-10-07T14:40:06Z</time><speed>0.000</speed><sat>27</sat></trkpt>
  <trkpt lat="41.66738737" lon="26.57480785"><ele>82.935</ele><time>2026-10-07T14:40:07Z</time><speed>0.000</speed><sat>27</sat></trkpt>
  <trkpt lat="41.66738730" lon="26.57480712"><ele>82.533</ele><time>2026-10-07T14:40:08Z</time><speed>0.160</speed><sat>28</sat></trkpt>
  <trkpt lat="41.66738765" lon="26.57480430"><ele>82.394</ele><time>2026-10-07T14:40:09Z</time><speed>0.250</speed><sat>28</sat></trkpt>
  <trkpt lat="41.66738796" lon="26.57480065"><ele>82.364</ele><time>2026-10-07T14:40:10Z</time><speed>0.320</speed><sat>28</sat></trkpt>
  <trkpt lat="41.66738828" lon="26.57479625"><ele>82.440</ele><time>2026-10-07T14:40:11Z</time><speed>0.370</speed><sat>28</sat></trkpt>
  <trkpt lat="41.66738888" lon="26.57479145"><ele>82.574</ele><time>2026-10-07T14:40:12Z</time><speed>0.430</speed><sat>28</sat></trkpt>
  <trkpt lat="41.66739084" lon="26.57478744"><ele>82.278</ele><time>2026-10-07T14:40:13Z</time><speed>0.400</speed><sat>28</sat></trkpt>
  <trkpt lat="41.66739293" lon="26.57478543"><ele>81.455</ele><time>2026-10-07T14:40:14Z</time><speed>0.280</speed><sat>27</sat></trkpt>
  <trkpt lat="41.66739186" lon="26.57477266"><ele>81.639</ele><time>2026-10-07T14:40:15Z</time><speed>1.700</speed><sat>27</sat></trkpt>
  <trkpt lat="41.66738825" lon="26.57474892"><ele>81.341</ele><time>2026-10-07T14:40:16Z</time><speed>2.230</speed><sat>27</sat></trkpt>
  <trkpt lat="41.66738396" lon="26.57471804"><ele>81.496</ele><time>2026-10-07T14:40:17Z</time><speed>3.010</speed><sat>27</sat></trkpt>
  <trkpt lat="41.66737977" lon="26.57467971"><ele>81.491</ele><time>2026-10-07T14:40:18Z</time><speed>3.450</speed><sat>27</sat></trkpt>
  <trkpt lat="41.66737613" lon="26.57463573"><ele>81.800</ele><time>2026-10-07T14:40:19Z</time><speed>3.920</speed><sat>27</sat></trkpt>
  <trkpt lat="41.66737209" lon="26.57458597"><ele>81.784</ele><time>2026-10-07T14:40:20Z</time><speed>4.440</speed><sat>28</sat></trkpt>
  <trkpt lat="41.66736775" lon="26.57452984"><ele>81.484</ele><time>2026-10-07T14:40:21Z</time><speed>4.940</speed><sat>28</sat></trkpt>
  <trkpt lat="41.66736456" lon="26.57447307"><ele>81.182</ele><time>2026-10-07T14:40:22Z</time><speed>4.500</speed><sat>29</sat></trkpt>
  <trkpt lat="41.66736198" lon="26.57439106"><ele>81.765</ele><time>2026-10-07T14:40:23Z</time><speed>6.410</speed><sat>29</sat></trkpt>
  <trkpt lat="41.66735503" lon="26.57432023"><ele>81.887</ele><time>2026-10-07T14:40:24Z</time><speed>6.250</speed><sat>29</sat></trkpt>
  <trkpt lat="41.66735085" lon="26.57424174"><ele>81.608</ele><time>2026-10-07T14:40:25Z</time><speed>6.480</speed><sat>31</sat></trkpt>
  <trkpt lat="41.66734543" lon="26.57416378"><ele>81.342</ele><time>2026-10-07T14:40:26Z</time><speed>6.680</speed><sat>31</sat></trkpt>
  <trkpt lat="41.66733874" lon="26.57408535"><ele>81.524</ele><time>2026-10-07T14:40:27Z</time><speed>6.630</speed><sat>31</sat></trkpt>
  <trkpt lat="41.66733085" lon="26.57399192"><ele>81.883</ele><time>2026-10-07T14:40:28Z</time><speed>7.720</speed><sat>31</sat></trkpt>
  <trkpt lat="41.66732149" lon="26.57393220"><ele>81.494</ele><time>2026-10-07T14:40:29Z</time><speed>6.330</speed><sat>31</sat></trkpt>
  <trkpt lat="41.66731089" lon="26.57386825"><ele>81.491</ele><time>2026-10-07T14:40:30Z</time><speed>5.580</speed><sat>32</sat></trkpt>
  <trkpt lat="41.66729989" lon="26.57381093"><ele>81.474</ele><time>2026-10-07T14:40:31Z</time><speed>5.120</speed><sat>32</sat></trkpt>
  <trkpt lat="41.66729227" lon="26.57376414"><ele>81.712</ele><time>2026-10-07T14:40:32Z</time><speed>4.230</speed><sat>31</sat></trkpt>
  <trkpt lat="41.66728265" lon="26.57372621"><ele>81.902</ele><time>2026-10-07T14:40:33Z</time><speed>3.560</speed><sat>31</sat></trkpt>
  <trkpt lat="41.66727429" lon="26.57369135"><ele>81.745</ele><time>2026-10-07T14:40:34Z</time><speed>3.080</speed><sat>31</sat></trkpt>
  <trkpt lat="41.66726601" lon="26.57366687"><ele>81.572</ele><time>2026-10-07T14:40:35Z</time><speed>2.500</speed><sat>31</sat></trkpt>
  <trkpt lat="41.66726019" lon="26.57364639"><ele>81.489</ele><time>2026-10-07T14:40:36Z</time><speed>1.820</speed><sat>31</sat></trkpt>
  <trkpt lat="41.66725693" lon="26.57363662"><ele>81.632</ele><time>2026-10-07T14:40:37Z</time><speed>1.020</speed><sat>31</sat></trkpt>
  <trkpt lat="41.66725100" lon="26.57362968"><ele>81.973</ele><time>2026-10-07T14:40:38Z</time><speed>0.550</speed><sat>29</sat></trkpt>
  <trkpt lat="41.66725106" lon="26.57362760"><ele>81.846</ele><time>2026-10-07T14:40:39Z</time><speed>0.150</speed><sat>30</sat></trkpt>
  <trkpt lat="41.66725391" lon="26.57362615"><ele>82.742</ele><time>2026-10-07T14:40:40Z</time><speed>0.250</speed><sat>31</sat></trkpt>
  <trkpt lat="41.66725372" lon="26.57362763"><ele>82.688</ele><time>2026-10-07T14:40:41Z</time><speed>0.000</speed><sat>32</sat></trkpt>
  <trkpt lat="41.66725507" lon="26.57362831"><ele>82.729</ele><time>2026-10-07T14:40:42Z</time><speed>0.180</speed><sat>32</sat></trkpt>
  <trkpt lat="41.66725399" lon="26.57362807"><ele>82.839</ele><time>2026-10-07T14:40:43Z</time><speed>0.000</speed><sat>32</sat></trkpt>
  <trkpt lat="41.66725263" lon="26.57362672"><ele>82.863</ele><time>2026-10-07T14:40:44Z</time><speed>0.000</speed><sat>31</sat></trkpt>
  <trkpt lat="41.66725237" lon="26.57362532"><ele>83.015</ele><time>2026-10-07T14:40:45Z</time><speed>0.000</speed><sat>30</sat></trkpt>
  <trkpt lat="41.66725282" lon="26.57362755"><ele>82.975</ele><time>2026-10-07T14:40:46Z</time><speed>0.340</speed><sat>28</sat></trkpt>
  <trkpt lat="41.66725352" lon="26.57362916"><ele>83.030</ele><time>2026-10-07T14:40:47Z</time><speed>0.000</speed><sat>28</sat></trkpt>
  <trkpt lat="41.66725449" lon="26.57362968"><ele>83.244</ele><time>2026-10-07T14:40:48Z</time><speed>0.000</speed><sat>28</sat></trkpt>
  <trkpt lat="41.66725415" lon="26.57362949"><ele>83.221</ele><time>2026-10-07T14:40:49Z</time><speed>0.000</speed><sat>28</sat></trkpt>
  <trkpt lat="41.66725330" lon="26.57362983"><ele>83.382</ele><time>2026-10-07T14:40:50Z</time><speed>0.000</speed><sat>28</sat></trkpt>
  <trkpt lat="41.66725198" lon="26.57363057"><ele>83.518</ele><time>2026-10-07T14:40:51Z</time><speed>0.000</speed><sat>28</sat></trkpt>
  <trkpt lat="41.66725088" lon="26.57363079"><ele>83.604</ele><time>2026-10-07T14:40:52Z</time><speed>0.000</speed><sat>28</sat></trkpt>
  <trkpt lat="41.66725032" lon="26.57363070"><ele>83.528</ele><time>2026-10-07T14:40:53Z</time><speed>0.000</speed><sat>28</sat></trkpt>
  <trkpt lat="41.66724927" lon="26.57363067"><ele>83.504</ele><time>2026-10-07T14:40:54Z</time><speed>0.000</speed><sat>28</sat></trkpt>
  <trkpt lat="41.66724872" lon="26.57363099"><ele>83.548</ele><time>2026-10-07T14:40:55Z</time><speed>0.000</speed><sat>28</sat></trkpt>
  <trkpt lat="41.66724740" lon="26.57363121"><ele>83.506</ele><time>2026-10-07T14:40:56Z</time><speed>0.000</speed><sat>28</sat></trkpt>
  <trkpt lat="41.66724661" lon="26.57363124"><ele>83.579</ele><time>2026-10-07T14:40:57Z</time><speed>0.000</speed><sat>27</sat></trkpt>
  <trkpt lat="41.66724617" lon="26.57363121"><ele>83.594</ele><time>2026-10-07T14:40:58Z</time><speed>0.000</speed><sat>27</sat></trkpt>
  <trkpt lat="41.66724669" lon="26.57363099"><ele>83.650</ele><time>2026-10-07T14:40:59Z</time><speed>0.000</speed><sat>26</sat></trkpt>
  <trkpt lat="41.66724716" lon="26.57363100"><ele>84.238</ele><time>2026-10-07T14:41:00Z</time><speed>0.000</speed><sat>26</sat></trkpt>
  <trkpt lat="41.66724750" lon="26.57363146"><ele>84.233</ele><time>2026-10-07T14:41:01Z</time><speed>0.000</speed><sat>25</sat></trkpt>
  <trkpt lat="41.66724763" lon="26.57363212"><ele>84.109</ele><time>2026-10-07T14:41:02Z</time><speed>0.000</speed><sat>25</sat></trkpt>
  <trkpt lat="41.66724587" lon="26.57363480"><ele>83.909</ele><time>2026-10-07T14:41:03Z</time><speed>0.000</speed><sat>26</sat></trkpt>
  <trkpt lat="41.66724577" lon="26.57363721"><ele>83.853</ele><time>2026-10-07T14:41:04Z</time><speed>0.000</speed><sat>29</sat></trkpt>
  <trkpt lat="41.66724527" lon="26.57363862"><ele>83.685</ele><time>2026-10-07T14:41:05Z</time><speed>0.000</speed><sat>29</sat></trkpt>
  <trkpt lat="41.66724484" lon="26.57363933"><ele>83.623</ele><time>2026-10-07T14:41:06Z</time><speed>0.000</speed><sat>30</sat></trkpt>
  <trkpt lat="41.66724446" lon="26.57363963"><ele>83.710</ele><time>2026-10-07T14:41:07Z</time><speed>0.000</speed><sat>30</sat></trkpt>
  <trkpt lat="41.66724398" lon="26.57364000"><ele>83.598</ele><time>2026-10-07T14:41:08Z</time><speed>0.000</speed><sat>29</sat></trkpt>
  <trkpt lat="41.66724365" lon="26.57364024"><ele>83.590</ele><time>2026-10-07T14:41:09Z</time><speed>0.000</speed><sat>29</sat></trkpt>
  <trkpt lat="41.66724368" lon="26.57364019"><ele>83.555</ele><time>2026-10-07T14:41:10Z</time><speed>0.000</speed><sat>26</sat></trkpt>
  <trkpt lat="41.66724336" lon="26.57363997"><ele>83.554</ele><time>2026-10-07T14:41:11Z</time><speed>0.000</speed><sat>28</sat></trkpt>
  <trkpt lat="41.66724274" lon="26.57363980"><ele>83.600</ele><time>2026-10-07T14:41:12Z</time><speed>0.000</speed><sat>28</sat></trkpt>
  <trkpt lat="41.66724227" lon="26.57363970"><ele>83.623</ele><time>2026-10-07T14:41:13Z</time><speed>0.000</speed><sat>28</sat></trkpt>
  <trkpt lat="41.66724182" lon="26.57363958"><ele>83.632</ele><time>2026-10-07T14:41:14Z</time><speed>0.000</speed><sat>28</sat></trkpt>
  <trkpt lat="41.66724129" lon="26.57363961"><ele>83.568</ele><time>2026-10-07T14:41:15Z</time><speed>0.000</speed><sat>28</sat></trkpt>
  <trkpt lat="41.66724083" lon="26.57363978"><ele>83.501</ele><time>2026-10-07T14:41:16Z</time><speed>0.000</speed><sat>29</sat></trkpt>
  <trkpt lat="41.66724117" lon="26.57363780"><ele>83.503</ele><time>2026-10-07T14:41:17Z</time><speed>0.170</speed><sat>29</sat></trkpt>
  <trkpt lat="41.66724062" lon="26.57363310"><ele>83.199</ele><time>2026-10-07T14:41:18Z</time><speed>0.410</speed><sat>29</sat></trkpt>
  <trkpt lat="41.66723898" lon="26.57362665"><ele>83.446</ele><time>2026-10-07T14:41:19Z</time><speed>0.580</speed><sat>29</sat></trkpt>
  <trkpt lat="41.66723622" lon="26.57361903"><ele>83.447</ele><time>2026-10-07T14:41:20Z</time><speed>0.660</speed><sat>29</sat></trkpt>
  <trkpt lat="41.66723359" lon="26.57361050"><ele>83.031</ele><time>2026-10-07T14:41:21Z</time><speed>0.690</speed><sat>29</sat></trkpt>
  <trkpt lat="41.66723006" lon="26.57360312"><ele>83.253</ele><time>2026-10-07T14:41:22Z</time><speed>0.520</speed><sat>29</sat></trkpt>
  <trkpt lat="41.66722761" lon="26.57359798"><ele>83.765</ele><time>2026-10-07T14:41:23Z</time><speed>0.370</speed><sat>29</sat></trkpt>
  <trkpt lat="41.66722554" lon="26.57359400"><ele>84.125</ele><time>2026-10-07T14:41:24Z</time><speed>0.400</speed><sat>29</sat></trkpt>
  <trkpt lat="41.66722352" lon="26.57358983"><ele>84.419</ele><time>2026-10-07T14:41:25Z</time><speed>0.440</speed><sat>29</sat></trkpt>
  <trkpt lat="41.66722218" lon="26.57358718"><ele>84.585</ele><time>2026-10-07T14:41:26Z</time><speed>0.230</speed><sat>29</sat></trkpt>
  <trkpt lat="41.66722213" lon="26.57358769"><ele>84.628</ele><time>2026-10-07T14:41:27Z</time><speed>0.000</speed><sat>29</sat></trkpt>
  <trkpt lat="41.66722292" lon="26.57358800"><ele>84.437</ele><time>2026-10-07T14:41:28Z</time><speed>0.000</speed><sat>29</sat></trkpt>
  <trkpt lat="41.66722254" lon="26.57358609"><ele>84.143</ele><time>2026-10-07T14:41:29Z</time><speed>0.270</speed><sat>29</sat></trkpt>
  <trkpt lat="41.66722108" lon="26.57358379"><ele>83.918</ele><time>2026-10-07T14:41:30Z</time><speed>0.260</speed><sat>29</sat></trkpt>
  <trkpt lat="41.66722047" lon="26.57358436"><ele>83.854</ele><time>2026-10-07T14:41:31Z</time><speed>0.000</speed><sat>30</sat></trkpt>
  <trkpt lat="41.66721993" lon="26.57358867"><ele>83.639</ele><time>2026-10-07T14:41:32Z</time><speed>0.290</speed><sat>30</sat></trkpt>
  <trkpt lat="41.66721598" lon="26.57358895"><ele>83.994</ele><time>2026-10-07T14:41:33Z</time><speed>0.520</speed><sat>30</sat></trkpt>
  <trkpt lat="41.66721546" lon="26.57358680"><ele>83.908</ele><time>2026-10-07T14:41:34Z</time><speed>0.000</speed><sat>30</sat></trkpt>
  <trkpt lat="41.66721596" lon="26.57358555"><ele>83.920</ele><time>2026-10-07T14:41:35Z</time><speed>0.000</speed><sat>29</sat></trkpt>
  <trkpt lat="41.66721516" lon="26.57358515"><ele>84.097</ele><time>2026-10-07T14:41:36Z</time><speed>0.000</speed><sat>29</sat></trkpt>
  <trkpt lat="41.66721367" lon="26.57358529"><ele>84.346</ele><time>2026-10-07T14:41:37Z</time><speed>0.000</speed><sat>29</sat></trkpt>
  <trkpt lat="41.66721355" lon="26.57358539"><ele>84.696</ele><time>2026-10-07T14:41:38Z</time><speed>0.000</speed><sat>29</sat></trkpt>
  <trkpt lat="41.66721431" lon="26.57358644"><ele>84.943</ele><time>2026-10-07T14:41:39Z</time><speed>0.000</speed><sat>30</sat></trkpt>
  <trkpt lat="41.66721467" lon="26.57358695"><ele>84.873</ele><time>2026-10-07T14:41:40Z</time><speed>0.000</speed><sat>30</sat></trkpt>
  <trkpt lat="41.66721498" lon="26.57358771"><ele>85.099</ele><time>2026-10-07T14:41:41Z</time><speed>0.000</speed><sat>30</sat></trkpt>
  <trkpt lat="41.66721378" lon="26.57358851"><ele>85.413</ele><time>2026-10-07T14:41:42Z</time><speed>0.000</speed><sat>30</sat></trkpt>
  <trkpt lat="41.66721410" lon="26.57358891"><ele>85.482</ele><time>2026-10-07T14:41:43Z</time><speed>0.000</speed><sat>30</sat></trkpt>
  <trkpt lat="41.66721419" lon="26.57358935"><ele>85.584</ele><time>2026-10-07T14:41:44Z</time><speed>0.000</speed><sat>30</sat></trkpt>
  <trkpt lat="41.66721420" lon="26.57358957"><ele>85.583</ele><time>2026-10-07T14:41:45Z</time><speed>0.000</speed><sat>30</sat></trkpt>
  <trkpt lat="41.66721416" lon="26.57358974"><ele>85.604</ele><time>2026-10-07T14:41:46Z</time><speed>0.000</speed><sat>30</sat></trkpt>
  <trkpt lat="41.66721409" lon="26.57358990"><ele>85.620</ele><time>2026-10-07T14:41:47Z</time><speed>0.000</speed><sat>30</sat></trkpt>
  <trkpt lat="41.66721412" lon="26.57358991"><ele>85.661</ele><time>2026-10-07T14:41:48Z</time><speed>0.000</speed><sat>30</sat></trkpt>
  <trkpt lat="41.66721412" lon="26.57358992"><ele>85.658</ele><time>2026-10-07T14:41:49Z</time><speed>0.000</speed><sat>30</sat></trkpt>
  <trkpt lat="41.66721405" lon="26.57358998"><ele>85.682</ele><time>2026-10-07T14:41:50Z</time><speed>0.000</speed><sat>28</sat></trkpt>
  <trkpt lat="41.66721400" lon="26.57359003"><ele>85.684</ele><time>2026-10-07T14:41:51Z</time><speed>0.000</speed><sat>29</sat></trkpt>
  <trkpt lat="41.66721410" lon="26.57358989"><ele>85.727</ele><time>2026-10-07T14:41:52Z</time><speed>0.000</speed><sat>29</sat></trkpt>
  <trkpt lat="41.66721358" lon="26.57358998"><ele>85.728</ele><time>2026-10-07T14:41:53Z</time><speed>0.000</speed><sat>29</sat></trkpt>
  <trkpt lat="41.66721318" lon="26.57359018"><ele>85.689</ele><time>2026-10-07T14:41:54Z</time><speed>0.000</speed><sat>29</sat></trkpt>
  <trkpt lat="41.66721286" lon="26.57359042"><ele>85.727</ele><time>2026-10-07T14:41:55Z</time><speed>0.000</speed><sat>28</sat></trkpt>
  <trkpt lat="41.66721273" lon="26.57359070"><ele>85.772</ele><time>2026-10-07T14:41:56Z</time><speed>0.000</speed><sat>30</sat></trkpt>
  <trkpt lat="41.66721266" lon="26.57359086"><ele>85.769</ele><time>2026-10-07T14:41:57Z</time><speed>0.000</speed><sat>32</sat></trkpt>
  <trkpt lat="41.66721246" lon="26.57359101"><ele>85.807</ele><time>2026-10-07T14:41:58Z</time><speed>0.000</speed><sat>32</sat></trkpt>
  <trkpt lat="41.66721135" lon="26.57358858"><ele>85.415</ele><time>2026-10-07T14:41:59Z</time><speed>0.400</speed><sat>32</sat></trkpt>
  <trkpt lat="41.66721357" lon="26.57358415"><ele>85.365</ele><time>2026-10-07T14:42:00Z</time><speed>0.000</speed><sat>32</sat></trkpt>
  <trkpt lat="41.66721497" lon="26.57358178"><ele>85.468</ele><time>2026-10-07T14:42:01Z</time><speed>0.000</speed><sat>32</sat></trkpt>
  <trkpt lat="41.66721559" lon="26.57358062"><ele>85.327</ele><time>2026-10-07T14:42:02Z</time><speed>0.000</speed><sat>32</sat></trkpt>
  <trkpt lat="41.66721669" lon="26.57358014"><ele>85.253</ele><time>2026-10-07T14:42:03Z</time><speed>0.000</speed><sat>31</sat></trkpt>
  <trkpt lat="41.66721703" lon="26.57357946"><ele>85.432</ele><time>2026-10-07T14:42:04Z</time><speed>0.000</speed><sat>30</sat></trkpt>
  <trkpt lat="41.66721719" lon="26.57357907"><ele>85.449</ele><time>2026-10-07T14:42:05Z</time><speed>0.000</speed><sat>29</sat></trkpt>
  <trkpt lat="41.66721747" lon="26.57357848"><ele>85.527</ele><time>2026-10-07T14:42:06Z</time><speed>0.000</speed><sat>26</sat></trkpt>
  <trkpt lat="41.66721341" lon="26.57357304"><ele>85.836</ele><time>2026-10-07T14:42:07Z</time><speed>0.460</speed><sat>25</sat></trkpt>
  <trkpt lat="41.66721110" lon="26.57356455"><ele>86.717</ele><time>2026-10-07T14:42:08Z</time><speed>0.510</speed><sat>26</sat></trkpt>
  <trkpt lat="41.66720761" lon="26.57354766"><ele>87.310</ele><time>2026-10-07T14:42:09Z</time><speed>1.950</speed><sat>25</sat></trkpt>
  <trkpt lat="41.66720146" lon="26.57351705"><ele>87.849</ele><time>2026-10-07T14:42:10Z</time><speed>2.980</speed><sat>25</sat></trkpt>
  <trkpt lat="41.66719339" lon="26.57347367"><ele>88.451</ele><time>2026-10-07T14:42:11Z</time><speed>4.130</speed><sat>27</sat></trkpt>
  <trkpt lat="41.66719630" lon="26.57339913"><ele>89.297</ele><time>2026-10-07T14:42:12Z</time><speed>5.610</speed><sat>27</sat></trkpt>
  <trkpt lat="41.66717903" lon="26.57332936"><ele>88.976</ele><time>2026-10-07T14:42:13Z</time><speed>6.950</speed><sat>27</sat></trkpt>
  <trkpt lat="41.66715829" lon="26.57325075"><ele>89.004</ele><time>2026-10-07T14:42:14Z</time><speed>7.280</speed><sat>28</sat></trkpt>
  <trkpt lat="41.66713971" lon="26.57317511"><ele>88.771</ele><time>2026-10-07T14:42:15Z</time><speed>6.900</speed><sat>29</sat></trkpt>
  <trkpt lat="41.66711900" lon="26.57310057"><ele>88.655</ele><time>2026-10-07T14:42:16Z</time><speed>6.600</speed><sat>29</sat></trkpt>
  <trkpt lat="41.66709330" lon="26.57303192"><ele>88.736</ele><time>2026-10-07T14:42:17Z</time><speed>6.290</speed><sat>28</sat></trkpt>
  <trkpt lat="41.66707628" lon="26.57296304"><ele>89.071</ele><time>2026-10-07T14:42:18Z</time><speed>5.960</speed><sat>29</sat></trkpt>
  <trkpt lat="41.66706394" lon="26.57289921"><ele>89.400</ele><time>2026-10-07T14:42:19Z</time><speed>5.340</speed><sat>29</sat></trkpt>
  <trkpt lat="41.66705368" lon="26.57283671"><ele>88.532</ele><time>2026-10-07T14:42:20Z</time><speed>5.630</speed><sat>28</sat></trkpt>
  <trkpt lat="41.66704538" lon="26.57277522"><ele>88.406</ele><time>2026-10-07T14:42:21Z</time><speed>5.450</speed><sat>28</sat></trkpt>
  <trkpt lat="41.66703930" lon="26.57272306"><ele>87.956</ele><time>2026-10-07T14:42:22Z</time><speed>4.260</speed><sat>28</sat></trkpt>
  <trkpt lat="41.66704306" lon="26.57265288"><ele>89.351</ele><time>2026-10-07T14:42:23Z</time><speed>5.750</speed><sat>29</sat></trkpt>
  <trkpt lat="41.66705182" lon="26.57258316"><ele>88.946</ele><time>2026-10-07T14:42:24Z</time><speed>5.960</speed><sat>30</sat></trkpt>
  <trkpt lat="41.66705711" lon="26.57250689"><ele>88.739</ele><time>2026-10-07T14:42:25Z</time><speed>6.450</speed><sat>30</sat></trkpt>
  <trkpt lat="41.66710190" lon="26.57244174"><ele>86.712</ele><time>2026-10-07T14:42:26Z</time><speed>6.840</speed><sat>31</sat></trkpt>
  <trkpt lat="41.66712230" lon="26.57236166"><ele>87.646</ele><time>2026-10-07T14:42:27Z</time><speed>7.270</speed><sat>31</sat></trkpt>
  <trkpt lat="41.66717136" lon="26.57229706"><ele>86.808</ele><time>2026-10-07T14:42:28Z</time><speed>7.950</speed><sat>31</sat></trkpt>
  <trkpt lat="41.66722054" lon="26.57222207"><ele>86.317</ele><time>2026-10-07T14:42:29Z</time><speed>8.430</speed><sat>31</sat></trkpt>
  <trkpt lat="41.66728376" lon="26.57215222"><ele>85.582</ele><time>2026-10-07T14:42:30Z</time><speed>8.740</speed><sat>33</sat></trkpt>
  <trkpt lat="41.66733392" lon="26.57207455"><ele>85.815</ele><time>2026-10-07T14:42:31Z</time><speed>9.310</speed><sat>33</sat></trkpt>
  <trkpt lat="41.66739773" lon="26.57199775"><ele>85.072</ele><time>2026-10-07T14:42:32Z</time><speed>9.900</speed><sat>33</sat></trkpt>
  <trkpt lat="41.66745781" lon="26.57190144"><ele>84.461</ele><time>2026-10-07T14:42:33Z</time><speed>10.160</speed><sat>33</sat></trkpt>
  <trkpt lat="41.66751715" lon="26.57182130"><ele>84.932</ele><time>2026-10-07T14:42:34Z</time><speed>9.730</speed><sat>33</sat></trkpt>
  <trkpt lat="41.66757731" lon="26.57173801"><ele>84.216</ele><time>2026-10-07T14:42:35Z</time><speed>9.630</speed><sat>33</sat></trkpt>
  <trkpt lat="41.66764187" lon="26.57165487"><ele>84.143</ele><time>2026-10-07T14:42:36Z</time><speed>9.810</speed><sat>34</sat></trkpt>
  <trkpt lat="41.66769385" lon="26.57158022"><ele>84.615</ele><time>2026-10-07T14:42:37Z</time><speed>8.850</speed><sat>33</sat></trkpt>
  <trkpt lat="41.66774237" lon="26.57149595"><ele>84.167</ele><time>2026-10-07T14:42:38Z</time><speed>8.400</speed><sat>33</sat></trkpt>
  <trkpt lat="41.66782100" lon="26.57136331"><ele>83.445</ele><time>2026-10-07T14:42:39Z</time><speed>11.230</speed><sat>32</sat></trkpt>
  <trkpt lat="41.66788512" lon="26.57125257"><ele>83.489</ele><time>2026-10-07T14:42:40Z</time><speed>11.500</speed><sat>32</sat></trkpt>
  <trkpt lat="41.66795148" lon="26.57114585"><ele>83.537</ele><time>2026-10-07T14:42:41Z</time><speed>11.480</speed><sat>32</sat></trkpt>
  <trkpt lat="41.66801158" lon="26.57103905"><ele>83.901</ele><time>2026-10-07T14:42:42Z</time><speed>11.250</speed><sat>33</sat></trkpt>
  <trkpt lat="41.66807214" lon="26.57093480"><ele>83.202</ele><time>2026-10-07T14:42:43Z</time><speed>10.910</speed><sat>33</sat></trkpt>
  <trkpt lat="41.66814015" lon="26.57081043"><ele>83.110</ele><time>2026-10-07T14:42:44Z</time><speed>11.940</speed><sat>33</sat></trkpt>
  <trkpt lat="41.66820596" lon="26.57069578"><ele>83.335</ele><time>2026-10-07T14:42:45Z</time><speed>11.890</speed><sat>33</sat></trkpt>
  <trkpt lat="41.66827225" lon="26.57057067"><ele>84.591</ele><time>2026-10-07T14:42:46Z</time><speed>11.940</speed><sat>32</sat></trkpt>
  <trkpt lat="41.66834849" lon="26.57046777"><ele>84.122</ele><time>2026-10-07T14:42:47Z</time><speed>11.230</speed><sat>32</sat></trkpt>
  <trkpt lat="41.66841653" lon="26.57036133"><ele>82.657</ele><time>2026-10-07T14:42:48Z</time><speed>10.960</speed><sat>30</sat></trkpt>
  <trkpt lat="41.66846960" lon="26.57025359"><ele>82.116</ele><time>2026-10-07T14:42:49Z</time><speed>10.710</speed><sat>31</sat></trkpt>
  <trkpt lat="41.66852029" lon="26.57014809"><ele>81.808</ele><time>2026-10-07T14:42:50Z</time><speed>10.380</speed><sat>29</sat></trkpt>
  <trkpt lat="41.66856930" lon="26.57005293"><ele>82.365</ele><time>2026-10-07T14:42:51Z</time><speed>10.020</speed><sat>29</sat></trkpt>
  <trkpt lat="41.66861889" lon="26.56995445"><ele>82.195</ele><time>2026-10-07T14:42:52Z</time><speed>9.800</speed><sat>29</sat></trkpt>
  <trkpt lat="41.66865947" lon="26.56985088"><ele>82.775</ele><time>2026-10-07T14:42:53Z</time><speed>9.920</speed><sat>30</sat></trkpt>
  <trkpt lat="41.66870070" lon="26.56974664"><ele>83.104</ele><time>2026-10-07T14:42:54Z</time><speed>9.460</speed><sat>29</sat></trkpt>
  <trkpt lat="41.66874424" lon="26.56966394"><ele>82.791</ele><time>2026-10-07T14:42:55Z</time><speed>8.710</speed><sat>30</sat></trkpt>
  <trkpt lat="41.66878586" lon="26.56958778"><ele>82.229</ele><time>2026-10-07T14:42:56Z</time><speed>7.940</speed><sat>30</sat></trkpt>
  <trkpt lat="41.66882438" lon="26.56952691"><ele>81.652</ele><time>2026-10-07T14:42:57Z</time><speed>7.010</speed><sat>29</sat></trkpt>
  <trkpt lat="41.66885560" lon="26.56945290"><ele>82.089</ele><time>2026-10-07T14:42:58Z</time><speed>7.280</speed><sat>29</sat></trkpt>
  <trkpt lat="41.66889601" lon="26.56939369"><ele>82.457</ele><time>2026-10-07T14:42:59Z</time><speed>6.550</speed><sat>28</sat></trkpt>
  <trkpt lat="41.66893941" lon="26.56933249"><ele>81.119</ele><time>2026-10-07T14:43:00Z</time><speed>6.510</speed><sat>30</sat></trkpt>
  <trkpt lat="41.66898133" lon="26.56929616"><ele>81.533</ele><time>2026-10-07T14:43:01Z</time><speed>4.930</speed><sat>30</sat></trkpt>
  <trkpt lat="41.66900645" lon="26.56925410"><ele>81.483</ele><time>2026-10-07T14:43:02Z</time><speed>3.990</speed><sat>30</sat></trkpt>
  <trkpt lat="41.66902656" lon="26.56921156"><ele>81.958</ele><time>2026-10-07T14:43:03Z</time><speed>3.270</speed><sat>30</sat></trkpt>
  <trkpt lat="41.66904239" lon="26.56920121"><ele>82.201</ele><time>2026-10-07T14:43:04Z</time><speed>1.310</speed><sat>30</sat></trkpt>
  <trkpt lat="41.66904921" lon="26.56919288"><ele>82.665</ele><time>2026-10-07T14:43:05Z</time><speed>0.860</speed><sat>30</sat></trkpt>
  <trkpt lat="41.66904883" lon="26.56919439"><ele>82.709</ele><time>2026-10-07T14:43:06Z</time><speed>0.000</speed><sat>28</sat></trkpt>
  <trkpt lat="41.66904839" lon="26.56919199"><ele>82.864</ele><time>2026-10-07T14:43:07Z</time><speed>0.000</speed><sat>27</sat></trkpt>
  <trkpt lat="41.66905042" lon="26.56919350"><ele>83.181</ele><time>2026-10-07T14:43:08Z</time><speed>0.000</speed><sat>25</sat></trkpt>
  <trkpt lat="41.66905347" lon="26.56919472"><ele>82.835</ele><time>2026-10-07T14:43:09Z</time><speed>0.000</speed><sat>25</sat></trkpt>
  <trkpt lat="41.66905163" lon="26.56919977"><ele>82.975</ele><time>2026-10-07T14:43:10Z</time><speed>0.780</speed><sat>27</sat></trkpt>
  <trkpt lat="41.66905434" lon="26.56919917"><ele>82.385</ele><time>2026-10-07T14:43:11Z</time><speed>0.000</speed><sat>27</sat></trkpt>
  <trkpt lat="41.66905448" lon="26.56920038"><ele>82.897</ele><time>2026-10-07T14:43:12Z</time><speed>0.000</speed><sat>25</sat></trkpt>
  <trkpt lat="41.66905280" lon="26.56920139"><ele>82.788</ele><time>2026-10-07T14:43:13Z</time><speed>0.000</speed><sat>26</sat></trkpt>
  <trkpt lat="41.66904929" lon="26.56919824"><ele>82.875</ele><time>2026-10-07T14:43:14Z</time><speed>0.000</speed><sat>26</sat></trkpt>
  <trkpt lat="41.66905164" lon="26.56920166"><ele>82.843</ele><time>2026-10-07T14:43:15Z</time><speed>0.000</speed><sat>26</sat></trkpt>
  <trkpt lat="41.66905425" lon="26.56920448"><ele>82.524</ele><time>2026-10-07T14:43:16Z</time><speed>0.230</speed><sat>26</sat></trkpt>
  <trkpt lat="41.66905529" lon="26.56920425"><ele>82.824</ele><time>2026-10-07T14:43:17Z</time><speed>0.000</speed><sat>26</sat></trkpt>
  <trkpt lat="41.66906187" lon="26.56920849"><ele>82.689</ele><time>2026-10-07T14:43:18Z</time><speed>0.000</speed><sat>26</sat></trkpt>
  <trkpt lat="41.66906501" lon="26.56921149"><ele>82.580</ele><time>2026-10-07T14:43:19Z</time><speed>0.000</speed><sat>26</sat></trkpt>
  <trkpt lat="41.66906466" lon="26.56920994"><ele>82.654</ele><time>2026-10-07T14:43:20Z</time><speed>0.000</speed><sat>26</sat></trkpt>
  <trkpt lat="41.66906516" lon="26.56920972"><ele>83.024</ele><time>2026-10-07T14:43:21Z</time><speed>0.000</speed><sat>26</sat></trkpt>
  <trkpt lat="41.66906355" lon="26.56920959"><ele>83.232</ele><time>2026-10-07T14:43:22Z</time><speed>0.000</speed><sat>26</sat></trkpt>
  <trkpt lat="41.66906394" lon="26.56920752"><ele>82.879</ele><time>2026-10-07T14:43:23Z</time><speed>0.000</speed><sat>22</sat></trkpt>
  <trkpt lat="41.66906313" lon="26.56920700"><ele>82.726</ele><time>2026-10-07T14:43:24Z</time><speed>0.000</speed><sat>20</sat></trkpt>
  <trkpt lat="41.66906020" lon="26.56920417"><ele>82.868</ele><time>2026-10-07T14:43:25Z</time><speed>0.000</speed><sat>20</sat></trkpt>
  <trkpt lat="41.66906094" lon="26.56920499"><ele>83.001</ele><time>2026-10-07T14:43:26Z</time><speed>0.000</speed><sat>24</sat></trkpt>
  <trkpt lat="41.66906534" lon="26.56918418"><ele>83.407</ele><time>2026-10-07T14:43:27Z</time><speed>1.540</speed><sat>25</sat></trkpt>
  <trkpt lat="41.66907013" lon="26.56916418"><ele>82.486</ele><time>2026-10-07T14:43:28Z</time><speed>1.820</speed><sat>26</sat></trkpt>
  <trkpt lat="41.66907515" lon="26.56914750"><ele>83.158</ele><time>2026-10-07T14:43:29Z</time><speed>1.610</speed><sat>28</sat></trkpt>
  <trkpt lat="41.66908254" lon="26.56912240"><ele>83.081</ele><time>2026-10-07T14:43:30Z</time><speed>2.660</speed><sat>30</sat></trkpt>
  <trkpt lat="41.66909218" lon="26.56909652"><ele>83.541</ele><time>2026-10-07T14:43:31Z</time><speed>2.170</speed><sat>31</sat></trkpt>
  <trkpt lat="41.66910732" lon="26.56906803"><ele>82.494</ele><time>2026-10-07T14:43:32Z</time><speed>3.240</speed><sat>31</sat></trkpt>
  <trkpt lat="41.66912292" lon="26.56903929"><ele>83.056</ele><time>2026-10-07T14:43:33Z</time><speed>2.550</speed><sat>31</sat></trkpt>
  <trkpt lat="41.66913779" lon="26.56901755"><ele>82.052</ele><time>2026-10-07T14:43:34Z</time><speed>1.920</speed><sat>31</sat></trkpt>
  <trkpt lat="41.66914790" lon="26.56900293"><ele>82.014</ele><time>2026-10-07T14:43:35Z</time><speed>1.110</speed><sat>30</sat></trkpt>
  <trkpt lat="41.66915611" lon="26.56899412"><ele>82.263</ele><time>2026-10-07T14:43:36Z</time><speed>0.900</speed><sat>31</sat></trkpt>
  <trkpt lat="41.66916230" lon="26.56898899"><ele>82.233</ele><time>2026-10-07T14:43:37Z</time><speed>0.460</speed><sat>30</sat></trkpt>
  <trkpt lat="41.66916726" lon="26.56898642"><ele>81.656</ele><time>2026-10-07T14:43:38Z</time><speed>0.290</speed><sat>32</sat></trkpt>
  <trkpt lat="41.66917224" lon="26.56898511"><ele>81.290</ele><time>2026-10-07T14:43:39Z</time><speed>0.180</speed><sat>31</sat></trkpt>
  <trkpt lat="41.66918169" lon="26.56898788"><ele>81.057</ele><time>2026-10-07T14:43:40Z</time><speed>0.000</speed><sat>32</sat></trkpt>
  <trkpt lat="41.66918650" lon="26.56899021"><ele>80.911</ele><time>2026-10-07T14:43:41Z</time><speed>0.000</speed><sat>32</sat></trkpt>
  <trkpt lat="41.66918846" lon="26.56899235"><ele>80.779</ele><time>2026-10-07T14:43:42Z</time><speed>0.000</speed><sat>32</sat></trkpt>
  <trkpt lat="41.66918999" lon="26.56899383"><ele>80.638</ele><time>2026-10-07T14:43:43Z</time><speed>0.000</speed><sat>32</sat></trkpt>
  <trkpt lat="41.66919141" lon="26.56899546"><ele>80.531</ele><time>2026-10-07T14:43:44Z</time><speed>0.000</speed><sat>31</sat></trkpt>
  <trkpt lat="41.66919302" lon="26.56899660"><ele>80.587</ele><time>2026-10-07T14:43:45Z</time><speed>0.000</speed><sat>30</sat></trkpt>
  <trkpt lat="41.66919383" lon="26.56899718"><ele>80.567</ele><time>2026-10-07T14:43:46Z</time><speed>0.000</speed><sat>29</sat></trkpt>
  <trkpt lat="41.66919449" lon="26.56899801"><ele>80.652</ele><time>2026-10-07T14:43:47Z</time><speed>0.000</speed><sat>28</sat></trkpt>
  <trkpt lat="41.66919571" lon="26.56899929"><ele>80.496</ele><time>2026-10-07T14:43:48Z</time><speed>0.000</speed><sat>26</sat></trkpt>
  <trkpt lat="41.66919648" lon="26.56899964"><ele>80.407</ele><time>2026-10-07T14:43:49Z</time><speed>0.000</speed><sat>27</sat></trkpt>
  <trkpt lat="41.66919719" lon="26.56899992"><ele>80.348</ele><time>2026-10-07T14:43:50Z</time><speed>0.000</speed><sat>27</sat></trkpt>
  <trkpt lat="41.66919861" lon="26.56900110"><ele>80.109</ele><time>2026-10-07T14:43:51Z</time><speed>0.390</speed><sat>28</sat></trkpt>
  <trkpt lat="41.66920021" lon="26.56900152"><ele>80.950</ele><time>2026-10-07T14:43:52Z</time><speed>0.200</speed><sat>28</sat></trkpt>
  <trkpt lat="41.66920116" lon="26.56900736"><ele>80.913</ele><time>2026-10-07T14:43:53Z</time><speed>0.000</speed><sat>28</sat></trkpt>
  <trkpt lat="41.66920193" lon="26.56901210"><ele>80.909</ele><time>2026-10-07T14:43:54Z</time><speed>0.000</speed><sat>29</sat></trkpt>
  <trkpt lat="41.66920391" lon="26.56901694"><ele>80.817</ele><time>2026-10-07T14:43:55Z</time><speed>0.000</speed><sat>29</sat></trkpt>
  <trkpt lat="41.66920666" lon="26.56902062"><ele>80.784</ele><time>2026-10-07T14:43:56Z</time><speed>0.000</speed><sat>27</sat></trkpt>
  <trkpt lat="41.66921008" lon="26.56902555"><ele>80.606</ele><time>2026-10-07T14:43:57Z</time><speed>0.000</speed><sat>27</sat></trkpt>
  <trkpt lat="41.66921252" lon="26.56902846"><ele>80.639</ele><time>2026-10-07T14:43:58Z</time><speed>0.000</speed><sat>28</sat></trkpt>
  <trkpt lat="41.66921528" lon="26.56903134"><ele>80.648</ele><time>2026-10-07T14:43:59Z</time><speed>0.000</speed><sat>28</sat></trkpt>
  <trkpt lat="41.66921665" lon="26.56903357"><ele>80.737</ele><time>2026-10-07T14:44:00Z</time><speed>0.000</speed><sat>28</sat></trkpt>
  <trkpt lat="41.66921753" lon="26.56903612"><ele>80.948</ele><time>2026-10-07T14:44:01Z</time><speed>0.000</speed><sat>29</sat></trkpt>
  <trkpt lat="41.66921769" lon="26.56903846"><ele>81.186</ele><time>2026-10-07T14:44:02Z</time><speed>0.000</speed><sat>30</sat></trkpt>
  <trkpt lat="41.66921796" lon="26.56904013"><ele>81.228</ele><time>2026-10-07T14:44:03Z</time><speed>0.000</speed><sat>30</sat></trkpt>
  <trkpt lat="41.66921802" lon="26.56904097"><ele>81.244</ele><time>2026-10-07T14:44:04Z</time><speed>0.000</speed><sat>29</sat></trkpt>
  <trkpt lat="41.66921814" lon="26.56904148"><ele>81.244</ele><time>2026-10-07T14:44:05Z</time><speed>0.000</speed><sat>29</sat></trkpt>
  <trkpt lat="41.66921815" lon="26.56904171"><ele>81.258</ele><time>2026-10-07T14:44:06Z</time><speed>0.000</speed><sat>29</sat></trkpt>
  <trkpt lat="41.66921816" lon="26.56904183"><ele>81.262</ele><time>2026-10-07T14:44:07Z</time><speed>0.000</speed><sat>27</sat></trkpt>
  <trkpt lat="41.66921818" lon="26.56904192"><ele>81.259</ele><time>2026-10-07T14:44:08Z</time><speed>0.000</speed><sat>28</sat></trkpt>
  <trkpt lat="41.66921820" lon="26.56904197"><ele>81.262</ele><time>2026-10-07T14:44:09Z</time><speed>0.000</speed><sat>29</sat></trkpt>
  <trkpt lat="41.66921822" lon="26.56904199"><ele>81.266</ele><time>2026-10-07T14:44:10Z</time><speed>0.000</speed><sat>29</sat></trkpt>
  <trkpt lat="41.66921825" lon="26.56904201"><ele>81.271</ele><time>2026-10-07T14:44:11Z</time><speed>0.000</speed><sat>29</sat></trkpt>
  <trkpt lat="41.66921826" lon="26.56904202"><ele>81.276</ele><time>2026-10-07T14:44:12Z</time><speed>0.000</speed><sat>30</sat></trkpt>
  <trkpt lat="41.66921828" lon="26.56904203"><ele>81.280</ele><time>2026-10-07T14:44:13Z</time><speed>0.000</speed><sat>29</sat></trkpt>
  <trkpt lat="41.66921830" lon="26.56904203"><ele>81.281</ele><time>2026-10-07T14:44:14Z</time><speed>0.000</speed><sat>29</sat></trkpt>
  <trkpt lat="41.66921832" lon="26.56904204"><ele>81.286</ele><time>2026-10-07T14:44:15Z</time><speed>0.000</speed><sat>30</sat></trkpt>
  <trkpt lat="41.66921834" lon="26.56904207"><ele>81.289</ele><time>2026-10-07T14:44:16Z</time><speed>0.000</speed><sat>30</sat></trkpt>
  <trkpt lat="41.66921838" lon="26.56904210"><ele>81.293</ele><time>2026-10-07T14:44:17Z</time><speed>0.000</speed><sat>30</sat></trkpt>
  <trkpt lat="41.66921841" lon="26.56904213"><ele>81.296</ele><time>2026-10-07T14:44:18Z</time><speed>0.000</speed><sat>30</sat></trkpt>
  <trkpt lat="41.66921815" lon="26.56904163"><ele>81.299</ele><time>2026-10-07T14:44:19Z</time><speed>0.000</speed><sat>30</sat></trkpt>
  <trkpt lat="41.66921804" lon="26.56904139"><ele>81.303</ele><time>2026-10-07T14:44:20Z</time><speed>0.000</speed><sat>30</sat></trkpt>
  <trkpt lat="41.66921799" lon="26.56904127"><ele>81.304</ele><time>2026-10-07T14:44:21Z</time><speed>0.000</speed><sat>29</sat></trkpt>
  <trkpt lat="41.66921794" lon="26.56904119"><ele>81.305</ele><time>2026-10-07T14:44:22Z</time><speed>0.000</speed><sat>29</sat></trkpt>
  <trkpt lat="41.66921791" lon="26.56904116"><ele>81.307</ele><time>2026-10-07T14:44:23Z</time><speed>0.000</speed><sat>30</sat></trkpt>
  <trkpt lat="41.66921755" lon="26.56904006"><ele>81.320</ele><time>2026-10-07T14:44:24Z</time><speed>0.000</speed><sat>31</sat></trkpt>
  <trkpt lat="41.66921737" lon="26.56903952"><ele>81.322</ele><time>2026-10-07T14:44:25Z</time><speed>0.000</speed><sat>32</sat></trkpt>
  <trkpt lat="41.66921690" lon="26.56903825"><ele>81.300</ele><time>2026-10-07T14:44:26Z</time><speed>0.000</speed><sat>32</sat></trkpt>
  <trkpt lat="41.66921647" lon="26.56903718"><ele>81.298</ele><time>2026-10-07T14:44:27Z</time><speed>0.000</speed><sat>32</sat></trkpt>
  <trkpt lat="41.66921625" lon="26.56903661"><ele>81.298</ele><time>2026-10-07T14:44:28Z</time><speed>0.000</speed><sat>32</sat></trkpt>
  <trkpt lat="41.66921608" lon="26.56903620"><ele>81.292</ele><time>2026-10-07T14:44:29Z</time><speed>0.000</speed><sat>32</sat></trkpt>
  <trkpt lat="41.66921597" lon="26.56903593"><ele>81.289</ele><time>2026-10-07T14:44:30Z</time><speed>0.000</speed><sat>32</sat></trkpt>
  <trkpt lat="41.66921573" lon="26.56903536"><ele>81.285</ele><time>2026-10-07T14:44:31Z</time><speed>0.000</speed><sat>31</sat></trkpt>
  <trkpt lat="41.66921562" lon="26.56903507"><ele>81.282</ele><time>2026-10-07T14:44:32Z</time><speed>0.000</speed><sat>31</sat></trkpt>
  <trkpt lat="41.66921556" lon="26.56903491"><ele>81.280</ele><time>2026-10-07T14:44:33Z</time><speed>0.000</speed><sat>31</sat></trkpt>
  <trkpt lat="41.66921554" lon="26.56903481"><ele>81.278</ele><time>2026-10-07T14:44:34Z</time><speed>0.000</speed><sat>30</sat></trkpt>
  <trkpt lat="41.66921551" lon="26.56903472"><ele>81.275</ele><time>2026-10-07T14:44:35Z</time><speed>0.000</speed><sat>30</sat></trkpt>
  <trkpt lat="41.66921549" lon="26.56903464"><ele>81.268</ele><time>2026-10-07T14:44:36Z</time><speed>0.000</speed><sat>30</sat></trkpt>
  <trkpt lat="41.66921547" lon="26.56903458"><ele>81.264</ele><time>2026-10-07T14:44:37Z</time><speed>0.000</speed><sat>30</sat></trkpt>
  <trkpt lat="41.66921579" lon="26.56903477"><ele>80.851</ele><time>2026-10-07T14:44:38Z</time><speed>0.000</speed><sat>28</sat></trkpt>
  <trkpt lat="41.66921489" lon="26.56903490"><ele>80.760</ele><time>2026-10-07T14:44:39Z</time><speed>0.000</speed><sat>28</sat></trkpt>
  <trkpt lat="41.66921405" lon="26.56903542"><ele>80.203</ele><time>2026-10-07T14:44:40Z</time><speed>0.000</speed><sat>28</sat></trkpt>
  <trkpt lat="41.66921363" lon="26.56903598"><ele>80.010</ele><time>2026-10-07T14:44:41Z</time><speed>0.000</speed><sat>27</sat></trkpt>
  <trkpt lat="41.66921309" lon="26.56903690"><ele>79.705</ele><time>2026-10-07T14:44:42Z</time><speed>0.000</speed><sat>26</sat></trkpt>
  <trkpt lat="41.66921266" lon="26.56903840"><ele>79.510</ele><time>2026-10-07T14:44:43Z</time><speed>0.000</speed><sat>26</sat></trkpt>
  <trkpt lat="41.66921289" lon="26.56903944"><ele>79.428</ele><time>2026-10-07T14:44:44Z</time><speed>0.000</speed><sat>26</sat></trkpt>
  <trkpt lat="41.66921387" lon="26.56904079"><ele>79.397</ele><time>2026-10-07T14:44:45Z</time><speed>0.000</speed><sat>26</sat></trkpt>
  <trkpt lat="41.66921426" lon="26.56904212"><ele>79.443</ele><time>2026-10-07T14:44:46Z</time><speed>0.000</speed><sat>26</sat></trkpt>
  <trkpt lat="41.66921438" lon="26.56904216"><ele>79.182</ele><time>2026-10-07T14:44:47Z</time><speed>0.000</speed><sat>26</sat></trkpt>
  <trkpt lat="41.66921470" lon="26.56904074"><ele>79.078</ele><time>2026-10-07T14:44:48Z</time><speed>0.000</speed><sat>26</sat></trkpt>
  <trkpt lat="41.66921506" lon="26.56903960"><ele>79.015</ele><time>2026-10-07T14:44:49Z</time><speed>0.000</speed><sat>29</sat></trkpt>
  <trkpt lat="41.66921523" lon="26.56903880"><ele>78.983</ele><time>2026-10-07T14:44:50Z</time><speed>0.000</speed><sat>31</sat></trkpt>
  <trkpt lat="41.66921706" lon="26.56903485"><ele>79.017</ele><time>2026-10-07T14:44:51Z</time><speed>0.360</speed><sat>31</sat></trkpt>
  <trkpt lat="41.66921973" lon="26.56902927"><ele>79.416</ele><time>2026-10-07T14:44:52Z</time><speed>0.450</speed><sat>31</sat></trkpt>
  <trkpt lat="41.66922211" lon="26.56902375"><ele>79.834</ele><time>2026-10-07T14:44:53Z</time><speed>0.350</speed><sat>33</sat></trkpt>
  <trkpt lat="41.66922390" lon="26.56901932"><ele>80.053</ele><time>2026-10-07T14:44:54Z</time><speed>0.280</speed><sat>33</sat></trkpt>
  <trkpt lat="41.66922946" lon="26.56900846"><ele>80.009</ele><time>2026-10-07T14:44:55Z</time><speed>1.620</speed><sat>33</sat></trkpt>
  <trkpt lat="41.66924201" lon="26.56898570"><ele>80.313</ele><time>2026-10-07T14:44:56Z</time><speed>2.870</speed><sat>32</sat></trkpt>
  <trkpt lat="41.66926039" lon="26.56895574"><ele>80.915</ele><time>2026-10-07T14:44:57Z</time><speed>3.530</speed><sat>32</sat></trkpt>
  <trkpt lat="41.66928268" lon="26.56891667"><ele>80.685</ele><time>2026-10-07T14:44:58Z</time><speed>4.300</speed><sat>32</sat></trkpt>
  <trkpt lat="41.66930520" lon="26.56884989"><ele>80.385</ele><time>2026-10-07T14:44:59Z</time><speed>5.080</speed><sat>31</sat></trkpt>
  <trkpt lat="41.66933965" lon="26.56880725"><ele>80.301</ele><time>2026-10-07T14:45:00Z</time><speed>5.580</speed><sat>33</sat></trkpt>
  <trkpt lat="41.66937940" lon="26.56876051"><ele>80.286</ele><time>2026-10-07T14:45:01Z</time><speed>5.840</speed><sat>33</sat></trkpt>
  <trkpt lat="41.66941518" lon="26.56870375"><ele>79.872</ele><time>2026-10-07T14:45:02Z</time><speed>6.060</speed><sat>33</sat></trkpt>
  <trkpt lat="41.66945333" lon="26.56864491"><ele>80.245</ele><time>2026-10-07T14:45:03Z</time><speed>6.390</speed><sat>33</sat></trkpt>
  <trkpt lat="41.66949204" lon="26.56858829"><ele>80.492</ele><time>2026-10-07T14:45:04Z</time><speed>6.350</speed><sat>33</sat></trkpt>
  <trkpt lat="41.66950487" lon="26.56850679"><ele>80.411</ele><time>2026-10-07T14:45:05Z</time><speed>6.100</speed><sat>32</sat></trkpt>
  <trkpt lat="41.66952513" lon="26.56843519"><ele>80.220</ele><time>2026-10-07T14:45:06Z</time><speed>5.930</speed><sat>32</sat></trkpt>
  <trkpt lat="41.66954191" lon="26.56837209"><ele>80.388</ele><time>2026-10-07T14:45:07Z</time><speed>5.960</speed><sat>33</sat></trkpt>
  <trkpt lat="41.66955039" lon="26.56829695"><ele>80.405</ele><time>2026-10-07T14:45:08Z</time><speed>6.090</speed><sat>33</sat></trkpt>
  <trkpt lat="41.66954481" lon="26.56821992"><ele>80.271</ele><time>2026-10-07T14:45:09Z</time><speed>6.030</speed><sat>33</sat></trkpt>
  <trkpt lat="41.66954960" lon="26.56811681"><ele>80.588</ele><time>2026-10-07T14:45:10Z</time><speed>7.100</speed><sat>33</sat></trkpt>
  <trkpt lat="41.66955077" lon="26.56802819"><ele>79.920</ele><time>2026-10-07T14:45:11Z</time><speed>7.790</speed><sat>33</sat></trkpt>
  <trkpt lat="41.66955677" lon="26.56793338"><ele>79.850</ele><time>2026-10-07T14:45:12Z</time><speed>8.170</speed><sat>33</sat></trkpt>
  <trkpt lat="41.66956677" lon="26.56782667"><ele>80.243</ele><time>2026-10-07T14:45:13Z</time><speed>8.530</speed><sat>33</sat></trkpt>
  <trkpt lat="41.66959097" lon="26.56771813"><ele>80.370</ele><time>2026-10-07T14:45:14Z</time><speed>8.730</speed><sat>33</sat></trkpt>
  <trkpt lat="41.66960901" lon="26.56761302"><ele>80.891</ele><time>2026-10-07T14:45:15Z</time><speed>8.780</speed><sat>33</sat></trkpt>
  <trkpt lat="41.66964477" lon="26.56751218"><ele>81.068</ele><time>2026-10-07T14:45:16Z</time><speed>8.920</speed><sat>32</sat></trkpt>
  <trkpt lat="41.66968570" lon="26.56741476"><ele>81.615</ele><time>2026-10-07T14:45:17Z</time><speed>9.200</speed><sat>30</sat></trkpt>
  <trkpt lat="41.66972027" lon="26.56731928"><ele>81.574</ele><time>2026-10-07T14:45:18Z</time><speed>8.880</speed><sat>29</sat></trkpt>
  <trkpt lat="41.66976041" lon="26.56721257"><ele>81.249</ele><time>2026-10-07T14:45:19Z</time><speed>9.380</speed><sat>28</sat></trkpt>
  <trkpt lat="41.66980315" lon="26.56710836"><ele>81.937</ele><time>2026-10-07T14:45:20Z</time><speed>9.420</speed><sat>27</sat></trkpt>
  <trkpt lat="41.66984849" lon="26.56699110"><ele>81.752</ele><time>2026-10-07T14:45:21Z</time><speed>9.890</speed><sat>27</sat></trkpt>
  <trkpt lat="41.66988716" lon="26.56687394"><ele>82.462</ele><time>2026-10-07T14:45:22Z</time><speed>10.020</speed><sat>29</sat></trkpt>
  <trkpt lat="41.66993588" lon="26.56675659"><ele>82.241</ele><time>2026-10-07T14:45:23Z</time><speed>10.570</speed><sat>31</sat></trkpt>
  <trkpt lat="41.66997626" lon="26.56665732"><ele>83.900</ele><time>2026-10-07T14:45:24Z</time><speed>10.290</speed><sat>31</sat></trkpt>
  <trkpt lat="41.67001824" lon="26.56655040"><ele>83.695</ele><time>2026-10-07T14:45:25Z</time><speed>9.830</speed><sat>32</sat></trkpt>
  <trkpt lat="41.67005912" lon="26.56644996"><ele>83.846</ele><time>2026-10-07T14:45:26Z</time><speed>9.550</speed><sat>32</sat></trkpt>
  <trkpt lat="41.67010261" lon="26.56635239"><ele>84.091</ele><time>2026-10-07T14:45:27Z</time><speed>9.130</speed><sat>31</sat></trkpt>
  <trkpt lat="41.67014261" lon="26.56626391"><ele>84.191</ele><time>2026-10-07T14:45:28Z</time><speed>8.830</speed><sat>31</sat></trkpt>
  <trkpt lat="41.67017984" lon="26.56618211"><ele>84.142</ele><time>2026-10-07T14:45:29Z</time><speed>8.280</speed><sat>31</sat></trkpt>
  <trkpt lat="41.67022178" lon="26.56611120"><ele>84.127</ele><time>2026-10-07T14:45:30Z</time><speed>7.660</speed><sat>30</sat></trkpt>
  <trkpt lat="41.67025751" lon="26.56605591"><ele>83.979</ele><time>2026-10-07T14:45:31Z</time><speed>6.470</speed><sat>28</sat></trkpt>
  <trkpt lat="41.67027789" lon="26.56602349"><ele>82.653</ele><time>2026-10-07T14:45:32Z</time><speed>4.910</speed><sat>26</sat></trkpt>
  <trkpt lat="41.67029165" lon="26.56599348"><ele>82.936</ele><time>2026-10-07T14:45:33Z</time><speed>3.080</speed><sat>30</sat></trkpt>
  <trkpt lat="41.67032298" lon="26.56595435"><ele>83.285</ele><time>2026-10-07T14:45:34Z</time><speed>4.140</speed><sat>31</sat></trkpt>
  <trkpt lat="41.67031624" lon="26.56595648"><ele>83.444</ele><time>2026-10-07T14:45:35Z</time><speed>0.910</speed><sat>31</sat></trkpt>
  <trkpt lat="41.67030719" lon="26.56596182"><ele>82.773</ele><time>2026-10-07T14:45:36Z</time><speed>0.000</speed><sat>31</sat></trkpt>
  <trkpt lat="41.67030924" lon="26.56596531"><ele>82.922</ele><time>2026-10-07T14:45:37Z</time><speed>0.000</speed><sat>31</sat></trkpt>
  <trkpt lat="41.67031741" lon="26.56596171"><ele>83.148</ele><time>2026-10-07T14:45:38Z</time><speed>0.480</speed><sat>31</sat></trkpt>
  <trkpt lat="41.67033073" lon="26.56595194"><ele>83.553</ele><time>2026-10-07T14:45:39Z</time><speed>1.070</speed><sat>31</sat></trkpt>
  <trkpt lat="41.67032986" lon="26.56596332"><ele>82.626</ele><time>2026-10-07T14:45:40Z</time><speed>0.000</speed><sat>30</sat></trkpt>
  <trkpt lat="41.67032790" lon="26.56596784"><ele>82.360</ele><time>2026-10-07T14:45:41Z</time><speed>0.000</speed><sat>30</sat></trkpt>
  <trkpt lat="41.67032956" lon="26.56597106"><ele>81.775</ele><time>2026-10-07T14:45:42Z</time><speed>0.000</speed><sat>28</sat></trkpt>
  <trkpt lat="41.67033288" lon="26.56597731"><ele>81.451</ele><time>2026-10-07T14:45:43Z</time><speed>0.000</speed><sat>26</sat></trkpt>
  <trkpt lat="41.67033416" lon="26.56597075"><ele>81.249</ele><time>2026-10-07T14:45:44Z</time><speed>0.000</speed><sat>26</sat></trkpt>
  <trkpt lat="41.67033228" lon="26.56596657"><ele>80.986</ele><time>2026-10-07T14:45:45Z</time><speed>0.000</speed><sat>28</sat></trkpt>
  <trkpt lat="41.67033099" lon="26.56596635"><ele>81.549</ele><time>2026-10-07T14:45:46Z</time><speed>0.000</speed><sat>28</sat></trkpt>
  <trkpt lat="41.67033323" lon="26.56596834"><ele>81.498</ele><time>2026-10-07T14:45:47Z</time><speed>0.000</speed><sat>28</sat></trkpt>
  <trkpt lat="41.67033188" lon="26.56596476"><ele>81.527</ele><time>2026-10-07T14:45:48Z</time><speed>0.000</speed><sat>29</sat></trkpt>
  <trkpt lat="41.67033178" lon="26.56596248"><ele>81.539</ele><time>2026-10-07T14:45:49Z</time><speed>0.000</speed><sat>31</sat></trkpt>
  <trkpt lat="41.67033146" lon="26.56596137"><ele>81.393</ele><time>2026-10-07T14:45:50Z</time><speed>0.000</speed><sat>32</sat></trkpt>
  <trkpt lat="41.67033141" lon="26.56595944"><ele>81.429</ele><time>2026-10-07T14:45:51Z</time><speed>0.000</speed><sat>31</sat></trkpt>
  <trkpt lat="41.67033132" lon="26.56595834"><ele>81.480</ele><time>2026-10-07T14:45:52Z</time><speed>0.000</speed><sat>32</sat></trkpt>
  <trkpt lat="41.67032990" lon="26.56595399"><ele>82.159</ele><time>2026-10-07T14:45:53Z</time><speed>0.350</speed><sat>31</sat></trkpt>
  <trkpt lat="41.67033309" lon="26.56594586"><ele>82.372</ele><time>2026-10-07T14:45:54Z</time><speed>0.830</speed><sat>32</sat></trkpt>
  <trkpt lat="41.67033742" lon="26.56592906"><ele>81.125</ele><time>2026-10-07T14:45:55Z</time><speed>1.310</speed><sat>31</sat></trkpt>
  <trkpt lat="41.67034630" lon="26.56590948"><ele>81.563</ele><time>2026-10-07T14:45:56Z</time><speed>1.690</speed><sat>31</sat></trkpt>
  <trkpt lat="41.67035583" lon="26.56588610"><ele>81.731</ele><time>2026-10-07T14:45:57Z</time><speed>2.320</speed><sat>33</sat></trkpt>
  <trkpt lat="41.67036677" lon="26.56585998"><ele>82.005</ele><time>2026-10-07T14:45:58Z</time><speed>2.460</speed><sat>32</sat></trkpt>
  <trkpt lat="41.67037594" lon="26.56583566"><ele>81.962</ele><time>2026-10-07T14:45:59Z</time><speed>2.190</speed><sat>31</sat></trkpt>
  <trkpt lat="41.67038448" lon="26.56581450"><ele>82.064</ele><time>2026-10-07T14:46:00Z</time><speed>1.970</speed><sat>31</sat></trkpt>
  <trkpt lat="41.67039104" lon="26.56579838"><ele>82.121</ele><time>2026-10-07T14:46:01Z</time><speed>1.590</speed><sat>31</sat></trkpt>
  <trkpt lat="41.67039627" lon="26.56578694"><ele>82.480</ele><time>2026-10-07T14:46:02Z</time><speed>1.090</speed><sat>31</sat></trkpt>
  <trkpt lat="41.67040103" lon="26.56577814"><ele>82.727</ele><time>2026-10-07T14:46:03Z</time><speed>0.990</speed><sat>31</sat></trkpt>
  <trkpt lat="41.67040445" lon="26.56576827"><ele>83.624</ele><time>2026-10-07T14:46:04Z</time><speed>1.010</speed><sat>32</sat></trkpt>
  <trkpt lat="41.67040681" lon="26.56575707"><ele>84.752</ele><time>2026-10-07T14:46:05Z</time><speed>0.950</speed><sat>33</sat></trkpt>
  <trkpt lat="41.67040940" lon="26.56574590"><ele>84.319</ele><time>2026-10-07T14:46:06Z</time><speed>1.140</speed><sat>32</sat></trkpt>
  <trkpt lat="41.67041446" lon="26.56572698"><ele>84.753</ele><time>2026-10-07T14:46:07Z</time><speed>2.070</speed><sat>32</sat></trkpt>
  <trkpt lat="41.67042453" lon="26.56570331"><ele>84.458</ele><time>2026-10-07T14:46:08Z</time><speed>2.570</speed><sat>33</sat></trkpt>
  <trkpt lat="41.67043668" lon="26.56567714"><ele>84.565</ele><time>2026-10-07T14:46:09Z</time><speed>2.560</speed><sat>33</sat></trkpt>
  <trkpt lat="41.67045549" lon="26.56563880"><ele>85.477</ele><time>2026-10-07T14:46:10Z</time><speed>4.340</speed><sat>33</sat></trkpt>
  <trkpt lat="41.67049787" lon="26.56556802"><ele>85.313</ele><time>2026-10-07T14:46:11Z</time><speed>5.480</speed><sat>33</sat></trkpt>
  <trkpt lat="41.67053962" lon="26.56552185"><ele>85.367</ele><time>2026-10-07T14:46:12Z</time><speed>6.260</speed><sat>33</sat></trkpt>
  <trkpt lat="41.67057301" lon="26.56546255"><ele>85.690</ele><time>2026-10-07T14:46:13Z</time><speed>6.330</speed><sat>33</sat></trkpt>
  <trkpt lat="41.67060917" lon="26.56540743"><ele>85.718</ele><time>2026-10-07T14:46:14Z</time><speed>6.120</speed><sat>33</sat></trkpt>
  <trkpt lat="41.67064206" lon="26.56535161"><ele>85.306</ele><time>2026-10-07T14:46:15Z</time><speed>6.100</speed><sat>31</sat></trkpt>
  <trkpt lat="41.67068101" lon="26.56529281"><ele>85.596</ele><time>2026-10-07T14:46:16Z</time><speed>6.470</speed><sat>29</sat></trkpt>
  <trkpt lat="41.67072643" lon="26.56523335"><ele>85.637</ele><time>2026-10-07T14:46:17Z</time><speed>6.790</speed><sat>29</sat></trkpt>
  <trkpt lat="41.67076951" lon="26.56516675"><ele>85.984</ele><time>2026-10-07T14:46:18Z</time><speed>7.190</speed><sat>29</sat></trkpt>
  <trkpt lat="41.67081470" lon="26.56509950"><ele>86.242</ele><time>2026-10-07T14:46:19Z</time><speed>7.480</speed><sat>28</sat></trkpt>
  <trkpt lat="41.67085860" lon="26.56502674"><ele>86.248</ele><time>2026-10-07T14:46:20Z</time><speed>7.720</speed><sat>27</sat></trkpt>
  <trkpt lat="41.67090462" lon="26.56495190"><ele>85.855</ele><time>2026-10-07T14:46:21Z</time><speed>7.940</speed><sat>30</sat></trkpt>
  <trkpt lat="41.67095178" lon="26.56487764"><ele>85.719</ele><time>2026-10-07T14:46:22Z</time><speed>8.230</speed><sat>30</sat></trkpt>
  <trkpt lat="41.67099822" lon="26.56479994"><ele>85.961</ele><time>2026-10-07T14:46:23Z</time><speed>8.600</speed><sat>30</sat></trkpt>
  <trkpt lat="41.67104581" lon="26.56472085"><ele>86.163</ele><time>2026-10-07T14:46:24Z</time><speed>8.650</speed><sat>29</sat></trkpt>
  <trkpt lat="41.67109246" lon="26.56464357"><ele>86.058</ele><time>2026-10-07T14:46:25Z</time><speed>8.210</speed><sat>29</sat></trkpt>
  <trkpt lat="41.67114687" lon="26.56456631"><ele>85.761</ele><time>2026-10-07T14:46:26Z</time><speed>8.340</speed><sat>28</sat></trkpt>
  <trkpt lat="41.67121712" lon="26.56448756"><ele>86.295</ele><time>2026-10-07T14:46:27Z</time><speed>8.660</speed><sat>27</sat></trkpt>
  <trkpt lat="41.67126038" lon="26.56440855"><ele>86.064</ele><time>2026-10-07T14:46:28Z</time><speed>8.540</speed><sat>24</sat></trkpt>
  <trkpt lat="41.67131480" lon="26.56433259"><ele>86.680</ele><time>2026-10-07T14:46:29Z</time><speed>8.580</speed><sat>23</sat></trkpt>
  <trkpt lat="41.67136829" lon="26.56425989"><ele>86.780</ele><time>2026-10-07T14:46:30Z</time><speed>8.490</speed><sat>21</sat></trkpt>
  <trkpt lat="41.67139189" lon="26.56422807"><ele>86.813</ele><time>2026-10-07T14:46:31Z</time><speed>6.580</speed><sat>21</sat></trkpt>
  <trkpt lat="41.67142222" lon="26.56416992"><ele>85.331</ele><time>2026-10-07T14:46:32Z</time><speed>5.410</speed><sat>22</sat></trkpt>
  <trkpt lat="41.67145478" lon="26.56411512"><ele>84.688</ele><time>2026-10-07T14:46:33Z</time><speed>6.030</speed><sat>25</sat></trkpt>
  <trkpt lat="41.67146479" lon="26.56409687"><ele>84.993</ele><time>2026-10-07T14:46:34Z</time><speed>2.830</speed><sat>25</sat></trkpt>
  <trkpt lat="41.67146998" lon="26.56409431"><ele>85.733</ele><time>2026-10-07T14:46:35Z</time><speed>0.970</speed><sat>25</sat></trkpt>
  <trkpt lat="41.67147197" lon="26.56407581"><ele>85.159</ele><time>2026-10-07T14:46:36Z</time><speed>0.650</speed><sat>25</sat></trkpt>
  <trkpt lat="41.67147277" lon="26.56407462"><ele>84.802</ele><time>2026-10-07T14:46:37Z</time><speed>0.450</speed><sat>25</sat></trkpt>
  <trkpt lat="41.67147128" lon="26.56407228"><ele>84.406</ele><time>2026-10-07T14:46:38Z</time><speed>0.000</speed><sat>25</sat></trkpt>
  <trkpt lat="41.67147129" lon="26.56407305"><ele>83.862</ele><time>2026-10-07T14:46:39Z</time><speed>0.000</speed><sat>22</sat></trkpt>
  <trkpt lat="41.67147502" lon="26.56407558"><ele>82.880</ele><time>2026-10-07T14:46:40Z</time><speed>0.000</speed><sat>22</sat></trkpt>
  <trkpt lat="41.67148045" lon="26.56408069"><ele>82.149</ele><time>2026-10-07T14:46:41Z</time><speed>0.170</speed><sat>22</sat></trkpt>
  <trkpt lat="41.67148341" lon="26.56408292"><ele>81.641</ele><time>2026-10-07T14:46:42Z</time><speed>0.250</speed><sat>22</sat></trkpt>
  <trkpt lat="41.67149599" lon="26.56409202"><ele>81.571</ele><time>2026-10-07T14:46:43Z</time><speed>0.290</speed><sat>21</sat></trkpt>
  <trkpt lat="41.67149193" lon="26.56410086"><ele>81.580</ele><time>2026-10-07T14:46:44Z</time><speed>0.000</speed><sat>20</sat></trkpt>
  <trkpt lat="41.67148072" lon="26.56408469"><ele>82.111</ele><time>2026-10-07T14:46:45Z</time><speed>0.000</speed><sat>19</sat></trkpt>
  <trkpt lat="41.67148792" lon="26.56408099"><ele>81.819</ele><time>2026-10-07T14:46:46Z</time><speed>0.740</speed><sat>22</sat></trkpt>
  <trkpt lat="41.67150040" lon="26.56408789"><ele>81.213</ele><time>2026-10-07T14:46:47Z</time><speed>1.010</speed><sat>22</sat></trkpt>
  <trkpt lat="41.67150456" lon="26.56408518"><ele>81.086</ele><time>2026-10-07T14:46:48Z</time><speed>0.670</speed><sat>22</sat></trkpt>
  <trkpt lat="41.67152695" lon="26.56405040"><ele>81.785</ele><time>2026-10-07T14:46:49Z</time><speed>3.230</speed><sat>22</sat></trkpt>
  <trkpt lat="41.67155052" lon="26.56400461"><ele>82.606</ele><time>2026-10-07T14:46:50Z</time><speed>4.320</speed><sat>23</sat></trkpt>
  <trkpt lat="41.67158678" lon="26.56393366"><ele>82.663</ele><time>2026-10-07T14:46:51Z</time><speed>5.330</speed><sat>24</sat></trkpt>
  <trkpt lat="41.67160540" lon="26.56386377"><ele>84.670</ele><time>2026-10-07T14:46:52Z</time><speed>5.820</speed><sat>25</sat></trkpt>
  <trkpt lat="41.67162544" lon="26.56379710"><ele>86.383</ele><time>2026-10-07T14:46:53Z</time><speed>6.090</speed><sat>28</sat></trkpt>
  <trkpt lat="41.67165985" lon="26.56374069"><ele>86.796</ele><time>2026-10-07T14:46:54Z</time><speed>5.940</speed><sat>29</sat></trkpt>
  <trkpt lat="41.67169542" lon="26.56368288"><ele>86.976</ele><time>2026-10-07T14:46:55Z</time><speed>5.970</speed><sat>29</sat></trkpt>
  <trkpt lat="41.67173615" lon="26.56361115"><ele>87.492</ele><time>2026-10-07T14:46:56Z</time><speed>6.450</speed><sat>29</sat></trkpt>
  <trkpt lat="41.67178631" lon="26.56355271"><ele>87.151</ele><time>2026-10-07T14:46:57Z</time><speed>7.050</speed><sat>30</sat></trkpt>
  <trkpt lat="41.67182800" lon="26.56348489"><ele>88.341</ele><time>2026-10-07T14:46:58Z</time><speed>7.520</speed><sat>31</sat></trkpt>
  <trkpt lat="41.67187454" lon="26.56341369"><ele>88.967</ele><time>2026-10-07T14:46:59Z</time><speed>8.040</speed><sat>31</sat></trkpt>
  <trkpt lat="41.67192330" lon="26.56334496"><ele>89.586</ele><time>2026-10-07T14:47:00Z</time><speed>8.280</speed><sat>30</sat></trkpt>
  <trkpt lat="41.67197549" lon="26.56325903"><ele>90.089</ele><time>2026-10-07T14:47:01Z</time><speed>8.830</speed><sat>28</sat></trkpt>
  <trkpt lat="41.67203083" lon="26.56317012"><ele>90.810</ele><time>2026-10-07T14:47:02Z</time><speed>9.290</speed><sat>29</sat></trkpt>
  <trkpt lat="41.67207431" lon="26.56308083"><ele>91.374</ele><time>2026-10-07T14:47:03Z</time><speed>9.270</speed><sat>28</sat></trkpt>
  <trkpt lat="41.67212279" lon="26.56298512"><ele>92.090</ele><time>2026-10-07T14:47:04Z</time><speed>9.360</speed><sat>28</sat></trkpt>
  <trkpt lat="41.67217473" lon="26.56288535"><ele>92.427</ele><time>2026-10-07T14:47:05Z</time><speed>9.950</speed><sat>28</sat></trkpt>
  <trkpt lat="41.67223335" lon="26.56279719"><ele>92.021</ele><time>2026-10-07T14:47:06Z</time><speed>9.580</speed><sat>28</sat></trkpt>
  <trkpt lat="41.67228345" lon="26.56271077"><ele>92.392</ele><time>2026-10-07T14:47:07Z</time><speed>9.210</speed><sat>28</sat></trkpt>
  <trkpt lat="41.67233954" lon="26.56262360"><ele>93.087</ele><time>2026-10-07T14:47:08Z</time><speed>9.340</speed><sat>28</sat></trkpt>
  <trkpt lat="41.67239395" lon="26.56253182"><ele>94.020</ele><time>2026-10-07T14:47:09Z</time><speed>9.680</speed><sat>28</sat></trkpt>
  <trkpt lat="41.67244600" lon="26.56244542"><ele>94.581</ele><time>2026-10-07T14:47:10Z</time><speed>9.590</speed><sat>27</sat></trkpt>
  <trkpt lat="41.67250009" lon="26.56236314"><ele>94.711</ele><time>2026-10-07T14:47:11Z</time><speed>8.850</speed><sat>27</sat></trkpt>
  <trkpt lat="41.67255494" lon="26.56227940"><ele>94.691</ele><time>2026-10-07T14:47:12Z</time><speed>9.010</speed><sat>26</sat></trkpt>
  <trkpt lat="41.67261184" lon="26.56216455"><ele>94.510</ele><time>2026-10-07T14:47:13Z</time><speed>10.400</speed><sat>27</sat></trkpt>
  <trkpt lat="41.67266691" lon="26.56205703"><ele>94.457</ele><time>2026-10-07T14:47:14Z</time><speed>10.850</speed><sat>27</sat></trkpt>
  <trkpt lat="41.67275077" lon="26.56197196"><ele>94.328</ele><time>2026-10-07T14:47:15Z</time><speed>10.800</speed><sat>26</sat></trkpt>
  <trkpt lat="41.67281487" lon="26.56186662"><ele>94.401</ele><time>2026-10-07T14:47:16Z</time><speed>11.350</speed><sat>26</sat></trkpt>
  <trkpt lat="41.67287995" lon="26.56177265"><ele>94.122</ele><time>2026-10-07T14:47:17Z</time><speed>10.710</speed><sat>25</sat></trkpt>
  <trkpt lat="41.67293713" lon="26.56165266"><ele>94.254</ele><time>2026-10-07T14:47:18Z</time><speed>11.090</speed><sat>23</sat></trkpt>
  <trkpt lat="41.67298291" lon="26.56153678"><ele>96.306</ele><time>2026-10-07T14:47:19Z</time><speed>11.030</speed><sat>22</sat></trkpt>
  <trkpt lat="41.67305272" lon="26.56141995"><ele>96.390</ele><time>2026-10-07T14:47:20Z</time><speed>11.740</speed><sat>22</sat></trkpt>
  <trkpt lat="41.67311011" lon="26.56131316"><ele>96.609</ele><time>2026-10-07T14:47:21Z</time><speed>11.110</speed><sat>24</sat></trkpt>
  <trkpt lat="41.67317460" lon="26.56121076"><ele>97.731</ele><time>2026-10-07T14:47:22Z</time><speed>11.090</speed><sat>24</sat></trkpt>
  <trkpt lat="41.67324347" lon="26.56111118"><ele>98.766</ele><time>2026-10-07T14:47:23Z</time><speed>11.080</speed><sat>24</sat></trkpt>
  <trkpt lat="41.67330801" lon="26.56101422"><ele>98.686</ele><time>2026-10-07T14:47:24Z</time><speed>10.740</speed><sat>25</sat></trkpt>
  <trkpt lat="41.67336510" lon="26.56091393"><ele>98.075</ele><time>2026-10-07T14:47:25Z</time><speed>10.430</speed><sat>25</sat></trkpt>
  <trkpt lat="41.67342180" lon="26.56082544"><ele>98.515</ele><time>2026-10-07T14:47:26Z</time><speed>9.560</speed><sat>26</sat></trkpt>
  <trkpt lat="41.67347316" lon="26.56073874"><ele>97.683</ele><time>2026-10-07T14:47:27Z</time><speed>9.240</speed><sat>26</sat></trkpt>
  <trkpt lat="41.67352546" lon="26.56065123"><ele>98.859</ele><time>2026-10-07T14:47:28Z</time><speed>9.100</speed><sat>26</sat></trkpt>
  <trkpt lat="41.67358714" lon="26.56059854"><ele>98.061</ele><time>2026-10-07T14:47:29Z</time><speed>8.400</speed><sat>25</sat></trkpt>
  <trkpt lat="41.67362872" lon="26.56052045"><ele>96.934</ele><time>2026-10-07T14:47:30Z</time><speed>8.090</speed><sat>25</sat></trkpt>
  <trkpt lat="41.67367252" lon="26.56046538"><ele>98.221</ele><time>2026-10-07T14:47:31Z</time><speed>6.820</speed><sat>25</sat></trkpt>
  <trkpt lat="41.67372465" lon="26.56043066"><ele>98.177</ele><time>2026-10-07T14:47:32Z</time><speed>5.930</speed><sat>25</sat></trkpt>
  <trkpt lat="41.67378795" lon="26.56040957"><ele>98.178</ele><time>2026-10-07T14:47:33Z</time><speed>6.720</speed><sat>25</sat></trkpt>
  <trkpt lat="41.67384962" lon="26.56040163"><ele>97.797</ele><time>2026-10-07T14:47:34Z</time><speed>6.900</speed><sat>25</sat></trkpt>
  <trkpt lat="41.67386093" lon="26.56043158"><ele>97.534</ele><time>2026-10-07T14:47:35Z</time><speed>3.010</speed><sat>24</sat></trkpt>
  <trkpt lat="41.67380521" lon="26.56038647"><ele>97.962</ele><time>2026-10-07T14:47:36Z</time><speed>0.000</speed><sat>24</sat></trkpt>
  <trkpt lat="41.67379471" lon="26.56037253"><ele>98.533</ele><time>2026-10-07T14:47:37Z</time><speed>0.000</speed><sat>23</sat></trkpt>
  <trkpt lat="41.67376370" lon="26.56033775"><ele>99.346</ele><time>2026-10-07T14:47:38Z</time><speed>0.000</speed><sat>26</sat></trkpt>
  <trkpt lat="41.67373533" lon="26.56032274"><ele>99.343</ele><time>2026-10-07T14:47:39Z</time><speed>0.000</speed><sat>26</sat></trkpt>
  <trkpt lat="41.67371424" lon="26.56031774"><ele>99.452</ele><time>2026-10-07T14:47:40Z</time><speed>0.600</speed><sat>27</sat></trkpt>
  <trkpt lat="41.67371618" lon="26.56031453"><ele>99.068</ele><time>2026-10-07T14:47:41Z</time><speed>1.060</speed><sat>28</sat></trkpt>
  <trkpt lat="41.67372500" lon="26.56035318"><ele>96.701</ele><time>2026-10-07T14:47:42Z</time><speed>1.890</speed><sat>28</sat></trkpt>
  <trkpt lat="41.67373872" lon="26.56034933"><ele>96.610</ele><time>2026-10-07T14:47:43Z</time><speed>0.660</speed><sat>28</sat></trkpt>
  <trkpt lat="41.67375766" lon="26.56034787"><ele>96.824</ele><time>2026-10-07T14:47:44Z</time><speed>2.760</speed><sat>28</sat></trkpt>
  <trkpt lat="41.67376070" lon="26.56032212"><ele>97.558</ele><time>2026-10-07T14:47:45Z</time><speed>3.090</speed><sat>27</sat></trkpt>
  <trkpt lat="41.67378063" lon="26.56028994"><ele>97.052</ele><time>2026-10-07T14:47:46Z</time><speed>3.570</speed><sat>27</sat></trkpt>
  <trkpt lat="41.67378584" lon="26.56023940"><ele>97.195</ele><time>2026-10-07T14:47:47Z</time><speed>3.790</speed><sat>27</sat></trkpt>
  <trkpt lat="41.67382194" lon="26.56017324"><ele>96.891</ele><time>2026-10-07T14:47:48Z</time><speed>5.670</speed><sat>26</sat></trkpt>
  <trkpt lat="41.67385266" lon="26.56009270"><ele>97.204</ele><time>2026-10-07T14:47:49Z</time><speed>6.480</speed><sat>26</sat></trkpt>
  <trkpt lat="41.67390314" lon="26.56005371"><ele>98.002</ele><time>2026-10-07T14:47:50Z</time><speed>6.190</speed><sat>26</sat></trkpt>
  <trkpt lat="41.67392044" lon="26.55998442"><ele>97.266</ele><time>2026-10-07T14:47:51Z</time><speed>5.970</speed><sat>26</sat></trkpt>
  <trkpt lat="41.67395193" lon="26.55992103"><ele>97.228</ele><time>2026-10-07T14:47:52Z</time><speed>6.090</speed><sat>25</sat></trkpt>
  <trkpt lat="41.67398255" lon="26.55984999"><ele>96.568</ele><time>2026-10-07T14:47:53Z</time><speed>6.920</speed><sat>24</sat></trkpt>
  <trkpt lat="41.67402952" lon="26.55979213"><ele>96.704</ele><time>2026-10-07T14:47:54Z</time><speed>7.480</speed><sat>24</sat></trkpt>
  <trkpt lat="41.67407729" lon="26.55971008"><ele>96.955</ele><time>2026-10-07T14:47:55Z</time><speed>8.080</speed><sat>24</sat></trkpt>
  <trkpt lat="41.67412505" lon="26.55961113"><ele>96.336</ele><time>2026-10-07T14:47:56Z</time><speed>10.470</speed><sat>26</sat></trkpt>
  <trkpt lat="41.67419106" lon="26.55952613"><ele>97.115</ele><time>2026-10-07T14:47:57Z</time><speed>10.460</speed><sat>27</sat></trkpt>
  <trkpt lat="41.67424366" lon="26.55945327"><ele>97.518</ele><time>2026-10-07T14:47:58Z</time><speed>8.910</speed><sat>28</sat></trkpt>
  <trkpt lat="41.67430151" lon="26.55934723"><ele>97.905</ele><time>2026-10-07T14:47:59Z</time><speed>10.900</speed><sat>28</sat></trkpt>
  <trkpt lat="41.67438240" lon="26.55924731"><ele>96.848</ele><time>2026-10-07T14:48:00Z</time><speed>10.890</speed><sat>28</sat></trkpt>
  <trkpt lat="41.67446047" lon="26.55913237"><ele>95.469</ele><time>2026-10-07T14:48:01Z</time><speed>12.320</speed><sat>29</sat></trkpt>
  <trkpt lat="41.67453941" lon="26.55901721"><ele>93.046</ele><time>2026-10-07T14:48:02Z</time><speed>12.720</speed><sat>28</sat></trkpt>
  <trkpt lat="41.67461235" lon="26.55888973"><ele>93.411</ele><time>2026-10-07T14:48:03Z</time><speed>13.570</speed><sat>28</sat></trkpt>
  <trkpt lat="41.67468610" lon="26.55876688"><ele>93.280</ele><time>2026-10-07T14:48:04Z</time><speed>13.350</speed><sat>27</sat></trkpt>
  <trkpt lat="41.67476717" lon="26.55862942"><ele>93.668</ele><time>2026-10-07T14:48:05Z</time><speed>13.530</speed><sat>27</sat></trkpt>
  <trkpt lat="41.67485276" lon="26.55849267"><ele>93.992</ele><time>2026-10-07T14:48:06Z</time><speed>14.480</speed><sat>27</sat></trkpt>
  <trkpt lat="41.67493163" lon="26.55837907"><ele>94.670</ele><time>2026-10-07T14:48:07Z</time><speed>12.890</speed><sat>27</sat></trkpt>
  <trkpt lat="41.67500680" lon="26.55826669"><ele>94.656</ele><time>2026-10-07T14:48:08Z</time><speed>12.460</speed><sat>26</sat></trkpt>
  <trkpt lat="41.67508366" lon="26.55817988"><ele>94.932</ele><time>2026-10-07T14:48:09Z</time><speed>11.780</speed><sat>26</sat></trkpt>
  <trkpt lat="41.67517229" lon="26.55808425"><ele>93.876</ele><time>2026-10-07T14:48:10Z</time><speed>12.610</speed><sat>27</sat></trkpt>
  <trkpt lat="41.67524853" lon="26.55800148"><ele>93.806</ele><time>2026-10-07T14:48:11Z</time><speed>11.050</speed><sat>28</sat></trkpt>
  <trkpt lat="41.67533119" lon="26.55790649"><ele>94.082</ele><time>2026-10-07T14:48:12Z</time><speed>11.980</speed><sat>30</sat></trkpt>
  <trkpt lat="41.67541895" lon="26.55782930"><ele>93.982</ele><time>2026-10-07T14:48:13Z</time><speed>10.950</speed><sat>31</sat></trkpt>
  <trkpt lat="41.67547645" lon="26.55775446"><ele>94.783</ele><time>2026-10-07T14:48:14Z</time><speed>8.940</speed><sat>31</sat></trkpt>
  <trkpt lat="41.67553466" lon="26.55771200"><ele>94.472</ele><time>2026-10-07T14:48:15Z</time><speed>6.320</speed><sat>31</sat></trkpt>
  <trkpt lat="41.67558079" lon="26.55765927"><ele>94.744</ele><time>2026-10-07T14:48:16Z</time><speed>6.460</speed><sat>30</sat></trkpt>
  <trkpt lat="41.67559863" lon="26.55764422"><ele>94.250</ele><time>2026-10-07T14:48:17Z</time><speed>1.840</speed><sat>30</sat></trkpt>
  <trkpt lat="41.67561088" lon="26.55762135"><ele>94.795</ele><time>2026-10-07T14:48:18Z</time><speed>1.780</speed><sat>30</sat></trkpt>
  <trkpt lat="41.67561181" lon="26.55761609"><ele>94.830</ele><time>2026-10-07T14:48:19Z</time><speed>0.490</speed><sat>28</sat></trkpt>
  <trkpt lat="41.67562845" lon="26.55761572"><ele>95.069</ele><time>2026-10-07T14:48:20Z</time><speed>1.800</speed><sat>29</sat></trkpt>
  <trkpt lat="41.67563225" lon="26.55764069"><ele>95.547</ele><time>2026-10-07T14:48:21Z</time><speed>1.040</speed><sat>29</sat></trkpt>
  <trkpt lat="41.67564824" lon="26.55763373"><ele>95.558</ele><time>2026-10-07T14:48:22Z</time><speed>0.630</speed><sat>29</sat></trkpt>
  <trkpt lat="41.67565283" lon="26.55764337"><ele>95.703</ele><time>2026-10-07T14:48:23Z</time><speed>0.480</speed><sat>29</sat></trkpt>
  <trkpt lat="41.67565182" lon="26.55765314"><ele>96.260</ele><time>2026-10-07T14:48:24Z</time><speed>0.340</speed><sat>29</sat></trkpt>
  <trkpt lat="41.67565252" lon="26.55766171"><ele>96.627</ele><time>2026-10-07T14:48:25Z</time><speed>0.310</speed><sat>29</sat></trkpt>
  <trkpt lat="41.67565218" lon="26.55766994"><ele>96.900</ele><time>2026-10-07T14:48:26Z</time><speed>0.000</speed><sat>29</sat></trkpt>
  <trkpt lat="41.67565638" lon="26.55767122"><ele>96.512</ele><time>2026-10-07T14:48:27Z</time><speed>0.000</speed><sat>29</sat></trkpt>
  <trkpt lat="41.67566591" lon="26.55766596"><ele>96.009</ele><time>2026-10-07T14:48:28Z</time><speed>0.160</speed><sat>29</sat></trkpt>
  <trkpt lat="41.67566598" lon="26.55766149"><ele>96.016</ele><time>2026-10-07T14:48:29Z</time><speed>0.000</speed><sat>30</sat></trkpt>
  <trkpt lat="41.67566425" lon="26.55765713"><ele>95.796</ele><time>2026-10-07T14:48:30Z</time><speed>0.000</speed><sat>29</sat></trkpt>
  <trkpt lat="41.67566371" lon="26.55765473"><ele>96.000</ele><time>2026-10-07T14:48:31Z</time><speed>0.000</speed><sat>29</sat></trkpt>
  <trkpt lat="41.67566146" lon="26.55765161"><ele>96.047</ele><time>2026-10-07T14:48:32Z</time><speed>0.000</speed><sat>30</sat></trkpt>
  <trkpt lat="41.67566048" lon="26.55764728"><ele>96.015</ele><time>2026-10-07T14:48:33Z</time><speed>0.000</speed><sat>29</sat></trkpt>
  <trkpt lat="41.67566002" lon="26.55764477"><ele>96.180</ele><time>2026-10-07T14:48:34Z</time><speed>0.000</speed><sat>30</sat></trkpt>
  <trkpt lat="41.67565968" lon="26.55764339"><ele>96.768</ele><time>2026-10-07T14:48:35Z</time><speed>0.000</speed><sat>31</sat></trkpt>
  <trkpt lat="41.67565953" lon="26.55764292"><ele>96.887</ele><time>2026-10-07T14:48:36Z</time><speed>0.000</speed><sat>31</sat></trkpt>
  <trkpt lat="41.67565978" lon="26.55764239"><ele>97.023</ele><time>2026-10-07T14:48:37Z</time><speed>0.000</speed><sat>31</sat></trkpt>
  <trkpt lat="41.67566084" lon="26.55764203"><ele>96.820</ele><time>2026-10-07T14:48:38Z</time><speed>0.000</speed><sat>31</sat></trkpt>
  <trkpt lat="41.67566143" lon="26.55764215"><ele>96.896</ele><time>2026-10-07T14:48:39Z</time><speed>0.000</speed><sat>31</sat></trkpt>
  <trkpt lat="41.67566176" lon="26.55764229"><ele>96.909</ele><time>2026-10-07T14:48:40Z</time><speed>0.000</speed><sat>30</sat></trkpt>
  <trkpt lat="41.67566231" lon="26.55764236"><ele>96.990</ele><time>2026-10-07T14:48:41Z</time><speed>0.000</speed><sat>30</sat></trkpt>
  <trkpt lat="41.67566257" lon="26.55764241"><ele>97.000</ele><time>2026-10-07T14:48:42Z</time><speed>0.000</speed><sat>30</sat></trkpt>
  <trkpt lat="41.67566539" lon="26.55763901"><ele>96.953</ele><time>2026-10-07T14:48:43Z</time><speed>0.540</speed><sat>30</sat></trkpt>
  <trkpt lat="41.67566971" lon="26.55763485"><ele>97.130</ele><time>2026-10-07T14:48:44Z</time><speed>0.490</speed><sat>29</sat></trkpt>
  <trkpt lat="41.67567599" lon="26.55762788"><ele>97.368</ele><time>2026-10-07T14:48:45Z</time><speed>0.890</speed><sat>28</sat></trkpt>
  <trkpt lat="41.67568692" lon="26.55762146"><ele>98.087</ele><time>2026-10-07T14:48:46Z</time><speed>1.210</speed><sat>28</sat></trkpt>
  <trkpt lat="41.67570418" lon="26.55761911"><ele>98.630</ele><time>2026-10-07T14:48:47Z</time><speed>1.730</speed><sat>28</sat></trkpt>
  <trkpt lat="41.67571494" lon="26.55761585"><ele>99.402</ele><time>2026-10-07T14:48:48Z</time><speed>0.820</speed><sat>28</sat></trkpt>
  <trkpt lat="41.67572918" lon="26.55760626"><ele>100.989</ele><time>2026-10-07T14:48:49Z</time><speed>1.130</speed><sat>28</sat></trkpt>
  <trkpt lat="41.67574014" lon="26.55759394"><ele>100.908</ele><time>2026-10-07T14:48:50Z</time><speed>0.920</speed><sat>29</sat></trkpt>
  <trkpt lat="41.67574977" lon="26.55758158"><ele>101.343</ele><time>2026-10-07T14:48:51Z</time><speed>1.210</speed><sat>29</sat></trkpt>
  <trkpt lat="41.67575930" lon="26.55756734"><ele>101.489</ele><time>2026-10-07T14:48:52Z</time><speed>1.390</speed><sat>29</sat></trkpt>
  <trkpt lat="41.67576269" lon="26.55755717"><ele>100.593</ele><time>2026-10-07T14:48:53Z</time><speed>0.890</speed><sat>30</sat></trkpt>
  <trkpt lat="41.67576218" lon="26.55754498"><ele>101.111</ele><time>2026-10-07T14:48:54Z</time><speed>1.140</speed><sat>30</sat></trkpt>
  <trkpt lat="41.67576577" lon="26.55753117"><ele>99.973</ele><time>2026-10-07T14:48:55Z</time><speed>1.450</speed><sat>30</sat></trkpt>
  <trkpt lat="41.67577025" lon="26.55751959"><ele>99.673</ele><time>2026-10-07T14:48:56Z</time><speed>0.920</speed><sat>30</sat></trkpt>
  <trkpt lat="41.67577557" lon="26.55751458"><ele>98.750</ele><time>2026-10-07T14:48:57Z</time><speed>0.810</speed><sat>30</sat></trkpt>
  <trkpt lat="41.67578119" lon="26.55750990"><ele>99.226</ele><time>2026-10-07T14:48:58Z</time><speed>0.950</speed><sat>30</sat></trkpt>
  <trkpt lat="41.67578821" lon="26.55749938"><ele>99.123</ele><time>2026-10-07T14:48:59Z</time><speed>1.490</speed><sat>30</sat></trkpt>
  <trkpt lat="41.67579447" lon="26.55748707"><ele>99.317</ele><time>2026-10-07T14:49:00Z</time><speed>0.920</speed><sat>30</sat></trkpt>
  <trkpt lat="41.67579788" lon="26.55747732"><ele>98.954</ele><time>2026-10-07T14:49:01Z</time><speed>0.780</speed><sat>31</sat></trkpt>
  <trkpt lat="41.67580092" lon="26.55746856"><ele>98.714</ele><time>2026-10-07T14:49:02Z</time><speed>0.770</speed><sat>33</sat></trkpt>
  <trkpt lat="41.67580370" lon="26.55745995"><ele>98.310</ele><time>2026-10-07T14:49:03Z</time><speed>0.760</speed><sat>33</sat></trkpt>
 </trkseg>
</trk>

</gpx>
 