<?xml version="1.0" encoding="UTF-8"?>
<!-- Created with BasicAirData GPS Logger for Android - ver. 3.3.0 -->
<!-- Track 35 = 3703 TrackPoints + 0 Placemarks -->

<!-- Track Statistics (based on Total Time | Time in Movement): -->
<!--  Distance = 3.71 km -->
<!--  Duration = 01:01:42 | 42:41 -->
<!--  Altitude Gap = -61 m -->
<!--  Max Speed = 16 km/h -->
<!--  Avg Speed = 3.6 | 5.2 km/h -->
<!--  Direction = S -->
<!--  Activity = car -->
<!--  Altitudes = Raw -->

<gpx version="1.0"
     creator="BasicAirData GPS Logger 3.3.0"
     xmlns="http://www.topografix.com/GPX/1/0"
     xmlns:xsi="http://www.w3.org/2001/XMLSchema-instance"
     xsi:schemaLocation="http://www.topografix.com/GPX/1/0 http://www.topografix.com/GPX/1/0/gpx.xsd">
<name>GPS Logger 20260919-181128</name>
<time>2026-09-19T21:33:54Z</time>
<keywords>car</keywords>
<bounds minlat="37.16156224" minlon="38.79365857" maxlat="37.18789649" maxlon="38.80102070" />

<trk>
 <name>Track 20260919-181128</name>
 <trkseg>
  <trkpt lat="37.18789649" lon="38.80102070"><ele>598.563</ele><time>2026-09-19T15:11:28Z</time><speed>1.370</speed><sat>30</sat></trkpt>
  <trkpt lat="37.18788465" lon="38.80100128"><ele>601.045</ele><time>2026-09-19T15:11:29Z</time><speed>0.910</speed><sat>30</sat></trkpt>
  <trkpt lat="37.18787900" lon="38.80098821"><ele>601.734</ele><time>2026-09-19T15:11:30Z</time><speed>1.590</speed><sat>30</sat></trkpt>
  <trkpt lat="37.18788062" lon="38.80097647"><ele>601.139</ele><time>2026-09-19T15:11:31Z</time><speed>1.310</speed><sat>30</sat></trkpt>
  <trkpt lat="37.18787936" lon="38.80096706"><ele>600.956</ele><time>2026-09-19T15:11:32Z</time><speed>0.890</speed><sat>30</sat></trkpt>
  <trkpt lat="37.18787926" lon="38.80095220"><ele>601.293</ele><time>2026-09-19T15:11:33Z</time><speed>1.150</speed><sat>30</sat></trkpt>
  <trkpt lat="37.18787809" lon="38.80093392"><ele>602.297</ele><time>2026-09-19T15:11:34Z</time><speed>1.480</speed><sat>30</sat></trkpt>
  <trkpt lat="37.18787502" lon="38.80091431"><ele>603.006</ele><time>2026-09-19T15:11:35Z</time><speed>1.600</speed><sat>28</sat></trkpt>
  <trkpt lat="37.18787209" lon="38.80089315"><ele>603.449</ele><time>2026-09-19T15:11:36Z</time><speed>1.730</speed><sat>28</sat></trkpt>
  <trkpt lat="37.18786901" lon="38.80087684"><ele>604.767</ele><time>2026-09-19T15:11:37Z</time><speed>1.240</speed><sat>28</sat></trkpt>
  <trkpt lat="37.18786652" lon="38.80086341"><ele>604.843</ele><time>2026-09-19T15:11:38Z</time><speed>1.260</speed><sat>28</sat></trkpt>
  <trkpt lat="37.18786417" lon="38.80085106"><ele>604.961</ele><time>2026-09-19T15:11:39Z</time><speed>1.090</speed><sat>29</sat></trkpt>
  <trkpt lat="37.18786280" lon="38.80084130"><ele>604.452</ele><time>2026-09-19T15:11:40Z</time><speed>0.890</speed><sat>29</sat></trkpt>
  <trkpt lat="37.18786164" lon="38.80083403"><ele>604.868</ele><time>2026-09-19T15:11:41Z</time><speed>0.650</speed><sat>29</sat></trkpt>
  <trkpt lat="37.18786011" lon="38.80082793"><ele>604.457</ele><time>2026-09-19T15:11:42Z</time><speed>0.680</speed><sat>29</sat></trkpt>
  <trkpt lat="37.18785612" lon="38.80082971"><ele>604.688</ele><time>2026-09-19T15:11:43Z</time><speed>0.000</speed><sat>29</sat></trkpt>
  <trkpt lat="37.18785292" lon="38.80083127"><ele>604.511</ele><time>2026-09-19T15:11:44Z</time><speed>0.000</speed><sat>29</sat></trkpt>
  <trkpt lat="37.18785135" lon="38.80083198"><ele>604.547</ele><time>2026-09-19T15:11:45Z</time><speed>0.000</speed><sat>29</sat></trkpt>
  <trkpt lat="37.18785060" lon="38.80083235"><ele>604.551</ele><time>2026-09-19T15:11:46Z</time><speed>0.000</speed><sat>29</sat></trkpt>
  <trkpt lat="37.18785023" lon="38.80083255"><ele>604.557</ele><time>2026-09-19T15:11:47Z</time><speed>0.000</speed><sat>28</sat></trkpt>
  <trkpt lat="37.18784975" lon="38.80082947"><ele>604.341</ele><time>2026-09-19T15:11:48Z</time><speed>0.400</speed><sat>28</sat></trkpt>
  <trkpt lat="37.18784850" lon="38.80081919"><ele>604.561</ele><time>2026-09-19T15:11:49Z</time><speed>1.220</speed><sat>30</sat></trkpt>
  <trkpt lat="37.18784843" lon="38.80080244"><ele>604.603</ele><time>2026-09-19T15:11:50Z</time><speed>1.590</speed><sat>29</sat></trkpt>
  <trkpt lat="37.18784994" lon="38.80078275"><ele>604.086</ele><time>2026-09-19T15:11:51Z</time><speed>1.700</speed><sat>30</sat></trkpt>
  <trkpt lat="37.18785134" lon="38.80076196"><ele>604.348</ele><time>2026-09-19T15:11:52Z</time><speed>1.780</speed><sat>31</sat></trkpt>
  <trkpt lat="37.18785225" lon="38.80074096"><ele>604.410</ele><time>2026-09-19T15:11:53Z</time><speed>1.840</speed><sat>31</sat></trkpt>
  <trkpt lat="37.18785251" lon="38.80072133"><ele>604.776</ele><time>2026-09-19T15:11:54Z</time><speed>1.660</speed><sat>31</sat></trkpt>
  <trkpt lat="37.18785162" lon="38.80070171"><ele>605.137</ele><time>2026-09-19T15:11:55Z</time><speed>1.840</speed><sat>31</sat></trkpt>
  <trkpt lat="37.18784965" lon="38.80068139"><ele>604.858</ele><time>2026-09-19T15:11:56Z</time><speed>1.730</speed><sat>31</sat></trkpt>
  <trkpt lat="37.18784760" lon="38.80066148"><ele>604.437</ele><time>2026-09-19T15:11:57Z</time><speed>1.820</speed><sat>31</sat></trkpt>
  <trkpt lat="37.18784531" lon="38.80064069"><ele>604.728</ele><time>2026-09-19T15:11:58Z</time><speed>1.830</speed><sat>30</sat></trkpt>
  <trkpt lat="37.18784391" lon="38.80062219"><ele>605.700</ele><time>2026-09-19T15:11:59Z</time><speed>1.580</speed><sat>30</sat></trkpt>
  <trkpt lat="37.18784398" lon="38.80060340"><ele>605.748</ele><time>2026-09-19T15:12:00Z</time><speed>1.800</speed><sat>30</sat></trkpt>
  <trkpt lat="37.18784239" lon="38.80058409"><ele>605.269</ele><time>2026-09-19T15:12:01Z</time><speed>1.790</speed><sat>29</sat></trkpt>
  <trkpt lat="37.18783810" lon="38.80056607"><ele>605.087</ele><time>2026-09-19T15:12:02Z</time><speed>1.750</speed><sat>29</sat></trkpt>
  <trkpt lat="37.18783114" lon="38.80054995"><ele>605.408</ele><time>2026-09-19T15:12:03Z</time><speed>1.690</speed><sat>29</sat></trkpt>
  <trkpt lat="37.18782401" lon="38.80053799"><ele>605.966</ele><time>2026-09-19T15:12:04Z</time><speed>1.310</speed><sat>31</sat></trkpt>
  <trkpt lat="37.18781878" lon="38.80052706"><ele>605.970</ele><time>2026-09-19T15:12:05Z</time><speed>1.390</speed><sat>31</sat></trkpt>
  <trkpt lat="37.18781511" lon="38.80051576"><ele>605.475</ele><time>2026-09-19T15:12:06Z</time><speed>1.270</speed><sat>32</sat></trkpt>
  <trkpt lat="37.18781265" lon="38.80050477"><ele>605.494</ele><time>2026-09-19T15:12:07Z</time><speed>1.270</speed><sat>32</sat></trkpt>
  <trkpt lat="37.18781119" lon="38.80049300"><ele>605.842</ele><time>2026-09-19T15:12:08Z</time><speed>1.260</speed><sat>32</sat></trkpt>
  <trkpt lat="37.18781121" lon="38.80048055"><ele>606.106</ele><time>2026-09-19T15:12:09Z</time><speed>1.220</speed><sat>32</sat></trkpt>
  <trkpt lat="37.18781161" lon="38.80046781"><ele>606.837</ele><time>2026-09-19T15:12:10Z</time><speed>1.180</speed><sat>31</sat></trkpt>
  <trkpt lat="37.18781268" lon="38.80045459"><ele>606.998</ele><time>2026-09-19T15:12:11Z</time><speed>1.310</speed><sat>31</sat></trkpt>
  <trkpt lat="37.18781458" lon="38.80044098"><ele>606.843</ele><time>2026-09-19T15:12:12Z</time><speed>1.320</speed><sat>32</sat></trkpt>
  <trkpt lat="37.18781568" lon="38.80042721"><ele>607.177</ele><time>2026-09-19T15:12:13Z</time><speed>1.300</speed><sat>32</sat></trkpt>
  <trkpt lat="37.18781437" lon="38.80041273"><ele>607.428</ele><time>2026-09-19T15:12:14Z</time><speed>1.380</speed><sat>32</sat></trkpt>
  <trkpt lat="37.18781127" lon="38.80039793"><ele>607.319</ele><time>2026-09-19T15:12:15Z</time><speed>1.370</speed><sat>32</sat></trkpt>
  <trkpt lat="37.18780653" lon="38.80038335"><ele>607.852</ele><time>2026-09-19T15:12:16Z</time><speed>1.400</speed><sat>32</sat></trkpt>
  <trkpt lat="37.18780241" lon="38.80036906"><ele>607.440</ele><time>2026-09-19T15:12:17Z</time><speed>1.280</speed><sat>32</sat></trkpt>
  <trkpt lat="37.18779941" lon="38.80035479"><ele>607.452</ele><time>2026-09-19T15:12:18Z</time><speed>1.320</speed><sat>32</sat></trkpt>
  <trkpt lat="37.18779746" lon="38.80033912"><ele>608.154</ele><time>2026-09-19T15:12:19Z</time><speed>1.390</speed><sat>32</sat></trkpt>
  <trkpt lat="37.18779660" lon="38.80032461"><ele>608.345</ele><time>2026-09-19T15:12:20Z</time><speed>1.310</speed><sat>32</sat></trkpt>
  <trkpt lat="37.18779527" lon="38.80031030"><ele>608.808</ele><time>2026-09-19T15:12:21Z</time><speed>1.330</speed><sat>32</sat></trkpt>
  <trkpt lat="37.18779409" lon="38.80029562"><ele>610.059</ele><time>2026-09-19T15:12:22Z</time><speed>1.340</speed><sat>31</sat></trkpt>
  <trkpt lat="37.18779179" lon="38.80028237"><ele>609.417</ele><time>2026-09-19T15:12:23Z</time><speed>1.230</speed><sat>30</sat></trkpt>
  <trkpt lat="37.18778784" lon="38.80026981"><ele>609.583</ele><time>2026-09-19T15:12:24Z</time><speed>1.260</speed><sat>31</sat></trkpt>
  <trkpt lat="37.18778231" lon="38.80025768"><ele>609.774</ele><time>2026-09-19T15:12:25Z</time><speed>1.300</speed><sat>31</sat></trkpt>
  <trkpt lat="37.18777630" lon="38.80024430"><ele>611.187</ele><time>2026-09-19T15:12:26Z</time><speed>1.320</speed><sat>31</sat></trkpt>
  <trkpt lat="37.18776789" lon="38.80023336"><ele>611.510</ele><time>2026-09-19T15:12:27Z</time><speed>1.290</speed><sat>31</sat></trkpt>
  <trkpt lat="37.18775875" lon="38.80022696"><ele>610.665</ele><time>2026-09-19T15:12:28Z</time><speed>0.960</speed><sat>30</sat></trkpt>
  <trkpt lat="37.18774998" lon="38.80022039"><ele>611.252</ele><time>2026-09-19T15:12:29Z</time><speed>1.140</speed><sat>31</sat></trkpt>
  <trkpt lat="37.18773981" lon="38.80021348"><ele>611.695</ele><time>2026-09-19T15:12:30Z</time><speed>1.210</speed><sat>31</sat></trkpt>
  <trkpt lat="37.18772977" lon="38.80020317"><ele>612.837</ele><time>2026-09-19T15:12:31Z</time><speed>1.290</speed><sat>31</sat></trkpt>
  <trkpt lat="37.18772123" lon="38.80018656"><ele>612.042</ele><time>2026-09-19T15:12:32Z</time><speed>1.680</speed><sat>31</sat></trkpt>
  <trkpt lat="37.18771721" lon="38.80016810"><ele>612.134</ele><time>2026-09-19T15:12:33Z</time><speed>1.450</speed><sat>31</sat></trkpt>
  <trkpt lat="37.18771664" lon="38.80015005"><ele>611.731</ele><time>2026-09-19T15:12:34Z</time><speed>1.450</speed><sat>31</sat></trkpt>
  <trkpt lat="37.18772174" lon="38.80013446"><ele>611.209</ele><time>2026-09-19T15:12:35Z</time><speed>1.420</speed><sat>31</sat></trkpt>
  <trkpt lat="37.18772963" lon="38.80012133"><ele>611.246</ele><time>2026-09-19T15:12:36Z</time><speed>1.280</speed><sat>31</sat></trkpt>
  <trkpt lat="37.18773691" lon="38.80010889"><ele>610.821</ele><time>2026-09-19T15:12:37Z</time><speed>1.200</speed><sat>31</sat></trkpt>
  <trkpt lat="37.18774413" lon="38.80009574"><ele>610.896</ele><time>2026-09-19T15:12:38Z</time><speed>1.310</speed><sat>31</sat></trkpt>
  <trkpt lat="37.18774960" lon="38.80008138"><ele>610.286</ele><time>2026-09-19T15:12:39Z</time><speed>1.170</speed><sat>31</sat></trkpt>
  <trkpt lat="37.18775534" lon="38.80006555"><ele>610.547</ele><time>2026-09-19T15:12:40Z</time><speed>1.450</speed><sat>31</sat></trkpt>
  <trkpt lat="37.18776093" lon="38.80004796"><ele>610.649</ele><time>2026-09-19T15:12:41Z</time><speed>1.490</speed><sat>32</sat></trkpt>
  <trkpt lat="37.18776590" lon="38.80002952"><ele>610.377</ele><time>2026-09-19T15:12:42Z</time><speed>1.630</speed><sat>32</sat></trkpt>
  <trkpt lat="37.18776884" lon="38.80000928"><ele>610.587</ele><time>2026-09-19T15:12:43Z</time><speed>1.770</speed><sat>32</sat></trkpt>
  <trkpt lat="37.18776842" lon="38.79998980"><ele>610.828</ele><time>2026-09-19T15:12:44Z</time><speed>1.550</speed><sat>32</sat></trkpt>
  <trkpt lat="37.18776570" lon="38.79997166"><ele>610.547</ele><time>2026-09-19T15:12:45Z</time><speed>1.540</speed><sat>32</sat></trkpt>
  <trkpt lat="37.18776196" lon="38.79995295"><ele>610.399</ele><time>2026-09-19T15:12:46Z</time><speed>1.570</speed><sat>32</sat></trkpt>
  <trkpt lat="37.18775754" lon="38.79993449"><ele>610.308</ele><time>2026-09-19T15:12:47Z</time><speed>1.570</speed><sat>32</sat></trkpt>
  <trkpt lat="37.18773555" lon="38.79991321"><ele>610.329</ele><time>2026-09-19T15:12:48Z</time><speed>3.210</speed><sat>31</sat></trkpt>
  <trkpt lat="37.18771582" lon="38.79989681"><ele>611.234</ele><time>2026-09-19T15:12:49Z</time><speed>1.480</speed><sat>29</sat></trkpt>
  <trkpt lat="37.18770397" lon="38.79988690"><ele>611.949</ele><time>2026-09-19T15:12:50Z</time><speed>1.500</speed><sat>29</sat></trkpt>
  <trkpt lat="37.18769530" lon="38.79987685"><ele>612.631</ele><time>2026-09-19T15:12:51Z</time><speed>1.420</speed><sat>28</sat></trkpt>
  <trkpt lat="37.18768954" lon="38.79986591"><ele>612.603</ele><time>2026-09-19T15:12:52Z</time><speed>1.300</speed><sat>23</sat></trkpt>
  <trkpt lat="37.18768545" lon="38.79985479"><ele>612.556</ele><time>2026-09-19T15:12:53Z</time><speed>1.220</speed><sat>19</sat></trkpt>
  <trkpt lat="37.18768414" lon="38.79984308"><ele>613.224</ele><time>2026-09-19T15:12:54Z</time><speed>1.190</speed><sat>20</sat></trkpt>
  <trkpt lat="37.18768364" lon="38.79982849"><ele>613.133</ele><time>2026-09-19T15:12:55Z</time><speed>1.280</speed><sat>20</sat></trkpt>
  <trkpt lat="37.18768294" lon="38.79980902"><ele>612.691</ele><time>2026-09-19T15:12:56Z</time><speed>1.750</speed><sat>20</sat></trkpt>
  <trkpt lat="37.18768337" lon="38.79978657"><ele>613.302</ele><time>2026-09-19T15:12:57Z</time><speed>1.700</speed><sat>20</sat></trkpt>
  <trkpt lat="37.18768408" lon="38.79976442"><ele>613.187</ele><time>2026-09-19T15:12:58Z</time><speed>1.820</speed><sat>20</sat></trkpt>
  <trkpt lat="37.18768458" lon="38.79974236"><ele>612.655</ele><time>2026-09-19T15:12:59Z</time><speed>1.850</speed><sat>20</sat></trkpt>
  <trkpt lat="37.18768759" lon="38.79972321"><ele>613.054</ele><time>2026-09-19T15:13:00Z</time><speed>1.350</speed><sat>24</sat></trkpt>
  <trkpt lat="37.18769069" lon="38.79970676"><ele>613.202</ele><time>2026-09-19T15:13:01Z</time><speed>1.410</speed><sat>25</sat></trkpt>
  <trkpt lat="37.18769245" lon="38.79968845"><ele>613.222</ele><time>2026-09-19T15:13:02Z</time><speed>1.550</speed><sat>25</sat></trkpt>
  <trkpt lat="37.18769431" lon="38.79967074"><ele>613.256</ele><time>2026-09-19T15:13:03Z</time><speed>1.480</speed><sat>25</sat></trkpt>
  <trkpt lat="37.18769442" lon="38.79965443"><ele>613.788</ele><time>2026-09-19T15:13:04Z</time><speed>1.450</speed><sat>25</sat></trkpt>
  <trkpt lat="37.18769368" lon="38.79963858"><ele>615.603</ele><time>2026-09-19T15:13:05Z</time><speed>1.410</speed><sat>25</sat></trkpt>
  <trkpt lat="37.18770510" lon="38.79961876"><ele>614.933</ele><time>2026-09-19T15:13:06Z</time><speed>2.300</speed><sat>25</sat></trkpt>
  <trkpt lat="37.18770895" lon="38.79959996"><ele>612.710</ele><time>2026-09-19T15:13:07Z</time><speed>1.510</speed><sat>25</sat></trkpt>
  <trkpt lat="37.18770877" lon="38.79958505"><ele>612.391</ele><time>2026-09-19T15:13:08Z</time><speed>1.490</speed><sat>25</sat></trkpt>
  <trkpt lat="37.18770448" lon="38.79956958"><ele>612.230</ele><time>2026-09-19T15:13:09Z</time><speed>1.440</speed><sat>25</sat></trkpt>
  <trkpt lat="37.18769903" lon="38.79955441"><ele>612.117</ele><time>2026-09-19T15:13:10Z</time><speed>1.460</speed><sat>25</sat></trkpt>
  <trkpt lat="37.18769447" lon="38.79953826"><ele>612.703</ele><time>2026-09-19T15:13:11Z</time><speed>1.470</speed><sat>23</sat></trkpt>
  <trkpt lat="37.18769086" lon="38.79952158"><ele>613.218</ele><time>2026-09-19T15:13:12Z</time><speed>1.480</speed><sat>27</sat></trkpt>
  <trkpt lat="37.18768743" lon="38.79950433"><ele>612.240</ele><time>2026-09-19T15:13:13Z</time><speed>1.500</speed><sat>29</sat></trkpt>
  <trkpt lat="37.18768392" lon="38.79948690"><ele>611.896</ele><time>2026-09-19T15:13:14Z</time><speed>1.500</speed><sat>29</sat></trkpt>
  <trkpt lat="37.18768058" lon="38.79947018"><ele>612.276</ele><time>2026-09-19T15:13:15Z</time><speed>1.510</speed><sat>29</sat></trkpt>
  <trkpt lat="37.18767669" lon="38.79945217"><ele>612.770</ele><time>2026-09-19T15:13:16Z</time><speed>1.590</speed><sat>30</sat></trkpt>
  <trkpt lat="37.18767571" lon="38.79943226"><ele>613.347</ele><time>2026-09-19T15:13:17Z</time><speed>1.730</speed><sat>30</sat></trkpt>
  <trkpt lat="37.18767674" lon="38.79941268"><ele>613.536</ele><time>2026-09-19T15:13:18Z</time><speed>1.590</speed><sat>30</sat></trkpt>
  <trkpt lat="37.18767791" lon="38.79939417"><ele>614.113</ele><time>2026-09-19T15:13:19Z</time><speed>1.600</speed><sat>32</sat></trkpt>
  <trkpt lat="37.18767615" lon="38.79937641"><ele>613.402</ele><time>2026-09-19T15:13:20Z</time><speed>1.530</speed><sat>32</sat></trkpt>
  <trkpt lat="37.18767290" lon="38.79935881"><ele>613.122</ele><time>2026-09-19T15:13:21Z</time><speed>1.630</speed><sat>32</sat></trkpt>
  <trkpt lat="37.18766831" lon="38.79934174"><ele>612.839</ele><time>2026-09-19T15:13:22Z</time><speed>1.540</speed><sat>32</sat></trkpt>
  <trkpt lat="37.18766470" lon="38.79932601"><ele>613.040</ele><time>2026-09-19T15:13:23Z</time><speed>1.530</speed><sat>32</sat></trkpt>
  <trkpt lat="37.18766073" lon="38.79930978"><ele>614.017</ele><time>2026-09-19T15:13:24Z</time><speed>1.550</speed><sat>32</sat></trkpt>
  <trkpt lat="37.18765738" lon="38.79929357"><ele>614.178</ele><time>2026-09-19T15:13:25Z</time><speed>1.540</speed><sat>32</sat></trkpt>
  <trkpt lat="37.18765531" lon="38.79927682"><ele>614.381</ele><time>2026-09-19T15:13:26Z</time><speed>1.590</speed><sat>32</sat></trkpt>
  <trkpt lat="37.18765360" lon="38.79926091"><ele>614.163</ele><time>2026-09-19T15:13:27Z</time><speed>1.550</speed><sat>32</sat></trkpt>
  <trkpt lat="37.18765091" lon="38.79924491"><ele>614.232</ele><time>2026-09-19T15:13:28Z</time><speed>1.510</speed><sat>32</sat></trkpt>
  <trkpt lat="37.18764688" lon="38.79922914"><ele>614.796</ele><time>2026-09-19T15:13:29Z</time><speed>1.550</speed><sat>32</sat></trkpt>
  <trkpt lat="37.18764188" lon="38.79921300"><ele>614.816</ele><time>2026-09-19T15:13:30Z</time><speed>1.550</speed><sat>31</sat></trkpt>
  <trkpt lat="37.18763897" lon="38.79919592"><ele>615.067</ele><time>2026-09-19T15:13:31Z</time><speed>1.550</speed><sat>31</sat></trkpt>
  <trkpt lat="37.18763762" lon="38.79917888"><ele>614.489</ele><time>2026-09-19T15:13:32Z</time><speed>1.540</speed><sat>31</sat></trkpt>
  <trkpt lat="37.18763597" lon="38.79916137"><ele>615.273</ele><time>2026-09-19T15:13:33Z</time><speed>1.560</speed><sat>31</sat></trkpt>
  <trkpt lat="37.18763478" lon="38.79914268"><ele>615.466</ele><time>2026-09-19T15:13:34Z</time><speed>1.580</speed><sat>31</sat></trkpt>
  <trkpt lat="37.18763781" lon="38.79912248"><ele>616.039</ele><time>2026-09-19T15:13:35Z</time><speed>1.780</speed><sat>31</sat></trkpt>
  <trkpt lat="37.18763801" lon="38.79910304"><ele>616.633</ele><time>2026-09-19T15:13:36Z</time><speed>1.710</speed><sat>31</sat></trkpt>
  <trkpt lat="37.18763768" lon="38.79908619"><ele>617.883</ele><time>2026-09-19T15:13:37Z</time><speed>1.470</speed><sat>31</sat></trkpt>
  <trkpt lat="37.18763455" lon="38.79907093"><ele>618.318</ele><time>2026-09-19T15:13:38Z</time><speed>1.460</speed><sat>31</sat></trkpt>
  <trkpt lat="37.18763178" lon="38.79905579"><ele>618.147</ele><time>2026-09-19T15:13:39Z</time><speed>1.460</speed><sat>31</sat></trkpt>
  <trkpt lat="37.18762847" lon="38.79903913"><ele>618.444</ele><time>2026-09-19T15:13:40Z</time><speed>1.630</speed><sat>31</sat></trkpt>
  <trkpt lat="37.18762634" lon="38.79902218"><ele>618.824</ele><time>2026-09-19T15:13:41Z</time><speed>1.580</speed><sat>31</sat></trkpt>
  <trkpt lat="37.18762444" lon="38.79900412"><ele>618.572</ele><time>2026-09-19T15:13:42Z</time><speed>1.730</speed><sat>31</sat></trkpt>
  <trkpt lat="37.18762113" lon="38.79898610"><ele>618.413</ele><time>2026-09-19T15:13:43Z</time><speed>1.700</speed><sat>31</sat></trkpt>
  <trkpt lat="37.18761756" lon="38.79896862"><ele>618.533</ele><time>2026-09-19T15:13:44Z</time><speed>1.670</speed><sat>31</sat></trkpt>
  <trkpt lat="37.18761364" lon="38.79895183"><ele>618.287</ele><time>2026-09-19T15:13:45Z</time><speed>1.600</speed><sat>31</sat></trkpt>
  <trkpt lat="37.18760970" lon="38.79893631"><ele>618.030</ele><time>2026-09-19T15:13:46Z</time><speed>1.560</speed><sat>31</sat></trkpt>
  <trkpt lat="37.18760546" lon="38.79892031"><ele>617.878</ele><time>2026-09-19T15:13:47Z</time><speed>1.570</speed><sat>31</sat></trkpt>
  <trkpt lat="37.18760179" lon="38.79890354"><ele>617.819</ele><time>2026-09-19T15:13:48Z</time><speed>1.570</speed><sat>31</sat></trkpt>
  <trkpt lat="37.18759843" lon="38.79888697"><ele>617.941</ele><time>2026-09-19T15:13:49Z</time><speed>1.570</speed><sat>31</sat></trkpt>
  <trkpt lat="37.18759436" lon="38.79886927"><ele>617.598</ele><time>2026-09-19T15:13:50Z</time><speed>1.710</speed><sat>31</sat></trkpt>
  <trkpt lat="37.18759012" lon="38.79885193"><ele>617.812</ele><time>2026-09-19T15:13:51Z</time><speed>1.580</speed><sat>32</sat></trkpt>
  <trkpt lat="37.18758531" lon="38.79883303"><ele>617.532</ele><time>2026-09-19T15:13:52Z</time><speed>1.870</speed><sat>32</sat></trkpt>
  <trkpt lat="37.18758042" lon="38.79881397"><ele>617.568</ele><time>2026-09-19T15:13:53Z</time><speed>1.660</speed><sat>32</sat></trkpt>
  <trkpt lat="37.18757660" lon="38.79879575"><ele>617.508</ele><time>2026-09-19T15:13:54Z</time><speed>1.670</speed><sat>32</sat></trkpt>
  <trkpt lat="37.18757325" lon="38.79877800"><ele>616.664</ele><time>2026-09-19T15:13:55Z</time><speed>1.600</speed><sat>32</sat></trkpt>
  <trkpt lat="37.18756958" lon="38.79876196"><ele>616.076</ele><time>2026-09-19T15:13:56Z</time><speed>1.520</speed><sat>32</sat></trkpt>
  <trkpt lat="37.18756455" lon="38.79874703"><ele>615.985</ele><time>2026-09-19T15:13:57Z</time><speed>1.560</speed><sat>32</sat></trkpt>
  <trkpt lat="37.18755760" lon="38.79873256"><ele>615.605</ele><time>2026-09-19T15:13:58Z</time><speed>1.530</speed><sat>32</sat></trkpt>
  <trkpt lat="37.18755349" lon="38.79872472"><ele>616.425</ele><time>2026-09-19T15:13:59Z</time><speed>0.400</speed><sat>32</sat></trkpt>
  <trkpt lat="37.18755271" lon="38.79871666"><ele>615.873</ele><time>2026-09-19T15:14:00Z</time><speed>0.890</speed><sat>32</sat></trkpt>
  <trkpt lat="37.18755185" lon="38.79870206"><ele>614.138</ele><time>2026-09-19T15:14:01Z</time><speed>1.290</speed><sat>32</sat></trkpt>
  <trkpt lat="37.18755154" lon="38.79868612"><ele>614.483</ele><time>2026-09-19T15:14:02Z</time><speed>1.250</speed><sat>32</sat></trkpt>
  <trkpt lat="37.18754756" lon="38.79866949"><ele>615.162</ele><time>2026-09-19T15:14:03Z</time><speed>1.690</speed><sat>31</sat></trkpt>
  <trkpt lat="37.18753882" lon="38.79865085"><ele>615.736</ele><time>2026-09-19T15:14:04Z</time><speed>1.960</speed><sat>32</sat></trkpt>
  <trkpt lat="37.18752526" lon="38.79863722"><ele>616.203</ele><time>2026-09-19T15:14:05Z</time><speed>1.690</speed><sat>32</sat></trkpt>
  <trkpt lat="37.18751298" lon="38.79862935"><ele>616.355</ele><time>2026-09-19T15:14:06Z</time><speed>1.220</speed><sat>31</sat></trkpt>
  <trkpt lat="37.18750134" lon="38.79862101"><ele>615.860</ele><time>2026-09-19T15:14:07Z</time><speed>1.400</speed><sat>31</sat></trkpt>
  <trkpt lat="37.18749210" lon="38.79860909"><ele>615.300</ele><time>2026-09-19T15:14:08Z</time><speed>1.570</speed><sat>29</sat></trkpt>
  <trkpt lat="37.18748571" lon="38.79859458"><ele>615.491</ele><time>2026-09-19T15:14:09Z</time><speed>1.270</speed><sat>27</sat></trkpt>
  <trkpt lat="37.18748006" lon="38.79857656"><ele>614.950</ele><time>2026-09-19T15:14:10Z</time><speed>1.670</speed><sat>27</sat></trkpt>
  <trkpt lat="37.18747091" lon="38.79855802"><ele>614.505</ele><time>2026-09-19T15:14:11Z</time><speed>1.880</speed><sat>26</sat></trkpt>
  <trkpt lat="37.18745554" lon="38.79854179"><ele>613.978</ele><time>2026-09-19T15:14:12Z</time><speed>2.170</speed><sat>26</sat></trkpt>
  <trkpt lat="37.18744047" lon="38.79852904"><ele>614.597</ele><time>2026-09-19T15:14:13Z</time><speed>1.520</speed><sat>26</sat></trkpt>
  <trkpt lat="37.18742811" lon="38.79851954"><ele>614.461</ele><time>2026-09-19T15:14:14Z</time><speed>1.430</speed><sat>28</sat></trkpt>
  <trkpt lat="37.18741716" lon="38.79851167"><ele>612.805</ele><time>2026-09-19T15:14:15Z</time><speed>1.230</speed><sat>29</sat></trkpt>
  <trkpt lat="37.18740909" lon="38.79850270"><ele>612.201</ele><time>2026-09-19T15:14:16Z</time><speed>0.940</speed><sat>29</sat></trkpt>
  <trkpt lat="37.18740320" lon="38.79849345"><ele>612.152</ele><time>2026-09-19T15:14:17Z</time><speed>0.910</speed><sat>30</sat></trkpt>
  <trkpt lat="37.18739396" lon="38.79848496"><ele>612.868</ele><time>2026-09-19T15:14:18Z</time><speed>1.390</speed><sat>30</sat></trkpt>
  <trkpt lat="37.18738226" lon="38.79847426"><ele>613.587</ele><time>2026-09-19T15:14:19Z</time><speed>1.430</speed><sat>30</sat></trkpt>
  <trkpt lat="37.18737172" lon="38.79846598"><ele>613.763</ele><time>2026-09-19T15:14:20Z</time><speed>1.270</speed><sat>31</sat></trkpt>
  <trkpt lat="37.18736123" lon="38.79846007"><ele>614.317</ele><time>2026-09-19T15:14:21Z</time><speed>1.240</speed><sat>30</sat></trkpt>
  <trkpt lat="37.18735059" lon="38.79845304"><ele>615.912</ele><time>2026-09-19T15:14:22Z</time><speed>1.290</speed><sat>31</sat></trkpt>
  <trkpt lat="37.18733907" lon="38.79844624"><ele>615.818</ele><time>2026-09-19T15:14:23Z</time><speed>1.370</speed><sat>31</sat></trkpt>
  <trkpt lat="37.18732638" lon="38.79844079"><ele>616.639</ele><time>2026-09-19T15:14:24Z</time><speed>1.380</speed><sat>31</sat></trkpt>
  <trkpt lat="37.18731452" lon="38.79843580"><ele>617.041</ele><time>2026-09-19T15:14:25Z</time><speed>1.310</speed><sat>30</sat></trkpt>
  <trkpt lat="37.18730391" lon="38.79843188"><ele>616.501</ele><time>2026-09-19T15:14:26Z</time><speed>1.280</speed><sat>29</sat></trkpt>
  <trkpt lat="37.18729259" lon="38.79843005"><ele>616.870</ele><time>2026-09-19T15:14:27Z</time><speed>1.440</speed><sat>29</sat></trkpt>
  <trkpt lat="37.18728064" lon="38.79842935"><ele>616.803</ele><time>2026-09-19T15:14:28Z</time><speed>1.370</speed><sat>29</sat></trkpt>
  <trkpt lat="37.18726929" lon="38.79842961"><ele>616.801</ele><time>2026-09-19T15:14:29Z</time><speed>1.440</speed><sat>29</sat></trkpt>
  <trkpt lat="37.18725737" lon="38.79842627"><ele>617.051</ele><time>2026-09-19T15:14:30Z</time><speed>1.290</speed><sat>29</sat></trkpt>
  <trkpt lat="37.18724837" lon="38.79841848"><ele>615.627</ele><time>2026-09-19T15:14:31Z</time><speed>0.840</speed><sat>30</sat></trkpt>
  <trkpt lat="37.18723873" lon="38.79840899"><ele>615.190</ele><time>2026-09-19T15:14:32Z</time><speed>1.240</speed><sat>30</sat></trkpt>
  <trkpt lat="37.18722671" lon="38.79840050"><ele>615.203</ele><time>2026-09-19T15:14:33Z</time><speed>1.190</speed><sat>30</sat></trkpt>
  <trkpt lat="37.18721356" lon="38.79839479"><ele>616.156</ele><time>2026-09-19T15:14:34Z</time><speed>1.350</speed><sat>30</sat></trkpt>
  <trkpt lat="37.18719804" lon="38.79839147"><ele>616.060</ele><time>2026-09-19T15:14:35Z</time><speed>1.460</speed><sat>31</sat></trkpt>
  <trkpt lat="37.18718187" lon="38.79839115"><ele>616.451</ele><time>2026-09-19T15:14:36Z</time><speed>1.540</speed><sat>31</sat></trkpt>
  <trkpt lat="37.18716632" lon="38.79839302"><ele>616.573</ele><time>2026-09-19T15:14:37Z</time><speed>1.550</speed><sat>30</sat></trkpt>
  <trkpt lat="37.18715066" lon="38.79839322"><ele>616.555</ele><time>2026-09-19T15:14:38Z</time><speed>1.570</speed><sat>30</sat></trkpt>
  <trkpt lat="37.18713346" lon="38.79838855"><ele>616.402</ele><time>2026-09-19T15:14:39Z</time><speed>1.660</speed><sat>30</sat></trkpt>
  <trkpt lat="37.18711793" lon="38.79838427"><ele>616.857</ele><time>2026-09-19T15:14:40Z</time><speed>1.360</speed><sat>30</sat></trkpt>
  <trkpt lat="37.18710044" lon="38.79837522"><ele>617.771</ele><time>2026-09-19T15:14:41Z</time><speed>1.420</speed><sat>30</sat></trkpt>
  <trkpt lat="37.18708275" lon="38.79836455"><ele>617.639</ele><time>2026-09-19T15:14:42Z</time><speed>1.680</speed><sat>29</sat></trkpt>
  <trkpt lat="37.18706637" lon="38.79835736"><ele>617.460</ele><time>2026-09-19T15:14:43Z</time><speed>1.510</speed><sat>27</sat></trkpt>
  <trkpt lat="37.18705143" lon="38.79835177"><ele>617.094</ele><time>2026-09-19T15:14:44Z</time><speed>1.300</speed><sat>27</sat></trkpt>
  <trkpt lat="37.18703650" lon="38.79834615"><ele>617.600</ele><time>2026-09-19T15:14:45Z</time><speed>1.460</speed><sat>27</sat></trkpt>
  <trkpt lat="37.18702190" lon="38.79833932"><ele>617.579</ele><time>2026-09-19T15:14:46Z</time><speed>1.410</speed><sat>26</sat></trkpt>
  <trkpt lat="37.18700093" lon="38.79833703"><ele>617.298</ele><time>2026-09-19T15:14:47Z</time><speed>2.350</speed><sat>25</sat></trkpt>
  <trkpt lat="37.18697599" lon="38.79833476"><ele>618.728</ele><time>2026-09-19T15:14:48Z</time><speed>2.140</speed><sat>24</sat></trkpt>
  <trkpt lat="37.18695232" lon="38.79833718"><ele>618.929</ele><time>2026-09-19T15:14:49Z</time><speed>2.210</speed><sat>24</sat></trkpt>
  <trkpt lat="37.18693240" lon="38.79834042"><ele>620.391</ele><time>2026-09-19T15:14:50Z</time><speed>1.460</speed><sat>25</sat></trkpt>
  <trkpt lat="37.18691697" lon="38.79834665"><ele>622.551</ele><time>2026-09-19T15:14:51Z</time><speed>1.500</speed><sat>26</sat></trkpt>
  <trkpt lat="37.18690336" lon="38.79835544"><ele>622.675</ele><time>2026-09-19T15:14:52Z</time><speed>1.480</speed><sat>27</sat></trkpt>
  <trkpt lat="37.18689313" lon="38.79836625"><ele>623.791</ele><time>2026-09-19T15:14:53Z</time><speed>1.420</speed><sat>28</sat></trkpt>
  <trkpt lat="37.18688459" lon="38.79837884"><ele>623.725</ele><time>2026-09-19T15:14:54Z</time><speed>1.450</speed><sat>28</sat></trkpt>
  <trkpt lat="37.18687684" lon="38.79839195"><ele>626.132</ele><time>2026-09-19T15:14:55Z</time><speed>1.190</speed><sat>28</sat></trkpt>
  <trkpt lat="37.18686811" lon="38.79840321"><ele>626.226</ele><time>2026-09-19T15:14:56Z</time><speed>1.410</speed><sat>29</sat></trkpt>
  <trkpt lat="37.18685677" lon="38.79841181"><ele>625.857</ele><time>2026-09-19T15:14:57Z</time><speed>1.470</speed><sat>28</sat></trkpt>
  <trkpt lat="37.18684449" lon="38.79842243"><ele>625.841</ele><time>2026-09-19T15:14:58Z</time><speed>1.690</speed><sat>29</sat></trkpt>
  <trkpt lat="37.18682924" lon="38.79843152"><ele>626.885</ele><time>2026-09-19T15:14:59Z</time><speed>1.590</speed><sat>30</sat></trkpt>
  <trkpt lat="37.18681448" lon="38.79843718"><ele>626.525</ele><time>2026-09-19T15:15:00Z</time><speed>1.530</speed><sat>30</sat></trkpt>
  <trkpt lat="37.18680195" lon="38.79844011"><ele>626.948</ele><time>2026-09-19T15:15:01Z</time><speed>1.350</speed><sat>30</sat></trkpt>
  <trkpt lat="37.18679165" lon="38.79844415"><ele>627.104</ele><time>2026-09-19T15:15:02Z</time><speed>0.420</speed><sat>29</sat></trkpt>
  <trkpt lat="37.18678180" lon="38.79845201"><ele>626.455</ele><time>2026-09-19T15:15:03Z</time><speed>0.850</speed><sat>30</sat></trkpt>
  <trkpt lat="37.18676690" lon="38.79846798"><ele>627.818</ele><time>2026-09-19T15:15:04Z</time><speed>1.770</speed><sat>30</sat></trkpt>
  <trkpt lat="37.18675016" lon="38.79848695"><ele>628.641</ele><time>2026-09-19T15:15:05Z</time><speed>1.850</speed><sat>30</sat></trkpt>
  <trkpt lat="37.18673735" lon="38.79850170"><ele>630.077</ele><time>2026-09-19T15:15:06Z</time><speed>1.360</speed><sat>29</sat></trkpt>
  <trkpt lat="37.18672579" lon="38.79851539"><ele>630.265</ele><time>2026-09-19T15:15:07Z</time><speed>1.560</speed><sat>30</sat></trkpt>
  <trkpt lat="37.18671406" lon="38.79852899"><ele>630.701</ele><time>2026-09-19T15:15:08Z</time><speed>1.530</speed><sat>30</sat></trkpt>
  <trkpt lat="37.18670220" lon="38.79854141"><ele>630.577</ele><time>2026-09-19T15:15:09Z</time><speed>1.530</speed><sat>30</sat></trkpt>
  <trkpt lat="37.18669069" lon="38.79855150"><ele>629.115</ele><time>2026-09-19T15:15:10Z</time><speed>1.500</speed><sat>29</sat></trkpt>
  <trkpt lat="37.18668245" lon="38.79855879"><ele>628.238</ele><time>2026-09-19T15:15:11Z</time><speed>0.950</speed><sat>29</sat></trkpt>
  <trkpt lat="37.18667653" lon="38.79856322"><ele>627.546</ele><time>2026-09-19T15:15:12Z</time><speed>0.640</speed><sat>29</sat></trkpt>
  <trkpt lat="37.18666937" lon="38.79857010"><ele>627.811</ele><time>2026-09-19T15:15:13Z</time><speed>1.190</speed><sat>31</sat></trkpt>
  <trkpt lat="37.18666113" lon="38.79857767"><ele>627.460</ele><time>2026-09-19T15:15:14Z</time><speed>1.140</speed><sat>31</sat></trkpt>
  <trkpt lat="37.18665315" lon="38.79858293"><ele>628.028</ele><time>2026-09-19T15:15:15Z</time><speed>0.990</speed><sat>31</sat></trkpt>
  <trkpt lat="37.18664341" lon="38.79859164"><ele>628.655</ele><time>2026-09-19T15:15:16Z</time><speed>1.370</speed><sat>31</sat></trkpt>
  <trkpt lat="37.18663148" lon="38.79860228"><ele>628.841</ele><time>2026-09-19T15:15:17Z</time><speed>1.530</speed><sat>31</sat></trkpt>
  <trkpt lat="37.18661792" lon="38.79861564"><ele>629.816</ele><time>2026-09-19T15:15:18Z</time><speed>1.670</speed><sat>31</sat></trkpt>
  <trkpt lat="37.18660119" lon="38.79863199"><ele>630.524</ele><time>2026-09-19T15:15:19Z</time><speed>2.180</speed><sat>31</sat></trkpt>
  <trkpt lat="37.18658303" lon="38.79864982"><ele>630.582</ele><time>2026-09-19T15:15:20Z</time><speed>2.320</speed><sat>31</sat></trkpt>
  <trkpt lat="37.18657196" lon="38.79866289"><ele>630.719</ele><time>2026-09-19T15:15:21Z</time><speed>1.300</speed><sat>31</sat></trkpt>
  <trkpt lat="37.18656336" lon="38.79867623"><ele>631.284</ele><time>2026-09-19T15:15:22Z</time><speed>1.620</speed><sat>31</sat></trkpt>
  <trkpt lat="37.18655531" lon="38.79869017"><ele>633.472</ele><time>2026-09-19T15:15:23Z</time><speed>1.350</speed><sat>30</sat></trkpt>
  <trkpt lat="37.18654577" lon="38.79870463"><ele>633.295</ele><time>2026-09-19T15:15:24Z</time><speed>1.580</speed><sat>30</sat></trkpt>
  <trkpt lat="37.18653300" lon="38.79871672"><ele>634.211</ele><time>2026-09-19T15:15:25Z</time><speed>1.530</speed><sat>30</sat></trkpt>
  <trkpt lat="37.18651954" lon="38.79872739"><ele>635.852</ele><time>2026-09-19T15:15:26Z</time><speed>1.420</speed><sat>31</sat></trkpt>
  <trkpt lat="37.18650603" lon="38.79873643"><ele>637.880</ele><time>2026-09-19T15:15:27Z</time><speed>1.500</speed><sat>31</sat></trkpt>
  <trkpt lat="37.18649086" lon="38.79874300"><ele>637.691</ele><time>2026-09-19T15:15:28Z</time><speed>1.560</speed><sat>31</sat></trkpt>
  <trkpt lat="37.18647577" lon="38.79875051"><ele>638.556</ele><time>2026-09-19T15:15:29Z</time><speed>1.460</speed><sat>31</sat></trkpt>
  <trkpt lat="37.18646167" lon="38.79875795"><ele>639.011</ele><time>2026-09-19T15:15:30Z</time><speed>1.530</speed><sat>32</sat></trkpt>
  <trkpt lat="37.18644740" lon="38.79876491"><ele>639.484</ele><time>2026-09-19T15:15:31Z</time><speed>1.530</speed><sat>32</sat></trkpt>
  <trkpt lat="37.18643462" lon="38.79877198"><ele>640.050</ele><time>2026-09-19T15:15:32Z</time><speed>1.200</speed><sat>32</sat></trkpt>
  <trkpt lat="37.18642089" lon="38.79877975"><ele>640.427</ele><time>2026-09-19T15:15:33Z</time><speed>1.440</speed><sat>32</sat></trkpt>
  <trkpt lat="37.18640626" lon="38.79878782"><ele>641.348</ele><time>2026-09-19T15:15:34Z</time><speed>1.360</speed><sat>32</sat></trkpt>
  <trkpt lat="37.18638886" lon="38.79879483"><ele>641.030</ele><time>2026-09-19T15:15:35Z</time><speed>1.940</speed><sat>32</sat></trkpt>
  <trkpt lat="37.18636648" lon="38.79880708"><ele>641.471</ele><time>2026-09-19T15:15:36Z</time><speed>2.350</speed><sat>32</sat></trkpt>
  <trkpt lat="37.18634706" lon="38.79882228"><ele>642.310</ele><time>2026-09-19T15:15:37Z</time><speed>1.960</speed><sat>32</sat></trkpt>
  <trkpt lat="37.18633121" lon="38.79883476"><ele>641.891</ele><time>2026-09-19T15:15:38Z</time><speed>1.810</speed><sat>32</sat></trkpt>
  <trkpt lat="37.18631302" lon="38.79885139"><ele>643.290</ele><time>2026-09-19T15:15:39Z</time><speed>2.370</speed><sat>31</sat></trkpt>
  <trkpt lat="37.18629437" lon="38.79886316"><ele>643.320</ele><time>2026-09-19T15:15:40Z</time><speed>1.860</speed><sat>31</sat></trkpt>
  <trkpt lat="37.18628091" lon="38.79887118"><ele>643.672</ele><time>2026-09-19T15:15:41Z</time><speed>1.550</speed><sat>31</sat></trkpt>
  <trkpt lat="37.18627306" lon="38.79887589"><ele>643.959</ele><time>2026-09-19T15:15:42Z</time><speed>0.680</speed><sat>31</sat></trkpt>
  <trkpt lat="37.18626655" lon="38.79888051"><ele>643.878</ele><time>2026-09-19T15:15:43Z</time><speed>1.180</speed><sat>31</sat></trkpt>
  <trkpt lat="37.18625692" lon="38.79888412"><ele>644.998</ele><time>2026-09-19T15:15:44Z</time><speed>1.450</speed><sat>31</sat></trkpt>
  <trkpt lat="37.18624341" lon="38.79888795"><ele>645.182</ele><time>2026-09-19T15:15:45Z</time><speed>1.860</speed><sat>31</sat></trkpt>
  <trkpt lat="37.18623006" lon="38.79889167"><ele>645.140</ele><time>2026-09-19T15:15:46Z</time><speed>1.650</speed><sat>29</sat></trkpt>
  <trkpt lat="37.18622179" lon="38.79890081"><ele>646.237</ele><time>2026-09-19T15:15:47Z</time><speed>1.720</speed><sat>29</sat></trkpt>
  <trkpt lat="37.18621424" lon="38.79891150"><ele>646.557</ele><time>2026-09-19T15:15:48Z</time><speed>1.700</speed><sat>28</sat></trkpt>
  <trkpt lat="37.18620633" lon="38.79892308"><ele>646.542</ele><time>2026-09-19T15:15:49Z</time><speed>1.810</speed><sat>28</sat></trkpt>
  <trkpt lat="37.18619871" lon="38.79893474"><ele>646.634</ele><time>2026-09-19T15:15:50Z</time><speed>1.760</speed><sat>28</sat></trkpt>
  <trkpt lat="37.18618907" lon="38.79894567"><ele>646.627</ele><time>2026-09-19T15:15:51Z</time><speed>1.870</speed><sat>28</sat></trkpt>
  <trkpt lat="37.18617685" lon="38.79895907"><ele>646.306</ele><time>2026-09-19T15:15:52Z</time><speed>2.020</speed><sat>28</sat></trkpt>
  <trkpt lat="37.18616100" lon="38.79897824"><ele>646.342</ele><time>2026-09-19T15:15:53Z</time><speed>2.350</speed><sat>28</sat></trkpt>
  <trkpt lat="37.18614465" lon="38.79899658"><ele>646.419</ele><time>2026-09-19T15:15:54Z</time><speed>2.340</speed><sat>28</sat></trkpt>
  <trkpt lat="37.18612590" lon="38.79901406"><ele>646.040</ele><time>2026-09-19T15:15:55Z</time><speed>2.500</speed><sat>29</sat></trkpt>
  <trkpt lat="37.18610802" lon="38.79902820"><ele>646.172</ele><time>2026-09-19T15:15:56Z</time><speed>2.280</speed><sat>28</sat></trkpt>
  <trkpt lat="37.18609377" lon="38.79904340"><ele>645.526</ele><time>2026-09-19T15:15:57Z</time><speed>2.180</speed><sat>26</sat></trkpt>
  <trkpt lat="37.18608149" lon="38.79905866"><ele>644.989</ele><time>2026-09-19T15:15:58Z</time><speed>1.930</speed><sat>26</sat></trkpt>
  <trkpt lat="37.18607207" lon="38.79907521"><ele>645.019</ele><time>2026-09-19T15:15:59Z</time><speed>1.860</speed><sat>26</sat></trkpt>
  <trkpt lat="37.18606232" lon="38.79908627"><ele>644.365</ele><time>2026-09-19T15:16:00Z</time><speed>1.700</speed><sat>25</sat></trkpt>
  <trkpt lat="37.18605091" lon="38.79909621"><ele>644.613</ele><time>2026-09-19T15:16:01Z</time><speed>1.770</speed><sat>26</sat></trkpt>
  <trkpt lat="37.18603876" lon="38.79910810"><ele>644.591</ele><time>2026-09-19T15:16:02Z</time><speed>1.860</speed><sat>28</sat></trkpt>
  <trkpt lat="37.18602501" lon="38.79911411"><ele>644.156</ele><time>2026-09-19T15:16:03Z</time><speed>1.450</speed><sat>28</sat></trkpt>
  <trkpt lat="37.18601400" lon="38.79912037"><ele>643.489</ele><time>2026-09-19T15:16:04Z</time><speed>1.320</speed><sat>30</sat></trkpt>
  <trkpt lat="37.18600623" lon="38.79912976"><ele>643.683</ele><time>2026-09-19T15:16:05Z</time><speed>1.130</speed><sat>30</sat></trkpt>
  <trkpt lat="37.18600000" lon="38.79914741"><ele>642.776</ele><time>2026-09-19T15:16:06Z</time><speed>1.580</speed><sat>30</sat></trkpt>
  <trkpt lat="37.18598868" lon="38.79916485"><ele>641.855</ele><time>2026-09-19T15:16:07Z</time><speed>1.990</speed><sat>30</sat></trkpt>
  <trkpt lat="37.18597470" lon="38.79917771"><ele>641.830</ele><time>2026-09-19T15:16:08Z</time><speed>1.760</speed><sat>30</sat></trkpt>
  <trkpt lat="37.18595749" lon="38.79917356"><ele>639.912</ele><time>2026-09-19T15:16:09Z</time><speed>2.210</speed><sat>29</sat></trkpt>
  <trkpt lat="37.18593781" lon="38.79915815"><ele>639.988</ele><time>2026-09-19T15:16:10Z</time><speed>2.340</speed><sat>30</sat></trkpt>
  <trkpt lat="37.18593607" lon="38.79913763"><ele>639.590</ele><time>2026-09-19T15:16:11Z</time><speed>0.000</speed><sat>30</sat></trkpt>
  <trkpt lat="37.18593826" lon="38.79912740"><ele>639.718</ele><time>2026-09-19T15:16:12Z</time><speed>0.000</speed><sat>30</sat></trkpt>
  <trkpt lat="37.18593942" lon="38.79912244"><ele>639.697</ele><time>2026-09-19T15:16:13Z</time><speed>0.000</speed><sat>32</sat></trkpt>
  <trkpt lat="37.18594001" lon="38.79912000"><ele>639.696</ele><time>2026-09-19T15:16:14Z</time><speed>0.000</speed><sat>32</sat></trkpt>
  <trkpt lat="37.18594031" lon="38.79911877"><ele>639.693</ele><time>2026-09-19T15:16:15Z</time><speed>0.000</speed><sat>29</sat></trkpt>
  <trkpt lat="37.18594046" lon="38.79911816"><ele>639.699</ele><time>2026-09-19T15:16:16Z</time><speed>0.000</speed><sat>26</sat></trkpt>
  <trkpt lat="37.18594053" lon="38.79911785"><ele>639.698</ele><time>2026-09-19T15:16:17Z</time><speed>0.000</speed><sat>26</sat></trkpt>
  <trkpt lat="37.18593938" lon="38.79911644"><ele>639.382</ele><time>2026-09-19T15:16:18Z</time><speed>0.710</speed><sat>26</sat></trkpt>
  <trkpt lat="37.18593175" lon="38.79911737"><ele>639.189</ele><time>2026-09-19T15:16:19Z</time><speed>1.330</speed><sat>28</sat></trkpt>
  <trkpt lat="37.18592165" lon="38.79912577"><ele>639.406</ele><time>2026-09-19T15:16:20Z</time><speed>1.740</speed><sat>29</sat></trkpt>
  <trkpt lat="37.18591028" lon="38.79914463"><ele>638.882</ele><time>2026-09-19T15:16:21Z</time><speed>2.180</speed><sat>29</sat></trkpt>
  <trkpt lat="37.18590084" lon="38.79916593"><ele>638.710</ele><time>2026-09-19T15:16:22Z</time><speed>2.050</speed><sat>30</sat></trkpt>
  <trkpt lat="37.18589335" lon="38.79918456"><ele>635.443</ele><time>2026-09-19T15:16:23Z</time><speed>1.820</speed><sat>29</sat></trkpt>
  <trkpt lat="37.18588567" lon="38.79920043"><ele>635.219</ele><time>2026-09-19T15:16:24Z</time><speed>1.710</speed><sat>30</sat></trkpt>
  <trkpt lat="37.18587960" lon="38.79921134"><ele>633.974</ele><time>2026-09-19T15:16:25Z</time><speed>1.300</speed><sat>28</sat></trkpt>
  <trkpt lat="37.18587136" lon="38.79921844"><ele>634.104</ele><time>2026-09-19T15:16:26Z</time><speed>1.520</speed><sat>31</sat></trkpt>
  <trkpt lat="37.18586085" lon="38.79922380"><ele>634.614</ele><time>2026-09-19T15:16:27Z</time><speed>1.510</speed><sat>31</sat></trkpt>
  <trkpt lat="37.18584904" lon="38.79922455"><ele>634.773</ele><time>2026-09-19T15:16:28Z</time><speed>1.460</speed><sat>31</sat></trkpt>
  <trkpt lat="37.18583626" lon="38.79922470"><ele>634.673</ele><time>2026-09-19T15:16:29Z</time><speed>1.540</speed><sat>31</sat></trkpt>
  <trkpt lat="37.18582303" lon="38.79923139"><ele>634.098</ele><time>2026-09-19T15:16:30Z</time><speed>1.720</speed><sat>31</sat></trkpt>
  <trkpt lat="37.18580959" lon="38.79923687"><ele>634.039</ele><time>2026-09-19T15:16:31Z</time><speed>1.590</speed><sat>31</sat></trkpt>
  <trkpt lat="37.18579888" lon="38.79924860"><ele>634.343</ele><time>2026-09-19T15:16:32Z</time><speed>1.410</speed><sat>31</sat></trkpt>
  <trkpt lat="37.18578803" lon="38.79926083"><ele>634.204</ele><time>2026-09-19T15:16:33Z</time><speed>1.580</speed><sat>31</sat></trkpt>
  <trkpt lat="37.18577757" lon="38.79927297"><ele>634.671</ele><time>2026-09-19T15:16:34Z</time><speed>1.420</speed><sat>31</sat></trkpt>
  <trkpt lat="37.18576807" lon="38.79928470"><ele>634.680</ele><time>2026-09-19T15:16:35Z</time><speed>1.440</speed><sat>31</sat></trkpt>
  <trkpt lat="37.18575864" lon="38.79929655"><ele>634.467</ele><time>2026-09-19T15:16:36Z</time><speed>1.470</speed><sat>31</sat></trkpt>
  <trkpt lat="37.18574983" lon="38.79930832"><ele>634.101</ele><time>2026-09-19T15:16:37Z</time><speed>1.440</speed><sat>31</sat></trkpt>
  <trkpt lat="37.18574124" lon="38.79932052"><ele>634.237</ele><time>2026-09-19T15:16:38Z</time><speed>1.460</speed><sat>32</sat></trkpt>
  <trkpt lat="37.18573067" lon="38.79933127"><ele>633.926</ele><time>2026-09-19T15:16:39Z</time><speed>1.510</speed><sat>28</sat></trkpt>
  <trkpt lat="37.18571851" lon="38.79933791"><ele>633.868</ele><time>2026-09-19T15:16:40Z</time><speed>1.020</speed><sat>28</sat></trkpt>
  <trkpt lat="37.18570554" lon="38.79934113"><ele>633.817</ele><time>2026-09-19T15:16:41Z</time><speed>1.460</speed><sat>31</sat></trkpt>
  <trkpt lat="37.18569008" lon="38.79934515"><ele>633.624</ele><time>2026-09-19T15:16:42Z</time><speed>1.660</speed><sat>31</sat></trkpt>
  <trkpt lat="37.18567456" lon="38.79935115"><ele>633.610</ele><time>2026-09-19T15:16:43Z</time><speed>1.720</speed><sat>31</sat></trkpt>
  <trkpt lat="37.18566039" lon="38.79936030"><ele>633.554</ele><time>2026-09-19T15:16:44Z</time><speed>1.690</speed><sat>31</sat></trkpt>
  <trkpt lat="37.18564579" lon="38.79937396"><ele>631.724</ele><time>2026-09-19T15:16:45Z</time><speed>1.830</speed><sat>31</sat></trkpt>
  <trkpt lat="37.18562786" lon="38.79938509"><ele>633.940</ele><time>2026-09-19T15:16:46Z</time><speed>2.180</speed><sat>31</sat></trkpt>
  <trkpt lat="37.18560953" lon="38.79939234"><ele>633.976</ele><time>2026-09-19T15:16:47Z</time><speed>1.950</speed><sat>31</sat></trkpt>
  <trkpt lat="37.18559309" lon="38.79939943"><ele>633.799</ele><time>2026-09-19T15:16:48Z</time><speed>1.930</speed><sat>30</sat></trkpt>
  <trkpt lat="37.18557638" lon="38.79940405"><ele>633.876</ele><time>2026-09-19T15:16:49Z</time><speed>1.690</speed><sat>30</sat></trkpt>
  <trkpt lat="37.18556143" lon="38.79940871"><ele>633.468</ele><time>2026-09-19T15:16:50Z</time><speed>1.670</speed><sat>32</sat></trkpt>
  <trkpt lat="37.18554604" lon="38.79941275"><ele>633.135</ele><time>2026-09-19T15:16:51Z</time><speed>1.750</speed><sat>32</sat></trkpt>
  <trkpt lat="37.18553385" lon="38.79942509"><ele>633.395</ele><time>2026-09-19T15:16:52Z</time><speed>1.540</speed><sat>32</sat></trkpt>
  <trkpt lat="37.18552057" lon="38.79943617"><ele>633.048</ele><time>2026-09-19T15:16:53Z</time><speed>1.620</speed><sat>32</sat></trkpt>
  <trkpt lat="37.18550705" lon="38.79944642"><ele>633.084</ele><time>2026-09-19T15:16:54Z</time><speed>1.630</speed><sat>32</sat></trkpt>
  <trkpt lat="37.18549430" lon="38.79945922"><ele>634.036</ele><time>2026-09-19T15:16:55Z</time><speed>1.600</speed><sat>32</sat></trkpt>
  <trkpt lat="37.18548205" lon="38.79947446"><ele>633.743</ele><time>2026-09-19T15:16:56Z</time><speed>1.720</speed><sat>32</sat></trkpt>
  <trkpt lat="37.18546850" lon="38.79948979"><ele>633.991</ele><time>2026-09-19T15:16:57Z</time><speed>1.880</speed><sat>32</sat></trkpt>
  <trkpt lat="37.18545428" lon="38.79950216"><ele>634.055</ele><time>2026-09-19T15:16:58Z</time><speed>1.830</speed><sat>32</sat></trkpt>
  <trkpt lat="37.18543997" lon="38.79950975"><ele>634.082</ele><time>2026-09-19T15:16:59Z</time><speed>1.760</speed><sat>31</sat></trkpt>
  <trkpt lat="37.18542463" lon="38.79952380"><ele>633.548</ele><time>2026-09-19T15:17:00Z</time><speed>2.190</speed><sat>31</sat></trkpt>
  <trkpt lat="37.18540927" lon="38.79953726"><ele>633.725</ele><time>2026-09-19T15:17:01Z</time><speed>1.920</speed><sat>31</sat></trkpt>
  <trkpt lat="37.18539670" lon="38.79954813"><ele>634.055</ele><time>2026-09-19T15:17:02Z</time><speed>1.750</speed><sat>29</sat></trkpt>
  <trkpt lat="37.18538464" lon="38.79955730"><ele>634.052</ele><time>2026-09-19T15:17:03Z</time><speed>1.730</speed><sat>27</sat></trkpt>
  <trkpt lat="37.18537163" lon="38.79956478"><ele>634.089</ele><time>2026-09-19T15:17:04Z</time><speed>1.740</speed><sat>27</sat></trkpt>
  <trkpt lat="37.18535830" lon="38.79957537"><ele>634.101</ele><time>2026-09-19T15:17:05Z</time><speed>1.820</speed><sat>27</sat></trkpt>
  <trkpt lat="37.18534362" lon="38.79958382"><ele>634.022</ele><time>2026-09-19T15:17:06Z</time><speed>1.850</speed><sat>27</sat></trkpt>
  <trkpt lat="37.18532837" lon="38.79958659"><ele>632.836</ele><time>2026-09-19T15:17:07Z</time><speed>1.180</speed><sat>22</sat></trkpt>
  <trkpt lat="37.18531246" lon="38.79959024"><ele>631.797</ele><time>2026-09-19T15:17:08Z</time><speed>1.570</speed><sat>29</sat></trkpt>
  <trkpt lat="37.18529619" lon="38.79959288"><ele>631.914</ele><time>2026-09-19T15:17:09Z</time><speed>1.370</speed><sat>28</sat></trkpt>
  <trkpt lat="37.18528038" lon="38.79959854"><ele>631.944</ele><time>2026-09-19T15:17:10Z</time><speed>1.560</speed><sat>28</sat></trkpt>
  <trkpt lat="37.18526507" lon="38.79960658"><ele>631.286</ele><time>2026-09-19T15:17:11Z</time><speed>1.500</speed><sat>28</sat></trkpt>
  <trkpt lat="37.18525224" lon="38.79961541"><ele>631.757</ele><time>2026-09-19T15:17:12Z</time><speed>1.320</speed><sat>28</sat></trkpt>
  <trkpt lat="37.18524188" lon="38.79962855"><ele>631.773</ele><time>2026-09-19T15:17:13Z</time><speed>1.560</speed><sat>28</sat></trkpt>
  <trkpt lat="37.18524011" lon="38.79964838"><ele>632.323</ele><time>2026-09-19T15:17:14Z</time><speed>1.760</speed><sat>23</sat></trkpt>
  <trkpt lat="37.18524884" lon="38.79966687"><ele>632.130</ele><time>2026-09-19T15:17:15Z</time><speed>1.870</speed><sat>20</sat></trkpt>
  <trkpt lat="37.18524842" lon="38.79967444"><ele>631.654</ele><time>2026-09-19T15:17:16Z</time><speed>0.600</speed><sat>18</sat></trkpt>
  <trkpt lat="37.18524130" lon="38.79968541"><ele>629.685</ele><time>2026-09-19T15:17:17Z</time><speed>1.370</speed><sat>18</sat></trkpt>
  <trkpt lat="37.18522859" lon="38.79970221"><ele>630.270</ele><time>2026-09-19T15:17:18Z</time><speed>1.620</speed><sat>19</sat></trkpt>
  <trkpt lat="37.18521084" lon="38.79971583"><ele>630.362</ele><time>2026-09-19T15:17:19Z</time><speed>1.580</speed><sat>21</sat></trkpt>
  <trkpt lat="37.18519592" lon="38.79973153"><ele>632.151</ele><time>2026-09-19T15:17:20Z</time><speed>1.870</speed><sat>21</sat></trkpt>
  <trkpt lat="37.18518331" lon="38.79974452"><ele>632.281</ele><time>2026-09-19T15:17:21Z</time><speed>1.090</speed><sat>24</sat></trkpt>
  <trkpt lat="37.18517038" lon="38.79975376"><ele>631.814</ele><time>2026-09-19T15:17:22Z</time><speed>1.390</speed><sat>28</sat></trkpt>
  <trkpt lat="37.18515550" lon="38.79976011"><ele>632.057</ele><time>2026-09-19T15:17:23Z</time><speed>1.380</speed><sat>29</sat></trkpt>
  <trkpt lat="37.18513848" lon="38.79976484"><ele>632.093</ele><time>2026-09-19T15:17:24Z</time><speed>1.290</speed><sat>30</sat></trkpt>
  <trkpt lat="37.18512308" lon="38.79976834"><ele>631.157</ele><time>2026-09-19T15:17:25Z</time><speed>1.120</speed><sat>29</sat></trkpt>
  <trkpt lat="37.18510540" lon="38.79977249"><ele>631.234</ele><time>2026-09-19T15:17:26Z</time><speed>1.630</speed><sat>29</sat></trkpt>
  <trkpt lat="37.18508892" lon="38.79977723"><ele>631.378</ele><time>2026-09-19T15:17:27Z</time><speed>1.100</speed><sat>28</sat></trkpt>
  <trkpt lat="37.18507535" lon="38.79978384"><ele>631.077</ele><time>2026-09-19T15:17:28Z</time><speed>1.300</speed><sat>26</sat></trkpt>
  <trkpt lat="37.18506061" lon="38.79979241"><ele>631.345</ele><time>2026-09-19T15:17:29Z</time><speed>1.480</speed><sat>26</sat></trkpt>
  <trkpt lat="37.18504724" lon="38.79980403"><ele>630.130</ele><time>2026-09-19T15:17:30Z</time><speed>1.510</speed><sat>27</sat></trkpt>
  <trkpt lat="37.18503487" lon="38.79981466"><ele>629.460</ele><time>2026-09-19T15:17:31Z</time><speed>1.230</speed><sat>27</sat></trkpt>
  <trkpt lat="37.18502400" lon="38.79982386"><ele>629.748</ele><time>2026-09-19T15:17:32Z</time><speed>1.200</speed><sat>26</sat></trkpt>
  <trkpt lat="37.18500766" lon="38.79983403"><ele>629.545</ele><time>2026-09-19T15:17:33Z</time><speed>2.170</speed><sat>27</sat></trkpt>
  <trkpt lat="37.18498610" lon="38.79984678"><ele>629.543</ele><time>2026-09-19T15:17:34Z</time><speed>2.490</speed><sat>27</sat></trkpt>
  <trkpt lat="37.18497465" lon="38.79985937"><ele>629.701</ele><time>2026-09-19T15:17:35Z</time><speed>1.160</speed><sat>27</sat></trkpt>
  <trkpt lat="37.18496774" lon="38.79987211"><ele>629.543</ele><time>2026-09-19T15:17:36Z</time><speed>1.280</speed><sat>24</sat></trkpt>
  <trkpt lat="37.18495763" lon="38.79988489"><ele>629.505</ele><time>2026-09-19T15:17:37Z</time><speed>1.670</speed><sat>24</sat></trkpt>
  <trkpt lat="37.18494228" lon="38.79989415"><ele>629.762</ele><time>2026-09-19T15:17:38Z</time><speed>2.030</speed><sat>25</sat></trkpt>
  <trkpt lat="37.18492278" lon="38.79990187"><ele>629.558</ele><time>2026-09-19T15:17:39Z</time><speed>2.360</speed><sat>24</sat></trkpt>
  <trkpt lat="37.18490769" lon="38.79990579"><ele>629.410</ele><time>2026-09-19T15:17:40Z</time><speed>1.370</speed><sat>24</sat></trkpt>
  <trkpt lat="37.18489540" lon="38.79991130"><ele>629.745</ele><time>2026-09-19T15:17:41Z</time><speed>1.550</speed><sat>25</sat></trkpt>
  <trkpt lat="37.18488342" lon="38.79991654"><ele>631.020</ele><time>2026-09-19T15:17:42Z</time><speed>1.510</speed><sat>25</sat></trkpt>
  <trkpt lat="37.18487651" lon="38.79992112"><ele>631.124</ele><time>2026-09-19T15:17:43Z</time><speed>0.710</speed><sat>25</sat></trkpt>
  <trkpt lat="37.18486794" lon="38.79992755"><ele>631.609</ele><time>2026-09-19T15:17:44Z</time><speed>1.520</speed><sat>25</sat></trkpt>
  <trkpt lat="37.18485543" lon="38.79993681"><ele>631.442</ele><time>2026-09-19T15:17:45Z</time><speed>1.830</speed><sat>27</sat></trkpt>
  <trkpt lat="37.18484650" lon="38.79995044"><ele>631.170</ele><time>2026-09-19T15:17:46Z</time><speed>1.290</speed><sat>27</sat></trkpt>
  <trkpt lat="37.18483959" lon="38.79996542"><ele>630.334</ele><time>2026-09-19T15:17:47Z</time><speed>1.340</speed><sat>28</sat></trkpt>
  <trkpt lat="37.18482718" lon="38.79998032"><ele>629.748</ele><time>2026-09-19T15:17:48Z</time><speed>2.020</speed><sat>28</sat></trkpt>
  <trkpt lat="37.18481360" lon="38.79999111"><ele>629.837</ele><time>2026-09-19T15:17:49Z</time><speed>1.570</speed><sat>28</sat></trkpt>
  <trkpt lat="37.18480031" lon="38.79999887"><ele>630.249</ele><time>2026-09-19T15:17:50Z</time><speed>1.590</speed><sat>28</sat></trkpt>
  <trkpt lat="37.18478682" lon="38.80000545"><ele>631.011</ele><time>2026-09-19T15:17:51Z</time><speed>1.540</speed><sat>29</sat></trkpt>
  <trkpt lat="37.18477353" lon="38.80000883"><ele>630.627</ele><time>2026-09-19T15:17:52Z</time><speed>1.580</speed><sat>29</sat></trkpt>
  <trkpt lat="37.18476425" lon="38.80001703"><ele>630.736</ele><time>2026-09-19T15:17:53Z</time><speed>1.220</speed><sat>26</sat></trkpt>
  <trkpt lat="37.18475501" lon="38.80002644"><ele>630.582</ele><time>2026-09-19T15:17:54Z</time><speed>1.500</speed><sat>26</sat></trkpt>
  <trkpt lat="37.18474567" lon="38.80004247"><ele>631.643</ele><time>2026-09-19T15:17:55Z</time><speed>1.340</speed><sat>26</sat></trkpt>
  <trkpt lat="37.18473740" lon="38.80005846"><ele>631.526</ele><time>2026-09-19T15:17:56Z</time><speed>1.360</speed><sat>26</sat></trkpt>
  <trkpt lat="37.18473041" lon="38.80007535"><ele>631.513</ele><time>2026-09-19T15:17:57Z</time><speed>1.430</speed><sat>25</sat></trkpt>
  <trkpt lat="37.18472478" lon="38.80009442"><ele>631.944</ele><time>2026-09-19T15:17:58Z</time><speed>1.530</speed><sat>24</sat></trkpt>
  <trkpt lat="37.18472197" lon="38.80012033"><ele>633.236</ele><time>2026-09-19T15:17:59Z</time><speed>1.610</speed><sat>24</sat></trkpt>
  <trkpt lat="37.18471839" lon="38.80014687"><ele>632.942</ele><time>2026-09-19T15:18:00Z</time><speed>1.790</speed><sat>26</sat></trkpt>
  <trkpt lat="37.18471167" lon="38.80016695"><ele>633.188</ele><time>2026-09-19T15:18:01Z</time><speed>1.280</speed><sat>25</sat></trkpt>
  <trkpt lat="37.18470228" lon="38.80017839"><ele>632.787</ele><time>2026-09-19T15:18:02Z</time><speed>1.350</speed><sat>24</sat></trkpt>
  <trkpt lat="37.18468649" lon="38.80018318"><ele>633.055</ele><time>2026-09-19T15:18:03Z</time><speed>1.760</speed><sat>27</sat></trkpt>
  <trkpt lat="37.18466674" lon="38.80018382"><ele>632.598</ele><time>2026-09-19T15:18:04Z</time><speed>2.060</speed><sat>28</sat></trkpt>
  <trkpt lat="37.18464552" lon="38.80018287"><ele>632.094</ele><time>2026-09-19T15:18:05Z</time><speed>2.160</speed><sat>27</sat></trkpt>
  <trkpt lat="37.18462951" lon="38.80017919"><ele>633.725</ele><time>2026-09-19T15:18:06Z</time><speed>1.560</speed><sat>27</sat></trkpt>
  <trkpt lat="37.18461880" lon="38.80017586"><ele>633.630</ele><time>2026-09-19T15:18:07Z</time><speed>1.300</speed><sat>26</sat></trkpt>
  <trkpt lat="37.18460993" lon="38.80017169"><ele>633.400</ele><time>2026-09-19T15:18:08Z</time><speed>1.250</speed><sat>26</sat></trkpt>
  <trkpt lat="37.18459735" lon="38.80016909"><ele>632.493</ele><time>2026-09-19T15:18:09Z</time><speed>1.750</speed><sat>24</sat></trkpt>
  <trkpt lat="37.18457749" lon="38.80016859"><ele>630.753</ele><time>2026-09-19T15:18:10Z</time><speed>2.210</speed><sat>25</sat></trkpt>
  <trkpt lat="37.18456501" lon="38.80016455"><ele>630.668</ele><time>2026-09-19T15:18:11Z</time><speed>1.440</speed><sat>24</sat></trkpt>
  <trkpt lat="37.18455759" lon="38.80016016"><ele>629.997</ele><time>2026-09-19T15:18:12Z</time><speed>1.380</speed><sat>24</sat></trkpt>
  <trkpt lat="37.18455660" lon="38.80015798"><ele>629.885</ele><time>2026-09-19T15:18:13Z</time><speed>0.550</speed><sat>23</sat></trkpt>
  <trkpt lat="37.18455786" lon="38.80015710"><ele>631.490</ele><time>2026-09-19T15:18:14Z</time><speed>0.320</speed><sat>23</sat></trkpt>
  <trkpt lat="37.18456149" lon="38.80016003"><ele>630.465</ele><time>2026-09-19T15:18:15Z</time><speed>0.210</speed><sat>24</sat></trkpt>
  <trkpt lat="37.18457091" lon="38.80016398"><ele>629.481</ele><time>2026-09-19T15:18:16Z</time><speed>0.000</speed><sat>25</sat></trkpt>
  <trkpt lat="37.18457599" lon="38.80016616"><ele>629.420</ele><time>2026-09-19T15:18:17Z</time><speed>0.000</speed><sat>26</sat></trkpt>
  <trkpt lat="37.18457765" lon="38.80016691"><ele>629.428</ele><time>2026-09-19T15:18:18Z</time><speed>0.000</speed><sat>28</sat></trkpt>
  <trkpt lat="37.18457884" lon="38.80016861"><ele>629.139</ele><time>2026-09-19T15:18:19Z</time><speed>0.000</speed><sat>30</sat></trkpt>
  <trkpt lat="37.18459033" lon="38.80018303"><ele>628.677</ele><time>2026-09-19T15:18:20Z</time><speed>2.710</speed><sat>29</sat></trkpt>
  <trkpt lat="37.18460680" lon="38.80020206"><ele>628.555</ele><time>2026-09-19T15:18:21Z</time><speed>2.090</speed><sat>29</sat></trkpt>
  <trkpt lat="37.18461306" lon="38.80020714"><ele>628.960</ele><time>2026-09-19T15:18:22Z</time><speed>0.490</speed><sat>29</sat></trkpt>
  <trkpt lat="37.18460908" lon="38.80020004"><ele>628.979</ele><time>2026-09-19T15:18:23Z</time><speed>0.000</speed><sat>29</sat></trkpt>
  <trkpt lat="37.18460485" lon="38.80019289"><ele>629.359</ele><time>2026-09-19T15:18:24Z</time><speed>0.000</speed><sat>30</sat></trkpt>
  <trkpt lat="37.18460266" lon="38.80018917"><ele>629.419</ele><time>2026-09-19T15:18:25Z</time><speed>0.000</speed><sat>30</sat></trkpt>
  <trkpt lat="37.18460189" lon="38.80018787"><ele>629.430</ele><time>2026-09-19T15:18:26Z</time><speed>0.000</speed><sat>30</sat></trkpt>
  <trkpt lat="37.18460110" lon="38.80018651"><ele>629.441</ele><time>2026-09-19T15:18:27Z</time><speed>0.000</speed><sat>30</sat></trkpt>
  <trkpt lat="37.18460069" lon="38.80018578"><ele>629.441</ele><time>2026-09-19T15:18:28Z</time><speed>0.000</speed><sat>31</sat></trkpt>
  <trkpt lat="37.18460044" lon="38.80018537"><ele>629.451</ele><time>2026-09-19T15:18:29Z</time><speed>0.000</speed><sat>31</sat></trkpt>
  <trkpt lat="37.18460031" lon="38.80018516"><ele>629.451</ele><time>2026-09-19T15:18:30Z</time><speed>0.000</speed><sat>31</sat></trkpt>
  <trkpt lat="37.18460022" lon="38.80018502"><ele>629.462</ele><time>2026-09-19T15:18:31Z</time><speed>0.000</speed><sat>31</sat></trkpt>
  <trkpt lat="37.18460012" lon="38.80018487"><ele>629.478</ele><time>2026-09-19T15:18:32Z</time><speed>0.000</speed><sat>30</sat></trkpt>
  <trkpt lat="37.18460003" lon="38.80018476"><ele>629.490</ele><time>2026-09-19T15:18:33Z</time><speed>0.000</speed><sat>28</sat></trkpt>
  <trkpt lat="37.18459996" lon="38.80018467"><ele>629.492</ele><time>2026-09-19T15:18:34Z</time><speed>0.000</speed><sat>28</sat></trkpt>
  <trkpt lat="37.18459991" lon="38.80018458"><ele>629.508</ele><time>2026-09-19T15:18:35Z</time><speed>0.000</speed><sat>28</sat></trkpt>
  <trkpt lat="37.18459985" lon="38.80018445"><ele>629.518</ele><time>2026-09-19T15:18:36Z</time><speed>0.000</speed><sat>28</sat></trkpt>
  <trkpt lat="37.18459886" lon="38.80018268"><ele>629.079</ele><time>2026-09-19T15:18:37Z</time><speed>0.000</speed><sat>30</sat></trkpt>
  <trkpt lat="37.18459809" lon="38.80017966"><ele>628.425</ele><time>2026-09-19T15:18:38Z</time><speed>0.000</speed><sat>30</sat></trkpt>
  <trkpt lat="37.18459803" lon="38.80017857"><ele>628.221</ele><time>2026-09-19T15:18:39Z</time><speed>0.000</speed><sat>30</sat></trkpt>
  <trkpt lat="37.18459801" lon="38.80017798"><ele>628.237</ele><time>2026-09-19T15:18:40Z</time><speed>0.000</speed><sat>30</sat></trkpt>
  <trkpt lat="37.18459797" lon="38.80017764"><ele>628.252</ele><time>2026-09-19T15:18:41Z</time><speed>0.000</speed><sat>31</sat></trkpt>
  <trkpt lat="37.18459792" lon="38.80017741"><ele>628.263</ele><time>2026-09-19T15:18:42Z</time><speed>0.000</speed><sat>29</sat></trkpt>
  <trkpt lat="37.18459787" lon="38.80017722"><ele>628.276</ele><time>2026-09-19T15:18:43Z</time><speed>0.000</speed><sat>23</sat></trkpt>
  <trkpt lat="37.18459782" lon="38.80017708"><ele>628.287</ele><time>2026-09-19T15:18:44Z</time><speed>0.000</speed><sat>22</sat></trkpt>
  <trkpt lat="37.18459777" lon="38.80017697"><ele>628.295</ele><time>2026-09-19T15:18:45Z</time><speed>0.000</speed><sat>19</sat></trkpt>
  <trkpt lat="37.18459771" lon="38.80017687"><ele>628.304</ele><time>2026-09-19T15:18:46Z</time><speed>0.000</speed><sat>17</sat></trkpt>
  <trkpt lat="37.18459766" lon="38.80017677"><ele>628.313</ele><time>2026-09-19T15:18:47Z</time><speed>0.000</speed><sat>17</sat></trkpt>
  <trkpt lat="37.18459760" lon="38.80017664"><ele>628.322</ele><time>2026-09-19T15:18:48Z</time><speed>0.000</speed><sat>17</sat></trkpt>
  <trkpt lat="37.18459756" lon="38.80017654"><ele>628.332</ele><time>2026-09-19T15:18:49Z</time><speed>0.000</speed><sat>17</sat></trkpt>
  <trkpt lat="37.18459973" lon="38.80017640"><ele>628.308</ele><time>2026-09-19T15:18:50Z</time><speed>0.220</speed><sat>19</sat></trkpt>
  <trkpt lat="37.18460336" lon="38.80017751"><ele>628.256</ele><time>2026-09-19T15:18:51Z</time><speed>0.520</speed><sat>19</sat></trkpt>
  <trkpt lat="37.18460722" lon="38.80017895"><ele>628.408</ele><time>2026-09-19T15:18:52Z</time><speed>0.440</speed><sat>19</sat></trkpt>
  <trkpt lat="37.18460654" lon="38.80018319"><ele>628.446</ele><time>2026-09-19T15:18:53Z</time><speed>0.620</speed><sat>20</sat></trkpt>
  <trkpt lat="37.18460002" lon="38.80019224"><ele>628.110</ele><time>2026-09-19T15:18:54Z</time><speed>1.350</speed><sat>20</sat></trkpt>
  <trkpt lat="37.18458672" lon="38.80020911"><ele>628.173</ele><time>2026-09-19T15:18:55Z</time><speed>2.110</speed><sat>20</sat></trkpt>
  <trkpt lat="37.18456993" lon="38.80021830"><ele>628.171</ele><time>2026-09-19T15:18:56Z</time><speed>1.650</speed><sat>19</sat></trkpt>
  <trkpt lat="37.18455055" lon="38.80022205"><ele>626.839</ele><time>2026-09-19T15:18:57Z</time><speed>1.940</speed><sat>18</sat></trkpt>
  <trkpt lat="37.18453010" lon="38.80021911"><ele>626.298</ele><time>2026-09-19T15:18:58Z</time><speed>1.960</speed><sat>18</sat></trkpt>
  <trkpt lat="37.18450915" lon="38.80020873"><ele>626.297</ele><time>2026-09-19T15:18:59Z</time><speed>1.910</speed><sat>18</sat></trkpt>
  <trkpt lat="37.18449255" lon="38.80020035"><ele>626.773</ele><time>2026-09-19T15:19:00Z</time><speed>1.470</speed><sat>18</sat></trkpt>
  <trkpt lat="37.18447166" lon="38.80019620"><ele>625.832</ele><time>2026-09-19T15:19:01Z</time><speed>2.250</speed><sat>16</sat></trkpt>
  <trkpt lat="37.18445371" lon="38.80019243"><ele>626.256</ele><time>2026-09-19T15:19:02Z</time><speed>1.190</speed><sat>17</sat></trkpt>
  <trkpt lat="37.18443824" lon="38.80019008"><ele>626.577</ele><time>2026-09-19T15:19:03Z</time><speed>1.530</speed><sat>17</sat></trkpt>
  <trkpt lat="37.18442069" lon="38.80018849"><ele>626.632</ele><time>2026-09-19T15:19:04Z</time><speed>1.700</speed><sat>18</sat></trkpt>
  <trkpt lat="37.18440594" lon="38.80018955"><ele>626.236</ele><time>2026-09-19T15:19:05Z</time><speed>0.990</speed><sat>20</sat></trkpt>
  <trkpt lat="37.18439477" lon="38.80019188"><ele>625.827</ele><time>2026-09-19T15:19:06Z</time><speed>0.700</speed><sat>20</sat></trkpt>
  <trkpt lat="37.18437898" lon="38.80019596"><ele>625.682</ele><time>2026-09-19T15:19:07Z</time><speed>1.630</speed><sat>22</sat></trkpt>
  <trkpt lat="37.18435960" lon="38.80020293"><ele>624.836</ele><time>2026-09-19T15:19:08Z</time><speed>1.890</speed><sat>22</sat></trkpt>
  <trkpt lat="37.18434435" lon="38.80021135"><ele>623.606</ele><time>2026-09-19T15:19:09Z</time><speed>1.400</speed><sat>22</sat></trkpt>
  <trkpt lat="37.18432884" lon="38.80022198"><ele>623.462</ele><time>2026-09-19T15:19:10Z</time><speed>1.800</speed><sat>21</sat></trkpt>
  <trkpt lat="37.18431478" lon="38.80023538"><ele>622.633</ele><time>2026-09-19T15:19:11Z</time><speed>1.390</speed><sat>22</sat></trkpt>
  <trkpt lat="37.18430335" lon="38.80024322"><ele>623.342</ele><time>2026-09-19T15:19:12Z</time><speed>0.950</speed><sat>22</sat></trkpt>
  <trkpt lat="37.18429147" lon="38.80024949"><ele>624.337</ele><time>2026-09-19T15:19:13Z</time><speed>1.290</speed><sat>22</sat></trkpt>
  <trkpt lat="37.18427865" lon="38.80025159"><ele>624.882</ele><time>2026-09-19T15:19:14Z</time><speed>1.170</speed><sat>22</sat></trkpt>
  <trkpt lat="37.18426227" lon="38.80025192"><ele>625.374</ele><time>2026-09-19T15:19:15Z</time><speed>1.760</speed><sat>22</sat></trkpt>
  <trkpt lat="37.18424284" lon="38.80025284"><ele>626.253</ele><time>2026-09-19T15:19:16Z</time><speed>1.840</speed><sat>23</sat></trkpt>
  <trkpt lat="37.18422376" lon="38.80025609"><ele>625.742</ele><time>2026-09-19T15:19:17Z</time><speed>1.920</speed><sat>23</sat></trkpt>
  <trkpt lat="37.18420831" lon="38.80025823"><ele>625.717</ele><time>2026-09-19T15:19:18Z</time><speed>1.280</speed><sat>22</sat></trkpt>
  <trkpt lat="37.18419524" lon="38.80025990"><ele>625.354</ele><time>2026-09-19T15:19:19Z</time><speed>1.300</speed><sat>22</sat></trkpt>
  <trkpt lat="37.18418178" lon="38.80025939"><ele>625.045</ele><time>2026-09-19T15:19:20Z</time><speed>1.360</speed><sat>21</sat></trkpt>
  <trkpt lat="37.18416949" lon="38.80025969"><ele>625.899</ele><time>2026-09-19T15:19:21Z</time><speed>1.050</speed><sat>20</sat></trkpt>
  <trkpt lat="37.18415556" lon="38.80026068"><ele>625.826</ele><time>2026-09-19T15:19:22Z</time><speed>1.470</speed><sat>19</sat></trkpt>
  <trkpt lat="37.18413789" lon="38.80026392"><ele>625.588</ele><time>2026-09-19T15:19:23Z</time><speed>1.700</speed><sat>20</sat></trkpt>
  <trkpt lat="37.18412157" lon="38.80026885"><ele>626.274</ele><time>2026-09-19T15:19:24Z</time><speed>1.370</speed><sat>19</sat></trkpt>
  <trkpt lat="37.18410634" lon="38.80027357"><ele>626.633</ele><time>2026-09-19T15:19:25Z</time><speed>1.370</speed><sat>19</sat></trkpt>
  <trkpt lat="37.18409132" lon="38.80027686"><ele>628.047</ele><time>2026-09-19T15:19:26Z</time><speed>1.330</speed><sat>18</sat></trkpt>
  <trkpt lat="37.18407432" lon="38.80028131"><ele>627.140</ele><time>2026-09-19T15:19:27Z</time><speed>1.770</speed><sat>18</sat></trkpt>
  <trkpt lat="37.18405576" lon="38.80028790"><ele>627.263</ele><time>2026-09-19T15:19:28Z</time><speed>2.010</speed><sat>20</sat></trkpt>
  <trkpt lat="37.18404080" lon="38.80029623"><ele>628.127</ele><time>2026-09-19T15:19:29Z</time><speed>1.510</speed><sat>20</sat></trkpt>
  <trkpt lat="37.18403005" lon="38.80030502"><ele>629.082</ele><time>2026-09-19T15:19:30Z</time><speed>1.330</speed><sat>21</sat></trkpt>
  <trkpt lat="37.18401870" lon="38.80031418"><ele>628.949</ele><time>2026-09-19T15:19:31Z</time><speed>1.390</speed><sat>21</sat></trkpt>
  <trkpt lat="37.18400593" lon="38.80032304"><ele>628.315</ele><time>2026-09-19T15:19:32Z</time><speed>1.580</speed><sat>22</sat></trkpt>
  <trkpt lat="37.18399263" lon="38.80033120"><ele>628.375</ele><time>2026-09-19T15:19:33Z</time><speed>1.460</speed><sat>23</sat></trkpt>
  <trkpt lat="37.18397725" lon="38.80033746"><ele>628.176</ele><time>2026-09-19T15:19:34Z</time><speed>1.520</speed><sat>23</sat></trkpt>
  <trkpt lat="37.18396313" lon="38.80034315"><ele>628.511</ele><time>2026-09-19T15:19:35Z</time><speed>1.300</speed><sat>23</sat></trkpt>
  <trkpt lat="37.18394850" lon="38.80035049"><ele>627.713</ele><time>2026-09-19T15:19:36Z</time><speed>1.610</speed><sat>23</sat></trkpt>
  <trkpt lat="37.18393339" lon="38.80036170"><ele>627.311</ele><time>2026-09-19T15:19:37Z</time><speed>1.710</speed><sat>23</sat></trkpt>
  <trkpt lat="37.18391824" lon="38.80037251"><ele>626.656</ele><time>2026-09-19T15:19:38Z</time><speed>1.710</speed><sat>23</sat></trkpt>
  <trkpt lat="37.18390111" lon="38.80038245"><ele>625.751</ele><time>2026-09-19T15:19:39Z</time><speed>2.000</speed><sat>22</sat></trkpt>
  <trkpt lat="37.18388298" lon="38.80039005"><ele>625.124</ele><time>2026-09-19T15:19:40Z</time><speed>2.000</speed><sat>22</sat></trkpt>
  <trkpt lat="37.18386504" lon="38.80039381"><ele>625.120</ele><time>2026-09-19T15:19:41Z</time><speed>1.890</speed><sat>24</sat></trkpt>
  <trkpt lat="37.18384716" lon="38.80039638"><ele>624.907</ele><time>2026-09-19T15:19:42Z</time><speed>1.910</speed><sat>24</sat></trkpt>
  <trkpt lat="37.18383023" lon="38.80039868"><ele>625.020</ele><time>2026-09-19T15:19:43Z</time><speed>1.870</speed><sat>27</sat></trkpt>
  <trkpt lat="37.18381448" lon="38.80039912"><ele>625.536</ele><time>2026-09-19T15:19:44Z</time><speed>1.810</speed><sat>28</sat></trkpt>
  <trkpt lat="37.18380274" lon="38.80040176"><ele>625.544</ele><time>2026-09-19T15:19:45Z</time><speed>1.270</speed><sat>28</sat></trkpt>
  <trkpt lat="37.18379132" lon="38.80040514"><ele>625.250</ele><time>2026-09-19T15:19:46Z</time><speed>1.600</speed><sat>28</sat></trkpt>
  <trkpt lat="37.18377526" lon="38.80040798"><ele>624.836</ele><time>2026-09-19T15:19:47Z</time><speed>1.980</speed><sat>26</sat></trkpt>
  <trkpt lat="37.18375611" lon="38.80040899"><ele>624.320</ele><time>2026-09-19T15:19:48Z</time><speed>2.170</speed><sat>25</sat></trkpt>
  <trkpt lat="37.18373737" lon="38.80040980"><ele>624.065</ele><time>2026-09-19T15:19:49Z</time><speed>2.000</speed><sat>22</sat></trkpt>
  <trkpt lat="37.18372124" lon="38.80041190"><ele>624.414</ele><time>2026-09-19T15:19:50Z</time><speed>1.790</speed><sat>21</sat></trkpt>
  <trkpt lat="37.18370743" lon="38.80041483"><ele>623.722</ele><time>2026-09-19T15:19:51Z</time><speed>1.610</speed><sat>20</sat></trkpt>
  <trkpt lat="37.18369652" lon="38.80041752"><ele>622.881</ele><time>2026-09-19T15:19:52Z</time><speed>1.190</speed><sat>21</sat></trkpt>
  <trkpt lat="37.18368470" lon="38.80041946"><ele>622.760</ele><time>2026-09-19T15:19:53Z</time><speed>1.500</speed><sat>19</sat></trkpt>
  <trkpt lat="37.18367280" lon="38.80041965"><ele>622.904</ele><time>2026-09-19T15:19:54Z</time><speed>1.260</speed><sat>18</sat></trkpt>
  <trkpt lat="37.18366195" lon="38.80041976"><ele>622.861</ele><time>2026-09-19T15:19:55Z</time><speed>1.180</speed><sat>19</sat></trkpt>
  <trkpt lat="37.18365109" lon="38.80042051"><ele>622.357</ele><time>2026-09-19T15:19:56Z</time><speed>1.220</speed><sat>19</sat></trkpt>
  <trkpt lat="37.18364060" lon="38.80042174"><ele>622.198</ele><time>2026-09-19T15:19:57Z</time><speed>1.060</speed><sat>18</sat></trkpt>
  <trkpt lat="37.18362771" lon="38.80042410"><ele>622.667</ele><time>2026-09-19T15:19:58Z</time><speed>1.530</speed><sat>17</sat></trkpt>
  <trkpt lat="37.18361526" lon="38.80042736"><ele>622.938</ele><time>2026-09-19T15:19:59Z</time><speed>1.330</speed><sat>17</sat></trkpt>
  <trkpt lat="37.18360251" lon="38.80043171"><ele>622.903</ele><time>2026-09-19T15:20:00Z</time><speed>1.560</speed><sat>17</sat></trkpt>
  <trkpt lat="37.18358807" lon="38.80043700"><ele>622.233</ele><time>2026-09-19T15:20:01Z</time><speed>1.530</speed><sat>16</sat></trkpt>
  <trkpt lat="37.18357298" lon="38.80044152"><ele>622.264</ele><time>2026-09-19T15:20:02Z</time><speed>1.740</speed><sat>15</sat></trkpt>
  <trkpt lat="37.18355332" lon="38.80044855"><ele>620.187</ele><time>2026-09-19T15:20:03Z</time><speed>2.000</speed><sat>16</sat></trkpt>
  <trkpt lat="37.18353152" lon="38.80045679"><ele>618.658</ele><time>2026-09-19T15:20:04Z</time><speed>2.110</speed><sat>15</sat></trkpt>
  <trkpt lat="37.18351223" lon="38.80046485"><ele>618.598</ele><time>2026-09-19T15:20:05Z</time><speed>1.570</speed><sat>15</sat></trkpt>
  <trkpt lat="37.18349614" lon="38.80047184"><ele>618.224</ele><time>2026-09-19T15:20:06Z</time><speed>1.610</speed><sat>15</sat></trkpt>
  <trkpt lat="37.18348209" lon="38.80047763"><ele>618.469</ele><time>2026-09-19T15:20:07Z</time><speed>1.540</speed><sat>15</sat></trkpt>
  <trkpt lat="37.18346746" lon="38.80048186"><ele>618.022</ele><time>2026-09-19T15:20:08Z</time><speed>1.570</speed><sat>15</sat></trkpt>
  <trkpt lat="37.18345294" lon="38.80048314"><ele>616.597</ele><time>2026-09-19T15:20:09Z</time><speed>1.580</speed><sat>15</sat></trkpt>
  <trkpt lat="37.18344183" lon="38.80048374"><ele>616.768</ele><time>2026-09-19T15:20:10Z</time><speed>1.200</speed><sat>14</sat></trkpt>
  <trkpt lat="37.18342879" lon="38.80048469"><ele>617.634</ele><time>2026-09-19T15:20:11Z</time><speed>1.640</speed><sat>15</sat></trkpt>
  <trkpt lat="37.18341466" lon="38.80048557"><ele>617.974</ele><time>2026-09-19T15:20:12Z</time><speed>1.670</speed><sat>15</sat></trkpt>
  <trkpt lat="37.18340126" lon="38.80048400"><ele>618.004</ele><time>2026-09-19T15:20:13Z</time><speed>1.660</speed><sat>15</sat></trkpt>
  <trkpt lat="37.18338817" lon="38.80048041"><ele>618.296</ele><time>2026-09-19T15:20:14Z</time><speed>1.630</speed><sat>15</sat></trkpt>
  <trkpt lat="37.18336987" lon="38.80047476"><ele>618.524</ele><time>2026-09-19T15:20:15Z</time><speed>2.320</speed><sat>14</sat></trkpt>
  <trkpt lat="37.18335557" lon="38.80046913"><ele>619.399</ele><time>2026-09-19T15:20:16Z</time><speed>1.450</speed><sat>17</sat></trkpt>
  <trkpt lat="37.18334229" lon="38.80046558"><ele>620.090</ele><time>2026-09-19T15:20:17Z</time><speed>1.700</speed><sat>16</sat></trkpt>
  <trkpt lat="37.18333003" lon="38.80046567"><ele>620.291</ele><time>2026-09-19T15:20:18Z</time><speed>1.320</speed><sat>16</sat></trkpt>
  <trkpt lat="37.18331965" lon="38.80046900"><ele>620.959</ele><time>2026-09-19T15:20:19Z</time><speed>1.240</speed><sat>16</sat></trkpt>
  <trkpt lat="37.18330663" lon="38.80047334"><ele>620.937</ele><time>2026-09-19T15:20:20Z</time><speed>1.430</speed><sat>16</sat></trkpt>
  <trkpt lat="37.18329292" lon="38.80047456"><ele>621.464</ele><time>2026-09-19T15:20:21Z</time><speed>1.550</speed><sat>15</sat></trkpt>
  <trkpt lat="37.18327871" lon="38.80047673"><ele>621.250</ele><time>2026-09-19T15:20:22Z</time><speed>1.420</speed><sat>13</sat></trkpt>
  <trkpt lat="37.18326193" lon="38.80047642"><ele>621.257</ele><time>2026-09-19T15:20:23Z</time><speed>1.890</speed><sat>13</sat></trkpt>
  <trkpt lat="37.18324257" lon="38.80047527"><ele>620.939</ele><time>2026-09-19T15:20:24Z</time><speed>1.940</speed><sat>13</sat></trkpt>
  <trkpt lat="37.18322314" lon="38.80047459"><ele>621.171</ele><time>2026-09-19T15:20:25Z</time><speed>2.020</speed><sat>13</sat></trkpt>
  <trkpt lat="37.18320689" lon="38.80047525"><ele>620.225</ele><time>2026-09-19T15:20:26Z</time><speed>1.460</speed><sat>15</sat></trkpt>
  <trkpt lat="37.18319423" lon="38.80047791"><ele>619.326</ele><time>2026-09-19T15:20:27Z</time><speed>0.730</speed><sat>16</sat></trkpt>
  <trkpt lat="37.18318253" lon="38.80048136"><ele>619.321</ele><time>2026-09-19T15:20:28Z</time><speed>1.180</speed><sat>15</sat></trkpt>
  <trkpt lat="37.18317407" lon="38.80048462"><ele>620.276</ele><time>2026-09-19T15:20:29Z</time><speed>0.640</speed><sat>16</sat></trkpt>
  <trkpt lat="37.18316685" lon="38.80048492"><ele>621.233</ele><time>2026-09-19T15:20:30Z</time><speed>1.070</speed><sat>16</sat></trkpt>
  <trkpt lat="37.18315528" lon="38.80048529"><ele>620.315</ele><time>2026-09-19T15:20:31Z</time><speed>1.360</speed><sat>17</sat></trkpt>
  <trkpt lat="37.18313921" lon="38.80048257"><ele>620.519</ele><time>2026-09-19T15:20:32Z</time><speed>1.780</speed><sat>17</sat></trkpt>
  <trkpt lat="37.18312263" lon="38.80048032"><ele>620.121</ele><time>2026-09-19T15:20:33Z</time><speed>1.640</speed><sat>18</sat></trkpt>
  <trkpt lat="37.18310565" lon="38.80047778"><ele>618.948</ele><time>2026-09-19T15:20:34Z</time><speed>1.490</speed><sat>19</sat></trkpt>
  <trkpt lat="37.18308893" lon="38.80047482"><ele>618.645</ele><time>2026-09-19T15:20:35Z</time><speed>1.560</speed><sat>17</sat></trkpt>
  <trkpt lat="37.18307368" lon="38.80047280"><ele>619.690</ele><time>2026-09-19T15:20:36Z</time><speed>1.370</speed><sat>17</sat></trkpt>
  <trkpt lat="37.18305952" lon="38.80047191"><ele>620.031</ele><time>2026-09-19T15:20:37Z</time><speed>1.410</speed><sat>18</sat></trkpt>
  <trkpt lat="37.18304659" lon="38.80047323"><ele>619.331</ele><time>2026-09-19T15:20:38Z</time><speed>1.150</speed><sat>18</sat></trkpt>
  <trkpt lat="37.18303274" lon="38.80047669"><ele>618.275</ele><time>2026-09-19T15:20:39Z</time><speed>1.410</speed><sat>18</sat></trkpt>
  <trkpt lat="37.18301633" lon="38.80047825"><ele>617.428</ele><time>2026-09-19T15:20:40Z</time><speed>1.580</speed><sat>18</sat></trkpt>
  <trkpt lat="37.18299800" lon="38.80047731"><ele>617.280</ele><time>2026-09-19T15:20:41Z</time><speed>1.770</speed><sat>18</sat></trkpt>
  <trkpt lat="37.18297970" lon="38.80047056"><ele>616.974</ele><time>2026-09-19T15:20:42Z</time><speed>1.670</speed><sat>20</sat></trkpt>
  <trkpt lat="37.18296089" lon="38.80046211"><ele>616.893</ele><time>2026-09-19T15:20:43Z</time><speed>2.000</speed><sat>21</sat></trkpt>
  <trkpt lat="37.18294191" lon="38.80045294"><ele>616.382</ele><time>2026-09-19T15:20:44Z</time><speed>1.940</speed><sat>21</sat></trkpt>
  <trkpt lat="37.18292634" lon="38.80044670"><ele>616.332</ele><time>2026-09-19T15:20:45Z</time><speed>1.550</speed><sat>23</sat></trkpt>
  <trkpt lat="37.18291238" lon="38.80044258"><ele>617.302</ele><time>2026-09-19T15:20:46Z</time><speed>1.830</speed><sat>26</sat></trkpt>
  <trkpt lat="37.18290074" lon="38.80044001"><ele>617.888</ele><time>2026-09-19T15:20:47Z</time><speed>1.220</speed><sat>28</sat></trkpt>
  <trkpt lat="37.18288877" lon="38.80043627"><ele>617.731</ele><time>2026-09-19T15:20:48Z</time><speed>1.630</speed><sat>28</sat></trkpt>
  <trkpt lat="37.18287419" lon="38.80043139"><ele>617.507</ele><time>2026-09-19T15:20:49Z</time><speed>1.690</speed><sat>27</sat></trkpt>
  <trkpt lat="37.18286013" lon="38.80042973"><ele>618.339</ele><time>2026-09-19T15:20:50Z</time><speed>1.560</speed><sat>27</sat></trkpt>
  <trkpt lat="37.18285007" lon="38.80043063"><ele>619.311</ele><time>2026-09-19T15:20:51Z</time><speed>0.640</speed><sat>27</sat></trkpt>
  <trkpt lat="37.18284131" lon="38.80043362"><ele>619.808</ele><time>2026-09-19T15:20:52Z</time><speed>1.160</speed><sat>27</sat></trkpt>
  <trkpt lat="37.18282978" lon="38.80043580"><ele>620.168</ele><time>2026-09-19T15:20:53Z</time><speed>1.390</speed><sat>25</sat></trkpt>
  <trkpt lat="37.18281408" lon="38.80043319"><ele>620.209</ele><time>2026-09-19T15:20:54Z</time><speed>1.890</speed><sat>25</sat></trkpt>
  <trkpt lat="37.18279904" lon="38.80042659"><ele>620.196</ele><time>2026-09-19T15:20:55Z</time><speed>1.740</speed><sat>23</sat></trkpt>
  <trkpt lat="37.18278267" lon="38.80041984"><ele>620.113</ele><time>2026-09-19T15:20:56Z</time><speed>1.980</speed><sat>20</sat></trkpt>
  <trkpt lat="37.18276490" lon="38.80041478"><ele>619.937</ele><time>2026-09-19T15:20:57Z</time><speed>1.890</speed><sat>19</sat></trkpt>
  <trkpt lat="37.18274963" lon="38.80041426"><ele>619.159</ele><time>2026-09-19T15:20:58Z</time><speed>1.240</speed><sat>20</sat></trkpt>
  <trkpt lat="37.18273688" lon="38.80041317"><ele>618.530</ele><time>2026-09-19T15:20:59Z</time><speed>1.290</speed><sat>22</sat></trkpt>
  <trkpt lat="37.18272071" lon="38.80041250"><ele>618.453</ele><time>2026-09-19T15:21:00Z</time><speed>1.820</speed><sat>22</sat></trkpt>
  <trkpt lat="37.18270345" lon="38.80040881"><ele>618.333</ele><time>2026-09-19T15:21:01Z</time><speed>1.790</speed><sat>22</sat></trkpt>
  <trkpt lat="37.18268561" lon="38.80040404"><ele>616.343</ele><time>2026-09-19T15:21:02Z</time><speed>1.770</speed><sat>22</sat></trkpt>
  <trkpt lat="37.18266695" lon="38.80039815"><ele>616.978</ele><time>2026-09-19T15:21:03Z</time><speed>2.020</speed><sat>22</sat></trkpt>
  <trkpt lat="37.18264589" lon="38.80039048"><ele>617.809</ele><time>2026-09-19T15:21:04Z</time><speed>2.130</speed><sat>21</sat></trkpt>
  <trkpt lat="37.18262303" lon="38.80038406"><ele>618.689</ele><time>2026-09-19T15:21:05Z</time><speed>2.560</speed><sat>22</sat></trkpt>
  <trkpt lat="37.18260062" lon="38.80037674"><ele>618.208</ele><time>2026-09-19T15:21:06Z</time><speed>2.360</speed><sat>23</sat></trkpt>
  <trkpt lat="37.18258346" lon="38.80037308"><ele>617.513</ele><time>2026-09-19T15:21:07Z</time><speed>1.630</speed><sat>25</sat></trkpt>
  <trkpt lat="37.18256954" lon="38.80037290"><ele>617.498</ele><time>2026-09-19T15:21:08Z</time><speed>1.660</speed><sat>28</sat></trkpt>
  <trkpt lat="37.18255503" lon="38.80037485"><ele>617.057</ele><time>2026-09-19T15:21:09Z</time><speed>1.800</speed><sat>28</sat></trkpt>
  <trkpt lat="37.18254170" lon="38.80037711"><ele>616.670</ele><time>2026-09-19T15:21:10Z</time><speed>1.300</speed><sat>28</sat></trkpt>
  <trkpt lat="37.18253015" lon="38.80037753"><ele>616.876</ele><time>2026-09-19T15:21:11Z</time><speed>1.300</speed><sat>28</sat></trkpt>
  <trkpt lat="37.18251700" lon="38.80037171"><ele>616.925</ele><time>2026-09-19T15:21:12Z</time><speed>1.830</speed><sat>28</sat></trkpt>
  <trkpt lat="37.18250511" lon="38.80036609"><ele>616.871</ele><time>2026-09-19T15:21:13Z</time><speed>1.440</speed><sat>27</sat></trkpt>
  <trkpt lat="37.18249305" lon="38.80036414"><ele>616.298</ele><time>2026-09-19T15:21:14Z</time><speed>1.610</speed><sat>26</sat></trkpt>
  <trkpt lat="37.18247856" lon="38.80036380"><ele>616.203</ele><time>2026-09-19T15:21:15Z</time><speed>1.730</speed><sat>26</sat></trkpt>
  <trkpt lat="37.18246474" lon="38.80036419"><ele>616.388</ele><time>2026-09-19T15:21:16Z</time><speed>1.550</speed><sat>26</sat></trkpt>
  <trkpt lat="37.18245010" lon="38.80036144"><ele>615.845</ele><time>2026-09-19T15:21:17Z</time><speed>1.720</speed><sat>26</sat></trkpt>
  <trkpt lat="37.18243658" lon="38.80035685"><ele>615.996</ele><time>2026-09-19T15:21:18Z</time><speed>1.720</speed><sat>26</sat></trkpt>
  <trkpt lat="37.18242486" lon="38.80035416"><ele>615.611</ele><time>2026-09-19T15:21:19Z</time><speed>1.450</speed><sat>27</sat></trkpt>
  <trkpt lat="37.18241138" lon="38.80034875"><ele>615.124</ele><time>2026-09-19T15:21:20Z</time><speed>1.850</speed><sat>27</sat></trkpt>
  <trkpt lat="37.18239681" lon="38.80034259"><ele>615.078</ele><time>2026-09-19T15:21:21Z</time><speed>1.530</speed><sat>26</sat></trkpt>
  <trkpt lat="37.18238423" lon="38.80033893"><ele>615.457</ele><time>2026-09-19T15:21:22Z</time><speed>1.440</speed><sat>27</sat></trkpt>
  <trkpt lat="37.18237366" lon="38.80033656"><ele>615.629</ele><time>2026-09-19T15:21:23Z</time><speed>1.310</speed><sat>28</sat></trkpt>
  <trkpt lat="37.18236296" lon="38.80033544"><ele>615.550</ele><time>2026-09-19T15:21:24Z</time><speed>1.330</speed><sat>28</sat></trkpt>
  <trkpt lat="37.18235211" lon="38.80033446"><ele>615.478</ele><time>2026-09-19T15:21:25Z</time><speed>1.340</speed><sat>25</sat></trkpt>
  <trkpt lat="37.18234062" lon="38.80033252"><ele>615.279</ele><time>2026-09-19T15:21:26Z</time><speed>1.390</speed><sat>24</sat></trkpt>
  <trkpt lat="37.18232757" lon="38.80032977"><ele>614.828</ele><time>2026-09-19T15:21:27Z</time><speed>1.390</speed><sat>24</sat></trkpt>
  <trkpt lat="37.18231356" lon="38.80032877"><ele>614.555</ele><time>2026-09-19T15:21:28Z</time><speed>1.510</speed><sat>23</sat></trkpt>
  <trkpt lat="37.18229816" lon="38.80032910"><ele>614.147</ele><time>2026-09-19T15:21:29Z</time><speed>1.420</speed><sat>22</sat></trkpt>
  <trkpt lat="37.18228325" lon="38.80033329"><ele>613.813</ele><time>2026-09-19T15:21:30Z</time><speed>1.400</speed><sat>23</sat></trkpt>
  <trkpt lat="37.18226536" lon="38.80033942"><ele>613.764</ele><time>2026-09-19T15:21:31Z</time><speed>1.950</speed><sat>25</sat></trkpt>
  <trkpt lat="37.18224511" lon="38.80034643"><ele>613.807</ele><time>2026-09-19T15:21:32Z</time><speed>2.000</speed><sat>23</sat></trkpt>
  <trkpt lat="37.18222385" lon="38.80034447"><ele>613.374</ele><time>2026-09-19T15:21:33Z</time><speed>2.260</speed><sat>21</sat></trkpt>
  <trkpt lat="37.18220139" lon="38.80033595"><ele>613.204</ele><time>2026-09-19T15:21:34Z</time><speed>2.490</speed><sat>23</sat></trkpt>
  <trkpt lat="37.18218481" lon="38.80032917"><ele>613.499</ele><time>2026-09-19T15:21:35Z</time><speed>1.460</speed><sat>23</sat></trkpt>
  <trkpt lat="37.18217363" lon="38.80032243"><ele>613.780</ele><time>2026-09-19T15:21:36Z</time><speed>1.120</speed><sat>25</sat></trkpt>
  <trkpt lat="37.18216396" lon="38.80032119"><ele>613.731</ele><time>2026-09-19T15:21:37Z</time><speed>1.130</speed><sat>25</sat></trkpt>
  <trkpt lat="37.18214964" lon="38.80031903"><ele>614.156</ele><time>2026-09-19T15:21:38Z</time><speed>1.710</speed><sat>25</sat></trkpt>
  <trkpt lat="37.18213210" lon="38.80031596"><ele>614.275</ele><time>2026-09-19T15:21:39Z</time><speed>1.880</speed><sat>29</sat></trkpt>
  <trkpt lat="37.18211360" lon="38.80031202"><ele>614.196</ele><time>2026-09-19T15:21:40Z</time><speed>1.950</speed><sat>26</sat></trkpt>
  <trkpt lat="37.18209720" lon="38.80030731"><ele>614.462</ele><time>2026-09-19T15:21:41Z</time><speed>1.780</speed><sat>27</sat></trkpt>
  <trkpt lat="37.18208190" lon="38.80030319"><ele>614.481</ele><time>2026-09-19T15:21:42Z</time><speed>1.700</speed><sat>27</sat></trkpt>
  <trkpt lat="37.18206427" lon="38.80030041"><ele>614.249</ele><time>2026-09-19T15:21:43Z</time><speed>1.940</speed><sat>25</sat></trkpt>
  <trkpt lat="37.18204471" lon="38.80029278"><ele>614.451</ele><time>2026-09-19T15:21:44Z</time><speed>2.090</speed><sat>25</sat></trkpt>
  <trkpt lat="37.18203108" lon="38.80028651"><ele>614.868</ele><time>2026-09-19T15:21:45Z</time><speed>0.990</speed><sat>22</sat></trkpt>
  <trkpt lat="37.18201885" lon="38.80027562"><ele>614.875</ele><time>2026-09-19T15:21:46Z</time><speed>1.790</speed><sat>27</sat></trkpt>
  <trkpt lat="37.18200901" lon="38.80026657"><ele>614.645</ele><time>2026-09-19T15:21:47Z</time><speed>0.260</speed><sat>27</sat></trkpt>
  <trkpt lat="37.18200010" lon="38.80025972"><ele>614.914</ele><time>2026-09-19T15:21:48Z</time><speed>0.970</speed><sat>27</sat></trkpt>
  <trkpt lat="37.18198853" lon="38.80025531"><ele>615.063</ele><time>2026-09-19T15:21:49Z</time><speed>0.950</speed><sat>26</sat></trkpt>
  <trkpt lat="37.18197490" lon="38.80025306"><ele>614.174</ele><time>2026-09-19T15:21:50Z</time><speed>1.730</speed><sat>25</sat></trkpt>
  <trkpt lat="37.18195875" lon="38.80025124"><ele>613.521</ele><time>2026-09-19T15:21:51Z</time><speed>1.610</speed><sat>26</sat></trkpt>
  <trkpt lat="37.18194432" lon="38.80025117"><ele>614.322</ele><time>2026-09-19T15:21:52Z</time><speed>1.460</speed><sat>28</sat></trkpt>
  <trkpt lat="37.18193154" lon="38.80024778"><ele>614.672</ele><time>2026-09-19T15:21:53Z</time><speed>1.290</speed><sat>29</sat></trkpt>
  <trkpt lat="37.18191792" lon="38.80024408"><ele>614.667</ele><time>2026-09-19T15:21:54Z</time><speed>1.480</speed><sat>29</sat></trkpt>
  <trkpt lat="37.18190151" lon="38.80023620"><ele>615.361</ele><time>2026-09-19T15:21:55Z</time><speed>1.920</speed><sat>29</sat></trkpt>
  <trkpt lat="37.18188765" lon="38.80022811"><ele>615.847</ele><time>2026-09-19T15:21:56Z</time><speed>1.100</speed><sat>31</sat></trkpt>
  <trkpt lat="37.18187531" lon="38.80022281"><ele>615.632</ele><time>2026-09-19T15:21:57Z</time><speed>1.300</speed><sat>30</sat></trkpt>
  <trkpt lat="37.18186055" lon="38.80021828"><ele>615.633</ele><time>2026-09-19T15:21:58Z</time><speed>1.560</speed><sat>30</sat></trkpt>
  <trkpt lat="37.18184751" lon="38.80021695"><ele>615.812</ele><time>2026-09-19T15:21:59Z</time><speed>1.140</speed><sat>30</sat></trkpt>
  <trkpt lat="37.18183417" lon="38.80021652"><ele>615.227</ele><time>2026-09-19T15:22:00Z</time><speed>1.320</speed><sat>30</sat></trkpt>
  <trkpt lat="37.18181964" lon="38.80021561"><ele>616.243</ele><time>2026-09-19T15:22:01Z</time><speed>1.330</speed><sat>28</sat></trkpt>
  <trkpt lat="37.18180501" lon="38.80021563"><ele>616.383</ele><time>2026-09-19T15:22:02Z</time><speed>1.340</speed><sat>27</sat></trkpt>
  <trkpt lat="37.18179094" lon="38.80021763"><ele>616.328</ele><time>2026-09-19T15:22:03Z</time><speed>1.320</speed><sat>27</sat></trkpt>
  <trkpt lat="37.18177472" lon="38.80021689"><ele>616.991</ele><time>2026-09-19T15:22:04Z</time><speed>1.700</speed><sat>25</sat></trkpt>
  <trkpt lat="37.18176142" lon="38.80021828"><ele>616.862</ele><time>2026-09-19T15:22:05Z</time><speed>0.960</speed><sat>25</sat></trkpt>
  <trkpt lat="37.18175147" lon="38.80022390"><ele>617.582</ele><time>2026-09-19T15:22:06Z</time><speed>1.250</speed><sat>26</sat></trkpt>
  <trkpt lat="37.18174388" lon="38.80022964"><ele>617.117</ele><time>2026-09-19T15:22:07Z</time><speed>0.430</speed><sat>27</sat></trkpt>
  <trkpt lat="37.18172984" lon="38.80023323"><ele>616.361</ele><time>2026-09-19T15:22:08Z</time><speed>2.020</speed><sat>27</sat></trkpt>
  <trkpt lat="37.18170993" lon="38.80023325"><ele>615.790</ele><time>2026-09-19T15:22:09Z</time><speed>1.780</speed><sat>27</sat></trkpt>
  <trkpt lat="37.18169206" lon="38.80022694"><ele>614.368</ele><time>2026-09-19T15:22:10Z</time><speed>1.610</speed><sat>26</sat></trkpt>
  <trkpt lat="37.18167525" lon="38.80021982"><ele>613.955</ele><time>2026-09-19T15:22:11Z</time><speed>1.560</speed><sat>24</sat></trkpt>
  <trkpt lat="37.18165890" lon="38.80021351"><ele>613.982</ele><time>2026-09-19T15:22:12Z</time><speed>1.520</speed><sat>23</sat></trkpt>
  <trkpt lat="37.18164217" lon="38.80020924"><ele>613.556</ele><time>2026-09-19T15:22:13Z</time><speed>1.600</speed><sat>23</sat></trkpt>
  <trkpt lat="37.18162486" lon="38.80020490"><ele>613.053</ele><time>2026-09-19T15:22:14Z</time><speed>1.660</speed><sat>22</sat></trkpt>
  <trkpt lat="37.18160669" lon="38.80020036"><ele>613.476</ele><time>2026-09-19T15:22:15Z</time><speed>1.660</speed><sat>22</sat></trkpt>
  <trkpt lat="37.18158911" lon="38.80019591"><ele>613.004</ele><time>2026-09-19T15:22:16Z</time><speed>1.650</speed><sat>24</sat></trkpt>
  <trkpt lat="37.18157095" lon="38.80019237"><ele>613.174</ele><time>2026-09-19T15:22:17Z</time><speed>1.730</speed><sat>22</sat></trkpt>
  <trkpt lat="37.18155301" lon="38.80018851"><ele>614.135</ele><time>2026-09-19T15:22:18Z</time><speed>1.700</speed><sat>24</sat></trkpt>
  <trkpt lat="37.18153661" lon="38.80018972"><ele>613.630</ele><time>2026-09-19T15:22:19Z</time><speed>1.610</speed><sat>25</sat></trkpt>
  <trkpt lat="37.18152198" lon="38.80019081"><ele>613.628</ele><time>2026-09-19T15:22:20Z</time><speed>1.470</speed><sat>26</sat></trkpt>
  <trkpt lat="37.18150855" lon="38.80019202"><ele>613.454</ele><time>2026-09-19T15:22:21Z</time><speed>1.360</speed><sat>27</sat></trkpt>
  <trkpt lat="37.18149554" lon="38.80019395"><ele>612.317</ele><time>2026-09-19T15:22:22Z</time><speed>1.380</speed><sat>28</sat></trkpt>
  <trkpt lat="37.18148312" lon="38.80019395"><ele>612.250</ele><time>2026-09-19T15:22:23Z</time><speed>1.330</speed><sat>27</sat></trkpt>
  <trkpt lat="37.18147069" lon="38.80019468"><ele>612.208</ele><time>2026-09-19T15:22:24Z</time><speed>1.350</speed><sat>27</sat></trkpt>
  <trkpt lat="37.18145818" lon="38.80019450"><ele>611.724</ele><time>2026-09-19T15:22:25Z</time><speed>1.350</speed><sat>27</sat></trkpt>
  <trkpt lat="37.18144619" lon="38.80019438"><ele>611.743</ele><time>2026-09-19T15:22:26Z</time><speed>1.340</speed><sat>26</sat></trkpt>
  <trkpt lat="37.18143007" lon="38.80018845"><ele>611.149</ele><time>2026-09-19T15:22:27Z</time><speed>1.770</speed><sat>26</sat></trkpt>
  <trkpt lat="37.18141281" lon="38.80017963"><ele>611.727</ele><time>2026-09-19T15:22:28Z</time><speed>1.570</speed><sat>26</sat></trkpt>
  <trkpt lat="37.18139739" lon="38.80017081"><ele>612.218</ele><time>2026-09-19T15:22:29Z</time><speed>1.610</speed><sat>25</sat></trkpt>
  <trkpt lat="37.18138198" lon="38.80016183"><ele>612.584</ele><time>2026-09-19T15:22:30Z</time><speed>1.630</speed><sat>25</sat></trkpt>
  <trkpt lat="37.18136647" lon="38.80015140"><ele>613.222</ele><time>2026-09-19T15:22:31Z</time><speed>1.680</speed><sat>26</sat></trkpt>
  <trkpt lat="37.18135189" lon="38.80014170"><ele>612.882</ele><time>2026-09-19T15:22:32Z</time><speed>1.600</speed><sat>26</sat></trkpt>
  <trkpt lat="37.18133717" lon="38.80013399"><ele>612.900</ele><time>2026-09-19T15:22:33Z</time><speed>1.710</speed><sat>25</sat></trkpt>
  <trkpt lat="37.18132243" lon="38.80012775"><ele>612.464</ele><time>2026-09-19T15:22:34Z</time><speed>1.710</speed><sat>25</sat></trkpt>
  <trkpt lat="37.18130943" lon="38.80012225"><ele>612.131</ele><time>2026-09-19T15:22:35Z</time><speed>1.640</speed><sat>24</sat></trkpt>
  <trkpt lat="37.18129652" lon="38.80011691"><ele>611.432</ele><time>2026-09-19T15:22:36Z</time><speed>1.670</speed><sat>25</sat></trkpt>
  <trkpt lat="37.18128379" lon="38.80010942"><ele>611.081</ele><time>2026-09-19T15:22:37Z</time><speed>1.650</speed><sat>25</sat></trkpt>
  <trkpt lat="37.18127072" lon="38.80010244"><ele>611.719</ele><time>2026-09-19T15:22:38Z</time><speed>1.670</speed><sat>26</sat></trkpt>
  <trkpt lat="37.18125756" lon="38.80009604"><ele>611.453</ele><time>2026-09-19T15:22:39Z</time><speed>1.650</speed><sat>26</sat></trkpt>
  <trkpt lat="37.18124447" lon="38.80009083"><ele>611.459</ele><time>2026-09-19T15:22:40Z</time><speed>1.620</speed><sat>26</sat></trkpt>
  <trkpt lat="37.18123110" lon="38.80008502"><ele>611.800</ele><time>2026-09-19T15:22:41Z</time><speed>1.690</speed><sat>25</sat></trkpt>
  <trkpt lat="37.18121865" lon="38.80007991"><ele>612.065</ele><time>2026-09-19T15:22:42Z</time><speed>1.500</speed><sat>25</sat></trkpt>
  <trkpt lat="37.18120668" lon="38.80007518"><ele>611.934</ele><time>2026-09-19T15:22:43Z</time><speed>1.590</speed><sat>25</sat></trkpt>
  <trkpt lat="37.18119432" lon="38.80007134"><ele>611.742</ele><time>2026-09-19T15:22:44Z</time><speed>1.580</speed><sat>27</sat></trkpt>
  <trkpt lat="37.18118193" lon="38.80006815"><ele>611.776</ele><time>2026-09-19T15:22:45Z</time><speed>1.570</speed><sat>26</sat></trkpt>
  <trkpt lat="37.18116914" lon="38.80006568"><ele>612.068</ele><time>2026-09-19T15:22:46Z</time><speed>1.570</speed><sat>25</sat></trkpt>
  <trkpt lat="37.18115626" lon="38.80006391"><ele>611.795</ele><time>2026-09-19T15:22:47Z</time><speed>1.550</speed><sat>26</sat></trkpt>
  <trkpt lat="37.18114346" lon="38.80006252"><ele>612.040</ele><time>2026-09-19T15:22:48Z</time><speed>1.540</speed><sat>26</sat></trkpt>
  <trkpt lat="37.18113071" lon="38.80006071"><ele>611.779</ele><time>2026-09-19T15:22:49Z</time><speed>1.530</speed><sat>25</sat></trkpt>
  <trkpt lat="37.18111831" lon="38.80005718"><ele>612.044</ele><time>2026-09-19T15:22:50Z</time><speed>1.590</speed><sat>25</sat></trkpt>
  <trkpt lat="37.18110558" lon="38.80005459"><ele>612.832</ele><time>2026-09-19T15:22:51Z</time><speed>1.550</speed><sat>25</sat></trkpt>
  <trkpt lat="37.18109384" lon="38.80005474"><ele>612.836</ele><time>2026-09-19T15:22:52Z</time><speed>1.450</speed><sat>27</sat></trkpt>
  <trkpt lat="37.18108349" lon="38.80005543"><ele>613.344</ele><time>2026-09-19T15:22:53Z</time><speed>1.220</speed><sat>27</sat></trkpt>
  <trkpt lat="37.18107480" lon="38.80005489"><ele>613.244</ele><time>2026-09-19T15:22:54Z</time><speed>1.070</speed><sat>25</sat></trkpt>
  <trkpt lat="37.18106403" lon="38.80005421"><ele>613.845</ele><time>2026-09-19T15:22:55Z</time><speed>1.620</speed><sat>25</sat></trkpt>
  <trkpt lat="37.18105127" lon="38.80005252"><ele>613.697</ele><time>2026-09-19T15:22:56Z</time><speed>1.520</speed><sat>24</sat></trkpt>
  <trkpt lat="37.18103753" lon="38.80005211"><ele>613.420</ele><time>2026-09-19T15:22:57Z</time><speed>1.750</speed><sat>25</sat></trkpt>
  <trkpt lat="37.18102097" lon="38.80005552"><ele>612.424</ele><time>2026-09-19T15:22:58Z</time><speed>1.970</speed><sat>22</sat></trkpt>
  <trkpt lat="37.18100723" lon="38.80006078"><ele>612.364</ele><time>2026-09-19T15:22:59Z</time><speed>1.580</speed><sat>25</sat></trkpt>
  <trkpt lat="37.18099450" lon="38.80006530"><ele>611.854</ele><time>2026-09-19T15:23:00Z</time><speed>1.710</speed><sat>27</sat></trkpt>
  <trkpt lat="37.18097928" lon="38.80006693"><ele>611.510</ele><time>2026-09-19T15:23:01Z</time><speed>1.970</speed><sat>28</sat></trkpt>
  <trkpt lat="37.18096312" lon="38.80006543"><ele>611.416</ele><time>2026-09-19T15:23:02Z</time><speed>1.990</speed><sat>29</sat></trkpt>
  <trkpt lat="37.18094776" lon="38.80006273"><ele>611.192</ele><time>2026-09-19T15:23:03Z</time><speed>1.880</speed><sat>29</sat></trkpt>
  <trkpt lat="37.18093271" lon="38.80005860"><ele>610.899</ele><time>2026-09-19T15:23:04Z</time><speed>1.910</speed><sat>30</sat></trkpt>
  <trkpt lat="37.18091739" lon="38.80005327"><ele>610.806</ele><time>2026-09-19T15:23:05Z</time><speed>1.880</speed><sat>30</sat></trkpt>
  <trkpt lat="37.18090405" lon="38.80004721"><ele>610.509</ele><time>2026-09-19T15:23:06Z</time><speed>1.750</speed><sat>30</sat></trkpt>
  <trkpt lat="37.18089082" lon="38.80003910"><ele>610.796</ele><time>2026-09-19T15:23:07Z</time><speed>1.900</speed><sat>30</sat></trkpt>
  <trkpt lat="37.18087652" lon="38.80003074"><ele>610.545</ele><time>2026-09-19T15:23:08Z</time><speed>1.960</speed><sat>30</sat></trkpt>
  <trkpt lat="37.18086269" lon="38.80002468"><ele>611.081</ele><time>2026-09-19T15:23:09Z</time><speed>1.780</speed><sat>30</sat></trkpt>
  <trkpt lat="37.18085006" lon="38.80002148"><ele>610.890</ele><time>2026-09-19T15:23:10Z</time><speed>1.610</speed><sat>30</sat></trkpt>
  <trkpt lat="37.18083896" lon="38.80001936"><ele>611.220</ele><time>2026-09-19T15:23:11Z</time><speed>1.400</speed><sat>30</sat></trkpt>
  <trkpt lat="37.18083047" lon="38.80001769"><ele>610.901</ele><time>2026-09-19T15:23:12Z</time><speed>1.180</speed><sat>30</sat></trkpt>
  <trkpt lat="37.18082524" lon="38.80001666"><ele>610.246</ele><time>2026-09-19T15:23:13Z</time><speed>0.570</speed><sat>30</sat></trkpt>
  <trkpt lat="37.18082203" lon="38.80001606"><ele>609.614</ele><time>2026-09-19T15:23:14Z</time><speed>0.540</speed><sat>30</sat></trkpt>
  <trkpt lat="37.18082517" lon="38.80001741"><ele>609.264</ele><time>2026-09-19T15:23:15Z</time><speed>0.000</speed><sat>30</sat></trkpt>
  <trkpt lat="37.18082774" lon="38.80001820"><ele>609.274</ele><time>2026-09-19T15:23:16Z</time><speed>0.000</speed><sat>30</sat></trkpt>
  <trkpt lat="37.18082563" lon="38.80001773"><ele>609.026</ele><time>2026-09-19T15:23:17Z</time><speed>0.440</speed><sat>30</sat></trkpt>
  <trkpt lat="37.18081629" lon="38.80001643"><ele>608.771</ele><time>2026-09-19T15:23:18Z</time><speed>1.550</speed><sat>30</sat></trkpt>
  <trkpt lat="37.18080059" lon="38.80001566"><ele>608.994</ele><time>2026-09-19T15:23:19Z</time><speed>1.970</speed><sat>30</sat></trkpt>
  <trkpt lat="37.18078375" lon="38.80001635"><ele>609.307</ele><time>2026-09-19T15:23:20Z</time><speed>1.940</speed><sat>31</sat></trkpt>
  <trkpt lat="37.18076663" lon="38.80001647"><ele>609.103</ele><time>2026-09-19T15:23:21Z</time><speed>1.990</speed><sat>31</sat></trkpt>
  <trkpt lat="37.18074997" lon="38.80001523"><ele>608.960</ele><time>2026-09-19T15:23:22Z</time><speed>1.950</speed><sat>30</sat></trkpt>
  <trkpt lat="37.18073395" lon="38.80001180"><ele>608.863</ele><time>2026-09-19T15:23:23Z</time><speed>1.960</speed><sat>30</sat></trkpt>
  <trkpt lat="37.18071826" lon="38.80000666"><ele>608.884</ele><time>2026-09-19T15:23:24Z</time><speed>1.870</speed><sat>30</sat></trkpt>
  <trkpt lat="37.18070268" lon="38.80000098"><ele>608.936</ele><time>2026-09-19T15:23:25Z</time><speed>1.900</speed><sat>30</sat></trkpt>
  <trkpt lat="37.18068723" lon="38.79999432"><ele>608.848</ele><time>2026-09-19T15:23:26Z</time><speed>1.880</speed><sat>30</sat></trkpt>
  <trkpt lat="37.18067232" lon="38.79998645"><ele>608.813</ele><time>2026-09-19T15:23:27Z</time><speed>1.900</speed><sat>30</sat></trkpt>
  <trkpt lat="37.18065758" lon="38.79997778"><ele>608.832</ele><time>2026-09-19T15:23:28Z</time><speed>1.860</speed><sat>30</sat></trkpt>
  <trkpt lat="37.18064324" lon="38.79996961"><ele>608.370</ele><time>2026-09-19T15:23:29Z</time><speed>1.870</speed><sat>30</sat></trkpt>
  <trkpt lat="37.18062912" lon="38.79996208"><ele>608.116</ele><time>2026-09-19T15:23:30Z</time><speed>1.850</speed><sat>32</sat></trkpt>
  <trkpt lat="37.18061523" lon="38.79995439"><ele>607.922</ele><time>2026-09-19T15:23:31Z</time><speed>1.860</speed><sat>31</sat></trkpt>
  <trkpt lat="37.18060117" lon="38.79994638"><ele>608.053</ele><time>2026-09-19T15:23:32Z</time><speed>1.910</speed><sat>32</sat></trkpt>
  <trkpt lat="37.18058795" lon="38.79993859"><ele>608.210</ele><time>2026-09-19T15:23:33Z</time><speed>1.730</speed><sat>32</sat></trkpt>
  <trkpt lat="37.18057526" lon="38.79993265"><ele>608.294</ele><time>2026-09-19T15:23:34Z</time><speed>1.730</speed><sat>32</sat></trkpt>
  <trkpt lat="37.18056174" lon="38.79992741"><ele>608.264</ele><time>2026-09-19T15:23:35Z</time><speed>1.860</speed><sat>33</sat></trkpt>
  <trkpt lat="37.18054753" lon="38.79992278"><ele>608.256</ele><time>2026-09-19T15:23:36Z</time><speed>1.840</speed><sat>33</sat></trkpt>
  <trkpt lat="37.18053341" lon="38.79991782"><ele>607.764</ele><time>2026-09-19T15:23:37Z</time><speed>1.850</speed><sat>33</sat></trkpt>
  <trkpt lat="37.18051933" lon="38.79991309"><ele>608.004</ele><time>2026-09-19T15:23:38Z</time><speed>1.820</speed><sat>31</sat></trkpt>
  <trkpt lat="37.18050577" lon="38.79990841"><ele>608.079</ele><time>2026-09-19T15:23:39Z</time><speed>1.760</speed><sat>30</sat></trkpt>
  <trkpt lat="37.18049163" lon="38.79990470"><ele>608.023</ele><time>2026-09-19T15:23:40Z</time><speed>1.830</speed><sat>31</sat></trkpt>
  <trkpt lat="37.18048296" lon="38.79990120"><ele>607.749</ele><time>2026-09-19T15:23:41Z</time><speed>0.740</speed><sat>30</sat></trkpt>
  <trkpt lat="37.18047975" lon="38.79988989"><ele>607.749</ele><time>2026-09-19T15:23:42Z</time><speed>1.830</speed><sat>30</sat></trkpt>
  <trkpt lat="37.18047963" lon="38.79986598"><ele>608.186</ele><time>2026-09-19T15:23:43Z</time><speed>2.460</speed><sat>30</sat></trkpt>
  <trkpt lat="37.18048225" lon="38.79983933"><ele>607.982</ele><time>2026-09-19T15:23:44Z</time><speed>2.230</speed><sat>30</sat></trkpt>
  <trkpt lat="37.18048216" lon="38.79981623"><ele>607.771</ele><time>2026-09-19T15:23:45Z</time><speed>2.000</speed><sat>29</sat></trkpt>
  <trkpt lat="37.18047953" lon="38.79979596"><ele>607.708</ele><time>2026-09-19T15:23:46Z</time><speed>1.920</speed><sat>30</sat></trkpt>
  <trkpt lat="37.18047615" lon="38.79977665"><ele>608.111</ele><time>2026-09-19T15:23:47Z</time><speed>1.900</speed><sat>29</sat></trkpt>
  <trkpt lat="37.18047504" lon="38.79975958"><ele>608.073</ele><time>2026-09-19T15:23:48Z</time><speed>1.670</speed><sat>31</sat></trkpt>
  <trkpt lat="37.18047551" lon="38.79974296"><ele>608.190</ele><time>2026-09-19T15:23:49Z</time><speed>1.720</speed><sat>32</sat></trkpt>
  <trkpt lat="37.18047711" lon="38.79972516"><ele>608.272</ele><time>2026-09-19T15:23:50Z</time><speed>1.690</speed><sat>32</sat></trkpt>
  <trkpt lat="37.18047988" lon="38.79970838"><ele>608.135</ele><time>2026-09-19T15:23:51Z</time><speed>1.580</speed><sat>32</sat></trkpt>
  <trkpt lat="37.18048351" lon="38.79969250"><ele>608.335</ele><time>2026-09-19T15:23:52Z</time><speed>1.490</speed><sat>32</sat></trkpt>
  <trkpt lat="37.18048745" lon="38.79967788"><ele>608.057</ele><time>2026-09-19T15:23:53Z</time><speed>1.510</speed><sat>32</sat></trkpt>
  <trkpt lat="37.18049092" lon="38.79966424"><ele>607.907</ele><time>2026-09-19T15:23:54Z</time><speed>1.410</speed><sat>32</sat></trkpt>
  <trkpt lat="37.18049316" lon="38.79964966"><ele>608.100</ele><time>2026-09-19T15:23:55Z</time><speed>1.550</speed><sat>33</sat></trkpt>
  <trkpt lat="37.18049466" lon="38.79963656"><ele>607.929</ele><time>2026-09-19T15:23:56Z</time><speed>1.250</speed><sat>32</sat></trkpt>
  <trkpt lat="37.18049633" lon="38.79962487"><ele>608.042</ele><time>2026-09-19T15:23:57Z</time><speed>1.270</speed><sat>32</sat></trkpt>
  <trkpt lat="37.18049891" lon="38.79961325"><ele>607.976</ele><time>2026-09-19T15:23:58Z</time><speed>1.280</speed><sat>32</sat></trkpt>
  <trkpt lat="37.18050258" lon="38.79960321"><ele>607.697</ele><time>2026-09-19T15:23:59Z</time><speed>1.290</speed><sat>32</sat></trkpt>
  <trkpt lat="37.18050625" lon="38.79959312"><ele>607.342</ele><time>2026-09-19T15:24:00Z</time><speed>1.360</speed><sat>31</sat></trkpt>
  <trkpt lat="37.18050977" lon="38.79958349"><ele>607.313</ele><time>2026-09-19T15:24:01Z</time><speed>1.210</speed><sat>31</sat></trkpt>
  <trkpt lat="37.18051350" lon="38.79957479"><ele>606.902</ele><time>2026-09-19T15:24:02Z</time><speed>1.220</speed><sat>30</sat></trkpt>
  <trkpt lat="37.18051773" lon="38.79956583"><ele>606.946</ele><time>2026-09-19T15:24:03Z</time><speed>1.200</speed><sat>30</sat></trkpt>
  <trkpt lat="37.18052089" lon="38.79955648"><ele>607.115</ele><time>2026-09-19T15:24:04Z</time><speed>1.180</speed><sat>31</sat></trkpt>
  <trkpt lat="37.18052366" lon="38.79954799"><ele>606.856</ele><time>2026-09-19T15:24:05Z</time><speed>1.110</speed><sat>33</sat></trkpt>
  <trkpt lat="37.18052631" lon="38.79953957"><ele>606.322</ele><time>2026-09-19T15:24:06Z</time><speed>1.110</speed><sat>32</sat></trkpt>
  <trkpt lat="37.18052864" lon="38.79952954"><ele>606.373</ele><time>2026-09-19T15:24:07Z</time><speed>1.290</speed><sat>32</sat></trkpt>
  <trkpt lat="37.18053034" lon="38.79951680"><ele>606.069</ele><time>2026-09-19T15:24:08Z</time><speed>1.470</speed><sat>32</sat></trkpt>
  <trkpt lat="37.18053206" lon="38.79950417"><ele>605.894</ele><time>2026-09-19T15:24:09Z</time><speed>1.260</speed><sat>32</sat></trkpt>
  <trkpt lat="37.18053666" lon="38.79949492"><ele>605.646</ele><time>2026-09-19T15:24:10Z</time><speed>1.200</speed><sat>32</sat></trkpt>
  <trkpt lat="37.18054131" lon="38.79949165"><ele>605.402</ele><time>2026-09-19T15:24:11Z</time><speed>0.460</speed><sat>31</sat></trkpt>
  <trkpt lat="37.18054370" lon="38.79949892"><ele>605.421</ele><time>2026-09-19T15:24:12Z</time><speed>0.000</speed><sat>30</sat></trkpt>
  <trkpt lat="37.18054415" lon="38.79950350"><ele>605.420</ele><time>2026-09-19T15:24:13Z</time><speed>0.000</speed><sat>29</sat></trkpt>
  <trkpt lat="37.18054434" lon="38.79950576"><ele>605.422</ele><time>2026-09-19T15:24:14Z</time><speed>0.000</speed><sat>30</sat></trkpt>
  <trkpt lat="37.18054439" lon="38.79950686"><ele>605.423</ele><time>2026-09-19T15:24:15Z</time><speed>0.000</speed><sat>29</sat></trkpt>
  <trkpt lat="37.18054439" lon="38.79950738"><ele>605.425</ele><time>2026-09-19T15:24:16Z</time><speed>0.000</speed><sat>28</sat></trkpt>
  <trkpt lat="37.18054435" lon="38.79950763"><ele>605.424</ele><time>2026-09-19T15:24:17Z</time><speed>0.000</speed><sat>28</sat></trkpt>
  <trkpt lat="37.18054428" lon="38.79950774"><ele>605.425</ele><time>2026-09-19T15:24:18Z</time><speed>0.000</speed><sat>25</sat></trkpt>
  <trkpt lat="37.18054424" lon="38.79950781"><ele>605.424</ele><time>2026-09-19T15:24:19Z</time><speed>0.000</speed><sat>26</sat></trkpt>
  <trkpt lat="37.18054420" lon="38.79950783"><ele>605.426</ele><time>2026-09-19T15:24:20Z</time><speed>0.000</speed><sat>27</sat></trkpt>
  <trkpt lat="37.18054416" lon="38.79950783"><ele>605.429</ele><time>2026-09-19T15:24:21Z</time><speed>0.000</speed><sat>26</sat></trkpt>
  <trkpt lat="37.18054413" lon="38.79950783"><ele>605.433</ele><time>2026-09-19T15:24:22Z</time><speed>0.000</speed><sat>26</sat></trkpt>
  <trkpt lat="37.18054412" lon="38.79950783"><ele>605.438</ele><time>2026-09-19T15:24:23Z</time><speed>0.000</speed><sat>26</sat></trkpt>
  <trkpt lat="37.18054411" lon="38.79950784"><ele>605.441</ele><time>2026-09-19T15:24:24Z</time><speed>0.000</speed><sat>26</sat></trkpt>
  <trkpt lat="37.18054411" lon="38.79950785"><ele>605.446</ele><time>2026-09-19T15:24:25Z</time><speed>0.000</speed><sat>26</sat></trkpt>
  <trkpt lat="37.18054410" lon="38.79950787"><ele>605.451</ele><time>2026-09-19T15:24:26Z</time><speed>0.000</speed><sat>26</sat></trkpt>
  <trkpt lat="37.18054408" lon="38.79950786"><ele>605.458</ele><time>2026-09-19T15:24:27Z</time><speed>0.000</speed><sat>27</sat></trkpt>
  <trkpt lat="37.18054403" lon="38.79950786"><ele>605.462</ele><time>2026-09-19T15:24:28Z</time><speed>0.000</speed><sat>27</sat></trkpt>
  <trkpt lat="37.18054399" lon="38.79950787"><ele>605.460</ele><time>2026-09-19T15:24:29Z</time><speed>0.000</speed><sat>26</sat></trkpt>
  <trkpt lat="37.18054345" lon="38.79950669"><ele>605.359</ele><time>2026-09-19T15:24:30Z</time><speed>0.240</speed><sat>27</sat></trkpt>
  <trkpt lat="37.18054880" lon="38.79949809"><ele>605.412</ele><time>2026-09-19T15:24:31Z</time><speed>1.440</speed><sat>29</sat></trkpt>
  <trkpt lat="37.18055896" lon="38.79948422"><ele>605.816</ele><time>2026-09-19T15:24:32Z</time><speed>1.710</speed><sat>30</sat></trkpt>
  <trkpt lat="37.18056467" lon="38.79947062"><ele>606.182</ele><time>2026-09-19T15:24:33Z</time><speed>1.080</speed><sat>29</sat></trkpt>
  <trkpt lat="37.18056752" lon="38.79945731"><ele>606.234</ele><time>2026-09-19T15:24:34Z</time><speed>1.400</speed><sat>31</sat></trkpt>
  <trkpt lat="37.18056938" lon="38.79944202"><ele>606.421</ele><time>2026-09-19T15:24:35Z</time><speed>1.380</speed><sat>31</sat></trkpt>
  <trkpt lat="37.18057299" lon="38.79942647"><ele>606.900</ele><time>2026-09-19T15:24:36Z</time><speed>1.600</speed><sat>31</sat></trkpt>
  <trkpt lat="37.18057123" lon="38.79941127"><ele>607.395</ele><time>2026-09-19T15:24:37Z</time><speed>0.970</speed><sat>30</sat></trkpt>
  <trkpt lat="37.18056510" lon="38.79939826"><ele>608.976</ele><time>2026-09-19T15:24:38Z</time><speed>1.340</speed><sat>30</sat></trkpt>
  <trkpt lat="37.18054918" lon="38.79938586"><ele>609.374</ele><time>2026-09-19T15:24:39Z</time><speed>2.270</speed><sat>31</sat></trkpt>
  <trkpt lat="37.18052728" lon="38.79937664"><ele>608.824</ele><time>2026-09-19T15:24:40Z</time><speed>2.120</speed><sat>32</sat></trkpt>
  <trkpt lat="37.18051136" lon="38.79937004"><ele>608.263</ele><time>2026-09-19T15:24:41Z</time><speed>1.550</speed><sat>34</sat></trkpt>
  <trkpt lat="37.18049626" lon="38.79936465"><ele>608.169</ele><time>2026-09-19T15:24:42Z</time><speed>1.750</speed><sat>34</sat></trkpt>
  <trkpt lat="37.18048062" lon="38.79936022"><ele>607.981</ele><time>2026-09-19T15:24:43Z</time><speed>1.680</speed><sat>34</sat></trkpt>
  <trkpt lat="37.18046426" lon="38.79935685"><ele>606.955</ele><time>2026-09-19T15:24:44Z</time><speed>1.750</speed><sat>33</sat></trkpt>
  <trkpt lat="37.18044788" lon="38.79935348"><ele>607.090</ele><time>2026-09-19T15:24:45Z</time><speed>1.690</speed><sat>33</sat></trkpt>
  <trkpt lat="37.18043157" lon="38.79934837"><ele>607.135</ele><time>2026-09-19T15:24:46Z</time><speed>1.770</speed><sat>33</sat></trkpt>
  <trkpt lat="37.18041473" lon="38.79934220"><ele>607.248</ele><time>2026-09-19T15:24:47Z</time><speed>1.710</speed><sat>33</sat></trkpt>
  <trkpt lat="37.18039696" lon="38.79933647"><ele>607.038</ele><time>2026-09-19T15:24:48Z</time><speed>1.790</speed><sat>33</sat></trkpt>
  <trkpt lat="37.18038001" lon="38.79933152"><ele>607.218</ele><time>2026-09-19T15:24:49Z</time><speed>1.730</speed><sat>33</sat></trkpt>
  <trkpt lat="37.18036387" lon="38.79932739"><ele>607.200</ele><time>2026-09-19T15:24:50Z</time><speed>1.710</speed><sat>33</sat></trkpt>
  <trkpt lat="37.18034944" lon="38.79932315"><ele>607.486</ele><time>2026-09-19T15:24:51Z</time><speed>1.620</speed><sat>32</sat></trkpt>
  <trkpt lat="37.18033623" lon="38.79931913"><ele>607.993</ele><time>2026-09-19T15:24:52Z</time><speed>1.530</speed><sat>32</sat></trkpt>
  <trkpt lat="37.18032313" lon="38.79931331"><ele>607.866</ele><time>2026-09-19T15:24:53Z</time><speed>1.640</speed><sat>32</sat></trkpt>
  <trkpt lat="37.18031025" lon="38.79930623"><ele>607.984</ele><time>2026-09-19T15:24:54Z</time><speed>1.600</speed><sat>32</sat></trkpt>
  <trkpt lat="37.18029789" lon="38.79929931"><ele>608.043</ele><time>2026-09-19T15:24:55Z</time><speed>1.540</speed><sat>32</sat></trkpt>
  <trkpt lat="37.18028537" lon="38.79929387"><ele>608.034</ele><time>2026-09-19T15:24:56Z</time><speed>1.520</speed><sat>32</sat></trkpt>
  <trkpt lat="37.18027238" lon="38.79928998"><ele>608.033</ele><time>2026-09-19T15:24:57Z</time><speed>1.580</speed><sat>32</sat></trkpt>
  <trkpt lat="37.18025931" lon="38.79928813"><ele>608.212</ele><time>2026-09-19T15:24:58Z</time><speed>1.530</speed><sat>32</sat></trkpt>
  <trkpt lat="37.18024664" lon="38.79928682"><ele>607.983</ele><time>2026-09-19T15:24:59Z</time><speed>1.460</speed><sat>32</sat></trkpt>
  <trkpt lat="37.18023371" lon="38.79928464"><ele>607.814</ele><time>2026-09-19T15:25:00Z</time><speed>1.570</speed><sat>31</sat></trkpt>
  <trkpt lat="37.18022062" lon="38.79928113"><ele>607.418</ele><time>2026-09-19T15:25:01Z</time><speed>1.530</speed><sat>31</sat></trkpt>
  <trkpt lat="37.18020767" lon="38.79927729"><ele>607.094</ele><time>2026-09-19T15:25:02Z</time><speed>1.460</speed><sat>32</sat></trkpt>
  <trkpt lat="37.18019472" lon="38.79927370"><ele>606.750</ele><time>2026-09-19T15:25:03Z</time><speed>1.510</speed><sat>32</sat></trkpt>
  <trkpt lat="37.18018184" lon="38.79927013"><ele>606.683</ele><time>2026-09-19T15:25:04Z</time><speed>1.530</speed><sat>32</sat></trkpt>
  <trkpt lat="37.18016934" lon="38.79926675"><ele>606.445</ele><time>2026-09-19T15:25:05Z</time><speed>1.480</speed><sat>33</sat></trkpt>
  <trkpt lat="37.18015718" lon="38.79926291"><ele>606.181</ele><time>2026-09-19T15:25:06Z</time><speed>1.450</speed><sat>33</sat></trkpt>
  <trkpt lat="37.18014484" lon="38.79925936"><ele>606.078</ele><time>2026-09-19T15:25:07Z</time><speed>1.470</speed><sat>33</sat></trkpt>
  <trkpt lat="37.18013234" lon="38.79925505"><ele>605.743</ele><time>2026-09-19T15:25:08Z</time><speed>1.540</speed><sat>33</sat></trkpt>
  <trkpt lat="37.18012021" lon="38.79925015"><ele>605.547</ele><time>2026-09-19T15:25:09Z</time><speed>1.500</speed><sat>34</sat></trkpt>
  <trkpt lat="37.18010832" lon="38.79924522"><ele>605.365</ele><time>2026-09-19T15:25:10Z</time><speed>1.480</speed><sat>33</sat></trkpt>
  <trkpt lat="37.18009622" lon="38.79924081"><ele>605.496</ele><time>2026-09-19T15:25:11Z</time><speed>1.470</speed><sat>33</sat></trkpt>
  <trkpt lat="37.18008412" lon="38.79923655"><ele>605.493</ele><time>2026-09-19T15:25:12Z</time><speed>1.440</speed><sat>33</sat></trkpt>
  <trkpt lat="37.18007118" lon="38.79923239"><ele>605.579</ele><time>2026-09-19T15:25:13Z</time><speed>1.540</speed><sat>33</sat></trkpt>
  <trkpt lat="37.18005756" lon="38.79922857"><ele>605.908</ele><time>2026-09-19T15:25:14Z</time><speed>1.500</speed><sat>33</sat></trkpt>
  <trkpt lat="37.18004499" lon="38.79922432"><ele>605.758</ele><time>2026-09-19T15:25:15Z</time><speed>1.480</speed><sat>32</sat></trkpt>
  <trkpt lat="37.18003270" lon="38.79922096"><ele>605.822</ele><time>2026-09-19T15:25:16Z</time><speed>1.430</speed><sat>32</sat></trkpt>
  <trkpt lat="37.18002058" lon="38.79921800"><ele>605.528</ele><time>2026-09-19T15:25:17Z</time><speed>1.400</speed><sat>33</sat></trkpt>
  <trkpt lat="37.18000837" lon="38.79921445"><ele>605.355</ele><time>2026-09-19T15:25:18Z</time><speed>1.470</speed><sat>33</sat></trkpt>
  <trkpt lat="37.17999589" lon="38.79921177"><ele>605.492</ele><time>2026-09-19T15:25:19Z</time><speed>1.450</speed><sat>34</sat></trkpt>
  <trkpt lat="37.17998393" lon="38.79921021"><ele>605.996</ele><time>2026-09-19T15:25:20Z</time><speed>1.390</speed><sat>34</sat></trkpt>
  <trkpt lat="37.17997031" lon="38.79920509"><ele>605.654</ele><time>2026-09-19T15:25:21Z</time><speed>1.850</speed><sat>34</sat></trkpt>
  <trkpt lat="37.17995685" lon="38.79919906"><ele>605.871</ele><time>2026-09-19T15:25:22Z</time><speed>1.510</speed><sat>34</sat></trkpt>
  <trkpt lat="37.17994496" lon="38.79919256"><ele>605.701</ele><time>2026-09-19T15:25:23Z</time><speed>1.440</speed><sat>29</sat></trkpt>
  <trkpt lat="37.17993180" lon="38.79918648"><ele>605.163</ele><time>2026-09-19T15:25:24Z</time><speed>1.650</speed><sat>24</sat></trkpt>
  <trkpt lat="37.17991713" lon="38.79918008"><ele>604.869</ele><time>2026-09-19T15:25:25Z</time><speed>1.730</speed><sat>25</sat></trkpt>
  <trkpt lat="37.17990102" lon="38.79917385"><ele>604.173</ele><time>2026-09-19T15:25:26Z</time><speed>1.870</speed><sat>24</sat></trkpt>
  <trkpt lat="37.17988009" lon="38.79917149"><ele>603.542</ele><time>2026-09-19T15:25:27Z</time><speed>2.530</speed><sat>25</sat></trkpt>
  <trkpt lat="37.17985709" lon="38.79917442"><ele>603.198</ele><time>2026-09-19T15:25:28Z</time><speed>2.420</speed><sat>24</sat></trkpt>
  <trkpt lat="37.17983731" lon="38.79917808"><ele>603.359</ele><time>2026-09-19T15:25:29Z</time><speed>2.040</speed><sat>24</sat></trkpt>
  <trkpt lat="37.17982556" lon="38.79917677"><ele>603.257</ele><time>2026-09-19T15:25:30Z</time><speed>1.500</speed><sat>24</sat></trkpt>
  <trkpt lat="37.17981501" lon="38.79917327"><ele>603.118</ele><time>2026-09-19T15:25:31Z</time><speed>1.530</speed><sat>26</sat></trkpt>
  <trkpt lat="37.17980349" lon="38.79916704"><ele>603.201</ele><time>2026-09-19T15:25:32Z</time><speed>1.580</speed><sat>27</sat></trkpt>
  <trkpt lat="37.17979156" lon="38.79916071"><ele>603.320</ele><time>2026-09-19T15:25:33Z</time><speed>1.550</speed><sat>27</sat></trkpt>
  <trkpt lat="37.17977911" lon="38.79915492"><ele>603.482</ele><time>2026-09-19T15:25:34Z</time><speed>1.620</speed><sat>27</sat></trkpt>
  <trkpt lat="37.17976635" lon="38.79914884"><ele>603.279</ele><time>2026-09-19T15:25:35Z</time><speed>1.540</speed><sat>27</sat></trkpt>
  <trkpt lat="37.17975350" lon="38.79914229"><ele>602.621</ele><time>2026-09-19T15:25:36Z</time><speed>1.540</speed><sat>27</sat></trkpt>
  <trkpt lat="37.17974076" lon="38.79913652"><ele>602.229</ele><time>2026-09-19T15:25:37Z</time><speed>1.540</speed><sat>26</sat></trkpt>
  <trkpt lat="37.17972788" lon="38.79913144"><ele>602.126</ele><time>2026-09-19T15:25:38Z</time><speed>1.530</speed><sat>26</sat></trkpt>
  <trkpt lat="37.17971335" lon="38.79912812"><ele>603.500</ele><time>2026-09-19T15:25:39Z</time><speed>1.510</speed><sat>26</sat></trkpt>
  <trkpt lat="37.17969913" lon="38.79912505"><ele>603.402</ele><time>2026-09-19T15:25:40Z</time><speed>1.510</speed><sat>28</sat></trkpt>
  <trkpt lat="37.17968488" lon="38.79912243"><ele>603.521</ele><time>2026-09-19T15:25:41Z</time><speed>1.520</speed><sat>29</sat></trkpt>
  <trkpt lat="37.17966996" lon="38.79911945"><ele>604.104</ele><time>2026-09-19T15:25:42Z</time><speed>1.560</speed><sat>29</sat></trkpt>
  <trkpt lat="37.17965472" lon="38.79911606"><ele>604.128</ele><time>2026-09-19T15:25:43Z</time><speed>1.570</speed><sat>30</sat></trkpt>
  <trkpt lat="37.17964032" lon="38.79911259"><ele>604.097</ele><time>2026-09-19T15:25:44Z</time><speed>1.510</speed><sat>30</sat></trkpt>
  <trkpt lat="37.17962601" lon="38.79910999"><ele>604.242</ele><time>2026-09-19T15:25:45Z</time><speed>1.480</speed><sat>30</sat></trkpt>
  <trkpt lat="37.17961110" lon="38.79910585"><ele>604.830</ele><time>2026-09-19T15:25:46Z</time><speed>1.520</speed><sat>31</sat></trkpt>
  <trkpt lat="37.17959650" lon="38.79910059"><ele>605.257</ele><time>2026-09-19T15:25:47Z</time><speed>1.470</speed><sat>31</sat></trkpt>
  <trkpt lat="37.17958238" lon="38.79909417"><ele>604.908</ele><time>2026-09-19T15:25:48Z</time><speed>1.530</speed><sat>30</sat></trkpt>
  <trkpt lat="37.17956962" lon="38.79908454"><ele>605.152</ele><time>2026-09-19T15:25:49Z</time><speed>1.530</speed><sat>30</sat></trkpt>
  <trkpt lat="37.17955633" lon="38.79907568"><ele>605.453</ele><time>2026-09-19T15:25:50Z</time><speed>1.540</speed><sat>29</sat></trkpt>
  <trkpt lat="37.17954375" lon="38.79906756"><ele>605.120</ele><time>2026-09-19T15:25:51Z</time><speed>1.510</speed><sat>27</sat></trkpt>
  <trkpt lat="37.17953090" lon="38.79905943"><ele>605.134</ele><time>2026-09-19T15:25:52Z</time><speed>1.530</speed><sat>26</sat></trkpt>
  <trkpt lat="37.17951833" lon="38.79905320"><ele>605.235</ele><time>2026-09-19T15:25:53Z</time><speed>1.510</speed><sat>28</sat></trkpt>
  <trkpt lat="37.17950601" lon="38.79904737"><ele>604.723</ele><time>2026-09-19T15:25:54Z</time><speed>1.500</speed><sat>28</sat></trkpt>
  <trkpt lat="37.17949342" lon="38.79904161"><ele>604.777</ele><time>2026-09-19T15:25:55Z</time><speed>1.520</speed><sat>29</sat></trkpt>
  <trkpt lat="37.17947974" lon="38.79903774"><ele>604.819</ele><time>2026-09-19T15:25:56Z</time><speed>1.590</speed><sat>30</sat></trkpt>
  <trkpt lat="37.17946457" lon="38.79903640"><ele>606.107</ele><time>2026-09-19T15:25:57Z</time><speed>1.620</speed><sat>29</sat></trkpt>
  <trkpt lat="37.17944943" lon="38.79903715"><ele>607.273</ele><time>2026-09-19T15:25:58Z</time><speed>1.560</speed><sat>29</sat></trkpt>
  <trkpt lat="37.17943408" lon="38.79903836"><ele>607.909</ele><time>2026-09-19T15:25:59Z</time><speed>1.560</speed><sat>29</sat></trkpt>
  <trkpt lat="37.17941890" lon="38.79903887"><ele>608.029</ele><time>2026-09-19T15:26:00Z</time><speed>1.580</speed><sat>28</sat></trkpt>
  <trkpt lat="37.17940442" lon="38.79903767"><ele>607.903</ele><time>2026-09-19T15:26:01Z</time><speed>1.570</speed><sat>26</sat></trkpt>
  <trkpt lat="37.17939102" lon="38.79903374"><ele>608.560</ele><time>2026-09-19T15:26:02Z</time><speed>1.540</speed><sat>26</sat></trkpt>
  <trkpt lat="37.17937758" lon="38.79903161"><ele>608.739</ele><time>2026-09-19T15:26:03Z</time><speed>1.590</speed><sat>29</sat></trkpt>
  <trkpt lat="37.17936394" lon="38.79903121"><ele>608.787</ele><time>2026-09-19T15:26:04Z</time><speed>1.530</speed><sat>30</sat></trkpt>
  <trkpt lat="37.17934970" lon="38.79903328"><ele>608.589</ele><time>2026-09-19T15:26:05Z</time><speed>1.540</speed><sat>30</sat></trkpt>
  <trkpt lat="37.17933500" lon="38.79903656"><ele>608.581</ele><time>2026-09-19T15:26:06Z</time><speed>1.540</speed><sat>29</sat></trkpt>
  <trkpt lat="37.17932086" lon="38.79904081"><ele>609.637</ele><time>2026-09-19T15:26:07Z</time><speed>1.540</speed><sat>30</sat></trkpt>
  <trkpt lat="37.17930619" lon="38.79904447"><ele>609.534</ele><time>2026-09-19T15:26:08Z</time><speed>1.560</speed><sat>30</sat></trkpt>
  <trkpt lat="37.17928979" lon="38.79904302"><ele>607.978</ele><time>2026-09-19T15:26:09Z</time><speed>1.950</speed><sat>30</sat></trkpt>
  <trkpt lat="37.17927246" lon="38.79903777"><ele>607.952</ele><time>2026-09-19T15:26:10Z</time><speed>1.900</speed><sat>30</sat></trkpt>
  <trkpt lat="37.17925606" lon="38.79903264"><ele>607.647</ele><time>2026-09-19T15:26:11Z</time><speed>1.780</speed><sat>30</sat></trkpt>
  <trkpt lat="37.17923664" lon="38.79902564"><ele>606.910</ele><time>2026-09-19T15:26:12Z</time><speed>2.270</speed><sat>29</sat></trkpt>
  <trkpt lat="37.17921720" lon="38.79901800"><ele>607.198</ele><time>2026-09-19T15:26:13Z</time><speed>2.210</speed><sat>30</sat></trkpt>
  <trkpt lat="37.17919980" lon="38.79900727"><ele>606.286</ele><time>2026-09-19T15:26:14Z</time><speed>1.870</speed><sat>30</sat></trkpt>
  <trkpt lat="37.17918490" lon="38.79899752"><ele>606.454</ele><time>2026-09-19T15:26:15Z</time><speed>1.690</speed><sat>31</sat></trkpt>
  <trkpt lat="37.17917175" lon="38.79898745"><ele>606.379</ele><time>2026-09-19T15:26:16Z</time><speed>1.570</speed><sat>33</sat></trkpt>
  <trkpt lat="37.17915895" lon="38.79897830"><ele>606.724</ele><time>2026-09-19T15:26:17Z</time><speed>1.600</speed><sat>33</sat></trkpt>
  <trkpt lat="37.17914546" lon="38.79897162"><ele>607.711</ele><time>2026-09-19T15:26:18Z</time><speed>1.630</speed><sat>33</sat></trkpt>
  <trkpt lat="37.17913072" lon="38.79896731"><ele>607.994</ele><time>2026-09-19T15:26:19Z</time><speed>1.730</speed><sat>33</sat></trkpt>
  <trkpt lat="37.17911579" lon="38.79896291"><ele>607.645</ele><time>2026-09-19T15:26:20Z</time><speed>1.780</speed><sat>32</sat></trkpt>
  <trkpt lat="37.17910118" lon="38.79895865"><ele>607.410</ele><time>2026-09-19T15:26:21Z</time><speed>1.710</speed><sat>33</sat></trkpt>
  <trkpt lat="37.17908636" lon="38.79895464"><ele>607.525</ele><time>2026-09-19T15:26:22Z</time><speed>1.800</speed><sat>32</sat></trkpt>
  <trkpt lat="37.17907082" lon="38.79895099"><ele>607.184</ele><time>2026-09-19T15:26:23Z</time><speed>1.800</speed><sat>32</sat></trkpt>
  <trkpt lat="37.17905507" lon="38.79894824"><ele>608.214</ele><time>2026-09-19T15:26:24Z</time><speed>1.800</speed><sat>31</sat></trkpt>
  <trkpt lat="37.17903957" lon="38.79894521"><ele>607.853</ele><time>2026-09-19T15:26:25Z</time><speed>1.760</speed><sat>31</sat></trkpt>
  <trkpt lat="37.17902461" lon="38.79894040"><ele>607.491</ele><time>2026-09-19T15:26:26Z</time><speed>1.820</speed><sat>31</sat></trkpt>
  <trkpt lat="37.17901133" lon="38.79893519"><ele>607.084</ele><time>2026-09-19T15:26:27Z</time><speed>1.460</speed><sat>31</sat></trkpt>
  <trkpt lat="37.17899917" lon="38.79892933"><ele>606.428</ele><time>2026-09-19T15:26:28Z</time><speed>1.530</speed><sat>31</sat></trkpt>
  <trkpt lat="37.17898734" lon="38.79892346"><ele>606.058</ele><time>2026-09-19T15:26:29Z</time><speed>1.510</speed><sat>32</sat></trkpt>
  <trkpt lat="37.17897448" lon="38.79891757"><ele>606.122</ele><time>2026-09-19T15:26:30Z</time><speed>1.630</speed><sat>31</sat></trkpt>
  <trkpt lat="37.17896164" lon="38.79891244"><ele>605.950</ele><time>2026-09-19T15:26:31Z</time><speed>1.490</speed><sat>32</sat></trkpt>
  <trkpt lat="37.17894864" lon="38.79890837"><ele>606.124</ele><time>2026-09-19T15:26:32Z</time><speed>1.590</speed><sat>32</sat></trkpt>
  <trkpt lat="37.17893533" lon="38.79890518"><ele>606.223</ele><time>2026-09-19T15:26:33Z</time><speed>1.550</speed><sat>32</sat></trkpt>
  <trkpt lat="37.17892141" lon="38.79890220"><ele>606.385</ele><time>2026-09-19T15:26:34Z</time><speed>1.530</speed><sat>31</sat></trkpt>
  <trkpt lat="37.17890778" lon="38.79889839"><ele>606.082</ele><time>2026-09-19T15:26:35Z</time><speed>1.540</speed><sat>31</sat></trkpt>
  <trkpt lat="37.17889432" lon="38.79889380"><ele>605.920</ele><time>2026-09-19T15:26:36Z</time><speed>1.560</speed><sat>31</sat></trkpt>
  <trkpt lat="37.17888172" lon="38.79888896"><ele>605.584</ele><time>2026-09-19T15:26:37Z</time><speed>1.460</speed><sat>31</sat></trkpt>
  <trkpt lat="37.17886897" lon="38.79888463"><ele>605.746</ele><time>2026-09-19T15:26:38Z</time><speed>1.560</speed><sat>31</sat></trkpt>
  <trkpt lat="37.17885502" lon="38.79888018"><ele>606.599</ele><time>2026-09-19T15:26:39Z</time><speed>1.670</speed><sat>30</sat></trkpt>
  <trkpt lat="37.17884101" lon="38.79887501"><ele>606.721</ele><time>2026-09-19T15:26:40Z</time><speed>1.610</speed><sat>30</sat></trkpt>
  <trkpt lat="37.17882715" lon="38.79886965"><ele>606.539</ele><time>2026-09-19T15:26:41Z</time><speed>1.630</speed><sat>28</sat></trkpt>
  <trkpt lat="37.17881391" lon="38.79886424"><ele>606.109</ele><time>2026-09-19T15:26:42Z</time><speed>1.610</speed><sat>27</sat></trkpt>
  <trkpt lat="37.17880071" lon="38.79885968"><ele>606.147</ele><time>2026-09-19T15:26:43Z</time><speed>1.600</speed><sat>27</sat></trkpt>
  <trkpt lat="37.17878768" lon="38.79885479"><ele>605.898</ele><time>2026-09-19T15:26:44Z</time><speed>1.620</speed><sat>27</sat></trkpt>
  <trkpt lat="37.17877599" lon="38.79884797"><ele>605.618</ele><time>2026-09-19T15:26:45Z</time><speed>1.470</speed><sat>27</sat></trkpt>
  <trkpt lat="37.17876648" lon="38.79883580"><ele>605.602</ele><time>2026-09-19T15:26:46Z</time><speed>1.660</speed><sat>28</sat></trkpt>
  <trkpt lat="37.17875546" lon="38.79882474"><ele>605.301</ele><time>2026-09-19T15:26:47Z</time><speed>1.620</speed><sat>28</sat></trkpt>
  <trkpt lat="37.17874501" lon="38.79881165"><ele>604.646</ele><time>2026-09-19T15:26:48Z</time><speed>1.660</speed><sat>27</sat></trkpt>
  <trkpt lat="37.17873180" lon="38.79880504"><ele>605.933</ele><time>2026-09-19T15:26:49Z</time><speed>1.620</speed><sat>28</sat></trkpt>
  <trkpt lat="37.17871739" lon="38.79880160"><ele>605.880</ele><time>2026-09-19T15:26:50Z</time><speed>1.500</speed><sat>28</sat></trkpt>
  <trkpt lat="37.17870261" lon="38.79880094"><ele>606.510</ele><time>2026-09-19T15:26:51Z</time><speed>1.550</speed><sat>28</sat></trkpt>
  <trkpt lat="37.17868787" lon="38.79880072"><ele>607.058</ele><time>2026-09-19T15:26:52Z</time><speed>1.530</speed><sat>28</sat></trkpt>
  <trkpt lat="37.17867427" lon="38.79880088"><ele>606.826</ele><time>2026-09-19T15:26:53Z</time><speed>1.470</speed><sat>28</sat></trkpt>
  <trkpt lat="37.17866069" lon="38.79880158"><ele>607.064</ele><time>2026-09-19T15:26:54Z</time><speed>1.500</speed><sat>29</sat></trkpt>
  <trkpt lat="37.17864939" lon="38.79880131"><ele>605.870</ele><time>2026-09-19T15:26:55Z</time><speed>1.250</speed><sat>29</sat></trkpt>
  <trkpt lat="37.17863870" lon="38.79879914"><ele>605.208</ele><time>2026-09-19T15:26:56Z</time><speed>1.310</speed><sat>29</sat></trkpt>
  <trkpt lat="37.17862701" lon="38.79879480"><ele>604.718</ele><time>2026-09-19T15:26:57Z</time><speed>1.410</speed><sat>29</sat></trkpt>
  <trkpt lat="37.17861448" lon="38.79878985"><ele>605.351</ele><time>2026-09-19T15:26:58Z</time><speed>1.470</speed><sat>29</sat></trkpt>
  <trkpt lat="37.17860196" lon="38.79878489"><ele>605.298</ele><time>2026-09-19T15:26:59Z</time><speed>1.450</speed><sat>29</sat></trkpt>
  <trkpt lat="37.17858920" lon="38.79878052"><ele>605.626</ele><time>2026-09-19T15:27:00Z</time><speed>1.470</speed><sat>29</sat></trkpt>
  <trkpt lat="37.17857636" lon="38.79877643"><ele>605.466</ele><time>2026-09-19T15:27:01Z</time><speed>1.530</speed><sat>30</sat></trkpt>
  <trkpt lat="37.17856379" lon="38.79877308"><ele>605.179</ele><time>2026-09-19T15:27:02Z</time><speed>1.490</speed><sat>30</sat></trkpt>
  <trkpt lat="37.17855182" lon="38.79876979"><ele>604.364</ele><time>2026-09-19T15:27:03Z</time><speed>1.450</speed><sat>30</sat></trkpt>
  <trkpt lat="37.17854056" lon="38.79876636"><ele>603.973</ele><time>2026-09-19T15:27:04Z</time><speed>1.320</speed><sat>30</sat></trkpt>
  <trkpt lat="37.17852986" lon="38.79876308"><ele>604.209</ele><time>2026-09-19T15:27:05Z</time><speed>1.310</speed><sat>30</sat></trkpt>
  <trkpt lat="37.17851832" lon="38.79875881"><ele>604.557</ele><time>2026-09-19T15:27:06Z</time><speed>1.380</speed><sat>30</sat></trkpt>
  <trkpt lat="37.17850572" lon="38.79875457"><ele>604.735</ele><time>2026-09-19T15:27:07Z</time><speed>1.400</speed><sat>30</sat></trkpt>
  <trkpt lat="37.17849541" lon="38.79875137"><ele>604.147</ele><time>2026-09-19T15:27:08Z</time><speed>1.070</speed><sat>30</sat></trkpt>
  <trkpt lat="37.17848815" lon="38.79874884"><ele>604.000</ele><time>2026-09-19T15:27:09Z</time><speed>0.710</speed><sat>30</sat></trkpt>
  <trkpt lat="37.17848456" lon="38.79874717"><ele>603.596</ele><time>2026-09-19T15:27:10Z</time><speed>0.330</speed><sat>31</sat></trkpt>
  <trkpt lat="37.17848565" lon="38.79874665"><ele>603.593</ele><time>2026-09-19T15:27:11Z</time><speed>0.000</speed><sat>30</sat></trkpt>
  <trkpt lat="37.17848683" lon="38.79874667"><ele>603.594</ele><time>2026-09-19T15:27:12Z</time><speed>0.000</speed><sat>30</sat></trkpt>
  <trkpt lat="37.17848738" lon="38.79874664"><ele>603.591</ele><time>2026-09-19T15:27:13Z</time><speed>0.000</speed><sat>30</sat></trkpt>
  <trkpt lat="37.17848762" lon="38.79874658"><ele>603.593</ele><time>2026-09-19T15:27:14Z</time><speed>0.000</speed><sat>31</sat></trkpt>
  <trkpt lat="37.17848643" lon="38.79874491"><ele>603.617</ele><time>2026-09-19T15:27:15Z</time><speed>0.260</speed><sat>31</sat></trkpt>
  <trkpt lat="37.17848568" lon="38.79874381"><ele>603.625</ele><time>2026-09-19T15:27:16Z</time><speed>0.000</speed><sat>31</sat></trkpt>
  <trkpt lat="37.17848574" lon="38.79874371"><ele>603.627</ele><time>2026-09-19T15:27:17Z</time><speed>0.000</speed><sat>30</sat></trkpt>
  <trkpt lat="37.17848577" lon="38.79874366"><ele>603.622</ele><time>2026-09-19T15:27:18Z</time><speed>0.000</speed><sat>28</sat></trkpt>
  <trkpt lat="37.17848580" lon="38.79874362"><ele>603.619</ele><time>2026-09-19T15:27:19Z</time><speed>0.000</speed><sat>30</sat></trkpt>
  <trkpt lat="37.17848580" lon="38.79874360"><ele>603.618</ele><time>2026-09-19T15:27:20Z</time><speed>0.000</speed><sat>29</sat></trkpt>
  <trkpt lat="37.17848450" lon="38.79874309"><ele>603.567</ele><time>2026-09-19T15:27:21Z</time><speed>0.320</speed><sat>31</sat></trkpt>
  <trkpt lat="37.17848042" lon="38.79874121"><ele>603.174</ele><time>2026-09-19T15:27:22Z</time><speed>0.680</speed><sat>31</sat></trkpt>
  <trkpt lat="37.17847206" lon="38.79873894"><ele>603.223</ele><time>2026-09-19T15:27:23Z</time><speed>1.150</speed><sat>31</sat></trkpt>
  <trkpt lat="37.17846083" lon="38.79873593"><ele>602.785</ele><time>2026-09-19T15:27:24Z</time><speed>1.340</speed><sat>32</sat></trkpt>
  <trkpt lat="37.17844827" lon="38.79873225"><ele>602.742</ele><time>2026-09-19T15:27:25Z</time><speed>1.450</speed><sat>32</sat></trkpt>
  <trkpt lat="37.17843595" lon="38.79872876"><ele>602.668</ele><time>2026-09-19T15:27:26Z</time><speed>1.380</speed><sat>31</sat></trkpt>
  <trkpt lat="37.17842381" lon="38.79872531"><ele>603.006</ele><time>2026-09-19T15:27:27Z</time><speed>1.400</speed><sat>29</sat></trkpt>
  <trkpt lat="37.17841182" lon="38.79872245"><ele>602.970</ele><time>2026-09-19T15:27:28Z</time><speed>1.370</speed><sat>29</sat></trkpt>
  <trkpt lat="37.17839914" lon="38.79871943"><ele>602.976</ele><time>2026-09-19T15:27:29Z</time><speed>1.450</speed><sat>29</sat></trkpt>
  <trkpt lat="37.17838598" lon="38.79871718"><ele>603.730</ele><time>2026-09-19T15:27:30Z</time><speed>1.460</speed><sat>31</sat></trkpt>
  <trkpt lat="37.17837333" lon="38.79871429"><ele>603.798</ele><time>2026-09-19T15:27:31Z</time><speed>1.440</speed><sat>32</sat></trkpt>
  <trkpt lat="37.17836008" lon="38.79871033"><ele>604.081</ele><time>2026-09-19T15:27:32Z</time><speed>1.560</speed><sat>32</sat></trkpt>
  <trkpt lat="37.17834642" lon="38.79870490"><ele>604.189</ele><time>2026-09-19T15:27:33Z</time><speed>1.520</speed><sat>32</sat></trkpt>
  <trkpt lat="37.17833209" lon="38.79869876"><ele>604.036</ele><time>2026-09-19T15:27:34Z</time><speed>1.680</speed><sat>33</sat></trkpt>
  <trkpt lat="37.17831795" lon="38.79869242"><ele>603.799</ele><time>2026-09-19T15:27:35Z</time><speed>1.600</speed><sat>33</sat></trkpt>
  <trkpt lat="37.17830391" lon="38.79868619"><ele>603.888</ele><time>2026-09-19T15:27:36Z</time><speed>1.660</speed><sat>34</sat></trkpt>
  <trkpt lat="37.17828975" lon="38.79868053"><ele>603.425</ele><time>2026-09-19T15:27:37Z</time><speed>1.650</speed><sat>33</sat></trkpt>
  <trkpt lat="37.17827578" lon="38.79867613"><ele>603.019</ele><time>2026-09-19T15:27:38Z</time><speed>1.680</speed><sat>32</sat></trkpt>
  <trkpt lat="37.17826156" lon="38.79867192"><ele>603.143</ele><time>2026-09-19T15:27:39Z</time><speed>1.610</speed><sat>32</sat></trkpt>
  <trkpt lat="37.17824762" lon="38.79866808"><ele>603.210</ele><time>2026-09-19T15:27:40Z</time><speed>1.650</speed><sat>33</sat></trkpt>
  <trkpt lat="37.17823402" lon="38.79866431"><ele>603.488</ele><time>2026-09-19T15:27:41Z</time><speed>1.610</speed><sat>33</sat></trkpt>
  <trkpt lat="37.17822086" lon="38.79866035"><ele>603.458</ele><time>2026-09-19T15:27:42Z</time><speed>1.540</speed><sat>33</sat></trkpt>
  <trkpt lat="37.17820724" lon="38.79865677"><ele>603.456</ele><time>2026-09-19T15:27:43Z</time><speed>1.660</speed><sat>33</sat></trkpt>
  <trkpt lat="37.17819325" lon="38.79865356"><ele>602.986</ele><time>2026-09-19T15:27:44Z</time><speed>1.580</speed><sat>32</sat></trkpt>
  <trkpt lat="37.17817997" lon="38.79865092"><ele>603.047</ele><time>2026-09-19T15:27:45Z</time><speed>1.560</speed><sat>31</sat></trkpt>
  <trkpt lat="37.17816572" lon="38.79864826"><ele>603.777</ele><time>2026-09-19T15:27:46Z</time><speed>1.690</speed><sat>30</sat></trkpt>
  <trkpt lat="37.17815190" lon="38.79864495"><ele>603.881</ele><time>2026-09-19T15:27:47Z</time><speed>1.480</speed><sat>30</sat></trkpt>
  <trkpt lat="37.17813842" lon="38.79864147"><ele>603.833</ele><time>2026-09-19T15:27:48Z</time><speed>1.610</speed><sat>30</sat></trkpt>
  <trkpt lat="37.17812396" lon="38.79863759"><ele>603.865</ele><time>2026-09-19T15:27:49Z</time><speed>1.650</speed><sat>30</sat></trkpt>
  <trkpt lat="37.17810969" lon="38.79863335"><ele>603.729</ele><time>2026-09-19T15:27:50Z</time><speed>1.620</speed><sat>30</sat></trkpt>
  <trkpt lat="37.17809636" lon="38.79862912"><ele>603.396</ele><time>2026-09-19T15:27:51Z</time><speed>1.550</speed><sat>30</sat></trkpt>
  <trkpt lat="37.17808313" lon="38.79862438"><ele>603.186</ele><time>2026-09-19T15:27:52Z</time><speed>1.610</speed><sat>29</sat></trkpt>
  <trkpt lat="37.17806953" lon="38.79861988"><ele>603.486</ele><time>2026-09-19T15:27:53Z</time><speed>1.590</speed><sat>29</sat></trkpt>
  <trkpt lat="37.17805525" lon="38.79861454"><ele>603.593</ele><time>2026-09-19T15:27:54Z</time><speed>1.630</speed><sat>29</sat></trkpt>
  <trkpt lat="37.17804063" lon="38.79860952"><ele>603.773</ele><time>2026-09-19T15:27:55Z</time><speed>1.650</speed><sat>29</sat></trkpt>
  <trkpt lat="37.17802629" lon="38.79860486"><ele>603.623</ele><time>2026-09-19T15:27:56Z</time><speed>1.620</speed><sat>29</sat></trkpt>
  <trkpt lat="37.17801199" lon="38.79860208"><ele>603.354</ele><time>2026-09-19T15:27:57Z</time><speed>1.650</speed><sat>29</sat></trkpt>
  <trkpt lat="37.17799760" lon="38.79860011"><ele>602.948</ele><time>2026-09-19T15:27:58Z</time><speed>1.600</speed><sat>28</sat></trkpt>
  <trkpt lat="37.17798420" lon="38.79859796"><ele>602.586</ele><time>2026-09-19T15:27:59Z</time><speed>1.540</speed><sat>29</sat></trkpt>
  <trkpt lat="37.17797113" lon="38.79859490"><ele>602.341</ele><time>2026-09-19T15:28:00Z</time><speed>1.580</speed><sat>29</sat></trkpt>
  <trkpt lat="37.17795794" lon="38.79859107"><ele>602.212</ele><time>2026-09-19T15:28:01Z</time><speed>1.570</speed><sat>29</sat></trkpt>
  <trkpt lat="37.17794497" lon="38.79858649"><ele>602.476</ele><time>2026-09-19T15:28:02Z</time><speed>1.600</speed><sat>29</sat></trkpt>
  <trkpt lat="37.17793242" lon="38.79858211"><ele>602.479</ele><time>2026-09-19T15:28:03Z</time><speed>1.530</speed><sat>29</sat></trkpt>
  <trkpt lat="37.17791938" lon="38.79857793"><ele>602.653</ele><time>2026-09-19T15:28:04Z</time><speed>1.600</speed><sat>29</sat></trkpt>
  <trkpt lat="37.17790540" lon="38.79857368"><ele>602.910</ele><time>2026-09-19T15:28:05Z</time><speed>1.610</speed><sat>31</sat></trkpt>
  <trkpt lat="37.17789180" lon="38.79856989"><ele>602.781</ele><time>2026-09-19T15:28:06Z</time><speed>1.530</speed><sat>31</sat></trkpt>
  <trkpt lat="37.17787846" lon="38.79856596"><ele>602.480</ele><time>2026-09-19T15:28:07Z</time><speed>1.530</speed><sat>31</sat></trkpt>
  <trkpt lat="37.17786529" lon="38.79856153"><ele>602.467</ele><time>2026-09-19T15:28:08Z</time><speed>1.540</speed><sat>29</sat></trkpt>
  <trkpt lat="37.17785229" lon="38.79855724"><ele>602.432</ele><time>2026-09-19T15:28:09Z</time><speed>1.540</speed><sat>30</sat></trkpt>
  <trkpt lat="37.17783870" lon="38.79855321"><ele>602.424</ele><time>2026-09-19T15:28:10Z</time><speed>1.560</speed><sat>30</sat></trkpt>
  <trkpt lat="37.17782471" lon="38.79854908"><ele>602.359</ele><time>2026-09-19T15:28:11Z</time><speed>1.600</speed><sat>30</sat></trkpt>
  <trkpt lat="37.17781163" lon="38.79854535"><ele>601.898</ele><time>2026-09-19T15:28:12Z</time><speed>1.470</speed><sat>30</sat></trkpt>
  <trkpt lat="37.17779840" lon="38.79854108"><ele>601.835</ele><time>2026-09-19T15:28:13Z</time><speed>1.590</speed><sat>30</sat></trkpt>
  <trkpt lat="37.17778520" lon="38.79853622"><ele>602.018</ele><time>2026-09-19T15:28:14Z</time><speed>1.500</speed><sat>30</sat></trkpt>
  <trkpt lat="37.17777245" lon="38.79853192"><ele>602.368</ele><time>2026-09-19T15:28:15Z</time><speed>1.530</speed><sat>30</sat></trkpt>
  <trkpt lat="37.17775945" lon="38.79852916"><ele>602.340</ele><time>2026-09-19T15:28:16Z</time><speed>1.520</speed><sat>29</sat></trkpt>
  <trkpt lat="37.17774661" lon="38.79852639"><ele>602.394</ele><time>2026-09-19T15:28:17Z</time><speed>1.550</speed><sat>29</sat></trkpt>
  <trkpt lat="37.17773350" lon="38.79852304"><ele>602.133</ele><time>2026-09-19T15:28:18Z</time><speed>1.590</speed><sat>29</sat></trkpt>
  <trkpt lat="37.17772129" lon="38.79851842"><ele>601.519</ele><time>2026-09-19T15:28:19Z</time><speed>1.460</speed><sat>29</sat></trkpt>
  <trkpt lat="37.17770952" lon="38.79851345"><ele>601.660</ele><time>2026-09-19T15:28:20Z</time><speed>1.460</speed><sat>29</sat></trkpt>
  <trkpt lat="37.17769740" lon="38.79850824"><ele>601.392</ele><time>2026-09-19T15:28:21Z</time><speed>1.520</speed><sat>29</sat></trkpt>
  <trkpt lat="37.17768497" lon="38.79850282"><ele>601.355</ele><time>2026-09-19T15:28:22Z</time><speed>1.490</speed><sat>29</sat></trkpt>
  <trkpt lat="37.17767278" lon="38.79849776"><ele>601.024</ele><time>2026-09-19T15:28:23Z</time><speed>1.480</speed><sat>29</sat></trkpt>
  <trkpt lat="37.17766027" lon="38.79849250"><ele>600.837</ele><time>2026-09-19T15:28:24Z</time><speed>1.490</speed><sat>29</sat></trkpt>
  <trkpt lat="37.17764813" lon="38.79848787"><ele>600.364</ele><time>2026-09-19T15:28:25Z</time><speed>1.460</speed><sat>29</sat></trkpt>
  <trkpt lat="37.17763643" lon="38.79848402"><ele>599.877</ele><time>2026-09-19T15:28:26Z</time><speed>1.450</speed><sat>29</sat></trkpt>
  <trkpt lat="37.17762496" lon="38.79848075"><ele>599.687</ele><time>2026-09-19T15:28:27Z</time><speed>1.500</speed><sat>29</sat></trkpt>
  <trkpt lat="37.17761269" lon="38.79847658"><ele>599.397</ele><time>2026-09-19T15:28:28Z</time><speed>1.540</speed><sat>28</sat></trkpt>
  <trkpt lat="37.17760037" lon="38.79847241"><ele>599.054</ele><time>2026-09-19T15:28:29Z</time><speed>1.510</speed><sat>28</sat></trkpt>
  <trkpt lat="37.17758786" lon="38.79846847"><ele>598.986</ele><time>2026-09-19T15:28:30Z</time><speed>1.480</speed><sat>28</sat></trkpt>
  <trkpt lat="37.17757537" lon="38.79846391"><ele>598.935</ele><time>2026-09-19T15:28:31Z</time><speed>1.500</speed><sat>29</sat></trkpt>
  <trkpt lat="37.17756295" lon="38.79845968"><ele>599.183</ele><time>2026-09-19T15:28:32Z</time><speed>1.500</speed><sat>29</sat></trkpt>
  <trkpt lat="37.17755041" lon="38.79845487"><ele>599.268</ele><time>2026-09-19T15:28:33Z</time><speed>1.500</speed><sat>29</sat></trkpt>
  <trkpt lat="37.17753808" lon="38.79845010"><ele>599.560</ele><time>2026-09-19T15:28:34Z</time><speed>1.440</speed><sat>29</sat></trkpt>
  <trkpt lat="37.17752572" lon="38.79844550"><ele>599.537</ele><time>2026-09-19T15:28:35Z</time><speed>1.480</speed><sat>30</sat></trkpt>
  <trkpt lat="37.17751301" lon="38.79843994"><ele>599.289</ele><time>2026-09-19T15:28:36Z</time><speed>1.530</speed><sat>30</sat></trkpt>
  <trkpt lat="37.17750060" lon="38.79843389"><ele>599.256</ele><time>2026-09-19T15:28:37Z</time><speed>1.460</speed><sat>29</sat></trkpt>
  <trkpt lat="37.17748874" lon="38.79842943"><ele>599.263</ele><time>2026-09-19T15:28:38Z</time><speed>1.440</speed><sat>27</sat></trkpt>
  <trkpt lat="37.17747647" lon="38.79842596"><ele>599.654</ele><time>2026-09-19T15:28:39Z</time><speed>1.440</speed><sat>27</sat></trkpt>
  <trkpt lat="37.17746397" lon="38.79842296"><ele>599.281</ele><time>2026-09-19T15:28:40Z</time><speed>1.430</speed><sat>28</sat></trkpt>
  <trkpt lat="37.17745162" lon="38.79841869"><ele>598.854</ele><time>2026-09-19T15:28:41Z</time><speed>1.430</speed><sat>27</sat></trkpt>
  <trkpt lat="37.17743972" lon="38.79841295"><ele>598.844</ele><time>2026-09-19T15:28:42Z</time><speed>1.400</speed><sat>27</sat></trkpt>
  <trkpt lat="37.17742754" lon="38.79840774"><ele>600.846</ele><time>2026-09-19T15:28:43Z</time><speed>1.290</speed><sat>28</sat></trkpt>
  <trkpt lat="37.17741595" lon="38.79840352"><ele>601.150</ele><time>2026-09-19T15:28:44Z</time><speed>1.380</speed><sat>30</sat></trkpt>
  <trkpt lat="37.17740197" lon="38.79839976"><ele>601.450</ele><time>2026-09-19T15:28:45Z</time><speed>1.530</speed><sat>30</sat></trkpt>
  <trkpt lat="37.17738802" lon="38.79839626"><ele>600.235</ele><time>2026-09-19T15:28:46Z</time><speed>1.550</speed><sat>30</sat></trkpt>
  <trkpt lat="37.17737513" lon="38.79839307"><ele>599.863</ele><time>2026-09-19T15:28:47Z</time><speed>1.330</speed><sat>31</sat></trkpt>
  <trkpt lat="37.17736445" lon="38.79838481"><ele>599.947</ele><time>2026-09-19T15:28:48Z</time><speed>1.620</speed><sat>31</sat></trkpt>
  <trkpt lat="37.17735232" lon="38.79837374"><ele>600.225</ele><time>2026-09-19T15:28:49Z</time><speed>1.640</speed><sat>31</sat></trkpt>
  <trkpt lat="37.17734126" lon="38.79836273"><ele>600.103</ele><time>2026-09-19T15:28:50Z</time><speed>1.450</speed><sat>31</sat></trkpt>
  <trkpt lat="37.17732922" lon="38.79835442"><ele>600.039</ele><time>2026-09-19T15:28:51Z</time><speed>1.540</speed><sat>31</sat></trkpt>
  <trkpt lat="37.17731556" lon="38.79835044"><ele>600.056</ele><time>2026-09-19T15:28:52Z</time><speed>1.360</speed><sat>31</sat></trkpt>
  <trkpt lat="37.17730471" lon="38.79834654"><ele>599.703</ele><time>2026-09-19T15:28:53Z</time><speed>1.020</speed><sat>25</sat></trkpt>
  <trkpt lat="37.17729521" lon="38.79834467"><ele>599.616</ele><time>2026-09-19T15:28:54Z</time><speed>1.020</speed><sat>25</sat></trkpt>
  <trkpt lat="37.17728757" lon="38.79834255"><ele>599.667</ele><time>2026-09-19T15:28:55Z</time><speed>0.530</speed><sat>27</sat></trkpt>
  <trkpt lat="37.17728078" lon="38.79834005"><ele>598.745</ele><time>2026-09-19T15:28:56Z</time><speed>0.900</speed><sat>27</sat></trkpt>
  <trkpt lat="37.17727152" lon="38.79833512"><ele>598.633</ele><time>2026-09-19T15:28:57Z</time><speed>0.990</speed><sat>28</sat></trkpt>
  <trkpt lat="37.17726397" lon="38.79833053"><ele>598.451</ele><time>2026-09-19T15:28:58Z</time><speed>0.690</speed><sat>28</sat></trkpt>
  <trkpt lat="37.17725096" lon="38.79832600"><ele>598.982</ele><time>2026-09-19T15:28:59Z</time><speed>1.700</speed><sat>28</sat></trkpt>
  <trkpt lat="37.17723544" lon="38.79832639"><ele>598.768</ele><time>2026-09-19T15:29:00Z</time><speed>1.270</speed><sat>27</sat></trkpt>
  <trkpt lat="37.17721818" lon="38.79833140"><ele>598.100</ele><time>2026-09-19T15:29:01Z</time><speed>1.760</speed><sat>26</sat></trkpt>
  <trkpt lat="37.17720070" lon="38.79833669"><ele>599.049</ele><time>2026-09-19T15:29:02Z</time><speed>1.520</speed><sat>26</sat></trkpt>
  <trkpt lat="37.17718378" lon="38.79833877"><ele>599.262</ele><time>2026-09-19T15:29:03Z</time><speed>1.510</speed><sat>27</sat></trkpt>
  <trkpt lat="37.17716686" lon="38.79833992"><ele>600.893</ele><time>2026-09-19T15:29:04Z</time><speed>1.420</speed><sat>28</sat></trkpt>
  <trkpt lat="37.17715059" lon="38.79833866"><ele>600.892</ele><time>2026-09-19T15:29:05Z</time><speed>1.470</speed><sat>30</sat></trkpt>
  <trkpt lat="37.17713409" lon="38.79833686"><ele>600.940</ele><time>2026-09-19T15:29:06Z</time><speed>1.530</speed><sat>30</sat></trkpt>
  <trkpt lat="37.17711753" lon="38.79833432"><ele>600.932</ele><time>2026-09-19T15:29:07Z</time><speed>1.590</speed><sat>29</sat></trkpt>
  <trkpt lat="37.17710136" lon="38.79833130"><ele>600.283</ele><time>2026-09-19T15:29:08Z</time><speed>1.540</speed><sat>30</sat></trkpt>
  <trkpt lat="37.17708593" lon="38.79832703"><ele>599.617</ele><time>2026-09-19T15:29:09Z</time><speed>1.520</speed><sat>30</sat></trkpt>
  <trkpt lat="37.17707106" lon="38.79832183"><ele>599.565</ele><time>2026-09-19T15:29:10Z</time><speed>1.560</speed><sat>30</sat></trkpt>
  <trkpt lat="37.17705599" lon="38.79831598"><ele>599.499</ele><time>2026-09-19T15:29:11Z</time><speed>1.590</speed><sat>32</sat></trkpt>
  <trkpt lat="37.17704177" lon="38.79830926"><ele>599.267</ele><time>2026-09-19T15:29:12Z</time><speed>1.670</speed><sat>32</sat></trkpt>
  <trkpt lat="37.17702742" lon="38.79830289"><ele>599.103</ele><time>2026-09-19T15:29:13Z</time><speed>1.640</speed><sat>33</sat></trkpt>
  <trkpt lat="37.17701312" lon="38.79829823"><ele>598.175</ele><time>2026-09-19T15:29:14Z</time><speed>1.580</speed><sat>33</sat></trkpt>
  <trkpt lat="37.17699988" lon="38.79829367"><ele>597.151</ele><time>2026-09-19T15:29:15Z</time><speed>1.450</speed><sat>33</sat></trkpt>
  <trkpt lat="37.17698719" lon="38.79829039"><ele>596.669</ele><time>2026-09-19T15:29:16Z</time><speed>1.470</speed><sat>33</sat></trkpt>
  <trkpt lat="37.17697529" lon="38.79828651"><ele>596.223</ele><time>2026-09-19T15:29:17Z</time><speed>1.400</speed><sat>33</sat></trkpt>
  <trkpt lat="37.17696325" lon="38.79828285"><ele>596.501</ele><time>2026-09-19T15:29:18Z</time><speed>1.530</speed><sat>32</sat></trkpt>
  <trkpt lat="37.17695368" lon="38.79827954"><ele>595.366</ele><time>2026-09-19T15:29:19Z</time><speed>1.080</speed><sat>33</sat></trkpt>
  <trkpt lat="37.17694404" lon="38.79827808"><ele>595.088</ele><time>2026-09-19T15:29:20Z</time><speed>1.310</speed><sat>33</sat></trkpt>
  <trkpt lat="37.17693161" lon="38.79827636"><ele>595.086</ele><time>2026-09-19T15:29:21Z</time><speed>1.630</speed><sat>33</sat></trkpt>
  <trkpt lat="37.17691924" lon="38.79827366"><ele>594.730</ele><time>2026-09-19T15:29:22Z</time><speed>1.430</speed><sat>34</sat></trkpt>
  <trkpt lat="37.17690660" lon="38.79827025"><ele>594.746</ele><time>2026-09-19T15:29:23Z</time><speed>1.500</speed><sat>35</sat></trkpt>
  <trkpt lat="37.17689360" lon="38.79826650"><ele>594.514</ele><time>2026-09-19T15:29:24Z</time><speed>1.500</speed><sat>35</sat></trkpt>
  <trkpt lat="37.17688046" lon="38.79826370"><ele>593.971</ele><time>2026-09-19T15:29:25Z</time><speed>1.500</speed><sat>34</sat></trkpt>
  <trkpt lat="37.17686727" lon="38.79826052"><ele>593.610</ele><time>2026-09-19T15:29:26Z</time><speed>1.510</speed><sat>34</sat></trkpt>
  <trkpt lat="37.17685388" lon="38.79825699"><ele>593.291</ele><time>2026-09-19T15:29:27Z</time><speed>1.510</speed><sat>34</sat></trkpt>
  <trkpt lat="37.17684074" lon="38.79825181"><ele>592.929</ele><time>2026-09-19T15:29:28Z</time><speed>1.510</speed><sat>33</sat></trkpt>
  <trkpt lat="37.17682802" lon="38.79824380"><ele>592.493</ele><time>2026-09-19T15:29:29Z</time><speed>1.550</speed><sat>32</sat></trkpt>
  <trkpt lat="37.17681585" lon="38.79823522"><ele>592.125</ele><time>2026-09-19T15:29:30Z</time><speed>1.500</speed><sat>31</sat></trkpt>
  <trkpt lat="37.17680425" lon="38.79822809"><ele>592.146</ele><time>2026-09-19T15:29:31Z</time><speed>1.370</speed><sat>30</sat></trkpt>
  <trkpt lat="37.17679261" lon="38.79822374"><ele>591.822</ele><time>2026-09-19T15:29:32Z</time><speed>1.400</speed><sat>30</sat></trkpt>
  <trkpt lat="37.17678068" lon="38.79822131"><ele>591.746</ele><time>2026-09-19T15:29:33Z</time><speed>1.370</speed><sat>30</sat></trkpt>
  <trkpt lat="37.17676849" lon="38.79821991"><ele>591.859</ele><time>2026-09-19T15:29:34Z</time><speed>1.410</speed><sat>30</sat></trkpt>
  <trkpt lat="37.17675562" lon="38.79821763"><ele>591.607</ele><time>2026-09-19T15:29:35Z</time><speed>1.440</speed><sat>30</sat></trkpt>
  <trkpt lat="37.17674264" lon="38.79821423"><ele>591.132</ele><time>2026-09-19T15:29:36Z</time><speed>1.410</speed><sat>31</sat></trkpt>
  <trkpt lat="37.17673001" lon="38.79821069"><ele>590.881</ele><time>2026-09-19T15:29:37Z</time><speed>1.390</speed><sat>32</sat></trkpt>
  <trkpt lat="37.17671771" lon="38.79820714"><ele>590.860</ele><time>2026-09-19T15:29:38Z</time><speed>1.400</speed><sat>32</sat></trkpt>
  <trkpt lat="37.17670552" lon="38.79820335"><ele>590.561</ele><time>2026-09-19T15:29:39Z</time><speed>1.370</speed><sat>32</sat></trkpt>
  <trkpt lat="37.17669374" lon="38.79819967"><ele>590.353</ele><time>2026-09-19T15:29:40Z</time><speed>1.350</speed><sat>32</sat></trkpt>
  <trkpt lat="37.17668206" lon="38.79819614"><ele>590.402</ele><time>2026-09-19T15:29:41Z</time><speed>1.340</speed><sat>32</sat></trkpt>
  <trkpt lat="37.17666976" lon="38.79819220"><ele>590.257</ele><time>2026-09-19T15:29:42Z</time><speed>1.390</speed><sat>32</sat></trkpt>
  <trkpt lat="37.17665675" lon="38.79818771"><ele>590.459</ele><time>2026-09-19T15:29:43Z</time><speed>1.480</speed><sat>32</sat></trkpt>
  <trkpt lat="37.17664412" lon="38.79818244"><ele>590.381</ele><time>2026-09-19T15:29:44Z</time><speed>1.460</speed><sat>32</sat></trkpt>
  <trkpt lat="37.17663122" lon="38.79817683"><ele>590.402</ele><time>2026-09-19T15:29:45Z</time><speed>1.550</speed><sat>31</sat></trkpt>
  <trkpt lat="37.17661822" lon="38.79817062"><ele>589.845</ele><time>2026-09-19T15:29:46Z</time><speed>1.490</speed><sat>32</sat></trkpt>
  <trkpt lat="37.17660586" lon="38.79816419"><ele>589.519</ele><time>2026-09-19T15:29:47Z</time><speed>1.480</speed><sat>32</sat></trkpt>
  <trkpt lat="37.17659405" lon="38.79815624"><ele>589.037</ele><time>2026-09-19T15:29:48Z</time><speed>1.530</speed><sat>32</sat></trkpt>
  <trkpt lat="37.17658188" lon="38.79814961"><ele>589.369</ele><time>2026-09-19T15:29:49Z</time><speed>1.580</speed><sat>31</sat></trkpt>
  <trkpt lat="37.17656927" lon="38.79814406"><ele>589.666</ele><time>2026-09-19T15:29:50Z</time><speed>1.610</speed><sat>31</sat></trkpt>
  <trkpt lat="37.17655357" lon="38.79814673"><ele>590.196</ele><time>2026-09-19T15:29:51Z</time><speed>2.040</speed><sat>29</sat></trkpt>
  <trkpt lat="37.17653841" lon="38.79815139"><ele>590.309</ele><time>2026-09-19T15:29:52Z</time><speed>1.670</speed><sat>28</sat></trkpt>
  <trkpt lat="37.17652566" lon="38.79815351"><ele>589.444</ele><time>2026-09-19T15:29:53Z</time><speed>1.450</speed><sat>28</sat></trkpt>
  <trkpt lat="37.17651360" lon="38.79815276"><ele>589.421</ele><time>2026-09-19T15:29:54Z</time><speed>1.500</speed><sat>28</sat></trkpt>
  <trkpt lat="37.17650102" lon="38.79814753"><ele>589.300</ele><time>2026-09-19T15:29:55Z</time><speed>1.580</speed><sat>28</sat></trkpt>
  <trkpt lat="37.17648786" lon="38.79814129"><ele>588.992</ele><time>2026-09-19T15:29:56Z</time><speed>1.610</speed><sat>29</sat></trkpt>
  <trkpt lat="37.17647434" lon="38.79813581"><ele>588.648</ele><time>2026-09-19T15:29:57Z</time><speed>1.640</speed><sat>29</sat></trkpt>
  <trkpt lat="37.17646056" lon="38.79813085"><ele>588.350</ele><time>2026-09-19T15:29:58Z</time><speed>1.660</speed><sat>29</sat></trkpt>
  <trkpt lat="37.17644711" lon="38.79812629"><ele>588.476</ele><time>2026-09-19T15:29:59Z</time><speed>1.550</speed><sat>29</sat></trkpt>
  <trkpt lat="37.17643421" lon="38.79812144"><ele>588.344</ele><time>2026-09-19T15:30:00Z</time><speed>1.580</speed><sat>29</sat></trkpt>
  <trkpt lat="37.17642152" lon="38.79811728"><ele>588.016</ele><time>2026-09-19T15:30:01Z</time><speed>1.490</speed><sat>29</sat></trkpt>
  <trkpt lat="37.17640913" lon="38.79811339"><ele>588.000</ele><time>2026-09-19T15:30:02Z</time><speed>1.520</speed><sat>30</sat></trkpt>
  <trkpt lat="37.17639634" lon="38.79810969"><ele>587.816</ele><time>2026-09-19T15:30:03Z</time><speed>1.510</speed><sat>30</sat></trkpt>
  <trkpt lat="37.17638424" lon="38.79810631"><ele>587.672</ele><time>2026-09-19T15:30:04Z</time><speed>1.430</speed><sat>30</sat></trkpt>
  <trkpt lat="37.17637183" lon="38.79810299"><ele>587.728</ele><time>2026-09-19T15:30:05Z</time><speed>1.530</speed><sat>30</sat></trkpt>
  <trkpt lat="37.17635968" lon="38.79809889"><ele>588.018</ele><time>2026-09-19T15:30:06Z</time><speed>1.430</speed><sat>30</sat></trkpt>
  <trkpt lat="37.17634780" lon="38.79809564"><ele>588.042</ele><time>2026-09-19T15:30:07Z</time><speed>1.480</speed><sat>30</sat></trkpt>
  <trkpt lat="37.17633467" lon="38.79809307"><ele>588.598</ele><time>2026-09-19T15:30:08Z</time><speed>1.560</speed><sat>32</sat></trkpt>
  <trkpt lat="37.17632090" lon="38.79808993"><ele>589.073</ele><time>2026-09-19T15:30:09Z</time><speed>1.570</speed><sat>32</sat></trkpt>
  <trkpt lat="37.17630736" lon="38.79808534"><ele>589.087</ele><time>2026-09-19T15:30:10Z</time><speed>1.470</speed><sat>32</sat></trkpt>
  <trkpt lat="37.17629436" lon="38.79808098"><ele>589.451</ele><time>2026-09-19T15:30:11Z</time><speed>1.480</speed><sat>32</sat></trkpt>
  <trkpt lat="37.17628169" lon="38.79807626"><ele>589.667</ele><time>2026-09-19T15:30:12Z</time><speed>1.460</speed><sat>32</sat></trkpt>
  <trkpt lat="37.17626927" lon="38.79807069"><ele>589.729</ele><time>2026-09-19T15:30:13Z</time><speed>1.470</speed><sat>30</sat></trkpt>
  <trkpt lat="37.17625702" lon="38.79806617"><ele>588.981</ele><time>2026-09-19T15:30:14Z</time><speed>1.470</speed><sat>31</sat></trkpt>
  <trkpt lat="37.17624510" lon="38.79806124"><ele>589.106</ele><time>2026-09-19T15:30:15Z</time><speed>1.510</speed><sat>31</sat></trkpt>
  <trkpt lat="37.17623319" lon="38.79805622"><ele>588.589</ele><time>2026-09-19T15:30:16Z</time><speed>1.540</speed><sat>31</sat></trkpt>
  <trkpt lat="37.17622089" lon="38.79805138"><ele>588.457</ele><time>2026-09-19T15:30:17Z</time><speed>1.560</speed><sat>31</sat></trkpt>
  <trkpt lat="37.17620856" lon="38.79804632"><ele>588.005</ele><time>2026-09-19T15:30:18Z</time><speed>1.480</speed><sat>31</sat></trkpt>
  <trkpt lat="37.17619601" lon="38.79804236"><ele>588.354</ele><time>2026-09-19T15:30:19Z</time><speed>1.540</speed><sat>31</sat></trkpt>
  <trkpt lat="37.17618342" lon="38.79803878"><ele>588.108</ele><time>2026-09-19T15:30:20Z</time><speed>1.460</speed><sat>31</sat></trkpt>
  <trkpt lat="37.17617143" lon="38.79803466"><ele>588.044</ele><time>2026-09-19T15:30:21Z</time><speed>1.400</speed><sat>31</sat></trkpt>
  <trkpt lat="37.17615951" lon="38.79803079"><ele>588.046</ele><time>2026-09-19T15:30:22Z</time><speed>1.440</speed><sat>31</sat></trkpt>
  <trkpt lat="37.17614752" lon="38.79802799"><ele>588.206</ele><time>2026-09-19T15:30:23Z</time><speed>1.430</speed><sat>31</sat></trkpt>
  <trkpt lat="37.17613655" lon="38.79802477"><ele>587.579</ele><time>2026-09-19T15:30:24Z</time><speed>1.380</speed><sat>32</sat></trkpt>
  <trkpt lat="37.17612595" lon="38.79802189"><ele>587.433</ele><time>2026-09-19T15:30:25Z</time><speed>1.360</speed><sat>33</sat></trkpt>
  <trkpt lat="37.17611518" lon="38.79801778"><ele>586.993</ele><time>2026-09-19T15:30:26Z</time><speed>1.370</speed><sat>33</sat></trkpt>
  <trkpt lat="37.17610404" lon="38.79801366"><ele>587.368</ele><time>2026-09-19T15:30:27Z</time><speed>1.360</speed><sat>32</sat></trkpt>
  <trkpt lat="37.17609250" lon="38.79801065"><ele>587.756</ele><time>2026-09-19T15:30:28Z</time><speed>1.360</speed><sat>32</sat></trkpt>
  <trkpt lat="37.17607994" lon="38.79800620"><ele>587.175</ele><time>2026-09-19T15:30:29Z</time><speed>1.450</speed><sat>32</sat></trkpt>
  <trkpt lat="37.17606711" lon="38.79800190"><ele>586.904</ele><time>2026-09-19T15:30:30Z</time><speed>1.440</speed><sat>32</sat></trkpt>
  <trkpt lat="37.17605453" lon="38.79799734"><ele>586.713</ele><time>2026-09-19T15:30:31Z</time><speed>1.430</speed><sat>32</sat></trkpt>
  <trkpt lat="37.17604275" lon="38.79799313"><ele>586.235</ele><time>2026-09-19T15:30:32Z</time><speed>1.220</speed><sat>33</sat></trkpt>
  <trkpt lat="37.17603203" lon="38.79798827"><ele>585.849</ele><time>2026-09-19T15:30:33Z</time><speed>1.270</speed><sat>33</sat></trkpt>
  <trkpt lat="37.17602222" lon="38.79798336"><ele>585.913</ele><time>2026-09-19T15:30:34Z</time><speed>1.190</speed><sat>32</sat></trkpt>
  <trkpt lat="37.17601190" lon="38.79797748"><ele>585.948</ele><time>2026-09-19T15:30:35Z</time><speed>1.310</speed><sat>32</sat></trkpt>
  <trkpt lat="37.17599875" lon="38.79797248"><ele>585.833</ele><time>2026-09-19T15:30:36Z</time><speed>1.480</speed><sat>32</sat></trkpt>
  <trkpt lat="37.17598513" lon="38.79797018"><ele>586.155</ele><time>2026-09-19T15:30:37Z</time><speed>1.450</speed><sat>33</sat></trkpt>
  <trkpt lat="37.17597218" lon="38.79797329"><ele>586.330</ele><time>2026-09-19T15:30:38Z</time><speed>1.500</speed><sat>32</sat></trkpt>
  <trkpt lat="37.17595978" lon="38.79797616"><ele>586.732</ele><time>2026-09-19T15:30:39Z</time><speed>1.340</speed><sat>32</sat></trkpt>
  <trkpt lat="37.17594676" lon="38.79797628"><ele>585.310</ele><time>2026-09-19T15:30:40Z</time><speed>1.440</speed><sat>32</sat></trkpt>
  <trkpt lat="37.17593336" lon="38.79797366"><ele>585.390</ele><time>2026-09-19T15:30:41Z</time><speed>1.520</speed><sat>31</sat></trkpt>
  <trkpt lat="37.17591937" lon="38.79796596"><ele>586.322</ele><time>2026-09-19T15:30:42Z</time><speed>1.620</speed><sat>31</sat></trkpt>
  <trkpt lat="37.17590645" lon="38.79795654"><ele>586.198</ele><time>2026-09-19T15:30:43Z</time><speed>1.550</speed><sat>31</sat></trkpt>
  <trkpt lat="37.17589281" lon="38.79794750"><ele>585.977</ele><time>2026-09-19T15:30:44Z</time><speed>1.600</speed><sat>31</sat></trkpt>
  <trkpt lat="37.17587981" lon="38.79794062"><ele>586.026</ele><time>2026-09-19T15:30:45Z</time><speed>1.370</speed><sat>31</sat></trkpt>
  <trkpt lat="37.17586669" lon="38.79793571"><ele>586.411</ele><time>2026-09-19T15:30:46Z</time><speed>1.450</speed><sat>32</sat></trkpt>
  <trkpt lat="37.17585384" lon="38.79793188"><ele>585.899</ele><time>2026-09-19T15:30:47Z</time><speed>1.380</speed><sat>32</sat></trkpt>
  <trkpt lat="37.17584160" lon="38.79792886"><ele>586.105</ele><time>2026-09-19T15:30:48Z</time><speed>1.360</speed><sat>32</sat></trkpt>
  <trkpt lat="37.17582956" lon="38.79792655"><ele>586.087</ele><time>2026-09-19T15:30:49Z</time><speed>1.320</speed><sat>31</sat></trkpt>
  <trkpt lat="37.17581751" lon="38.79792306"><ele>585.906</ele><time>2026-09-19T15:30:50Z</time><speed>1.410</speed><sat>31</sat></trkpt>
  <trkpt lat="37.17580527" lon="38.79791895"><ele>585.349</ele><time>2026-09-19T15:30:51Z</time><speed>1.400</speed><sat>31</sat></trkpt>
  <trkpt lat="37.17579375" lon="38.79791442"><ele>584.913</ele><time>2026-09-19T15:30:52Z</time><speed>1.350</speed><sat>31</sat></trkpt>
  <trkpt lat="37.17578221" lon="38.79791021"><ele>584.900</ele><time>2026-09-19T15:30:53Z</time><speed>1.430</speed><sat>31</sat></trkpt>
  <trkpt lat="37.17577091" lon="38.79790540"><ele>584.997</ele><time>2026-09-19T15:30:54Z</time><speed>1.400</speed><sat>31</sat></trkpt>
  <trkpt lat="37.17575975" lon="38.79790027"><ele>584.933</ele><time>2026-09-19T15:30:55Z</time><speed>1.370</speed><sat>30</sat></trkpt>
  <trkpt lat="37.17574886" lon="38.79789326"><ele>584.503</ele><time>2026-09-19T15:30:56Z</time><speed>1.400</speed><sat>30</sat></trkpt>
  <trkpt lat="37.17573702" lon="38.79788652"><ele>585.256</ele><time>2026-09-19T15:30:57Z</time><speed>1.440</speed><sat>29</sat></trkpt>
  <trkpt lat="37.17572543" lon="38.79787811"><ele>584.733</ele><time>2026-09-19T15:30:58Z</time><speed>1.460</speed><sat>29</sat></trkpt>
  <trkpt lat="37.17571544" lon="38.79786736"><ele>584.363</ele><time>2026-09-19T15:30:59Z</time><speed>1.470</speed><sat>28</sat></trkpt>
  <trkpt lat="37.17570640" lon="38.79785599"><ele>584.089</ele><time>2026-09-19T15:31:00Z</time><speed>1.420</speed><sat>28</sat></trkpt>
  <trkpt lat="37.17569748" lon="38.79784885"><ele>583.894</ele><time>2026-09-19T15:31:01Z</time><speed>1.010</speed><sat>28</sat></trkpt>
  <trkpt lat="37.17568826" lon="38.79784562"><ele>583.850</ele><time>2026-09-19T15:31:02Z</time><speed>1.020</speed><sat>28</sat></trkpt>
  <trkpt lat="37.17567580" lon="38.79784520"><ele>583.665</ele><time>2026-09-19T15:31:03Z</time><speed>1.170</speed><sat>28</sat></trkpt>
  <trkpt lat="37.17566138" lon="38.79784403"><ele>583.451</ele><time>2026-09-19T15:31:04Z</time><speed>1.290</speed><sat>28</sat></trkpt>
  <trkpt lat="37.17564583" lon="38.79783953"><ele>583.269</ele><time>2026-09-19T15:31:05Z</time><speed>1.470</speed><sat>28</sat></trkpt>
  <trkpt lat="37.17563141" lon="38.79783321"><ele>582.473</ele><time>2026-09-19T15:31:06Z</time><speed>1.390</speed><sat>29</sat></trkpt>
  <trkpt lat="37.17561528" lon="38.79782823"><ele>583.246</ele><time>2026-09-19T15:31:07Z</time><speed>1.530</speed><sat>29</sat></trkpt>
  <trkpt lat="37.17559814" lon="38.79782451"><ele>583.062</ele><time>2026-09-19T15:31:08Z</time><speed>1.630</speed><sat>29</sat></trkpt>
  <trkpt lat="37.17558060" lon="38.79782187"><ele>582.456</ele><time>2026-09-19T15:31:09Z</time><speed>1.650</speed><sat>30</sat></trkpt>
  <trkpt lat="37.17556459" lon="38.79782133"><ele>582.604</ele><time>2026-09-19T15:31:10Z</time><speed>1.510</speed><sat>30</sat></trkpt>
  <trkpt lat="37.17555382" lon="38.79782160"><ele>582.647</ele><time>2026-09-19T15:31:11Z</time><speed>1.150</speed><sat>30</sat></trkpt>
  <trkpt lat="37.17554180" lon="38.79782081"><ele>582.995</ele><time>2026-09-19T15:31:12Z</time><speed>1.300</speed><sat>30</sat></trkpt>
  <trkpt lat="37.17552882" lon="38.79781674"><ele>583.556</ele><time>2026-09-19T15:31:13Z</time><speed>1.310</speed><sat>30</sat></trkpt>
  <trkpt lat="37.17551364" lon="38.79781370"><ele>584.806</ele><time>2026-09-19T15:31:14Z</time><speed>1.560</speed><sat>30</sat></trkpt>
  <trkpt lat="37.17549928" lon="38.79781316"><ele>585.531</ele><time>2026-09-19T15:31:15Z</time><speed>1.170</speed><sat>30</sat></trkpt>
  <trkpt lat="37.17548391" lon="38.79781040"><ele>586.023</ele><time>2026-09-19T15:31:16Z</time><speed>1.710</speed><sat>28</sat></trkpt>
  <trkpt lat="37.17547016" lon="38.79780651"><ele>586.874</ele><time>2026-09-19T15:31:17Z</time><speed>1.400</speed><sat>26</sat></trkpt>
  <trkpt lat="37.17545818" lon="38.79780148"><ele>587.494</ele><time>2026-09-19T15:31:18Z</time><speed>1.370</speed><sat>24</sat></trkpt>
  <trkpt lat="37.17544653" lon="38.79779685"><ele>588.036</ele><time>2026-09-19T15:31:19Z</time><speed>1.310</speed><sat>24</sat></trkpt>
  <trkpt lat="37.17543445" lon="38.79779457"><ele>588.512</ele><time>2026-09-19T15:31:20Z</time><speed>1.360</speed><sat>24</sat></trkpt>
  <trkpt lat="37.17542091" lon="38.79779285"><ele>589.675</ele><time>2026-09-19T15:31:21Z</time><speed>1.380</speed><sat>24</sat></trkpt>
  <trkpt lat="37.17540848" lon="38.79779309"><ele>590.249</ele><time>2026-09-19T15:31:22Z</time><speed>1.310</speed><sat>25</sat></trkpt>
  <trkpt lat="37.17539513" lon="38.79779156"><ele>590.121</ele><time>2026-09-19T15:31:23Z</time><speed>1.400</speed><sat>26</sat></trkpt>
  <trkpt lat="37.17538219" lon="38.79778595"><ele>590.695</ele><time>2026-09-19T15:31:24Z</time><speed>1.400</speed><sat>27</sat></trkpt>
  <trkpt lat="37.17537066" lon="38.79778200"><ele>591.159</ele><time>2026-09-19T15:31:25Z</time><speed>1.220</speed><sat>26</sat></trkpt>
  <trkpt lat="37.17535676" lon="38.79777803"><ele>592.216</ele><time>2026-09-19T15:31:26Z</time><speed>1.580</speed><sat>26</sat></trkpt>
  <trkpt lat="37.17534112" lon="38.79777090"><ele>591.885</ele><time>2026-09-19T15:31:27Z</time><speed>1.750</speed><sat>26</sat></trkpt>
  <trkpt lat="37.17532423" lon="38.79776443"><ele>591.409</ele><time>2026-09-19T15:31:28Z</time><speed>1.550</speed><sat>24</sat></trkpt>
  <trkpt lat="37.17530693" lon="38.79775942"><ele>592.300</ele><time>2026-09-19T15:31:29Z</time><speed>1.440</speed><sat>20</sat></trkpt>
  <trkpt lat="37.17529062" lon="38.79775545"><ele>593.189</ele><time>2026-09-19T15:31:30Z</time><speed>1.290</speed><sat>23</sat></trkpt>
  <trkpt lat="37.17527366" lon="38.79775369"><ele>594.049</ele><time>2026-09-19T15:31:31Z</time><speed>1.350</speed><sat>24</sat></trkpt>
  <trkpt lat="37.17525421" lon="38.79775250"><ele>594.417</ele><time>2026-09-19T15:31:32Z</time><speed>1.680</speed><sat>24</sat></trkpt>
  <trkpt lat="37.17523540" lon="38.79774993"><ele>594.600</ele><time>2026-09-19T15:31:33Z</time><speed>1.520</speed><sat>24</sat></trkpt>
  <trkpt lat="37.17521735" lon="38.79774719"><ele>595.073</ele><time>2026-09-19T15:31:34Z</time><speed>1.660</speed><sat>26</sat></trkpt>
  <trkpt lat="37.17520226" lon="38.79774562"><ele>595.523</ele><time>2026-09-19T15:31:35Z</time><speed>1.280</speed><sat>25</sat></trkpt>
  <trkpt lat="37.17519013" lon="38.79774133"><ele>595.143</ele><time>2026-09-19T15:31:36Z</time><speed>1.150</speed><sat>25</sat></trkpt>
  <trkpt lat="37.17517665" lon="38.79773769"><ele>595.408</ele><time>2026-09-19T15:31:37Z</time><speed>1.460</speed><sat>24</sat></trkpt>
  <trkpt lat="37.17516051" lon="38.79773454"><ele>595.673</ele><time>2026-09-19T15:31:38Z</time><speed>1.530</speed><sat>24</sat></trkpt>
  <trkpt lat="37.17514346" lon="38.79773298"><ele>597.414</ele><time>2026-09-19T15:31:39Z</time><speed>1.560</speed><sat>24</sat></trkpt>
  <trkpt lat="37.17512871" lon="38.79773270"><ele>597.149</ele><time>2026-09-19T15:31:40Z</time><speed>1.330</speed><sat>21</sat></trkpt>
  <trkpt lat="37.17511744" lon="38.79773107"><ele>596.807</ele><time>2026-09-19T15:31:41Z</time><speed>1.180</speed><sat>22</sat></trkpt>
  <trkpt lat="37.17511077" lon="38.79772378"><ele>596.721</ele><time>2026-09-19T15:31:42Z</time><speed>1.240</speed><sat>22</sat></trkpt>
  <trkpt lat="37.17510844" lon="38.79771482"><ele>595.836</ele><time>2026-09-19T15:31:43Z</time><speed>0.880</speed><sat>22</sat></trkpt>
  <trkpt lat="37.17509491" lon="38.79770538"><ele>595.374</ele><time>2026-09-19T15:31:44Z</time><speed>2.040</speed><sat>22</sat></trkpt>
  <trkpt lat="37.17506321" lon="38.79770998"><ele>595.262</ele><time>2026-09-19T15:31:45Z</time><speed>4.090</speed><sat>18</sat></trkpt>
  <trkpt lat="37.17502671" lon="38.79772999"><ele>595.092</ele><time>2026-09-19T15:31:46Z</time><speed>3.690</speed><sat>17</sat></trkpt>
  <trkpt lat="37.17500132" lon="38.79774841"><ele>595.573</ele><time>2026-09-19T15:31:47Z</time><speed>3.130</speed><sat>16</sat></trkpt>
  <trkpt lat="37.17498414" lon="38.79776335"><ele>594.375</ele><time>2026-09-19T15:31:48Z</time><speed>2.940</speed><sat>19</sat></trkpt>
  <trkpt lat="37.17496676" lon="38.79778074"><ele>594.368</ele><time>2026-09-19T15:31:49Z</time><speed>3.150</speed><sat>23</sat></trkpt>
  <trkpt lat="37.17496209" lon="38.79778154"><ele>592.497</ele><time>2026-09-19T15:31:50Z</time><speed>1.520</speed><sat>23</sat></trkpt>
  <trkpt lat="37.17495636" lon="38.79778120"><ele>592.254</ele><time>2026-09-19T15:31:51Z</time><speed>2.170</speed><sat>26</sat></trkpt>
  <trkpt lat="37.17495050" lon="38.79777740"><ele>591.993</ele><time>2026-09-19T15:31:52Z</time><speed>1.660</speed><sat>26</sat></trkpt>
  <trkpt lat="37.17494538" lon="38.79777318"><ele>591.503</ele><time>2026-09-19T15:31:53Z</time><speed>1.590</speed><sat>26</sat></trkpt>
  <trkpt lat="37.17494001" lon="38.79777116"><ele>591.078</ele><time>2026-09-19T15:31:54Z</time><speed>1.530</speed><sat>27</sat></trkpt>
  <trkpt lat="37.17493504" lon="38.79776876"><ele>590.042</ele><time>2026-09-19T15:31:55Z</time><speed>1.430</speed><sat>27</sat></trkpt>
  <trkpt lat="37.17492949" lon="38.79776867"><ele>589.881</ele><time>2026-09-19T15:31:56Z</time><speed>1.450</speed><sat>27</sat></trkpt>
  <trkpt lat="37.17491901" lon="38.79776287"><ele>587.850</ele><time>2026-09-19T15:31:57Z</time><speed>1.960</speed><sat>26</sat></trkpt>
  <trkpt lat="37.17490610" lon="38.79775621"><ele>588.289</ele><time>2026-09-19T15:31:58Z</time><speed>1.700</speed><sat>24</sat></trkpt>
  <trkpt lat="37.17489553" lon="38.79775096"><ele>587.983</ele><time>2026-09-19T15:31:59Z</time><speed>1.240</speed><sat>24</sat></trkpt>
  <trkpt lat="37.17489030" lon="38.79774283"><ele>587.098</ele><time>2026-09-19T15:32:00Z</time><speed>0.690</speed><sat>24</sat></trkpt>
  <trkpt lat="37.17488544" lon="38.79772958"><ele>585.566</ele><time>2026-09-19T15:32:01Z</time><speed>0.890</speed><sat>23</sat></trkpt>
  <trkpt lat="37.17487880" lon="38.79771139"><ele>584.983</ele><time>2026-09-19T15:32:02Z</time><speed>1.200</speed><sat>22</sat></trkpt>
  <trkpt lat="37.17487211" lon="38.79768975"><ele>585.053</ele><time>2026-09-19T15:32:03Z</time><speed>1.310</speed><sat>18</sat></trkpt>
  <trkpt lat="37.17486507" lon="38.79767005"><ele>585.325</ele><time>2026-09-19T15:32:04Z</time><speed>1.350</speed><sat>15</sat></trkpt>
  <trkpt lat="37.17485892" lon="38.79765353"><ele>585.670</ele><time>2026-09-19T15:32:05Z</time><speed>1.180</speed><sat>15</sat></trkpt>
  <trkpt lat="37.17485137" lon="38.79763076"><ele>586.065</ele><time>2026-09-19T15:32:06Z</time><speed>1.680</speed><sat>15</sat></trkpt>
  <trkpt lat="37.17483899" lon="38.79761392"><ele>584.561</ele><time>2026-09-19T15:32:07Z</time><speed>1.280</speed><sat>16</sat></trkpt>
  <trkpt lat="37.17482805" lon="38.79760636"><ele>583.455</ele><time>2026-09-19T15:32:08Z</time><speed>0.640</speed><sat>17</sat></trkpt>
  <trkpt lat="37.17481408" lon="38.79760396"><ele>584.280</ele><time>2026-09-19T15:32:09Z</time><speed>1.260</speed><sat>17</sat></trkpt>
  <trkpt lat="37.17479444" lon="38.79760468"><ele>583.849</ele><time>2026-09-19T15:32:10Z</time><speed>1.490</speed><sat>17</sat></trkpt>
  <trkpt lat="37.17477560" lon="38.79760907"><ele>584.319</ele><time>2026-09-19T15:32:11Z</time><speed>1.770</speed><sat>15</sat></trkpt>
  <trkpt lat="37.17475774" lon="38.79760718"><ele>581.774</ele><time>2026-09-19T15:32:12Z</time><speed>1.620</speed><sat>17</sat></trkpt>
  <trkpt lat="37.17474028" lon="38.79760404"><ele>581.425</ele><time>2026-09-19T15:32:13Z</time><speed>1.510</speed><sat>23</sat></trkpt>
  <trkpt lat="37.17472400" lon="38.79759808"><ele>580.163</ele><time>2026-09-19T15:32:14Z</time><speed>1.530</speed><sat>25</sat></trkpt>
  <trkpt lat="37.17470828" lon="38.79759108"><ele>579.861</ele><time>2026-09-19T15:32:15Z</time><speed>1.570</speed><sat>26</sat></trkpt>
  <trkpt lat="37.17469313" lon="38.79758410"><ele>579.364</ele><time>2026-09-19T15:32:16Z</time><speed>1.560</speed><sat>26</sat></trkpt>
  <trkpt lat="37.17467901" lon="38.79757500"><ele>578.797</ele><time>2026-09-19T15:32:17Z</time><speed>1.640</speed><sat>26</sat></trkpt>
  <trkpt lat="37.17466600" lon="38.79756586"><ele>578.251</ele><time>2026-09-19T15:32:18Z</time><speed>1.560</speed><sat>28</sat></trkpt>
  <trkpt lat="37.17465390" lon="38.79755486"><ele>577.731</ele><time>2026-09-19T15:32:19Z</time><speed>1.660</speed><sat>28</sat></trkpt>
  <trkpt lat="37.17464493" lon="38.79753867"><ele>577.505</ele><time>2026-09-19T15:32:20Z</time><speed>1.770</speed><sat>28</sat></trkpt>
  <trkpt lat="37.17463555" lon="38.79752265"><ele>577.338</ele><time>2026-09-19T15:32:21Z</time><speed>1.760</speed><sat>27</sat></trkpt>
  <trkpt lat="37.17462607" lon="38.79750591"><ele>576.967</ele><time>2026-09-19T15:32:22Z</time><speed>1.850</speed><sat>27</sat></trkpt>
  <trkpt lat="37.17461047" lon="38.79750292"><ele>579.257</ele><time>2026-09-19T15:32:23Z</time><speed>1.700</speed><sat>27</sat></trkpt>
  <trkpt lat="37.17459590" lon="38.79750298"><ele>581.014</ele><time>2026-09-19T15:32:24Z</time><speed>1.620</speed><sat>27</sat></trkpt>
  <trkpt lat="37.17457880" lon="38.79750471"><ele>580.399</ele><time>2026-09-19T15:32:25Z</time><speed>1.800</speed><sat>27</sat></trkpt>
  <trkpt lat="37.17456096" lon="38.79750656"><ele>580.667</ele><time>2026-09-19T15:32:26Z</time><speed>1.720</speed><sat>27</sat></trkpt>
  <trkpt lat="37.17454397" lon="38.79750909"><ele>580.762</ele><time>2026-09-19T15:32:27Z</time><speed>1.740</speed><sat>28</sat></trkpt>
  <trkpt lat="37.17452710" lon="38.79751115"><ele>579.999</ele><time>2026-09-19T15:32:28Z</time><speed>1.730</speed><sat>28</sat></trkpt>
  <trkpt lat="37.17451097" lon="38.79751194"><ele>580.038</ele><time>2026-09-19T15:32:29Z</time><speed>1.690</speed><sat>29</sat></trkpt>
  <trkpt lat="37.17449515" lon="38.79751257"><ele>580.023</ele><time>2026-09-19T15:32:30Z</time><speed>1.690</speed><sat>29</sat></trkpt>
  <trkpt lat="37.17447932" lon="38.79751208"><ele>579.584</ele><time>2026-09-19T15:32:31Z</time><speed>1.700</speed><sat>30</sat></trkpt>
  <trkpt lat="37.17446277" lon="38.79751119"><ele>578.893</ele><time>2026-09-19T15:32:32Z</time><speed>1.760</speed><sat>30</sat></trkpt>
  <trkpt lat="37.17444606" lon="38.79751258"><ele>579.060</ele><time>2026-09-19T15:32:33Z</time><speed>1.850</speed><sat>28</sat></trkpt>
  <trkpt lat="37.17443006" lon="38.79750950"><ele>578.736</ele><time>2026-09-19T15:32:34Z</time><speed>1.800</speed><sat>29</sat></trkpt>
  <trkpt lat="37.17441556" lon="38.79750799"><ele>578.679</ele><time>2026-09-19T15:32:35Z</time><speed>1.600</speed><sat>28</sat></trkpt>
  <trkpt lat="37.17440019" lon="38.79750676"><ele>578.833</ele><time>2026-09-19T15:32:36Z</time><speed>1.800</speed><sat>28</sat></trkpt>
  <trkpt lat="37.17438494" lon="38.79750383"><ele>578.797</ele><time>2026-09-19T15:32:37Z</time><speed>1.710</speed><sat>27</sat></trkpt>
  <trkpt lat="37.17437048" lon="38.79750037"><ele>578.365</ele><time>2026-09-19T15:32:38Z</time><speed>1.640</speed><sat>28</sat></trkpt>
  <trkpt lat="37.17435690" lon="38.79749445"><ele>578.281</ele><time>2026-09-19T15:32:39Z</time><speed>1.670</speed><sat>28</sat></trkpt>
  <trkpt lat="37.17434338" lon="38.79748802"><ele>578.876</ele><time>2026-09-19T15:32:40Z</time><speed>1.660</speed><sat>28</sat></trkpt>
  <trkpt lat="37.17433009" lon="38.79748050"><ele>578.442</ele><time>2026-09-19T15:32:41Z</time><speed>1.670</speed><sat>28</sat></trkpt>
  <trkpt lat="37.17431622" lon="38.79747370"><ele>578.431</ele><time>2026-09-19T15:32:42Z</time><speed>1.700</speed><sat>28</sat></trkpt>
  <trkpt lat="37.17430268" lon="38.79746647"><ele>577.677</ele><time>2026-09-19T15:32:43Z</time><speed>1.660</speed><sat>28</sat></trkpt>
  <trkpt lat="37.17428864" lon="38.79746153"><ele>577.869</ele><time>2026-09-19T15:32:44Z</time><speed>1.640</speed><sat>28</sat></trkpt>
  <trkpt lat="37.17427357" lon="38.79745675"><ele>577.709</ele><time>2026-09-19T15:32:45Z</time><speed>1.680</speed><sat>28</sat></trkpt>
  <trkpt lat="37.17425869" lon="38.79745218"><ele>577.675</ele><time>2026-09-19T15:32:46Z</time><speed>1.730</speed><sat>28</sat></trkpt>
  <trkpt lat="37.17424372" lon="38.79744884"><ele>577.767</ele><time>2026-09-19T15:32:47Z</time><speed>1.690</speed><sat>27</sat></trkpt>
  <trkpt lat="37.17422965" lon="38.79744617"><ele>577.728</ele><time>2026-09-19T15:32:48Z</time><speed>1.610</speed><sat>27</sat></trkpt>
  <trkpt lat="37.17421578" lon="38.79744335"><ele>577.705</ele><time>2026-09-19T15:32:49Z</time><speed>1.660</speed><sat>27</sat></trkpt>
  <trkpt lat="37.17420151" lon="38.79743883"><ele>577.979</ele><time>2026-09-19T15:32:50Z</time><speed>1.680</speed><sat>27</sat></trkpt>
  <trkpt lat="37.17418664" lon="38.79743402"><ele>578.160</ele><time>2026-09-19T15:32:51Z</time><speed>1.700</speed><sat>26</sat></trkpt>
  <trkpt lat="37.17417229" lon="38.79742821"><ele>578.211</ele><time>2026-09-19T15:32:52Z</time><speed>1.680</speed><sat>26</sat></trkpt>
  <trkpt lat="37.17415823" lon="38.79742257"><ele>578.230</ele><time>2026-09-19T15:32:53Z</time><speed>1.690</speed><sat>26</sat></trkpt>
  <trkpt lat="37.17414415" lon="38.79741843"><ele>578.831</ele><time>2026-09-19T15:32:54Z</time><speed>1.670</speed><sat>26</sat></trkpt>
  <trkpt lat="37.17413090" lon="38.79741256"><ele>578.758</ele><time>2026-09-19T15:32:55Z</time><speed>1.620</speed><sat>25</sat></trkpt>
  <trkpt lat="37.17411971" lon="38.79740643"><ele>578.728</ele><time>2026-09-19T15:32:56Z</time><speed>1.200</speed><sat>25</sat></trkpt>
  <trkpt lat="37.17410879" lon="38.79740635"><ele>579.397</ele><time>2026-09-19T15:32:57Z</time><speed>1.300</speed><sat>24</sat></trkpt>
  <trkpt lat="37.17409510" lon="38.79740672"><ele>578.976</ele><time>2026-09-19T15:32:58Z</time><speed>1.670</speed><sat>25</sat></trkpt>
  <trkpt lat="37.17407964" lon="38.79740734"><ele>579.018</ele><time>2026-09-19T15:32:59Z</time><speed>1.610</speed><sat>25</sat></trkpt>
  <trkpt lat="37.17406603" lon="38.79740722"><ele>579.352</ele><time>2026-09-19T15:33:00Z</time><speed>1.380</speed><sat>23</sat></trkpt>
  <trkpt lat="37.17405278" lon="38.79740293"><ele>579.249</ele><time>2026-09-19T15:33:01Z</time><speed>1.620</speed><sat>23</sat></trkpt>
  <trkpt lat="37.17403702" lon="38.79739889"><ele>579.366</ele><time>2026-09-19T15:33:02Z</time><speed>1.860</speed><sat>23</sat></trkpt>
  <trkpt lat="37.17402461" lon="38.79739656"><ele>579.514</ele><time>2026-09-19T15:33:03Z</time><speed>1.290</speed><sat>21</sat></trkpt>
  <trkpt lat="37.17401353" lon="38.79739269"><ele>579.530</ele><time>2026-09-19T15:33:04Z</time><speed>1.480</speed><sat>19</sat></trkpt>
  <trkpt lat="37.17400282" lon="38.79738936"><ele>579.363</ele><time>2026-09-19T15:33:05Z</time><speed>1.190</speed><sat>19</sat></trkpt>
  <trkpt lat="37.17399308" lon="38.79738645"><ele>579.333</ele><time>2026-09-19T15:33:06Z</time><speed>1.180</speed><sat>19</sat></trkpt>
  <trkpt lat="37.17398288" lon="38.79738155"><ele>579.837</ele><time>2026-09-19T15:33:07Z</time><speed>1.270</speed><sat>19</sat></trkpt>
  <trkpt lat="37.17396981" lon="38.79737699"><ele>579.919</ele><time>2026-09-19T15:33:08Z</time><speed>1.400</speed><sat>19</sat></trkpt>
  <trkpt lat="37.17395892" lon="38.79737351"><ele>579.156</ele><time>2026-09-19T15:33:09Z</time><speed>0.940</speed><sat>20</sat></trkpt>
  <trkpt lat="37.17394848" lon="38.79737189"><ele>578.900</ele><time>2026-09-19T15:33:10Z</time><speed>1.340</speed><sat>16</sat></trkpt>
  <trkpt lat="37.17393603" lon="38.79736854"><ele>578.371</ele><time>2026-09-19T15:33:11Z</time><speed>1.500</speed><sat>17</sat></trkpt>
  <trkpt lat="37.17392207" lon="38.79736167"><ele>577.815</ele><time>2026-09-19T15:33:12Z</time><speed>1.790</speed><sat>19</sat></trkpt>
  <trkpt lat="37.17390732" lon="38.79735448"><ele>578.141</ele><time>2026-09-19T15:33:13Z</time><speed>1.640</speed><sat>18</sat></trkpt>
  <trkpt lat="37.17389086" lon="38.79734887"><ele>578.392</ele><time>2026-09-19T15:33:14Z</time><speed>1.820</speed><sat>19</sat></trkpt>
  <trkpt lat="37.17386376" lon="38.79736380"><ele>578.541</ele><time>2026-09-19T15:33:15Z</time><speed>4.050</speed><sat>18</sat></trkpt>
  <trkpt lat="37.17383606" lon="38.79738473"><ele>579.753</ele><time>2026-09-19T15:33:16Z</time><speed>3.130</speed><sat>18</sat></trkpt>
  <trkpt lat="37.17381947" lon="38.79739143"><ele>580.048</ele><time>2026-09-19T15:33:17Z</time><speed>2.210</speed><sat>18</sat></trkpt>
  <trkpt lat="37.17380206" lon="38.79739643"><ele>580.583</ele><time>2026-09-19T15:33:18Z</time><speed>2.540</speed><sat>18</sat></trkpt>
  <trkpt lat="37.17378951" lon="38.79739392"><ele>580.364</ele><time>2026-09-19T15:33:19Z</time><speed>1.580</speed><sat>15</sat></trkpt>
  <trkpt lat="37.17377503" lon="38.79738804"><ele>580.896</ele><time>2026-09-19T15:33:20Z</time><speed>1.860</speed><sat>15</sat></trkpt>
  <trkpt lat="37.17375765" lon="38.79738411"><ele>581.727</ele><time>2026-09-19T15:33:21Z</time><speed>1.790</speed><sat>17</sat></trkpt>
  <trkpt lat="37.17374177" lon="38.79737885"><ele>582.436</ele><time>2026-09-19T15:33:22Z</time><speed>1.720</speed><sat>18</sat></trkpt>
  <trkpt lat="37.17372892" lon="38.79737608"><ele>583.086</ele><time>2026-09-19T15:33:23Z</time><speed>1.460</speed><sat>18</sat></trkpt>
  <trkpt lat="37.17371571" lon="38.79736546"><ele>583.517</ele><time>2026-09-19T15:33:24Z</time><speed>1.720</speed><sat>18</sat></trkpt>
  <trkpt lat="37.17370366" lon="38.79735423"><ele>583.371</ele><time>2026-09-19T15:33:25Z</time><speed>1.420</speed><sat>18</sat></trkpt>
  <trkpt lat="37.17369192" lon="38.79734206"><ele>583.882</ele><time>2026-09-19T15:33:26Z</time><speed>1.590</speed><sat>18</sat></trkpt>
  <trkpt lat="37.17368011" lon="38.79733022"><ele>584.085</ele><time>2026-09-19T15:33:27Z</time><speed>1.390</speed><sat>18</sat></trkpt>
  <trkpt lat="37.17366893" lon="38.79732348"><ele>583.134</ele><time>2026-09-19T15:33:28Z</time><speed>1.490</speed><sat>17</sat></trkpt>
  <trkpt lat="37.17365546" lon="38.79731790"><ele>582.941</ele><time>2026-09-19T15:33:29Z</time><speed>1.760</speed><sat>20</sat></trkpt>
  <trkpt lat="37.17364237" lon="38.79731137"><ele>582.110</ele><time>2026-09-19T15:33:30Z</time><speed>1.470</speed><sat>20</sat></trkpt>
  <trkpt lat="37.17363470" lon="38.79730545"><ele>581.920</ele><time>2026-09-19T15:33:31Z</time><speed>0.580</speed><sat>21</sat></trkpt>
  <trkpt lat="37.17362827" lon="38.79730088"><ele>582.774</ele><time>2026-09-19T15:33:32Z</time><speed>0.880</speed><sat>21</sat></trkpt>
  <trkpt lat="37.17361969" lon="38.79729411"><ele>582.887</ele><time>2026-09-19T15:33:33Z</time><speed>1.060</speed><sat>21</sat></trkpt>
  <trkpt lat="37.17361048" lon="38.79727878"><ele>582.844</ele><time>2026-09-19T15:33:34Z</time><speed>1.720</speed><sat>21</sat></trkpt>
  <trkpt lat="37.17360149" lon="38.79726663"><ele>582.413</ele><time>2026-09-19T15:33:35Z</time><speed>0.960</speed><sat>19</sat></trkpt>
  <trkpt lat="37.17358095" lon="38.79724775"><ele>581.574</ele><time>2026-09-19T15:33:36Z</time><speed>3.310</speed><sat>19</sat></trkpt>
  <trkpt lat="37.17355528" lon="38.79722741"><ele>580.183</ele><time>2026-09-19T15:33:37Z</time><speed>2.760</speed><sat>16</sat></trkpt>
  <trkpt lat="37.17354401" lon="38.79721504"><ele>579.088</ele><time>2026-09-19T15:33:38Z</time><speed>1.930</speed><sat>14</sat></trkpt>
  <trkpt lat="37.17353931" lon="38.79720929"><ele>578.771</ele><time>2026-09-19T15:33:39Z</time><speed>1.220</speed><sat>14</sat></trkpt>
  <trkpt lat="37.17353740" lon="38.79720434"><ele>578.121</ele><time>2026-09-19T15:33:40Z</time><speed>1.360</speed><sat>15</sat></trkpt>
  <trkpt lat="37.17353659" lon="38.79719742"><ele>578.456</ele><time>2026-09-19T15:33:41Z</time><speed>1.440</speed><sat>14</sat></trkpt>
  <trkpt lat="37.17353602" lon="38.79718779"><ele>578.597</ele><time>2026-09-19T15:33:42Z</time><speed>1.510</speed><sat>14</sat></trkpt>
  <trkpt lat="37.17352682" lon="38.79717902"><ele>578.286</ele><time>2026-09-19T15:33:43Z</time><speed>1.660</speed><sat>15</sat></trkpt>
  <trkpt lat="37.17350847" lon="38.79717688"><ele>577.682</ele><time>2026-09-19T15:33:44Z</time><speed>1.620</speed><sat>15</sat></trkpt>
  <trkpt lat="37.17348518" lon="38.79718287"><ele>577.991</ele><time>2026-09-19T15:33:45Z</time><speed>1.880</speed><sat>16</sat></trkpt>
  <trkpt lat="37.17346043" lon="38.79719492"><ele>578.188</ele><time>2026-09-19T15:33:46Z</time><speed>1.990</speed><sat>16</sat></trkpt>
  <trkpt lat="37.17343481" lon="38.79720967"><ele>577.774</ele><time>2026-09-19T15:33:47Z</time><speed>2.220</speed><sat>17</sat></trkpt>
  <trkpt lat="37.17341828" lon="38.79721313"><ele>577.094</ele><time>2026-09-19T15:33:48Z</time><speed>1.400</speed><sat>17</sat></trkpt>
  <trkpt lat="37.17340497" lon="38.79721522"><ele>577.403</ele><time>2026-09-19T15:33:49Z</time><speed>1.490</speed><sat>17</sat></trkpt>
  <trkpt lat="37.17339074" lon="38.79721862"><ele>577.543</ele><time>2026-09-19T15:33:50Z</time><speed>1.670</speed><sat>16</sat></trkpt>
  <trkpt lat="37.17337727" lon="38.79722851"><ele>578.318</ele><time>2026-09-19T15:33:51Z</time><speed>1.890</speed><sat>15</sat></trkpt>
  <trkpt lat="37.17336509" lon="38.79722924"><ele>577.447</ele><time>2026-09-19T15:33:52Z</time><speed>1.460</speed><sat>15</sat></trkpt>
  <trkpt lat="37.17335208" lon="38.79723906"><ele>578.095</ele><time>2026-09-19T15:33:53Z</time><speed>2.180</speed><sat>13</sat></trkpt>
  <trkpt lat="37.17333600" lon="38.79725367"><ele>578.286</ele><time>2026-09-19T15:33:54Z</time><speed>2.480</speed><sat>13</sat></trkpt>
  <trkpt lat="37.17331878" lon="38.79726969"><ele>578.299</ele><time>2026-09-19T15:33:55Z</time><speed>2.640</speed><sat>13</sat></trkpt>
  <trkpt lat="37.17330310" lon="38.79728857"><ele>578.235</ele><time>2026-09-19T15:33:56Z</time><speed>2.680</speed><sat>14</sat></trkpt>
  <trkpt lat="37.17328847" lon="38.79729524"><ele>578.094</ele><time>2026-09-19T15:33:57Z</time><speed>2.270</speed><sat>14</sat></trkpt>
  <trkpt lat="37.17327156" lon="38.79729940"><ele>577.952</ele><time>2026-09-19T15:33:58Z</time><speed>2.420</speed><sat>14</sat></trkpt>
  <trkpt lat="37.17325139" lon="38.79730546"><ele>577.912</ele><time>2026-09-19T15:33:59Z</time><speed>2.690</speed><sat>14</sat></trkpt>
  <trkpt lat="37.17323515" lon="38.79729946"><ele>577.350</ele><time>2026-09-19T15:34:00Z</time><speed>1.890</speed><sat>15</sat></trkpt>
  <trkpt lat="37.17322192" lon="38.79728675"><ele>577.557</ele><time>2026-09-19T15:34:01Z</time><speed>1.580</speed><sat>16</sat></trkpt>
  <trkpt lat="37.17320547" lon="38.79727008"><ele>577.205</ele><time>2026-09-19T15:34:02Z</time><speed>1.670</speed><sat>17</sat></trkpt>
  <trkpt lat="37.17318784" lon="38.79725393"><ele>576.800</ele><time>2026-09-19T15:34:03Z</time><speed>1.800</speed><sat>19</sat></trkpt>
  <trkpt lat="37.17316976" lon="38.79723268"><ele>576.533</ele><time>2026-09-19T15:34:04Z</time><speed>1.780</speed><sat>19</sat></trkpt>
  <trkpt lat="37.17315415" lon="38.79721248"><ele>577.262</ele><time>2026-09-19T15:34:05Z</time><speed>1.310</speed><sat>20</sat></trkpt>
  <trkpt lat="37.17314381" lon="38.79719916"><ele>579.307</ele><time>2026-09-19T15:34:06Z</time><speed>0.690</speed><sat>20</sat></trkpt>
  <trkpt lat="37.17313620" lon="38.79718866"><ele>578.916</ele><time>2026-09-19T15:34:07Z</time><speed>0.700</speed><sat>20</sat></trkpt>
  <trkpt lat="37.17312600" lon="38.79717913"><ele>578.960</ele><time>2026-09-19T15:34:08Z</time><speed>1.120</speed><sat>20</sat></trkpt>
  <trkpt lat="37.17311583" lon="38.79717036"><ele>579.169</ele><time>2026-09-19T15:34:09Z</time><speed>0.870</speed><sat>18</sat></trkpt>
  <trkpt lat="37.17310399" lon="38.79716485"><ele>579.540</ele><time>2026-09-19T15:34:10Z</time><speed>1.330</speed><sat>18</sat></trkpt>
  <trkpt lat="37.17308952" lon="38.79716013"><ele>579.854</ele><time>2026-09-19T15:34:11Z</time><speed>1.280</speed><sat>17</sat></trkpt>
  <trkpt lat="37.17307209" lon="38.79715874"><ele>579.089</ele><time>2026-09-19T15:34:12Z</time><speed>1.750</speed><sat>20</sat></trkpt>
  <trkpt lat="37.17305152" lon="38.79715453"><ele>578.343</ele><time>2026-09-19T15:34:13Z</time><speed>2.020</speed><sat>20</sat></trkpt>
  <trkpt lat="37.17303411" lon="38.79714909"><ele>578.482</ele><time>2026-09-19T15:34:14Z</time><speed>1.340</speed><sat>20</sat></trkpt>
  <trkpt lat="37.17302131" lon="38.79714703"><ele>579.187</ele><time>2026-09-19T15:34:15Z</time><speed>1.330</speed><sat>21</sat></trkpt>
  <trkpt lat="37.17300511" lon="38.79714512"><ele>579.344</ele><time>2026-09-19T15:34:16Z</time><speed>1.870</speed><sat>21</sat></trkpt>
  <trkpt lat="37.17298925" lon="38.79714209"><ele>579.017</ele><time>2026-09-19T15:34:17Z</time><speed>1.940</speed><sat>22</sat></trkpt>
  <trkpt lat="37.17297297" lon="38.79713810"><ele>579.048</ele><time>2026-09-19T15:34:18Z</time><speed>1.950</speed><sat>24</sat></trkpt>
  <trkpt lat="37.17295854" lon="38.79713493"><ele>579.614</ele><time>2026-09-19T15:34:19Z</time><speed>1.580</speed><sat>25</sat></trkpt>
  <trkpt lat="37.17294537" lon="38.79713423"><ele>579.307</ele><time>2026-09-19T15:34:20Z</time><speed>1.610</speed><sat>26</sat></trkpt>
  <trkpt lat="37.17293340" lon="38.79713041"><ele>579.080</ele><time>2026-09-19T15:34:21Z</time><speed>1.410</speed><sat>26</sat></trkpt>
  <trkpt lat="37.17292237" lon="38.79712585"><ele>578.891</ele><time>2026-09-19T15:34:22Z</time><speed>1.390</speed><sat>26</sat></trkpt>
  <trkpt lat="37.17291142" lon="38.79712023"><ele>578.733</ele><time>2026-09-19T15:34:23Z</time><speed>1.420</speed><sat>26</sat></trkpt>
  <trkpt lat="37.17290156" lon="38.79711473"><ele>578.915</ele><time>2026-09-19T15:34:24Z</time><speed>1.240</speed><sat>27</sat></trkpt>
  <trkpt lat="37.17288884" lon="38.79711776"><ele>579.451</ele><time>2026-09-19T15:34:25Z</time><speed>1.640</speed><sat>28</sat></trkpt>
  <trkpt lat="37.17287454" lon="38.79712370"><ele>579.546</ele><time>2026-09-19T15:34:26Z</time><speed>1.490</speed><sat>27</sat></trkpt>
  <trkpt lat="37.17285963" lon="38.79713110"><ele>579.923</ele><time>2026-09-19T15:34:27Z</time><speed>1.630</speed><sat>26</sat></trkpt>
  <trkpt lat="37.17284690" lon="38.79712988"><ele>579.361</ele><time>2026-09-19T15:34:28Z</time><speed>1.410</speed><sat>23</sat></trkpt>
  <trkpt lat="37.17283467" lon="38.79712341"><ele>578.870</ele><time>2026-09-19T15:34:29Z</time><speed>1.510</speed><sat>25</sat></trkpt>
  <trkpt lat="37.17282164" lon="38.79711582"><ele>578.855</ele><time>2026-09-19T15:34:30Z</time><speed>1.530</speed><sat>24</sat></trkpt>
  <trkpt lat="37.17280437" lon="38.79710930"><ele>578.517</ele><time>2026-09-19T15:34:31Z</time><speed>1.910</speed><sat>25</sat></trkpt>
  <trkpt lat="37.17278742" lon="38.79710369"><ele>578.379</ele><time>2026-09-19T15:34:32Z</time><speed>1.650</speed><sat>26</sat></trkpt>
  <trkpt lat="37.17277143" lon="38.79710150"><ele>578.535</ele><time>2026-09-19T15:34:33Z</time><speed>1.820</speed><sat>27</sat></trkpt>
  <trkpt lat="37.17275780" lon="38.79709170"><ele>578.905</ele><time>2026-09-19T15:34:34Z</time><speed>1.810</speed><sat>27</sat></trkpt>
  <trkpt lat="37.17274690" lon="38.79707560"><ele>578.354</ele><time>2026-09-19T15:34:35Z</time><speed>1.850</speed><sat>26</sat></trkpt>
  <trkpt lat="37.17274270" lon="38.79705324"><ele>578.709</ele><time>2026-09-19T15:34:36Z</time><speed>1.910</speed><sat>25</sat></trkpt>
  <trkpt lat="37.17273367" lon="38.79704015"><ele>577.848</ele><time>2026-09-19T15:34:37Z</time><speed>1.770</speed><sat>23</sat></trkpt>
  <trkpt lat="37.17271738" lon="38.79702880"><ele>577.362</ele><time>2026-09-19T15:34:38Z</time><speed>2.070</speed><sat>23</sat></trkpt>
  <trkpt lat="37.17269973" lon="38.79702450"><ele>577.166</ele><time>2026-09-19T15:34:39Z</time><speed>1.700</speed><sat>27</sat></trkpt>
  <trkpt lat="37.17268158" lon="38.79702316"><ele>576.635</ele><time>2026-09-19T15:34:40Z</time><speed>1.700</speed><sat>28</sat></trkpt>
  <trkpt lat="37.17266263" lon="38.79702163"><ele>576.719</ele><time>2026-09-19T15:34:41Z</time><speed>1.800</speed><sat>29</sat></trkpt>
  <trkpt lat="37.17264483" lon="38.79701981"><ele>578.863</ele><time>2026-09-19T15:34:42Z</time><speed>1.710</speed><sat>28</sat></trkpt>
  <trkpt lat="37.17262829" lon="38.79701569"><ele>579.648</ele><time>2026-09-19T15:34:43Z</time><speed>1.700</speed><sat>29</sat></trkpt>
  <trkpt lat="37.17261260" lon="38.79701199"><ele>579.792</ele><time>2026-09-19T15:34:44Z</time><speed>1.770</speed><sat>29</sat></trkpt>
  <trkpt lat="37.17259687" lon="38.79700820"><ele>578.894</ele><time>2026-09-19T15:34:45Z</time><speed>1.690</speed><sat>28</sat></trkpt>
  <trkpt lat="37.17258109" lon="38.79700468"><ele>578.457</ele><time>2026-09-19T15:34:46Z</time><speed>1.640</speed><sat>26</sat></trkpt>
  <trkpt lat="37.17256663" lon="38.79700136"><ele>579.361</ele><time>2026-09-19T15:34:47Z</time><speed>1.550</speed><sat>26</sat></trkpt>
  <trkpt lat="37.17255161" lon="38.79700016"><ele>579.299</ele><time>2026-09-19T15:34:48Z</time><speed>1.640</speed><sat>25</sat></trkpt>
  <trkpt lat="37.17253663" lon="38.79699931"><ele>579.400</ele><time>2026-09-19T15:34:49Z</time><speed>1.710</speed><sat>23</sat></trkpt>
  <trkpt lat="37.17252187" lon="38.79699920"><ele>578.925</ele><time>2026-09-19T15:34:50Z</time><speed>1.700</speed><sat>23</sat></trkpt>
  <trkpt lat="37.17250720" lon="38.79699826"><ele>578.734</ele><time>2026-09-19T15:34:51Z</time><speed>1.710</speed><sat>23</sat></trkpt>
  <trkpt lat="37.17249299" lon="38.79699600"><ele>578.865</ele><time>2026-09-19T15:34:52Z</time><speed>1.690</speed><sat>21</sat></trkpt>
  <trkpt lat="37.17247918" lon="38.79699236"><ele>578.911</ele><time>2026-09-19T15:34:53Z</time><speed>1.690</speed><sat>22</sat></trkpt>
  <trkpt lat="37.17246450" lon="38.79699210"><ele>579.018</ele><time>2026-09-19T15:34:54Z</time><speed>1.740</speed><sat>25</sat></trkpt>
  <trkpt lat="37.17245075" lon="38.79699297"><ele>578.408</ele><time>2026-09-19T15:34:55Z</time><speed>1.590</speed><sat>25</sat></trkpt>
  <trkpt lat="37.17243747" lon="38.79699377"><ele>578.015</ele><time>2026-09-19T15:34:56Z</time><speed>1.630</speed><sat>26</sat></trkpt>
  <trkpt lat="37.17242462" lon="38.79698516"><ele>578.261</ele><time>2026-09-19T15:34:57Z</time><speed>2.290</speed><sat>26</sat></trkpt>
  <trkpt lat="37.17241037" lon="38.79697185"><ele>577.366</ele><time>2026-09-19T15:34:58Z</time><speed>2.350</speed><sat>26</sat></trkpt>
  <trkpt lat="37.17239931" lon="38.79695960"><ele>576.646</ele><time>2026-09-19T15:34:59Z</time><speed>1.840</speed><sat>26</sat></trkpt>
  <trkpt lat="37.17238690" lon="38.79695223"><ele>577.240</ele><time>2026-09-19T15:35:00Z</time><speed>1.900</speed><sat>25</sat></trkpt>
  <trkpt lat="37.17237665" lon="38.79695048"><ele>578.508</ele><time>2026-09-19T15:35:01Z</time><speed>0.930</speed><sat>24</sat></trkpt>
  <trkpt lat="37.17236780" lon="38.79695195"><ele>577.865</ele><time>2026-09-19T15:35:02Z</time><speed>1.160</speed><sat>22</sat></trkpt>
  <trkpt lat="37.17235649" lon="38.79695122"><ele>578.421</ele><time>2026-09-19T15:35:03Z</time><speed>1.340</speed><sat>22</sat></trkpt>
  <trkpt lat="37.17233996" lon="38.79695029"><ele>578.958</ele><time>2026-09-19T15:35:04Z</time><speed>2.120</speed><sat>22</sat></trkpt>
  <trkpt lat="37.17232017" lon="38.79695267"><ele>580.035</ele><time>2026-09-19T15:35:05Z</time><speed>2.060</speed><sat>22</sat></trkpt>
  <trkpt lat="37.17230028" lon="38.79695096"><ele>578.816</ele><time>2026-09-19T15:35:06Z</time><speed>2.130</speed><sat>23</sat></trkpt>
  <trkpt lat="37.17228410" lon="38.79695117"><ele>578.577</ele><time>2026-09-19T15:35:07Z</time><speed>1.670</speed><sat>19</sat></trkpt>
  <trkpt lat="37.17226835" lon="38.79695731"><ele>579.489</ele><time>2026-09-19T15:35:08Z</time><speed>1.720</speed><sat>19</sat></trkpt>
  <trkpt lat="37.17224969" lon="38.79696104"><ele>579.358</ele><time>2026-09-19T15:35:09Z</time><speed>2.130</speed><sat>19</sat></trkpt>
  <trkpt lat="37.17223378" lon="38.79695931"><ele>580.278</ele><time>2026-09-19T15:35:10Z</time><speed>1.760</speed><sat>19</sat></trkpt>
  <trkpt lat="37.17222038" lon="38.79695502"><ele>580.363</ele><time>2026-09-19T15:35:11Z</time><speed>1.540</speed><sat>19</sat></trkpt>
  <trkpt lat="37.17220474" lon="38.79694980"><ele>579.610</ele><time>2026-09-19T15:35:12Z</time><speed>1.940</speed><sat>20</sat></trkpt>
  <trkpt lat="37.17219013" lon="38.79694312"><ele>579.584</ele><time>2026-09-19T15:35:13Z</time><speed>1.440</speed><sat>22</sat></trkpt>
  <trkpt lat="37.17217753" lon="38.79693409"><ele>579.724</ele><time>2026-09-19T15:35:14Z</time><speed>1.530</speed><sat>21</sat></trkpt>
  <trkpt lat="37.17216639" lon="38.79692532"><ele>579.418</ele><time>2026-09-19T15:35:15Z</time><speed>1.670</speed><sat>21</sat></trkpt>
  <trkpt lat="37.17215421" lon="38.79691692"><ele>579.557</ele><time>2026-09-19T15:35:16Z</time><speed>1.680</speed><sat>21</sat></trkpt>
  <trkpt lat="37.17214197" lon="38.79691068"><ele>579.349</ele><time>2026-09-19T15:35:17Z</time><speed>1.440</speed><sat>21</sat></trkpt>
  <trkpt lat="37.17213122" lon="38.79690379"><ele>579.879</ele><time>2026-09-19T15:35:18Z</time><speed>1.360</speed><sat>21</sat></trkpt>
  <trkpt lat="37.17212094" lon="38.79689422"><ele>579.641</ele><time>2026-09-19T15:35:19Z</time><speed>1.530</speed><sat>18</sat></trkpt>
  <trkpt lat="37.17210819" lon="38.79688827"><ele>579.695</ele><time>2026-09-19T15:35:20Z</time><speed>1.700</speed><sat>18</sat></trkpt>
  <trkpt lat="37.17209067" lon="38.79688377"><ele>579.256</ele><time>2026-09-19T15:35:21Z</time><speed>1.850</speed><sat>18</sat></trkpt>
  <trkpt lat="37.17207475" lon="38.79688274"><ele>579.757</ele><time>2026-09-19T15:35:22Z</time><speed>1.520</speed><sat>18</sat></trkpt>
  <trkpt lat="37.17205932" lon="38.79687979"><ele>580.150</ele><time>2026-09-19T15:35:23Z</time><speed>1.590</speed><sat>19</sat></trkpt>
  <trkpt lat="37.17204659" lon="38.79687871"><ele>580.188</ele><time>2026-09-19T15:35:24Z</time><speed>1.100</speed><sat>20</sat></trkpt>
  <trkpt lat="37.17203423" lon="38.79687818"><ele>580.239</ele><time>2026-09-19T15:35:25Z</time><speed>1.270</speed><sat>20</sat></trkpt>
  <trkpt lat="37.17201972" lon="38.79687911"><ele>579.684</ele><time>2026-09-19T15:35:26Z</time><speed>1.590</speed><sat>21</sat></trkpt>
  <trkpt lat="37.17200275" lon="38.79688156"><ele>578.048</ele><time>2026-09-19T15:35:27Z</time><speed>1.690</speed><sat>22</sat></trkpt>
  <trkpt lat="37.17198763" lon="38.79688368"><ele>576.870</ele><time>2026-09-19T15:35:28Z</time><speed>1.690</speed><sat>25</sat></trkpt>
  <trkpt lat="37.17197422" lon="38.79688251"><ele>576.565</ele><time>2026-09-19T15:35:29Z</time><speed>1.690</speed><sat>29</sat></trkpt>
  <trkpt lat="37.17196106" lon="38.79687929"><ele>576.740</ele><time>2026-09-19T15:35:30Z</time><speed>1.720</speed><sat>28</sat></trkpt>
  <trkpt lat="37.17194970" lon="38.79687503"><ele>577.253</ele><time>2026-09-19T15:35:31Z</time><speed>1.560</speed><sat>28</sat></trkpt>
  <trkpt lat="37.17193847" lon="38.79686996"><ele>576.713</ele><time>2026-09-19T15:35:32Z</time><speed>1.630</speed><sat>27</sat></trkpt>
  <trkpt lat="37.17192633" lon="38.79686476"><ele>576.604</ele><time>2026-09-19T15:35:33Z</time><speed>1.690</speed><sat>28</sat></trkpt>
  <trkpt lat="37.17191358" lon="38.79685295"><ele>576.609</ele><time>2026-09-19T15:35:34Z</time><speed>1.800</speed><sat>28</sat></trkpt>
  <trkpt lat="37.17189923" lon="38.79684326"><ele>576.813</ele><time>2026-09-19T15:35:35Z</time><speed>1.860</speed><sat>29</sat></trkpt>
  <trkpt lat="37.17188357" lon="38.79683438"><ele>576.930</ele><time>2026-09-19T15:35:36Z</time><speed>2.050</speed><sat>29</sat></trkpt>
  <trkpt lat="37.17187115" lon="38.79682976"><ele>576.121</ele><time>2026-09-19T15:35:37Z</time><speed>1.570</speed><sat>28</sat></trkpt>
  <trkpt lat="37.17186036" lon="38.79683029"><ele>576.208</ele><time>2026-09-19T15:35:38Z</time><speed>1.560</speed><sat>28</sat></trkpt>
  <trkpt lat="37.17184815" lon="38.79683037"><ele>574.681</ele><time>2026-09-19T15:35:39Z</time><speed>1.530</speed><sat>26</sat></trkpt>
  <trkpt lat="37.17183519" lon="38.79682523"><ele>574.110</ele><time>2026-09-19T15:35:40Z</time><speed>1.980</speed><sat>26</sat></trkpt>
  <trkpt lat="37.17182458" lon="38.79681684"><ele>574.762</ele><time>2026-09-19T15:35:41Z</time><speed>1.630</speed><sat>25</sat></trkpt>
  <trkpt lat="37.17181734" lon="38.79680482"><ele>574.896</ele><time>2026-09-19T15:35:42Z</time><speed>1.690</speed><sat>25</sat></trkpt>
  <trkpt lat="37.17180953" lon="38.79679978"><ele>575.850</ele><time>2026-09-19T15:35:43Z</time><speed>1.340</speed><sat>24</sat></trkpt>
  <trkpt lat="37.17180038" lon="38.79679589"><ele>576.019</ele><time>2026-09-19T15:35:44Z</time><speed>1.190</speed><sat>21</sat></trkpt>
  <trkpt lat="37.17178825" lon="38.79679428"><ele>575.912</ele><time>2026-09-19T15:35:45Z</time><speed>1.460</speed><sat>19</sat></trkpt>
  <trkpt lat="37.17177734" lon="38.79679650"><ele>576.357</ele><time>2026-09-19T15:35:46Z</time><speed>0.910</speed><sat>19</sat></trkpt>
  <trkpt lat="37.17176649" lon="38.79679922"><ele>576.546</ele><time>2026-09-19T15:35:47Z</time><speed>1.270</speed><sat>18</sat></trkpt>
  <trkpt lat="37.17175314" lon="38.79680579"><ele>576.736</ele><time>2026-09-19T15:35:48Z</time><speed>1.480</speed><sat>19</sat></trkpt>
  <trkpt lat="37.17173829" lon="38.79681481"><ele>576.998</ele><time>2026-09-19T15:35:49Z</time><speed>1.690</speed><sat>20</sat></trkpt>
  <trkpt lat="37.17172503" lon="38.79681763"><ele>573.361</ele><time>2026-09-19T15:35:50Z</time><speed>1.240</speed><sat>21</sat></trkpt>
  <trkpt lat="37.17171007" lon="38.79681708"><ele>572.443</ele><time>2026-09-19T15:35:51Z</time><speed>1.640</speed><sat>23</sat></trkpt>
  <trkpt lat="37.17169331" lon="38.79681404"><ele>572.005</ele><time>2026-09-19T15:35:52Z</time><speed>1.600</speed><sat>23</sat></trkpt>
  <trkpt lat="37.17167644" lon="38.79681090"><ele>571.944</ele><time>2026-09-19T15:35:53Z</time><speed>1.690</speed><sat>23</sat></trkpt>
  <trkpt lat="37.17165960" lon="38.79680677"><ele>572.077</ele><time>2026-09-19T15:35:54Z</time><speed>1.780</speed><sat>22</sat></trkpt>
  <trkpt lat="37.17164189" lon="38.79680310"><ele>571.711</ele><time>2026-09-19T15:35:55Z</time><speed>1.870</speed><sat>22</sat></trkpt>
  <trkpt lat="37.17162369" lon="38.79679792"><ele>571.794</ele><time>2026-09-19T15:35:56Z</time><speed>1.830</speed><sat>22</sat></trkpt>
  <trkpt lat="37.17160597" lon="38.79679473"><ele>571.895</ele><time>2026-09-19T15:35:57Z</time><speed>1.770</speed><sat>21</sat></trkpt>
  <trkpt lat="37.17158924" lon="38.79679294"><ele>571.317</ele><time>2026-09-19T15:35:58Z</time><speed>1.740</speed><sat>22</sat></trkpt>
  <trkpt lat="37.17157331" lon="38.79678964"><ele>571.100</ele><time>2026-09-19T15:35:59Z</time><speed>1.830</speed><sat>21</sat></trkpt>
  <trkpt lat="37.17155806" lon="38.79678721"><ele>571.074</ele><time>2026-09-19T15:36:00Z</time><speed>1.770</speed><sat>21</sat></trkpt>
  <trkpt lat="37.17154294" lon="38.79678455"><ele>570.794</ele><time>2026-09-19T15:36:01Z</time><speed>1.700</speed><sat>23</sat></trkpt>
  <trkpt lat="37.17152768" lon="38.79678159"><ele>570.472</ele><time>2026-09-19T15:36:02Z</time><speed>1.670</speed><sat>25</sat></trkpt>
  <trkpt lat="37.17151265" lon="38.79677763"><ele>570.804</ele><time>2026-09-19T15:36:03Z</time><speed>1.670</speed><sat>26</sat></trkpt>
  <trkpt lat="37.17149829" lon="38.79677169"><ele>570.976</ele><time>2026-09-19T15:36:04Z</time><speed>1.660</speed><sat>26</sat></trkpt>
  <trkpt lat="37.17148442" lon="38.79676474"><ele>571.222</ele><time>2026-09-19T15:36:05Z</time><speed>1.660</speed><sat>27</sat></trkpt>
  <trkpt lat="37.17147275" lon="38.79675659"><ele>570.387</ele><time>2026-09-19T15:36:06Z</time><speed>1.690</speed><sat>27</sat></trkpt>
  <trkpt lat="37.17146151" lon="38.79674789"><ele>569.926</ele><time>2026-09-19T15:36:07Z</time><speed>1.660</speed><sat>26</sat></trkpt>
  <trkpt lat="37.17144791" lon="38.79673847"><ele>569.363</ele><time>2026-09-19T15:36:08Z</time><speed>1.820</speed><sat>24</sat></trkpt>
  <trkpt lat="37.17143410" lon="38.79672923"><ele>569.109</ele><time>2026-09-19T15:36:09Z</time><speed>1.700</speed><sat>25</sat></trkpt>
  <trkpt lat="37.17142079" lon="38.79672093"><ele>568.835</ele><time>2026-09-19T15:36:10Z</time><speed>1.690</speed><sat>26</sat></trkpt>
  <trkpt lat="37.17140765" lon="38.79671245"><ele>568.987</ele><time>2026-09-19T15:36:11Z</time><speed>1.710</speed><sat>25</sat></trkpt>
  <trkpt lat="37.17139384" lon="38.79670524"><ele>568.377</ele><time>2026-09-19T15:36:12Z</time><speed>1.710</speed><sat>25</sat></trkpt>
  <trkpt lat="37.17137909" lon="38.79669880"><ele>568.591</ele><time>2026-09-19T15:36:13Z</time><speed>1.760</speed><sat>23</sat></trkpt>
  <trkpt lat="37.17136406" lon="38.79669382"><ele>568.319</ele><time>2026-09-19T15:36:14Z</time><speed>1.730</speed><sat>24</sat></trkpt>
  <trkpt lat="37.17134900" lon="38.79668985"><ele>568.689</ele><time>2026-09-19T15:36:15Z</time><speed>1.720</speed><sat>24</sat></trkpt>
  <trkpt lat="37.17133454" lon="38.79668431"><ele>569.256</ele><time>2026-09-19T15:36:16Z</time><speed>1.820</speed><sat>24</sat></trkpt>
  <trkpt lat="37.17131992" lon="38.79667771"><ele>568.935</ele><time>2026-09-19T15:36:17Z</time><speed>1.800</speed><sat>21</sat></trkpt>
  <trkpt lat="37.17130484" lon="38.79666478"><ele>568.885</ele><time>2026-09-19T15:36:18Z</time><speed>2.180</speed><sat>24</sat></trkpt>
  <trkpt lat="37.17129053" lon="38.79665440"><ele>567.713</ele><time>2026-09-19T15:36:19Z</time><speed>1.850</speed><sat>26</sat></trkpt>
  <trkpt lat="37.17127818" lon="38.79664593"><ele>567.388</ele><time>2026-09-19T15:36:20Z</time><speed>1.710</speed><sat>28</sat></trkpt>
  <trkpt lat="37.17126574" lon="38.79664080"><ele>567.239</ele><time>2026-09-19T15:36:21Z</time><speed>1.660</speed><sat>28</sat></trkpt>
  <trkpt lat="37.17125220" lon="38.79663896"><ele>567.439</ele><time>2026-09-19T15:36:22Z</time><speed>1.710</speed><sat>28</sat></trkpt>
  <trkpt lat="37.17123862" lon="38.79663752"><ele>567.798</ele><time>2026-09-19T15:36:23Z</time><speed>1.690</speed><sat>28</sat></trkpt>
  <trkpt lat="37.17122478" lon="38.79663626"><ele>568.030</ele><time>2026-09-19T15:36:24Z</time><speed>1.680</speed><sat>28</sat></trkpt>
  <trkpt lat="37.17121136" lon="38.79663384"><ele>568.657</ele><time>2026-09-19T15:36:25Z</time><speed>1.670</speed><sat>28</sat></trkpt>
  <trkpt lat="37.17119778" lon="38.79663109"><ele>568.638</ele><time>2026-09-19T15:36:26Z</time><speed>1.670</speed><sat>28</sat></trkpt>
  <trkpt lat="37.17118357" lon="38.79662536"><ele>568.219</ele><time>2026-09-19T15:36:27Z</time><speed>1.890</speed><sat>28</sat></trkpt>
  <trkpt lat="37.17117075" lon="38.79661797"><ele>567.967</ele><time>2026-09-19T15:36:28Z</time><speed>1.680</speed><sat>28</sat></trkpt>
  <trkpt lat="37.17115928" lon="38.79660935"><ele>567.709</ele><time>2026-09-19T15:36:29Z</time><speed>1.670</speed><sat>27</sat></trkpt>
  <trkpt lat="37.17114672" lon="38.79660624"><ele>568.539</ele><time>2026-09-19T15:36:30Z</time><speed>1.680</speed><sat>27</sat></trkpt>
  <trkpt lat="37.17113354" lon="38.79660498"><ele>568.180</ele><time>2026-09-19T15:36:31Z</time><speed>1.590</speed><sat>26</sat></trkpt>
  <trkpt lat="37.17112011" lon="38.79660573"><ele>568.484</ele><time>2026-09-19T15:36:32Z</time><speed>1.580</speed><sat>27</sat></trkpt>
  <trkpt lat="37.17110679" lon="38.79660710"><ele>568.490</ele><time>2026-09-19T15:36:33Z</time><speed>1.530</speed><sat>27</sat></trkpt>
  <trkpt lat="37.17109334" lon="38.79660415"><ele>567.204</ele><time>2026-09-19T15:36:34Z</time><speed>1.550</speed><sat>26</sat></trkpt>
  <trkpt lat="37.17108057" lon="38.79659761"><ele>566.957</ele><time>2026-09-19T15:36:35Z</time><speed>1.540</speed><sat>29</sat></trkpt>
  <trkpt lat="37.17106930" lon="38.79658335"><ele>566.799</ele><time>2026-09-19T15:36:36Z</time><speed>2.130</speed><sat>29</sat></trkpt>
  <trkpt lat="37.17106039" lon="38.79656694"><ele>566.953</ele><time>2026-09-19T15:36:37Z</time><speed>1.570</speed><sat>29</sat></trkpt>
  <trkpt lat="37.17107271" lon="38.79653267"><ele>566.782</ele><time>2026-09-19T15:36:38Z</time><speed>4.440</speed><sat>27</sat></trkpt>
  <trkpt lat="37.17109394" lon="38.79648985"><ele>566.477</ele><time>2026-09-19T15:36:39Z</time><speed>3.710</speed><sat>27</sat></trkpt>
  <trkpt lat="37.17110730" lon="38.79646096"><ele>565.992</ele><time>2026-09-19T15:36:40Z</time><speed>2.620</speed><sat>26</sat></trkpt>
  <trkpt lat="37.17110855" lon="38.79644778"><ele>565.111</ele><time>2026-09-19T15:36:41Z</time><speed>1.340</speed><sat>24</sat></trkpt>
  <trkpt lat="37.17109427" lon="38.79643762"><ele>564.551</ele><time>2026-09-19T15:36:42Z</time><speed>1.890</speed><sat>22</sat></trkpt>
  <trkpt lat="37.17106529" lon="38.79643378"><ele>565.042</ele><time>2026-09-19T15:36:43Z</time><speed>2.430</speed><sat>19</sat></trkpt>
  <trkpt lat="37.17103320" lon="38.79644003"><ele>565.554</ele><time>2026-09-19T15:36:44Z</time><speed>1.970</speed><sat>20</sat></trkpt>
  <trkpt lat="37.17100501" lon="38.79645028"><ele>565.043</ele><time>2026-09-19T15:36:45Z</time><speed>2.100</speed><sat>20</sat></trkpt>
  <trkpt lat="37.17098052" lon="38.79645960"><ele>565.723</ele><time>2026-09-19T15:36:46Z</time><speed>1.750</speed><sat>21</sat></trkpt>
  <trkpt lat="37.17095554" lon="38.79646615"><ele>567.687</ele><time>2026-09-19T15:36:47Z</time><speed>1.920</speed><sat>23</sat></trkpt>
  <trkpt lat="37.17093307" lon="38.79646995"><ele>568.656</ele><time>2026-09-19T15:36:48Z</time><speed>1.700</speed><sat>24</sat></trkpt>
  <trkpt lat="37.17091639" lon="38.79647220"><ele>569.841</ele><time>2026-09-19T15:36:49Z</time><speed>1.320</speed><sat>22</sat></trkpt>
  <trkpt lat="37.17090759" lon="38.79647446"><ele>569.742</ele><time>2026-09-19T15:36:50Z</time><speed>1.070</speed><sat>21</sat></trkpt>
  <trkpt lat="37.17089642" lon="38.79647272"><ele>570.919</ele><time>2026-09-19T15:36:51Z</time><speed>1.640</speed><sat>20</sat></trkpt>
  <trkpt lat="37.17088404" lon="38.79646533"><ele>569.651</ele><time>2026-09-19T15:36:52Z</time><speed>1.330</speed><sat>20</sat></trkpt>
  <trkpt lat="37.17087159" lon="38.79645495"><ele>570.963</ele><time>2026-09-19T15:36:53Z</time><speed>1.590</speed><sat>19</sat></trkpt>
  <trkpt lat="37.17086263" lon="38.79644073"><ele>571.645</ele><time>2026-09-19T15:36:54Z</time><speed>1.270</speed><sat>20</sat></trkpt>
  <trkpt lat="37.17085995" lon="38.79643095"><ele>571.403</ele><time>2026-09-19T15:36:55Z</time><speed>0.370</speed><sat>20</sat></trkpt>
  <trkpt lat="37.17085899" lon="38.79642354"><ele>571.567</ele><time>2026-09-19T15:36:56Z</time><speed>0.530</speed><sat>20</sat></trkpt>
  <trkpt lat="37.17084880" lon="38.79641443"><ele>570.057</ele><time>2026-09-19T15:36:57Z</time><speed>1.590</speed><sat>20</sat></trkpt>
  <trkpt lat="37.17083480" lon="38.79640614"><ele>569.294</ele><time>2026-09-19T15:36:58Z</time><speed>1.300</speed><sat>20</sat></trkpt>
  <trkpt lat="37.17081889" lon="38.79639928"><ele>568.789</ele><time>2026-09-19T15:36:59Z</time><speed>1.600</speed><sat>23</sat></trkpt>
  <trkpt lat="37.17080063" lon="38.79639372"><ele>568.664</ele><time>2026-09-19T15:37:00Z</time><speed>1.680</speed><sat>23</sat></trkpt>
  <trkpt lat="37.17078113" lon="38.79639029"><ele>568.272</ele><time>2026-09-19T15:37:01Z</time><speed>1.720</speed><sat>24</sat></trkpt>
  <trkpt lat="37.17076144" lon="38.79639215"><ele>567.653</ele><time>2026-09-19T15:37:02Z</time><speed>1.860</speed><sat>25</sat></trkpt>
  <trkpt lat="37.17074244" lon="38.79639828"><ele>568.111</ele><time>2026-09-19T15:37:03Z</time><speed>1.790</speed><sat>25</sat></trkpt>
  <trkpt lat="37.17072371" lon="38.79640351"><ele>568.878</ele><time>2026-09-19T15:37:04Z</time><speed>1.780</speed><sat>25</sat></trkpt>
  <trkpt lat="37.17071310" lon="38.79640496"><ele>569.013</ele><time>2026-09-19T15:37:05Z</time><speed>1.400</speed><sat>25</sat></trkpt>
  <trkpt lat="37.17070285" lon="38.79639972"><ele>568.626</ele><time>2026-09-19T15:37:06Z</time><speed>1.540</speed><sat>24</sat></trkpt>
  <trkpt lat="37.17068909" lon="38.79639166"><ele>569.207</ele><time>2026-09-19T15:37:07Z</time><speed>1.740</speed><sat>24</sat></trkpt>
  <trkpt lat="37.17067914" lon="38.79637784"><ele>565.762</ele><time>2026-09-19T15:37:08Z</time><speed>1.330</speed><sat>24</sat></trkpt>
  <trkpt lat="37.17066541" lon="38.79637643"><ele>564.412</ele><time>2026-09-19T15:37:09Z</time><speed>1.430</speed><sat>28</sat></trkpt>
  <trkpt lat="37.17065067" lon="38.79637247"><ele>564.152</ele><time>2026-09-19T15:37:10Z</time><speed>1.550</speed><sat>28</sat></trkpt>
  <trkpt lat="37.17063954" lon="38.79637109"><ele>564.204</ele><time>2026-09-19T15:37:11Z</time><speed>1.140</speed><sat>28</sat></trkpt>
  <trkpt lat="37.17062664" lon="38.79636872"><ele>563.989</ele><time>2026-09-19T15:37:12Z</time><speed>1.500</speed><sat>28</sat></trkpt>
  <trkpt lat="37.17061117" lon="38.79636906"><ele>563.611</ele><time>2026-09-19T15:37:13Z</time><speed>1.550</speed><sat>28</sat></trkpt>
  <trkpt lat="37.17059350" lon="38.79637089"><ele>563.563</ele><time>2026-09-19T15:37:14Z</time><speed>1.800</speed><sat>29</sat></trkpt>
  <trkpt lat="37.17057682" lon="38.79637019"><ele>563.105</ele><time>2026-09-19T15:37:15Z</time><speed>1.510</speed><sat>29</sat></trkpt>
  <trkpt lat="37.17056129" lon="38.79637119"><ele>563.684</ele><time>2026-09-19T15:37:16Z</time><speed>1.520</speed><sat>30</sat></trkpt>
  <trkpt lat="37.17054618" lon="38.79637124"><ele>563.637</ele><time>2026-09-19T15:37:17Z</time><speed>1.560</speed><sat>31</sat></trkpt>
  <trkpt lat="37.17053042" lon="38.79637074"><ele>562.119</ele><time>2026-09-19T15:37:18Z</time><speed>1.560</speed><sat>31</sat></trkpt>
  <trkpt lat="37.17051403" lon="38.79636757"><ele>561.921</ele><time>2026-09-19T15:37:19Z</time><speed>1.790</speed><sat>33</sat></trkpt>
  <trkpt lat="37.17049956" lon="38.79636136"><ele>561.828</ele><time>2026-09-19T15:37:20Z</time><speed>1.560</speed><sat>34</sat></trkpt>
  <trkpt lat="37.17048505" lon="38.79635336"><ele>561.673</ele><time>2026-09-19T15:37:21Z</time><speed>1.810</speed><sat>35</sat></trkpt>
  <trkpt lat="37.17046974" lon="38.79634609"><ele>560.772</ele><time>2026-09-19T15:37:22Z</time><speed>1.780</speed><sat>35</sat></trkpt>
  <trkpt lat="37.17045442" lon="38.79634043"><ele>559.957</ele><time>2026-09-19T15:37:23Z</time><speed>1.860</speed><sat>34</sat></trkpt>
  <trkpt lat="37.17043848" lon="38.79633514"><ele>559.622</ele><time>2026-09-19T15:37:24Z</time><speed>1.880</speed><sat>34</sat></trkpt>
  <trkpt lat="37.17042311" lon="38.79632928"><ele>559.438</ele><time>2026-09-19T15:37:25Z</time><speed>1.920</speed><sat>34</sat></trkpt>
  <trkpt lat="37.17040735" lon="38.79632242"><ele>559.579</ele><time>2026-09-19T15:37:26Z</time><speed>1.930</speed><sat>34</sat></trkpt>
  <trkpt lat="37.17039344" lon="38.79631471"><ele>559.160</ele><time>2026-09-19T15:37:27Z</time><speed>1.750</speed><sat>34</sat></trkpt>
  <trkpt lat="37.17038196" lon="38.79630488"><ele>558.924</ele><time>2026-09-19T15:37:28Z</time><speed>1.720</speed><sat>33</sat></trkpt>
  <trkpt lat="37.17037148" lon="38.79629247"><ele>558.797</ele><time>2026-09-19T15:37:29Z</time><speed>1.750</speed><sat>32</sat></trkpt>
  <trkpt lat="37.17036123" lon="38.79627894"><ele>558.493</ele><time>2026-09-19T15:37:30Z</time><speed>1.820</speed><sat>32</sat></trkpt>
  <trkpt lat="37.17035068" lon="38.79626517"><ele>558.408</ele><time>2026-09-19T15:37:31Z</time><speed>1.840</speed><sat>32</sat></trkpt>
  <trkpt lat="37.17033992" lon="38.79625176"><ele>558.296</ele><time>2026-09-19T15:37:32Z</time><speed>1.810</speed><sat>32</sat></trkpt>
  <trkpt lat="37.17032974" lon="38.79623799"><ele>558.380</ele><time>2026-09-19T15:37:33Z</time><speed>1.810</speed><sat>31</sat></trkpt>
  <trkpt lat="37.17032170" lon="38.79622528"><ele>558.111</ele><time>2026-09-19T15:37:34Z</time><speed>1.490</speed><sat>31</sat></trkpt>
  <trkpt lat="37.17031581" lon="38.79621295"><ele>558.259</ele><time>2026-09-19T15:37:35Z</time><speed>1.500</speed><sat>32</sat></trkpt>
  <trkpt lat="37.17030427" lon="38.79620190"><ele>559.366</ele><time>2026-09-19T15:37:36Z</time><speed>1.850</speed><sat>31</sat></trkpt>
  <trkpt lat="37.17028913" lon="38.79619327"><ele>559.120</ele><time>2026-09-19T15:37:37Z</time><speed>1.900</speed><sat>31</sat></trkpt>
  <trkpt lat="37.17027294" lon="38.79618913"><ele>559.219</ele><time>2026-09-19T15:37:38Z</time><speed>1.810</speed><sat>32</sat></trkpt>
  <trkpt lat="37.17025607" lon="38.79618753"><ele>559.382</ele><time>2026-09-19T15:37:39Z</time><speed>1.880</speed><sat>32</sat></trkpt>
  <trkpt lat="37.17023833" lon="38.79618654"><ele>559.843</ele><time>2026-09-19T15:37:40Z</time><speed>1.990</speed><sat>33</sat></trkpt>
  <trkpt lat="37.17022092" lon="38.79618581"><ele>560.898</ele><time>2026-09-19T15:37:41Z</time><speed>1.920</speed><sat>33</sat></trkpt>
  <trkpt lat="37.17020385" lon="38.79618504"><ele>560.728</ele><time>2026-09-19T15:37:42Z</time><speed>1.940</speed><sat>33</sat></trkpt>
  <trkpt lat="37.17018687" lon="38.79618254"><ele>560.301</ele><time>2026-09-19T15:37:43Z</time><speed>1.950</speed><sat>33</sat></trkpt>
  <trkpt lat="37.17017095" lon="38.79618120"><ele>559.898</ele><time>2026-09-19T15:37:44Z</time><speed>1.740</speed><sat>33</sat></trkpt>
  <trkpt lat="37.17015573" lon="38.79618108"><ele>559.801</ele><time>2026-09-19T15:37:45Z</time><speed>1.850</speed><sat>34</sat></trkpt>
  <trkpt lat="37.17014041" lon="38.79618271"><ele>559.297</ele><time>2026-09-19T15:37:46Z</time><speed>1.840</speed><sat>34</sat></trkpt>
  <trkpt lat="37.17012407" lon="38.79618510"><ele>560.714</ele><time>2026-09-19T15:37:47Z</time><speed>1.880</speed><sat>35</sat></trkpt>
  <trkpt lat="37.17010814" lon="38.79618621"><ele>561.428</ele><time>2026-09-19T15:37:48Z</time><speed>1.880</speed><sat>35</sat></trkpt>
  <trkpt lat="37.17009179" lon="38.79618217"><ele>561.165</ele><time>2026-09-19T15:37:49Z</time><speed>2.090</speed><sat>35</sat></trkpt>
  <trkpt lat="37.17007726" lon="38.79617259"><ele>560.701</ele><time>2026-09-19T15:37:50Z</time><speed>1.890</speed><sat>35</sat></trkpt>
  <trkpt lat="37.17006652" lon="38.79615394"><ele>560.530</ele><time>2026-09-19T15:37:51Z</time><speed>2.280</speed><sat>35</sat></trkpt>
  <trkpt lat="37.17004882" lon="38.79612463"><ele>559.843</ele><time>2026-09-19T15:37:52Z</time><speed>3.870</speed><sat>35</sat></trkpt>
  <trkpt lat="37.17002882" lon="38.79610580"><ele>559.333</ele><time>2026-09-19T15:37:53Z</time><speed>2.910</speed><sat>34</sat></trkpt>
  <trkpt lat="37.17001554" lon="38.79609620"><ele>559.719</ele><time>2026-09-19T15:37:54Z</time><speed>2.480</speed><sat>32</sat></trkpt>
  <trkpt lat="37.16999841" lon="38.79609393"><ele>559.938</ele><time>2026-09-19T15:37:55Z</time><speed>2.190</speed><sat>27</sat></trkpt>
  <trkpt lat="37.16997628" lon="38.79609995"><ele>560.133</ele><time>2026-09-19T15:37:56Z</time><speed>2.420</speed><sat>23</sat></trkpt>
  <trkpt lat="37.16995397" lon="38.79610799"><ele>559.904</ele><time>2026-09-19T15:37:57Z</time><speed>1.990</speed><sat>23</sat></trkpt>
  <trkpt lat="37.16993577" lon="38.79611772"><ele>559.798</ele><time>2026-09-19T15:37:58Z</time><speed>1.910</speed><sat>24</sat></trkpt>
  <trkpt lat="37.16991922" lon="38.79612443"><ele>560.129</ele><time>2026-09-19T15:37:59Z</time><speed>1.860</speed><sat>25</sat></trkpt>
  <trkpt lat="37.16990485" lon="38.79613013"><ele>560.526</ele><time>2026-09-19T15:38:00Z</time><speed>1.740</speed><sat>25</sat></trkpt>
  <trkpt lat="37.16988950" lon="38.79613109"><ele>560.590</ele><time>2026-09-19T15:38:01Z</time><speed>1.790</speed><sat>26</sat></trkpt>
  <trkpt lat="37.16987244" lon="38.79612716"><ele>560.425</ele><time>2026-09-19T15:38:02Z</time><speed>1.910</speed><sat>25</sat></trkpt>
  <trkpt lat="37.16985520" lon="38.79612207"><ele>560.288</ele><time>2026-09-19T15:38:03Z</time><speed>1.920</speed><sat>27</sat></trkpt>
  <trkpt lat="37.16984173" lon="38.79612121"><ele>560.888</ele><time>2026-09-19T15:38:04Z</time><speed>1.830</speed><sat>27</sat></trkpt>
  <trkpt lat="37.16982758" lon="38.79612251"><ele>561.238</ele><time>2026-09-19T15:38:05Z</time><speed>1.820</speed><sat>26</sat></trkpt>
  <trkpt lat="37.16982119" lon="38.79612178"><ele>560.563</ele><time>2026-09-19T15:38:06Z</time><speed>1.540</speed><sat>27</sat></trkpt>
  <trkpt lat="37.16981772" lon="38.79611377"><ele>559.990</ele><time>2026-09-19T15:38:07Z</time><speed>1.470</speed><sat>27</sat></trkpt>
  <trkpt lat="37.16981487" lon="38.79610169"><ele>559.591</ele><time>2026-09-19T15:38:08Z</time><speed>1.490</speed><sat>28</sat></trkpt>
  <trkpt lat="37.16981257" lon="38.79608724"><ele>559.285</ele><time>2026-09-19T15:38:09Z</time><speed>1.560</speed><sat>29</sat></trkpt>
  <trkpt lat="37.16980933" lon="38.79607428"><ele>559.638</ele><time>2026-09-19T15:38:10Z</time><speed>1.530</speed><sat>28</sat></trkpt>
  <trkpt lat="37.16980325" lon="38.79606599"><ele>558.690</ele><time>2026-09-19T15:38:11Z</time><speed>1.610</speed><sat>30</sat></trkpt>
  <trkpt lat="37.16979412" lon="38.79605889"><ele>558.533</ele><time>2026-09-19T15:38:12Z</time><speed>1.670</speed><sat>30</sat></trkpt>
  <trkpt lat="37.16978216" lon="38.79605325"><ele>557.840</ele><time>2026-09-19T15:38:13Z</time><speed>1.720</speed><sat>30</sat></trkpt>
  <trkpt lat="37.16977007" lon="38.79604926"><ele>557.555</ele><time>2026-09-19T15:38:14Z</time><speed>1.620</speed><sat>31</sat></trkpt>
  <trkpt lat="37.16975725" lon="38.79604521"><ele>558.158</ele><time>2026-09-19T15:38:15Z</time><speed>1.700</speed><sat>32</sat></trkpt>
  <trkpt lat="37.16974434" lon="38.79604107"><ele>558.165</ele><time>2026-09-19T15:38:16Z</time><speed>1.660</speed><sat>32</sat></trkpt>
  <trkpt lat="37.16973152" lon="38.79603661"><ele>558.284</ele><time>2026-09-19T15:38:17Z</time><speed>1.680</speed><sat>31</sat></trkpt>
  <trkpt lat="37.16971899" lon="38.79603167"><ele>558.218</ele><time>2026-09-19T15:38:18Z</time><speed>1.570</speed><sat>31</sat></trkpt>
  <trkpt lat="37.16970709" lon="38.79602701"><ele>557.281</ele><time>2026-09-19T15:38:19Z</time><speed>1.590</speed><sat>31</sat></trkpt>
  <trkpt lat="37.16969514" lon="38.79602277"><ele>556.577</ele><time>2026-09-19T15:38:20Z</time><speed>1.560</speed><sat>32</sat></trkpt>
  <trkpt lat="37.16968335" lon="38.79601719"><ele>556.088</ele><time>2026-09-19T15:38:21Z</time><speed>1.670</speed><sat>33</sat></trkpt>
  <trkpt lat="37.16967109" lon="38.79601008"><ele>556.339</ele><time>2026-09-19T15:38:22Z</time><speed>1.650</speed><sat>33</sat></trkpt>
  <trkpt lat="37.16965729" lon="38.79600259"><ele>556.823</ele><time>2026-09-19T15:38:23Z</time><speed>1.900</speed><sat>33</sat></trkpt>
  <trkpt lat="37.16964277" lon="38.79599600"><ele>556.554</ele><time>2026-09-19T15:38:24Z</time><speed>1.710</speed><sat>33</sat></trkpt>
  <trkpt lat="37.16962870" lon="38.79599047"><ele>556.496</ele><time>2026-09-19T15:38:25Z</time><speed>1.700</speed><sat>33</sat></trkpt>
  <trkpt lat="37.16961481" lon="38.79598401"><ele>556.464</ele><time>2026-09-19T15:38:26Z</time><speed>1.730</speed><sat>33</sat></trkpt>
  <trkpt lat="37.16960107" lon="38.79597622"><ele>556.785</ele><time>2026-09-19T15:38:27Z</time><speed>1.690</speed><sat>33</sat></trkpt>
  <trkpt lat="37.16958818" lon="38.79596609"><ele>557.194</ele><time>2026-09-19T15:38:28Z</time><speed>1.720</speed><sat>32</sat></trkpt>
  <trkpt lat="37.16957445" lon="38.79595741"><ele>557.360</ele><time>2026-09-19T15:38:29Z</time><speed>1.780</speed><sat>32</sat></trkpt>
  <trkpt lat="37.16956041" lon="38.79594966"><ele>557.831</ele><time>2026-09-19T15:38:30Z</time><speed>1.700</speed><sat>32</sat></trkpt>
  <trkpt lat="37.16954673" lon="38.79594439"><ele>557.976</ele><time>2026-09-19T15:38:31Z</time><speed>1.690</speed><sat>33</sat></trkpt>
  <trkpt lat="37.16953303" lon="38.79594132"><ele>557.682</ele><time>2026-09-19T15:38:32Z</time><speed>1.630</speed><sat>32</sat></trkpt>
  <trkpt lat="37.16951987" lon="38.79593861"><ele>556.943</ele><time>2026-09-19T15:38:33Z</time><speed>1.610</speed><sat>30</sat></trkpt>
  <trkpt lat="37.16950677" lon="38.79593530"><ele>556.876</ele><time>2026-09-19T15:38:34Z</time><speed>1.640</speed><sat>31</sat></trkpt>
  <trkpt lat="37.16949373" lon="38.79593094"><ele>556.459</ele><time>2026-09-19T15:38:35Z</time><speed>1.670</speed><sat>31</sat></trkpt>
  <trkpt lat="37.16948018" lon="38.79592570"><ele>556.613</ele><time>2026-09-19T15:38:36Z</time><speed>1.680</speed><sat>33</sat></trkpt>
  <trkpt lat="37.16946638" lon="38.79591982"><ele>557.400</ele><time>2026-09-19T15:38:37Z</time><speed>1.660</speed><sat>33</sat></trkpt>
  <trkpt lat="37.16945317" lon="38.79591387"><ele>556.971</ele><time>2026-09-19T15:38:38Z</time><speed>1.620</speed><sat>34</sat></trkpt>
  <trkpt lat="37.16944052" lon="38.79590802"><ele>556.939</ele><time>2026-09-19T15:38:39Z</time><speed>1.590</speed><sat>35</sat></trkpt>
  <trkpt lat="37.16942723" lon="38.79590250"><ele>556.516</ele><time>2026-09-19T15:38:40Z</time><speed>1.620</speed><sat>34</sat></trkpt>
  <trkpt lat="37.16941350" lon="38.79589723"><ele>556.656</ele><time>2026-09-19T15:38:41Z</time><speed>1.710</speed><sat>35</sat></trkpt>
  <trkpt lat="37.16940046" lon="38.79589233"><ele>556.326</ele><time>2026-09-19T15:38:42Z</time><speed>1.560</speed><sat>33</sat></trkpt>
  <trkpt lat="37.16938783" lon="38.79588801"><ele>555.823</ele><time>2026-09-19T15:38:43Z</time><speed>1.590</speed><sat>33</sat></trkpt>
  <trkpt lat="37.16937568" lon="38.79588284"><ele>555.616</ele><time>2026-09-19T15:38:44Z</time><speed>1.560</speed><sat>32</sat></trkpt>
  <trkpt lat="37.16936336" lon="38.79587631"><ele>555.676</ele><time>2026-09-19T15:38:45Z</time><speed>1.660</speed><sat>33</sat></trkpt>
  <trkpt lat="37.16935116" lon="38.79586877"><ele>555.701</ele><time>2026-09-19T15:38:46Z</time><speed>1.600</speed><sat>33</sat></trkpt>
  <trkpt lat="37.16933869" lon="38.79586179"><ele>555.617</ele><time>2026-09-19T15:38:47Z</time><speed>1.630</speed><sat>33</sat></trkpt>
  <trkpt lat="37.16932533" lon="38.79585500"><ele>555.859</ele><time>2026-09-19T15:38:48Z</time><speed>1.640</speed><sat>33</sat></trkpt>
  <trkpt lat="37.16931531" lon="38.79584770"><ele>556.062</ele><time>2026-09-19T15:38:49Z</time><speed>1.240</speed><sat>33</sat></trkpt>
  <trkpt lat="37.16930472" lon="38.79583994"><ele>556.351</ele><time>2026-09-19T15:38:50Z</time><speed>1.540</speed><sat>33</sat></trkpt>
  <trkpt lat="37.16929368" lon="38.79583055"><ele>556.611</ele><time>2026-09-19T15:38:51Z</time><speed>1.460</speed><sat>34</sat></trkpt>
  <trkpt lat="37.16928187" lon="38.79582433"><ele>556.276</ele><time>2026-09-19T15:38:52Z</time><speed>1.380</speed><sat>34</sat></trkpt>
  <trkpt lat="37.16926782" lon="38.79581764"><ele>556.223</ele><time>2026-09-19T15:38:53Z</time><speed>1.590</speed><sat>35</sat></trkpt>
  <trkpt lat="37.16925300" lon="38.79581052"><ele>556.272</ele><time>2026-09-19T15:38:54Z</time><speed>1.520</speed><sat>35</sat></trkpt>
  <trkpt lat="37.16923964" lon="38.79580331"><ele>555.636</ele><time>2026-09-19T15:38:55Z</time><speed>1.430</speed><sat>35</sat></trkpt>
  <trkpt lat="37.16922702" lon="38.79579513"><ele>555.441</ele><time>2026-09-19T15:38:56Z</time><speed>1.600</speed><sat>35</sat></trkpt>
  <trkpt lat="37.16921334" lon="38.79578633"><ele>555.337</ele><time>2026-09-19T15:38:57Z</time><speed>1.580</speed><sat>36</sat></trkpt>
  <trkpt lat="37.16919983" lon="38.79577925"><ele>555.136</ele><time>2026-09-19T15:38:58Z</time><speed>1.490</speed><sat>35</sat></trkpt>
  <trkpt lat="37.16918717" lon="38.79577291"><ele>555.002</ele><time>2026-09-19T15:38:59Z</time><speed>1.610</speed><sat>35</sat></trkpt>
  <trkpt lat="37.16917453" lon="38.79576622"><ele>555.229</ele><time>2026-09-19T15:39:00Z</time><speed>1.540</speed><sat>35</sat></trkpt>
  <trkpt lat="37.16916248" lon="38.79575858"><ele>554.935</ele><time>2026-09-19T15:39:01Z</time><speed>1.520</speed><sat>35</sat></trkpt>
  <trkpt lat="37.16914993" lon="38.79574885"><ele>554.795</ele><time>2026-09-19T15:39:02Z</time><speed>1.680</speed><sat>35</sat></trkpt>
  <trkpt lat="37.16913728" lon="38.79573838"><ele>554.628</ele><time>2026-09-19T15:39:03Z</time><speed>1.560</speed><sat>36</sat></trkpt>
  <trkpt lat="37.16912559" lon="38.79572831"><ele>554.689</ele><time>2026-09-19T15:39:04Z</time><speed>1.540</speed><sat>35</sat></trkpt>
  <trkpt lat="37.16911359" lon="38.79571967"><ele>554.695</ele><time>2026-09-19T15:39:05Z</time><speed>1.570</speed><sat>35</sat></trkpt>
  <trkpt lat="37.16910138" lon="38.79571064"><ele>554.965</ele><time>2026-09-19T15:39:06Z</time><speed>1.620</speed><sat>35</sat></trkpt>
  <trkpt lat="37.16909021" lon="38.79570093"><ele>554.836</ele><time>2026-09-19T15:39:07Z</time><speed>1.510</speed><sat>36</sat></trkpt>
  <trkpt lat="37.16907978" lon="38.79569238"><ele>554.237</ele><time>2026-09-19T15:39:08Z</time><speed>1.430</speed><sat>36</sat></trkpt>
  <trkpt lat="37.16906931" lon="38.79568347"><ele>554.729</ele><time>2026-09-19T15:39:09Z</time><speed>1.540</speed><sat>36</sat></trkpt>
  <trkpt lat="37.16905799" lon="38.79567526"><ele>554.578</ele><time>2026-09-19T15:39:10Z</time><speed>1.510</speed><sat>36</sat></trkpt>
  <trkpt lat="37.16904658" lon="38.79566799"><ele>554.605</ele><time>2026-09-19T15:39:11Z</time><speed>1.540</speed><sat>36</sat></trkpt>
  <trkpt lat="37.16903498" lon="38.79566181"><ele>554.553</ele><time>2026-09-19T15:39:12Z</time><speed>1.500</speed><sat>35</sat></trkpt>
  <trkpt lat="37.16902283" lon="38.79565414"><ele>554.380</ele><time>2026-09-19T15:39:13Z</time><speed>1.660</speed><sat>34</sat></trkpt>
  <trkpt lat="37.16901340" lon="38.79564337"><ele>553.930</ele><time>2026-09-19T15:39:14Z</time><speed>1.470</speed><sat>34</sat></trkpt>
  <trkpt lat="37.16900509" lon="38.79563223"><ele>553.280</ele><time>2026-09-19T15:39:15Z</time><speed>1.420</speed><sat>34</sat></trkpt>
  <trkpt lat="37.16899753" lon="38.79562024"><ele>552.985</ele><time>2026-09-19T15:39:16Z</time><speed>1.420</speed><sat>34</sat></trkpt>
  <trkpt lat="37.16898849" lon="38.79561103"><ele>552.631</ele><time>2026-09-19T15:39:17Z</time><speed>1.420</speed><sat>34</sat></trkpt>
  <trkpt lat="37.16897749" lon="38.79560443"><ele>552.846</ele><time>2026-09-19T15:39:18Z</time><speed>1.430</speed><sat>34</sat></trkpt>
  <trkpt lat="37.16896425" lon="38.79559906"><ele>552.616</ele><time>2026-09-19T15:39:19Z</time><speed>1.500</speed><sat>33</sat></trkpt>
  <trkpt lat="37.16895084" lon="38.79559292"><ele>552.931</ele><time>2026-09-19T15:39:20Z</time><speed>1.520</speed><sat>34</sat></trkpt>
  <trkpt lat="37.16893737" lon="38.79558615"><ele>553.701</ele><time>2026-09-19T15:39:21Z</time><speed>1.550</speed><sat>36</sat></trkpt>
  <trkpt lat="37.16892487" lon="38.79557818"><ele>553.894</ele><time>2026-09-19T15:39:22Z</time><speed>1.490</speed><sat>36</sat></trkpt>
  <trkpt lat="37.16891311" lon="38.79556828"><ele>553.455</ele><time>2026-09-19T15:39:23Z</time><speed>1.550</speed><sat>36</sat></trkpt>
  <trkpt lat="37.16890144" lon="38.79555803"><ele>553.491</ele><time>2026-09-19T15:39:24Z</time><speed>1.530</speed><sat>35</sat></trkpt>
  <trkpt lat="37.16889017" lon="38.79554748"><ele>553.594</ele><time>2026-09-19T15:39:25Z</time><speed>1.520</speed><sat>34</sat></trkpt>
  <trkpt lat="37.16887863" lon="38.79553713"><ele>553.335</ele><time>2026-09-19T15:39:26Z</time><speed>1.530</speed><sat>34</sat></trkpt>
  <trkpt lat="37.16886696" lon="38.79552657"><ele>553.990</ele><time>2026-09-19T15:39:27Z</time><speed>1.610</speed><sat>33</sat></trkpt>
  <trkpt lat="37.16885589" lon="38.79551518"><ele>553.855</ele><time>2026-09-19T15:39:28Z</time><speed>1.560</speed><sat>33</sat></trkpt>
  <trkpt lat="37.16884602" lon="38.79550360"><ele>553.544</ele><time>2026-09-19T15:39:29Z</time><speed>1.460</speed><sat>33</sat></trkpt>
  <trkpt lat="37.16883651" lon="38.79549254"><ele>553.500</ele><time>2026-09-19T15:39:30Z</time><speed>1.520</speed><sat>34</sat></trkpt>
  <trkpt lat="37.16882622" lon="38.79548330"><ele>553.443</ele><time>2026-09-19T15:39:31Z</time><speed>1.460</speed><sat>34</sat></trkpt>
  <trkpt lat="37.16881434" lon="38.79547543"><ele>553.718</ele><time>2026-09-19T15:39:32Z</time><speed>1.590</speed><sat>34</sat></trkpt>
  <trkpt lat="37.16880180" lon="38.79546790"><ele>553.847</ele><time>2026-09-19T15:39:33Z</time><speed>1.530</speed><sat>34</sat></trkpt>
  <trkpt lat="37.16878895" lon="38.79546036"><ele>553.983</ele><time>2026-09-19T15:39:34Z</time><speed>1.610</speed><sat>34</sat></trkpt>
  <trkpt lat="37.16877637" lon="38.79545157"><ele>553.952</ele><time>2026-09-19T15:39:35Z</time><speed>1.600</speed><sat>34</sat></trkpt>
  <trkpt lat="37.16876550" lon="38.79544156"><ele>554.118</ele><time>2026-09-19T15:39:36Z</time><speed>1.520</speed><sat>35</sat></trkpt>
  <trkpt lat="37.16875654" lon="38.79543049"><ele>553.885</ele><time>2026-09-19T15:39:37Z</time><speed>1.530</speed><sat>35</sat></trkpt>
  <trkpt lat="37.16874760" lon="38.79541890"><ele>552.998</ele><time>2026-09-19T15:39:38Z</time><speed>1.530</speed><sat>36</sat></trkpt>
  <trkpt lat="37.16873649" lon="38.79540961"><ele>552.820</ele><time>2026-09-19T15:39:39Z</time><speed>1.580</speed><sat>35</sat></trkpt>
  <trkpt lat="37.16872455" lon="38.79540266"><ele>552.969</ele><time>2026-09-19T15:39:40Z</time><speed>1.470</speed><sat>36</sat></trkpt>
  <trkpt lat="37.16871252" lon="38.79539605"><ele>552.679</ele><time>2026-09-19T15:39:41Z</time><speed>1.620</speed><sat>36</sat></trkpt>
  <trkpt lat="37.16870014" lon="38.79538912"><ele>552.780</ele><time>2026-09-19T15:39:42Z</time><speed>1.580</speed><sat>36</sat></trkpt>
  <trkpt lat="37.16868845" lon="38.79538163"><ele>552.801</ele><time>2026-09-19T15:39:43Z</time><speed>1.480</speed><sat>35</sat></trkpt>
  <trkpt lat="37.16867676" lon="38.79537343"><ele>552.941</ele><time>2026-09-19T15:39:44Z</time><speed>1.530</speed><sat>34</sat></trkpt>
  <trkpt lat="37.16866529" lon="38.79536550"><ele>552.907</ele><time>2026-09-19T15:39:45Z</time><speed>1.530</speed><sat>34</sat></trkpt>
  <trkpt lat="37.16865387" lon="38.79535682"><ele>552.736</ele><time>2026-09-19T15:39:46Z</time><speed>1.560</speed><sat>33</sat></trkpt>
  <trkpt lat="37.16864479" lon="38.79534742"><ele>552.764</ele><time>2026-09-19T15:39:47Z</time><speed>1.260</speed><sat>33</sat></trkpt>
  <trkpt lat="37.16863501" lon="38.79533759"><ele>552.815</ele><time>2026-09-19T15:39:48Z</time><speed>1.520</speed><sat>33</sat></trkpt>
  <trkpt lat="37.16862258" lon="38.79532840"><ele>553.070</ele><time>2026-09-19T15:39:49Z</time><speed>1.650</speed><sat>34</sat></trkpt>
  <trkpt lat="37.16860931" lon="38.79532168"><ele>553.479</ele><time>2026-09-19T15:39:50Z</time><speed>1.590</speed><sat>34</sat></trkpt>
  <trkpt lat="37.16859722" lon="38.79531591"><ele>552.901</ele><time>2026-09-19T15:39:51Z</time><speed>1.510</speed><sat>33</sat></trkpt>
  <trkpt lat="37.16858629" lon="38.79530933"><ele>552.964</ele><time>2026-09-19T15:39:52Z</time><speed>1.430</speed><sat>33</sat></trkpt>
  <trkpt lat="37.16857433" lon="38.79530051"><ele>553.067</ele><time>2026-09-19T15:39:53Z</time><speed>1.630</speed><sat>33</sat></trkpt>
  <trkpt lat="37.16856284" lon="38.79529048"><ele>553.271</ele><time>2026-09-19T15:39:54Z</time><speed>1.510</speed><sat>33</sat></trkpt>
  <trkpt lat="37.16855199" lon="38.79528016"><ele>553.196</ele><time>2026-09-19T15:39:55Z</time><speed>1.530</speed><sat>33</sat></trkpt>
  <trkpt lat="37.16854158" lon="38.79527027"><ele>553.059</ele><time>2026-09-19T15:39:56Z</time><speed>1.460</speed><sat>33</sat></trkpt>
  <trkpt lat="37.16853030" lon="38.79526080"><ele>553.138</ele><time>2026-09-19T15:39:57Z</time><speed>1.540</speed><sat>35</sat></trkpt>
  <trkpt lat="37.16851868" lon="38.79525113"><ele>553.284</ele><time>2026-09-19T15:39:58Z</time><speed>1.510</speed><sat>37</sat></trkpt>
  <trkpt lat="37.16850641" lon="38.79523749"><ele>553.162</ele><time>2026-09-19T15:39:59Z</time><speed>2.080</speed><sat>36</sat></trkpt>
  <trkpt lat="37.16849461" lon="38.79522135"><ele>553.328</ele><time>2026-09-19T15:40:00Z</time><speed>1.810</speed><sat>36</sat></trkpt>
  <trkpt lat="37.16848116" lon="38.79520894"><ele>555.213</ele><time>2026-09-19T15:40:01Z</time><speed>1.620</speed><sat>37</sat></trkpt>
  <trkpt lat="37.16846957" lon="38.79519824"><ele>555.014</ele><time>2026-09-19T15:40:02Z</time><speed>1.450</speed><sat>36</sat></trkpt>
  <trkpt lat="37.16845722" lon="38.79519126"><ele>554.370</ele><time>2026-09-19T15:40:03Z</time><speed>1.450</speed><sat>34</sat></trkpt>
  <trkpt lat="37.16844570" lon="38.79518421"><ele>554.074</ele><time>2026-09-19T15:40:04Z</time><speed>1.420</speed><sat>30</sat></trkpt>
  <trkpt lat="37.16843431" lon="38.79517718"><ele>554.466</ele><time>2026-09-19T15:40:05Z</time><speed>1.430</speed><sat>30</sat></trkpt>
  <trkpt lat="37.16842054" lon="38.79517393"><ele>555.122</ele><time>2026-09-19T15:40:06Z</time><speed>1.650</speed><sat>26</sat></trkpt>
  <trkpt lat="37.16840831" lon="38.79516621"><ele>554.011</ele><time>2026-09-19T15:40:07Z</time><speed>1.520</speed><sat>26</sat></trkpt>
  <trkpt lat="37.16839718" lon="38.79515849"><ele>554.075</ele><time>2026-09-19T15:40:08Z</time><speed>1.440</speed><sat>27</sat></trkpt>
  <trkpt lat="37.16838647" lon="38.79515084"><ele>554.083</ele><time>2026-09-19T15:40:09Z</time><speed>1.400</speed><sat>27</sat></trkpt>
  <trkpt lat="37.16837560" lon="38.79514285"><ele>554.073</ele><time>2026-09-19T15:40:10Z</time><speed>1.420</speed><sat>27</sat></trkpt>
  <trkpt lat="37.16836424" lon="38.79513465"><ele>554.100</ele><time>2026-09-19T15:40:11Z</time><speed>1.470</speed><sat>28</sat></trkpt>
  <trkpt lat="37.16835259" lon="38.79512443"><ele>553.791</ele><time>2026-09-19T15:40:12Z</time><speed>1.480</speed><sat>30</sat></trkpt>
  <trkpt lat="37.16834271" lon="38.79511151"><ele>554.424</ele><time>2026-09-19T15:40:13Z</time><speed>1.510</speed><sat>29</sat></trkpt>
  <trkpt lat="37.16834422" lon="38.79508095"><ele>554.533</ele><time>2026-09-19T15:40:14Z</time><speed>3.270</speed><sat>28</sat></trkpt>
  <trkpt lat="37.16834936" lon="38.79505544"><ele>553.860</ele><time>2026-09-19T15:40:15Z</time><speed>1.230</speed><sat>28</sat></trkpt>
  <trkpt lat="37.16835822" lon="38.79504151"><ele>553.635</ele><time>2026-09-19T15:40:16Z</time><speed>1.340</speed><sat>28</sat></trkpt>
  <trkpt lat="37.16835595" lon="38.79503232"><ele>553.243</ele><time>2026-09-19T15:40:17Z</time><speed>1.180</speed><sat>27</sat></trkpt>
  <trkpt lat="37.16834458" lon="38.79502223"><ele>553.488</ele><time>2026-09-19T15:40:18Z</time><speed>1.660</speed><sat>27</sat></trkpt>
  <trkpt lat="37.16832510" lon="38.79501837"><ele>553.017</ele><time>2026-09-19T15:40:19Z</time><speed>1.750</speed><sat>27</sat></trkpt>
  <trkpt lat="37.16830365" lon="38.79501803"><ele>552.984</ele><time>2026-09-19T15:40:20Z</time><speed>1.650</speed><sat>27</sat></trkpt>
  <trkpt lat="37.16828219" lon="38.79501503"><ele>553.203</ele><time>2026-09-19T15:40:21Z</time><speed>1.950</speed><sat>27</sat></trkpt>
  <trkpt lat="37.16826144" lon="38.79501023"><ele>553.397</ele><time>2026-09-19T15:40:22Z</time><speed>1.860</speed><sat>27</sat></trkpt>
  <trkpt lat="37.16823794" lon="38.79500479"><ele>553.368</ele><time>2026-09-19T15:40:23Z</time><speed>2.270</speed><sat>27</sat></trkpt>
  <trkpt lat="37.16822351" lon="38.79499943"><ele>552.065</ele><time>2026-09-19T15:40:24Z</time><speed>1.130</speed><sat>27</sat></trkpt>
  <trkpt lat="37.16821477" lon="38.79499587"><ele>552.476</ele><time>2026-09-19T15:40:25Z</time><speed>1.070</speed><sat>27</sat></trkpt>
  <trkpt lat="37.16821621" lon="38.79499430"><ele>552.950</ele><time>2026-09-19T15:40:26Z</time><speed>0.000</speed><sat>28</sat></trkpt>
  <trkpt lat="37.16821480" lon="38.79499216"><ele>552.937</ele><time>2026-09-19T15:40:27Z</time><speed>0.290</speed><sat>31</sat></trkpt>
  <trkpt lat="37.16821358" lon="38.79498921"><ele>553.018</ele><time>2026-09-19T15:40:28Z</time><speed>0.270</speed><sat>32</sat></trkpt>
  <trkpt lat="37.16821357" lon="38.79498574"><ele>553.184</ele><time>2026-09-19T15:40:29Z</time><speed>0.450</speed><sat>32</sat></trkpt>
  <trkpt lat="37.16821529" lon="38.79497868"><ele>552.676</ele><time>2026-09-19T15:40:30Z</time><speed>0.760</speed><sat>32</sat></trkpt>
  <trkpt lat="37.16821034" lon="38.79496812"><ele>552.975</ele><time>2026-09-19T15:40:31Z</time><speed>1.390</speed><sat>31</sat></trkpt>
  <trkpt lat="37.16820071" lon="38.79495696"><ele>552.879</ele><time>2026-09-19T15:40:32Z</time><speed>1.340</speed><sat>34</sat></trkpt>
  <trkpt lat="37.16818823" lon="38.79494802"><ele>553.142</ele><time>2026-09-19T15:40:33Z</time><speed>1.450</speed><sat>34</sat></trkpt>
  <trkpt lat="37.16817558" lon="38.79493915"><ele>553.120</ele><time>2026-09-19T15:40:34Z</time><speed>1.450</speed><sat>35</sat></trkpt>
  <trkpt lat="37.16816254" lon="38.79493130"><ele>553.342</ele><time>2026-09-19T15:40:35Z</time><speed>1.390</speed><sat>35</sat></trkpt>
  <trkpt lat="37.16815026" lon="38.79492212"><ele>552.993</ele><time>2026-09-19T15:40:36Z</time><speed>1.480</speed><sat>34</sat></trkpt>
  <trkpt lat="37.16813878" lon="38.79491205"><ele>553.211</ele><time>2026-09-19T15:40:37Z</time><speed>1.440</speed><sat>35</sat></trkpt>
  <trkpt lat="37.16812724" lon="38.79489936"><ele>553.112</ele><time>2026-09-19T15:40:38Z</time><speed>1.740</speed><sat>36</sat></trkpt>
  <trkpt lat="37.16811556" lon="38.79488552"><ele>553.255</ele><time>2026-09-19T15:40:39Z</time><speed>1.660</speed><sat>36</sat></trkpt>
  <trkpt lat="37.16810242" lon="38.79487327"><ele>552.957</ele><time>2026-09-19T15:40:40Z</time><speed>1.820</speed><sat>36</sat></trkpt>
  <trkpt lat="37.16808881" lon="38.79486059"><ele>553.079</ele><time>2026-09-19T15:40:41Z</time><speed>1.880</speed><sat>36</sat></trkpt>
  <trkpt lat="37.16807667" lon="38.79484910"><ele>552.832</ele><time>2026-09-19T15:40:42Z</time><speed>1.550</speed><sat>36</sat></trkpt>
  <trkpt lat="37.16806636" lon="38.79483585"><ele>553.116</ele><time>2026-09-19T15:40:43Z</time><speed>1.690</speed><sat>34</sat></trkpt>
  <trkpt lat="37.16805657" lon="38.79482155"><ele>553.164</ele><time>2026-09-19T15:40:44Z</time><speed>1.680</speed><sat>32</sat></trkpt>
  <trkpt lat="37.16804766" lon="38.79480688"><ele>553.008</ele><time>2026-09-19T15:40:45Z</time><speed>1.630</speed><sat>33</sat></trkpt>
  <trkpt lat="37.16804035" lon="38.79479208"><ele>552.186</ele><time>2026-09-19T15:40:46Z</time><speed>1.580</speed><sat>34</sat></trkpt>
  <trkpt lat="37.16803466" lon="38.79477637"><ele>551.278</ele><time>2026-09-19T15:40:47Z</time><speed>1.660</speed><sat>35</sat></trkpt>
  <trkpt lat="37.16802878" lon="38.79476046"><ele>550.622</ele><time>2026-09-19T15:40:48Z</time><speed>1.660</speed><sat>35</sat></trkpt>
  <trkpt lat="37.16802186" lon="38.79474314"><ele>550.749</ele><time>2026-09-19T15:40:49Z</time><speed>1.820</speed><sat>35</sat></trkpt>
  <trkpt lat="37.16801423" lon="38.79472733"><ele>550.178</ele><time>2026-09-19T15:40:50Z</time><speed>1.610</speed><sat>36</sat></trkpt>
  <trkpt lat="37.16800613" lon="38.79471359"><ele>550.345</ele><time>2026-09-19T15:40:51Z</time><speed>1.560</speed><sat>36</sat></trkpt>
  <trkpt lat="37.16799721" lon="38.79470121"><ele>550.171</ele><time>2026-09-19T15:40:52Z</time><speed>1.540</speed><sat>35</sat></trkpt>
  <trkpt lat="37.16798846" lon="38.79468901"><ele>549.843</ele><time>2026-09-19T15:40:53Z</time><speed>1.540</speed><sat>35</sat></trkpt>
  <trkpt lat="37.16798001" lon="38.79467623"><ele>549.897</ele><time>2026-09-19T15:40:54Z</time><speed>1.600</speed><sat>35</sat></trkpt>
  <trkpt lat="37.16797152" lon="38.79466275"><ele>550.107</ele><time>2026-09-19T15:40:55Z</time><speed>1.600</speed><sat>35</sat></trkpt>
  <trkpt lat="37.16796477" lon="38.79464928"><ele>550.217</ele><time>2026-09-19T15:40:56Z</time><speed>1.400</speed><sat>33</sat></trkpt>
  <trkpt lat="37.16795974" lon="38.79463608"><ele>550.088</ele><time>2026-09-19T15:40:57Z</time><speed>1.390</speed><sat>33</sat></trkpt>
  <trkpt lat="37.16795443" lon="38.79462354"><ele>549.733</ele><time>2026-09-19T15:40:58Z</time><speed>1.390</speed><sat>33</sat></trkpt>
  <trkpt lat="37.16794530" lon="38.79461080"><ele>549.515</ele><time>2026-09-19T15:40:59Z</time><speed>1.790</speed><sat>32</sat></trkpt>
  <trkpt lat="37.16793335" lon="38.79460023"><ele>549.824</ele><time>2026-09-19T15:41:00Z</time><speed>1.480</speed><sat>31</sat></trkpt>
  <trkpt lat="37.16792163" lon="38.79459098"><ele>550.147</ele><time>2026-09-19T15:41:01Z</time><speed>1.550</speed><sat>32</sat></trkpt>
  <trkpt lat="37.16790939" lon="38.79458123"><ele>550.124</ele><time>2026-09-19T15:41:02Z</time><speed>1.570</speed><sat>32</sat></trkpt>
  <trkpt lat="37.16789767" lon="38.79457023"><ele>550.210</ele><time>2026-09-19T15:41:03Z</time><speed>1.560</speed><sat>31</sat></trkpt>
  <trkpt lat="37.16788557" lon="38.79455945"><ele>550.980</ele><time>2026-09-19T15:41:04Z</time><speed>1.570</speed><sat>30</sat></trkpt>
  <trkpt lat="37.16787416" lon="38.79454747"><ele>550.708</ele><time>2026-09-19T15:41:05Z</time><speed>1.600</speed><sat>30</sat></trkpt>
  <trkpt lat="37.16786291" lon="38.79453507"><ele>551.068</ele><time>2026-09-19T15:41:06Z</time><speed>1.540</speed><sat>31</sat></trkpt>
  <trkpt lat="37.16785148" lon="38.79452294"><ele>551.312</ele><time>2026-09-19T15:41:07Z</time><speed>1.600</speed><sat>33</sat></trkpt>
  <trkpt lat="37.16784050" lon="38.79451090"><ele>551.597</ele><time>2026-09-19T15:41:08Z</time><speed>1.510</speed><sat>32</sat></trkpt>
  <trkpt lat="37.16782924" lon="38.79450020"><ele>551.855</ele><time>2026-09-19T15:41:09Z</time><speed>1.520</speed><sat>31</sat></trkpt>
  <trkpt lat="37.16782013" lon="38.79449200"><ele>551.492</ele><time>2026-09-19T15:41:10Z</time><speed>1.350</speed><sat>35</sat></trkpt>
  <trkpt lat="37.16780963" lon="38.79448368"><ele>551.363</ele><time>2026-09-19T15:41:11Z</time><speed>1.560</speed><sat>35</sat></trkpt>
  <trkpt lat="37.16779949" lon="38.79447415"><ele>550.989</ele><time>2026-09-19T15:41:12Z</time><speed>1.530</speed><sat>35</sat></trkpt>
  <trkpt lat="37.16778960" lon="38.79446297"><ele>550.695</ele><time>2026-09-19T15:41:13Z</time><speed>1.580</speed><sat>34</sat></trkpt>
  <trkpt lat="37.16777917" lon="38.79445010"><ele>551.179</ele><time>2026-09-19T15:41:14Z</time><speed>1.580</speed><sat>33</sat></trkpt>
  <trkpt lat="37.16776894" lon="38.79443751"><ele>551.517</ele><time>2026-09-19T15:41:15Z</time><speed>1.610</speed><sat>34</sat></trkpt>
  <trkpt lat="37.16776025" lon="38.79442594"><ele>551.165</ele><time>2026-09-19T15:41:16Z</time><speed>1.310</speed><sat>33</sat></trkpt>
  <trkpt lat="37.16774910" lon="38.79441315"><ele>551.214</ele><time>2026-09-19T15:41:17Z</time><speed>1.960</speed><sat>32</sat></trkpt>
  <trkpt lat="37.16773698" lon="38.79439991"><ele>551.187</ele><time>2026-09-19T15:41:18Z</time><speed>1.600</speed><sat>33</sat></trkpt>
  <trkpt lat="37.16772529" lon="38.79438837"><ele>551.398</ele><time>2026-09-19T15:41:19Z</time><speed>1.620</speed><sat>33</sat></trkpt>
  <trkpt lat="37.16771406" lon="38.79437556"><ele>550.985</ele><time>2026-09-19T15:41:20Z</time><speed>1.650</speed><sat>33</sat></trkpt>
  <trkpt lat="37.16770531" lon="38.79436215"><ele>550.944</ele><time>2026-09-19T15:41:21Z</time><speed>1.530</speed><sat>31</sat></trkpt>
  <trkpt lat="37.16769818" lon="38.79434809"><ele>550.684</ele><time>2026-09-19T15:41:22Z</time><speed>1.550</speed><sat>31</sat></trkpt>
  <trkpt lat="37.16769341" lon="38.79433761"><ele>550.819</ele><time>2026-09-19T15:41:23Z</time><speed>0.850</speed><sat>30</sat></trkpt>
  <trkpt lat="37.16768954" lon="38.79432972"><ele>550.916</ele><time>2026-09-19T15:41:24Z</time><speed>0.890</speed><sat>34</sat></trkpt>
  <trkpt lat="37.16768139" lon="38.79431980"><ele>550.141</ele><time>2026-09-19T15:41:25Z</time><speed>1.490</speed><sat>35</sat></trkpt>
  <trkpt lat="37.16767179" lon="38.79431018"><ele>549.930</ele><time>2026-09-19T15:41:26Z</time><speed>1.170</speed><sat>35</sat></trkpt>
  <trkpt lat="37.16766172" lon="38.79430094"><ele>549.948</ele><time>2026-09-19T15:41:27Z</time><speed>1.320</speed><sat>35</sat></trkpt>
  <trkpt lat="37.16765188" lon="38.79429031"><ele>550.167</ele><time>2026-09-19T15:41:28Z</time><speed>1.290</speed><sat>34</sat></trkpt>
  <trkpt lat="37.16764339" lon="38.79427729"><ele>549.501</ele><time>2026-09-19T15:41:29Z</time><speed>1.400</speed><sat>35</sat></trkpt>
  <trkpt lat="37.16763570" lon="38.79426179"><ele>548.755</ele><time>2026-09-19T15:41:30Z</time><speed>1.440</speed><sat>33</sat></trkpt>
  <trkpt lat="37.16762612" lon="38.79424301"><ele>549.487</ele><time>2026-09-19T15:41:31Z</time><speed>1.860</speed><sat>33</sat></trkpt>
  <trkpt lat="37.16761854" lon="38.79422583"><ele>549.916</ele><time>2026-09-19T15:41:32Z</time><speed>1.460</speed><sat>33</sat></trkpt>
  <trkpt lat="37.16761181" lon="38.79421041"><ele>549.946</ele><time>2026-09-19T15:41:33Z</time><speed>1.540</speed><sat>32</sat></trkpt>
  <trkpt lat="37.16760627" lon="38.79419288"><ele>549.503</ele><time>2026-09-19T15:41:34Z</time><speed>1.650</speed><sat>31</sat></trkpt>
  <trkpt lat="37.16760408" lon="38.79417476"><ele>549.345</ele><time>2026-09-19T15:41:35Z</time><speed>1.620</speed><sat>31</sat></trkpt>
  <trkpt lat="37.16759852" lon="38.79415882"><ele>549.231</ele><time>2026-09-19T15:41:36Z</time><speed>1.520</speed><sat>31</sat></trkpt>
  <trkpt lat="37.16759112" lon="38.79414479"><ele>549.264</ele><time>2026-09-19T15:41:37Z</time><speed>1.460</speed><sat>31</sat></trkpt>
  <trkpt lat="37.16758194" lon="38.79413093"><ele>549.552</ele><time>2026-09-19T15:41:38Z</time><speed>1.540</speed><sat>32</sat></trkpt>
  <trkpt lat="37.16757180" lon="38.79412022"><ele>549.260</ele><time>2026-09-19T15:41:39Z</time><speed>1.400</speed><sat>32</sat></trkpt>
  <trkpt lat="37.16756220" lon="38.79410932"><ele>548.643</ele><time>2026-09-19T15:41:40Z</time><speed>1.560</speed><sat>33</sat></trkpt>
  <trkpt lat="37.16755141" lon="38.79409792"><ele>548.451</ele><time>2026-09-19T15:41:41Z</time><speed>1.560</speed><sat>35</sat></trkpt>
  <trkpt lat="37.16754094" lon="38.79408712"><ele>548.322</ele><time>2026-09-19T15:41:42Z</time><speed>1.410</speed><sat>35</sat></trkpt>
  <trkpt lat="37.16753207" lon="38.79407681"><ele>548.049</ele><time>2026-09-19T15:41:43Z</time><speed>1.370</speed><sat>35</sat></trkpt>
  <trkpt lat="37.16752329" lon="38.79406539"><ele>547.725</ele><time>2026-09-19T15:41:44Z</time><speed>1.430</speed><sat>35</sat></trkpt>
  <trkpt lat="37.16751497" lon="38.79405409"><ele>547.965</ele><time>2026-09-19T15:41:45Z</time><speed>1.410</speed><sat>35</sat></trkpt>
  <trkpt lat="37.16750751" lon="38.79404746"><ele>548.403</ele><time>2026-09-19T15:41:46Z</time><speed>0.850</speed><sat>36</sat></trkpt>
  <trkpt lat="37.16750415" lon="38.79404736"><ele>548.270</ele><time>2026-09-19T15:41:47Z</time><speed>0.290</speed><sat>35</sat></trkpt>
  <trkpt lat="37.16750345" lon="38.79405681"><ele>548.289</ele><time>2026-09-19T15:41:48Z</time><speed>1.010</speed><sat>36</sat></trkpt>
  <trkpt lat="37.16750445" lon="38.79407276"><ele>548.077</ele><time>2026-09-19T15:41:49Z</time><speed>1.230</speed><sat>36</sat></trkpt>
  <trkpt lat="37.16750813" lon="38.79409097"><ele>548.299</ele><time>2026-09-19T15:41:50Z</time><speed>1.470</speed><sat>35</sat></trkpt>
  <trkpt lat="37.16751407" lon="38.79410761"><ele>548.493</ele><time>2026-09-19T15:41:51Z</time><speed>1.130</speed><sat>35</sat></trkpt>
  <trkpt lat="37.16751885" lon="38.79412136"><ele>548.714</ele><time>2026-09-19T15:41:52Z</time><speed>1.090</speed><sat>37</sat></trkpt>
  <trkpt lat="37.16752368" lon="38.79413582"><ele>548.618</ele><time>2026-09-19T15:41:53Z</time><speed>1.300</speed><sat>37</sat></trkpt>
  <trkpt lat="37.16752800" lon="38.79415073"><ele>548.893</ele><time>2026-09-19T15:41:54Z</time><speed>1.270</speed><sat>37</sat></trkpt>
  <trkpt lat="37.16753288" lon="38.79416404"><ele>548.971</ele><time>2026-09-19T15:41:55Z</time><speed>1.260</speed><sat>37</sat></trkpt>
  <trkpt lat="37.16753850" lon="38.79417525"><ele>549.057</ele><time>2026-09-19T15:41:56Z</time><speed>1.020</speed><sat>37</sat></trkpt>
  <trkpt lat="37.16754350" lon="38.79418305"><ele>548.850</ele><time>2026-09-19T15:41:57Z</time><speed>0.590</speed><sat>38</sat></trkpt>
  <trkpt lat="37.16754576" lon="38.79418666"><ele>548.372</ele><time>2026-09-19T15:41:58Z</time><speed>0.190</speed><sat>34</sat></trkpt>
  <trkpt lat="37.16754724" lon="38.79418853"><ele>548.497</ele><time>2026-09-19T15:41:59Z</time><speed>0.200</speed><sat>37</sat></trkpt>
  <trkpt lat="37.16755003" lon="38.79419070"><ele>548.564</ele><time>2026-09-19T15:42:00Z</time><speed>0.260</speed><sat>37</sat></trkpt>
  <trkpt lat="37.16755446" lon="38.79419500"><ele>548.849</ele><time>2026-09-19T15:42:01Z</time><speed>0.620</speed><sat>37</sat></trkpt>
  <trkpt lat="37.16755930" lon="38.79420123"><ele>549.231</ele><time>2026-09-19T15:42:02Z</time><speed>0.670</speed><sat>37</sat></trkpt>
  <trkpt lat="37.16756334" lon="38.79420522"><ele>549.568</ele><time>2026-09-19T15:42:03Z</time><speed>0.420</speed><sat>36</sat></trkpt>
  <trkpt lat="37.16756583" lon="38.79420652"><ele>549.563</ele><time>2026-09-19T15:42:04Z</time><speed>0.000</speed><sat>36</sat></trkpt>
  <trkpt lat="37.16756904" lon="38.79420429"><ele>549.562</ele><time>2026-09-19T15:42:05Z</time><speed>0.000</speed><sat>36</sat></trkpt>
  <trkpt lat="37.16757041" lon="38.79420326"><ele>549.550</ele><time>2026-09-19T15:42:06Z</time><speed>0.000</speed><sat>36</sat></trkpt>
  <trkpt lat="37.16757196" lon="38.79420608"><ele>549.780</ele><time>2026-09-19T15:42:07Z</time><speed>0.420</speed><sat>36</sat></trkpt>
  <trkpt lat="37.16757385" lon="38.79420893"><ele>549.578</ele><time>2026-09-19T15:42:08Z</time><speed>0.260</speed><sat>35</sat></trkpt>
  <trkpt lat="37.16757570" lon="38.79420805"><ele>549.563</ele><time>2026-09-19T15:42:09Z</time><speed>0.000</speed><sat>36</sat></trkpt>
  <trkpt lat="37.16757623" lon="38.79420748"><ele>549.565</ele><time>2026-09-19T15:42:10Z</time><speed>0.000</speed><sat>35</sat></trkpt>
  <trkpt lat="37.16757803" lon="38.79420975"><ele>549.454</ele><time>2026-09-19T15:42:11Z</time><speed>0.400</speed><sat>36</sat></trkpt>
  <trkpt lat="37.16757942" lon="38.79421171"><ele>549.636</ele><time>2026-09-19T15:42:12Z</time><speed>0.000</speed><sat>36</sat></trkpt>
  <trkpt lat="37.16757949" lon="38.79421172"><ele>549.632</ele><time>2026-09-19T15:42:13Z</time><speed>0.000</speed><sat>37</sat></trkpt>
  <trkpt lat="37.16757943" lon="38.79421158"><ele>549.630</ele><time>2026-09-19T15:42:14Z</time><speed>0.000</speed><sat>37</sat></trkpt>
  <trkpt lat="37.16757941" lon="38.79421151"><ele>549.627</ele><time>2026-09-19T15:42:15Z</time><speed>0.000</speed><sat>37</sat></trkpt>
  <trkpt lat="37.16757940" lon="38.79421148"><ele>549.625</ele><time>2026-09-19T15:42:16Z</time><speed>0.000</speed><sat>37</sat></trkpt>
  <trkpt lat="37.16757941" lon="38.79421146"><ele>549.624</ele><time>2026-09-19T15:42:17Z</time><speed>0.000</speed><sat>37</sat></trkpt>
  <trkpt lat="37.16757943" lon="38.79421146"><ele>549.622</ele><time>2026-09-19T15:42:18Z</time><speed>0.000</speed><sat>37</sat></trkpt>
  <trkpt lat="37.16757940" lon="38.79421370"><ele>549.526</ele><time>2026-09-19T15:42:19Z</time><speed>0.420</speed><sat>35</sat></trkpt>
  <trkpt lat="37.16757448" lon="38.79422076"><ele>549.428</ele><time>2026-09-19T15:42:20Z</time><speed>1.200</speed><sat>36</sat></trkpt>
  <trkpt lat="37.16756340" lon="38.79423095"><ele>549.342</ele><time>2026-09-19T15:42:21Z</time><speed>1.680</speed><sat>35</sat></trkpt>
  <trkpt lat="37.16754943" lon="38.79424305"><ele>549.167</ele><time>2026-09-19T15:42:22Z</time><speed>1.980</speed><sat>36</sat></trkpt>
  <trkpt lat="37.16753499" lon="38.79425595"><ele>549.014</ele><time>2026-09-19T15:42:23Z</time><speed>1.940</speed><sat>36</sat></trkpt>
  <trkpt lat="37.16752154" lon="38.79426718"><ele>549.430</ele><time>2026-09-19T15:42:24Z</time><speed>1.800</speed><sat>36</sat></trkpt>
  <trkpt lat="37.16751240" lon="38.79427616"><ele>549.492</ele><time>2026-09-19T15:42:25Z</time><speed>1.200</speed><sat>35</sat></trkpt>
  <trkpt lat="37.16750841" lon="38.79428818"><ele>549.387</ele><time>2026-09-19T15:42:26Z</time><speed>1.550</speed><sat>34</sat></trkpt>
  <trkpt lat="37.16750753" lon="38.79430361"><ele>549.200</ele><time>2026-09-19T15:42:27Z</time><speed>1.450</speed><sat>35</sat></trkpt>
  <trkpt lat="37.16750820" lon="38.79432127"><ele>549.430</ele><time>2026-09-19T15:42:28Z</time><speed>1.710</speed><sat>36</sat></trkpt>
  <trkpt lat="37.16750815" lon="38.79433880"><ele>549.520</ele><time>2026-09-19T15:42:29Z</time><speed>1.600</speed><sat>36</sat></trkpt>
  <trkpt lat="37.16750599" lon="38.79435394"><ele>549.574</ele><time>2026-09-19T15:42:30Z</time><speed>1.470</speed><sat>36</sat></trkpt>
  <trkpt lat="37.16750314" lon="38.79436834"><ele>549.893</ele><time>2026-09-19T15:42:31Z</time><speed>1.480</speed><sat>36</sat></trkpt>
  <trkpt lat="37.16749878" lon="38.79438324"><ele>550.432</ele><time>2026-09-19T15:42:32Z</time><speed>1.490</speed><sat>35</sat></trkpt>
  <trkpt lat="37.16749590" lon="38.79439993"><ele>550.426</ele><time>2026-09-19T15:42:33Z</time><speed>1.730</speed><sat>36</sat></trkpt>
  <trkpt lat="37.16749717" lon="38.79441883"><ele>550.692</ele><time>2026-09-19T15:42:34Z</time><speed>1.840</speed><sat>36</sat></trkpt>
  <trkpt lat="37.16750337" lon="38.79443596"><ele>550.770</ele><time>2026-09-19T15:42:35Z</time><speed>1.690</speed><sat>36</sat></trkpt>
  <trkpt lat="37.16751159" lon="38.79445132"><ele>551.019</ele><time>2026-09-19T15:42:36Z</time><speed>1.690</speed><sat>37</sat></trkpt>
  <trkpt lat="37.16751978" lon="38.79446727"><ele>551.047</ele><time>2026-09-19T15:42:37Z</time><speed>1.720</speed><sat>37</sat></trkpt>
  <trkpt lat="37.16752760" lon="38.79448228"><ele>550.976</ele><time>2026-09-19T15:42:38Z</time><speed>1.710</speed><sat>37</sat></trkpt>
  <trkpt lat="37.16753490" lon="38.79449742"><ele>550.897</ele><time>2026-09-19T15:42:39Z</time><speed>1.730</speed><sat>38</sat></trkpt>
  <trkpt lat="37.16754233" lon="38.79451190"><ele>550.672</ele><time>2026-09-19T15:42:40Z</time><speed>1.620</speed><sat>38</sat></trkpt>
  <trkpt lat="37.16754983" lon="38.79452596"><ele>550.894</ele><time>2026-09-19T15:42:41Z</time><speed>1.600</speed><sat>38</sat></trkpt>
  <trkpt lat="37.16755628" lon="38.79454001"><ele>551.143</ele><time>2026-09-19T15:42:42Z</time><speed>1.570</speed><sat>38</sat></trkpt>
  <trkpt lat="37.16756279" lon="38.79455436"><ele>550.933</ele><time>2026-09-19T15:42:43Z</time><speed>1.620</speed><sat>37</sat></trkpt>
  <trkpt lat="37.16756913" lon="38.79456901"><ele>551.174</ele><time>2026-09-19T15:42:44Z</time><speed>1.510</speed><sat>38</sat></trkpt>
  <trkpt lat="37.16757516" lon="38.79458204"><ele>551.341</ele><time>2026-09-19T15:42:45Z</time><speed>1.460</speed><sat>38</sat></trkpt>
  <trkpt lat="37.16758054" lon="38.79459429"><ele>551.605</ele><time>2026-09-19T15:42:46Z</time><speed>1.330</speed><sat>38</sat></trkpt>
  <trkpt lat="37.16758503" lon="38.79460560"><ele>551.419</ele><time>2026-09-19T15:42:47Z</time><speed>1.220</speed><sat>38</sat></trkpt>
  <trkpt lat="37.16758940" lon="38.79461777"><ele>551.650</ele><time>2026-09-19T15:42:48Z</time><speed>1.340</speed><sat>38</sat></trkpt>
  <trkpt lat="37.16759154" lon="38.79462781"><ele>551.624</ele><time>2026-09-19T15:42:49Z</time><speed>0.620</speed><sat>38</sat></trkpt>
  <trkpt lat="37.16759051" lon="38.79463092"><ele>551.476</ele><time>2026-09-19T15:42:50Z</time><speed>0.000</speed><sat>37</sat></trkpt>
  <trkpt lat="37.16758868" lon="38.79463045"><ele>551.590</ele><time>2026-09-19T15:42:51Z</time><speed>0.000</speed><sat>37</sat></trkpt>
  <trkpt lat="37.16758695" lon="38.79463063"><ele>551.671</ele><time>2026-09-19T15:42:52Z</time><speed>0.000</speed><sat>37</sat></trkpt>
  <trkpt lat="37.16758378" lon="38.79463253"><ele>551.540</ele><time>2026-09-19T15:42:53Z</time><speed>0.450</speed><sat>37</sat></trkpt>
  <trkpt lat="37.16757652" lon="38.79463819"><ele>551.407</ele><time>2026-09-19T15:42:54Z</time><speed>1.170</speed><sat>37</sat></trkpt>
  <trkpt lat="37.16756513" lon="38.79464721"><ele>551.173</ele><time>2026-09-19T15:42:55Z</time><speed>1.760</speed><sat>38</sat></trkpt>
  <trkpt lat="37.16755031" lon="38.79465900"><ele>551.201</ele><time>2026-09-19T15:42:56Z</time><speed>2.090</speed><sat>38</sat></trkpt>
  <trkpt lat="37.16753480" lon="38.79466997"><ele>551.309</ele><time>2026-09-19T15:42:57Z</time><speed>1.950</speed><sat>38</sat></trkpt>
  <trkpt lat="37.16752080" lon="38.79467940"><ele>550.979</ele><time>2026-09-19T15:42:58Z</time><speed>1.770</speed><sat>39</sat></trkpt>
  <trkpt lat="37.16750731" lon="38.79468501"><ele>551.241</ele><time>2026-09-19T15:42:59Z</time><speed>1.620</speed><sat>38</sat></trkpt>
  <trkpt lat="37.16749402" lon="38.79468582"><ele>551.404</ele><time>2026-09-19T15:43:00Z</time><speed>1.510</speed><sat>39</sat></trkpt>
  <trkpt lat="37.16748069" lon="38.79468346"><ele>551.246</ele><time>2026-09-19T15:43:01Z</time><speed>1.520</speed><sat>38</sat></trkpt>
  <trkpt lat="37.16746524" lon="38.79468602"><ele>550.536</ele><time>2026-09-19T15:43:02Z</time><speed>2.100</speed><sat>38</sat></trkpt>
  <trkpt lat="37.16744896" lon="38.79468783"><ele>550.893</ele><time>2026-09-19T15:43:03Z</time><speed>1.810</speed><sat>39</sat></trkpt>
  <trkpt lat="37.16743448" lon="38.79468868"><ele>550.984</ele><time>2026-09-19T15:43:04Z</time><speed>1.710</speed><sat>39</sat></trkpt>
  <trkpt lat="37.16742043" lon="38.79468798"><ele>550.958</ele><time>2026-09-19T15:43:05Z</time><speed>1.690</speed><sat>39</sat></trkpt>
  <trkpt lat="37.16740670" lon="38.79468901"><ele>550.919</ele><time>2026-09-19T15:43:06Z</time><speed>1.670</speed><sat>38</sat></trkpt>
  <trkpt lat="37.16739268" lon="38.79469191"><ele>551.229</ele><time>2026-09-19T15:43:07Z</time><speed>1.660</speed><sat>38</sat></trkpt>
  <trkpt lat="37.16737813" lon="38.79469578"><ele>550.922</ele><time>2026-09-19T15:43:08Z</time><speed>1.690</speed><sat>39</sat></trkpt>
  <trkpt lat="37.16736308" lon="38.79469895"><ele>550.865</ele><time>2026-09-19T15:43:09Z</time><speed>1.670</speed><sat>38</sat></trkpt>
  <trkpt lat="37.16734731" lon="38.79470106"><ele>550.885</ele><time>2026-09-19T15:43:10Z</time><speed>1.760</speed><sat>39</sat></trkpt>
  <trkpt lat="37.16733120" lon="38.79470168"><ele>550.906</ele><time>2026-09-19T15:43:11Z</time><speed>1.730</speed><sat>39</sat></trkpt>
  <trkpt lat="37.16731570" lon="38.79470325"><ele>550.873</ele><time>2026-09-19T15:43:12Z</time><speed>1.710</speed><sat>39</sat></trkpt>
  <trkpt lat="37.16730041" lon="38.79470704"><ele>550.928</ele><time>2026-09-19T15:43:13Z</time><speed>1.720</speed><sat>39</sat></trkpt>
  <trkpt lat="37.16728627" lon="38.79471259"><ele>550.867</ele><time>2026-09-19T15:43:14Z</time><speed>1.640</speed><sat>39</sat></trkpt>
  <trkpt lat="37.16727203" lon="38.79471797"><ele>551.287</ele><time>2026-09-19T15:43:15Z</time><speed>1.730</speed><sat>39</sat></trkpt>
  <trkpt lat="37.16725729" lon="38.79472172"><ele>551.641</ele><time>2026-09-19T15:43:16Z</time><speed>1.650</speed><sat>38</sat></trkpt>
  <trkpt lat="37.16724264" lon="38.79472454"><ele>551.949</ele><time>2026-09-19T15:43:17Z</time><speed>1.660</speed><sat>38</sat></trkpt>
  <trkpt lat="37.16722811" lon="38.79472710"><ele>552.066</ele><time>2026-09-19T15:43:18Z</time><speed>1.620</speed><sat>38</sat></trkpt>
  <trkpt lat="37.16721348" lon="38.79473035"><ele>552.357</ele><time>2026-09-19T15:43:19Z</time><speed>1.670</speed><sat>37</sat></trkpt>
  <trkpt lat="37.16719875" lon="38.79473409"><ele>552.641</ele><time>2026-09-19T15:43:20Z</time><speed>1.680</speed><sat>37</sat></trkpt>
  <trkpt lat="37.16718442" lon="38.79474136"><ele>552.956</ele><time>2026-09-19T15:43:21Z</time><speed>1.740</speed><sat>35</sat></trkpt>
  <trkpt lat="37.16717152" lon="38.79475099"><ele>553.204</ele><time>2026-09-19T15:43:22Z</time><speed>1.620</speed><sat>33</sat></trkpt>
  <trkpt lat="37.16715900" lon="38.79475835"><ele>552.693</ele><time>2026-09-19T15:43:23Z</time><speed>1.520</speed><sat>33</sat></trkpt>
  <trkpt lat="37.16714668" lon="38.79476033"><ele>552.823</ele><time>2026-09-19T15:43:24Z</time><speed>1.580</speed><sat>31</sat></trkpt>
  <trkpt lat="37.16713139" lon="38.79474834"><ele>552.822</ele><time>2026-09-19T15:43:25Z</time><speed>2.450</speed><sat>29</sat></trkpt>
  <trkpt lat="37.16711489" lon="38.79473044"><ele>553.268</ele><time>2026-09-19T15:43:26Z</time><speed>1.840</speed><sat>31</sat></trkpt>
  <trkpt lat="37.16710057" lon="38.79471874"><ele>552.957</ele><time>2026-09-19T15:43:27Z</time><speed>1.780</speed><sat>29</sat></trkpt>
  <trkpt lat="37.16708539" lon="38.79471325"><ele>551.885</ele><time>2026-09-19T15:43:28Z</time><speed>1.540</speed><sat>27</sat></trkpt>
  <trkpt lat="37.16707752" lon="38.79471378"><ele>552.752</ele><time>2026-09-19T15:43:29Z</time><speed>0.670</speed><sat>31</sat></trkpt>
  <trkpt lat="37.16706335" lon="38.79472560"><ele>552.108</ele><time>2026-09-19T15:43:30Z</time><speed>1.920</speed><sat>32</sat></trkpt>
  <trkpt lat="37.16704639" lon="38.79473794"><ele>551.504</ele><time>2026-09-19T15:43:31Z</time><speed>1.900</speed><sat>33</sat></trkpt>
  <trkpt lat="37.16703179" lon="38.79475329"><ele>551.182</ele><time>2026-09-19T15:43:32Z</time><speed>1.770</speed><sat>33</sat></trkpt>
  <trkpt lat="37.16701800" lon="38.79476676"><ele>550.426</ele><time>2026-09-19T15:43:33Z</time><speed>1.760</speed><sat>32</sat></trkpt>
  <trkpt lat="37.16700433" lon="38.79477921"><ele>550.472</ele><time>2026-09-19T15:43:34Z</time><speed>1.750</speed><sat>34</sat></trkpt>
  <trkpt lat="37.16699021" lon="38.79478844"><ele>550.041</ele><time>2026-09-19T15:43:35Z</time><speed>1.810</speed><sat>34</sat></trkpt>
  <trkpt lat="37.16697659" lon="38.79479489"><ele>550.112</ele><time>2026-09-19T15:43:36Z</time><speed>1.670</speed><sat>37</sat></trkpt>
  <trkpt lat="37.16696407" lon="38.79479824"><ele>549.902</ele><time>2026-09-19T15:43:37Z</time><speed>1.520</speed><sat>38</sat></trkpt>
  <trkpt lat="37.16695115" lon="38.79479922"><ele>549.567</ele><time>2026-09-19T15:43:38Z</time><speed>1.690</speed><sat>38</sat></trkpt>
  <trkpt lat="37.16693793" lon="38.79480131"><ele>549.824</ele><time>2026-09-19T15:43:39Z</time><speed>1.600</speed><sat>39</sat></trkpt>
  <trkpt lat="37.16692567" lon="38.79480412"><ele>549.940</ele><time>2026-09-19T15:43:40Z</time><speed>1.570</speed><sat>40</sat></trkpt>
  <trkpt lat="37.16691454" lon="38.79480773"><ele>549.187</ele><time>2026-09-19T15:43:41Z</time><speed>1.440</speed><sat>39</sat></trkpt>
  <trkpt lat="37.16690361" lon="38.79480904"><ele>548.585</ele><time>2026-09-19T15:43:42Z</time><speed>1.520</speed><sat>39</sat></trkpt>
  <trkpt lat="37.16689165" lon="38.79480999"><ele>548.421</ele><time>2026-09-19T15:43:43Z</time><speed>1.620</speed><sat>39</sat></trkpt>
  <trkpt lat="37.16687890" lon="38.79481188"><ele>547.914</ele><time>2026-09-19T15:43:44Z</time><speed>1.590</speed><sat>39</sat></trkpt>
  <trkpt lat="37.16686612" lon="38.79481523"><ele>547.615</ele><time>2026-09-19T15:43:45Z</time><speed>1.570</speed><sat>39</sat></trkpt>
  <trkpt lat="37.16685249" lon="38.79481839"><ele>547.337</ele><time>2026-09-19T15:43:46Z</time><speed>1.650</speed><sat>38</sat></trkpt>
  <trkpt lat="37.16683774" lon="38.79481985"><ele>547.314</ele><time>2026-09-19T15:43:47Z</time><speed>1.610</speed><sat>37</sat></trkpt>
  <trkpt lat="37.16682342" lon="38.79481962"><ele>546.856</ele><time>2026-09-19T15:43:48Z</time><speed>1.580</speed><sat>37</sat></trkpt>
  <trkpt lat="37.16680938" lon="38.79481782"><ele>546.688</ele><time>2026-09-19T15:43:49Z</time><speed>1.610</speed><sat>36</sat></trkpt>
  <trkpt lat="37.16679562" lon="38.79481588"><ele>546.494</ele><time>2026-09-19T15:43:50Z</time><speed>1.630</speed><sat>37</sat></trkpt>
  <trkpt lat="37.16678227" lon="38.79481568"><ele>546.449</ele><time>2026-09-19T15:43:51Z</time><speed>1.620</speed><sat>37</sat></trkpt>
  <trkpt lat="37.16676930" lon="38.79481764"><ele>546.399</ele><time>2026-09-19T15:43:52Z</time><speed>1.580</speed><sat>37</sat></trkpt>
  <trkpt lat="37.16675556" lon="38.79482006"><ele>546.596</ele><time>2026-09-19T15:43:53Z</time><speed>1.660</speed><sat>36</sat></trkpt>
  <trkpt lat="37.16674134" lon="38.79482099"><ele>546.483</ele><time>2026-09-19T15:43:54Z</time><speed>1.690</speed><sat>35</sat></trkpt>
  <trkpt lat="37.16672659" lon="38.79482163"><ele>546.798</ele><time>2026-09-19T15:43:55Z</time><speed>1.590</speed><sat>35</sat></trkpt>
  <trkpt lat="37.16671158" lon="38.79482186"><ele>546.303</ele><time>2026-09-19T15:43:56Z</time><speed>1.650</speed><sat>34</sat></trkpt>
  <trkpt lat="37.16669686" lon="38.79482037"><ele>546.527</ele><time>2026-09-19T15:43:57Z</time><speed>1.660</speed><sat>35</sat></trkpt>
  <trkpt lat="37.16668270" lon="38.79482077"><ele>546.945</ele><time>2026-09-19T15:43:58Z</time><speed>1.620</speed><sat>35</sat></trkpt>
  <trkpt lat="37.16667003" lon="38.79482174"><ele>546.624</ele><time>2026-09-19T15:43:59Z</time><speed>1.370</speed><sat>36</sat></trkpt>
  <trkpt lat="37.16665730" lon="38.79482584"><ele>546.437</ele><time>2026-09-19T15:44:00Z</time><speed>1.640</speed><sat>34</sat></trkpt>
  <trkpt lat="37.16664417" lon="38.79483180"><ele>546.121</ele><time>2026-09-19T15:44:01Z</time><speed>1.520</speed><sat>35</sat></trkpt>
  <trkpt lat="37.16663130" lon="38.79483931"><ele>546.149</ele><time>2026-09-19T15:44:02Z</time><speed>1.530</speed><sat>35</sat></trkpt>
  <trkpt lat="37.16661850" lon="38.79484818"><ele>546.243</ele><time>2026-09-19T15:44:03Z</time><speed>1.560</speed><sat>35</sat></trkpt>
  <trkpt lat="37.16660547" lon="38.79485751"><ele>546.385</ele><time>2026-09-19T15:44:04Z</time><speed>1.580</speed><sat>35</sat></trkpt>
  <trkpt lat="37.16659291" lon="38.79486552"><ele>546.471</ele><time>2026-09-19T15:44:05Z</time><speed>1.480</speed><sat>35</sat></trkpt>
  <trkpt lat="37.16657932" lon="38.79487229"><ele>546.722</ele><time>2026-09-19T15:44:06Z</time><speed>1.670</speed><sat>36</sat></trkpt>
  <trkpt lat="37.16656513" lon="38.79487869"><ele>546.642</ele><time>2026-09-19T15:44:07Z</time><speed>1.600</speed><sat>35</sat></trkpt>
  <trkpt lat="37.16655084" lon="38.79488410"><ele>546.333</ele><time>2026-09-19T15:44:08Z</time><speed>1.640</speed><sat>35</sat></trkpt>
  <trkpt lat="37.16653656" lon="38.79488801"><ele>546.231</ele><time>2026-09-19T15:44:09Z</time><speed>1.570</speed><sat>35</sat></trkpt>
  <trkpt lat="37.16652297" lon="38.79488907"><ele>545.900</ele><time>2026-09-19T15:44:10Z</time><speed>1.540</speed><sat>35</sat></trkpt>
  <trkpt lat="37.16651003" lon="38.79488945"><ele>546.196</ele><time>2026-09-19T15:44:11Z</time><speed>1.560</speed><sat>37</sat></trkpt>
  <trkpt lat="37.16649716" lon="38.79488805"><ele>546.191</ele><time>2026-09-19T15:44:12Z</time><speed>1.580</speed><sat>37</sat></trkpt>
  <trkpt lat="37.16648409" lon="38.79488325"><ele>545.946</ele><time>2026-09-19T15:44:13Z</time><speed>1.620</speed><sat>36</sat></trkpt>
  <trkpt lat="37.16647129" lon="38.79487730"><ele>546.064</ele><time>2026-09-19T15:44:14Z</time><speed>1.590</speed><sat>35</sat></trkpt>
  <trkpt lat="37.16645877" lon="38.79487050"><ele>545.973</ele><time>2026-09-19T15:44:15Z</time><speed>1.570</speed><sat>35</sat></trkpt>
  <trkpt lat="37.16644591" lon="38.79486483"><ele>545.696</ele><time>2026-09-19T15:44:16Z</time><speed>1.570</speed><sat>35</sat></trkpt>
  <trkpt lat="37.16643398" lon="38.79486255"><ele>546.004</ele><time>2026-09-19T15:44:17Z</time><speed>1.220</speed><sat>33</sat></trkpt>
  <trkpt lat="37.16642209" lon="38.79485955"><ele>546.127</ele><time>2026-09-19T15:44:18Z</time><speed>1.460</speed><sat>32</sat></trkpt>
  <trkpt lat="37.16640883" lon="38.79485545"><ele>545.968</ele><time>2026-09-19T15:44:19Z</time><speed>1.490</speed><sat>32</sat></trkpt>
  <trkpt lat="37.16639648" lon="38.79484002"><ele>546.194</ele><time>2026-09-19T15:44:20Z</time><speed>2.010</speed><sat>32</sat></trkpt>
  <trkpt lat="37.16638943" lon="38.79482557"><ele>546.310</ele><time>2026-09-19T15:44:21Z</time><speed>1.180</speed><sat>32</sat></trkpt>
  <trkpt lat="37.16638417" lon="38.79481594"><ele>547.339</ele><time>2026-09-19T15:44:22Z</time><speed>1.160</speed><sat>32</sat></trkpt>
  <trkpt lat="37.16637950" lon="38.79481109"><ele>547.496</ele><time>2026-09-19T15:44:23Z</time><speed>0.520</speed><sat>33</sat></trkpt>
  <trkpt lat="37.16637367" lon="38.79480625"><ele>547.891</ele><time>2026-09-19T15:44:24Z</time><speed>0.730</speed><sat>34</sat></trkpt>
  <trkpt lat="37.16636356" lon="38.79480051"><ele>547.473</ele><time>2026-09-19T15:44:25Z</time><speed>0.880</speed><sat>32</sat></trkpt>
  <trkpt lat="37.16635299" lon="38.79479999"><ele>548.038</ele><time>2026-09-19T15:44:26Z</time><speed>0.660</speed><sat>33</sat></trkpt>
  <trkpt lat="37.16634179" lon="38.79479912"><ele>547.922</ele><time>2026-09-19T15:44:27Z</time><speed>0.810</speed><sat>33</sat></trkpt>
  <trkpt lat="37.16633038" lon="38.79479917"><ele>549.555</ele><time>2026-09-19T15:44:28Z</time><speed>0.910</speed><sat>33</sat></trkpt>
  <trkpt lat="37.16631710" lon="38.79479774"><ele>549.523</ele><time>2026-09-19T15:44:29Z</time><speed>1.150</speed><sat>32</sat></trkpt>
  <trkpt lat="37.16630329" lon="38.79479604"><ele>549.322</ele><time>2026-09-19T15:44:30Z</time><speed>0.890</speed><sat>32</sat></trkpt>
  <trkpt lat="37.16629063" lon="38.79479611"><ele>548.880</ele><time>2026-09-19T15:44:31Z</time><speed>0.680</speed><sat>33</sat></trkpt>
  <trkpt lat="37.16628006" lon="38.79479646"><ele>548.725</ele><time>2026-09-19T15:44:32Z</time><speed>0.510</speed><sat>32</sat></trkpt>
  <trkpt lat="37.16626923" lon="38.79479507"><ele>549.152</ele><time>2026-09-19T15:44:33Z</time><speed>0.750</speed><sat>33</sat></trkpt>
  <trkpt lat="37.16625854" lon="38.79479359"><ele>549.391</ele><time>2026-09-19T15:44:34Z</time><speed>0.490</speed><sat>33</sat></trkpt>
  <trkpt lat="37.16624765" lon="38.79479056"><ele>548.442</ele><time>2026-09-19T15:44:35Z</time><speed>0.870</speed><sat>33</sat></trkpt>
  <trkpt lat="37.16623503" lon="38.79478646"><ele>549.305</ele><time>2026-09-19T15:44:36Z</time><speed>1.150</speed><sat>33</sat></trkpt>
  <trkpt lat="37.16622217" lon="38.79478382"><ele>548.482</ele><time>2026-09-19T15:44:37Z</time><speed>0.930</speed><sat>31</sat></trkpt>
  <trkpt lat="37.16620881" lon="38.79477862"><ele>549.025</ele><time>2026-09-19T15:44:38Z</time><speed>1.290</speed><sat>31</sat></trkpt>
  <trkpt lat="37.16619339" lon="38.79477239"><ele>550.058</ele><time>2026-09-19T15:44:39Z</time><speed>1.290</speed><sat>32</sat></trkpt>
  <trkpt lat="37.16618000" lon="38.79476849"><ele>550.618</ele><time>2026-09-19T15:44:40Z</time><speed>0.620</speed><sat>32</sat></trkpt>
  <trkpt lat="37.16616677" lon="38.79476227"><ele>551.331</ele><time>2026-09-19T15:44:41Z</time><speed>1.070</speed><sat>32</sat></trkpt>
  <trkpt lat="37.16615075" lon="38.79475368"><ele>552.629</ele><time>2026-09-19T15:44:42Z</time><speed>1.340</speed><sat>32</sat></trkpt>
  <trkpt lat="37.16613667" lon="38.79473986"><ele>554.313</ele><time>2026-09-19T15:44:43Z</time><speed>1.450</speed><sat>32</sat></trkpt>
  <trkpt lat="37.16612174" lon="38.79472582"><ele>554.373</ele><time>2026-09-19T15:44:44Z</time><speed>1.430</speed><sat>32</sat></trkpt>
  <trkpt lat="37.16610884" lon="38.79471481"><ele>553.446</ele><time>2026-09-19T15:44:45Z</time><speed>1.020</speed><sat>32</sat></trkpt>
  <trkpt lat="37.16609517" lon="38.79470524"><ele>551.528</ele><time>2026-09-19T15:44:46Z</time><speed>1.170</speed><sat>32</sat></trkpt>
  <trkpt lat="37.16608171" lon="38.79469621"><ele>551.148</ele><time>2026-09-19T15:44:47Z</time><speed>1.190</speed><sat>34</sat></trkpt>
  <trkpt lat="37.16606952" lon="38.79468636"><ele>550.253</ele><time>2026-09-19T15:44:48Z</time><speed>1.360</speed><sat>33</sat></trkpt>
  <trkpt lat="37.16605605" lon="38.79467579"><ele>549.061</ele><time>2026-09-19T15:44:49Z</time><speed>1.440</speed><sat>33</sat></trkpt>
  <trkpt lat="37.16604355" lon="38.79466474"><ele>548.232</ele><time>2026-09-19T15:44:50Z</time><speed>1.480</speed><sat>35</sat></trkpt>
  <trkpt lat="37.16603590" lon="38.79465358"><ele>548.883</ele><time>2026-09-19T15:44:51Z</time><speed>1.160</speed><sat>33</sat></trkpt>
  <trkpt lat="37.16602930" lon="38.79464481"><ele>548.876</ele><time>2026-09-19T15:44:52Z</time><speed>0.900</speed><sat>33</sat></trkpt>
  <trkpt lat="37.16602436" lon="38.79463986"><ele>547.981</ele><time>2026-09-19T15:44:53Z</time><speed>0.240</speed><sat>34</sat></trkpt>
  <trkpt lat="37.16601858" lon="38.79463919"><ele>547.980</ele><time>2026-09-19T15:44:54Z</time><speed>0.000</speed><sat>34</sat></trkpt>
  <trkpt lat="37.16601374" lon="38.79463907"><ele>548.057</ele><time>2026-09-19T15:44:55Z</time><speed>0.000</speed><sat>34</sat></trkpt>
  <trkpt lat="37.16601066" lon="38.79463826"><ele>547.879</ele><time>2026-09-19T15:44:56Z</time><speed>0.000</speed><sat>34</sat></trkpt>
  <trkpt lat="37.16600906" lon="38.79463787"><ele>547.880</ele><time>2026-09-19T15:44:57Z</time><speed>0.000</speed><sat>33</sat></trkpt>
  <trkpt lat="37.16600681" lon="38.79463672"><ele>547.385</ele><time>2026-09-19T15:44:58Z</time><speed>0.000</speed><sat>32</sat></trkpt>
  <trkpt lat="37.16600348" lon="38.79463463"><ele>546.545</ele><time>2026-09-19T15:44:59Z</time><speed>0.220</speed><sat>32</sat></trkpt>
  <trkpt lat="37.16600070" lon="38.79463335"><ele>545.688</ele><time>2026-09-19T15:45:00Z</time><speed>0.230</speed><sat>32</sat></trkpt>
  <trkpt lat="37.16599820" lon="38.79464314"><ele>545.068</ele><time>2026-09-19T15:45:01Z</time><speed>1.020</speed><sat>32</sat></trkpt>
  <trkpt lat="37.16599924" lon="38.79465862"><ele>544.629</ele><time>2026-09-19T15:45:02Z</time><speed>1.260</speed><sat>31</sat></trkpt>
  <trkpt lat="37.16601246" lon="38.79467592"><ele>544.542</ele><time>2026-09-19T15:45:03Z</time><speed>2.280</speed><sat>31</sat></trkpt>
  <trkpt lat="37.16602457" lon="38.79468334"><ele>543.848</ele><time>2026-09-19T15:45:04Z</time><speed>1.280</speed><sat>31</sat></trkpt>
  <trkpt lat="37.16603147" lon="38.79467980"><ele>544.523</ele><time>2026-09-19T15:45:05Z</time><speed>0.660</speed><sat>31</sat></trkpt>
  <trkpt lat="37.16603402" lon="38.79466751"><ele>544.715</ele><time>2026-09-19T15:45:06Z</time><speed>1.050</speed><sat>31</sat></trkpt>
  <trkpt lat="37.16601822" lon="38.79464463"><ele>546.259</ele><time>2026-09-19T15:45:07Z</time><speed>0.000</speed><sat>31</sat></trkpt>
  <trkpt lat="37.16600854" lon="38.79463381"><ele>546.263</ele><time>2026-09-19T15:45:08Z</time><speed>0.000</speed><sat>32</sat></trkpt>
  <trkpt lat="37.16600369" lon="38.79462839"><ele>546.267</ele><time>2026-09-19T15:45:09Z</time><speed>0.000</speed><sat>32</sat></trkpt>
  <trkpt lat="37.16600124" lon="38.79462566"><ele>546.269</ele><time>2026-09-19T15:45:10Z</time><speed>0.000</speed><sat>33</sat></trkpt>
  <trkpt lat="37.16600099" lon="38.79462219"><ele>546.070</ele><time>2026-09-19T15:45:11Z</time><speed>0.330</speed><sat>32</sat></trkpt>
  <trkpt lat="37.16600203" lon="38.79461856"><ele>545.270</ele><time>2026-09-19T15:45:12Z</time><speed>0.340</speed><sat>32</sat></trkpt>
  <trkpt lat="37.16600042" lon="38.79461612"><ele>545.618</ele><time>2026-09-19T15:45:13Z</time><speed>0.000</speed><sat>32</sat></trkpt>
  <trkpt lat="37.16599923" lon="38.79461579"><ele>545.007</ele><time>2026-09-19T15:45:14Z</time><speed>0.000</speed><sat>31</sat></trkpt>
  <trkpt lat="37.16599888" lon="38.79461736"><ele>544.768</ele><time>2026-09-19T15:45:15Z</time><speed>0.000</speed><sat>32</sat></trkpt>
  <trkpt lat="37.16599850" lon="38.79462219"><ele>544.816</ele><time>2026-09-19T15:45:16Z</time><speed>0.000</speed><sat>32</sat></trkpt>
  <trkpt lat="37.16599652" lon="38.79462270"><ele>544.615</ele><time>2026-09-19T15:45:17Z</time><speed>0.230</speed><sat>34</sat></trkpt>
  <trkpt lat="37.16599446" lon="38.79461860"><ele>544.211</ele><time>2026-09-19T15:45:18Z</time><speed>0.680</speed><sat>36</sat></trkpt>
  <trkpt lat="37.16598839" lon="38.79461800"><ele>544.423</ele><time>2026-09-19T15:45:19Z</time><speed>0.920</speed><sat>35</sat></trkpt>
  <trkpt lat="37.16597929" lon="38.79461984"><ele>544.325</ele><time>2026-09-19T15:45:20Z</time><speed>1.010</speed><sat>35</sat></trkpt>
  <trkpt lat="37.16596379" lon="38.79461910"><ele>544.603</ele><time>2026-09-19T15:45:21Z</time><speed>2.190</speed><sat>35</sat></trkpt>
  <trkpt lat="37.16594416" lon="38.79461371"><ele>544.392</ele><time>2026-09-19T15:45:22Z</time><speed>2.100</speed><sat>34</sat></trkpt>
  <trkpt lat="37.16592730" lon="38.79460671"><ele>545.048</ele><time>2026-09-19T15:45:23Z</time><speed>1.810</speed><sat>35</sat></trkpt>
  <trkpt lat="37.16591223" lon="38.79459997"><ele>544.921</ele><time>2026-09-19T15:45:24Z</time><speed>1.680</speed><sat>36</sat></trkpt>
  <trkpt lat="37.16589680" lon="38.79459513"><ele>545.521</ele><time>2026-09-19T15:45:25Z</time><speed>1.770</speed><sat>36</sat></trkpt>
  <trkpt lat="37.16588212" lon="38.79459060"><ele>544.716</ele><time>2026-09-19T15:45:26Z</time><speed>1.740</speed><sat>36</sat></trkpt>
  <trkpt lat="37.16586792" lon="38.79458602"><ele>544.604</ele><time>2026-09-19T15:45:27Z</time><speed>1.720</speed><sat>35</sat></trkpt>
  <trkpt lat="37.16585272" lon="38.79458002"><ele>544.585</ele><time>2026-09-19T15:45:28Z</time><speed>1.710</speed><sat>36</sat></trkpt>
  <trkpt lat="37.16583706" lon="38.79457337"><ele>545.278</ele><time>2026-09-19T15:45:29Z</time><speed>1.870</speed><sat>37</sat></trkpt>
  <trkpt lat="37.16582245" lon="38.79456581"><ele>545.163</ele><time>2026-09-19T15:45:30Z</time><speed>1.750</speed><sat>36</sat></trkpt>
  <trkpt lat="37.16580803" lon="38.79455873"><ele>544.237</ele><time>2026-09-19T15:45:31Z</time><speed>1.800</speed><sat>37</sat></trkpt>
  <trkpt lat="37.16579483" lon="38.79455281"><ele>544.395</ele><time>2026-09-19T15:45:32Z</time><speed>1.610</speed><sat>38</sat></trkpt>
  <trkpt lat="37.16578151" lon="38.79454881"><ele>545.067</ele><time>2026-09-19T15:45:33Z</time><speed>1.690</speed><sat>38</sat></trkpt>
  <trkpt lat="37.16576790" lon="38.79454464"><ele>544.939</ele><time>2026-09-19T15:45:34Z</time><speed>1.680</speed><sat>38</sat></trkpt>
  <trkpt lat="37.16575235" lon="38.79453361"><ele>544.672</ele><time>2026-09-19T15:45:35Z</time><speed>2.380</speed><sat>35</sat></trkpt>
  <trkpt lat="37.16574005" lon="38.79450794"><ele>544.207</ele><time>2026-09-19T15:45:36Z</time><speed>2.950</speed><sat>36</sat></trkpt>
  <trkpt lat="37.16573040" lon="38.79448050"><ele>543.358</ele><time>2026-09-19T15:45:37Z</time><speed>2.450</speed><sat>35</sat></trkpt>
  <trkpt lat="37.16572241" lon="38.79446311"><ele>543.934</ele><time>2026-09-19T15:45:38Z</time><speed>1.790</speed><sat>33</sat></trkpt>
  <trkpt lat="37.16571374" lon="38.79445821"><ele>543.884</ele><time>2026-09-19T15:45:39Z</time><speed>1.280</speed><sat>34</sat></trkpt>
  <trkpt lat="37.16570303" lon="38.79446054"><ele>544.136</ele><time>2026-09-19T15:45:40Z</time><speed>1.300</speed><sat>31</sat></trkpt>
  <trkpt lat="37.16568741" lon="38.79446117"><ele>544.875</ele><time>2026-09-19T15:45:41Z</time><speed>1.720</speed><sat>29</sat></trkpt>
  <trkpt lat="37.16567123" lon="38.79446863"><ele>545.413</ele><time>2026-09-19T15:45:42Z</time><speed>1.750</speed><sat>29</sat></trkpt>
  <trkpt lat="37.16565474" lon="38.79447706"><ele>546.400</ele><time>2026-09-19T15:45:43Z</time><speed>1.780</speed><sat>30</sat></trkpt>
  <trkpt lat="37.16563930" lon="38.79448482"><ele>546.649</ele><time>2026-09-19T15:45:44Z</time><speed>1.630</speed><sat>32</sat></trkpt>
  <trkpt lat="37.16562563" lon="38.79448929"><ele>546.862</ele><time>2026-09-19T15:45:45Z</time><speed>1.510</speed><sat>32</sat></trkpt>
  <trkpt lat="37.16561131" lon="38.79448765"><ele>546.167</ele><time>2026-09-19T15:45:46Z</time><speed>1.700</speed><sat>32</sat></trkpt>
  <trkpt lat="37.16559630" lon="38.79448156"><ele>545.110</ele><time>2026-09-19T15:45:47Z</time><speed>1.680</speed><sat>33</sat></trkpt>
  <trkpt lat="37.16558062" lon="38.79447363"><ele>544.463</ele><time>2026-09-19T15:45:48Z</time><speed>1.790</speed><sat>33</sat></trkpt>
  <trkpt lat="37.16556536" lon="38.79446678"><ele>544.171</ele><time>2026-09-19T15:45:49Z</time><speed>1.770</speed><sat>33</sat></trkpt>
  <trkpt lat="37.16554906" lon="38.79446227"><ele>544.763</ele><time>2026-09-19T15:45:50Z</time><speed>1.900</speed><sat>33</sat></trkpt>
  <trkpt lat="37.16553233" lon="38.79445666"><ele>545.227</ele><time>2026-09-19T15:45:51Z</time><speed>1.860</speed><sat>33</sat></trkpt>
  <trkpt lat="37.16551770" lon="38.79444962"><ele>545.175</ele><time>2026-09-19T15:45:52Z</time><speed>1.640</speed><sat>33</sat></trkpt>
  <trkpt lat="37.16550390" lon="38.79444271"><ele>544.676</ele><time>2026-09-19T15:45:53Z</time><speed>1.700</speed><sat>33</sat></trkpt>
  <trkpt lat="37.16549012" lon="38.79443628"><ele>544.761</ele><time>2026-09-19T15:45:54Z</time><speed>1.650</speed><sat>32</sat></trkpt>
  <trkpt lat="37.16547703" lon="38.79442984"><ele>544.415</ele><time>2026-09-19T15:45:55Z</time><speed>1.630</speed><sat>32</sat></trkpt>
  <trkpt lat="37.16546451" lon="38.79442373"><ele>544.675</ele><time>2026-09-19T15:45:56Z</time><speed>1.580</speed><sat>32</sat></trkpt>
  <trkpt lat="37.16545256" lon="38.79441729"><ele>545.141</ele><time>2026-09-19T15:45:57Z</time><speed>1.620</speed><sat>32</sat></trkpt>
  <trkpt lat="37.16544018" lon="38.79440998"><ele>544.856</ele><time>2026-09-19T15:45:58Z</time><speed>1.670</speed><sat>32</sat></trkpt>
  <trkpt lat="37.16542732" lon="38.79440473"><ele>545.243</ele><time>2026-09-19T15:45:59Z</time><speed>1.580</speed><sat>32</sat></trkpt>
  <trkpt lat="37.16540715" lon="38.79440179"><ele>545.902</ele><time>2026-09-19T15:46:00Z</time><speed>2.800</speed><sat>33</sat></trkpt>
  <trkpt lat="37.16538309" lon="38.79440026"><ele>545.644</ele><time>2026-09-19T15:46:01Z</time><speed>2.510</speed><sat>33</sat></trkpt>
  <trkpt lat="37.16536111" lon="38.79439265"><ele>545.709</ele><time>2026-09-19T15:46:02Z</time><speed>2.600</speed><sat>32</sat></trkpt>
  <trkpt lat="37.16533968" lon="38.79437888"><ele>544.833</ele><time>2026-09-19T15:46:03Z</time><speed>2.460</speed><sat>32</sat></trkpt>
  <trkpt lat="37.16532446" lon="38.79436194"><ele>544.159</ele><time>2026-09-19T15:46:04Z</time><speed>2.020</speed><sat>32</sat></trkpt>
  <trkpt lat="37.16531488" lon="38.79435235"><ele>544.586</ele><time>2026-09-19T15:46:05Z</time><speed>1.660</speed><sat>32</sat></trkpt>
  <trkpt lat="37.16530686" lon="38.79434765"><ele>544.997</ele><time>2026-09-19T15:46:06Z</time><speed>1.450</speed><sat>23</sat></trkpt>
  <trkpt lat="37.16529768" lon="38.79434593"><ele>544.997</ele><time>2026-09-19T15:46:07Z</time><speed>1.660</speed><sat>27</sat></trkpt>
  <trkpt lat="37.16528697" lon="38.79434572"><ele>545.114</ele><time>2026-09-19T15:46:08Z</time><speed>1.660</speed><sat>27</sat></trkpt>
  <trkpt lat="37.16527626" lon="38.79434698"><ele>545.254</ele><time>2026-09-19T15:46:09Z</time><speed>1.690</speed><sat>27</sat></trkpt>
  <trkpt lat="37.16526457" lon="38.79435144"><ele>545.393</ele><time>2026-09-19T15:46:10Z</time><speed>1.710</speed><sat>27</sat></trkpt>
  <trkpt lat="37.16525057" lon="38.79435053"><ele>544.700</ele><time>2026-09-19T15:46:11Z</time><speed>2.010</speed><sat>27</sat></trkpt>
  <trkpt lat="37.16523881" lon="38.79434705"><ele>545.251</ele><time>2026-09-19T15:46:12Z</time><speed>1.560</speed><sat>26</sat></trkpt>
  <trkpt lat="37.16523128" lon="38.79434130"><ele>545.480</ele><time>2026-09-19T15:46:13Z</time><speed>1.370</speed><sat>26</sat></trkpt>
  <trkpt lat="37.16522554" lon="38.79433545"><ele>544.984</ele><time>2026-09-19T15:46:14Z</time><speed>1.190</speed><sat>26</sat></trkpt>
  <trkpt lat="37.16521708" lon="38.79432846"><ele>544.317</ele><time>2026-09-19T15:46:15Z</time><speed>1.520</speed><sat>23</sat></trkpt>
  <trkpt lat="37.16520538" lon="38.79432172"><ele>543.915</ele><time>2026-09-19T15:46:16Z</time><speed>1.620</speed><sat>22</sat></trkpt>
  <trkpt lat="37.16519460" lon="38.79431491"><ele>543.492</ele><time>2026-09-19T15:46:17Z</time><speed>1.340</speed><sat>24</sat></trkpt>
  <trkpt lat="37.16518388" lon="38.79430580"><ele>543.183</ele><time>2026-09-19T15:46:18Z</time><speed>1.450</speed><sat>26</sat></trkpt>
  <trkpt lat="37.16517293" lon="38.79429578"><ele>542.531</ele><time>2026-09-19T15:46:19Z</time><speed>1.570</speed><sat>26</sat></trkpt>
  <trkpt lat="37.16516105" lon="38.79428721"><ele>542.660</ele><time>2026-09-19T15:46:20Z</time><speed>1.590</speed><sat>26</sat></trkpt>
  <trkpt lat="37.16514894" lon="38.79428068"><ele>543.284</ele><time>2026-09-19T15:46:21Z</time><speed>1.550</speed><sat>26</sat></trkpt>
  <trkpt lat="37.16513785" lon="38.79427711"><ele>545.045</ele><time>2026-09-19T15:46:22Z</time><speed>1.560</speed><sat>26</sat></trkpt>
  <trkpt lat="37.16512557" lon="38.79427694"><ele>545.801</ele><time>2026-09-19T15:46:23Z</time><speed>1.660</speed><sat>26</sat></trkpt>
  <trkpt lat="37.16511347" lon="38.79427764"><ele>546.361</ele><time>2026-09-19T15:46:24Z</time><speed>1.390</speed><sat>25</sat></trkpt>
  <trkpt lat="37.16510136" lon="38.79427608"><ele>546.324</ele><time>2026-09-19T15:46:25Z</time><speed>1.570</speed><sat>23</sat></trkpt>
  <trkpt lat="37.16508881" lon="38.79427179"><ele>545.917</ele><time>2026-09-19T15:46:26Z</time><speed>1.550</speed><sat>23</sat></trkpt>
  <trkpt lat="37.16507444" lon="38.79426667"><ele>546.251</ele><time>2026-09-19T15:46:27Z</time><speed>1.780</speed><sat>23</sat></trkpt>
  <trkpt lat="37.16506005" lon="38.79426036"><ele>546.365</ele><time>2026-09-19T15:46:28Z</time><speed>1.800</speed><sat>24</sat></trkpt>
  <trkpt lat="37.16504771" lon="38.79425214"><ele>545.995</ele><time>2026-09-19T15:46:29Z</time><speed>1.540</speed><sat>24</sat></trkpt>
  <trkpt lat="37.16504033" lon="38.79424337"><ele>545.436</ele><time>2026-09-19T15:46:30Z</time><speed>1.100</speed><sat>27</sat></trkpt>
  <trkpt lat="37.16503489" lon="38.79423123"><ele>544.971</ele><time>2026-09-19T15:46:31Z</time><speed>1.330</speed><sat>28</sat></trkpt>
  <trkpt lat="37.16502862" lon="38.79421271"><ele>543.946</ele><time>2026-09-19T15:46:32Z</time><speed>1.660</speed><sat>28</sat></trkpt>
  <trkpt lat="37.16502192" lon="38.79419591"><ele>543.621</ele><time>2026-09-19T15:46:33Z</time><speed>1.500</speed><sat>28</sat></trkpt>
  <trkpt lat="37.16501269" lon="38.79418335"><ele>543.724</ele><time>2026-09-19T15:46:34Z</time><speed>1.550</speed><sat>28</sat></trkpt>
  <trkpt lat="37.16500068" lon="38.79417520"><ele>543.646</ele><time>2026-09-19T15:46:35Z</time><speed>1.490</speed><sat>28</sat></trkpt>
  <trkpt lat="37.16498820" lon="38.79416995"><ele>543.766</ele><time>2026-09-19T15:46:36Z</time><speed>1.480</speed><sat>25</sat></trkpt>
  <trkpt lat="37.16497456" lon="38.79416755"><ele>544.413</ele><time>2026-09-19T15:46:37Z</time><speed>1.590</speed><sat>24</sat></trkpt>
  <trkpt lat="37.16496042" lon="38.79416700"><ele>544.648</ele><time>2026-09-19T15:46:38Z</time><speed>1.520</speed><sat>24</sat></trkpt>
  <trkpt lat="37.16494952" lon="38.79416638"><ele>544.991</ele><time>2026-09-19T15:46:39Z</time><speed>1.000</speed><sat>25</sat></trkpt>
  <trkpt lat="37.16494156" lon="38.79416172"><ele>544.251</ele><time>2026-09-19T15:46:40Z</time><speed>1.140</speed><sat>27</sat></trkpt>
  <trkpt lat="37.16493219" lon="38.79415372"><ele>544.637</ele><time>2026-09-19T15:46:41Z</time><speed>1.340</speed><sat>31</sat></trkpt>
  <trkpt lat="37.16492152" lon="38.79414653"><ele>544.806</ele><time>2026-09-19T15:46:42Z</time><speed>1.320</speed><sat>31</sat></trkpt>
  <trkpt lat="37.16491109" lon="38.79414053"><ele>544.521</ele><time>2026-09-19T15:46:43Z</time><speed>1.210</speed><sat>31</sat></trkpt>
  <trkpt lat="37.16489861" lon="38.79413464"><ele>544.207</ele><time>2026-09-19T15:46:44Z</time><speed>1.340</speed><sat>32</sat></trkpt>
  <trkpt lat="37.16488486" lon="38.79412871"><ele>543.555</ele><time>2026-09-19T15:46:45Z</time><speed>1.420</speed><sat>31</sat></trkpt>
  <trkpt lat="37.16487159" lon="38.79412692"><ele>544.294</ele><time>2026-09-19T15:46:46Z</time><speed>1.130</speed><sat>31</sat></trkpt>
  <trkpt lat="37.16485702" lon="38.79412787"><ele>543.818</ele><time>2026-09-19T15:46:47Z</time><speed>1.440</speed><sat>30</sat></trkpt>
  <trkpt lat="37.16484144" lon="38.79413329"><ele>543.271</ele><time>2026-09-19T15:46:48Z</time><speed>1.720</speed><sat>29</sat></trkpt>
  <trkpt lat="37.16482305" lon="38.79413627"><ele>544.341</ele><time>2026-09-19T15:46:49Z</time><speed>1.930</speed><sat>27</sat></trkpt>
  <trkpt lat="37.16480650" lon="38.79413399"><ele>544.330</ele><time>2026-09-19T15:46:50Z</time><speed>1.270</speed><sat>25</sat></trkpt>
  <trkpt lat="37.16479431" lon="38.79412822"><ele>544.884</ele><time>2026-09-19T15:46:51Z</time><speed>1.210</speed><sat>24</sat></trkpt>
  <trkpt lat="37.16478132" lon="38.79412340"><ele>545.039</ele><time>2026-09-19T15:46:52Z</time><speed>1.430</speed><sat>21</sat></trkpt>
  <trkpt lat="37.16476835" lon="38.79411463"><ele>543.833</ele><time>2026-09-19T15:46:53Z</time><speed>1.250</speed><sat>21</sat></trkpt>
  <trkpt lat="37.16475845" lon="38.79410382"><ele>544.496</ele><time>2026-09-19T15:46:54Z</time><speed>1.150</speed><sat>23</sat></trkpt>
  <trkpt lat="37.16474947" lon="38.79409266"><ele>544.100</ele><time>2026-09-19T15:46:55Z</time><speed>1.210</speed><sat>24</sat></trkpt>
  <trkpt lat="37.16474055" lon="38.79408519"><ele>544.087</ele><time>2026-09-19T15:46:56Z</time><speed>1.210</speed><sat>25</sat></trkpt>
  <trkpt lat="37.16473103" lon="38.79408012"><ele>543.841</ele><time>2026-09-19T15:46:57Z</time><speed>1.160</speed><sat>25</sat></trkpt>
  <trkpt lat="37.16471953" lon="38.79407506"><ele>543.518</ele><time>2026-09-19T15:46:58Z</time><speed>1.260</speed><sat>26</sat></trkpt>
  <trkpt lat="37.16470771" lon="38.79406619"><ele>543.550</ele><time>2026-09-19T15:46:59Z</time><speed>1.380</speed><sat>26</sat></trkpt>
  <trkpt lat="37.16469703" lon="38.79405679"><ele>544.192</ele><time>2026-09-19T15:47:00Z</time><speed>1.280</speed><sat>25</sat></trkpt>
  <trkpt lat="37.16468479" lon="38.79404779"><ele>545.502</ele><time>2026-09-19T15:47:01Z</time><speed>1.510</speed><sat>25</sat></trkpt>
  <trkpt lat="37.16467239" lon="38.79403805"><ele>547.120</ele><time>2026-09-19T15:47:02Z</time><speed>1.580</speed><sat>24</sat></trkpt>
  <trkpt lat="37.16465919" lon="38.79403262"><ele>547.795</ele><time>2026-09-19T15:47:03Z</time><speed>1.460</speed><sat>25</sat></trkpt>
  <trkpt lat="37.16464679" lon="38.79402138"><ele>547.652</ele><time>2026-09-19T15:47:04Z</time><speed>1.620</speed><sat>25</sat></trkpt>
  <trkpt lat="37.16463642" lon="38.79400756"><ele>547.169</ele><time>2026-09-19T15:47:05Z</time><speed>1.440</speed><sat>25</sat></trkpt>
  <trkpt lat="37.16462768" lon="38.79399396"><ele>547.845</ele><time>2026-09-19T15:47:06Z</time><speed>1.460</speed><sat>26</sat></trkpt>
  <trkpt lat="37.16461697" lon="38.79398658"><ele>549.603</ele><time>2026-09-19T15:47:07Z</time><speed>1.250</speed><sat>28</sat></trkpt>
  <trkpt lat="37.16460670" lon="38.79397949"><ele>548.435</ele><time>2026-09-19T15:47:08Z</time><speed>1.060</speed><sat>29</sat></trkpt>
  <trkpt lat="37.16459588" lon="38.79397319"><ele>547.946</ele><time>2026-09-19T15:47:09Z</time><speed>1.220</speed><sat>30</sat></trkpt>
  <trkpt lat="37.16458508" lon="38.79396815"><ele>548.993</ele><time>2026-09-19T15:47:10Z</time><speed>1.220</speed><sat>30</sat></trkpt>
  <trkpt lat="37.16457747" lon="38.79396453"><ele>550.454</ele><time>2026-09-19T15:47:11Z</time><speed>0.550</speed><sat>30</sat></trkpt>
  <trkpt lat="37.16456720" lon="38.79395949"><ele>550.097</ele><time>2026-09-19T15:47:12Z</time><speed>1.380</speed><sat>30</sat></trkpt>
  <trkpt lat="37.16455328" lon="38.79395271"><ele>551.073</ele><time>2026-09-19T15:47:13Z</time><speed>1.470</speed><sat>29</sat></trkpt>
  <trkpt lat="37.16454048" lon="38.79394292"><ele>551.117</ele><time>2026-09-19T15:47:14Z</time><speed>1.520</speed><sat>30</sat></trkpt>
  <trkpt lat="37.16452925" lon="38.79393399"><ele>550.278</ele><time>2026-09-19T15:47:15Z</time><speed>1.140</speed><sat>30</sat></trkpt>
  <trkpt lat="37.16451916" lon="38.79392541"><ele>549.703</ele><time>2026-09-19T15:47:16Z</time><speed>1.290</speed><sat>30</sat></trkpt>
  <trkpt lat="37.16450947" lon="38.79392014"><ele>550.540</ele><time>2026-09-19T15:47:17Z</time><speed>0.620</speed><sat>31</sat></trkpt>
  <trkpt lat="37.16449915" lon="38.79391764"><ele>551.240</ele><time>2026-09-19T15:47:18Z</time><speed>0.840</speed><sat>31</sat></trkpt>
  <trkpt lat="37.16448642" lon="38.79391370"><ele>551.937</ele><time>2026-09-19T15:47:19Z</time><speed>1.310</speed><sat>29</sat></trkpt>
  <trkpt lat="37.16447267" lon="38.79391496"><ele>551.792</ele><time>2026-09-19T15:47:20Z</time><speed>1.000</speed><sat>26</sat></trkpt>
  <trkpt lat="37.16445850" lon="38.79391841"><ele>551.241</ele><time>2026-09-19T15:47:21Z</time><speed>1.380</speed><sat>27</sat></trkpt>
  <trkpt lat="37.16444179" lon="38.79391990"><ele>551.153</ele><time>2026-09-19T15:47:22Z</time><speed>1.600</speed><sat>28</sat></trkpt>
  <trkpt lat="37.16442419" lon="38.79391808"><ele>550.181</ele><time>2026-09-19T15:47:23Z</time><speed>1.680</speed><sat>28</sat></trkpt>
  <trkpt lat="37.16440822" lon="38.79391584"><ele>550.271</ele><time>2026-09-19T15:47:24Z</time><speed>1.540</speed><sat>29</sat></trkpt>
  <trkpt lat="37.16439463" lon="38.79391588"><ele>549.608</ele><time>2026-09-19T15:47:25Z</time><speed>1.100</speed><sat>29</sat></trkpt>
  <trkpt lat="37.16438049" lon="38.79391453"><ele>549.821</ele><time>2026-09-19T15:47:26Z</time><speed>1.640</speed><sat>31</sat></trkpt>
  <trkpt lat="37.16436530" lon="38.79391071"><ele>550.031</ele><time>2026-09-19T15:47:27Z</time><speed>1.680</speed><sat>31</sat></trkpt>
  <trkpt lat="37.16435139" lon="38.79390392"><ele>548.904</ele><time>2026-09-19T15:47:28Z</time><speed>1.640</speed><sat>31</sat></trkpt>
  <trkpt lat="37.16433929" lon="38.79389412"><ele>548.400</ele><time>2026-09-19T15:47:29Z</time><speed>1.660</speed><sat>33</sat></trkpt>
  <trkpt lat="37.16432854" lon="38.79388241"><ele>548.552</ele><time>2026-09-19T15:47:30Z</time><speed>1.670</speed><sat>32</sat></trkpt>
  <trkpt lat="37.16431591" lon="38.79387170"><ele>548.464</ele><time>2026-09-19T15:47:31Z</time><speed>1.750</speed><sat>32</sat></trkpt>
  <trkpt lat="37.16430700" lon="38.79386065"><ele>549.334</ele><time>2026-09-19T15:47:32Z</time><speed>1.360</speed><sat>29</sat></trkpt>
  <trkpt lat="37.16429985" lon="38.79384983"><ele>550.265</ele><time>2026-09-19T15:47:33Z</time><speed>1.420</speed><sat>29</sat></trkpt>
  <trkpt lat="37.16428809" lon="38.79384138"><ele>550.657</ele><time>2026-09-19T15:47:34Z</time><speed>1.460</speed><sat>27</sat></trkpt>
  <trkpt lat="37.16427727" lon="38.79383688"><ele>550.318</ele><time>2026-09-19T15:47:35Z</time><speed>1.000</speed><sat>23</sat></trkpt>
  <trkpt lat="37.16426374" lon="38.79383483"><ele>550.167</ele><time>2026-09-19T15:47:36Z</time><speed>1.280</speed><sat>23</sat></trkpt>
  <trkpt lat="37.16424907" lon="38.79383047"><ele>550.114</ele><time>2026-09-19T15:47:37Z</time><speed>1.510</speed><sat>26</sat></trkpt>
  <trkpt lat="37.16423340" lon="38.79382131"><ele>549.292</ele><time>2026-09-19T15:47:38Z</time><speed>1.820</speed><sat>27</sat></trkpt>
  <trkpt lat="37.16421766" lon="38.79381369"><ele>549.050</ele><time>2026-09-19T15:47:39Z</time><speed>1.610</speed><sat>27</sat></trkpt>
  <trkpt lat="37.16420235" lon="38.79380848"><ele>548.630</ele><time>2026-09-19T15:47:40Z</time><speed>1.570</speed><sat>27</sat></trkpt>
  <trkpt lat="37.16418731" lon="38.79380578"><ele>548.286</ele><time>2026-09-19T15:47:41Z</time><speed>1.580</speed><sat>27</sat></trkpt>
  <trkpt lat="37.16417303" lon="38.79380416"><ele>546.909</ele><time>2026-09-19T15:47:42Z</time><speed>1.550</speed><sat>27</sat></trkpt>
  <trkpt lat="37.16415769" lon="38.79380323"><ele>546.524</ele><time>2026-09-19T15:47:43Z</time><speed>1.680</speed><sat>27</sat></trkpt>
  <trkpt lat="37.16414125" lon="38.79380278"><ele>546.111</ele><time>2026-09-19T15:47:44Z</time><speed>1.710</speed><sat>27</sat></trkpt>
  <trkpt lat="37.16412519" lon="38.79380346"><ele>546.718</ele><time>2026-09-19T15:47:45Z</time><speed>1.730</speed><sat>26</sat></trkpt>
  <trkpt lat="37.16411337" lon="38.79380287"><ele>547.780</ele><time>2026-09-19T15:47:46Z</time><speed>1.070</speed><sat>24</sat></trkpt>
  <trkpt lat="37.16410161" lon="38.79379700"><ele>548.227</ele><time>2026-09-19T15:47:47Z</time><speed>1.630</speed><sat>24</sat></trkpt>
  <trkpt lat="37.16408965" lon="38.79378859"><ele>549.777</ele><time>2026-09-19T15:47:48Z</time><speed>1.450</speed><sat>24</sat></trkpt>
  <trkpt lat="37.16408068" lon="38.79377691"><ele>550.123</ele><time>2026-09-19T15:47:49Z</time><speed>1.530</speed><sat>25</sat></trkpt>
  <trkpt lat="37.16407489" lon="38.79376674"><ele>549.774</ele><time>2026-09-19T15:47:50Z</time><speed>1.220</speed><sat>26</sat></trkpt>
  <trkpt lat="37.16407089" lon="38.79375569"><ele>548.581</ele><time>2026-09-19T15:47:51Z</time><speed>1.270</speed><sat>28</sat></trkpt>
  <trkpt lat="37.16406563" lon="38.79374695"><ele>549.670</ele><time>2026-09-19T15:47:52Z</time><speed>1.210</speed><sat>28</sat></trkpt>
  <trkpt lat="37.16405881" lon="38.79374056"><ele>549.014</ele><time>2026-09-19T15:47:53Z</time><speed>1.070</speed><sat>29</sat></trkpt>
  <trkpt lat="37.16404754" lon="38.79373355"><ele>549.490</ele><time>2026-09-19T15:47:54Z</time><speed>1.670</speed><sat>29</sat></trkpt>
  <trkpt lat="37.16403285" lon="38.79372694"><ele>549.825</ele><time>2026-09-19T15:47:55Z</time><speed>1.550</speed><sat>27</sat></trkpt>
  <trkpt lat="37.16401966" lon="38.79372449"><ele>550.357</ele><time>2026-09-19T15:47:56Z</time><speed>1.170</speed><sat>27</sat></trkpt>
  <trkpt lat="37.16400503" lon="38.79372550"><ele>550.215</ele><time>2026-09-19T15:47:57Z</time><speed>1.450</speed><sat>26</sat></trkpt>
  <trkpt lat="37.16398665" lon="38.79373067"><ele>550.620</ele><time>2026-09-19T15:47:58Z</time><speed>1.580</speed><sat>26</sat></trkpt>
  <trkpt lat="37.16396602" lon="38.79373300"><ele>551.046</ele><time>2026-09-19T15:47:59Z</time><speed>1.770</speed><sat>24</sat></trkpt>
  <trkpt lat="37.16394591" lon="38.79373455"><ele>551.368</ele><time>2026-09-19T15:48:00Z</time><speed>1.700</speed><sat>25</sat></trkpt>
  <trkpt lat="37.16392931" lon="38.79372112"><ele>546.130</ele><time>2026-09-19T15:48:01Z</time><speed>1.770</speed><sat>26</sat></trkpt>
  <trkpt lat="37.16391686" lon="38.79371204"><ele>545.816</ele><time>2026-09-19T15:48:02Z</time><speed>1.110</speed><sat>29</sat></trkpt>
  <trkpt lat="37.16390387" lon="38.79370475"><ele>544.409</ele><time>2026-09-19T15:48:03Z</time><speed>1.510</speed><sat>30</sat></trkpt>
  <trkpt lat="37.16388901" lon="38.79369956"><ele>545.192</ele><time>2026-09-19T15:48:04Z</time><speed>1.450</speed><sat>30</sat></trkpt>
  <trkpt lat="37.16387518" lon="38.79369674"><ele>545.763</ele><time>2026-09-19T15:48:05Z</time><speed>1.320</speed><sat>33</sat></trkpt>
  <trkpt lat="37.16386182" lon="38.79369393"><ele>545.565</ele><time>2026-09-19T15:48:06Z</time><speed>1.370</speed><sat>33</sat></trkpt>
  <trkpt lat="37.16384869" lon="38.79369130"><ele>546.185</ele><time>2026-09-19T15:48:07Z</time><speed>1.370</speed><sat>32</sat></trkpt>
  <trkpt lat="37.16383646" lon="38.79368760"><ele>546.146</ele><time>2026-09-19T15:48:08Z</time><speed>1.370</speed><sat>34</sat></trkpt>
  <trkpt lat="37.16382465" lon="38.79368323"><ele>545.418</ele><time>2026-09-19T15:48:09Z</time><speed>1.340</speed><sat>34</sat></trkpt>
  <trkpt lat="37.16381379" lon="38.79367974"><ele>545.500</ele><time>2026-09-19T15:48:10Z</time><speed>1.310</speed><sat>35</sat></trkpt>
  <trkpt lat="37.16380239" lon="38.79367576"><ele>545.791</ele><time>2026-09-19T15:48:11Z</time><speed>1.450</speed><sat>35</sat></trkpt>
  <trkpt lat="37.16378933" lon="38.79367109"><ele>545.818</ele><time>2026-09-19T15:48:12Z</time><speed>1.540</speed><sat>35</sat></trkpt>
  <trkpt lat="37.16377635" lon="38.79366712"><ele>546.292</ele><time>2026-09-19T15:48:13Z</time><speed>1.460</speed><sat>36</sat></trkpt>
  <trkpt lat="37.16376529" lon="38.79366341"><ele>545.842</ele><time>2026-09-19T15:48:14Z</time><speed>1.230</speed><sat>34</sat></trkpt>
  <trkpt lat="37.16375525" lon="38.79365957"><ele>545.921</ele><time>2026-09-19T15:48:15Z</time><speed>1.250</speed><sat>35</sat></trkpt>
  <trkpt lat="37.16374612" lon="38.79365857"><ele>545.980</ele><time>2026-09-19T15:48:16Z</time><speed>1.220</speed><sat>35</sat></trkpt>
  <trkpt lat="37.16373863" lon="38.79366250"><ele>545.875</ele><time>2026-09-19T15:48:17Z</time><speed>1.140</speed><sat>35</sat></trkpt>
  <trkpt lat="37.16373305" lon="38.79367044"><ele>545.826</ele><time>2026-09-19T15:48:18Z</time><speed>1.000</speed><sat>35</sat></trkpt>
  <trkpt lat="37.16373039" lon="38.79367939"><ele>545.571</ele><time>2026-09-19T15:48:19Z</time><speed>0.630</speed><sat>32</sat></trkpt>
  <trkpt lat="37.16372875" lon="38.79368693"><ele>545.055</ele><time>2026-09-19T15:48:20Z</time><speed>0.640</speed><sat>31</sat></trkpt>
  <trkpt lat="37.16372207" lon="38.79370607"><ele>546.323</ele><time>2026-09-19T15:48:21Z</time><speed>2.760</speed><sat>28</sat></trkpt>
  <trkpt lat="37.16371398" lon="38.79372594"><ele>546.084</ele><time>2026-09-19T15:48:22Z</time><speed>1.530</speed><sat>29</sat></trkpt>
  <trkpt lat="37.16370637" lon="38.79373991"><ele>546.172</ele><time>2026-09-19T15:48:23Z</time><speed>1.790</speed><sat>30</sat></trkpt>
  <trkpt lat="37.16369635" lon="38.79375283"><ele>545.689</ele><time>2026-09-19T15:48:24Z</time><speed>1.870</speed><sat>31</sat></trkpt>
  <trkpt lat="37.16368641" lon="38.79376281"><ele>545.447</ele><time>2026-09-19T15:48:25Z</time><speed>1.570</speed><sat>31</sat></trkpt>
  <trkpt lat="37.16367844" lon="38.79377304"><ele>544.456</ele><time>2026-09-19T15:48:26Z</time><speed>1.650</speed><sat>32</sat></trkpt>
  <trkpt lat="37.16367318" lon="38.79378602"><ele>544.368</ele><time>2026-09-19T15:48:27Z</time><speed>1.620</speed><sat>32</sat></trkpt>
  <trkpt lat="37.16367109" lon="38.79380082"><ele>544.461</ele><time>2026-09-19T15:48:28Z</time><speed>1.630</speed><sat>32</sat></trkpt>
  <trkpt lat="37.16367008" lon="38.79381604"><ele>544.363</ele><time>2026-09-19T15:48:29Z</time><speed>1.620</speed><sat>32</sat></trkpt>
  <trkpt lat="37.16366807" lon="38.79383246"><ele>544.467</ele><time>2026-09-19T15:48:30Z</time><speed>1.720</speed><sat>31</sat></trkpt>
  <trkpt lat="37.16366394" lon="38.79384770"><ele>544.328</ele><time>2026-09-19T15:48:31Z</time><speed>1.650</speed><sat>30</sat></trkpt>
  <trkpt lat="37.16365843" lon="38.79386081"><ele>543.907</ele><time>2026-09-19T15:48:32Z</time><speed>1.600</speed><sat>31</sat></trkpt>
  <trkpt lat="37.16365235" lon="38.79387216"><ele>543.719</ele><time>2026-09-19T15:48:33Z</time><speed>1.510</speed><sat>32</sat></trkpt>
  <trkpt lat="37.16364578" lon="38.79388475"><ele>543.347</ele><time>2026-09-19T15:48:34Z</time><speed>1.700</speed><sat>32</sat></trkpt>
  <trkpt lat="37.16364027" lon="38.79389844"><ele>543.101</ele><time>2026-09-19T15:48:35Z</time><speed>1.600</speed><sat>32</sat></trkpt>
  <trkpt lat="37.16363513" lon="38.79391130"><ele>542.972</ele><time>2026-09-19T15:48:36Z</time><speed>1.560</speed><sat>33</sat></trkpt>
  <trkpt lat="37.16362990" lon="38.79392429"><ele>543.016</ele><time>2026-09-19T15:48:37Z</time><speed>1.560</speed><sat>33</sat></trkpt>
  <trkpt lat="37.16362404" lon="38.79393740"><ele>542.885</ele><time>2026-09-19T15:48:38Z</time><speed>1.620</speed><sat>33</sat></trkpt>
  <trkpt lat="37.16361857" lon="38.79395060"><ele>542.862</ele><time>2026-09-19T15:48:39Z</time><speed>1.510</speed><sat>33</sat></trkpt>
  <trkpt lat="37.16361410" lon="38.79396570"><ele>542.961</ele><time>2026-09-19T15:48:40Z</time><speed>1.800</speed><sat>33</sat></trkpt>
  <trkpt lat="37.16361104" lon="38.79398090"><ele>543.046</ele><time>2026-09-19T15:48:41Z</time><speed>1.440</speed><sat>34</sat></trkpt>
  <trkpt lat="37.16360985" lon="38.79399461"><ele>543.217</ele><time>2026-09-19T15:48:42Z</time><speed>1.450</speed><sat>34</sat></trkpt>
  <trkpt lat="37.16360843" lon="38.79400605"><ele>542.994</ele><time>2026-09-19T15:48:43Z</time><speed>1.390</speed><sat>33</sat></trkpt>
  <trkpt lat="37.16360594" lon="38.79401848"><ele>542.915</ele><time>2026-09-19T15:48:44Z</time><speed>1.430</speed><sat>33</sat></trkpt>
  <trkpt lat="37.16360305" lon="38.79403083"><ele>542.242</ele><time>2026-09-19T15:48:45Z</time><speed>1.310</speed><sat>33</sat></trkpt>
  <trkpt lat="37.16360163" lon="38.79404493"><ele>542.633</ele><time>2026-09-19T15:48:46Z</time><speed>1.540</speed><sat>33</sat></trkpt>
  <trkpt lat="37.16360224" lon="38.79406029"><ele>542.673</ele><time>2026-09-19T15:48:47Z</time><speed>1.570</speed><sat>33</sat></trkpt>
  <trkpt lat="37.16360429" lon="38.79407633"><ele>542.787</ele><time>2026-09-19T15:48:48Z</time><speed>1.560</speed><sat>33</sat></trkpt>
  <trkpt lat="37.16360570" lon="38.79409274"><ele>542.930</ele><time>2026-09-19T15:48:49Z</time><speed>1.510</speed><sat>33</sat></trkpt>
  <trkpt lat="37.16360449" lon="38.79410890"><ele>543.104</ele><time>2026-09-19T15:48:50Z</time><speed>1.560</speed><sat>33</sat></trkpt>
  <trkpt lat="37.16360061" lon="38.79412219"><ele>542.787</ele><time>2026-09-19T15:48:51Z</time><speed>1.250</speed><sat>33</sat></trkpt>
  <trkpt lat="37.16359446" lon="38.79413272"><ele>542.451</ele><time>2026-09-19T15:48:52Z</time><speed>1.280</speed><sat>33</sat></trkpt>
  <trkpt lat="37.16358681" lon="38.79414259"><ele>542.469</ele><time>2026-09-19T15:48:53Z</time><speed>1.350</speed><sat>33</sat></trkpt>
  <trkpt lat="37.16357771" lon="38.79415670"><ele>543.893</ele><time>2026-09-19T15:48:54Z</time><speed>1.720</speed><sat>33</sat></trkpt>
  <trkpt lat="37.16356844" lon="38.79417401"><ele>544.045</ele><time>2026-09-19T15:48:55Z</time><speed>1.930</speed><sat>32</sat></trkpt>
  <trkpt lat="37.16356006" lon="38.79418965"><ele>544.111</ele><time>2026-09-19T15:48:56Z</time><speed>1.480</speed><sat>32</sat></trkpt>
  <trkpt lat="37.16355513" lon="38.79419879"><ele>542.981</ele><time>2026-09-19T15:48:57Z</time><speed>0.650</speed><sat>33</sat></trkpt>
  <trkpt lat="37.16355023" lon="38.79420484"><ele>542.838</ele><time>2026-09-19T15:48:58Z</time><speed>1.080</speed><sat>33</sat></trkpt>
  <trkpt lat="37.16354062" lon="38.79421252"><ele>542.412</ele><time>2026-09-19T15:48:59Z</time><speed>1.700</speed><sat>33</sat></trkpt>
  <trkpt lat="37.16352837" lon="38.79422018"><ele>542.451</ele><time>2026-09-19T15:49:00Z</time><speed>1.650</speed><sat>33</sat></trkpt>
  <trkpt lat="37.16351587" lon="38.79422487"><ele>542.395</ele><time>2026-09-19T15:49:01Z</time><speed>1.520</speed><sat>33</sat></trkpt>
  <trkpt lat="37.16350428" lon="38.79422565"><ele>542.335</ele><time>2026-09-19T15:49:02Z</time><speed>1.370</speed><sat>33</sat></trkpt>
  <trkpt lat="37.16349266" lon="38.79422135"><ele>541.877</ele><time>2026-09-19T15:49:03Z</time><speed>1.550</speed><sat>32</sat></trkpt>
  <trkpt lat="37.16348028" lon="38.79421349"><ele>541.626</ele><time>2026-09-19T15:49:04Z</time><speed>1.630</speed><sat>33</sat></trkpt>
  <trkpt lat="37.16346984" lon="38.79420678"><ele>540.694</ele><time>2026-09-19T15:49:05Z</time><speed>1.380</speed><sat>33</sat></trkpt>
  <trkpt lat="37.16345922" lon="38.79420192"><ele>540.525</ele><time>2026-09-19T15:49:06Z</time><speed>1.450</speed><sat>33</sat></trkpt>
  <trkpt lat="37.16344707" lon="38.79419674"><ele>540.618</ele><time>2026-09-19T15:49:07Z</time><speed>1.520</speed><sat>33</sat></trkpt>
  <trkpt lat="37.16343481" lon="38.79419184"><ele>540.111</ele><time>2026-09-19T15:49:08Z</time><speed>1.580</speed><sat>33</sat></trkpt>
  <trkpt lat="37.16342019" lon="38.79418787"><ele>539.948</ele><time>2026-09-19T15:49:09Z</time><speed>1.830</speed><sat>33</sat></trkpt>
  <trkpt lat="37.16340298" lon="38.79418234"><ele>541.280</ele><time>2026-09-19T15:49:10Z</time><speed>1.870</speed><sat>32</sat></trkpt>
  <trkpt lat="37.16338728" lon="38.79417850"><ele>541.383</ele><time>2026-09-19T15:49:11Z</time><speed>1.750</speed><sat>38</sat></trkpt>
  <trkpt lat="37.16337342" lon="38.79417226"><ele>541.150</ele><time>2026-09-19T15:49:12Z</time><speed>1.710</speed><sat>38</sat></trkpt>
  <trkpt lat="37.16336089" lon="38.79416378"><ele>541.171</ele><time>2026-09-19T15:49:13Z</time><speed>1.690</speed><sat>38</sat></trkpt>
  <trkpt lat="37.16334934" lon="38.79415361"><ele>541.623</ele><time>2026-09-19T15:49:14Z</time><speed>1.720</speed><sat>38</sat></trkpt>
  <trkpt lat="37.16333936" lon="38.79414223"><ele>541.768</ele><time>2026-09-19T15:49:15Z</time><speed>1.570</speed><sat>38</sat></trkpt>
  <trkpt lat="37.16333068" lon="38.79412946"><ele>541.882</ele><time>2026-09-19T15:49:16Z</time><speed>1.710</speed><sat>38</sat></trkpt>
  <trkpt lat="37.16332242" lon="38.79411646"><ele>542.136</ele><time>2026-09-19T15:49:17Z</time><speed>1.530</speed><sat>36</sat></trkpt>
  <trkpt lat="37.16331283" lon="38.79410467"><ele>542.208</ele><time>2026-09-19T15:49:18Z</time><speed>1.780</speed><sat>35</sat></trkpt>
  <trkpt lat="37.16330090" lon="38.79409475"><ele>542.571</ele><time>2026-09-19T15:49:19Z</time><speed>1.640</speed><sat>35</sat></trkpt>
  <trkpt lat="37.16328810" lon="38.79408786"><ele>543.204</ele><time>2026-09-19T15:49:20Z</time><speed>1.660</speed><sat>36</sat></trkpt>
  <trkpt lat="37.16327516" lon="38.79408097"><ele>543.317</ele><time>2026-09-19T15:49:21Z</time><speed>1.730</speed><sat>36</sat></trkpt>
  <trkpt lat="37.16326262" lon="38.79407042"><ele>543.970</ele><time>2026-09-19T15:49:22Z</time><speed>1.740</speed><sat>36</sat></trkpt>
  <trkpt lat="37.16325203" lon="38.79405779"><ele>544.208</ele><time>2026-09-19T15:49:23Z</time><speed>1.680</speed><sat>36</sat></trkpt>
  <trkpt lat="37.16324283" lon="38.79404440"><ele>544.111</ele><time>2026-09-19T15:49:24Z</time><speed>1.570</speed><sat>36</sat></trkpt>
  <trkpt lat="37.16323381" lon="38.79403419"><ele>543.794</ele><time>2026-09-19T15:49:25Z</time><speed>1.420</speed><sat>36</sat></trkpt>
  <trkpt lat="37.16322291" lon="38.79402706"><ele>543.398</ele><time>2026-09-19T15:49:26Z</time><speed>1.600</speed><sat>36</sat></trkpt>
  <trkpt lat="37.16321073" lon="38.79402229"><ele>543.547</ele><time>2026-09-19T15:49:27Z</time><speed>1.560</speed><sat>36</sat></trkpt>
  <trkpt lat="37.16319931" lon="38.79401711"><ele>543.760</ele><time>2026-09-19T15:49:28Z</time><speed>1.500</speed><sat>36</sat></trkpt>
  <trkpt lat="37.16318895" lon="38.79401014"><ele>543.768</ele><time>2026-09-19T15:49:29Z</time><speed>1.440</speed><sat>36</sat></trkpt>
  <trkpt lat="37.16318126" lon="38.79400380"><ele>543.584</ele><time>2026-09-19T15:49:30Z</time><speed>1.210</speed><sat>36</sat></trkpt>
  <trkpt lat="37.16317323" lon="38.79399798"><ele>543.408</ele><time>2026-09-19T15:49:31Z</time><speed>1.330</speed><sat>36</sat></trkpt>
  <trkpt lat="37.16316353" lon="38.79399224"><ele>543.455</ele><time>2026-09-19T15:49:32Z</time><speed>1.450</speed><sat>36</sat></trkpt>
  <trkpt lat="37.16315294" lon="38.79398829"><ele>543.612</ele><time>2026-09-19T15:49:33Z</time><speed>1.320</speed><sat>35</sat></trkpt>
  <trkpt lat="37.16314531" lon="38.79398595"><ele>543.474</ele><time>2026-09-19T15:49:34Z</time><speed>0.680</speed><sat>37</sat></trkpt>
  <trkpt lat="37.16313790" lon="38.79398504"><ele>543.072</ele><time>2026-09-19T15:49:35Z</time><speed>1.110</speed><sat>37</sat></trkpt>
  <trkpt lat="37.16312825" lon="38.79398815"><ele>542.711</ele><time>2026-09-19T15:49:36Z</time><speed>1.270</speed><sat>37</sat></trkpt>
  <trkpt lat="37.16311882" lon="38.79399504"><ele>542.491</ele><time>2026-09-19T15:49:37Z</time><speed>1.180</speed><sat>37</sat></trkpt>
  <trkpt lat="37.16310834" lon="38.79400441"><ele>543.173</ele><time>2026-09-19T15:49:38Z</time><speed>1.470</speed><sat>37</sat></trkpt>
  <trkpt lat="37.16309887" lon="38.79401408"><ele>543.911</ele><time>2026-09-19T15:49:39Z</time><speed>1.110</speed><sat>37</sat></trkpt>
  <trkpt lat="37.16308942" lon="38.79402310"><ele>544.681</ele><time>2026-09-19T15:49:40Z</time><speed>1.270</speed><sat>37</sat></trkpt>
  <trkpt lat="37.16308012" lon="38.79403399"><ele>544.580</ele><time>2026-09-19T15:49:41Z</time><speed>1.210</speed><sat>36</sat></trkpt>
  <trkpt lat="37.16307285" lon="38.79404647"><ele>544.315</ele><time>2026-09-19T15:49:42Z</time><speed>1.280</speed><sat>37</sat></trkpt>
  <trkpt lat="37.16306748" lon="38.79405944"><ele>544.622</ele><time>2026-09-19T15:49:43Z</time><speed>1.240</speed><sat>37</sat></trkpt>
  <trkpt lat="37.16306387" lon="38.79407499"><ele>545.305</ele><time>2026-09-19T15:49:44Z</time><speed>1.480</speed><sat>36</sat></trkpt>
  <trkpt lat="37.16306376" lon="38.79408968"><ele>545.383</ele><time>2026-09-19T15:49:45Z</time><speed>1.270</speed><sat>36</sat></trkpt>
  <trkpt lat="37.16306638" lon="38.79410459"><ele>545.258</ele><time>2026-09-19T15:49:46Z</time><speed>1.400</speed><sat>36</sat></trkpt>
  <trkpt lat="37.16306922" lon="38.79412215"><ele>544.421</ele><time>2026-09-19T15:49:47Z</time><speed>1.560</speed><sat>36</sat></trkpt>
  <trkpt lat="37.16306830" lon="38.79414124"><ele>545.253</ele><time>2026-09-19T15:49:48Z</time><speed>1.380</speed><sat>36</sat></trkpt>
  <trkpt lat="37.16306801" lon="38.79415789"><ele>544.948</ele><time>2026-09-19T15:49:49Z</time><speed>1.290</speed><sat>36</sat></trkpt>
  <trkpt lat="37.16306598" lon="38.79417163"><ele>544.368</ele><time>2026-09-19T15:49:50Z</time><speed>1.210</speed><sat>36</sat></trkpt>
  <trkpt lat="37.16306314" lon="38.79418589"><ele>545.474</ele><time>2026-09-19T15:49:51Z</time><speed>1.410</speed><sat>34</sat></trkpt>
  <trkpt lat="37.16306006" lon="38.79420174"><ele>545.421</ele><time>2026-09-19T15:49:52Z</time><speed>1.540</speed><sat>34</sat></trkpt>
  <trkpt lat="37.16305714" lon="38.79421824"><ele>545.535</ele><time>2026-09-19T15:49:53Z</time><speed>1.420</speed><sat>34</sat></trkpt>
  <trkpt lat="37.16305625" lon="38.79423260"><ele>544.924</ele><time>2026-09-19T15:49:54Z</time><speed>1.440</speed><sat>36</sat></trkpt>
  <trkpt lat="37.16305648" lon="38.79424964"><ele>546.292</ele><time>2026-09-19T15:49:55Z</time><speed>1.450</speed><sat>36</sat></trkpt>
  <trkpt lat="37.16305784" lon="38.79426601"><ele>546.247</ele><time>2026-09-19T15:49:56Z</time><speed>1.440</speed><sat>37</sat></trkpt>
  <trkpt lat="37.16305968" lon="38.79428067"><ele>546.249</ele><time>2026-09-19T15:49:57Z</time><speed>1.310</speed><sat>37</sat></trkpt>
  <trkpt lat="37.16306009" lon="38.79429691"><ele>545.956</ele><time>2026-09-19T15:49:58Z</time><speed>1.650</speed><sat>37</sat></trkpt>
  <trkpt lat="37.16306013" lon="38.79431319"><ele>545.565</ele><time>2026-09-19T15:49:59Z</time><speed>1.500</speed><sat>39</sat></trkpt>
  <trkpt lat="37.16305883" lon="38.79432784"><ele>545.244</ele><time>2026-09-19T15:50:00Z</time><speed>1.470</speed><sat>39</sat></trkpt>
  <trkpt lat="37.16305672" lon="38.79434023"><ele>544.844</ele><time>2026-09-19T15:50:01Z</time><speed>1.170</speed><sat>39</sat></trkpt>
  <trkpt lat="37.16305358" lon="38.79435147"><ele>545.060</ele><time>2026-09-19T15:50:02Z</time><speed>1.290</speed><sat>39</sat></trkpt>
  <trkpt lat="37.16304969" lon="38.79436315"><ele>544.979</ele><time>2026-09-19T15:50:03Z</time><speed>1.250</speed><sat>39</sat></trkpt>
  <trkpt lat="37.16304680" lon="38.79437432"><ele>545.133</ele><time>2026-09-19T15:50:04Z</time><speed>1.150</speed><sat>39</sat></trkpt>
  <trkpt lat="37.16304516" lon="38.79438708"><ele>545.079</ele><time>2026-09-19T15:50:05Z</time><speed>1.270</speed><sat>38</sat></trkpt>
  <trkpt lat="37.16304422" lon="38.79440065"><ele>544.937</ele><time>2026-09-19T15:50:06Z</time><speed>1.330</speed><sat>37</sat></trkpt>
  <trkpt lat="37.16304382" lon="38.79441511"><ele>544.647</ele><time>2026-09-19T15:50:07Z</time><speed>1.460</speed><sat>37</sat></trkpt>
  <trkpt lat="37.16304225" lon="38.79443170"><ele>544.537</ele><time>2026-09-19T15:50:08Z</time><speed>1.570</speed><sat>37</sat></trkpt>
  <trkpt lat="37.16304137" lon="38.79444703"><ele>544.838</ele><time>2026-09-19T15:50:09Z</time><speed>1.300</speed><sat>37</sat></trkpt>
  <trkpt lat="37.16304142" lon="38.79446129"><ele>545.313</ele><time>2026-09-19T15:50:10Z</time><speed>1.280</speed><sat>37</sat></trkpt>
  <trkpt lat="37.16304268" lon="38.79447570"><ele>545.421</ele><time>2026-09-19T15:50:11Z</time><speed>1.310</speed><sat>37</sat></trkpt>
  <trkpt lat="37.16303958" lon="38.79449069"><ele>544.948</ele><time>2026-09-19T15:50:12Z</time><speed>1.510</speed><sat>37</sat></trkpt>
  <trkpt lat="37.16303478" lon="38.79450374"><ele>545.368</ele><time>2026-09-19T15:50:13Z</time><speed>1.070</speed><sat>37</sat></trkpt>
  <trkpt lat="37.16302861" lon="38.79451533"><ele>544.749</ele><time>2026-09-19T15:50:14Z</time><speed>1.210</speed><sat>37</sat></trkpt>
  <trkpt lat="37.16302393" lon="38.79453021"><ele>544.995</ele><time>2026-09-19T15:50:15Z</time><speed>1.360</speed><sat>38</sat></trkpt>
  <trkpt lat="37.16302024" lon="38.79454733"><ele>544.909</ele><time>2026-09-19T15:50:16Z</time><speed>1.490</speed><sat>38</sat></trkpt>
  <trkpt lat="37.16301586" lon="38.79456477"><ele>544.662</ele><time>2026-09-19T15:50:17Z</time><speed>1.460</speed><sat>38</sat></trkpt>
  <trkpt lat="37.16301135" lon="38.79458204"><ele>544.946</ele><time>2026-09-19T15:50:18Z</time><speed>1.430</speed><sat>38</sat></trkpt>
  <trkpt lat="37.16300626" lon="38.79459933"><ele>545.251</ele><time>2026-09-19T15:50:19Z</time><speed>1.490</speed><sat>38</sat></trkpt>
  <trkpt lat="37.16300041" lon="38.79461627"><ele>545.616</ele><time>2026-09-19T15:50:20Z</time><speed>1.460</speed><sat>38</sat></trkpt>
  <trkpt lat="37.16299768" lon="38.79463001"><ele>546.253</ele><time>2026-09-19T15:50:21Z</time><speed>1.020</speed><sat>38</sat></trkpt>
  <trkpt lat="37.16299622" lon="38.79464175"><ele>546.706</ele><time>2026-09-19T15:50:22Z</time><speed>1.030</speed><sat>38</sat></trkpt>
  <trkpt lat="37.16299266" lon="38.79465433"><ele>545.244</ele><time>2026-09-19T15:50:23Z</time><speed>1.160</speed><sat>38</sat></trkpt>
  <trkpt lat="37.16298742" lon="38.79466970"><ele>545.183</ele><time>2026-09-19T15:50:24Z</time><speed>1.540</speed><sat>38</sat></trkpt>
  <trkpt lat="37.16298126" lon="38.79468600"><ele>545.145</ele><time>2026-09-19T15:50:25Z</time><speed>1.440</speed><sat>38</sat></trkpt>
  <trkpt lat="37.16297554" lon="38.79470205"><ele>544.945</ele><time>2026-09-19T15:50:26Z</time><speed>1.440</speed><sat>38</sat></trkpt>
  <trkpt lat="37.16297102" lon="38.79471696"><ele>544.794</ele><time>2026-09-19T15:50:27Z</time><speed>1.270</speed><sat>38</sat></trkpt>
  <trkpt lat="37.16296743" lon="38.79472952"><ele>544.954</ele><time>2026-09-19T15:50:28Z</time><speed>1.130</speed><sat>37</sat></trkpt>
  <trkpt lat="37.16296249" lon="38.79474234"><ele>545.541</ele><time>2026-09-19T15:50:29Z</time><speed>1.300</speed><sat>37</sat></trkpt>
  <trkpt lat="37.16295665" lon="38.79475463"><ele>544.992</ele><time>2026-09-19T15:50:30Z</time><speed>1.190</speed><sat>37</sat></trkpt>
  <trkpt lat="37.16294973" lon="38.79476479"><ele>544.913</ele><time>2026-09-19T15:50:31Z</time><speed>1.230</speed><sat>38</sat></trkpt>
  <trkpt lat="37.16294040" lon="38.79477419"><ele>545.174</ele><time>2026-09-19T15:50:32Z</time><speed>1.420</speed><sat>38</sat></trkpt>
  <trkpt lat="37.16292956" lon="38.79478306"><ele>545.369</ele><time>2026-09-19T15:50:33Z</time><speed>1.400</speed><sat>38</sat></trkpt>
  <trkpt lat="37.16291919" lon="38.79479216"><ele>545.193</ele><time>2026-09-19T15:50:34Z</time><speed>1.410</speed><sat>38</sat></trkpt>
  <trkpt lat="37.16291175" lon="38.79479865"><ele>544.597</ele><time>2026-09-19T15:50:35Z</time><speed>0.700</speed><sat>38</sat></trkpt>
  <trkpt lat="37.16290315" lon="38.79480554"><ele>544.384</ele><time>2026-09-19T15:50:36Z</time><speed>1.410</speed><sat>38</sat></trkpt>
  <trkpt lat="37.16289291" lon="38.79481561"><ele>544.234</ele><time>2026-09-19T15:50:37Z</time><speed>1.300</speed><sat>38</sat></trkpt>
  <trkpt lat="37.16288231" lon="38.79482530"><ele>544.695</ele><time>2026-09-19T15:50:38Z</time><speed>1.460</speed><sat>38</sat></trkpt>
  <trkpt lat="37.16287347" lon="38.79483438"><ele>544.739</ele><time>2026-09-19T15:50:39Z</time><speed>1.000</speed><sat>38</sat></trkpt>
  <trkpt lat="37.16286604" lon="38.79484373"><ele>545.218</ele><time>2026-09-19T15:50:40Z</time><speed>1.240</speed><sat>38</sat></trkpt>
  <trkpt lat="37.16285601" lon="38.79485630"><ele>545.166</ele><time>2026-09-19T15:50:41Z</time><speed>1.510</speed><sat>38</sat></trkpt>
  <trkpt lat="37.16284372" lon="38.79487171"><ele>545.437</ele><time>2026-09-19T15:50:42Z</time><speed>1.800</speed><sat>38</sat></trkpt>
  <trkpt lat="37.16283108" lon="38.79488835"><ele>545.365</ele><time>2026-09-19T15:50:43Z</time><speed>1.800</speed><sat>38</sat></trkpt>
  <trkpt lat="37.16282487" lon="38.79490165"><ele>545.717</ele><time>2026-09-19T15:50:44Z</time><speed>1.080</speed><sat>38</sat></trkpt>
  <trkpt lat="37.16282424" lon="38.79490692"><ele>545.988</ele><time>2026-09-19T15:50:45Z</time><speed>0.000</speed><sat>38</sat></trkpt>
  <trkpt lat="37.16282644" lon="38.79490864"><ele>546.463</ele><time>2026-09-19T15:50:46Z</time><speed>0.000</speed><sat>38</sat></trkpt>
  <trkpt lat="37.16282471" lon="38.79490744"><ele>545.888</ele><time>2026-09-19T15:50:47Z</time><speed>0.670</speed><sat>38</sat></trkpt>
  <trkpt lat="37.16281984" lon="38.79490707"><ele>545.536</ele><time>2026-09-19T15:50:48Z</time><speed>0.660</speed><sat>38</sat></trkpt>
  <trkpt lat="37.16282112" lon="38.79490678"><ele>545.548</ele><time>2026-09-19T15:50:49Z</time><speed>0.000</speed><sat>38</sat></trkpt>
  <trkpt lat="37.16282639" lon="38.79490471"><ele>546.156</ele><time>2026-09-19T15:50:50Z</time><speed>0.000</speed><sat>37</sat></trkpt>
  <trkpt lat="37.16282879" lon="38.79490350"><ele>546.134</ele><time>2026-09-19T15:50:51Z</time><speed>0.000</speed><sat>37</sat></trkpt>
  <trkpt lat="37.16282998" lon="38.79490291"><ele>546.135</ele><time>2026-09-19T15:50:52Z</time><speed>0.000</speed><sat>37</sat></trkpt>
  <trkpt lat="37.16283162" lon="38.79490050"><ele>547.014</ele><time>2026-09-19T15:50:53Z</time><speed>0.200</speed><sat>37</sat></trkpt>
  <trkpt lat="37.16283369" lon="38.79489804"><ele>547.024</ele><time>2026-09-19T15:50:54Z</time><speed>0.000</speed><sat>36</sat></trkpt>
  <trkpt lat="37.16283518" lon="38.79489677"><ele>547.024</ele><time>2026-09-19T15:50:55Z</time><speed>0.000</speed><sat>35</sat></trkpt>
  <trkpt lat="37.16283592" lon="38.79489615"><ele>547.023</ele><time>2026-09-19T15:50:56Z</time><speed>0.000</speed><sat>35</sat></trkpt>
  <trkpt lat="37.16283627" lon="38.79489586"><ele>547.026</ele><time>2026-09-19T15:50:57Z</time><speed>0.000</speed><sat>35</sat></trkpt>
  <trkpt lat="37.16283642" lon="38.79489576"><ele>547.031</ele><time>2026-09-19T15:50:58Z</time><speed>0.000</speed><sat>34</sat></trkpt>
  <trkpt lat="37.16283647" lon="38.79489573"><ele>547.031</ele><time>2026-09-19T15:50:59Z</time><speed>0.000</speed><sat>33</sat></trkpt>
  <trkpt lat="37.16283649" lon="38.79489572"><ele>547.028</ele><time>2026-09-19T15:51:00Z</time><speed>0.000</speed><sat>32</sat></trkpt>
  <trkpt lat="37.16283650" lon="38.79489571"><ele>547.026</ele><time>2026-09-19T15:51:01Z</time><speed>0.000</speed><sat>32</sat></trkpt>
  <trkpt lat="37.16283650" lon="38.79489569"><ele>547.022</ele><time>2026-09-19T15:51:02Z</time><speed>0.000</speed><sat>31</sat></trkpt>
  <trkpt lat="37.16283650" lon="38.79489569"><ele>547.023</ele><time>2026-09-19T15:51:03Z</time><speed>0.000</speed><sat>31</sat></trkpt>
  <trkpt lat="37.16283650" lon="38.79489570"><ele>547.021</ele><time>2026-09-19T15:51:04Z</time><speed>0.000</speed><sat>33</sat></trkpt>
  <trkpt lat="37.16283650" lon="38.79489571"><ele>547.022</ele><time>2026-09-19T15:51:05Z</time><speed>0.000</speed><sat>33</sat></trkpt>
  <trkpt lat="37.16283649" lon="38.79489573"><ele>547.021</ele><time>2026-09-19T15:51:06Z</time><speed>0.000</speed><sat>32</sat></trkpt>
  <trkpt lat="37.16283649" lon="38.79489575"><ele>547.023</ele><time>2026-09-19T15:51:07Z</time><speed>0.000</speed><sat>31</sat></trkpt>
  <trkpt lat="37.16283649" lon="38.79489575"><ele>547.021</ele><time>2026-09-19T15:51:08Z</time><speed>0.000</speed><sat>31</sat></trkpt>
  <trkpt lat="37.16283649" lon="38.79489577"><ele>547.021</ele><time>2026-09-19T15:51:09Z</time><speed>0.000</speed><sat>31</sat></trkpt>
  <trkpt lat="37.16283649" lon="38.79489577"><ele>547.020</ele><time>2026-09-19T15:51:10Z</time><speed>0.000</speed><sat>30</sat></trkpt>
  <trkpt lat="37.16283649" lon="38.79489577"><ele>547.023</ele><time>2026-09-19T15:51:11Z</time><speed>0.000</speed><sat>30</sat></trkpt>
  <trkpt lat="37.16283649" lon="38.79489576"><ele>547.023</ele><time>2026-09-19T15:51:12Z</time><speed>0.000</speed><sat>30</sat></trkpt>
  <trkpt lat="37.16283649" lon="38.79489575"><ele>547.024</ele><time>2026-09-19T15:51:13Z</time><speed>0.000</speed><sat>30</sat></trkpt>
  <trkpt lat="37.16283652" lon="38.79489581"><ele>547.020</ele><time>2026-09-19T15:51:14Z</time><speed>0.000</speed><sat>31</sat></trkpt>
  <trkpt lat="37.16283653" lon="38.79489585"><ele>547.021</ele><time>2026-09-19T15:51:15Z</time><speed>0.000</speed><sat>31</sat></trkpt>
  <trkpt lat="37.16283654" lon="38.79489587"><ele>547.020</ele><time>2026-09-19T15:51:16Z</time><speed>0.000</speed><sat>31</sat></trkpt>
  <trkpt lat="37.16283653" lon="38.79489588"><ele>547.019</ele><time>2026-09-19T15:51:17Z</time><speed>0.000</speed><sat>31</sat></trkpt>
  <trkpt lat="37.16283653" lon="38.79489590"><ele>547.021</ele><time>2026-09-19T15:51:18Z</time><speed>0.000</speed><sat>33</sat></trkpt>
  <trkpt lat="37.16283653" lon="38.79489590"><ele>547.014</ele><time>2026-09-19T15:51:19Z</time><speed>0.000</speed><sat>33</sat></trkpt>
  <trkpt lat="37.16283652" lon="38.79489591"><ele>547.016</ele><time>2026-09-19T15:51:20Z</time><speed>0.000</speed><sat>33</sat></trkpt>
  <trkpt lat="37.16283651" lon="38.79489594"><ele>547.018</ele><time>2026-09-19T15:51:21Z</time><speed>0.000</speed><sat>32</sat></trkpt>
  <trkpt lat="37.16283650" lon="38.79489596"><ele>547.018</ele><time>2026-09-19T15:51:22Z</time><speed>0.000</speed><sat>32</sat></trkpt>
  <trkpt lat="37.16283650" lon="38.79489597"><ele>547.020</ele><time>2026-09-19T15:51:23Z</time><speed>0.000</speed><sat>32</sat></trkpt>
  <trkpt lat="37.16283650" lon="38.79489598"><ele>547.018</ele><time>2026-09-19T15:51:24Z</time><speed>0.000</speed><sat>32</sat></trkpt>
  <trkpt lat="37.16283649" lon="38.79489598"><ele>547.019</ele><time>2026-09-19T15:51:25Z</time><speed>0.000</speed><sat>32</sat></trkpt>
  <trkpt lat="37.16283649" lon="38.79489598"><ele>547.020</ele><time>2026-09-19T15:51:26Z</time><speed>0.000</speed><sat>32</sat></trkpt>
  <trkpt lat="37.16283649" lon="38.79489598"><ele>547.020</ele><time>2026-09-19T15:51:27Z</time><speed>0.000</speed><sat>33</sat></trkpt>
  <trkpt lat="37.16283650" lon="38.79489596"><ele>547.018</ele><time>2026-09-19T15:51:28Z</time><speed>0.000</speed><sat>33</sat></trkpt>
  <trkpt lat="37.16283651" lon="38.79489594"><ele>547.022</ele><time>2026-09-19T15:51:29Z</time><speed>0.000</speed><sat>32</sat></trkpt>
  <trkpt lat="37.16283660" lon="38.79489601"><ele>547.027</ele><time>2026-09-19T15:51:30Z</time><speed>0.000</speed><sat>32</sat></trkpt>
  <trkpt lat="37.16283727" lon="38.79489564"><ele>547.114</ele><time>2026-09-19T15:51:31Z</time><speed>0.340</speed><sat>36</sat></trkpt>
  <trkpt lat="37.16283933" lon="38.79489247"><ele>546.698</ele><time>2026-09-19T15:51:32Z</time><speed>0.380</speed><sat>36</sat></trkpt>
  <trkpt lat="37.16284315" lon="38.79488816"><ele>547.051</ele><time>2026-09-19T15:51:33Z</time><speed>0.330</speed><sat>36</sat></trkpt>
  <trkpt lat="37.16284712" lon="38.79488515"><ele>546.944</ele><time>2026-09-19T15:51:34Z</time><speed>0.000</speed><sat>37</sat></trkpt>
  <trkpt lat="37.16284873" lon="38.79488438"><ele>546.936</ele><time>2026-09-19T15:51:35Z</time><speed>0.000</speed><sat>37</sat></trkpt>
  <trkpt lat="37.16284926" lon="38.79488459"><ele>546.775</ele><time>2026-09-19T15:51:36Z</time><speed>0.000</speed><sat>37</sat></trkpt>
  <trkpt lat="37.16284777" lon="38.79488546"><ele>545.876</ele><time>2026-09-19T15:51:37Z</time><speed>0.360</speed><sat>37</sat></trkpt>
  <trkpt lat="37.16284695" lon="38.79488744"><ele>544.988</ele><time>2026-09-19T15:51:38Z</time><speed>0.270</speed><sat>37</sat></trkpt>
  <trkpt lat="37.16284931" lon="38.79489034"><ele>544.352</ele><time>2026-09-19T15:51:39Z</time><speed>0.230</speed><sat>37</sat></trkpt>
  <trkpt lat="37.16285457" lon="38.79488979"><ele>544.424</ele><time>2026-09-19T15:51:40Z</time><speed>0.360</speed><sat>34</sat></trkpt>
  <trkpt lat="37.16286188" lon="38.79488977"><ele>543.867</ele><time>2026-09-19T15:51:41Z</time><speed>0.330</speed><sat>34</sat></trkpt>
  <trkpt lat="37.16286618" lon="38.79489308"><ele>544.154</ele><time>2026-09-19T15:51:42Z</time><speed>0.550</speed><sat>32</sat></trkpt>
  <trkpt lat="37.16286830" lon="38.79490036"><ele>544.052</ele><time>2026-09-19T15:51:43Z</time><speed>0.700</speed><sat>31</sat></trkpt>
  <trkpt lat="37.16286613" lon="38.79491567"><ele>543.448</ele><time>2026-09-19T15:51:44Z</time><speed>1.470</speed><sat>30</sat></trkpt>
  <trkpt lat="37.16286235" lon="38.79492628"><ele>543.202</ele><time>2026-09-19T15:51:45Z</time><speed>0.490</speed><sat>31</sat></trkpt>
  <trkpt lat="37.16286184" lon="38.79492735"><ele>543.517</ele><time>2026-09-19T15:51:46Z</time><speed>0.000</speed><sat>30</sat></trkpt>
  <trkpt lat="37.16286201" lon="38.79492646"><ele>543.520</ele><time>2026-09-19T15:51:47Z</time><speed>0.000</speed><sat>31</sat></trkpt>
  <trkpt lat="37.16286213" lon="38.79492587"><ele>543.536</ele><time>2026-09-19T15:51:48Z</time><speed>0.000</speed><sat>30</sat></trkpt>
  <trkpt lat="37.16286229" lon="38.79492549"><ele>543.564</ele><time>2026-09-19T15:51:49Z</time><speed>0.000</speed><sat>31</sat></trkpt>
  <trkpt lat="37.16286243" lon="38.79492524"><ele>543.581</ele><time>2026-09-19T15:51:50Z</time><speed>0.000</speed><sat>31</sat></trkpt>
  <trkpt lat="37.16286252" lon="38.79492504"><ele>543.582</ele><time>2026-09-19T15:51:51Z</time><speed>0.000</speed><sat>31</sat></trkpt>
  <trkpt lat="37.16286253" lon="38.79492491"><ele>543.584</ele><time>2026-09-19T15:51:52Z</time><speed>0.000</speed><sat>31</sat></trkpt>
  <trkpt lat="37.16286253" lon="38.79492482"><ele>543.583</ele><time>2026-09-19T15:51:53Z</time><speed>0.000</speed><sat>30</sat></trkpt>
  <trkpt lat="37.16286260" lon="38.79492470"><ele>543.598</ele><time>2026-09-19T15:51:54Z</time><speed>0.000</speed><sat>29</sat></trkpt>
  <trkpt lat="37.16286267" lon="38.79492461"><ele>543.597</ele><time>2026-09-19T15:51:55Z</time><speed>0.000</speed><sat>30</sat></trkpt>
  <trkpt lat="37.16286278" lon="38.79492452"><ele>543.604</ele><time>2026-09-19T15:51:56Z</time><speed>0.000</speed><sat>30</sat></trkpt>
  <trkpt lat="37.16286289" lon="38.79492444"><ele>543.605</ele><time>2026-09-19T15:51:57Z</time><speed>0.000</speed><sat>30</sat></trkpt>
  <trkpt lat="37.16286663" lon="38.79492258"><ele>544.241</ele><time>2026-09-19T15:51:58Z</time><speed>0.000</speed><sat>29</sat></trkpt>
  <trkpt lat="37.16286888" lon="38.79492053"><ele>543.574</ele><time>2026-09-19T15:51:59Z</time><speed>0.000</speed><sat>29</sat></trkpt>
  <trkpt lat="37.16287247" lon="38.79491690"><ele>543.572</ele><time>2026-09-19T15:52:00Z</time><speed>0.000</speed><sat>29</sat></trkpt>
  <trkpt lat="37.16287438" lon="38.79491414"><ele>544.074</ele><time>2026-09-19T15:52:01Z</time><speed>0.000</speed><sat>29</sat></trkpt>
  <trkpt lat="37.16287589" lon="38.79491102"><ele>544.047</ele><time>2026-09-19T15:52:02Z</time><speed>0.000</speed><sat>31</sat></trkpt>
  <trkpt lat="37.16287552" lon="38.79490803"><ele>544.618</ele><time>2026-09-19T15:52:03Z</time><speed>0.000</speed><sat>31</sat></trkpt>
  <trkpt lat="37.16287475" lon="38.79490263"><ele>544.624</ele><time>2026-09-19T15:52:04Z</time><speed>0.000</speed><sat>29</sat></trkpt>
  <trkpt lat="37.16287432" lon="38.79490003"><ele>544.624</ele><time>2026-09-19T15:52:05Z</time><speed>0.000</speed><sat>30</sat></trkpt>
  <trkpt lat="37.16287403" lon="38.79489872"><ele>544.621</ele><time>2026-09-19T15:52:06Z</time><speed>0.000</speed><sat>30</sat></trkpt>
  <trkpt lat="37.16286998" lon="38.79489847"><ele>544.293</ele><time>2026-09-19T15:52:07Z</time><speed>0.000</speed><sat>30</sat></trkpt>
  <trkpt lat="37.16286504" lon="38.79489763"><ele>544.191</ele><time>2026-09-19T15:52:08Z</time><speed>0.220</speed><sat>31</sat></trkpt>
  <trkpt lat="37.16285852" lon="38.79489747"><ele>544.191</ele><time>2026-09-19T15:52:09Z</time><speed>0.000</speed><sat>31</sat></trkpt>
  <trkpt lat="37.16285563" lon="38.79489772"><ele>544.201</ele><time>2026-09-19T15:52:10Z</time><speed>0.000</speed><sat>31</sat></trkpt>
  <trkpt lat="37.16285417" lon="38.79489784"><ele>544.203</ele><time>2026-09-19T15:52:11Z</time><speed>0.000</speed><sat>31</sat></trkpt>
  <trkpt lat="37.16285340" lon="38.79489792"><ele>544.204</ele><time>2026-09-19T15:52:12Z</time><speed>0.000</speed><sat>31</sat></trkpt>
  <trkpt lat="37.16285226" lon="38.79489884"><ele>544.044</ele><time>2026-09-19T15:52:13Z</time><speed>0.000</speed><sat>32</sat></trkpt>
  <trkpt lat="37.16285117" lon="38.79489980"><ele>544.042</ele><time>2026-09-19T15:52:14Z</time><speed>0.000</speed><sat>33</sat></trkpt>
  <trkpt lat="37.16284786" lon="38.79490173"><ele>543.694</ele><time>2026-09-19T15:52:15Z</time><speed>0.000</speed><sat>33</sat></trkpt>
  <trkpt lat="37.16284477" lon="38.79490376"><ele>543.709</ele><time>2026-09-19T15:52:16Z</time><speed>0.000</speed><sat>33</sat></trkpt>
  <trkpt lat="37.16284345" lon="38.79490488"><ele>543.717</ele><time>2026-09-19T15:52:17Z</time><speed>0.000</speed><sat>33</sat></trkpt>
  <trkpt lat="37.16284279" lon="38.79490545"><ele>543.723</ele><time>2026-09-19T15:52:18Z</time><speed>0.000</speed><sat>33</sat></trkpt>
  <trkpt lat="37.16284249" lon="38.79490571"><ele>543.729</ele><time>2026-09-19T15:52:19Z</time><speed>0.000</speed><sat>34</sat></trkpt>
  <trkpt lat="37.16284236" lon="38.79490584"><ele>543.738</ele><time>2026-09-19T15:52:20Z</time><speed>0.000</speed><sat>34</sat></trkpt>
  <trkpt lat="37.16284233" lon="38.79490587"><ele>543.754</ele><time>2026-09-19T15:52:21Z</time><speed>0.000</speed><sat>34</sat></trkpt>
  <trkpt lat="37.16284234" lon="38.79490588"><ele>543.760</ele><time>2026-09-19T15:52:22Z</time><speed>0.000</speed><sat>32</sat></trkpt>
  <trkpt lat="37.16284232" lon="38.79490588"><ele>543.762</ele><time>2026-09-19T15:52:23Z</time><speed>0.000</speed><sat>32</sat></trkpt>
  <trkpt lat="37.16284235" lon="38.79490585"><ele>543.770</ele><time>2026-09-19T15:52:24Z</time><speed>0.000</speed><sat>32</sat></trkpt>
  <trkpt lat="37.16284235" lon="38.79490588"><ele>543.775</ele><time>2026-09-19T15:52:25Z</time><speed>0.000</speed><sat>30</sat></trkpt>
  <trkpt lat="37.16284233" lon="38.79490596"><ele>543.776</ele><time>2026-09-19T15:52:26Z</time><speed>0.000</speed><sat>31</sat></trkpt>
  <trkpt lat="37.16284232" lon="38.79490603"><ele>543.782</ele><time>2026-09-19T15:52:27Z</time><speed>0.000</speed><sat>31</sat></trkpt>
  <trkpt lat="37.16284228" lon="38.79490611"><ele>543.782</ele><time>2026-09-19T15:52:28Z</time><speed>0.000</speed><sat>31</sat></trkpt>
  <trkpt lat="37.16284223" lon="38.79490616"><ele>543.778</ele><time>2026-09-19T15:52:29Z</time><speed>0.000</speed><sat>32</sat></trkpt>
  <trkpt lat="37.16284219" lon="38.79490617"><ele>543.779</ele><time>2026-09-19T15:52:30Z</time><speed>0.000</speed><sat>33</sat></trkpt>
  <trkpt lat="37.16284212" lon="38.79490914"><ele>543.984</ele><time>2026-09-19T15:52:31Z</time><speed>0.430</speed><sat>35</sat></trkpt>
  <trkpt lat="37.16284975" lon="38.79490960"><ele>544.336</ele><time>2026-09-19T15:52:32Z</time><speed>0.930</speed><sat>36</sat></trkpt>
  <trkpt lat="37.16285825" lon="38.79490443"><ele>544.417</ele><time>2026-09-19T15:52:33Z</time><speed>0.940</speed><sat>36</sat></trkpt>
  <trkpt lat="37.16286037" lon="38.79489616"><ele>544.365</ele><time>2026-09-19T15:52:34Z</time><speed>0.000</speed><sat>36</sat></trkpt>
  <trkpt lat="37.16285956" lon="38.79489283"><ele>544.362</ele><time>2026-09-19T15:52:35Z</time><speed>0.000</speed><sat>36</sat></trkpt>
  <trkpt lat="37.16286150" lon="38.79489133"><ele>544.622</ele><time>2026-09-19T15:52:36Z</time><speed>0.370</speed><sat>36</sat></trkpt>
  <trkpt lat="37.16286255" lon="38.79489025"><ele>544.677</ele><time>2026-09-19T15:52:37Z</time><speed>0.000</speed><sat>35</sat></trkpt>
  <trkpt lat="37.16286231" lon="38.79489016"><ele>544.682</ele><time>2026-09-19T15:52:38Z</time><speed>0.000</speed><sat>34</sat></trkpt>
  <trkpt lat="37.16286219" lon="38.79489012"><ele>544.681</ele><time>2026-09-19T15:52:39Z</time><speed>0.000</speed><sat>33</sat></trkpt>
  <trkpt lat="37.16286213" lon="38.79489009"><ele>544.682</ele><time>2026-09-19T15:52:40Z</time><speed>0.000</speed><sat>33</sat></trkpt>
  <trkpt lat="37.16286209" lon="38.79489008"><ele>544.683</ele><time>2026-09-19T15:52:41Z</time><speed>0.000</speed><sat>32</sat></trkpt>
  <trkpt lat="37.16286208" lon="38.79489007"><ele>544.681</ele><time>2026-09-19T15:52:42Z</time><speed>0.000</speed><sat>32</sat></trkpt>
  <trkpt lat="37.16286208" lon="38.79489011"><ele>544.683</ele><time>2026-09-19T15:52:43Z</time><speed>0.000</speed><sat>31</sat></trkpt>
  <trkpt lat="37.16286207" lon="38.79489015"><ele>544.683</ele><time>2026-09-19T15:52:44Z</time><speed>0.000</speed><sat>31</sat></trkpt>
  <trkpt lat="37.16286207" lon="38.79489017"><ele>544.684</ele><time>2026-09-19T15:52:45Z</time><speed>0.000</speed><sat>31</sat></trkpt>
  <trkpt lat="37.16286207" lon="38.79489019"><ele>544.686</ele><time>2026-09-19T15:52:46Z</time><speed>0.000</speed><sat>32</sat></trkpt>
  <trkpt lat="37.16286207" lon="38.79489020"><ele>544.689</ele><time>2026-09-19T15:52:47Z</time><speed>0.000</speed><sat>32</sat></trkpt>
  <trkpt lat="37.16286208" lon="38.79489021"><ele>544.689</ele><time>2026-09-19T15:52:48Z</time><speed>0.000</speed><sat>32</sat></trkpt>
  <trkpt lat="37.16286209" lon="38.79489026"><ele>544.692</ele><time>2026-09-19T15:52:49Z</time><speed>0.000</speed><sat>32</sat></trkpt>
  <trkpt lat="37.16286210" lon="38.79489029"><ele>544.693</ele><time>2026-09-19T15:52:50Z</time><speed>0.000</speed><sat>33</sat></trkpt>
  <trkpt lat="37.16286211" lon="38.79489031"><ele>544.692</ele><time>2026-09-19T15:52:51Z</time><speed>0.000</speed><sat>34</sat></trkpt>
  <trkpt lat="37.16286614" lon="38.79489276"><ele>545.040</ele><time>2026-09-19T15:52:52Z</time><speed>0.730</speed><sat>33</sat></trkpt>
  <trkpt lat="37.16286840" lon="38.79489500"><ele>545.040</ele><time>2026-09-19T15:52:53Z</time><speed>0.000</speed><sat>33</sat></trkpt>
  <trkpt lat="37.16286789" lon="38.79489611"><ele>545.040</ele><time>2026-09-19T15:52:54Z</time><speed>0.000</speed><sat>33</sat></trkpt>
  <trkpt lat="37.16286763" lon="38.79489669"><ele>545.036</ele><time>2026-09-19T15:52:55Z</time><speed>0.000</speed><sat>32</sat></trkpt>
  <trkpt lat="37.16286751" lon="38.79489699"><ele>545.035</ele><time>2026-09-19T15:52:56Z</time><speed>0.000</speed><sat>33</sat></trkpt>
  <trkpt lat="37.16286745" lon="38.79489715"><ele>545.035</ele><time>2026-09-19T15:52:57Z</time><speed>0.000</speed><sat>32</sat></trkpt>
  <trkpt lat="37.16286742" lon="38.79489723"><ele>545.035</ele><time>2026-09-19T15:52:58Z</time><speed>0.000</speed><sat>33</sat></trkpt>
  <trkpt lat="37.16286740" lon="38.79489730"><ele>545.036</ele><time>2026-09-19T15:52:59Z</time><speed>0.000</speed><sat>33</sat></trkpt>
  <trkpt lat="37.16286740" lon="38.79489735"><ele>545.035</ele><time>2026-09-19T15:53:00Z</time><speed>0.000</speed><sat>33</sat></trkpt>
  <trkpt lat="37.16286739" lon="38.79489739"><ele>545.033</ele><time>2026-09-19T15:53:01Z</time><speed>0.000</speed><sat>32</sat></trkpt>
  <trkpt lat="37.16286891" lon="38.79489860"><ele>545.249</ele><time>2026-09-19T15:53:02Z</time><speed>0.250</speed><sat>31</sat></trkpt>
  <trkpt lat="37.16286994" lon="38.79489937"><ele>545.270</ele><time>2026-09-19T15:53:03Z</time><speed>0.000</speed><sat>32</sat></trkpt>
  <trkpt lat="37.16286999" lon="38.79489934"><ele>545.270</ele><time>2026-09-19T15:53:04Z</time><speed>0.000</speed><sat>32</sat></trkpt>
  <trkpt lat="37.16287002" lon="38.79489932"><ele>545.270</ele><time>2026-09-19T15:53:05Z</time><speed>0.000</speed><sat>32</sat></trkpt>
  <trkpt lat="37.16287004" lon="38.79489932"><ele>545.274</ele><time>2026-09-19T15:53:06Z</time><speed>0.000</speed><sat>32</sat></trkpt>
  <trkpt lat="37.16287005" lon="38.79489931"><ele>545.276</ele><time>2026-09-19T15:53:07Z</time><speed>0.000</speed><sat>32</sat></trkpt>
  <trkpt lat="37.16287005" lon="38.79489931"><ele>545.275</ele><time>2026-09-19T15:53:08Z</time><speed>0.000</speed><sat>33</sat></trkpt>
  <trkpt lat="37.16287004" lon="38.79489931"><ele>545.277</ele><time>2026-09-19T15:53:09Z</time><speed>0.000</speed><sat>33</sat></trkpt>
  <trkpt lat="37.16287004" lon="38.79489932"><ele>545.279</ele><time>2026-09-19T15:53:10Z</time><speed>0.000</speed><sat>33</sat></trkpt>
  <trkpt lat="37.16287004" lon="38.79489932"><ele>545.281</ele><time>2026-09-19T15:53:11Z</time><speed>0.000</speed><sat>33</sat></trkpt>
  <trkpt lat="37.16287003" lon="38.79489934"><ele>545.281</ele><time>2026-09-19T15:53:12Z</time><speed>0.000</speed><sat>34</sat></trkpt>
  <trkpt lat="37.16287003" lon="38.79489935"><ele>545.282</ele><time>2026-09-19T15:53:13Z</time><speed>0.000</speed><sat>33</sat></trkpt>
  <trkpt lat="37.16287002" lon="38.79489937"><ele>545.283</ele><time>2026-09-19T15:53:14Z</time><speed>0.000</speed><sat>33</sat></trkpt>
  <trkpt lat="37.16287002" lon="38.79489938"><ele>545.286</ele><time>2026-09-19T15:53:15Z</time><speed>0.000</speed><sat>33</sat></trkpt>
  <trkpt lat="37.16287002" lon="38.79489939"><ele>545.289</ele><time>2026-09-19T15:53:16Z</time><speed>0.000</speed><sat>34</sat></trkpt>
  <trkpt lat="37.16287003" lon="38.79489939"><ele>545.292</ele><time>2026-09-19T15:53:17Z</time><speed>0.000</speed><sat>34</sat></trkpt>
  <trkpt lat="37.16287004" lon="38.79489939"><ele>545.293</ele><time>2026-09-19T15:53:18Z</time><speed>0.000</speed><sat>35</sat></trkpt>
  <trkpt lat="37.16287004" lon="38.79489939"><ele>545.295</ele><time>2026-09-19T15:53:19Z</time><speed>0.000</speed><sat>35</sat></trkpt>
  <trkpt lat="37.16287004" lon="38.79489941"><ele>545.297</ele><time>2026-09-19T15:53:20Z</time><speed>0.000</speed><sat>35</sat></trkpt>
  <trkpt lat="37.16287003" lon="38.79489942"><ele>545.299</ele><time>2026-09-19T15:53:21Z</time><speed>0.000</speed><sat>35</sat></trkpt>
  <trkpt lat="37.16287004" lon="38.79489945"><ele>545.307</ele><time>2026-09-19T15:53:22Z</time><speed>0.000</speed><sat>34</sat></trkpt>
  <trkpt lat="37.16287004" lon="38.79489946"><ele>545.309</ele><time>2026-09-19T15:53:23Z</time><speed>0.000</speed><sat>34</sat></trkpt>
  <trkpt lat="37.16287004" lon="38.79489947"><ele>545.310</ele><time>2026-09-19T15:53:24Z</time><speed>0.000</speed><sat>33</sat></trkpt>
  <trkpt lat="37.16287003" lon="38.79489947"><ele>545.311</ele><time>2026-09-19T15:53:25Z</time><speed>0.000</speed><sat>34</sat></trkpt>
  <trkpt lat="37.16287002" lon="38.79489948"><ele>545.313</ele><time>2026-09-19T15:53:26Z</time><speed>0.000</speed><sat>35</sat></trkpt>
  <trkpt lat="37.16287002" lon="38.79489949"><ele>545.314</ele><time>2026-09-19T15:53:27Z</time><speed>0.000</speed><sat>34</sat></trkpt>
  <trkpt lat="37.16287002" lon="38.79489949"><ele>545.314</ele><time>2026-09-19T15:53:28Z</time><speed>0.000</speed><sat>34</sat></trkpt>
  <trkpt lat="37.16287002" lon="38.79489949"><ele>545.317</ele><time>2026-09-19T15:53:29Z</time><speed>0.000</speed><sat>34</sat></trkpt>
  <trkpt lat="37.16287002" lon="38.79489949"><ele>545.317</ele><time>2026-09-19T15:53:30Z</time><speed>0.000</speed><sat>34</sat></trkpt>
  <trkpt lat="37.16287002" lon="38.79489950"><ele>545.318</ele><time>2026-09-19T15:53:31Z</time><speed>0.000</speed><sat>34</sat></trkpt>
  <trkpt lat="37.16287002" lon="38.79489950"><ele>545.317</ele><time>2026-09-19T15:53:32Z</time><speed>0.000</speed><sat>34</sat></trkpt>
  <trkpt lat="37.16287001" lon="38.79489951"><ele>545.318</ele><time>2026-09-19T15:53:33Z</time><speed>0.000</speed><sat>34</sat></trkpt>
  <trkpt lat="37.16287002" lon="38.79489952"><ele>545.318</ele><time>2026-09-19T15:53:34Z</time><speed>0.000</speed><sat>35</sat></trkpt>
  <trkpt lat="37.16287001" lon="38.79489953"><ele>545.318</ele><time>2026-09-19T15:53:35Z</time><speed>0.000</speed><sat>32</sat></trkpt>
  <trkpt lat="37.16287002" lon="38.79489953"><ele>545.318</ele><time>2026-09-19T15:53:36Z</time><speed>0.000</speed><sat>32</sat></trkpt>
  <trkpt lat="37.16287002" lon="38.79489955"><ele>545.317</ele><time>2026-09-19T15:53:37Z</time><speed>0.000</speed><sat>32</sat></trkpt>
  <trkpt lat="37.16287002" lon="38.79489955"><ele>545.317</ele><time>2026-09-19T15:53:38Z</time><speed>0.000</speed><sat>33</sat></trkpt>
  <trkpt lat="37.16287004" lon="38.79489954"><ele>545.320</ele><time>2026-09-19T15:53:39Z</time><speed>0.000</speed><sat>33</sat></trkpt>
  <trkpt lat="37.16287007" lon="38.79489953"><ele>545.322</ele><time>2026-09-19T15:53:40Z</time><speed>0.000</speed><sat>34</sat></trkpt>
  <trkpt lat="37.16287010" lon="38.79489951"><ele>545.325</ele><time>2026-09-19T15:53:41Z</time><speed>0.000</speed><sat>34</sat></trkpt>
  <trkpt lat="37.16287013" lon="38.79489953"><ele>545.332</ele><time>2026-09-19T15:53:42Z</time><speed>0.000</speed><sat>34</sat></trkpt>
  <trkpt lat="37.16287016" lon="38.79489953"><ele>545.334</ele><time>2026-09-19T15:53:43Z</time><speed>0.000</speed><sat>34</sat></trkpt>
  <trkpt lat="37.16287018" lon="38.79489954"><ele>545.335</ele><time>2026-09-19T15:53:44Z</time><speed>0.000</speed><sat>34</sat></trkpt>
  <trkpt lat="37.16287020" lon="38.79489953"><ele>545.336</ele><time>2026-09-19T15:53:45Z</time><speed>0.000</speed><sat>34</sat></trkpt>
  <trkpt lat="37.16287022" lon="38.79489953"><ele>545.338</ele><time>2026-09-19T15:53:46Z</time><speed>0.000</speed><sat>33</sat></trkpt>
  <trkpt lat="37.16287024" lon="38.79489951"><ele>545.339</ele><time>2026-09-19T15:53:47Z</time><speed>0.000</speed><sat>34</sat></trkpt>
  <trkpt lat="37.16287025" lon="38.79489952"><ele>545.342</ele><time>2026-09-19T15:53:48Z</time><speed>0.000</speed><sat>34</sat></trkpt>
  <trkpt lat="37.16287025" lon="38.79489954"><ele>545.344</ele><time>2026-09-19T15:53:49Z</time><speed>0.000</speed><sat>35</sat></trkpt>
  <trkpt lat="37.16287024" lon="38.79489956"><ele>545.348</ele><time>2026-09-19T15:53:50Z</time><speed>0.000</speed><sat>35</sat></trkpt>
  <trkpt lat="37.16287023" lon="38.79489960"><ele>545.354</ele><time>2026-09-19T15:53:51Z</time><speed>0.000</speed><sat>35</sat></trkpt>
  <trkpt lat="37.16287022" lon="38.79489961"><ele>545.356</ele><time>2026-09-19T15:53:52Z</time><speed>0.000</speed><sat>35</sat></trkpt>
  <trkpt lat="37.16287022" lon="38.79489961"><ele>545.360</ele><time>2026-09-19T15:53:53Z</time><speed>0.000</speed><sat>34</sat></trkpt>
  <trkpt lat="37.16287023" lon="38.79489962"><ele>545.369</ele><time>2026-09-19T15:53:54Z</time><speed>0.000</speed><sat>35</sat></trkpt>
  <trkpt lat="37.16287024" lon="38.79489963"><ele>545.371</ele><time>2026-09-19T15:53:55Z</time><speed>0.000</speed><sat>36</sat></trkpt>
  <trkpt lat="37.16287025" lon="38.79489963"><ele>545.373</ele><time>2026-09-19T15:53:56Z</time><speed>0.000</speed><sat>36</sat></trkpt>
  <trkpt lat="37.16287025" lon="38.79489963"><ele>545.375</ele><time>2026-09-19T15:53:57Z</time><speed>0.000</speed><sat>36</sat></trkpt>
  <trkpt lat="37.16287026" lon="38.79489962"><ele>545.376</ele><time>2026-09-19T15:53:58Z</time><speed>0.000</speed><sat>36</sat></trkpt>
  <trkpt lat="37.16287027" lon="38.79489962"><ele>545.377</ele><time>2026-09-19T15:53:59Z</time><speed>0.000</speed><sat>36</sat></trkpt>
  <trkpt lat="37.16287027" lon="38.79489961"><ele>545.380</ele><time>2026-09-19T15:54:00Z</time><speed>0.000</speed><sat>36</sat></trkpt>
  <trkpt lat="37.16287027" lon="38.79489961"><ele>545.381</ele><time>2026-09-19T15:54:01Z</time><speed>0.000</speed><sat>35</sat></trkpt>
  <trkpt lat="37.16287026" lon="38.79489963"><ele>545.380</ele><time>2026-09-19T15:54:02Z</time><speed>0.000</speed><sat>35</sat></trkpt>
  <trkpt lat="37.16287025" lon="38.79489964"><ele>545.379</ele><time>2026-09-19T15:54:03Z</time><speed>0.000</speed><sat>35</sat></trkpt>
  <trkpt lat="37.16286925" lon="38.79489893"><ele>545.433</ele><time>2026-09-19T15:54:04Z</time><speed>0.000</speed><sat>35</sat></trkpt>
  <trkpt lat="37.16286832" lon="38.79489788"><ele>545.481</ele><time>2026-09-19T15:54:05Z</time><speed>0.000</speed><sat>35</sat></trkpt>
  <trkpt lat="37.16286786" lon="38.79489735"><ele>545.483</ele><time>2026-09-19T15:54:06Z</time><speed>0.000</speed><sat>34</sat></trkpt>
  <trkpt lat="37.16286760" lon="38.79489712"><ele>545.493</ele><time>2026-09-19T15:54:07Z</time><speed>0.000</speed><sat>33</sat></trkpt>
  <trkpt lat="37.16286745" lon="38.79489702"><ele>545.497</ele><time>2026-09-19T15:54:08Z</time><speed>0.000</speed><sat>33</sat></trkpt>
  <trkpt lat="37.16286737" lon="38.79489697"><ele>545.498</ele><time>2026-09-19T15:54:09Z</time><speed>0.000</speed><sat>33</sat></trkpt>
  <trkpt lat="37.16286731" lon="38.79489694"><ele>545.501</ele><time>2026-09-19T15:54:10Z</time><speed>0.000</speed><sat>33</sat></trkpt>
  <trkpt lat="37.16286727" lon="38.79489697"><ele>545.508</ele><time>2026-09-19T15:54:11Z</time><speed>0.000</speed><sat>34</sat></trkpt>
  <trkpt lat="37.16286720" lon="38.79489702"><ele>545.514</ele><time>2026-09-19T15:54:12Z</time><speed>0.000</speed><sat>33</sat></trkpt>
  <trkpt lat="37.16286714" lon="38.79489706"><ele>545.513</ele><time>2026-09-19T15:54:13Z</time><speed>0.000</speed><sat>33</sat></trkpt>
  <trkpt lat="37.16286708" lon="38.79489710"><ele>545.515</ele><time>2026-09-19T15:54:14Z</time><speed>0.000</speed><sat>33</sat></trkpt>
  <trkpt lat="37.16286706" lon="38.79489715"><ele>545.521</ele><time>2026-09-19T15:54:15Z</time><speed>0.000</speed><sat>33</sat></trkpt>
  <trkpt lat="37.16286706" lon="38.79489718"><ele>545.527</ele><time>2026-09-19T15:54:16Z</time><speed>0.000</speed><sat>33</sat></trkpt>
  <trkpt lat="37.16286707" lon="38.79489722"><ele>545.531</ele><time>2026-09-19T15:54:17Z</time><speed>0.000</speed><sat>32</sat></trkpt>
  <trkpt lat="37.16286709" lon="38.79489725"><ele>545.536</ele><time>2026-09-19T15:54:18Z</time><speed>0.000</speed><sat>31</sat></trkpt>
  <trkpt lat="37.16286710" lon="38.79489727"><ele>545.541</ele><time>2026-09-19T15:54:19Z</time><speed>0.000</speed><sat>31</sat></trkpt>
  <trkpt lat="37.16286711" lon="38.79489729"><ele>545.544</ele><time>2026-09-19T15:54:20Z</time><speed>0.000</speed><sat>31</sat></trkpt>
  <trkpt lat="37.16286712" lon="38.79489731"><ele>545.547</ele><time>2026-09-19T15:54:21Z</time><speed>0.000</speed><sat>31</sat></trkpt>
  <trkpt lat="37.16286711" lon="38.79489736"><ele>545.550</ele><time>2026-09-19T15:54:22Z</time><speed>0.000</speed><sat>31</sat></trkpt>
  <trkpt lat="37.16286710" lon="38.79489740"><ele>545.554</ele><time>2026-09-19T15:54:23Z</time><speed>0.000</speed><sat>31</sat></trkpt>
  <trkpt lat="37.16286710" lon="38.79489745"><ele>545.562</ele><time>2026-09-19T15:54:24Z</time><speed>0.000</speed><sat>30</sat></trkpt>
  <trkpt lat="37.16286709" lon="38.79489748"><ele>545.562</ele><time>2026-09-19T15:54:25Z</time><speed>0.000</speed><sat>30</sat></trkpt>
  <trkpt lat="37.16286711" lon="38.79489750"><ele>545.561</ele><time>2026-09-19T15:54:26Z</time><speed>0.000</speed><sat>31</sat></trkpt>
  <trkpt lat="37.16286713" lon="38.79489750"><ele>545.563</ele><time>2026-09-19T15:54:27Z</time><speed>0.000</speed><sat>31</sat></trkpt>
  <trkpt lat="37.16286718" lon="38.79489750"><ele>545.566</ele><time>2026-09-19T15:54:28Z</time><speed>0.000</speed><sat>32</sat></trkpt>
  <trkpt lat="37.16286721" lon="38.79489751"><ele>545.568</ele><time>2026-09-19T15:54:29Z</time><speed>0.000</speed><sat>33</sat></trkpt>
  <trkpt lat="37.16286722" lon="38.79489750"><ele>545.569</ele><time>2026-09-19T15:54:30Z</time><speed>0.000</speed><sat>33</sat></trkpt>
  <trkpt lat="37.16286721" lon="38.79489750"><ele>545.569</ele><time>2026-09-19T15:54:31Z</time><speed>0.000</speed><sat>33</sat></trkpt>
  <trkpt lat="37.16286719" lon="38.79489750"><ele>545.568</ele><time>2026-09-19T15:54:32Z</time><speed>0.000</speed><sat>32</sat></trkpt>
  <trkpt lat="37.16286718" lon="38.79489751"><ele>545.569</ele><time>2026-09-19T15:54:33Z</time><speed>0.000</speed><sat>33</sat></trkpt>
  <trkpt lat="37.16286717" lon="38.79489751"><ele>545.568</ele><time>2026-09-19T15:54:34Z</time><speed>0.000</speed><sat>33</sat></trkpt>
  <trkpt lat="37.16286717" lon="38.79489751"><ele>545.568</ele><time>2026-09-19T15:54:35Z</time><speed>0.000</speed><sat>33</sat></trkpt>
  <trkpt lat="37.16286717" lon="38.79489752"><ele>545.568</ele><time>2026-09-19T15:54:36Z</time><speed>0.000</speed><sat>32</sat></trkpt>
  <trkpt lat="37.16286717" lon="38.79489752"><ele>545.568</ele><time>2026-09-19T15:54:37Z</time><speed>0.000</speed><sat>32</sat></trkpt>
  <trkpt lat="37.16286858" lon="38.79489736"><ele>545.691</ele><time>2026-09-19T15:54:38Z</time><speed>0.360</speed><sat>33</sat></trkpt>
  <trkpt lat="37.16286980" lon="38.79489563"><ele>545.828</ele><time>2026-09-19T15:54:39Z</time><speed>0.270</speed><sat>33</sat></trkpt>
  <trkpt lat="37.16286621" lon="38.79489153"><ele>545.632</ele><time>2026-09-19T15:54:40Z</time><speed>0.000</speed><sat>35</sat></trkpt>
  <trkpt lat="37.16286439" lon="38.79488910"><ele>545.120</ele><time>2026-09-19T15:54:41Z</time><speed>0.290</speed><sat>37</sat></trkpt>
  <trkpt lat="37.16286313" lon="38.79488384"><ele>545.277</ele><time>2026-09-19T15:54:42Z</time><speed>0.370</speed><sat>37</sat></trkpt>
  <trkpt lat="37.16286066" lon="38.79488067"><ele>545.263</ele><time>2026-09-19T15:54:43Z</time><speed>0.000</speed><sat>37</sat></trkpt>
  <trkpt lat="37.16285602" lon="38.79487901"><ele>545.118</ele><time>2026-09-19T15:54:44Z</time><speed>0.380</speed><sat>37</sat></trkpt>
  <trkpt lat="37.16285316" lon="38.79487935"><ele>544.902</ele><time>2026-09-19T15:54:45Z</time><speed>0.210</speed><sat>38</sat></trkpt>
  <trkpt lat="37.16284710" lon="38.79488173"><ele>544.416</ele><time>2026-09-19T15:54:46Z</time><speed>0.000</speed><sat>38</sat></trkpt>
  <trkpt lat="37.16284413" lon="38.79488311"><ele>544.344</ele><time>2026-09-19T15:54:47Z</time><speed>0.000</speed><sat>38</sat></trkpt>
  <trkpt lat="37.16284259" lon="38.79488378"><ele>544.342</ele><time>2026-09-19T15:54:48Z</time><speed>0.000</speed><sat>38</sat></trkpt>
  <trkpt lat="37.16284179" lon="38.79488413"><ele>544.340</ele><time>2026-09-19T15:54:49Z</time><speed>0.000</speed><sat>38</sat></trkpt>
  <trkpt lat="37.16284137" lon="38.79488432"><ele>544.338</ele><time>2026-09-19T15:54:50Z</time><speed>0.000</speed><sat>38</sat></trkpt>
  <trkpt lat="37.16284118" lon="38.79488441"><ele>544.343</ele><time>2026-09-19T15:54:51Z</time><speed>0.000</speed><sat>36</sat></trkpt>
  <trkpt lat="37.16284111" lon="38.79488445"><ele>544.352</ele><time>2026-09-19T15:54:52Z</time><speed>0.000</speed><sat>36</sat></trkpt>
  <trkpt lat="37.16284061" lon="38.79488745"><ele>544.640</ele><time>2026-09-19T15:54:53Z</time><speed>0.410</speed><sat>37</sat></trkpt>
  <trkpt lat="37.16284011" lon="38.79488937"><ele>543.397</ele><time>2026-09-19T15:54:54Z</time><speed>0.000</speed><sat>38</sat></trkpt>
  <trkpt lat="37.16283845" lon="38.79489250"><ele>542.625</ele><time>2026-09-19T15:54:55Z</time><speed>0.360</speed><sat>38</sat></trkpt>
  <trkpt lat="37.16283409" lon="38.79489213"><ele>542.955</ele><time>2026-09-19T15:54:56Z</time><speed>0.000</speed><sat>38</sat></trkpt>
  <trkpt lat="37.16283190" lon="38.79489089"><ele>542.877</ele><time>2026-09-19T15:54:57Z</time><speed>0.000</speed><sat>38</sat></trkpt>
  <trkpt lat="37.16283072" lon="38.79489026"><ele>542.898</ele><time>2026-09-19T15:54:58Z</time><speed>0.000</speed><sat>38</sat></trkpt>
  <trkpt lat="37.16283007" lon="38.79488995"><ele>542.906</ele><time>2026-09-19T15:54:59Z</time><speed>0.000</speed><sat>38</sat></trkpt>
  <trkpt lat="37.16282963" lon="38.79488981"><ele>542.922</ele><time>2026-09-19T15:55:00Z</time><speed>0.000</speed><sat>37</sat></trkpt>
  <trkpt lat="37.16282933" lon="38.79488974"><ele>542.933</ele><time>2026-09-19T15:55:01Z</time><speed>0.000</speed><sat>35</sat></trkpt>
  <trkpt lat="37.16282901" lon="38.79488874"><ele>542.787</ele><time>2026-09-19T15:55:02Z</time><speed>0.000</speed><sat>34</sat></trkpt>
  <trkpt lat="37.16283007" lon="38.79488999"><ele>542.999</ele><time>2026-09-19T15:55:03Z</time><speed>0.260</speed><sat>36</sat></trkpt>
  <trkpt lat="37.16283232" lon="38.79489143"><ele>543.139</ele><time>2026-09-19T15:55:04Z</time><speed>0.220</speed><sat>36</sat></trkpt>
  <trkpt lat="37.16283045" lon="38.79489670"><ele>542.517</ele><time>2026-09-19T15:55:05Z</time><speed>0.600</speed><sat>35</sat></trkpt>
  <trkpt lat="37.16282742" lon="38.79489994"><ele>542.827</ele><time>2026-09-19T15:55:06Z</time><speed>0.000</speed><sat>35</sat></trkpt>
  <trkpt lat="37.16282635" lon="38.79490327"><ele>543.295</ele><time>2026-09-19T15:55:07Z</time><speed>0.330</speed><sat>36</sat></trkpt>
  <trkpt lat="37.16282505" lon="38.79490596"><ele>543.228</ele><time>2026-09-19T15:55:08Z</time><speed>0.250</speed><sat>37</sat></trkpt>
  <trkpt lat="37.16282429" lon="38.79490852"><ele>543.887</ele><time>2026-09-19T15:55:09Z</time><speed>0.000</speed><sat>37</sat></trkpt>
  <trkpt lat="37.16282345" lon="38.79490901"><ele>544.587</ele><time>2026-09-19T15:55:10Z</time><speed>0.000</speed><sat>37</sat></trkpt>
  <trkpt lat="37.16282331" lon="38.79490881"><ele>544.696</ele><time>2026-09-19T15:55:11Z</time><speed>0.000</speed><sat>36</sat></trkpt>
  <trkpt lat="37.16282322" lon="38.79490872"><ele>544.700</ele><time>2026-09-19T15:55:12Z</time><speed>0.000</speed><sat>35</sat></trkpt>
  <trkpt lat="37.16282321" lon="38.79490868"><ele>544.700</ele><time>2026-09-19T15:55:13Z</time><speed>0.000</speed><sat>35</sat></trkpt>
  <trkpt lat="37.16282323" lon="38.79490867"><ele>544.709</ele><time>2026-09-19T15:55:14Z</time><speed>0.000</speed><sat>33</sat></trkpt>
  <trkpt lat="37.16282331" lon="38.79490865"><ele>544.713</ele><time>2026-09-19T15:55:15Z</time><speed>0.000</speed><sat>33</sat></trkpt>
  <trkpt lat="37.16282336" lon="38.79490862"><ele>544.716</ele><time>2026-09-19T15:55:16Z</time><speed>0.000</speed><sat>33</sat></trkpt>
  <trkpt lat="37.16282339" lon="38.79490860"><ele>544.719</ele><time>2026-09-19T15:55:17Z</time><speed>0.000</speed><sat>35</sat></trkpt>
  <trkpt lat="37.16282342" lon="38.79490855"><ele>544.720</ele><time>2026-09-19T15:55:18Z</time><speed>0.000</speed><sat>35</sat></trkpt>
  <trkpt lat="37.16282341" lon="38.79490852"><ele>544.719</ele><time>2026-09-19T15:55:19Z</time><speed>0.000</speed><sat>35</sat></trkpt>
  <trkpt lat="37.16282341" lon="38.79490851"><ele>544.719</ele><time>2026-09-19T15:55:20Z</time><speed>0.000</speed><sat>37</sat></trkpt>
  <trkpt lat="37.16282347" lon="38.79490893"><ele>544.437</ele><time>2026-09-19T15:55:21Z</time><speed>0.000</speed><sat>37</sat></trkpt>
  <trkpt lat="37.16282343" lon="38.79490941"><ele>544.359</ele><time>2026-09-19T15:55:22Z</time><speed>0.000</speed><sat>37</sat></trkpt>
  <trkpt lat="37.16282342" lon="38.79490964"><ele>544.362</ele><time>2026-09-19T15:55:23Z</time><speed>0.000</speed><sat>37</sat></trkpt>
  <trkpt lat="37.16282342" lon="38.79490970"><ele>544.367</ele><time>2026-09-19T15:55:24Z</time><speed>0.000</speed><sat>37</sat></trkpt>
  <trkpt lat="37.16282500" lon="38.79490887"><ele>544.515</ele><time>2026-09-19T15:55:25Z</time><speed>0.000</speed><sat>36</sat></trkpt>
  <trkpt lat="37.16282582" lon="38.79490838"><ele>544.529</ele><time>2026-09-19T15:55:26Z</time><speed>0.000</speed><sat>37</sat></trkpt>
  <trkpt lat="37.16282611" lon="38.79490822"><ele>544.529</ele><time>2026-09-19T15:55:27Z</time><speed>0.000</speed><sat>37</sat></trkpt>
  <trkpt lat="37.16282616" lon="38.79491115"><ele>544.640</ele><time>2026-09-19T15:55:28Z</time><speed>0.370</speed><sat>35</sat></trkpt>
  <trkpt lat="37.16282824" lon="38.79491123"><ele>544.751</ele><time>2026-09-19T15:55:29Z</time><speed>0.000</speed><sat>33</sat></trkpt>
  <trkpt lat="37.16282974" lon="38.79491020"><ele>544.773</ele><time>2026-09-19T15:55:30Z</time><speed>0.000</speed><sat>33</sat></trkpt>
  <trkpt lat="37.16283051" lon="38.79490969"><ele>544.777</ele><time>2026-09-19T15:55:31Z</time><speed>0.000</speed><sat>33</sat></trkpt>
  <trkpt lat="37.16283091" lon="38.79490944"><ele>544.778</ele><time>2026-09-19T15:55:32Z</time><speed>0.000</speed><sat>31</sat></trkpt>
  <trkpt lat="37.16283115" lon="38.79490929"><ele>544.781</ele><time>2026-09-19T15:55:33Z</time><speed>0.000</speed><sat>32</sat></trkpt>
  <trkpt lat="37.16283129" lon="38.79490921"><ele>544.783</ele><time>2026-09-19T15:55:34Z</time><speed>0.000</speed><sat>32</sat></trkpt>
  <trkpt lat="37.16283138" lon="38.79490916"><ele>544.791</ele><time>2026-09-19T15:55:35Z</time><speed>0.000</speed><sat>30</sat></trkpt>
  <trkpt lat="37.16283144" lon="38.79490914"><ele>544.794</ele><time>2026-09-19T15:55:36Z</time><speed>0.000</speed><sat>32</sat></trkpt>
  <trkpt lat="37.16283149" lon="38.79490910"><ele>544.797</ele><time>2026-09-19T15:55:37Z</time><speed>0.000</speed><sat>31</sat></trkpt>
  <trkpt lat="37.16283153" lon="38.79490908"><ele>544.800</ele><time>2026-09-19T15:55:38Z</time><speed>0.000</speed><sat>32</sat></trkpt>
  <trkpt lat="37.16283158" lon="38.79490906"><ele>544.797</ele><time>2026-09-19T15:55:39Z</time><speed>0.000</speed><sat>31</sat></trkpt>
  <trkpt lat="37.16283162" lon="38.79490903"><ele>544.793</ele><time>2026-09-19T15:55:40Z</time><speed>0.000</speed><sat>31</sat></trkpt>
  <trkpt lat="37.16283170" lon="38.79490898"><ele>544.793</ele><time>2026-09-19T15:55:41Z</time><speed>0.000</speed><sat>32</sat></trkpt>
  <trkpt lat="37.16283184" lon="38.79490889"><ele>544.785</ele><time>2026-09-19T15:55:42Z</time><speed>0.000</speed><sat>30</sat></trkpt>
  <trkpt lat="37.16283192" lon="38.79490883"><ele>544.783</ele><time>2026-09-19T15:55:43Z</time><speed>0.000</speed><sat>31</sat></trkpt>
  <trkpt lat="37.16283197" lon="38.79490880"><ele>544.782</ele><time>2026-09-19T15:55:44Z</time><speed>0.000</speed><sat>30</sat></trkpt>
  <trkpt lat="37.16283201" lon="38.79490878"><ele>544.792</ele><time>2026-09-19T15:55:45Z</time><speed>0.000</speed><sat>30</sat></trkpt>
  <trkpt lat="37.16283209" lon="38.79490871"><ele>544.789</ele><time>2026-09-19T15:55:46Z</time><speed>0.000</speed><sat>32</sat></trkpt>
  <trkpt lat="37.16283214" lon="38.79490863"><ele>544.797</ele><time>2026-09-19T15:55:47Z</time><speed>0.000</speed><sat>32</sat></trkpt>
  <trkpt lat="37.16283218" lon="38.79490855"><ele>544.791</ele><time>2026-09-19T15:55:48Z</time><speed>0.000</speed><sat>32</sat></trkpt>
  <trkpt lat="37.16283371" lon="38.79490803"><ele>544.125</ele><time>2026-09-19T15:55:49Z</time><speed>0.000</speed><sat>33</sat></trkpt>
  <trkpt lat="37.16283385" lon="38.79491276"><ele>543.609</ele><time>2026-09-19T15:55:50Z</time><speed>0.630</speed><sat>34</sat></trkpt>
  <trkpt lat="37.16283027" lon="38.79491781"><ele>544.135</ele><time>2026-09-19T15:55:51Z</time><speed>0.750</speed><sat>34</sat></trkpt>
  <trkpt lat="37.16283007" lon="38.79491696"><ele>544.218</ele><time>2026-09-19T15:55:52Z</time><speed>0.000</speed><sat>33</sat></trkpt>
  <trkpt lat="37.16283096" lon="38.79491544"><ele>544.229</ele><time>2026-09-19T15:55:53Z</time><speed>0.000</speed><sat>31</sat></trkpt>
  <trkpt lat="37.16283140" lon="38.79491466"><ele>544.232</ele><time>2026-09-19T15:55:54Z</time><speed>0.000</speed><sat>30</sat></trkpt>
  <trkpt lat="37.16283163" lon="38.79491426"><ele>544.233</ele><time>2026-09-19T15:55:55Z</time><speed>0.000</speed><sat>30</sat></trkpt>
  <trkpt lat="37.16283173" lon="38.79491406"><ele>544.231</ele><time>2026-09-19T15:55:56Z</time><speed>0.000</speed><sat>29</sat></trkpt>
  <trkpt lat="37.16283178" lon="38.79491395"><ele>544.229</ele><time>2026-09-19T15:55:57Z</time><speed>0.000</speed><sat>27</sat></trkpt>
  <trkpt lat="37.16283181" lon="38.79491391"><ele>544.228</ele><time>2026-09-19T15:55:58Z</time><speed>0.000</speed><sat>28</sat></trkpt>
  <trkpt lat="37.16283183" lon="38.79491388"><ele>544.225</ele><time>2026-09-19T15:55:59Z</time><speed>0.000</speed><sat>28</sat></trkpt>
  <trkpt lat="37.16283185" lon="38.79491385"><ele>544.225</ele><time>2026-09-19T15:56:00Z</time><speed>0.000</speed><sat>27</sat></trkpt>
  <trkpt lat="37.16283137" lon="38.79491211"><ele>544.516</ele><time>2026-09-19T15:56:01Z</time><speed>0.000</speed><sat>27</sat></trkpt>
  <trkpt lat="37.16283118" lon="38.79491113"><ele>544.511</ele><time>2026-09-19T15:56:02Z</time><speed>0.000</speed><sat>28</sat></trkpt>
  <trkpt lat="37.16283108" lon="38.79491066"><ele>544.510</ele><time>2026-09-19T15:56:03Z</time><speed>0.000</speed><sat>29</sat></trkpt>
  <trkpt lat="37.16283103" lon="38.79491042"><ele>544.513</ele><time>2026-09-19T15:56:04Z</time><speed>0.000</speed><sat>29</sat></trkpt>
  <trkpt lat="37.16283100" lon="38.79491031"><ele>544.514</ele><time>2026-09-19T15:56:05Z</time><speed>0.000</speed><sat>29</sat></trkpt>
  <trkpt lat="37.16283097" lon="38.79491023"><ele>544.515</ele><time>2026-09-19T15:56:06Z</time><speed>0.000</speed><sat>29</sat></trkpt>
  <trkpt lat="37.16283096" lon="38.79491018"><ele>544.515</ele><time>2026-09-19T15:56:07Z</time><speed>0.000</speed><sat>29</sat></trkpt>
  <trkpt lat="37.16283095" lon="38.79491017"><ele>544.520</ele><time>2026-09-19T15:56:08Z</time><speed>0.000</speed><sat>28</sat></trkpt>
  <trkpt lat="37.16283096" lon="38.79491013"><ele>544.527</ele><time>2026-09-19T15:56:09Z</time><speed>0.000</speed><sat>28</sat></trkpt>
  <trkpt lat="37.16283099" lon="38.79491003"><ele>544.537</ele><time>2026-09-19T15:56:10Z</time><speed>0.000</speed><sat>29</sat></trkpt>
  <trkpt lat="37.16283100" lon="38.79490996"><ele>544.535</ele><time>2026-09-19T15:56:11Z</time><speed>0.000</speed><sat>29</sat></trkpt>
  <trkpt lat="37.16283103" lon="38.79490989"><ele>544.540</ele><time>2026-09-19T15:56:12Z</time><speed>0.000</speed><sat>28</sat></trkpt>
  <trkpt lat="37.16283106" lon="38.79490986"><ele>544.537</ele><time>2026-09-19T15:56:13Z</time><speed>0.000</speed><sat>29</sat></trkpt>
  <trkpt lat="37.16283109" lon="38.79490985"><ele>544.536</ele><time>2026-09-19T15:56:14Z</time><speed>0.000</speed><sat>31</sat></trkpt>
  <trkpt lat="37.16283109" lon="38.79490983"><ele>544.536</ele><time>2026-09-19T15:56:15Z</time><speed>0.000</speed><sat>31</sat></trkpt>
  <trkpt lat="37.16283111" lon="38.79490981"><ele>544.539</ele><time>2026-09-19T15:56:16Z</time><speed>0.000</speed><sat>32</sat></trkpt>
  <trkpt lat="37.16283114" lon="38.79490976"><ele>544.543</ele><time>2026-09-19T15:56:17Z</time><speed>0.000</speed><sat>32</sat></trkpt>
  <trkpt lat="37.16283120" lon="38.79490969"><ele>544.549</ele><time>2026-09-19T15:56:18Z</time><speed>0.000</speed><sat>32</sat></trkpt>
  <trkpt lat="37.16283127" lon="38.79490961"><ele>544.553</ele><time>2026-09-19T15:56:19Z</time><speed>0.000</speed><sat>32</sat></trkpt>
  <trkpt lat="37.16283135" lon="38.79490952"><ele>544.563</ele><time>2026-09-19T15:56:20Z</time><speed>0.000</speed><sat>30</sat></trkpt>
  <trkpt lat="37.16283051" lon="38.79491091"><ele>543.901</ele><time>2026-09-19T15:56:21Z</time><speed>0.270</speed><sat>32</sat></trkpt>
  <trkpt lat="37.16283375" lon="38.79491231"><ele>544.047</ele><time>2026-09-19T15:56:22Z</time><speed>0.000</speed><sat>32</sat></trkpt>
  <trkpt lat="37.16283545" lon="38.79491364"><ele>543.945</ele><time>2026-09-19T15:56:23Z</time><speed>0.000</speed><sat>31</sat></trkpt>
  <trkpt lat="37.16283633" lon="38.79491428"><ele>543.945</ele><time>2026-09-19T15:56:24Z</time><speed>0.000</speed><sat>30</sat></trkpt>
  <trkpt lat="37.16283680" lon="38.79491457"><ele>543.951</ele><time>2026-09-19T15:56:25Z</time><speed>0.000</speed><sat>31</sat></trkpt>
  <trkpt lat="37.16283699" lon="38.79491466"><ele>543.963</ele><time>2026-09-19T15:56:26Z</time><speed>0.000</speed><sat>31</sat></trkpt>
  <trkpt lat="37.16283827" lon="38.79491208"><ele>543.835</ele><time>2026-09-19T15:56:27Z</time><speed>0.000</speed><sat>30</sat></trkpt>
  <trkpt lat="37.16283897" lon="38.79491076"><ele>543.622</ele><time>2026-09-19T15:56:28Z</time><speed>0.000</speed><sat>30</sat></trkpt>
  <trkpt lat="37.16283927" lon="38.79491007"><ele>544.338</ele><time>2026-09-19T15:56:29Z</time><speed>0.000</speed><sat>31</sat></trkpt>
  <trkpt lat="37.16283960" lon="38.79490899"><ele>544.387</ele><time>2026-09-19T15:56:30Z</time><speed>0.000</speed><sat>34</sat></trkpt>
  <trkpt lat="37.16283977" lon="38.79490844"><ele>544.392</ele><time>2026-09-19T15:56:31Z</time><speed>0.000</speed><sat>34</sat></trkpt>
  <trkpt lat="37.16283993" lon="38.79490810"><ele>544.397</ele><time>2026-09-19T15:56:32Z</time><speed>0.000</speed><sat>34</sat></trkpt>
  <trkpt lat="37.16284001" lon="38.79490795"><ele>544.404</ele><time>2026-09-19T15:56:33Z</time><speed>0.000</speed><sat>33</sat></trkpt>
  <trkpt lat="37.16284153" lon="38.79490586"><ele>544.749</ele><time>2026-09-19T15:56:34Z</time><speed>0.000</speed><sat>32</sat></trkpt>
  <trkpt lat="37.16284239" lon="38.79490435"><ele>544.673</ele><time>2026-09-19T15:56:35Z</time><speed>0.000</speed><sat>32</sat></trkpt>
  <trkpt lat="37.16284283" lon="38.79490354"><ele>544.677</ele><time>2026-09-19T15:56:36Z</time><speed>0.000</speed><sat>31</sat></trkpt>
  <trkpt lat="37.16284305" lon="38.79490307"><ele>544.684</ele><time>2026-09-19T15:56:37Z</time><speed>0.000</speed><sat>31</sat></trkpt>
  <trkpt lat="37.16284315" lon="38.79490275"><ele>544.688</ele><time>2026-09-19T15:56:38Z</time><speed>0.000</speed><sat>31</sat></trkpt>
  <trkpt lat="37.16284323" lon="38.79490250"><ele>544.698</ele><time>2026-09-19T15:56:39Z</time><speed>0.000</speed><sat>31</sat></trkpt>
  <trkpt lat="37.16284329" lon="38.79490228"><ele>544.708</ele><time>2026-09-19T15:56:40Z</time><speed>0.000</speed><sat>34</sat></trkpt>
  <trkpt lat="37.16284332" lon="38.79490206"><ele>544.722</ele><time>2026-09-19T15:56:41Z</time><speed>0.000</speed><sat>35</sat></trkpt>
  <trkpt lat="37.16284331" lon="38.79490193"><ele>544.722</ele><time>2026-09-19T15:56:42Z</time><speed>0.000</speed><sat>34</sat></trkpt>
  <trkpt lat="37.16284329" lon="38.79490184"><ele>544.723</ele><time>2026-09-19T15:56:43Z</time><speed>0.000</speed><sat>34</sat></trkpt>
  <trkpt lat="37.16284330" lon="38.79490178"><ele>544.730</ele><time>2026-09-19T15:56:44Z</time><speed>0.000</speed><sat>34</sat></trkpt>
  <trkpt lat="37.16284330" lon="38.79490173"><ele>544.730</ele><time>2026-09-19T15:56:45Z</time><speed>0.000</speed><sat>35</sat></trkpt>
  <trkpt lat="37.16284329" lon="38.79490166"><ele>544.735</ele><time>2026-09-19T15:56:46Z</time><speed>0.000</speed><sat>35</sat></trkpt>
  <trkpt lat="37.16284329" lon="38.79490159"><ele>544.743</ele><time>2026-09-19T15:56:47Z</time><speed>0.000</speed><sat>32</sat></trkpt>
  <trkpt lat="37.16284160" lon="38.79490087"><ele>544.346</ele><time>2026-09-19T15:56:48Z</time><speed>0.150</speed><sat>32</sat></trkpt>
  <trkpt lat="37.16283931" lon="38.79489858"><ele>544.703</ele><time>2026-09-19T15:56:49Z</time><speed>0.000</speed><sat>33</sat></trkpt>
  <trkpt lat="37.16283797" lon="38.79489715"><ele>544.814</ele><time>2026-09-19T15:56:50Z</time><speed>0.000</speed><sat>34</sat></trkpt>
  <trkpt lat="37.16283732" lon="38.79489644"><ele>544.818</ele><time>2026-09-19T15:56:51Z</time><speed>0.000</speed><sat>34</sat></trkpt>
  <trkpt lat="37.16283702" lon="38.79489609"><ele>544.822</ele><time>2026-09-19T15:56:52Z</time><speed>0.000</speed><sat>35</sat></trkpt>
  <trkpt lat="37.16283688" lon="38.79489590"><ele>544.832</ele><time>2026-09-19T15:56:53Z</time><speed>0.000</speed><sat>34</sat></trkpt>
  <trkpt lat="37.16283682" lon="38.79489582"><ele>544.835</ele><time>2026-09-19T15:56:54Z</time><speed>0.000</speed><sat>33</sat></trkpt>
  <trkpt lat="37.16283679" lon="38.79489577"><ele>544.836</ele><time>2026-09-19T15:56:55Z</time><speed>0.000</speed><sat>29</sat></trkpt>
  <trkpt lat="37.16283680" lon="38.79489575"><ele>544.838</ele><time>2026-09-19T15:56:56Z</time><speed>0.000</speed><sat>27</sat></trkpt>
  <trkpt lat="37.16283738" lon="38.79489540"><ele>544.440</ele><time>2026-09-19T15:56:57Z</time><speed>0.000</speed><sat>30</sat></trkpt>
  <trkpt lat="37.16283764" lon="38.79489522"><ele>544.468</ele><time>2026-09-19T15:56:58Z</time><speed>0.000</speed><sat>30</sat></trkpt>
  <trkpt lat="37.16283702" lon="38.79489688"><ele>544.586</ele><time>2026-09-19T15:56:59Z</time><speed>0.000</speed><sat>30</sat></trkpt>
  <trkpt lat="37.16283912" lon="38.79489709"><ele>544.698</ele><time>2026-09-19T15:57:00Z</time><speed>0.000</speed><sat>30</sat></trkpt>
  <trkpt lat="37.16284026" lon="38.79489678"><ele>544.714</ele><time>2026-09-19T15:57:01Z</time><speed>0.000</speed><sat>31</sat></trkpt>
  <trkpt lat="37.16284086" lon="38.79489662"><ele>544.717</ele><time>2026-09-19T15:57:02Z</time><speed>0.000</speed><sat>29</sat></trkpt>
  <trkpt lat="37.16284117" lon="38.79489655"><ele>544.719</ele><time>2026-09-19T15:57:03Z</time><speed>0.000</speed><sat>30</sat></trkpt>
  <trkpt lat="37.16284138" lon="38.79489657"><ele>544.727</ele><time>2026-09-19T15:57:04Z</time><speed>0.000</speed><sat>32</sat></trkpt>
  <trkpt lat="37.16284151" lon="38.79489660"><ele>544.733</ele><time>2026-09-19T15:57:05Z</time><speed>0.000</speed><sat>32</sat></trkpt>
  <trkpt lat="37.16284161" lon="38.79489661"><ele>544.733</ele><time>2026-09-19T15:57:06Z</time><speed>0.000</speed><sat>33</sat></trkpt>
  <trkpt lat="37.16284168" lon="38.79489661"><ele>544.730</ele><time>2026-09-19T15:57:07Z</time><speed>0.000</speed><sat>33</sat></trkpt>
  <trkpt lat="37.16284171" lon="38.79489658"><ele>544.729</ele><time>2026-09-19T15:57:08Z</time><speed>0.000</speed><sat>33</sat></trkpt>
  <trkpt lat="37.16284177" lon="38.79489653"><ele>544.735</ele><time>2026-09-19T15:57:09Z</time><speed>0.000</speed><sat>33</sat></trkpt>
  <trkpt lat="37.16284185" lon="38.79489653"><ele>544.739</ele><time>2026-09-19T15:57:10Z</time><speed>0.000</speed><sat>33</sat></trkpt>
  <trkpt lat="37.16284193" lon="38.79489655"><ele>544.745</ele><time>2026-09-19T15:57:11Z</time><speed>0.000</speed><sat>34</sat></trkpt>
  <trkpt lat="37.16284201" lon="38.79489660"><ele>544.750</ele><time>2026-09-19T15:57:12Z</time><speed>0.000</speed><sat>33</sat></trkpt>
  <trkpt lat="37.16284278" lon="38.79489680"><ele>544.658</ele><time>2026-09-19T15:57:13Z</time><speed>0.000</speed><sat>34</sat></trkpt>
  <trkpt lat="37.16284325" lon="38.79489686"><ele>544.659</ele><time>2026-09-19T15:57:14Z</time><speed>0.000</speed><sat>32</sat></trkpt>
  <trkpt lat="37.16284350" lon="38.79489688"><ele>544.659</ele><time>2026-09-19T15:57:15Z</time><speed>0.000</speed><sat>33</sat></trkpt>
  <trkpt lat="37.16284363" lon="38.79489688"><ele>544.660</ele><time>2026-09-19T15:57:16Z</time><speed>0.000</speed><sat>32</sat></trkpt>
  <trkpt lat="37.16284369" lon="38.79489682"><ele>544.667</ele><time>2026-09-19T15:57:17Z</time><speed>0.000</speed><sat>31</sat></trkpt>
  <trkpt lat="37.16284371" lon="38.79489672"><ele>544.669</ele><time>2026-09-19T15:57:18Z</time><speed>0.000</speed><sat>31</sat></trkpt>
  <trkpt lat="37.16284373" lon="38.79489662"><ele>544.673</ele><time>2026-09-19T15:57:19Z</time><speed>0.000</speed><sat>29</sat></trkpt>
  <trkpt lat="37.16284589" lon="38.79489675"><ele>544.442</ele><time>2026-09-19T15:57:20Z</time><speed>0.000</speed><sat>30</sat></trkpt>
  <trkpt lat="37.16284496" lon="38.79489870"><ele>544.274</ele><time>2026-09-19T15:57:21Z</time><speed>0.220</speed><sat>29</sat></trkpt>
  <trkpt lat="37.16284639" lon="38.79489694"><ele>544.477</ele><time>2026-09-19T15:57:22Z</time><speed>0.000</speed><sat>30</sat></trkpt>
  <trkpt lat="37.16284691" lon="38.79489573"><ele>544.453</ele><time>2026-09-19T15:57:23Z</time><speed>0.200</speed><sat>31</sat></trkpt>
  <trkpt lat="37.16284768" lon="38.79489419"><ele>544.501</ele><time>2026-09-19T15:57:24Z</time><speed>0.000</speed><sat>33</sat></trkpt>
  <trkpt lat="37.16284716" lon="38.79489377"><ele>544.462</ele><time>2026-09-19T15:57:25Z</time><speed>0.190</speed><sat>33</sat></trkpt>
  <trkpt lat="37.16284736" lon="38.79489346"><ele>544.478</ele><time>2026-09-19T15:57:26Z</time><speed>0.000</speed><sat>33</sat></trkpt>
  <trkpt lat="37.16284798" lon="38.79489336"><ele>544.481</ele><time>2026-09-19T15:57:27Z</time><speed>0.000</speed><sat>34</sat></trkpt>
  <trkpt lat="37.16284840" lon="38.79489335"><ele>544.490</ele><time>2026-09-19T15:57:28Z</time><speed>0.000</speed><sat>34</sat></trkpt>
  <trkpt lat="37.16284866" lon="38.79489337"><ele>544.490</ele><time>2026-09-19T15:57:29Z</time><speed>0.000</speed><sat>34</sat></trkpt>
  <trkpt lat="37.16284880" lon="38.79489342"><ele>544.491</ele><time>2026-09-19T15:57:30Z</time><speed>0.000</speed><sat>35</sat></trkpt>
  <trkpt lat="37.16284894" lon="38.79489348"><ele>544.493</ele><time>2026-09-19T15:57:31Z</time><speed>0.000</speed><sat>35</sat></trkpt>
  <trkpt lat="37.16284909" lon="38.79489353"><ele>544.503</ele><time>2026-09-19T15:57:32Z</time><speed>0.000</speed><sat>35</sat></trkpt>
  <trkpt lat="37.16284929" lon="38.79489363"><ele>544.511</ele><time>2026-09-19T15:57:33Z</time><speed>0.000</speed><sat>36</sat></trkpt>
  <trkpt lat="37.16284951" lon="38.79489374"><ele>544.524</ele><time>2026-09-19T15:57:34Z</time><speed>0.000</speed><sat>36</sat></trkpt>
  <trkpt lat="37.16284976" lon="38.79489386"><ele>544.540</ele><time>2026-09-19T15:57:35Z</time><speed>0.000</speed><sat>36</sat></trkpt>
  <trkpt lat="37.16285010" lon="38.79489404"><ele>544.569</ele><time>2026-09-19T15:57:36Z</time><speed>0.000</speed><sat>35</sat></trkpt>
  <trkpt lat="37.16285045" lon="38.79489417"><ele>544.591</ele><time>2026-09-19T15:57:37Z</time><speed>0.000</speed><sat>35</sat></trkpt>
  <trkpt lat="37.16285080" lon="38.79489429"><ele>544.606</ele><time>2026-09-19T15:57:38Z</time><speed>0.000</speed><sat>35</sat></trkpt>
  <trkpt lat="37.16285110" lon="38.79489438"><ele>544.622</ele><time>2026-09-19T15:57:39Z</time><speed>0.000</speed><sat>35</sat></trkpt>
  <trkpt lat="37.16285141" lon="38.79489451"><ele>544.641</ele><time>2026-09-19T15:57:40Z</time><speed>0.000</speed><sat>35</sat></trkpt>
  <trkpt lat="37.16285172" lon="38.79489467"><ele>544.656</ele><time>2026-09-19T15:57:41Z</time><speed>0.000</speed><sat>36</sat></trkpt>
  <trkpt lat="37.16285206" lon="38.79489480"><ele>544.678</ele><time>2026-09-19T15:57:42Z</time><speed>0.000</speed><sat>36</sat></trkpt>
  <trkpt lat="37.16285244" lon="38.79489500"><ele>544.700</ele><time>2026-09-19T15:57:43Z</time><speed>0.000</speed><sat>36</sat></trkpt>
  <trkpt lat="37.16285282" lon="38.79489519"><ele>544.723</ele><time>2026-09-19T15:57:44Z</time><speed>0.000</speed><sat>36</sat></trkpt>
  <trkpt lat="37.16285319" lon="38.79489538"><ele>544.742</ele><time>2026-09-19T15:57:45Z</time><speed>0.000</speed><sat>36</sat></trkpt>
  <trkpt lat="37.16285350" lon="38.79489557"><ele>544.755</ele><time>2026-09-19T15:57:46Z</time><speed>0.000</speed><sat>36</sat></trkpt>
  <trkpt lat="37.16285376" lon="38.79489571"><ele>544.763</ele><time>2026-09-19T15:57:47Z</time><speed>0.000</speed><sat>35</sat></trkpt>
  <trkpt lat="37.16285398" lon="38.79489580"><ele>544.774</ele><time>2026-09-19T15:57:48Z</time><speed>0.000</speed><sat>34</sat></trkpt>
  <trkpt lat="37.16285426" lon="38.79489595"><ele>544.790</ele><time>2026-09-19T15:57:49Z</time><speed>0.000</speed><sat>34</sat></trkpt>
  <trkpt lat="37.16285458" lon="38.79489608"><ele>544.807</ele><time>2026-09-19T15:57:50Z</time><speed>0.000</speed><sat>34</sat></trkpt>
  <trkpt lat="37.16285490" lon="38.79489619"><ele>544.824</ele><time>2026-09-19T15:57:51Z</time><speed>0.000</speed><sat>34</sat></trkpt>
  <trkpt lat="37.16285523" lon="38.79489628"><ele>544.842</ele><time>2026-09-19T15:57:52Z</time><speed>0.000</speed><sat>34</sat></trkpt>
  <trkpt lat="37.16285561" lon="38.79489640"><ele>544.861</ele><time>2026-09-19T15:57:53Z</time><speed>0.000</speed><sat>34</sat></trkpt>
  <trkpt lat="37.16285608" lon="38.79489652"><ele>544.889</ele><time>2026-09-19T15:57:54Z</time><speed>0.000</speed><sat>35</sat></trkpt>
  <trkpt lat="37.16285655" lon="38.79489665"><ele>544.920</ele><time>2026-09-19T15:57:55Z</time><speed>0.000</speed><sat>34</sat></trkpt>
  <trkpt lat="37.16285683" lon="38.79489670"><ele>544.926</ele><time>2026-09-19T15:57:56Z</time><speed>0.000</speed><sat>34</sat></trkpt>
  <trkpt lat="37.16285702" lon="38.79489674"><ele>544.929</ele><time>2026-09-19T15:57:57Z</time><speed>0.000</speed><sat>34</sat></trkpt>
  <trkpt lat="37.16285716" lon="38.79489678"><ele>544.934</ele><time>2026-09-19T15:57:58Z</time><speed>0.000</speed><sat>34</sat></trkpt>
  <trkpt lat="37.16285728" lon="38.79489682"><ele>544.934</ele><time>2026-09-19T15:57:59Z</time><speed>0.000</speed><sat>34</sat></trkpt>
  <trkpt lat="37.16285899" lon="38.79489732"><ele>545.001</ele><time>2026-09-19T15:58:00Z</time><speed>0.000</speed><sat>32</sat></trkpt>
  <trkpt lat="37.16286116" lon="38.79489773"><ele>545.044</ele><time>2026-09-19T15:58:01Z</time><speed>0.000</speed><sat>32</sat></trkpt>
  <trkpt lat="37.16286259" lon="38.79489784"><ele>545.070</ele><time>2026-09-19T15:58:02Z</time><speed>0.000</speed><sat>34</sat></trkpt>
  <trkpt lat="37.16286335" lon="38.79489789"><ele>545.073</ele><time>2026-09-19T15:58:03Z</time><speed>0.000</speed><sat>35</sat></trkpt>
  <trkpt lat="37.16286374" lon="38.79489794"><ele>545.069</ele><time>2026-09-19T15:58:04Z</time><speed>0.000</speed><sat>35</sat></trkpt>
  <trkpt lat="37.16286417" lon="38.79489803"><ele>545.100</ele><time>2026-09-19T15:58:05Z</time><speed>0.000</speed><sat>35</sat></trkpt>
  <trkpt lat="37.16286439" lon="38.79489806"><ele>545.096</ele><time>2026-09-19T15:58:06Z</time><speed>0.000</speed><sat>35</sat></trkpt>
  <trkpt lat="37.16286451" lon="38.79489809"><ele>545.096</ele><time>2026-09-19T15:58:07Z</time><speed>0.000</speed><sat>35</sat></trkpt>
  <trkpt lat="37.16286477" lon="38.79489817"><ele>545.123</ele><time>2026-09-19T15:58:08Z</time><speed>0.000</speed><sat>33</sat></trkpt>
  <trkpt lat="37.16286511" lon="38.79489829"><ele>545.152</ele><time>2026-09-19T15:58:09Z</time><speed>0.000</speed><sat>33</sat></trkpt>
  <trkpt lat="37.16286528" lon="38.79489835"><ele>545.152</ele><time>2026-09-19T15:58:10Z</time><speed>0.000</speed><sat>33</sat></trkpt>
  <trkpt lat="37.16286640" lon="38.79489971"><ele>545.099</ele><time>2026-09-19T15:58:11Z</time><speed>0.200</speed><sat>33</sat></trkpt>
  <trkpt lat="37.16286764" lon="38.79490061"><ele>545.149</ele><time>2026-09-19T15:58:12Z</time><speed>0.000</speed><sat>32</sat></trkpt>
  <trkpt lat="37.16286829" lon="38.79490055"><ele>545.173</ele><time>2026-09-19T15:58:13Z</time><speed>0.000</speed><sat>35</sat></trkpt>
  <trkpt lat="37.16286877" lon="38.79490057"><ele>545.192</ele><time>2026-09-19T15:58:14Z</time><speed>0.000</speed><sat>35</sat></trkpt>
  <trkpt lat="37.16286918" lon="38.79490062"><ele>545.220</ele><time>2026-09-19T15:58:15Z</time><speed>0.000</speed><sat>35</sat></trkpt>
  <trkpt lat="37.16286956" lon="38.79490069"><ele>545.241</ele><time>2026-09-19T15:58:16Z</time><speed>0.000</speed><sat>35</sat></trkpt>
  <trkpt lat="37.16286995" lon="38.79490080"><ele>545.266</ele><time>2026-09-19T15:58:17Z</time><speed>0.000</speed><sat>35</sat></trkpt>
  <trkpt lat="37.16287034" lon="38.79490092"><ele>545.293</ele><time>2026-09-19T15:58:18Z</time><speed>0.000</speed><sat>35</sat></trkpt>
  <trkpt lat="37.16287054" lon="38.79490096"><ele>545.299</ele><time>2026-09-19T15:58:19Z</time><speed>0.000</speed><sat>36</sat></trkpt>
  <trkpt lat="37.16287065" lon="38.79490098"><ele>545.302</ele><time>2026-09-19T15:58:20Z</time><speed>0.000</speed><sat>36</sat></trkpt>
  <trkpt lat="37.16287172" lon="38.79490000"><ele>545.707</ele><time>2026-09-19T15:58:21Z</time><speed>0.180</speed><sat>36</sat></trkpt>
  <trkpt lat="37.16287309" lon="38.79489729"><ele>545.849</ele><time>2026-09-19T15:58:22Z</time><speed>0.300</speed><sat>35</sat></trkpt>
  <trkpt lat="37.16287231" lon="38.79489489"><ele>545.628</ele><time>2026-09-19T15:58:23Z</time><speed>0.000</speed><sat>37</sat></trkpt>
  <trkpt lat="37.16287145" lon="38.79489372"><ele>545.882</ele><time>2026-09-19T15:58:24Z</time><speed>0.240</speed><sat>37</sat></trkpt>
  <trkpt lat="37.16286734" lon="38.79489256"><ele>545.855</ele><time>2026-09-19T15:58:25Z</time><speed>0.000</speed><sat>36</sat></trkpt>
  <trkpt lat="37.16286477" lon="38.79489210"><ele>545.862</ele><time>2026-09-19T15:58:26Z</time><speed>0.000</speed><sat>36</sat></trkpt>
  <trkpt lat="37.16286348" lon="38.79489187"><ele>545.866</ele><time>2026-09-19T15:58:27Z</time><speed>0.000</speed><sat>36</sat></trkpt>
  <trkpt lat="37.16286283" lon="38.79489174"><ele>545.871</ele><time>2026-09-19T15:58:28Z</time><speed>0.000</speed><sat>36</sat></trkpt>
  <trkpt lat="37.16286250" lon="38.79489167"><ele>545.870</ele><time>2026-09-19T15:58:29Z</time><speed>0.000</speed><sat>35</sat></trkpt>
  <trkpt lat="37.16286229" lon="38.79489162"><ele>545.871</ele><time>2026-09-19T15:58:30Z</time><speed>0.000</speed><sat>35</sat></trkpt>
  <trkpt lat="37.16286218" lon="38.79489161"><ele>545.872</ele><time>2026-09-19T15:58:31Z</time><speed>0.000</speed><sat>34</sat></trkpt>
  <trkpt lat="37.16286211" lon="38.79489160"><ele>545.875</ele><time>2026-09-19T15:58:32Z</time><speed>0.000</speed><sat>34</sat></trkpt>
  <trkpt lat="37.16286206" lon="38.79489161"><ele>545.876</ele><time>2026-09-19T15:58:33Z</time><speed>0.000</speed><sat>30</sat></trkpt>
  <trkpt lat="37.16286203" lon="38.79489161"><ele>545.880</ele><time>2026-09-19T15:58:34Z</time><speed>0.000</speed><sat>30</sat></trkpt>
  <trkpt lat="37.16286200" lon="38.79489159"><ele>545.885</ele><time>2026-09-19T15:58:35Z</time><speed>0.000</speed><sat>30</sat></trkpt>
  <trkpt lat="37.16286198" lon="38.79489155"><ele>545.890</ele><time>2026-09-19T15:58:36Z</time><speed>0.000</speed><sat>30</sat></trkpt>
  <trkpt lat="37.16286196" lon="38.79489151"><ele>545.885</ele><time>2026-09-19T15:58:37Z</time><speed>0.000</speed><sat>30</sat></trkpt>
  <trkpt lat="37.16286195" lon="38.79489150"><ele>545.882</ele><time>2026-09-19T15:58:38Z</time><speed>0.000</speed><sat>30</sat></trkpt>
  <trkpt lat="37.16286195" lon="38.79489149"><ele>545.883</ele><time>2026-09-19T15:58:39Z</time><speed>0.000</speed><sat>30</sat></trkpt>
  <trkpt lat="37.16286196" lon="38.79489148"><ele>545.878</ele><time>2026-09-19T15:58:40Z</time><speed>0.000</speed><sat>30</sat></trkpt>
  <trkpt lat="37.16286197" lon="38.79489148"><ele>545.873</ele><time>2026-09-19T15:58:41Z</time><speed>0.000</speed><sat>30</sat></trkpt>
  <trkpt lat="37.16286200" lon="38.79489148"><ele>545.869</ele><time>2026-09-19T15:58:42Z</time><speed>0.000</speed><sat>30</sat></trkpt>
  <trkpt lat="37.16286200" lon="38.79489147"><ele>545.867</ele><time>2026-09-19T15:58:43Z</time><speed>0.000</speed><sat>30</sat></trkpt>
  <trkpt lat="37.16286198" lon="38.79489147"><ele>545.871</ele><time>2026-09-19T15:58:44Z</time><speed>0.000</speed><sat>30</sat></trkpt>
  <trkpt lat="37.16286197" lon="38.79489144"><ele>545.873</ele><time>2026-09-19T15:58:45Z</time><speed>0.000</speed><sat>30</sat></trkpt>
  <trkpt lat="37.16286197" lon="38.79489143"><ele>545.875</ele><time>2026-09-19T15:58:46Z</time><speed>0.000</speed><sat>31</sat></trkpt>
  <trkpt lat="37.16286198" lon="38.79489143"><ele>545.878</ele><time>2026-09-19T15:58:47Z</time><speed>0.000</speed><sat>31</sat></trkpt>
  <trkpt lat="37.16286199" lon="38.79489144"><ele>545.876</ele><time>2026-09-19T15:58:48Z</time><speed>0.000</speed><sat>31</sat></trkpt>
  <trkpt lat="37.16286200" lon="38.79489145"><ele>545.880</ele><time>2026-09-19T15:58:49Z</time><speed>0.000</speed><sat>31</sat></trkpt>
  <trkpt lat="37.16286199" lon="38.79489145"><ele>545.879</ele><time>2026-09-19T15:58:50Z</time><speed>0.000</speed><sat>31</sat></trkpt>
  <trkpt lat="37.16286202" lon="38.79489143"><ele>545.886</ele><time>2026-09-19T15:58:51Z</time><speed>0.000</speed><sat>30</sat></trkpt>
  <trkpt lat="37.16286206" lon="38.79489140"><ele>545.892</ele><time>2026-09-19T15:58:52Z</time><speed>0.000</speed><sat>30</sat></trkpt>
  <trkpt lat="37.16286209" lon="38.79489135"><ele>545.893</ele><time>2026-09-19T15:58:53Z</time><speed>0.000</speed><sat>30</sat></trkpt>
  <trkpt lat="37.16286208" lon="38.79489128"><ele>545.898</ele><time>2026-09-19T15:58:54Z</time><speed>0.000</speed><sat>28</sat></trkpt>
  <trkpt lat="37.16286207" lon="38.79489124"><ele>545.897</ele><time>2026-09-19T15:58:55Z</time><speed>0.000</speed><sat>30</sat></trkpt>
  <trkpt lat="37.16286206" lon="38.79489123"><ele>545.900</ele><time>2026-09-19T15:58:56Z</time><speed>0.000</speed><sat>30</sat></trkpt>
  <trkpt lat="37.16286205" lon="38.79489121"><ele>545.906</ele><time>2026-09-19T15:58:57Z</time><speed>0.000</speed><sat>30</sat></trkpt>
  <trkpt lat="37.16286205" lon="38.79489120"><ele>545.902</ele><time>2026-09-19T15:58:58Z</time><speed>0.000</speed><sat>31</sat></trkpt>
  <trkpt lat="37.16286207" lon="38.79489119"><ele>545.899</ele><time>2026-09-19T15:58:59Z</time><speed>0.000</speed><sat>31</sat></trkpt>
  <trkpt lat="37.16286208" lon="38.79489117"><ele>545.894</ele><time>2026-09-19T15:59:00Z</time><speed>0.000</speed><sat>33</sat></trkpt>
  <trkpt lat="37.16286208" lon="38.79489115"><ele>545.889</ele><time>2026-09-19T15:59:01Z</time><speed>0.000</speed><sat>32</sat></trkpt>
  <trkpt lat="37.16286208" lon="38.79489114"><ele>545.888</ele><time>2026-09-19T15:59:02Z</time><speed>0.000</speed><sat>32</sat></trkpt>
  <trkpt lat="37.16286207" lon="38.79489113"><ele>545.886</ele><time>2026-09-19T15:59:03Z</time><speed>0.000</speed><sat>33</sat></trkpt>
  <trkpt lat="37.16286205" lon="38.79489110"><ele>545.882</ele><time>2026-09-19T15:59:04Z</time><speed>0.000</speed><sat>32</sat></trkpt>
  <trkpt lat="37.16286202" lon="38.79489108"><ele>545.882</ele><time>2026-09-19T15:59:05Z</time><speed>0.000</speed><sat>32</sat></trkpt>
  <trkpt lat="37.16286200" lon="38.79489106"><ele>545.880</ele><time>2026-09-19T15:59:06Z</time><speed>0.000</speed><sat>32</sat></trkpt>
  <trkpt lat="37.16286197" lon="38.79489105"><ele>545.874</ele><time>2026-09-19T15:59:07Z</time><speed>0.000</speed><sat>34</sat></trkpt>
  <trkpt lat="37.16286193" lon="38.79489104"><ele>545.873</ele><time>2026-09-19T15:59:08Z</time><speed>0.000</speed><sat>34</sat></trkpt>
  <trkpt lat="37.16286135" lon="38.79489114"><ele>545.806</ele><time>2026-09-19T15:59:09Z</time><speed>0.000</speed><sat>34</sat></trkpt>
  <trkpt lat="37.16286071" lon="38.79489072"><ele>545.811</ele><time>2026-09-19T15:59:10Z</time><speed>0.000</speed><sat>34</sat></trkpt>
  <trkpt lat="37.16286154" lon="38.79489047"><ele>546.413</ele><time>2026-09-19T15:59:11Z</time><speed>0.150</speed><sat>34</sat></trkpt>
  <trkpt lat="37.16286199" lon="38.79489015"><ele>546.419</ele><time>2026-09-19T15:59:12Z</time><speed>0.000</speed><sat>34</sat></trkpt>
  <trkpt lat="37.16286185" lon="38.79488996"><ele>546.419</ele><time>2026-09-19T15:59:13Z</time><speed>0.000</speed><sat>33</sat></trkpt>
  <trkpt lat="37.16286176" lon="38.79488985"><ele>546.417</ele><time>2026-09-19T15:59:14Z</time><speed>0.000</speed><sat>34</sat></trkpt>
  <trkpt lat="37.16286171" lon="38.79488979"><ele>546.416</ele><time>2026-09-19T15:59:15Z</time><speed>0.000</speed><sat>34</sat></trkpt>
  <trkpt lat="37.16286164" lon="38.79488976"><ele>546.412</ele><time>2026-09-19T15:59:16Z</time><speed>0.000</speed><sat>34</sat></trkpt>
  <trkpt lat="37.16286157" lon="38.79488974"><ele>546.409</ele><time>2026-09-19T15:59:17Z</time><speed>0.000</speed><sat>32</sat></trkpt>
  <trkpt lat="37.16286151" lon="38.79488972"><ele>546.410</ele><time>2026-09-19T15:59:18Z</time><speed>0.000</speed><sat>32</sat></trkpt>
  <trkpt lat="37.16286147" lon="38.79488968"><ele>546.410</ele><time>2026-09-19T15:59:19Z</time><speed>0.000</speed><sat>32</sat></trkpt>
  <trkpt lat="37.16286146" lon="38.79488965"><ele>546.410</ele><time>2026-09-19T15:59:20Z</time><speed>0.000</speed><sat>32</sat></trkpt>
  <trkpt lat="37.16286142" lon="38.79488962"><ele>546.409</ele><time>2026-09-19T15:59:21Z</time><speed>0.000</speed><sat>34</sat></trkpt>
  <trkpt lat="37.16286140" lon="38.79488959"><ele>546.407</ele><time>2026-09-19T15:59:22Z</time><speed>0.000</speed><sat>34</sat></trkpt>
  <trkpt lat="37.16286138" lon="38.79488957"><ele>546.408</ele><time>2026-09-19T15:59:23Z</time><speed>0.000</speed><sat>34</sat></trkpt>
  <trkpt lat="37.16286137" lon="38.79488955"><ele>546.404</ele><time>2026-09-19T15:59:24Z</time><speed>0.000</speed><sat>33</sat></trkpt>
  <trkpt lat="37.16286137" lon="38.79488951"><ele>546.402</ele><time>2026-09-19T15:59:25Z</time><speed>0.000</speed><sat>33</sat></trkpt>
  <trkpt lat="37.16286135" lon="38.79488948"><ele>546.398</ele><time>2026-09-19T15:59:26Z</time><speed>0.000</speed><sat>34</sat></trkpt>
  <trkpt lat="37.16286134" lon="38.79488943"><ele>546.392</ele><time>2026-09-19T15:59:27Z</time><speed>0.000</speed><sat>32</sat></trkpt>
  <trkpt lat="37.16286134" lon="38.79488938"><ele>546.388</ele><time>2026-09-19T15:59:28Z</time><speed>0.000</speed><sat>33</sat></trkpt>
  <trkpt lat="37.16286134" lon="38.79488933"><ele>546.384</ele><time>2026-09-19T15:59:29Z</time><speed>0.000</speed><sat>34</sat></trkpt>
  <trkpt lat="37.16286133" lon="38.79488925"><ele>546.384</ele><time>2026-09-19T15:59:30Z</time><speed>0.000</speed><sat>34</sat></trkpt>
  <trkpt lat="37.16286132" lon="38.79488920"><ele>546.381</ele><time>2026-09-19T15:59:31Z</time><speed>0.000</speed><sat>35</sat></trkpt>
  <trkpt lat="37.16286130" lon="38.79488915"><ele>546.380</ele><time>2026-09-19T15:59:32Z</time><speed>0.000</speed><sat>33</sat></trkpt>
  <trkpt lat="37.16286130" lon="38.79488912"><ele>546.378</ele><time>2026-09-19T15:59:33Z</time><speed>0.000</speed><sat>32</sat></trkpt>
  <trkpt lat="37.16286130" lon="38.79488909"><ele>546.375</ele><time>2026-09-19T15:59:34Z</time><speed>0.000</speed><sat>32</sat></trkpt>
  <trkpt lat="37.16286129" lon="38.79488906"><ele>546.375</ele><time>2026-09-19T15:59:35Z</time><speed>0.000</speed><sat>31</sat></trkpt>
  <trkpt lat="37.16286129" lon="38.79488904"><ele>546.372</ele><time>2026-09-19T15:59:36Z</time><speed>0.000</speed><sat>31</sat></trkpt>
  <trkpt lat="37.16286127" lon="38.79488904"><ele>546.370</ele><time>2026-09-19T15:59:37Z</time><speed>0.000</speed><sat>31</sat></trkpt>
  <trkpt lat="37.16286128" lon="38.79488904"><ele>546.367</ele><time>2026-09-19T15:59:38Z</time><speed>0.000</speed><sat>31</sat></trkpt>
  <trkpt lat="37.16286127" lon="38.79488903"><ele>546.369</ele><time>2026-09-19T15:59:39Z</time><speed>0.000</speed><sat>30</sat></trkpt>
  <trkpt lat="37.16286126" lon="38.79488901"><ele>546.369</ele><time>2026-09-19T15:59:40Z</time><speed>0.000</speed><sat>30</sat></trkpt>
  <trkpt lat="37.16286125" lon="38.79488901"><ele>546.369</ele><time>2026-09-19T15:59:41Z</time><speed>0.000</speed><sat>33</sat></trkpt>
  <trkpt lat="37.16286125" lon="38.79488901"><ele>546.371</ele><time>2026-09-19T15:59:42Z</time><speed>0.000</speed><sat>34</sat></trkpt>
  <trkpt lat="37.16286124" lon="38.79488900"><ele>546.373</ele><time>2026-09-19T15:59:43Z</time><speed>0.000</speed><sat>34</sat></trkpt>
  <trkpt lat="37.16286122" lon="38.79488900"><ele>546.375</ele><time>2026-09-19T15:59:44Z</time><speed>0.000</speed><sat>33</sat></trkpt>
  <trkpt lat="37.16286119" lon="38.79488899"><ele>546.377</ele><time>2026-09-19T15:59:45Z</time><speed>0.000</speed><sat>33</sat></trkpt>
  <trkpt lat="37.16286117" lon="38.79488898"><ele>546.380</ele><time>2026-09-19T15:59:46Z</time><speed>0.000</speed><sat>34</sat></trkpt>
  <trkpt lat="37.16286114" lon="38.79488898"><ele>546.384</ele><time>2026-09-19T15:59:47Z</time><speed>0.000</speed><sat>34</sat></trkpt>
  <trkpt lat="37.16286112" lon="38.79488897"><ele>546.387</ele><time>2026-09-19T15:59:48Z</time><speed>0.000</speed><sat>33</sat></trkpt>
  <trkpt lat="37.16286109" lon="38.79488896"><ele>546.391</ele><time>2026-09-19T15:59:49Z</time><speed>0.000</speed><sat>33</sat></trkpt>
  <trkpt lat="37.16286109" lon="38.79488896"><ele>546.392</ele><time>2026-09-19T15:59:50Z</time><speed>0.000</speed><sat>33</sat></trkpt>
  <trkpt lat="37.16286109" lon="38.79488896"><ele>546.394</ele><time>2026-09-19T15:59:51Z</time><speed>0.000</speed><sat>33</sat></trkpt>
  <trkpt lat="37.16286107" lon="38.79488895"><ele>546.395</ele><time>2026-09-19T15:59:52Z</time><speed>0.000</speed><sat>32</sat></trkpt>
  <trkpt lat="37.16286105" lon="38.79488894"><ele>546.395</ele><time>2026-09-19T15:59:53Z</time><speed>0.000</speed><sat>33</sat></trkpt>
  <trkpt lat="37.16286103" lon="38.79488892"><ele>546.395</ele><time>2026-09-19T15:59:54Z</time><speed>0.000</speed><sat>33</sat></trkpt>
  <trkpt lat="37.16286101" lon="38.79488890"><ele>546.398</ele><time>2026-09-19T15:59:55Z</time><speed>0.000</speed><sat>33</sat></trkpt>
  <trkpt lat="37.16286101" lon="38.79488889"><ele>546.398</ele><time>2026-09-19T15:59:56Z</time><speed>0.000</speed><sat>33</sat></trkpt>
  <trkpt lat="37.16286099" lon="38.79488889"><ele>546.397</ele><time>2026-09-19T15:59:57Z</time><speed>0.000</speed><sat>33</sat></trkpt>
  <trkpt lat="37.16286096" lon="38.79488887"><ele>546.395</ele><time>2026-09-19T15:59:58Z</time><speed>0.000</speed><sat>33</sat></trkpt>
  <trkpt lat="37.16286093" lon="38.79488885"><ele>546.395</ele><time>2026-09-19T15:59:59Z</time><speed>0.000</speed><sat>33</sat></trkpt>
  <trkpt lat="37.16286089" lon="38.79488883"><ele>546.396</ele><time>2026-09-19T16:00:00Z</time><speed>0.000</speed><sat>32</sat></trkpt>
  <trkpt lat="37.16286085" lon="38.79488881"><ele>546.398</ele><time>2026-09-19T16:00:01Z</time><speed>0.000</speed><sat>33</sat></trkpt>
  <trkpt lat="37.16286082" lon="38.79488880"><ele>546.398</ele><time>2026-09-19T16:00:02Z</time><speed>0.000</speed><sat>33</sat></trkpt>
  <trkpt lat="37.16286081" lon="38.79488880"><ele>546.399</ele><time>2026-09-19T16:00:03Z</time><speed>0.000</speed><sat>33</sat></trkpt>
  <trkpt lat="37.16285987" lon="38.79488941"><ele>546.626</ele><time>2026-09-19T16:00:04Z</time><speed>0.000</speed><sat>32</sat></trkpt>
  <trkpt lat="37.16285915" lon="38.79488994"><ele>546.623</ele><time>2026-09-19T16:00:05Z</time><speed>0.000</speed><sat>32</sat></trkpt>
  <trkpt lat="37.16285896" lon="38.79489011"><ele>546.624</ele><time>2026-09-19T16:00:06Z</time><speed>0.000</speed><sat>32</sat></trkpt>
  <trkpt lat="37.16285886" lon="38.79489020"><ele>546.623</ele><time>2026-09-19T16:00:07Z</time><speed>0.000</speed><sat>32</sat></trkpt>
  <trkpt lat="37.16285880" lon="38.79489024"><ele>546.624</ele><time>2026-09-19T16:00:08Z</time><speed>0.000</speed><sat>31</sat></trkpt>
  <trkpt lat="37.16285876" lon="38.79489026"><ele>546.620</ele><time>2026-09-19T16:00:09Z</time><speed>0.000</speed><sat>33</sat></trkpt>
  <trkpt lat="37.16285874" lon="38.79489027"><ele>546.617</ele><time>2026-09-19T16:00:10Z</time><speed>0.000</speed><sat>33</sat></trkpt>
  <trkpt lat="37.16285874" lon="38.79489028"><ele>546.617</ele><time>2026-09-19T16:00:11Z</time><speed>0.000</speed><sat>32</sat></trkpt>
  <trkpt lat="37.16285872" lon="38.79489027"><ele>546.614</ele><time>2026-09-19T16:00:12Z</time><speed>0.000</speed><sat>34</sat></trkpt>
  <trkpt lat="37.16285868" lon="38.79489026"><ele>546.609</ele><time>2026-09-19T16:00:13Z</time><speed>0.000</speed><sat>34</sat></trkpt>
  <trkpt lat="37.16285863" lon="38.79489025"><ele>546.610</ele><time>2026-09-19T16:00:14Z</time><speed>0.000</speed><sat>35</sat></trkpt>
  <trkpt lat="37.16285860" lon="38.79489024"><ele>546.614</ele><time>2026-09-19T16:00:15Z</time><speed>0.000</speed><sat>35</sat></trkpt>
  <trkpt lat="37.16285855" lon="38.79489023"><ele>546.616</ele><time>2026-09-19T16:00:16Z</time><speed>0.000</speed><sat>35</sat></trkpt>
  <trkpt lat="37.16285851" lon="38.79489022"><ele>546.616</ele><time>2026-09-19T16:00:17Z</time><speed>0.000</speed><sat>35</sat></trkpt>
  <trkpt lat="37.16285848" lon="38.79489021"><ele>546.617</ele><time>2026-09-19T16:00:18Z</time><speed>0.000</speed><sat>34</sat></trkpt>
  <trkpt lat="37.16285968" lon="38.79488661"><ele>546.845</ele><time>2026-09-19T16:00:19Z</time><speed>0.460</speed><sat>33</sat></trkpt>
  <trkpt lat="37.16286095" lon="38.79488127"><ele>546.887</ele><time>2026-09-19T16:00:20Z</time><speed>0.530</speed><sat>34</sat></trkpt>
  <trkpt lat="37.16286373" lon="38.79487372"><ele>546.984</ele><time>2026-09-19T16:00:21Z</time><speed>0.790</speed><sat>34</sat></trkpt>
  <trkpt lat="37.16286762" lon="38.79486357"><ele>547.295</ele><time>2026-09-19T16:00:22Z</time><speed>1.040</speed><sat>35</sat></trkpt>
  <trkpt lat="37.16286689" lon="38.79485609"><ele>547.044</ele><time>2026-09-19T16:00:23Z</time><speed>0.600</speed><sat>35</sat></trkpt>
  <trkpt lat="37.16286453" lon="38.79485015"><ele>547.642</ele><time>2026-09-19T16:00:24Z</time><speed>0.670</speed><sat>36</sat></trkpt>
  <trkpt lat="37.16285986" lon="38.79484964"><ele>547.753</ele><time>2026-09-19T16:00:25Z</time><speed>0.570</speed><sat>36</sat></trkpt>
  <trkpt lat="37.16285546" lon="38.79485659"><ele>547.668</ele><time>2026-09-19T16:00:26Z</time><speed>0.640</speed><sat>36</sat></trkpt>
  <trkpt lat="37.16285383" lon="38.79486860"><ele>548.031</ele><time>2026-09-19T16:00:27Z</time><speed>0.730</speed><sat>36</sat></trkpt>
  <trkpt lat="37.16285272" lon="38.79488118"><ele>548.194</ele><time>2026-09-19T16:00:28Z</time><speed>0.760</speed><sat>36</sat></trkpt>
  <trkpt lat="37.16285329" lon="38.79489253"><ele>547.556</ele><time>2026-09-19T16:00:29Z</time><speed>0.400</speed><sat>36</sat></trkpt>
  <trkpt lat="37.16285474" lon="38.79490040"><ele>547.222</ele><time>2026-09-19T16:00:30Z</time><speed>0.360</speed><sat>36</sat></trkpt>
  <trkpt lat="37.16285783" lon="38.79490860"><ele>547.446</ele><time>2026-09-19T16:00:31Z</time><speed>0.620</speed><sat>36</sat></trkpt>
  <trkpt lat="37.16285954" lon="38.79491478"><ele>547.372</ele><time>2026-09-19T16:00:32Z</time><speed>0.190</speed><sat>35</sat></trkpt>
  <trkpt lat="37.16285968" lon="38.79491935"><ele>547.474</ele><time>2026-09-19T16:00:33Z</time><speed>0.230</speed><sat>36</sat></trkpt>
  <trkpt lat="37.16285787" lon="38.79492100"><ele>547.467</ele><time>2026-09-19T16:00:34Z</time><speed>0.360</speed><sat>37</sat></trkpt>
  <trkpt lat="37.16285323" lon="38.79491895"><ele>547.454</ele><time>2026-09-19T16:00:35Z</time><speed>0.570</speed><sat>38</sat></trkpt>
  <trkpt lat="37.16284953" lon="38.79491405"><ele>547.089</ele><time>2026-09-19T16:00:36Z</time><speed>0.510</speed><sat>37</sat></trkpt>
  <trkpt lat="37.16284659" lon="38.79490732"><ele>547.200</ele><time>2026-09-19T16:00:37Z</time><speed>0.650</speed><sat>38</sat></trkpt>
  <trkpt lat="37.16284495" lon="38.79490233"><ele>547.081</ele><time>2026-09-19T16:00:38Z</time><speed>0.260</speed><sat>38</sat></trkpt>
  <trkpt lat="37.16284256" lon="38.79489621"><ele>547.207</ele><time>2026-09-19T16:00:39Z</time><speed>0.670</speed><sat>38</sat></trkpt>
  <trkpt lat="37.16283891" lon="38.79488959"><ele>546.822</ele><time>2026-09-19T16:00:40Z</time><speed>0.540</speed><sat>38</sat></trkpt>
  <trkpt lat="37.16283490" lon="38.79488132"><ele>547.303</ele><time>2026-09-19T16:00:41Z</time><speed>0.910</speed><sat>36</sat></trkpt>
  <trkpt lat="37.16283039" lon="38.79487029"><ele>547.180</ele><time>2026-09-19T16:00:42Z</time><speed>1.110</speed><sat>34</sat></trkpt>
  <trkpt lat="37.16282478" lon="38.79485793"><ele>547.535</ele><time>2026-09-19T16:00:43Z</time><speed>1.200</speed><sat>34</sat></trkpt>
  <trkpt lat="37.16282160" lon="38.79485419"><ele>547.512</ele><time>2026-09-19T16:00:44Z</time><speed>0.000</speed><sat>34</sat></trkpt>
  <trkpt lat="37.16281920" lon="38.79485441"><ele>547.428</ele><time>2026-09-19T16:00:45Z</time><speed>0.320</speed><sat>35</sat></trkpt>
  <trkpt lat="37.16281720" lon="38.79485531"><ele>547.448</ele><time>2026-09-19T16:00:46Z</time><speed>0.000</speed><sat>36</sat></trkpt>
  <trkpt lat="37.16281657" lon="38.79485654"><ele>547.452</ele><time>2026-09-19T16:00:47Z</time><speed>0.000</speed><sat>36</sat></trkpt>
  <trkpt lat="37.16281624" lon="38.79485705"><ele>547.448</ele><time>2026-09-19T16:00:48Z</time><speed>0.000</speed><sat>36</sat></trkpt>
  <trkpt lat="37.16281605" lon="38.79485729"><ele>547.446</ele><time>2026-09-19T16:00:49Z</time><speed>0.000</speed><sat>36</sat></trkpt>
  <trkpt lat="37.16281595" lon="38.79485740"><ele>547.445</ele><time>2026-09-19T16:00:50Z</time><speed>0.000</speed><sat>36</sat></trkpt>
  <trkpt lat="37.16281589" lon="38.79485743"><ele>547.444</ele><time>2026-09-19T16:00:51Z</time><speed>0.000</speed><sat>36</sat></trkpt>
  <trkpt lat="37.16281584" lon="38.79485739"><ele>547.443</ele><time>2026-09-19T16:00:52Z</time><speed>0.000</speed><sat>36</sat></trkpt>
  <trkpt lat="37.16281580" lon="38.79485732"><ele>547.441</ele><time>2026-09-19T16:00:53Z</time><speed>0.000</speed><sat>36</sat></trkpt>
  <trkpt lat="37.16281578" lon="38.79485726"><ele>547.436</ele><time>2026-09-19T16:00:54Z</time><speed>0.000</speed><sat>34</sat></trkpt>
  <trkpt lat="37.16281575" lon="38.79485718"><ele>547.431</ele><time>2026-09-19T16:00:55Z</time><speed>0.000</speed><sat>34</sat></trkpt>
  <trkpt lat="37.16281573" lon="38.79485708"><ele>547.426</ele><time>2026-09-19T16:00:56Z</time><speed>0.000</speed><sat>34</sat></trkpt>
  <trkpt lat="37.16281569" lon="38.79485699"><ele>547.419</ele><time>2026-09-19T16:00:57Z</time><speed>0.000</speed><sat>29</sat></trkpt>
  <trkpt lat="37.16281565" lon="38.79485692"><ele>547.415</ele><time>2026-09-19T16:00:58Z</time><speed>0.000</speed><sat>29</sat></trkpt>
  <trkpt lat="37.16281561" lon="38.79485689"><ele>547.407</ele><time>2026-09-19T16:00:59Z</time><speed>0.000</speed><sat>29</sat></trkpt>
  <trkpt lat="37.16281556" lon="38.79485685"><ele>547.403</ele><time>2026-09-19T16:01:00Z</time><speed>0.000</speed><sat>31</sat></trkpt>
  <trkpt lat="37.16281551" lon="38.79485678"><ele>547.400</ele><time>2026-09-19T16:01:01Z</time><speed>0.000</speed><sat>30</sat></trkpt>
  <trkpt lat="37.16281544" lon="38.79485666"><ele>547.402</ele><time>2026-09-19T16:01:02Z</time><speed>0.000</speed><sat>30</sat></trkpt>
  <trkpt lat="37.16281534" lon="38.79485653"><ele>547.404</ele><time>2026-09-19T16:01:03Z</time><speed>0.000</speed><sat>35</sat></trkpt>
  <trkpt lat="37.16281524" lon="38.79485635"><ele>547.408</ele><time>2026-09-19T16:01:04Z</time><speed>0.000</speed><sat>36</sat></trkpt>
  <trkpt lat="37.16281514" lon="38.79485619"><ele>547.411</ele><time>2026-09-19T16:01:05Z</time><speed>0.000</speed><sat>37</sat></trkpt>
  <trkpt lat="37.16281504" lon="38.79485609"><ele>547.409</ele><time>2026-09-19T16:01:06Z</time><speed>0.000</speed><sat>37</sat></trkpt>
  <trkpt lat="37.16281495" lon="38.79485601"><ele>547.410</ele><time>2026-09-19T16:01:07Z</time><speed>0.000</speed><sat>37</sat></trkpt>
  <trkpt lat="37.16281486" lon="38.79485595"><ele>547.413</ele><time>2026-09-19T16:01:08Z</time><speed>0.000</speed><sat>37</sat></trkpt>
  <trkpt lat="37.16281481" lon="38.79485595"><ele>547.412</ele><time>2026-09-19T16:01:09Z</time><speed>0.000</speed><sat>37</sat></trkpt>
  <trkpt lat="37.16281477" lon="38.79485593"><ele>547.417</ele><time>2026-09-19T16:01:10Z</time><speed>0.000</speed><sat>37</sat></trkpt>
  <trkpt lat="37.16281474" lon="38.79485594"><ele>547.420</ele><time>2026-09-19T16:01:11Z</time><speed>0.000</speed><sat>37</sat></trkpt>
  <trkpt lat="37.16281473" lon="38.79485598"><ele>547.423</ele><time>2026-09-19T16:01:12Z</time><speed>0.000</speed><sat>37</sat></trkpt>
  <trkpt lat="37.16281473" lon="38.79485603"><ele>547.427</ele><time>2026-09-19T16:01:13Z</time><speed>0.000</speed><sat>35</sat></trkpt>
  <trkpt lat="37.16281473" lon="38.79485606"><ele>547.432</ele><time>2026-09-19T16:01:14Z</time><speed>0.000</speed><sat>33</sat></trkpt>
  <trkpt lat="37.16281474" lon="38.79485607"><ele>547.435</ele><time>2026-09-19T16:01:15Z</time><speed>0.000</speed><sat>32</sat></trkpt>
  <trkpt lat="37.16281475" lon="38.79485610"><ele>547.439</ele><time>2026-09-19T16:01:16Z</time><speed>0.000</speed><sat>32</sat></trkpt>
  <trkpt lat="37.16281477" lon="38.79485613"><ele>547.444</ele><time>2026-09-19T16:01:17Z</time><speed>0.000</speed><sat>32</sat></trkpt>
  <trkpt lat="37.16281479" lon="38.79485616"><ele>547.447</ele><time>2026-09-19T16:01:18Z</time><speed>0.000</speed><sat>31</sat></trkpt>
  <trkpt lat="37.16281481" lon="38.79485619"><ele>547.453</ele><time>2026-09-19T16:01:19Z</time><speed>0.000</speed><sat>30</sat></trkpt>
  <trkpt lat="37.16281483" lon="38.79485624"><ele>547.458</ele><time>2026-09-19T16:01:20Z</time><speed>0.000</speed><sat>30</sat></trkpt>
  <trkpt lat="37.16281485" lon="38.79485630"><ele>547.464</ele><time>2026-09-19T16:01:21Z</time><speed>0.000</speed><sat>28</sat></trkpt>
  <trkpt lat="37.16281484" lon="38.79485635"><ele>547.468</ele><time>2026-09-19T16:01:22Z</time><speed>0.000</speed><sat>29</sat></trkpt>
  <trkpt lat="37.16281484" lon="38.79485644"><ele>547.472</ele><time>2026-09-19T16:01:23Z</time><speed>0.000</speed><sat>30</sat></trkpt>
  <trkpt lat="37.16281483" lon="38.79485653"><ele>547.476</ele><time>2026-09-19T16:01:24Z</time><speed>0.000</speed><sat>30</sat></trkpt>
  <trkpt lat="37.16281483" lon="38.79485660"><ele>547.479</ele><time>2026-09-19T16:01:25Z</time><speed>0.000</speed><sat>29</sat></trkpt>
  <trkpt lat="37.16281481" lon="38.79485659"><ele>547.487</ele><time>2026-09-19T16:01:26Z</time><speed>0.000</speed><sat>29</sat></trkpt>
  <trkpt lat="37.16281479" lon="38.79485661"><ele>547.493</ele><time>2026-09-19T16:01:27Z</time><speed>0.000</speed><sat>30</sat></trkpt>
  <trkpt lat="37.16281477" lon="38.79485660"><ele>547.499</ele><time>2026-09-19T16:01:28Z</time><speed>0.000</speed><sat>29</sat></trkpt>
  <trkpt lat="37.16281473" lon="38.79485659"><ele>547.504</ele><time>2026-09-19T16:01:29Z</time><speed>0.000</speed><sat>29</sat></trkpt>
  <trkpt lat="37.16281469" lon="38.79485657"><ele>547.509</ele><time>2026-09-19T16:01:30Z</time><speed>0.000</speed><sat>31</sat></trkpt>
  <trkpt lat="37.16281465" lon="38.79485651"><ele>547.512</ele><time>2026-09-19T16:01:31Z</time><speed>0.000</speed><sat>32</sat></trkpt>
  <trkpt lat="37.16281461" lon="38.79485645"><ele>547.514</ele><time>2026-09-19T16:01:32Z</time><speed>0.000</speed><sat>32</sat></trkpt>
  <trkpt lat="37.16281456" lon="38.79485640"><ele>547.512</ele><time>2026-09-19T16:01:33Z</time><speed>0.000</speed><sat>31</sat></trkpt>
  <trkpt lat="37.16281450" lon="38.79485637"><ele>547.508</ele><time>2026-09-19T16:01:34Z</time><speed>0.000</speed><sat>29</sat></trkpt>
  <trkpt lat="37.16281445" lon="38.79485631"><ele>547.505</ele><time>2026-09-19T16:01:35Z</time><speed>0.000</speed><sat>29</sat></trkpt>
  <trkpt lat="37.16281439" lon="38.79485629"><ele>547.499</ele><time>2026-09-19T16:01:36Z</time><speed>0.000</speed><sat>29</sat></trkpt>
  <trkpt lat="37.16281435" lon="38.79485627"><ele>547.497</ele><time>2026-09-19T16:01:37Z</time><speed>0.000</speed><sat>30</sat></trkpt>
  <trkpt lat="37.16281431" lon="38.79485627"><ele>547.493</ele><time>2026-09-19T16:01:38Z</time><speed>0.000</speed><sat>28</sat></trkpt>
  <trkpt lat="37.16281427" lon="38.79485627"><ele>547.490</ele><time>2026-09-19T16:01:39Z</time><speed>0.000</speed><sat>28</sat></trkpt>
  <trkpt lat="37.16281422" lon="38.79485626"><ele>547.484</ele><time>2026-09-19T16:01:40Z</time><speed>0.000</speed><sat>28</sat></trkpt>
  <trkpt lat="37.16281418" lon="38.79485626"><ele>547.479</ele><time>2026-09-19T16:01:41Z</time><speed>0.000</speed><sat>28</sat></trkpt>
  <trkpt lat="37.16281413" lon="38.79485627"><ele>547.476</ele><time>2026-09-19T16:01:42Z</time><speed>0.000</speed><sat>29</sat></trkpt>
  <trkpt lat="37.16281409" lon="38.79485627"><ele>547.474</ele><time>2026-09-19T16:01:43Z</time><speed>0.000</speed><sat>29</sat></trkpt>
  <trkpt lat="37.16281403" lon="38.79485624"><ele>547.472</ele><time>2026-09-19T16:01:44Z</time><speed>0.000</speed><sat>29</sat></trkpt>
  <trkpt lat="37.16281395" lon="38.79485622"><ele>547.466</ele><time>2026-09-19T16:01:45Z</time><speed>0.000</speed><sat>30</sat></trkpt>
  <trkpt lat="37.16281386" lon="38.79485621"><ele>547.463</ele><time>2026-09-19T16:01:46Z</time><speed>0.000</speed><sat>31</sat></trkpt>
  <trkpt lat="37.16281376" lon="38.79485612"><ele>547.468</ele><time>2026-09-19T16:01:47Z</time><speed>0.000</speed><sat>32</sat></trkpt>
  <trkpt lat="37.16281369" lon="38.79485603"><ele>547.467</ele><time>2026-09-19T16:01:48Z</time><speed>0.000</speed><sat>33</sat></trkpt>
  <trkpt lat="37.16281362" lon="38.79485588"><ele>547.475</ele><time>2026-09-19T16:01:49Z</time><speed>0.000</speed><sat>36</sat></trkpt>
  <trkpt lat="37.16281355" lon="38.79485572"><ele>547.479</ele><time>2026-09-19T16:01:50Z</time><speed>0.000</speed><sat>36</sat></trkpt>
  <trkpt lat="37.16281346" lon="38.79485558"><ele>547.485</ele><time>2026-09-19T16:01:51Z</time><speed>0.000</speed><sat>36</sat></trkpt>
  <trkpt lat="37.16281339" lon="38.79485545"><ele>547.494</ele><time>2026-09-19T16:01:52Z</time><speed>0.000</speed><sat>36</sat></trkpt>
  <trkpt lat="37.16281331" lon="38.79485530"><ele>547.504</ele><time>2026-09-19T16:01:53Z</time><speed>0.000</speed><sat>36</sat></trkpt>
  <trkpt lat="37.16281324" lon="38.79485517"><ele>547.509</ele><time>2026-09-19T16:01:54Z</time><speed>0.000</speed><sat>37</sat></trkpt>
  <trkpt lat="37.16281320" lon="38.79485511"><ele>547.512</ele><time>2026-09-19T16:01:55Z</time><speed>0.000</speed><sat>35</sat></trkpt>
  <trkpt lat="37.16281318" lon="38.79485509"><ele>547.515</ele><time>2026-09-19T16:01:56Z</time><speed>0.000</speed><sat>33</sat></trkpt>
  <trkpt lat="37.16281315" lon="38.79485505"><ele>547.519</ele><time>2026-09-19T16:01:57Z</time><speed>0.000</speed><sat>32</sat></trkpt>
  <trkpt lat="37.16281312" lon="38.79485502"><ele>547.523</ele><time>2026-09-19T16:01:58Z</time><speed>0.000</speed><sat>32</sat></trkpt>
  <trkpt lat="37.16281304" lon="38.79485495"><ele>547.532</ele><time>2026-09-19T16:01:59Z</time><speed>0.000</speed><sat>33</sat></trkpt>
  <trkpt lat="37.16281296" lon="38.79485486"><ele>547.544</ele><time>2026-09-19T16:02:00Z</time><speed>0.000</speed><sat>33</sat></trkpt>
  <trkpt lat="37.16281291" lon="38.79485484"><ele>547.548</ele><time>2026-09-19T16:02:01Z</time><speed>0.000</speed><sat>33</sat></trkpt>
  <trkpt lat="37.16281287" lon="38.79485482"><ele>547.551</ele><time>2026-09-19T16:02:02Z</time><speed>0.000</speed><sat>33</sat></trkpt>
  <trkpt lat="37.16281283" lon="38.79485479"><ele>547.555</ele><time>2026-09-19T16:02:03Z</time><speed>0.000</speed><sat>33</sat></trkpt>
  <trkpt lat="37.16281279" lon="38.79485473"><ele>547.560</ele><time>2026-09-19T16:02:04Z</time><speed>0.000</speed><sat>33</sat></trkpt>
  <trkpt lat="37.16281273" lon="38.79485469"><ele>547.562</ele><time>2026-09-19T16:02:05Z</time><speed>0.000</speed><sat>33</sat></trkpt>
  <trkpt lat="37.16281267" lon="38.79485463"><ele>547.567</ele><time>2026-09-19T16:02:06Z</time><speed>0.000</speed><sat>31</sat></trkpt>
  <trkpt lat="37.16281260" lon="38.79485457"><ele>547.571</ele><time>2026-09-19T16:02:07Z</time><speed>0.000</speed><sat>30</sat></trkpt>
  <trkpt lat="37.16281252" lon="38.79485450"><ele>547.579</ele><time>2026-09-19T16:02:08Z</time><speed>0.000</speed><sat>30</sat></trkpt>
  <trkpt lat="37.16281246" lon="38.79485446"><ele>547.583</ele><time>2026-09-19T16:02:09Z</time><speed>0.000</speed><sat>30</sat></trkpt>
  <trkpt lat="37.16281240" lon="38.79485445"><ele>547.585</ele><time>2026-09-19T16:02:10Z</time><speed>0.000</speed><sat>31</sat></trkpt>
  <trkpt lat="37.16281235" lon="38.79485444"><ele>547.589</ele><time>2026-09-19T16:02:11Z</time><speed>0.000</speed><sat>31</sat></trkpt>
  <trkpt lat="37.16281230" lon="38.79485445"><ele>547.592</ele><time>2026-09-19T16:02:12Z</time><speed>0.000</speed><sat>32</sat></trkpt>
  <trkpt lat="37.16281225" lon="38.79485446"><ele>547.587</ele><time>2026-09-19T16:02:13Z</time><speed>0.000</speed><sat>32</sat></trkpt>
  <trkpt lat="37.16281220" lon="38.79485441"><ele>547.585</ele><time>2026-09-19T16:02:14Z</time><speed>0.000</speed><sat>32</sat></trkpt>
  <trkpt lat="37.16281212" lon="38.79485430"><ele>547.582</ele><time>2026-09-19T16:02:15Z</time><speed>0.000</speed><sat>32</sat></trkpt>
  <trkpt lat="37.16281199" lon="38.79485413"><ele>547.580</ele><time>2026-09-19T16:02:16Z</time><speed>0.000</speed><sat>32</sat></trkpt>
  <trkpt lat="37.16281188" lon="38.79485400"><ele>547.576</ele><time>2026-09-19T16:02:17Z</time><speed>0.000</speed><sat>32</sat></trkpt>
  <trkpt lat="37.16281177" lon="38.79485383"><ele>547.577</ele><time>2026-09-19T16:02:18Z</time><speed>0.000</speed><sat>31</sat></trkpt>
  <trkpt lat="37.16281170" lon="38.79485370"><ele>547.572</ele><time>2026-09-19T16:02:19Z</time><speed>0.000</speed><sat>30</sat></trkpt>
  <trkpt lat="37.16281165" lon="38.79485361"><ele>547.568</ele><time>2026-09-19T16:02:20Z</time><speed>0.000</speed><sat>31</sat></trkpt>
  <trkpt lat="37.16281160" lon="38.79485349"><ele>547.568</ele><time>2026-09-19T16:02:21Z</time><speed>0.000</speed><sat>32</sat></trkpt>
  <trkpt lat="37.16281153" lon="38.79485333"><ele>547.569</ele><time>2026-09-19T16:02:22Z</time><speed>0.000</speed><sat>32</sat></trkpt>
  <trkpt lat="37.16281145" lon="38.79485314"><ele>547.571</ele><time>2026-09-19T16:02:23Z</time><speed>0.000</speed><sat>31</sat></trkpt>
  <trkpt lat="37.16281137" lon="38.79485294"><ele>547.573</ele><time>2026-09-19T16:02:24Z</time><speed>0.000</speed><sat>31</sat></trkpt>
  <trkpt lat="37.16281132" lon="38.79485281"><ele>547.579</ele><time>2026-09-19T16:02:25Z</time><speed>0.000</speed><sat>32</sat></trkpt>
  <trkpt lat="37.16281128" lon="38.79485271"><ele>547.583</ele><time>2026-09-19T16:02:26Z</time><speed>0.000</speed><sat>32</sat></trkpt>
  <trkpt lat="37.16281121" lon="38.79485252"><ele>547.590</ele><time>2026-09-19T16:02:27Z</time><speed>0.000</speed><sat>31</sat></trkpt>
  <trkpt lat="37.16281116" lon="38.79485237"><ele>547.603</ele><time>2026-09-19T16:02:28Z</time><speed>0.000</speed><sat>28</sat></trkpt>
  <trkpt lat="37.16281110" lon="38.79485223"><ele>547.615</ele><time>2026-09-19T16:02:29Z</time><speed>0.000</speed><sat>29</sat></trkpt>
  <trkpt lat="37.16281107" lon="38.79485210"><ele>547.627</ele><time>2026-09-19T16:02:30Z</time><speed>0.000</speed><sat>28</sat></trkpt>
  <trkpt lat="37.16281106" lon="38.79485206"><ele>547.633</ele><time>2026-09-19T16:02:31Z</time><speed>0.000</speed><sat>28</sat></trkpt>
  <trkpt lat="37.16281105" lon="38.79485201"><ele>547.643</ele><time>2026-09-19T16:02:32Z</time><speed>0.000</speed><sat>28</sat></trkpt>
  <trkpt lat="37.16281103" lon="38.79485189"><ele>547.657</ele><time>2026-09-19T16:02:33Z</time><speed>0.000</speed><sat>28</sat></trkpt>
  <trkpt lat="37.16281102" lon="38.79485179"><ele>547.670</ele><time>2026-09-19T16:02:34Z</time><speed>0.000</speed><sat>27</sat></trkpt>
  <trkpt lat="37.16281100" lon="38.79485170"><ele>547.682</ele><time>2026-09-19T16:02:35Z</time><speed>0.000</speed><sat>27</sat></trkpt>
  <trkpt lat="37.16281098" lon="38.79485158"><ele>547.690</ele><time>2026-09-19T16:02:36Z</time><speed>0.000</speed><sat>30</sat></trkpt>
  <trkpt lat="37.16281094" lon="38.79485144"><ele>547.698</ele><time>2026-09-19T16:02:37Z</time><speed>0.000</speed><sat>31</sat></trkpt>
  <trkpt lat="37.16281088" lon="38.79485127"><ele>547.708</ele><time>2026-09-19T16:02:38Z</time><speed>0.000</speed><sat>31</sat></trkpt>
  <trkpt lat="37.16281078" lon="38.79485110"><ele>547.716</ele><time>2026-09-19T16:02:39Z</time><speed>0.000</speed><sat>31</sat></trkpt>
  <trkpt lat="37.16281068" lon="38.79485095"><ele>547.726</ele><time>2026-09-19T16:02:40Z</time><speed>0.000</speed><sat>32</sat></trkpt>
  <trkpt lat="37.16281058" lon="38.79485082"><ele>547.740</ele><time>2026-09-19T16:02:41Z</time><speed>0.000</speed><sat>31</sat></trkpt>
  <trkpt lat="37.16281047" lon="38.79485065"><ele>547.748</ele><time>2026-09-19T16:02:42Z</time><speed>0.000</speed><sat>31</sat></trkpt>
  <trkpt lat="37.16281036" lon="38.79485048"><ele>547.761</ele><time>2026-09-19T16:02:43Z</time><speed>0.000</speed><sat>31</sat></trkpt>
  <trkpt lat="37.16281027" lon="38.79485032"><ele>547.771</ele><time>2026-09-19T16:02:44Z</time><speed>0.000</speed><sat>30</sat></trkpt>
  <trkpt lat="37.16281018" lon="38.79485018"><ele>547.772</ele><time>2026-09-19T16:02:45Z</time><speed>0.000</speed><sat>28</sat></trkpt>
  <trkpt lat="37.16281010" lon="38.79485006"><ele>547.773</ele><time>2026-09-19T16:02:46Z</time><speed>0.000</speed><sat>28</sat></trkpt>
  <trkpt lat="37.16281001" lon="38.79484995"><ele>547.773</ele><time>2026-09-19T16:02:47Z</time><speed>0.000</speed><sat>29</sat></trkpt>
  <trkpt lat="37.16280992" lon="38.79484984"><ele>547.776</ele><time>2026-09-19T16:02:48Z</time><speed>0.000</speed><sat>29</sat></trkpt>
  <trkpt lat="37.16280982" lon="38.79484971"><ele>547.779</ele><time>2026-09-19T16:02:49Z</time><speed>0.000</speed><sat>31</sat></trkpt>
  <trkpt lat="37.16280973" lon="38.79484959"><ele>547.773</ele><time>2026-09-19T16:02:50Z</time><speed>0.000</speed><sat>31</sat></trkpt>
  <trkpt lat="37.16280962" lon="38.79484947"><ele>547.766</ele><time>2026-09-19T16:02:51Z</time><speed>0.000</speed><sat>32</sat></trkpt>
  <trkpt lat="37.16280952" lon="38.79484934"><ele>547.762</ele><time>2026-09-19T16:02:52Z</time><speed>0.000</speed><sat>31</sat></trkpt>
  <trkpt lat="37.16280944" lon="38.79484922"><ele>547.758</ele><time>2026-09-19T16:02:53Z</time><speed>0.000</speed><sat>31</sat></trkpt>
  <trkpt lat="37.16280937" lon="38.79484910"><ele>547.756</ele><time>2026-09-19T16:02:54Z</time><speed>0.000</speed><sat>32</sat></trkpt>
  <trkpt lat="37.16280931" lon="38.79484898"><ele>547.751</ele><time>2026-09-19T16:02:55Z</time><speed>0.000</speed><sat>32</sat></trkpt>
  <trkpt lat="37.16280925" lon="38.79484888"><ele>547.747</ele><time>2026-09-19T16:02:56Z</time><speed>0.000</speed><sat>32</sat></trkpt>
  <trkpt lat="37.16280921" lon="38.79484881"><ele>547.745</ele><time>2026-09-19T16:02:57Z</time><speed>0.000</speed><sat>31</sat></trkpt>
  <trkpt lat="37.16280916" lon="38.79484875"><ele>547.746</ele><time>2026-09-19T16:02:58Z</time><speed>0.000</speed><sat>32</sat></trkpt>
  <trkpt lat="37.16280912" lon="38.79484871"><ele>547.743</ele><time>2026-09-19T16:02:59Z</time><speed>0.000</speed><sat>31</sat></trkpt>
  <trkpt lat="37.16280909" lon="38.79484867"><ele>547.742</ele><time>2026-09-19T16:03:00Z</time><speed>0.000</speed><sat>31</sat></trkpt>
  <trkpt lat="37.16280906" lon="38.79484866"><ele>547.739</ele><time>2026-09-19T16:03:01Z</time><speed>0.000</speed><sat>29</sat></trkpt>
  <trkpt lat="37.16280903" lon="38.79484863"><ele>547.737</ele><time>2026-09-19T16:03:02Z</time><speed>0.000</speed><sat>29</sat></trkpt>
  <trkpt lat="37.16280900" lon="38.79484860"><ele>547.737</ele><time>2026-09-19T16:03:03Z</time><speed>0.000</speed><sat>29</sat></trkpt>
  <trkpt lat="37.16280898" lon="38.79484858"><ele>547.737</ele><time>2026-09-19T16:03:04Z</time><speed>0.000</speed><sat>29</sat></trkpt>
  <trkpt lat="37.16280897" lon="38.79484857"><ele>547.738</ele><time>2026-09-19T16:03:05Z</time><speed>0.000</speed><sat>30</sat></trkpt>
  <trkpt lat="37.16280896" lon="38.79484856"><ele>547.739</ele><time>2026-09-19T16:03:06Z</time><speed>0.000</speed><sat>31</sat></trkpt>
  <trkpt lat="37.16280895" lon="38.79484856"><ele>547.740</ele><time>2026-09-19T16:03:07Z</time><speed>0.000</speed><sat>31</sat></trkpt>
  <trkpt lat="37.16280894" lon="38.79484857"><ele>547.744</ele><time>2026-09-19T16:03:08Z</time><speed>0.000</speed><sat>31</sat></trkpt>
  <trkpt lat="37.16280895" lon="38.79484854"><ele>547.752</ele><time>2026-09-19T16:03:09Z</time><speed>0.000</speed><sat>31</sat></trkpt>
  <trkpt lat="37.16280894" lon="38.79484848"><ele>547.757</ele><time>2026-09-19T16:03:10Z</time><speed>0.000</speed><sat>31</sat></trkpt>
  <trkpt lat="37.16280893" lon="38.79484843"><ele>547.761</ele><time>2026-09-19T16:03:11Z</time><speed>0.000</speed><sat>32</sat></trkpt>
  <trkpt lat="37.16280892" lon="38.79484839"><ele>547.769</ele><time>2026-09-19T16:03:12Z</time><speed>0.000</speed><sat>32</sat></trkpt>
  <trkpt lat="37.16280891" lon="38.79484838"><ele>547.777</ele><time>2026-09-19T16:03:13Z</time><speed>0.000</speed><sat>32</sat></trkpt>
  <trkpt lat="37.16280891" lon="38.79484837"><ele>547.781</ele><time>2026-09-19T16:03:14Z</time><speed>0.000</speed><sat>32</sat></trkpt>
  <trkpt lat="37.16280891" lon="38.79484833"><ele>547.786</ele><time>2026-09-19T16:03:15Z</time><speed>0.000</speed><sat>32</sat></trkpt>
  <trkpt lat="37.16280891" lon="38.79484828"><ele>547.792</ele><time>2026-09-19T16:03:16Z</time><speed>0.000</speed><sat>32</sat></trkpt>
  <trkpt lat="37.16280891" lon="38.79484822"><ele>547.795</ele><time>2026-09-19T16:03:17Z</time><speed>0.000</speed><sat>32</sat></trkpt>
  <trkpt lat="37.16280891" lon="38.79484817"><ele>547.800</ele><time>2026-09-19T16:03:18Z</time><speed>0.000</speed><sat>32</sat></trkpt>
  <trkpt lat="37.16280891" lon="38.79484812"><ele>547.801</ele><time>2026-09-19T16:03:19Z</time><speed>0.000</speed><sat>33</sat></trkpt>
  <trkpt lat="37.16280891" lon="38.79484809"><ele>547.800</ele><time>2026-09-19T16:03:20Z</time><speed>0.000</speed><sat>33</sat></trkpt>
  <trkpt lat="37.16280890" lon="38.79484807"><ele>547.798</ele><time>2026-09-19T16:03:21Z</time><speed>0.000</speed><sat>32</sat></trkpt>
  <trkpt lat="37.16280888" lon="38.79484805"><ele>547.794</ele><time>2026-09-19T16:03:22Z</time><speed>0.000</speed><sat>32</sat></trkpt>
  <trkpt lat="37.16280885" lon="38.79484804"><ele>547.789</ele><time>2026-09-19T16:03:23Z</time><speed>0.000</speed><sat>30</sat></trkpt>
  <trkpt lat="37.16280882" lon="38.79484803"><ele>547.787</ele><time>2026-09-19T16:03:24Z</time><speed>0.000</speed><sat>30</sat></trkpt>
  <trkpt lat="37.16280879" lon="38.79484802"><ele>547.784</ele><time>2026-09-19T16:03:25Z</time><speed>0.000</speed><sat>30</sat></trkpt>
  <trkpt lat="37.16280875" lon="38.79484799"><ele>547.780</ele><time>2026-09-19T16:03:26Z</time><speed>0.000</speed><sat>30</sat></trkpt>
  <trkpt lat="37.16280864" lon="38.79484793"><ele>547.769</ele><time>2026-09-19T16:03:27Z</time><speed>0.000</speed><sat>30</sat></trkpt>
  <trkpt lat="37.16280850" lon="38.79484785"><ele>547.760</ele><time>2026-09-19T16:03:28Z</time><speed>0.000</speed><sat>32</sat></trkpt>
  <trkpt lat="37.16280835" lon="38.79484779"><ele>547.750</ele><time>2026-09-19T16:03:29Z</time><speed>0.000</speed><sat>32</sat></trkpt>
  <trkpt lat="37.16280820" lon="38.79484773"><ele>547.740</ele><time>2026-09-19T16:03:30Z</time><speed>0.000</speed><sat>33</sat></trkpt>
  <trkpt lat="37.16280806" lon="38.79484764"><ele>547.733</ele><time>2026-09-19T16:03:31Z</time><speed>0.000</speed><sat>33</sat></trkpt>
  <trkpt lat="37.16280791" lon="38.79484756"><ele>547.726</ele><time>2026-09-19T16:03:32Z</time><speed>0.000</speed><sat>33</sat></trkpt>
  <trkpt lat="37.16280774" lon="38.79484745"><ele>547.722</ele><time>2026-09-19T16:03:33Z</time><speed>0.000</speed><sat>32</sat></trkpt>
  <trkpt lat="37.16280767" lon="38.79484741"><ele>547.722</ele><time>2026-09-19T16:03:34Z</time><speed>0.000</speed><sat>32</sat></trkpt>
  <trkpt lat="37.16280598" lon="38.79484585"><ele>547.573</ele><time>2026-09-19T16:03:35Z</time><speed>0.310</speed><sat>32</sat></trkpt>
  <trkpt lat="37.16279848" lon="38.79484003"><ele>547.578</ele><time>2026-09-19T16:03:36Z</time><speed>1.020</speed><sat>33</sat></trkpt>
  <trkpt lat="37.16279122" lon="38.79483616"><ele>547.899</ele><time>2026-09-19T16:03:37Z</time><speed>0.440</speed><sat>34</sat></trkpt>
  <trkpt lat="37.16278477" lon="38.79483183"><ele>547.938</ele><time>2026-09-19T16:03:38Z</time><speed>0.610</speed><sat>34</sat></trkpt>
  <trkpt lat="37.16277712" lon="38.79482856"><ele>547.785</ele><time>2026-09-19T16:03:39Z</time><speed>0.590</speed><sat>35</sat></trkpt>
  <trkpt lat="37.16276793" lon="38.79482675"><ele>548.128</ele><time>2026-09-19T16:03:40Z</time><speed>0.790</speed><sat>35</sat></trkpt>
  <trkpt lat="37.16275812" lon="38.79482456"><ele>548.322</ele><time>2026-09-19T16:03:41Z</time><speed>0.880</speed><sat>35</sat></trkpt>
  <trkpt lat="37.16274557" lon="38.79482078"><ele>548.577</ele><time>2026-09-19T16:03:42Z</time><speed>1.220</speed><sat>35</sat></trkpt>
  <trkpt lat="37.16273043" lon="38.79481634"><ele>548.663</ele><time>2026-09-19T16:03:43Z</time><speed>1.490</speed><sat>35</sat></trkpt>
  <trkpt lat="37.16271472" lon="38.79481251"><ele>548.969</ele><time>2026-09-19T16:03:44Z</time><speed>1.480</speed><sat>35</sat></trkpt>
  <trkpt lat="37.16269786" lon="38.79480464"><ele>550.236</ele><time>2026-09-19T16:03:45Z</time><speed>1.630</speed><sat>36</sat></trkpt>
  <trkpt lat="37.16268717" lon="38.79480167"><ele>549.875</ele><time>2026-09-19T16:03:46Z</time><speed>0.470</speed><sat>36</sat></trkpt>
  <trkpt lat="37.16268082" lon="38.79480412"><ele>549.461</ele><time>2026-09-19T16:03:47Z</time><speed>0.720</speed><sat>36</sat></trkpt>
  <trkpt lat="37.16267243" lon="38.79480963"><ele>548.966</ele><time>2026-09-19T16:03:48Z</time><speed>0.970</speed><sat>36</sat></trkpt>
  <trkpt lat="37.16266843" lon="38.79482424"><ele>549.925</ele><time>2026-09-19T16:03:49Z</time><speed>0.770</speed><sat>36</sat></trkpt>
  <trkpt lat="37.16266903" lon="38.79484157"><ele>549.189</ele><time>2026-09-19T16:03:50Z</time><speed>0.670</speed><sat>36</sat></trkpt>
  <trkpt lat="37.16267238" lon="38.79485779"><ele>549.636</ele><time>2026-09-19T16:03:51Z</time><speed>0.790</speed><sat>36</sat></trkpt>
  <trkpt lat="37.16267569" lon="38.79487543"><ele>548.364</ele><time>2026-09-19T16:03:52Z</time><speed>0.700</speed><sat>36</sat></trkpt>
  <trkpt lat="37.16267789" lon="38.79489359"><ele>549.081</ele><time>2026-09-19T16:03:53Z</time><speed>1.160</speed><sat>36</sat></trkpt>
  <trkpt lat="37.16267788" lon="38.79491366"><ele>549.307</ele><time>2026-09-19T16:03:54Z</time><speed>1.130</speed><sat>33</sat></trkpt>
  <trkpt lat="37.16267769" lon="38.79493287"><ele>549.618</ele><time>2026-09-19T16:03:55Z</time><speed>1.190</speed><sat>33</sat></trkpt>
  <trkpt lat="37.16267584" lon="38.79495110"><ele>549.804</ele><time>2026-09-19T16:03:56Z</time><speed>1.170</speed><sat>33</sat></trkpt>
  <trkpt lat="37.16267350" lon="38.79496969"><ele>549.246</ele><time>2026-09-19T16:03:57Z</time><speed>0.910</speed><sat>32</sat></trkpt>
  <trkpt lat="37.16267524" lon="38.79499022"><ele>549.538</ele><time>2026-09-19T16:03:58Z</time><speed>1.120</speed><sat>33</sat></trkpt>
  <trkpt lat="37.16267750" lon="38.79501098"><ele>548.934</ele><time>2026-09-19T16:03:59Z</time><speed>1.160</speed><sat>32</sat></trkpt>
  <trkpt lat="37.16267649" lon="38.79502867"><ele>549.720</ele><time>2026-09-19T16:04:00Z</time><speed>0.840</speed><sat>32</sat></trkpt>
  <trkpt lat="37.16267203" lon="38.79503914"><ele>549.254</ele><time>2026-09-19T16:04:01Z</time><speed>0.250</speed><sat>32</sat></trkpt>
  <trkpt lat="37.16266965" lon="38.79504792"><ele>549.225</ele><time>2026-09-19T16:04:02Z</time><speed>0.180</speed><sat>32</sat></trkpt>
  <trkpt lat="37.16266382" lon="38.79505784"><ele>548.752</ele><time>2026-09-19T16:04:03Z</time><speed>0.700</speed><sat>33</sat></trkpt>
  <trkpt lat="37.16265710" lon="38.79507109"><ele>547.529</ele><time>2026-09-19T16:04:04Z</time><speed>0.900</speed><sat>30</sat></trkpt>
  <trkpt lat="37.16264847" lon="38.79508425"><ele>547.143</ele><time>2026-09-19T16:04:05Z</time><speed>1.100</speed><sat>32</sat></trkpt>
  <trkpt lat="37.16264278" lon="38.79509532"><ele>546.611</ele><time>2026-09-19T16:04:06Z</time><speed>0.570</speed><sat>32</sat></trkpt>
  <trkpt lat="37.16263904" lon="38.79510521"><ele>546.142</ele><time>2026-09-19T16:04:07Z</time><speed>0.620</speed><sat>33</sat></trkpt>
  <trkpt lat="37.16263714" lon="38.79511235"><ele>545.887</ele><time>2026-09-19T16:04:08Z</time><speed>0.000</speed><sat>33</sat></trkpt>
  <trkpt lat="37.16263570" lon="38.79511931"><ele>545.702</ele><time>2026-09-19T16:04:09Z</time><speed>0.530</speed><sat>33</sat></trkpt>
  <trkpt lat="37.16263240" lon="38.79513053"><ele>545.830</ele><time>2026-09-19T16:04:10Z</time><speed>0.860</speed><sat>33</sat></trkpt>
  <trkpt lat="37.16262944" lon="38.79513940"><ele>545.257</ele><time>2026-09-19T16:04:11Z</time><speed>0.370</speed><sat>30</sat></trkpt>
  <trkpt lat="37.16262800" lon="38.79514466"><ele>544.636</ele><time>2026-09-19T16:04:12Z</time><speed>0.270</speed><sat>31</sat></trkpt>
  <trkpt lat="37.16262752" lon="38.79514825"><ele>544.970</ele><time>2026-09-19T16:04:13Z</time><speed>0.230</speed><sat>31</sat></trkpt>
  <trkpt lat="37.16262374" lon="38.79514892"><ele>545.321</ele><time>2026-09-19T16:04:14Z</time><speed>0.650</speed><sat>32</sat></trkpt>
  <trkpt lat="37.16262330" lon="38.79515063"><ele>544.138</ele><time>2026-09-19T16:04:15Z</time><speed>0.000</speed><sat>34</sat></trkpt>
  <trkpt lat="37.16263017" lon="38.79515474"><ele>544.351</ele><time>2026-09-19T16:04:16Z</time><speed>0.000</speed><sat>36</sat></trkpt>
  <trkpt lat="37.16263412" lon="38.79515698"><ele>544.369</ele><time>2026-09-19T16:04:17Z</time><speed>0.000</speed><sat>37</sat></trkpt>
  <trkpt lat="37.16263689" lon="38.79515860"><ele>544.404</ele><time>2026-09-19T16:04:18Z</time><speed>0.000</speed><sat>37</sat></trkpt>
  <trkpt lat="37.16263843" lon="38.79515954"><ele>544.401</ele><time>2026-09-19T16:04:19Z</time><speed>0.000</speed><sat>38</sat></trkpt>
  <trkpt lat="37.16263930" lon="38.79516013"><ele>544.401</ele><time>2026-09-19T16:04:20Z</time><speed>0.000</speed><sat>38</sat></trkpt>
  <trkpt lat="37.16263985" lon="38.79516061"><ele>544.403</ele><time>2026-09-19T16:04:21Z</time><speed>0.000</speed><sat>38</sat></trkpt>
  <trkpt lat="37.16264033" lon="38.79516107"><ele>544.401</ele><time>2026-09-19T16:04:22Z</time><speed>0.000</speed><sat>38</sat></trkpt>
  <trkpt lat="37.16264058" lon="38.79516135"><ele>544.405</ele><time>2026-09-19T16:04:23Z</time><speed>0.000</speed><sat>33</sat></trkpt>
  <trkpt lat="37.16264087" lon="38.79516164"><ele>544.420</ele><time>2026-09-19T16:04:24Z</time><speed>0.000</speed><sat>33</sat></trkpt>
  <trkpt lat="37.16264100" lon="38.79516176"><ele>544.428</ele><time>2026-09-19T16:04:25Z</time><speed>0.000</speed><sat>36</sat></trkpt>
  <trkpt lat="37.16264157" lon="38.79516219"><ele>544.468</ele><time>2026-09-19T16:04:26Z</time><speed>0.000</speed><sat>35</sat></trkpt>
  <trkpt lat="37.16264198" lon="38.79516247"><ele>544.481</ele><time>2026-09-19T16:04:27Z</time><speed>0.000</speed><sat>36</sat></trkpt>
  <trkpt lat="37.16264224" lon="38.79516272"><ele>544.478</ele><time>2026-09-19T16:04:28Z</time><speed>0.000</speed><sat>37</sat></trkpt>
  <trkpt lat="37.16264236" lon="38.79516290"><ele>544.463</ele><time>2026-09-19T16:04:29Z</time><speed>0.000</speed><sat>37</sat></trkpt>
  <trkpt lat="37.16264250" lon="38.79516310"><ele>544.448</ele><time>2026-09-19T16:04:30Z</time><speed>0.000</speed><sat>39</sat></trkpt>
  <trkpt lat="37.16264311" lon="38.79516374"><ele>544.478</ele><time>2026-09-19T16:04:31Z</time><speed>0.000</speed><sat>38</sat></trkpt>
  <trkpt lat="37.16264410" lon="38.79516468"><ele>544.492</ele><time>2026-09-19T16:04:32Z</time><speed>0.000</speed><sat>39</sat></trkpt>
  <trkpt lat="37.16264453" lon="38.79516519"><ele>544.481</ele><time>2026-09-19T16:04:33Z</time><speed>0.000</speed><sat>39</sat></trkpt>
  <trkpt lat="37.16264533" lon="38.79516596"><ele>544.470</ele><time>2026-09-19T16:04:34Z</time><speed>0.000</speed><sat>37</sat></trkpt>
  <trkpt lat="37.16264659" lon="38.79516835"><ele>543.189</ele><time>2026-09-19T16:04:35Z</time><speed>0.160</speed><sat>37</sat></trkpt>
  <trkpt lat="37.16264827" lon="38.79517079"><ele>543.229</ele><time>2026-09-19T16:04:36Z</time><speed>0.000</speed><sat>37</sat></trkpt>
  <trkpt lat="37.16265061" lon="38.79516912"><ele>543.391</ele><time>2026-09-19T16:04:37Z</time><speed>0.190</speed><sat>38</sat></trkpt>
  <trkpt lat="37.16265307" lon="38.79516792"><ele>543.411</ele><time>2026-09-19T16:04:38Z</time><speed>0.000</speed><sat>38</sat></trkpt>
  <trkpt lat="37.16265440" lon="38.79516779"><ele>543.428</ele><time>2026-09-19T16:04:39Z</time><speed>0.000</speed><sat>38</sat></trkpt>
  <trkpt lat="37.16265503" lon="38.79516763"><ele>543.443</ele><time>2026-09-19T16:04:40Z</time><speed>0.000</speed><sat>38</sat></trkpt>
  <trkpt lat="37.16265532" lon="38.79516749"><ele>543.450</ele><time>2026-09-19T16:04:41Z</time><speed>0.000</speed><sat>37</sat></trkpt>
  <trkpt lat="37.16265545" lon="38.79516737"><ele>543.460</ele><time>2026-09-19T16:04:42Z</time><speed>0.000</speed><sat>37</sat></trkpt>
  <trkpt lat="37.16265551" lon="38.79516726"><ele>543.481</ele><time>2026-09-19T16:04:43Z</time><speed>0.000</speed><sat>33</sat></trkpt>
  <trkpt lat="37.16265552" lon="38.79516714"><ele>543.497</ele><time>2026-09-19T16:04:44Z</time><speed>0.000</speed><sat>29</sat></trkpt>
  <trkpt lat="37.16265557" lon="38.79516709"><ele>543.508</ele><time>2026-09-19T16:04:45Z</time><speed>0.000</speed><sat>29</sat></trkpt>
  <trkpt lat="37.16265566" lon="38.79516709"><ele>543.522</ele><time>2026-09-19T16:04:46Z</time><speed>0.000</speed><sat>31</sat></trkpt>
  <trkpt lat="37.16265571" lon="38.79516707"><ele>543.537</ele><time>2026-09-19T16:04:47Z</time><speed>0.000</speed><sat>31</sat></trkpt>
  <trkpt lat="37.16265580" lon="38.79516707"><ele>543.551</ele><time>2026-09-19T16:04:48Z</time><speed>0.000</speed><sat>31</sat></trkpt>
  <trkpt lat="37.16265586" lon="38.79516708"><ele>543.568</ele><time>2026-09-19T16:04:49Z</time><speed>0.000</speed><sat>31</sat></trkpt>
  <trkpt lat="37.16265379" lon="38.79516491"><ele>543.643</ele><time>2026-09-19T16:04:50Z</time><speed>0.510</speed><sat>28</sat></trkpt>
  <trkpt lat="37.16264837" lon="38.79515755"><ele>543.223</ele><time>2026-09-19T16:04:51Z</time><speed>0.480</speed><sat>28</sat></trkpt>
  <trkpt lat="37.16264292" lon="38.79515121"><ele>542.993</ele><time>2026-09-19T16:04:52Z</time><speed>0.580</speed><sat>36</sat></trkpt>
  <trkpt lat="37.16263691" lon="38.79514551"><ele>543.069</ele><time>2026-09-19T16:04:53Z</time><speed>0.530</speed><sat>35</sat></trkpt>
  <trkpt lat="37.16263023" lon="38.79513946"><ele>543.368</ele><time>2026-09-19T16:04:54Z</time><speed>0.800</speed><sat>37</sat></trkpt>
  <trkpt lat="37.16261935" lon="38.79513674"><ele>543.225</ele><time>2026-09-19T16:04:55Z</time><speed>1.380</speed><sat>37</sat></trkpt>
  <trkpt lat="37.16260879" lon="38.79513774"><ele>543.045</ele><time>2026-09-19T16:04:56Z</time><speed>0.840</speed><sat>37</sat></trkpt>
  <trkpt lat="37.16260158" lon="38.79514413"><ele>542.744</ele><time>2026-09-19T16:04:57Z</time><speed>0.860</speed><sat>37</sat></trkpt>
  <trkpt lat="37.16259663" lon="38.79515736"><ele>542.420</ele><time>2026-09-19T16:04:58Z</time><speed>1.190</speed><sat>36</sat></trkpt>
  <trkpt lat="37.16259609" lon="38.79517586"><ele>542.086</ele><time>2026-09-19T16:04:59Z</time><speed>1.080</speed><sat>35</sat></trkpt>
  <trkpt lat="37.16259831" lon="38.79519789"><ele>543.327</ele><time>2026-09-19T16:05:00Z</time><speed>0.550</speed><sat>35</sat></trkpt>
  <trkpt lat="37.16259912" lon="38.79521797"><ele>542.987</ele><time>2026-09-19T16:05:01Z</time><speed>1.000</speed><sat>37</sat></trkpt>
  <trkpt lat="37.16259887" lon="38.79523663"><ele>542.491</ele><time>2026-09-19T16:05:02Z</time><speed>0.350</speed><sat>37</sat></trkpt>
  <trkpt lat="37.16259861" lon="38.79525175"><ele>543.649</ele><time>2026-09-19T16:05:03Z</time><speed>0.550</speed><sat>38</sat></trkpt>
  <trkpt lat="37.16259626" lon="38.79527081"><ele>543.895</ele><time>2026-09-19T16:05:04Z</time><speed>1.050</speed><sat>38</sat></trkpt>
  <trkpt lat="37.16259520" lon="38.79528682"><ele>543.753</ele><time>2026-09-19T16:05:05Z</time><speed>0.500</speed><sat>38</sat></trkpt>
  <trkpt lat="37.16259599" lon="38.79529498"><ele>543.346</ele><time>2026-09-19T16:05:06Z</time><speed>0.000</speed><sat>38</sat></trkpt>
  <trkpt lat="37.16259912" lon="38.79530579"><ele>543.361</ele><time>2026-09-19T16:05:07Z</time><speed>0.000</speed><sat>36</sat></trkpt>
  <trkpt lat="37.16260068" lon="38.79531113"><ele>543.356</ele><time>2026-09-19T16:05:08Z</time><speed>0.000</speed><sat>36</sat></trkpt>
  <trkpt lat="37.16260149" lon="38.79531381"><ele>543.369</ele><time>2026-09-19T16:05:09Z</time><speed>0.000</speed><sat>35</sat></trkpt>
  <trkpt lat="37.16260190" lon="38.79531514"><ele>543.367</ele><time>2026-09-19T16:05:10Z</time><speed>0.000</speed><sat>35</sat></trkpt>
  <trkpt lat="37.16260214" lon="38.79531581"><ele>543.377</ele><time>2026-09-19T16:05:11Z</time><speed>0.000</speed><sat>34</sat></trkpt>
  <trkpt lat="37.16260228" lon="38.79531614"><ele>543.383</ele><time>2026-09-19T16:05:12Z</time><speed>0.000</speed><sat>30</sat></trkpt>
  <trkpt lat="37.16260237" lon="38.79531630"><ele>543.389</ele><time>2026-09-19T16:05:13Z</time><speed>0.000</speed><sat>31</sat></trkpt>
  <trkpt lat="37.16260243" lon="38.79531638"><ele>543.395</ele><time>2026-09-19T16:05:14Z</time><speed>0.000</speed><sat>29</sat></trkpt>
  <trkpt lat="37.16260250" lon="38.79531642"><ele>543.404</ele><time>2026-09-19T16:05:15Z</time><speed>0.000</speed><sat>29</sat></trkpt>
  <trkpt lat="37.16260257" lon="38.79531645"><ele>543.411</ele><time>2026-09-19T16:05:16Z</time><speed>0.000</speed><sat>31</sat></trkpt>
  <trkpt lat="37.16260265" lon="38.79531647"><ele>543.422</ele><time>2026-09-19T16:05:17Z</time><speed>0.000</speed><sat>31</sat></trkpt>
  <trkpt lat="37.16260270" lon="38.79531647"><ele>543.431</ele><time>2026-09-19T16:05:18Z</time><speed>0.000</speed><sat>31</sat></trkpt>
  <trkpt lat="37.16260273" lon="38.79531646"><ele>543.441</ele><time>2026-09-19T16:05:19Z</time><speed>0.000</speed><sat>30</sat></trkpt>
  <trkpt lat="37.16260273" lon="38.79531645"><ele>543.459</ele><time>2026-09-19T16:05:20Z</time><speed>0.000</speed><sat>30</sat></trkpt>
  <trkpt lat="37.16260272" lon="38.79531646"><ele>543.482</ele><time>2026-09-19T16:05:21Z</time><speed>0.000</speed><sat>31</sat></trkpt>
  <trkpt lat="37.16260274" lon="38.79531648"><ele>543.490</ele><time>2026-09-19T16:05:22Z</time><speed>0.000</speed><sat>31</sat></trkpt>
  <trkpt lat="37.16260277" lon="38.79531651"><ele>543.504</ele><time>2026-09-19T16:05:23Z</time><speed>0.000</speed><sat>31</sat></trkpt>
  <trkpt lat="37.16260278" lon="38.79531655"><ele>543.513</ele><time>2026-09-19T16:05:24Z</time><speed>0.000</speed><sat>31</sat></trkpt>
  <trkpt lat="37.16260277" lon="38.79531657"><ele>543.518</ele><time>2026-09-19T16:05:25Z</time><speed>0.000</speed><sat>33</sat></trkpt>
  <trkpt lat="37.16260279" lon="38.79531663"><ele>543.521</ele><time>2026-09-19T16:05:26Z</time><speed>0.000</speed><sat>34</sat></trkpt>
  <trkpt lat="37.16260278" lon="38.79531668"><ele>543.513</ele><time>2026-09-19T16:05:27Z</time><speed>0.000</speed><sat>33</sat></trkpt>
  <trkpt lat="37.16260273" lon="38.79531673"><ele>543.510</ele><time>2026-09-19T16:05:28Z</time><speed>0.000</speed><sat>35</sat></trkpt>
  <trkpt lat="37.16260269" lon="38.79531676"><ele>543.510</ele><time>2026-09-19T16:05:29Z</time><speed>0.000</speed><sat>35</sat></trkpt>
  <trkpt lat="37.16260264" lon="38.79531676"><ele>543.512</ele><time>2026-09-19T16:05:30Z</time><speed>0.000</speed><sat>35</sat></trkpt>
  <trkpt lat="37.16260260" lon="38.79531677"><ele>543.511</ele><time>2026-09-19T16:05:31Z</time><speed>0.000</speed><sat>35</sat></trkpt>
  <trkpt lat="37.16260254" lon="38.79531676"><ele>543.499</ele><time>2026-09-19T16:05:32Z</time><speed>0.000</speed><sat>35</sat></trkpt>
  <trkpt lat="37.16260251" lon="38.79531675"><ele>543.518</ele><time>2026-09-19T16:05:33Z</time><speed>0.000</speed><sat>35</sat></trkpt>
  <trkpt lat="37.16260247" lon="38.79531674"><ele>543.511</ele><time>2026-09-19T16:05:34Z</time><speed>0.000</speed><sat>36</sat></trkpt>
  <trkpt lat="37.16260245" lon="38.79531675"><ele>543.506</ele><time>2026-09-19T16:05:35Z</time><speed>0.000</speed><sat>36</sat></trkpt>
  <trkpt lat="37.16260244" lon="38.79531680"><ele>543.515</ele><time>2026-09-19T16:05:36Z</time><speed>0.000</speed><sat>36</sat></trkpt>
  <trkpt lat="37.16260243" lon="38.79531687"><ele>543.521</ele><time>2026-09-19T16:05:37Z</time><speed>0.000</speed><sat>36</sat></trkpt>
  <trkpt lat="37.16260299" lon="38.79531775"><ele>543.410</ele><time>2026-09-19T16:05:38Z</time><speed>0.000</speed><sat>37</sat></trkpt>
  <trkpt lat="37.16259972" lon="38.79532138"><ele>543.399</ele><time>2026-09-19T16:05:39Z</time><speed>0.600</speed><sat>37</sat></trkpt>
  <trkpt lat="37.16259442" lon="38.79532810"><ele>543.109</ele><time>2026-09-19T16:05:40Z</time><speed>0.830</speed><sat>35</sat></trkpt>
  <trkpt lat="37.16259015" lon="38.79533915"><ele>542.587</ele><time>2026-09-19T16:05:41Z</time><speed>0.990</speed><sat>35</sat></trkpt>
  <trkpt lat="37.16258733" lon="38.79535360"><ele>542.386</ele><time>2026-09-19T16:05:42Z</time><speed>1.120</speed><sat>35</sat></trkpt>
  <trkpt lat="37.16258799" lon="38.79537088"><ele>542.404</ele><time>2026-09-19T16:05:43Z</time><speed>1.210</speed><sat>34</sat></trkpt>
  <trkpt lat="37.16258814" lon="38.79538741"><ele>542.345</ele><time>2026-09-19T16:05:44Z</time><speed>1.200</speed><sat>33</sat></trkpt>
  <trkpt lat="37.16258823" lon="38.79540576"><ele>542.539</ele><time>2026-09-19T16:05:45Z</time><speed>1.260</speed><sat>33</sat></trkpt>
  <trkpt lat="37.16258800" lon="38.79542371"><ele>542.578</ele><time>2026-09-19T16:05:46Z</time><speed>1.220</speed><sat>34</sat></trkpt>
  <trkpt lat="37.16258801" lon="38.79544075"><ele>542.530</ele><time>2026-09-19T16:05:47Z</time><speed>1.230</speed><sat>35</sat></trkpt>
  <trkpt lat="37.16258775" lon="38.79545729"><ele>543.159</ele><time>2026-09-19T16:05:48Z</time><speed>1.230</speed><sat>35</sat></trkpt>
  <trkpt lat="37.16258959" lon="38.79547315"><ele>542.527</ele><time>2026-09-19T16:05:49Z</time><speed>1.250</speed><sat>35</sat></trkpt>
  <trkpt lat="37.16258879" lon="38.79548977"><ele>542.565</ele><time>2026-09-19T16:05:50Z</time><speed>1.240</speed><sat>33</sat></trkpt>
  <trkpt lat="37.16258661" lon="38.79550546"><ele>541.972</ele><time>2026-09-19T16:05:51Z</time><speed>1.180</speed><sat>32</sat></trkpt>
  <trkpt lat="37.16258305" lon="38.79552128"><ele>541.133</ele><time>2026-09-19T16:05:52Z</time><speed>1.210</speed><sat>32</sat></trkpt>
  <trkpt lat="37.16258178" lon="38.79553813"><ele>540.131</ele><time>2026-09-19T16:05:53Z</time><speed>1.200</speed><sat>32</sat></trkpt>
  <trkpt lat="37.16257973" lon="38.79555413"><ele>540.049</ele><time>2026-09-19T16:05:54Z</time><speed>1.190</speed><sat>32</sat></trkpt>
  <trkpt lat="37.16257454" lon="38.79557263"><ele>546.178</ele><time>2026-09-19T16:05:55Z</time><speed>0.560</speed><sat>32</sat></trkpt>
  <trkpt lat="37.16256981" lon="38.79558775"><ele>546.442</ele><time>2026-09-19T16:05:56Z</time><speed>0.830</speed><sat>33</sat></trkpt>
  <trkpt lat="37.16256508" lon="38.79559713"><ele>546.100</ele><time>2026-09-19T16:05:57Z</time><speed>0.330</speed><sat>32</sat></trkpt>
  <trkpt lat="37.16256248" lon="38.79560582"><ele>545.282</ele><time>2026-09-19T16:05:58Z</time><speed>0.490</speed><sat>32</sat></trkpt>
  <trkpt lat="37.16256437" lon="38.79561366"><ele>544.309</ele><time>2026-09-19T16:05:59Z</time><speed>0.580</speed><sat>32</sat></trkpt>
  <trkpt lat="37.16256928" lon="38.79561805"><ele>542.748</ele><time>2026-09-19T16:06:00Z</time><speed>0.560</speed><sat>33</sat></trkpt>
  <trkpt lat="37.16257606" lon="38.79561793"><ele>542.811</ele><time>2026-09-19T16:06:01Z</time><speed>0.740</speed><sat>32</sat></trkpt>
  <trkpt lat="37.16258441" lon="38.79561567"><ele>543.080</ele><time>2026-09-19T16:06:02Z</time><speed>0.860</speed><sat>31</sat></trkpt>
  <trkpt lat="37.16259149" lon="38.79561268"><ele>543.712</ele><time>2026-09-19T16:06:03Z</time><speed>0.820</speed><sat>30</sat></trkpt>
  <trkpt lat="37.16259940" lon="38.79561082"><ele>544.053</ele><time>2026-09-19T16:06:04Z</time><speed>0.990</speed><sat>30</sat></trkpt>
  <trkpt lat="37.16260814" lon="38.79560942"><ele>544.533</ele><time>2026-09-19T16:06:05Z</time><speed>0.880</speed><sat>28</sat></trkpt>
  <trkpt lat="37.16261135" lon="38.79561237"><ele>543.713</ele><time>2026-09-19T16:06:06Z</time><speed>0.000</speed><sat>27</sat></trkpt>
  <trkpt lat="37.16260994" lon="38.79561593"><ele>543.446</ele><time>2026-09-19T16:06:07Z</time><speed>0.360</speed><sat>26</sat></trkpt>
  <trkpt lat="37.16260675" lon="38.79561815"><ele>543.819</ele><time>2026-09-19T16:06:08Z</time><speed>0.250</speed><sat>27</sat></trkpt>
  <trkpt lat="37.16259910" lon="38.79562167"><ele>543.146</ele><time>2026-09-19T16:06:09Z</time><speed>0.530</speed><sat>27</sat></trkpt>
  <trkpt lat="37.16258805" lon="38.79562112"><ele>542.945</ele><time>2026-09-19T16:06:10Z</time><speed>0.870</speed><sat>27</sat></trkpt>
  <trkpt lat="37.16257701" lon="38.79561988"><ele>542.807</ele><time>2026-09-19T16:06:11Z</time><speed>0.860</speed><sat>27</sat></trkpt>
  <trkpt lat="37.16256685" lon="38.79561411"><ele>543.467</ele><time>2026-09-19T16:06:12Z</time><speed>0.630</speed><sat>27</sat></trkpt>
  <trkpt lat="37.16255985" lon="38.79560284"><ele>544.617</ele><time>2026-09-19T16:06:13Z</time><speed>0.770</speed><sat>28</sat></trkpt>
  <trkpt lat="37.16255574" lon="38.79558906"><ele>544.622</ele><time>2026-09-19T16:06:14Z</time><speed>0.880</speed><sat>28</sat></trkpt>
  <trkpt lat="37.16255329" lon="38.79557494"><ele>544.696</ele><time>2026-09-19T16:06:15Z</time><speed>0.890</speed><sat>28</sat></trkpt>
  <trkpt lat="37.16255004" lon="38.79556494"><ele>544.863</ele><time>2026-09-19T16:06:16Z</time><speed>0.650</speed><sat>28</sat></trkpt>
  <trkpt lat="37.16254751" lon="38.79556490"><ele>544.000</ele><time>2026-09-19T16:06:17Z</time><speed>0.250</speed><sat>28</sat></trkpt>
  <trkpt lat="37.16254477" lon="38.79556819"><ele>543.754</ele><time>2026-09-19T16:06:18Z</time><speed>0.240</speed><sat>28</sat></trkpt>
  <trkpt lat="37.16254189" lon="38.79557037"><ele>545.023</ele><time>2026-09-19T16:06:19Z</time><speed>0.190</speed><sat>28</sat></trkpt>
  <trkpt lat="37.16254001" lon="38.79557166"><ele>546.434</ele><time>2026-09-19T16:06:20Z</time><speed>0.290</speed><sat>27</sat></trkpt>
  <trkpt lat="37.16253594" lon="38.79557323"><ele>546.789</ele><time>2026-09-19T16:06:21Z</time><speed>0.440</speed><sat>28</sat></trkpt>
  <trkpt lat="37.16252918" lon="38.79557568"><ele>548.113</ele><time>2026-09-19T16:06:22Z</time><speed>0.600</speed><sat>29</sat></trkpt>
  <trkpt lat="37.16252424" lon="38.79558044"><ele>548.053</ele><time>2026-09-19T16:06:23Z</time><speed>0.000</speed><sat>30</sat></trkpt>
  <trkpt lat="37.16252440" lon="38.79558692"><ele>547.435</ele><time>2026-09-19T16:06:24Z</time><speed>0.000</speed><sat>30</sat></trkpt>
  <trkpt lat="37.16251997" lon="38.79559603"><ele>546.950</ele><time>2026-09-19T16:06:25Z</time><speed>1.110</speed><sat>30</sat></trkpt>
  <trkpt lat="37.16251479" lon="38.79560673"><ele>546.906</ele><time>2026-09-19T16:06:26Z</time><speed>0.620</speed><sat>30</sat></trkpt>
  <trkpt lat="37.16251245" lon="38.79561705"><ele>546.738</ele><time>2026-09-19T16:06:27Z</time><speed>0.580</speed><sat>31</sat></trkpt>
  <trkpt lat="37.16250828" lon="38.79562987"><ele>546.712</ele><time>2026-09-19T16:06:28Z</time><speed>1.040</speed><sat>31</sat></trkpt>
  <trkpt lat="37.16250410" lon="38.79564688"><ele>547.128</ele><time>2026-09-19T16:06:29Z</time><speed>1.220</speed><sat>31</sat></trkpt>
  <trkpt lat="37.16249923" lon="38.79566084"><ele>546.735</ele><time>2026-09-19T16:06:30Z</time><speed>1.010</speed><sat>31</sat></trkpt>
  <trkpt lat="37.16249843" lon="38.79567070"><ele>547.067</ele><time>2026-09-19T16:06:31Z</time><speed>0.530</speed><sat>29</sat></trkpt>
  <trkpt lat="37.16250018" lon="38.79567873"><ele>547.409</ele><time>2026-09-19T16:06:32Z</time><speed>0.620</speed><sat>24</sat></trkpt>
  <trkpt lat="37.16250579" lon="38.79568164"><ele>547.016</ele><time>2026-09-19T16:06:33Z</time><speed>0.000</speed><sat>21</sat></trkpt>
  <trkpt lat="37.16250900" lon="38.79568140"><ele>547.011</ele><time>2026-09-19T16:06:34Z</time><speed>0.000</speed><sat>20</sat></trkpt>
  <trkpt lat="37.16251061" lon="38.79568129"><ele>547.007</ele><time>2026-09-19T16:06:35Z</time><speed>0.000</speed><sat>18</sat></trkpt>
  <trkpt lat="37.16251143" lon="38.79568124"><ele>547.002</ele><time>2026-09-19T16:06:36Z</time><speed>0.000</speed><sat>15</sat></trkpt>
  <trkpt lat="37.16251184" lon="38.79568121"><ele>547.001</ele><time>2026-09-19T16:06:37Z</time><speed>0.000</speed><sat>16</sat></trkpt>
  <trkpt lat="37.16251205" lon="38.79568119"><ele>546.999</ele><time>2026-09-19T16:06:38Z</time><speed>0.000</speed><sat>16</sat></trkpt>
  <trkpt lat="37.16251295" lon="38.79568263"><ele>546.570</ele><time>2026-09-19T16:06:39Z</time><speed>0.170</speed><sat>16</sat></trkpt>
  <trkpt lat="37.16251373" lon="38.79568387"><ele>546.517</ele><time>2026-09-19T16:06:40Z</time><speed>0.000</speed><sat>16</sat></trkpt>
  <trkpt lat="37.16251403" lon="38.79568400"><ele>546.513</ele><time>2026-09-19T16:06:41Z</time><speed>0.000</speed><sat>19</sat></trkpt>
  <trkpt lat="37.16251419" lon="38.79568409"><ele>546.504</ele><time>2026-09-19T16:06:42Z</time><speed>0.000</speed><sat>18</sat></trkpt>
  <trkpt lat="37.16251427" lon="38.79568414"><ele>546.499</ele><time>2026-09-19T16:06:43Z</time><speed>0.000</speed><sat>19</sat></trkpt>
  <trkpt lat="37.16251431" lon="38.79568419"><ele>546.489</ele><time>2026-09-19T16:06:44Z</time><speed>0.000</speed><sat>20</sat></trkpt>
  <trkpt lat="37.16251450" lon="38.79568459"><ele>546.474</ele><time>2026-09-19T16:06:45Z</time><speed>0.000</speed><sat>18</sat></trkpt>
  <trkpt lat="37.16251483" lon="38.79568526"><ele>546.454</ele><time>2026-09-19T16:06:46Z</time><speed>0.000</speed><sat>20</sat></trkpt>
  <trkpt lat="37.16251501" lon="38.79568560"><ele>546.447</ele><time>2026-09-19T16:06:47Z</time><speed>0.000</speed><sat>26</sat></trkpt>
  <trkpt lat="37.16251858" lon="38.79568500"><ele>546.106</ele><time>2026-09-19T16:06:48Z</time><speed>0.590</speed><sat>26</sat></trkpt>
  <trkpt lat="37.16252467" lon="38.79568734"><ele>545.811</ele><time>2026-09-19T16:06:49Z</time><speed>0.400</speed><sat>27</sat></trkpt>
  <trkpt lat="37.16252819" lon="38.79568041"><ele>545.946</ele><time>2026-09-19T16:06:50Z</time><speed>1.030</speed><sat>31</sat></trkpt>
  <trkpt lat="37.16253027" lon="38.79567052"><ele>544.824</ele><time>2026-09-19T16:06:51Z</time><speed>0.870</speed><sat>31</sat></trkpt>
  <trkpt lat="37.16252915" lon="38.79566094"><ele>544.861</ele><time>2026-09-19T16:06:52Z</time><speed>0.890</speed><sat>30</sat></trkpt>
  <trkpt lat="37.16252627" lon="38.79565262"><ele>544.470</ele><time>2026-09-19T16:06:53Z</time><speed>0.790</speed><sat>28</sat></trkpt>
  <trkpt lat="37.16252268" lon="38.79564578"><ele>544.315</ele><time>2026-09-19T16:06:54Z</time><speed>0.760</speed><sat>27</sat></trkpt>
  <trkpt lat="37.16252518" lon="38.79563406"><ele>543.664</ele><time>2026-09-19T16:06:55Z</time><speed>1.060</speed><sat>28</sat></trkpt>
  <trkpt lat="37.16253009" lon="38.79561959"><ele>543.465</ele><time>2026-09-19T16:06:56Z</time><speed>0.930</speed><sat>27</sat></trkpt>
  <trkpt lat="37.16253629" lon="38.79561201"><ele>545.361</ele><time>2026-09-19T16:06:57Z</time><speed>0.000</speed><sat>25</sat></trkpt>
  <trkpt lat="37.16254385" lon="38.79560744"><ele>544.887</ele><time>2026-09-19T16:06:58Z</time><speed>0.590</speed><sat>24</sat></trkpt>
  <trkpt lat="37.16255176" lon="38.79559862"><ele>545.478</ele><time>2026-09-19T16:06:59Z</time><speed>0.900</speed><sat>24</sat></trkpt>
  <trkpt lat="37.16256165" lon="38.79558922"><ele>545.899</ele><time>2026-09-19T16:07:00Z</time><speed>1.080</speed><sat>21</sat></trkpt>
  <trkpt lat="37.16257121" lon="38.79557896"><ele>545.638</ele><time>2026-09-19T16:07:01Z</time><speed>1.060</speed><sat>23</sat></trkpt>
  <trkpt lat="37.16258213" lon="38.79556381"><ele>547.417</ele><time>2026-09-19T16:07:02Z</time><speed>1.070</speed><sat>24</sat></trkpt>
  <trkpt lat="37.16258568" lon="38.79555765"><ele>545.429</ele><time>2026-09-19T16:07:03Z</time><speed>0.200</speed><sat>26</sat></trkpt>
  <trkpt lat="37.16258493" lon="38.79555468"><ele>546.012</ele><time>2026-09-19T16:07:04Z</time><speed>0.190</speed><sat>27</sat></trkpt>
  <trkpt lat="37.16258658" lon="38.79554904"><ele>546.114</ele><time>2026-09-19T16:07:05Z</time><speed>0.710</speed><sat>28</sat></trkpt>
  <trkpt lat="37.16258975" lon="38.79554132"><ele>546.570</ele><time>2026-09-19T16:07:06Z</time><speed>0.740</speed><sat>28</sat></trkpt>
  <trkpt lat="37.16259245" lon="38.79553074"><ele>546.686</ele><time>2026-09-19T16:07:07Z</time><speed>0.960</speed><sat>28</sat></trkpt>
  <trkpt lat="37.16259492" lon="38.79551819"><ele>546.047</ele><time>2026-09-19T16:07:08Z</time><speed>1.000</speed><sat>29</sat></trkpt>
  <trkpt lat="37.16259784" lon="38.79550599"><ele>545.952</ele><time>2026-09-19T16:07:09Z</time><speed>1.070</speed><sat>29</sat></trkpt>
  <trkpt lat="37.16260077" lon="38.79549300"><ele>545.510</ele><time>2026-09-19T16:07:10Z</time><speed>1.080</speed><sat>30</sat></trkpt>
  <trkpt lat="37.16260461" lon="38.79547989"><ele>545.612</ele><time>2026-09-19T16:07:11Z</time><speed>1.170</speed><sat>29</sat></trkpt>
  <trkpt lat="37.16260772" lon="38.79546391"><ele>545.272</ele><time>2026-09-19T16:07:12Z</time><speed>1.280</speed><sat>30</sat></trkpt>
  <trkpt lat="37.16261011" lon="38.79544658"><ele>544.723</ele><time>2026-09-19T16:07:13Z</time><speed>1.320</speed><sat>31</sat></trkpt>
  <trkpt lat="37.16261421" lon="38.79543064"><ele>544.577</ele><time>2026-09-19T16:07:14Z</time><speed>1.350</speed><sat>32</sat></trkpt>
  <trkpt lat="37.16261843" lon="38.79541032"><ele>547.295</ele><time>2026-09-19T16:07:15Z</time><speed>1.110</speed><sat>32</sat></trkpt>
  <trkpt lat="37.16262233" lon="38.79539306"><ele>547.494</ele><time>2026-09-19T16:07:16Z</time><speed>1.160</speed><sat>32</sat></trkpt>
  <trkpt lat="37.16262579" lon="38.79537628"><ele>547.659</ele><time>2026-09-19T16:07:17Z</time><speed>1.190</speed><sat>32</sat></trkpt>
  <trkpt lat="37.16262908" lon="38.79535994"><ele>547.487</ele><time>2026-09-19T16:07:18Z</time><speed>1.180</speed><sat>32</sat></trkpt>
  <trkpt lat="37.16263216" lon="38.79534318"><ele>548.492</ele><time>2026-09-19T16:07:19Z</time><speed>1.260</speed><sat>32</sat></trkpt>
  <trkpt lat="37.16263383" lon="38.79532796"><ele>549.099</ele><time>2026-09-19T16:07:20Z</time><speed>1.010</speed><sat>32</sat></trkpt>
  <trkpt lat="37.16263501" lon="38.79531453"><ele>548.080</ele><time>2026-09-19T16:07:21Z</time><speed>1.020</speed><sat>33</sat></trkpt>
  <trkpt lat="37.16263834" lon="38.79530241"><ele>547.924</ele><time>2026-09-19T16:07:22Z</time><speed>1.040</speed><sat>35</sat></trkpt>
  <trkpt lat="37.16264588" lon="38.79529329"><ele>547.327</ele><time>2026-09-19T16:07:23Z</time><speed>1.250</speed><sat>35</sat></trkpt>
  <trkpt lat="37.16265332" lon="38.79528365"><ele>546.849</ele><time>2026-09-19T16:07:24Z</time><speed>1.120</speed><sat>36</sat></trkpt>
  <trkpt lat="37.16265895" lon="38.79527312"><ele>547.139</ele><time>2026-09-19T16:07:25Z</time><speed>1.080</speed><sat>36</sat></trkpt>
  <trkpt lat="37.16266066" lon="38.79525443"><ele>550.426</ele><time>2026-09-19T16:07:26Z</time><speed>0.800</speed><sat>36</sat></trkpt>
  <trkpt lat="37.16265907" lon="38.79523354"><ele>551.156</ele><time>2026-09-19T16:07:27Z</time><speed>0.880</speed><sat>36</sat></trkpt>
  <trkpt lat="37.16265826" lon="38.79521334"><ele>551.406</ele><time>2026-09-19T16:07:28Z</time><speed>0.930</speed><sat>37</sat></trkpt>
  <trkpt lat="37.16265831" lon="38.79519786"><ele>551.096</ele><time>2026-09-19T16:07:29Z</time><speed>0.560</speed><sat>37</sat></trkpt>
  <trkpt lat="37.16265875" lon="38.79518370"><ele>550.956</ele><time>2026-09-19T16:07:30Z</time><speed>0.780</speed><sat>38</sat></trkpt>
  <trkpt lat="37.16266193" lon="38.79516986"><ele>550.294</ele><time>2026-09-19T16:07:31Z</time><speed>0.870</speed><sat>38</sat></trkpt>
  <trkpt lat="37.16266835" lon="38.79515651"><ele>550.054</ele><time>2026-09-19T16:07:32Z</time><speed>1.140</speed><sat>38</sat></trkpt>
  <trkpt lat="37.16267725" lon="38.79514686"><ele>550.678</ele><time>2026-09-19T16:07:33Z</time><speed>1.040</speed><sat>37</sat></trkpt>
  <trkpt lat="37.16268289" lon="38.79514312"><ele>550.758</ele><time>2026-09-19T16:07:34Z</time><speed>0.420</speed><sat>37</sat></trkpt>
  <trkpt lat="37.16268928" lon="38.79513945"><ele>549.990</ele><time>2026-09-19T16:07:35Z</time><speed>0.830</speed><sat>37</sat></trkpt>
  <trkpt lat="37.16270007" lon="38.79513368"><ele>550.368</ele><time>2026-09-19T16:07:36Z</time><speed>1.030</speed><sat>36</sat></trkpt>
  <trkpt lat="37.16271073" lon="38.79512192"><ele>550.785</ele><time>2026-09-19T16:07:37Z</time><speed>1.460</speed><sat>35</sat></trkpt>
  <trkpt lat="37.16272133" lon="38.79510910"><ele>550.274</ele><time>2026-09-19T16:07:38Z</time><speed>1.340</speed><sat>35</sat></trkpt>
  <trkpt lat="37.16272752" lon="38.79509247"><ele>550.410</ele><time>2026-09-19T16:07:39Z</time><speed>1.580</speed><sat>35</sat></trkpt>
  <trkpt lat="37.16273134" lon="38.79507445"><ele>550.228</ele><time>2026-09-19T16:07:40Z</time><speed>1.330</speed><sat>36</sat></trkpt>
  <trkpt lat="37.16273413" lon="38.79505844"><ele>550.175</ele><time>2026-09-19T16:07:41Z</time><speed>1.240</speed><sat>35</sat></trkpt>
  <trkpt lat="37.16273623" lon="38.79503617"><ele>549.536</ele><time>2026-09-19T16:07:42Z</time><speed>2.260</speed><sat>32</sat></trkpt>
  <trkpt lat="37.16273694" lon="38.79501457"><ele>549.942</ele><time>2026-09-19T16:07:43Z</time><speed>1.470</speed><sat>32</sat></trkpt>
  <trkpt lat="37.16274008" lon="38.79499785"><ele>550.175</ele><time>2026-09-19T16:07:44Z</time><speed>1.480</speed><sat>32</sat></trkpt>
  <trkpt lat="37.16274576" lon="38.79498260"><ele>549.993</ele><time>2026-09-19T16:07:45Z</time><speed>1.390</speed><sat>32</sat></trkpt>
  <trkpt lat="37.16275312" lon="38.79496841"><ele>549.911</ele><time>2026-09-19T16:07:46Z</time><speed>1.430</speed><sat>32</sat></trkpt>
  <trkpt lat="37.16276158" lon="38.79495398"><ele>549.654</ele><time>2026-09-19T16:07:47Z</time><speed>1.480</speed><sat>32</sat></trkpt>
  <trkpt lat="37.16276741" lon="38.79494054"><ele>549.563</ele><time>2026-09-19T16:07:48Z</time><speed>1.090</speed><sat>32</sat></trkpt>
  <trkpt lat="37.16276955" lon="38.79492759"><ele>549.771</ele><time>2026-09-19T16:07:49Z</time><speed>1.140</speed><sat>32</sat></trkpt>
  <trkpt lat="37.16277070" lon="38.79491344"><ele>549.172</ele><time>2026-09-19T16:07:50Z</time><speed>1.130</speed><sat>31</sat></trkpt>
  <trkpt lat="37.16277177" lon="38.79489932"><ele>549.040</ele><time>2026-09-19T16:07:51Z</time><speed>1.170</speed><sat>31</sat></trkpt>
  <trkpt lat="37.16277546" lon="38.79488521"><ele>548.868</ele><time>2026-09-19T16:07:52Z</time><speed>1.250</speed><sat>31</sat></trkpt>
  <trkpt lat="37.16277909" lon="38.79487143"><ele>549.190</ele><time>2026-09-19T16:07:53Z</time><speed>1.390</speed><sat>31</sat></trkpt>
  <trkpt lat="37.16278354" lon="38.79485690"><ele>548.811</ele><time>2026-09-19T16:07:54Z</time><speed>1.480</speed><sat>31</sat></trkpt>
  <trkpt lat="37.16278638" lon="38.79484220"><ele>548.896</ele><time>2026-09-19T16:07:55Z</time><speed>1.480</speed><sat>31</sat></trkpt>
  <trkpt lat="37.16279163" lon="38.79482743"><ele>548.754</ele><time>2026-09-19T16:07:56Z</time><speed>1.520</speed><sat>32</sat></trkpt>
  <trkpt lat="37.16279593" lon="38.79481315"><ele>548.451</ele><time>2026-09-19T16:07:57Z</time><speed>1.500</speed><sat>32</sat></trkpt>
  <trkpt lat="37.16279861" lon="38.79479643"><ele>548.125</ele><time>2026-09-19T16:07:58Z</time><speed>1.730</speed><sat>32</sat></trkpt>
  <trkpt lat="37.16280002" lon="38.79477319"><ele>550.155</ele><time>2026-09-19T16:07:59Z</time><speed>1.240</speed><sat>32</sat></trkpt>
  <trkpt lat="37.16280179" lon="38.79475323"><ele>549.750</ele><time>2026-09-19T16:08:00Z</time><speed>1.370</speed><sat>33</sat></trkpt>
  <trkpt lat="37.16280648" lon="38.79473662"><ele>550.357</ele><time>2026-09-19T16:08:01Z</time><speed>1.300</speed><sat>33</sat></trkpt>
  <trkpt lat="37.16281138" lon="38.79472105"><ele>549.980</ele><time>2026-09-19T16:08:02Z</time><speed>1.370</speed><sat>33</sat></trkpt>
  <trkpt lat="37.16281560" lon="38.79470599"><ele>549.708</ele><time>2026-09-19T16:08:03Z</time><speed>1.320</speed><sat>34</sat></trkpt>
  <trkpt lat="37.16281661" lon="38.79469016"><ele>549.495</ele><time>2026-09-19T16:08:04Z</time><speed>1.340</speed><sat>34</sat></trkpt>
  <trkpt lat="37.16281796" lon="38.79467567"><ele>550.186</ele><time>2026-09-19T16:08:05Z</time><speed>0.690</speed><sat>34</sat></trkpt>
  <trkpt lat="37.16282213" lon="38.79466247"><ele>549.655</ele><time>2026-09-19T16:08:06Z</time><speed>1.370</speed><sat>35</sat></trkpt>
  <trkpt lat="37.16283029" lon="38.79464964"><ele>549.273</ele><time>2026-09-19T16:08:07Z</time><speed>1.390</speed><sat>35</sat></trkpt>
  <trkpt lat="37.16284053" lon="38.79463792"><ele>548.135</ele><time>2026-09-19T16:08:08Z</time><speed>1.430</speed><sat>35</sat></trkpt>
  <trkpt lat="37.16284957" lon="38.79462161"><ele>547.075</ele><time>2026-09-19T16:08:09Z</time><speed>1.770</speed><sat>34</sat></trkpt>
  <trkpt lat="37.16285852" lon="38.79460325"><ele>546.189</ele><time>2026-09-19T16:08:10Z</time><speed>1.760</speed><sat>34</sat></trkpt>
  <trkpt lat="37.16286691" lon="38.79458493"><ele>546.294</ele><time>2026-09-19T16:08:11Z</time><speed>1.780</speed><sat>34</sat></trkpt>
  <trkpt lat="37.16287250" lon="38.79456841"><ele>546.216</ele><time>2026-09-19T16:08:12Z</time><speed>1.620</speed><sat>34</sat></trkpt>
  <trkpt lat="37.16287716" lon="38.79455455"><ele>545.987</ele><time>2026-09-19T16:08:13Z</time><speed>1.560</speed><sat>34</sat></trkpt>
  <trkpt lat="37.16288334" lon="38.79454158"><ele>545.403</ele><time>2026-09-19T16:08:14Z</time><speed>1.580</speed><sat>34</sat></trkpt>
  <trkpt lat="37.16288816" lon="38.79452830"><ele>545.020</ele><time>2026-09-19T16:08:15Z</time><speed>1.570</speed><sat>34</sat></trkpt>
  <trkpt lat="37.16289036" lon="38.79451591"><ele>545.310</ele><time>2026-09-19T16:08:16Z</time><speed>1.250</speed><sat>34</sat></trkpt>
  <trkpt lat="37.16288915" lon="38.79450148"><ele>544.812</ele><time>2026-09-19T16:08:17Z</time><speed>1.440</speed><sat>34</sat></trkpt>
  <trkpt lat="37.16288478" lon="38.79448322"><ele>544.170</ele><time>2026-09-19T16:08:18Z</time><speed>1.510</speed><sat>32</sat></trkpt>
  <trkpt lat="37.16287509" lon="38.79446241"><ele>544.861</ele><time>2026-09-19T16:08:19Z</time><speed>1.620</speed><sat>32</sat></trkpt>
  <trkpt lat="37.16286218" lon="38.79444391"><ele>545.088</ele><time>2026-09-19T16:08:20Z</time><speed>1.550</speed><sat>32</sat></trkpt>
  <trkpt lat="37.16284915" lon="38.79443603"><ele>546.099</ele><time>2026-09-19T16:08:21Z</time><speed>0.350</speed><sat>33</sat></trkpt>
  <trkpt lat="37.16283757" lon="38.79443711"><ele>544.372</ele><time>2026-09-19T16:08:22Z</time><speed>0.580</speed><sat>34</sat></trkpt>
  <trkpt lat="37.16283146" lon="38.79444562"><ele>543.361</ele><time>2026-09-19T16:08:23Z</time><speed>0.930</speed><sat>34</sat></trkpt>
  <trkpt lat="37.16282937" lon="38.79445566"><ele>543.656</ele><time>2026-09-19T16:08:24Z</time><speed>0.320</speed><sat>34</sat></trkpt>
  <trkpt lat="37.16282843" lon="38.79446360"><ele>542.350</ele><time>2026-09-19T16:08:25Z</time><speed>0.310</speed><sat>34</sat></trkpt>
  <trkpt lat="37.16282316" lon="38.79447414"><ele>542.227</ele><time>2026-09-19T16:08:26Z</time><speed>0.000</speed><sat>34</sat></trkpt>
  <trkpt lat="37.16282146" lon="38.79447870"><ele>542.066</ele><time>2026-09-19T16:08:27Z</time><speed>0.000</speed><sat>33</sat></trkpt>
  <trkpt lat="37.16282012" lon="38.79448265"><ele>541.396</ele><time>2026-09-19T16:08:28Z</time><speed>0.000</speed><sat>33</sat></trkpt>
  <trkpt lat="37.16281874" lon="38.79448718"><ele>540.380</ele><time>2026-09-19T16:08:29Z</time><speed>0.310</speed><sat>32</sat></trkpt>
  <trkpt lat="37.16281645" lon="38.79449575"><ele>539.471</ele><time>2026-09-19T16:08:30Z</time><speed>0.580</speed><sat>32</sat></trkpt>
  <trkpt lat="37.16281547" lon="38.79450277"><ele>539.489</ele><time>2026-09-19T16:08:31Z</time><speed>0.230</speed><sat>33</sat></trkpt>
  <trkpt lat="37.16281670" lon="38.79450953"><ele>539.469</ele><time>2026-09-19T16:08:32Z</time><speed>0.000</speed><sat>34</sat></trkpt>
  <trkpt lat="37.16281766" lon="38.79451255"><ele>539.482</ele><time>2026-09-19T16:08:33Z</time><speed>0.000</speed><sat>34</sat></trkpt>
  <trkpt lat="37.16281503" lon="38.79451831"><ele>539.235</ele><time>2026-09-19T16:08:34Z</time><speed>0.480</speed><sat>34</sat></trkpt>
  <trkpt lat="37.16281020" lon="38.79452338"><ele>539.019</ele><time>2026-09-19T16:08:35Z</time><speed>0.340</speed><sat>34</sat></trkpt>
  <trkpt lat="37.16280726" lon="38.79452676"><ele>538.938</ele><time>2026-09-19T16:08:36Z</time><speed>0.000</speed><sat>34</sat></trkpt>
  <trkpt lat="37.16280654" lon="38.79453106"><ele>539.050</ele><time>2026-09-19T16:08:37Z</time><speed>0.000</speed><sat>34</sat></trkpt>
  <trkpt lat="37.16280351" lon="38.79453691"><ele>539.094</ele><time>2026-09-19T16:08:38Z</time><speed>0.440</speed><sat>34</sat></trkpt>
  <trkpt lat="37.16280072" lon="38.79454651"><ele>539.161</ele><time>2026-09-19T16:08:39Z</time><speed>0.000</speed><sat>34</sat></trkpt>
  <trkpt lat="37.16279935" lon="38.79454962"><ele>539.333</ele><time>2026-09-19T16:08:40Z</time><speed>0.260</speed><sat>34</sat></trkpt>
  <trkpt lat="37.16279693" lon="38.79455218"><ele>539.422</ele><time>2026-09-19T16:08:41Z</time><speed>0.260</speed><sat>34</sat></trkpt>
  <trkpt lat="37.16279592" lon="38.79455353"><ele>539.433</ele><time>2026-09-19T16:08:42Z</time><speed>0.000</speed><sat>34</sat></trkpt>
  <trkpt lat="37.16279451" lon="38.79455468"><ele>539.692</ele><time>2026-09-19T16:08:43Z</time><speed>0.300</speed><sat>34</sat></trkpt>
  <trkpt lat="37.16279289" lon="38.79455461"><ele>540.393</ele><time>2026-09-19T16:08:44Z</time><speed>0.250</speed><sat>34</sat></trkpt>
  <trkpt lat="37.16279014" lon="38.79455376"><ele>539.935</ele><time>2026-09-19T16:08:45Z</time><speed>0.420</speed><sat>33</sat></trkpt>
  <trkpt lat="37.16278599" lon="38.79455128"><ele>539.200</ele><time>2026-09-19T16:08:46Z</time><speed>0.400</speed><sat>33</sat></trkpt>
  <trkpt lat="37.16278404" lon="38.79454869"><ele>539.238</ele><time>2026-09-19T16:08:47Z</time><speed>0.000</speed><sat>33</sat></trkpt>
  <trkpt lat="37.16277917" lon="38.79455077"><ele>538.874</ele><time>2026-09-19T16:08:48Z</time><speed>0.810</speed><sat>32</sat></trkpt>
  <trkpt lat="37.16277625" lon="38.79455451"><ele>538.592</ele><time>2026-09-19T16:08:49Z</time><speed>0.350</speed><sat>30</sat></trkpt>
  <trkpt lat="37.16277623" lon="38.79455613"><ele>538.418</ele><time>2026-09-19T16:08:50Z</time><speed>0.200</speed><sat>30</sat></trkpt>
  <trkpt lat="37.16277973" lon="38.79455980"><ele>537.978</ele><time>2026-09-19T16:08:51Z</time><speed>0.590</speed><sat>29</sat></trkpt>
  <trkpt lat="37.16278468" lon="38.79456292"><ele>539.016</ele><time>2026-09-19T16:08:52Z</time><speed>0.420</speed><sat>29</sat></trkpt>
  <trkpt lat="37.16279085" lon="38.79456907"><ele>539.516</ele><time>2026-09-19T16:08:53Z</time><speed>0.800</speed><sat>26</sat></trkpt>
  <trkpt lat="37.16279515" lon="38.79457702"><ele>540.166</ele><time>2026-09-19T16:08:54Z</time><speed>0.990</speed><sat>26</sat></trkpt>
  <trkpt lat="37.16279537" lon="38.79459619"><ele>538.670</ele><time>2026-09-19T16:08:55Z</time><speed>1.580</speed><sat>28</sat></trkpt>
  <trkpt lat="37.16279509" lon="38.79461954"><ele>538.107</ele><time>2026-09-19T16:08:56Z</time><speed>1.760</speed><sat>26</sat></trkpt>
  <trkpt lat="37.16279424" lon="38.79464184"><ele>538.161</ele><time>2026-09-19T16:08:57Z</time><speed>1.570</speed><sat>24</sat></trkpt>
  <trkpt lat="37.16279643" lon="38.79466318"><ele>536.658</ele><time>2026-09-19T16:08:58Z</time><speed>1.540</speed><sat>22</sat></trkpt>
  <trkpt lat="37.16279559" lon="38.79468384"><ele>534.413</ele><time>2026-09-19T16:08:59Z</time><speed>1.030</speed><sat>21</sat></trkpt>
  <trkpt lat="37.16279318" lon="38.79470131"><ele>533.115</ele><time>2026-09-19T16:09:00Z</time><speed>0.510</speed><sat>21</sat></trkpt>
  <trkpt lat="37.16278572" lon="38.79471834"><ele>531.945</ele><time>2026-09-19T16:09:01Z</time><speed>0.310</speed><sat>21</sat></trkpt>
  <trkpt lat="37.16277307" lon="38.79473654"><ele>530.778</ele><time>2026-09-19T16:09:02Z</time><speed>0.000</speed><sat>25</sat></trkpt>
  <trkpt lat="37.16276253" lon="38.79475653"><ele>532.419</ele><time>2026-09-19T16:09:03Z</time><speed>0.000</speed><sat>29</sat></trkpt>
  <trkpt lat="37.16275378" lon="38.79477261"><ele>532.615</ele><time>2026-09-19T16:09:04Z</time><speed>0.500</speed><sat>33</sat></trkpt>
  <trkpt lat="37.16274014" lon="38.79478488"><ele>532.589</ele><time>2026-09-19T16:09:05Z</time><speed>1.230</speed><sat>33</sat></trkpt>
  <trkpt lat="37.16272593" lon="38.79479274"><ele>533.377</ele><time>2026-09-19T16:09:06Z</time><speed>1.290</speed><sat>33</sat></trkpt>
  <trkpt lat="37.16271197" lon="38.79479944"><ele>533.427</ele><time>2026-09-19T16:09:07Z</time><speed>1.340</speed><sat>32</sat></trkpt>
  <trkpt lat="37.16270447" lon="38.79482670"><ele>535.154</ele><time>2026-09-19T16:09:08Z</time><speed>0.400</speed><sat>30</sat></trkpt>
  <trkpt lat="37.16270153" lon="38.79485405"><ele>535.616</ele><time>2026-09-19T16:09:09Z</time><speed>0.730</speed><sat>33</sat></trkpt>
  <trkpt lat="37.16270022" lon="38.79488153"><ele>536.990</ele><time>2026-09-19T16:09:10Z</time><speed>0.890</speed><sat>31</sat></trkpt>
  <trkpt lat="37.16269746" lon="38.79490757"><ele>537.513</ele><time>2026-09-19T16:09:11Z</time><speed>0.430</speed><sat>31</sat></trkpt>
  <trkpt lat="37.16269786" lon="38.79492823"><ele>539.489</ele><time>2026-09-19T16:09:12Z</time><speed>0.160</speed><sat>32</sat></trkpt>
  <trkpt lat="37.16269644" lon="38.79494255"><ele>538.364</ele><time>2026-09-19T16:09:13Z</time><speed>0.520</speed><sat>33</sat></trkpt>
  <trkpt lat="37.16269111" lon="38.79495625"><ele>538.365</ele><time>2026-09-19T16:09:14Z</time><speed>0.520</speed><sat>33</sat></trkpt>
  <trkpt lat="37.16268415" lon="38.79496846"><ele>538.300</ele><time>2026-09-19T16:09:15Z</time><speed>0.770</speed><sat>32</sat></trkpt>
  <trkpt lat="37.16267825" lon="38.79498353"><ele>539.448</ele><time>2026-09-19T16:09:16Z</time><speed>0.390</speed><sat>32</sat></trkpt>
  <trkpt lat="37.16267308" lon="38.79499786"><ele>540.118</ele><time>2026-09-19T16:09:17Z</time><speed>0.680</speed><sat>33</sat></trkpt>
  <trkpt lat="37.16266577" lon="38.79501357"><ele>540.118</ele><time>2026-09-19T16:09:18Z</time><speed>1.180</speed><sat>32</sat></trkpt>
  <trkpt lat="37.16265873" lon="38.79503236"><ele>539.655</ele><time>2026-09-19T16:09:19Z</time><speed>1.430</speed><sat>32</sat></trkpt>
  <trkpt lat="37.16266021" lon="38.79505588"><ele>539.661</ele><time>2026-09-19T16:09:20Z</time><speed>0.690</speed><sat>32</sat></trkpt>
  <trkpt lat="37.16266672" lon="38.79507602"><ele>540.852</ele><time>2026-09-19T16:09:21Z</time><speed>0.380</speed><sat>31</sat></trkpt>
  <trkpt lat="37.16267097" lon="38.79509032"><ele>540.320</ele><time>2026-09-19T16:09:22Z</time><speed>0.270</speed><sat>32</sat></trkpt>
  <trkpt lat="37.16267490" lon="38.79510327"><ele>540.648</ele><time>2026-09-19T16:09:23Z</time><speed>0.240</speed><sat>34</sat></trkpt>
  <trkpt lat="37.16267004" lon="38.79511809"><ele>540.878</ele><time>2026-09-19T16:09:24Z</time><speed>0.850</speed><sat>34</sat></trkpt>
  <trkpt lat="37.16266372" lon="38.79513442"><ele>541.291</ele><time>2026-09-19T16:09:25Z</time><speed>1.020</speed><sat>35</sat></trkpt>
  <trkpt lat="37.16265631" lon="38.79515049"><ele>542.292</ele><time>2026-09-19T16:09:26Z</time><speed>0.680</speed><sat>35</sat></trkpt>
  <trkpt lat="37.16265054" lon="38.79516661"><ele>543.095</ele><time>2026-09-19T16:09:27Z</time><speed>0.540</speed><sat>36</sat></trkpt>
  <trkpt lat="37.16264773" lon="38.79518103"><ele>542.111</ele><time>2026-09-19T16:09:28Z</time><speed>0.260</speed><sat>36</sat></trkpt>
  <trkpt lat="37.16264549" lon="38.79519332"><ele>541.497</ele><time>2026-09-19T16:09:29Z</time><speed>0.260</speed><sat>37</sat></trkpt>
  <trkpt lat="37.16264006" lon="38.79520297"><ele>541.810</ele><time>2026-09-19T16:09:30Z</time><speed>0.670</speed><sat>36</sat></trkpt>
  <trkpt lat="37.16263066" lon="38.79520641"><ele>543.384</ele><time>2026-09-19T16:09:31Z</time><speed>0.790</speed><sat>34</sat></trkpt>
  <trkpt lat="37.16262180" lon="38.79520887"><ele>544.437</ele><time>2026-09-19T16:09:32Z</time><speed>0.500</speed><sat>35</sat></trkpt>
  <trkpt lat="37.16261333" lon="38.79520826"><ele>545.155</ele><time>2026-09-19T16:09:33Z</time><speed>0.850</speed><sat>36</sat></trkpt>
  <trkpt lat="37.16260529" lon="38.79520769"><ele>543.309</ele><time>2026-09-19T16:09:34Z</time><speed>0.220</speed><sat>36</sat></trkpt>
  <trkpt lat="37.16259755" lon="38.79520899"><ele>543.868</ele><time>2026-09-19T16:09:35Z</time><speed>0.530</speed><sat>35</sat></trkpt>
  <trkpt lat="37.16258444" lon="38.79520954"><ele>544.347</ele><time>2026-09-19T16:09:36Z</time><speed>1.420</speed><sat>33</sat></trkpt>
  <trkpt lat="37.16256798" lon="38.79520799"><ele>545.152</ele><time>2026-09-19T16:09:37Z</time><speed>1.500</speed><sat>33</sat></trkpt>
  <trkpt lat="37.16255238" lon="38.79520388"><ele>545.709</ele><time>2026-09-19T16:09:38Z</time><speed>1.380</speed><sat>32</sat></trkpt>
  <trkpt lat="37.16253855" lon="38.79519688"><ele>545.542</ele><time>2026-09-19T16:09:39Z</time><speed>1.350</speed><sat>29</sat></trkpt>
  <trkpt lat="37.16252637" lon="38.79518747"><ele>545.001</ele><time>2026-09-19T16:09:40Z</time><speed>1.360</speed><sat>30</sat></trkpt>
  <trkpt lat="37.16251549" lon="38.79517495"><ele>544.315</ele><time>2026-09-19T16:09:41Z</time><speed>1.350</speed><sat>30</sat></trkpt>
  <trkpt lat="37.16250535" lon="38.79516088"><ele>545.086</ele><time>2026-09-19T16:09:42Z</time><speed>1.340</speed><sat>31</sat></trkpt>
  <trkpt lat="37.16249596" lon="38.79514427"><ele>545.180</ele><time>2026-09-19T16:09:43Z</time><speed>1.550</speed><sat>31</sat></trkpt>
  <trkpt lat="37.16248221" lon="38.79513457"><ele>544.591</ele><time>2026-09-19T16:09:44Z</time><speed>1.900</speed><sat>35</sat></trkpt>
  <trkpt lat="37.16246824" lon="38.79513229"><ele>544.806</ele><time>2026-09-19T16:09:45Z</time><speed>1.460</speed><sat>35</sat></trkpt>
  <trkpt lat="37.16245643" lon="38.79513348"><ele>545.445</ele><time>2026-09-19T16:09:46Z</time><speed>1.180</speed><sat>34</sat></trkpt>
  <trkpt lat="37.16244713" lon="38.79513718"><ele>543.558</ele><time>2026-09-19T16:09:47Z</time><speed>1.130</speed><sat>32</sat></trkpt>
  <trkpt lat="37.16243716" lon="38.79514123"><ele>542.898</ele><time>2026-09-19T16:09:48Z</time><speed>1.150</speed><sat>32</sat></trkpt>
  <trkpt lat="37.16242501" lon="38.79514702"><ele>544.113</ele><time>2026-09-19T16:09:49Z</time><speed>1.240</speed><sat>31</sat></trkpt>
  <trkpt lat="37.16241425" lon="38.79514870"><ele>541.323</ele><time>2026-09-19T16:09:50Z</time><speed>1.090</speed><sat>33</sat></trkpt>
  <trkpt lat="37.16240419" lon="38.79514725"><ele>541.447</ele><time>2026-09-19T16:09:51Z</time><speed>0.570</speed><sat>35</sat></trkpt>
  <trkpt lat="37.16239592" lon="38.79514597"><ele>539.747</ele><time>2026-09-19T16:09:52Z</time><speed>0.350</speed><sat>35</sat></trkpt>
  <trkpt lat="37.16238560" lon="38.79514474"><ele>539.876</ele><time>2026-09-19T16:09:53Z</time><speed>0.770</speed><sat>36</sat></trkpt>
  <trkpt lat="37.16237306" lon="38.79514637"><ele>540.028</ele><time>2026-09-19T16:09:54Z</time><speed>0.720</speed><sat>36</sat></trkpt>
  <trkpt lat="37.16236095" lon="38.79514696"><ele>539.836</ele><time>2026-09-19T16:09:55Z</time><speed>0.640</speed><sat>36</sat></trkpt>
  <trkpt lat="37.16234645" lon="38.79514569"><ele>540.073</ele><time>2026-09-19T16:09:56Z</time><speed>1.260</speed><sat>36</sat></trkpt>
  <trkpt lat="37.16233105" lon="38.79514476"><ele>541.026</ele><time>2026-09-19T16:09:57Z</time><speed>1.170</speed><sat>36</sat></trkpt>
  <trkpt lat="37.16231714" lon="38.79514326"><ele>541.226</ele><time>2026-09-19T16:09:58Z</time><speed>1.010</speed><sat>37</sat></trkpt>
  <trkpt lat="37.16230501" lon="38.79514177"><ele>541.224</ele><time>2026-09-19T16:09:59Z</time><speed>0.520</speed><sat>37</sat></trkpt>
  <trkpt lat="37.16229149" lon="38.79513870"><ele>541.370</ele><time>2026-09-19T16:10:00Z</time><speed>1.180</speed><sat>37</sat></trkpt>
  <trkpt lat="37.16227443" lon="38.79513592"><ele>541.077</ele><time>2026-09-19T16:10:01Z</time><speed>1.330</speed><sat>37</sat></trkpt>
  <trkpt lat="37.16225831" lon="38.79513180"><ele>540.887</ele><time>2026-09-19T16:10:02Z</time><speed>1.120</speed><sat>37</sat></trkpt>
  <trkpt lat="37.16224221" lon="38.79512828"><ele>540.728</ele><time>2026-09-19T16:10:03Z</time><speed>1.360</speed><sat>37</sat></trkpt>
  <trkpt lat="37.16222826" lon="38.79512733"><ele>540.942</ele><time>2026-09-19T16:10:04Z</time><speed>1.070</speed><sat>37</sat></trkpt>
  <trkpt lat="37.16221777" lon="38.79512477"><ele>541.556</ele><time>2026-09-19T16:10:05Z</time><speed>0.720</speed><sat>39</sat></trkpt>
  <trkpt lat="37.16220430" lon="38.79512414"><ele>542.569</ele><time>2026-09-19T16:10:06Z</time><speed>1.530</speed><sat>38</sat></trkpt>
  <trkpt lat="37.16218884" lon="38.79512313"><ele>541.852</ele><time>2026-09-19T16:10:07Z</time><speed>1.350</speed><sat>38</sat></trkpt>
  <trkpt lat="37.16217667" lon="38.79512137"><ele>540.808</ele><time>2026-09-19T16:10:08Z</time><speed>0.620</speed><sat>38</sat></trkpt>
  <trkpt lat="37.16216616" lon="38.79512307"><ele>541.313</ele><time>2026-09-19T16:10:09Z</time><speed>1.160</speed><sat>38</sat></trkpt>
  <trkpt lat="37.16215341" lon="38.79512281"><ele>542.080</ele><time>2026-09-19T16:10:10Z</time><speed>1.250</speed><sat>38</sat></trkpt>
  <trkpt lat="37.16214207" lon="38.79512300"><ele>540.905</ele><time>2026-09-19T16:10:11Z</time><speed>0.660</speed><sat>38</sat></trkpt>
  <trkpt lat="37.16213018" lon="38.79512143"><ele>540.745</ele><time>2026-09-19T16:10:12Z</time><speed>1.360</speed><sat>38</sat></trkpt>
  <trkpt lat="37.16211776" lon="38.79512047"><ele>540.142</ele><time>2026-09-19T16:10:13Z</time><speed>1.150</speed><sat>38</sat></trkpt>
  <trkpt lat="37.16210777" lon="38.79512259"><ele>540.034</ele><time>2026-09-19T16:10:14Z</time><speed>1.040</speed><sat>37</sat></trkpt>
  <trkpt lat="37.16209656" lon="38.79512641"><ele>538.234</ele><time>2026-09-19T16:10:15Z</time><speed>1.120</speed><sat>36</sat></trkpt>
  <trkpt lat="37.16208188" lon="38.79513185"><ele>538.298</ele><time>2026-09-19T16:10:16Z</time><speed>1.430</speed><sat>37</sat></trkpt>
  <trkpt lat="37.16206540" lon="38.79513701"><ele>538.283</ele><time>2026-09-19T16:10:17Z</time><speed>1.380</speed><sat>38</sat></trkpt>
  <trkpt lat="37.16204956" lon="38.79513980"><ele>538.713</ele><time>2026-09-19T16:10:18Z</time><speed>1.260</speed><sat>38</sat></trkpt>
  <trkpt lat="37.16203452" lon="38.79514071"><ele>539.040</ele><time>2026-09-19T16:10:19Z</time><speed>1.290</speed><sat>37</sat></trkpt>
  <trkpt lat="37.16201997" lon="38.79513894"><ele>539.179</ele><time>2026-09-19T16:10:20Z</time><speed>1.210</speed><sat>36</sat></trkpt>
  <trkpt lat="37.16200624" lon="38.79513836"><ele>539.487</ele><time>2026-09-19T16:10:21Z</time><speed>1.100</speed><sat>36</sat></trkpt>
  <trkpt lat="37.16199156" lon="38.79513906"><ele>539.415</ele><time>2026-09-19T16:10:22Z</time><speed>1.360</speed><sat>37</sat></trkpt>
  <trkpt lat="37.16197501" lon="38.79513981"><ele>540.097</ele><time>2026-09-19T16:10:23Z</time><speed>1.610</speed><sat>37</sat></trkpt>
  <trkpt lat="37.16195814" lon="38.79514011"><ele>539.819</ele><time>2026-09-19T16:10:24Z</time><speed>1.530</speed><sat>37</sat></trkpt>
  <trkpt lat="37.16194224" lon="38.79514067"><ele>539.872</ele><time>2026-09-19T16:10:25Z</time><speed>1.520</speed><sat>38</sat></trkpt>
  <trkpt lat="37.16192562" lon="38.79514217"><ele>539.151</ele><time>2026-09-19T16:10:26Z</time><speed>1.550</speed><sat>36</sat></trkpt>
  <trkpt lat="37.16190971" lon="38.79514335"><ele>539.089</ele><time>2026-09-19T16:10:27Z</time><speed>1.670</speed><sat>37</sat></trkpt>
  <trkpt lat="37.16189398" lon="38.79514401"><ele>539.377</ele><time>2026-09-19T16:10:28Z</time><speed>1.630</speed><sat>36</sat></trkpt>
  <trkpt lat="37.16188029" lon="38.79514470"><ele>539.422</ele><time>2026-09-19T16:10:29Z</time><speed>1.410</speed><sat>37</sat></trkpt>
  <trkpt lat="37.16186765" lon="38.79514368"><ele>539.797</ele><time>2026-09-19T16:10:30Z</time><speed>1.290</speed><sat>36</sat></trkpt>
  <trkpt lat="37.16185519" lon="38.79514155"><ele>539.936</ele><time>2026-09-19T16:10:31Z</time><speed>1.370</speed><sat>37</sat></trkpt>
  <trkpt lat="37.16184200" lon="38.79513441"><ele>539.913</ele><time>2026-09-19T16:10:32Z</time><speed>1.670</speed><sat>39</sat></trkpt>
  <trkpt lat="37.16182807" lon="38.79512832"><ele>539.756</ele><time>2026-09-19T16:10:33Z</time><speed>1.530</speed><sat>36</sat></trkpt>
  <trkpt lat="37.16181356" lon="38.79512341"><ele>539.908</ele><time>2026-09-19T16:10:34Z</time><speed>1.630</speed><sat>36</sat></trkpt>
  <trkpt lat="37.16180006" lon="38.79512096"><ele>539.738</ele><time>2026-09-19T16:10:35Z</time><speed>1.260</speed><sat>36</sat></trkpt>
  <trkpt lat="37.16178851" lon="38.79512200"><ele>539.623</ele><time>2026-09-19T16:10:36Z</time><speed>1.240</speed><sat>37</sat></trkpt>
  <trkpt lat="37.16177662" lon="38.79512231"><ele>539.693</ele><time>2026-09-19T16:10:37Z</time><speed>1.240</speed><sat>36</sat></trkpt>
  <trkpt lat="37.16176517" lon="38.79512365"><ele>539.684</ele><time>2026-09-19T16:10:38Z</time><speed>1.250</speed><sat>36</sat></trkpt>
  <trkpt lat="37.16175385" lon="38.79512037"><ele>541.055</ele><time>2026-09-19T16:10:39Z</time><speed>1.280</speed><sat>36</sat></trkpt>
  <trkpt lat="37.16174134" lon="38.79511625"><ele>541.354</ele><time>2026-09-19T16:10:40Z</time><speed>1.290</speed><sat>36</sat></trkpt>
  <trkpt lat="37.16172875" lon="38.79511214"><ele>541.567</ele><time>2026-09-19T16:10:41Z</time><speed>1.360</speed><sat>36</sat></trkpt>
  <trkpt lat="37.16171828" lon="38.79510352"><ele>542.862</ele><time>2026-09-19T16:10:42Z</time><speed>1.050</speed><sat>33</sat></trkpt>
  <trkpt lat="37.16170701" lon="38.79509420"><ele>543.583</ele><time>2026-09-19T16:10:43Z</time><speed>1.110</speed><sat>33</sat></trkpt>
  <trkpt lat="37.16169738" lon="38.79508538"><ele>543.962</ele><time>2026-09-19T16:10:44Z</time><speed>0.720</speed><sat>33</sat></trkpt>
  <trkpt lat="37.16168915" lon="38.79507934"><ele>541.799</ele><time>2026-09-19T16:10:45Z</time><speed>0.610</speed><sat>33</sat></trkpt>
  <trkpt lat="37.16167897" lon="38.79507254"><ele>542.272</ele><time>2026-09-19T16:10:46Z</time><speed>0.830</speed><sat>37</sat></trkpt>
  <trkpt lat="37.16166754" lon="38.79506494"><ele>542.211</ele><time>2026-09-19T16:10:47Z</time><speed>1.300</speed><sat>36</sat></trkpt>
  <trkpt lat="37.16165265" lon="38.79505771"><ele>542.334</ele><time>2026-09-19T16:10:48Z</time><speed>1.410</speed><sat>36</sat></trkpt>
  <trkpt lat="37.16163585" lon="38.79505384"><ele>542.773</ele><time>2026-09-19T16:10:49Z</time><speed>1.350</speed><sat>36</sat></trkpt>
  <trkpt lat="37.16162227" lon="38.79505343"><ele>541.988</ele><time>2026-09-19T16:10:50Z</time><speed>0.690</speed><sat>37</sat></trkpt>
  <trkpt lat="37.16161323" lon="38.79505346"><ele>541.406</ele><time>2026-09-19T16:10:51Z</time><speed>0.560</speed><sat>37</sat></trkpt>
  <trkpt lat="37.16160236" lon="38.79505131"><ele>541.279</ele><time>2026-09-19T16:10:52Z</time><speed>1.290</speed><sat>37</sat></trkpt>
  <trkpt lat="37.16159257" lon="38.79504257"><ele>540.737</ele><time>2026-09-19T16:10:53Z</time><speed>1.520</speed><sat>37</sat></trkpt>
  <trkpt lat="37.16158560" lon="38.79503122"><ele>540.951</ele><time>2026-09-19T16:10:54Z</time><speed>1.360</speed><sat>37</sat></trkpt>
  <trkpt lat="37.16157940" lon="38.79502081"><ele>541.580</ele><time>2026-09-19T16:10:55Z</time><speed>1.350</speed><sat>37</sat></trkpt>
  <trkpt lat="37.16157401" lon="38.79500943"><ele>541.042</ele><time>2026-09-19T16:10:56Z</time><speed>1.460</speed><sat>36</sat></trkpt>
  <trkpt lat="37.16156740" lon="38.79499419"><ele>540.822</ele><time>2026-09-19T16:10:57Z</time><speed>1.860</speed><sat>36</sat></trkpt>
  <trkpt lat="37.16156350" lon="38.79497678"><ele>540.793</ele><time>2026-09-19T16:10:58Z</time><speed>1.860</speed><sat>35</sat></trkpt>
  <trkpt lat="37.16156224" lon="38.79496107"><ele>542.169</ele><time>2026-09-19T16:10:59Z</time><speed>1.640</speed><sat>35</sat></trkpt>
  <trkpt lat="37.16156453" lon="38.79495041"><ele>542.127</ele><time>2026-09-19T16:11:00Z</time><speed>1.210</speed><sat>35</sat></trkpt>
  <trkpt lat="37.16156690" lon="38.79494087"><ele>542.017</ele><time>2026-09-19T16:11:01Z</time><speed>1.260</speed><sat>35</sat></trkpt>
  <trkpt lat="37.16156879" lon="38.79493215"><ele>540.426</ele><time>2026-09-19T16:11:02Z</time><speed>0.680</speed><sat>37</sat></trkpt>
  <trkpt lat="37.16156887" lon="38.79492629"><ele>540.059</ele><time>2026-09-19T16:11:03Z</time><speed>0.690</speed><sat>37</sat></trkpt>
  <trkpt lat="37.16157090" lon="38.79492878"><ele>540.257</ele><time>2026-09-19T16:11:04Z</time><speed>0.000</speed><sat>37</sat></trkpt>
  <trkpt lat="37.16157230" lon="38.79493193"><ele>540.265</ele><time>2026-09-19T16:11:05Z</time><speed>0.000</speed><sat>37</sat></trkpt>
  <trkpt lat="37.16157300" lon="38.79493349"><ele>540.267</ele><time>2026-09-19T16:11:06Z</time><speed>0.000</speed><sat>37</sat></trkpt>
  <trkpt lat="37.16157332" lon="38.79493427"><ele>540.262</ele><time>2026-09-19T16:11:07Z</time><speed>0.000</speed><sat>37</sat></trkpt>
  <trkpt lat="37.16157396" lon="38.79493448"><ele>539.821</ele><time>2026-09-19T16:11:08Z</time><speed>0.000</speed><sat>36</sat></trkpt>
  <trkpt lat="37.16157469" lon="38.79493509"><ele>539.822</ele><time>2026-09-19T16:11:09Z</time><speed>0.000</speed><sat>36</sat></trkpt>
  <trkpt lat="37.16157516" lon="38.79493572"><ele>539.814</ele><time>2026-09-19T16:11:10Z</time><speed>0.000</speed><sat>36</sat></trkpt>
  <trkpt lat="37.16157538" lon="38.79493604"><ele>539.800</ele><time>2026-09-19T16:11:11Z</time><speed>0.000</speed><sat>36</sat></trkpt>
  <trkpt lat="37.16157542" lon="38.79493369"><ele>538.824</ele><time>2026-09-19T16:11:12Z</time><speed>0.000</speed><sat>36</sat></trkpt>
  <trkpt lat="37.16157550" lon="38.79493129"><ele>538.807</ele><time>2026-09-19T16:11:13Z</time><speed>0.000</speed><sat>36</sat></trkpt>
  <trkpt lat="37.16157561" lon="38.79493013"><ele>538.802</ele><time>2026-09-19T16:11:14Z</time><speed>0.000</speed><sat>36</sat></trkpt>
  <trkpt lat="37.16157570" lon="38.79492951"><ele>538.804</ele><time>2026-09-19T16:11:15Z</time><speed>0.000</speed><sat>35</sat></trkpt>
  <trkpt lat="37.16157576" lon="38.79492921"><ele>538.817</ele><time>2026-09-19T16:11:16Z</time><speed>0.000</speed><sat>35</sat></trkpt>
  <trkpt lat="37.16157358" lon="38.79492980"><ele>538.852</ele><time>2026-09-19T16:11:17Z</time><speed>0.190</speed><sat>36</sat></trkpt>
  <trkpt lat="37.16157226" lon="38.79493021"><ele>538.869</ele><time>2026-09-19T16:11:18Z</time><speed>0.000</speed><sat>36</sat></trkpt>
  <trkpt lat="37.16157101" lon="38.79493194"><ele>538.513</ele><time>2026-09-19T16:11:19Z</time><speed>0.310</speed><sat>36</sat></trkpt>
  <trkpt lat="37.16156833" lon="38.79493655"><ele>538.700</ele><time>2026-09-19T16:11:20Z</time><speed>0.520</speed><sat>36</sat></trkpt>
  <trkpt lat="37.16156441" lon="38.79494827"><ele>538.740</ele><time>2026-09-19T16:11:21Z</time><speed>1.390</speed><sat>36</sat></trkpt>
  <trkpt lat="37.16156413" lon="38.79495134"><ele>537.973</ele><time>2026-09-19T16:11:22Z</time><speed>0.000</speed><sat>36</sat></trkpt>
  <trkpt lat="37.16156576" lon="38.79494982"><ele>538.349</ele><time>2026-09-19T16:11:23Z</time><speed>0.000</speed><sat>36</sat></trkpt>
  <trkpt lat="37.16156739" lon="38.79494824"><ele>538.350</ele><time>2026-09-19T16:11:24Z</time><speed>0.000</speed><sat>36</sat></trkpt>
  <trkpt lat="37.16156623" lon="38.79494964"><ele>538.189</ele><time>2026-09-19T16:11:25Z</time><speed>0.190</speed><sat>36</sat></trkpt>
  <trkpt lat="37.16157052" lon="38.79495278"><ele>538.134</ele><time>2026-09-19T16:11:26Z</time><speed>0.950</speed><sat>36</sat></trkpt>
  <trkpt lat="37.16157561" lon="38.79495393"><ele>538.408</ele><time>2026-09-19T16:11:27Z</time><speed>0.400</speed><sat>36</sat></trkpt>
  <trkpt lat="37.16157685" lon="38.79495281"><ele>538.807</ele><time>2026-09-19T16:11:28Z</time><speed>0.170</speed><sat>36</sat></trkpt>
  <trkpt lat="37.16157448" lon="38.79495020"><ele>538.900</ele><time>2026-09-19T16:11:29Z</time><speed>0.000</speed><sat>36</sat></trkpt>
  <trkpt lat="37.16157290" lon="38.79494898"><ele>538.909</ele><time>2026-09-19T16:11:30Z</time><speed>0.000</speed><sat>36</sat></trkpt>
  <trkpt lat="37.16157215" lon="38.79494838"><ele>538.922</ele><time>2026-09-19T16:11:31Z</time><speed>0.000</speed><sat>36</sat></trkpt>
  <trkpt lat="37.16157182" lon="38.79494810"><ele>538.938</ele><time>2026-09-19T16:11:32Z</time><speed>0.000</speed><sat>36</sat></trkpt>
  <trkpt lat="37.16157299" lon="38.79494887"><ele>539.384</ele><time>2026-09-19T16:11:33Z</time><speed>0.000</speed><sat>36</sat></trkpt>
  <trkpt lat="37.16157376" lon="38.79494603"><ele>539.202</ele><time>2026-09-19T16:11:34Z</time><speed>0.340</speed><sat>36</sat></trkpt>
  <trkpt lat="37.16157360" lon="38.79494243"><ele>538.957</ele><time>2026-09-19T16:11:35Z</time><speed>0.280</speed><sat>35</sat></trkpt>
  <trkpt lat="37.16157320" lon="38.79494264"><ele>541.582</ele><time>2026-09-19T16:11:36Z</time><speed>0.000</speed><sat>35</sat></trkpt>
  <trkpt lat="37.16157494" lon="38.79494248"><ele>540.942</ele><time>2026-09-19T16:11:37Z</time><speed>0.350</speed><sat>35</sat></trkpt>
  <trkpt lat="37.16157638" lon="38.79494257"><ele>540.898</ele><time>2026-09-19T16:11:38Z</time><speed>0.000</speed><sat>34</sat></trkpt>
  <trkpt lat="37.16157610" lon="38.79494390"><ele>541.275</ele><time>2026-09-19T16:11:39Z</time><speed>0.000</speed><sat>34</sat></trkpt>
  <trkpt lat="37.16157546" lon="38.79494487"><ele>541.776</ele><time>2026-09-19T16:11:40Z</time><speed>0.000</speed><sat>33</sat></trkpt>
  <trkpt lat="37.16157507" lon="38.79494520"><ele>541.192</ele><time>2026-09-19T16:11:41Z</time><speed>0.160</speed><sat>33</sat></trkpt>
  <trkpt lat="37.16157760" lon="38.79494473"><ele>540.913</ele><time>2026-09-19T16:11:42Z</time><speed>0.490</speed><sat>31</sat></trkpt>
  <trkpt lat="37.16157994" lon="38.79494625"><ele>541.329</ele><time>2026-09-19T16:11:43Z</time><speed>0.280</speed><sat>32</sat></trkpt>
  <trkpt lat="37.16157874" lon="38.79494635"><ele>541.749</ele><time>2026-09-19T16:11:44Z</time><speed>0.480</speed><sat>33</sat></trkpt>
  <trkpt lat="37.16157773" lon="38.79495040"><ele>541.705</ele><time>2026-09-19T16:11:45Z</time><speed>0.000</speed><sat>33</sat></trkpt>
  <trkpt lat="37.16157854" lon="38.79495256"><ele>541.252</ele><time>2026-09-19T16:11:46Z</time><speed>0.000</speed><sat>33</sat></trkpt>
  <trkpt lat="37.16157898" lon="38.79495363"><ele>541.210</ele><time>2026-09-19T16:11:47Z</time><speed>0.000</speed><sat>34</sat></trkpt>
  <trkpt lat="37.16157915" lon="38.79495418"><ele>541.232</ele><time>2026-09-19T16:11:48Z</time><speed>0.000</speed><sat>34</sat></trkpt>
  <trkpt lat="37.16157918" lon="38.79495446"><ele>541.252</ele><time>2026-09-19T16:11:49Z</time><speed>0.000</speed><sat>35</sat></trkpt>
  <trkpt lat="37.16158165" lon="38.79495597"><ele>541.524</ele><time>2026-09-19T16:11:50Z</time><speed>0.290</speed><sat>34</sat></trkpt>
  <trkpt lat="37.16158824" lon="38.79495484"><ele>541.383</ele><time>2026-09-19T16:11:51Z</time><speed>0.900</speed><sat>34</sat></trkpt>
  <trkpt lat="37.16159482" lon="38.79495317"><ele>541.410</ele><time>2026-09-19T16:11:52Z</time><speed>0.000</speed><sat>34</sat></trkpt>
  <trkpt lat="37.16159603" lon="38.79495262"><ele>541.413</ele><time>2026-09-19T16:11:53Z</time><speed>0.000</speed><sat>34</sat></trkpt>
  <trkpt lat="37.16159662" lon="38.79495238"><ele>541.410</ele><time>2026-09-19T16:11:54Z</time><speed>0.000</speed><sat>34</sat></trkpt>
  <trkpt lat="37.16159692" lon="38.79495233"><ele>541.413</ele><time>2026-09-19T16:11:55Z</time><speed>0.000</speed><sat>34</sat></trkpt>
  <trkpt lat="37.16159703" lon="38.79495354"><ele>541.678</ele><time>2026-09-19T16:11:56Z</time><speed>0.000</speed><sat>33</sat></trkpt>
  <trkpt lat="37.16159710" lon="38.79495483"><ele>541.679</ele><time>2026-09-19T16:11:57Z</time><speed>0.000</speed><sat>33</sat></trkpt>
  <trkpt lat="37.16159710" lon="38.79495549"><ele>541.676</ele><time>2026-09-19T16:11:58Z</time><speed>0.000</speed><sat>34</sat></trkpt>
  <trkpt lat="37.16159888" lon="38.79495380"><ele>541.551</ele><time>2026-09-19T16:11:59Z</time><speed>0.450</speed><sat>34</sat></trkpt>
  <trkpt lat="37.16159891" lon="38.79495054"><ele>541.563</ele><time>2026-09-19T16:12:00Z</time><speed>0.390</speed><sat>35</sat></trkpt>
  <trkpt lat="37.16159807" lon="38.79495003"><ele>541.538</ele><time>2026-09-19T16:12:01Z</time><speed>0.000</speed><sat>35</sat></trkpt>
  <trkpt lat="37.16159826" lon="38.79495059"><ele>541.535</ele><time>2026-09-19T16:12:02Z</time><speed>0.000</speed><sat>35</sat></trkpt>
  <trkpt lat="37.16159838" lon="38.79495083"><ele>541.531</ele><time>2026-09-19T16:12:03Z</time><speed>0.000</speed><sat>35</sat></trkpt>
  <trkpt lat="37.16159845" lon="38.79495093"><ele>541.531</ele><time>2026-09-19T16:12:04Z</time><speed>0.000</speed><sat>36</sat></trkpt>
  <trkpt lat="37.16159851" lon="38.79495096"><ele>541.532</ele><time>2026-09-19T16:12:05Z</time><speed>0.000</speed><sat>36</sat></trkpt>
  <trkpt lat="37.16159856" lon="38.79495095"><ele>541.530</ele><time>2026-09-19T16:12:06Z</time><speed>0.000</speed><sat>36</sat></trkpt>
  <trkpt lat="37.16159861" lon="38.79495093"><ele>541.528</ele><time>2026-09-19T16:12:07Z</time><speed>0.000</speed><sat>36</sat></trkpt>
  <trkpt lat="37.16159867" lon="38.79495090"><ele>541.528</ele><time>2026-09-19T16:12:08Z</time><speed>0.000</speed><sat>34</sat></trkpt>
  <trkpt lat="37.16159873" lon="38.79495087"><ele>541.529</ele><time>2026-09-19T16:12:09Z</time><speed>0.000</speed><sat>35</sat></trkpt>
  <trkpt lat="37.16159877" lon="38.79495085"><ele>541.531</ele><time>2026-09-19T16:12:10Z</time><speed>0.000</speed><sat>35</sat></trkpt>
  <trkpt lat="37.16159880" lon="38.79495083"><ele>541.532</ele><time>2026-09-19T16:12:11Z</time><speed>0.000</speed><sat>33</sat></trkpt>
  <trkpt lat="37.16159884" lon="38.79495081"><ele>541.534</ele><time>2026-09-19T16:12:12Z</time><speed>0.000</speed><sat>33</sat></trkpt>
  <trkpt lat="37.16159888" lon="38.79495079"><ele>541.532</ele><time>2026-09-19T16:12:13Z</time><speed>0.000</speed><sat>32</sat></trkpt>
  <trkpt lat="37.16159894" lon="38.79494983"><ele>541.141</ele><time>2026-09-19T16:12:14Z</time><speed>0.190</speed><sat>34</sat></trkpt>
  <trkpt lat="37.16160000" lon="38.79495721"><ele>540.296</ele><time>2026-09-19T16:12:15Z</time><speed>0.870</speed><sat>33</sat></trkpt>
  <trkpt lat="37.16160011" lon="38.79496432"><ele>540.093</ele><time>2026-09-19T16:12:16Z</time><speed>0.000</speed><sat>35</sat></trkpt>
  <trkpt lat="37.16160107" lon="38.79496780"><ele>540.110</ele><time>2026-09-19T16:12:17Z</time><speed>0.000</speed><sat>35</sat></trkpt>
  <trkpt lat="37.16160149" lon="38.79496927"><ele>540.121</ele><time>2026-09-19T16:12:18Z</time><speed>0.000</speed><sat>36</sat></trkpt>
  <trkpt lat="37.16160155" lon="38.79497000"><ele>540.047</ele><time>2026-09-19T16:12:19Z</time><speed>0.000</speed><sat>36</sat></trkpt>
  <trkpt lat="37.16160195" lon="38.79497008"><ele>539.835</ele><time>2026-09-19T16:12:20Z</time><speed>0.000</speed><sat>36</sat></trkpt>
  <trkpt lat="37.16160138" lon="38.79496900"><ele>539.362</ele><time>2026-09-19T16:12:21Z</time><speed>0.000</speed><sat>37</sat></trkpt>
  <trkpt lat="37.16160126" lon="38.79496597"><ele>539.352</ele><time>2026-09-19T16:12:22Z</time><speed>0.000</speed><sat>37</sat></trkpt>
  <trkpt lat="37.16160155" lon="38.79496436"><ele>539.356</ele><time>2026-09-19T16:12:23Z</time><speed>0.000</speed><sat>37</sat></trkpt>
  <trkpt lat="37.16160170" lon="38.79496350"><ele>539.353</ele><time>2026-09-19T16:12:24Z</time><speed>0.000</speed><sat>37</sat></trkpt>
  <trkpt lat="37.16160179" lon="38.79496302"><ele>539.354</ele><time>2026-09-19T16:12:25Z</time><speed>0.000</speed><sat>36</sat></trkpt>
  <trkpt lat="37.16160183" lon="38.79496270"><ele>539.350</ele><time>2026-09-19T16:12:26Z</time><speed>0.000</speed><sat>36</sat></trkpt>
  <trkpt lat="37.16160184" lon="38.79496246"><ele>539.349</ele><time>2026-09-19T16:12:27Z</time><speed>0.000</speed><sat>37</sat></trkpt>
  <trkpt lat="37.16160082" lon="38.79496113"><ele>539.727</ele><time>2026-09-19T16:12:28Z</time><speed>0.000</speed><sat>37</sat></trkpt>
  <trkpt lat="37.16159902" lon="38.79495964"><ele>539.253</ele><time>2026-09-19T16:12:29Z</time><speed>0.000</speed><sat>37</sat></trkpt>
  <trkpt lat="37.16159743" lon="38.79495797"><ele>539.251</ele><time>2026-09-19T16:12:30Z</time><speed>0.000</speed><sat>37</sat></trkpt>
  <trkpt lat="37.16159673" lon="38.79495722"><ele>539.251</ele><time>2026-09-19T16:12:31Z</time><speed>0.000</speed><sat>37</sat></trkpt>
  <trkpt lat="37.16159930" lon="38.79495727"><ele>539.155</ele><time>2026-09-19T16:12:32Z</time><speed>0.290</speed><sat>36</sat></trkpt>
  <trkpt lat="37.16160513" lon="38.79495937"><ele>539.515</ele><time>2026-09-19T16:12:33Z</time><speed>0.580</speed><sat>36</sat></trkpt>
  <trkpt lat="37.16160624" lon="38.79496221"><ele>539.926</ele><time>2026-09-19T16:12:34Z</time><speed>0.000</speed><sat>36</sat></trkpt>
  <trkpt lat="37.16160629" lon="38.79496378"><ele>539.944</ele><time>2026-09-19T16:12:35Z</time><speed>0.000</speed><sat>36</sat></trkpt>
  <trkpt lat="37.16160623" lon="38.79496468"><ele>539.993</ele><time>2026-09-19T16:12:36Z</time><speed>0.000</speed><sat>37</sat></trkpt>
  <trkpt lat="37.16160618" lon="38.79496517"><ele>540.009</ele><time>2026-09-19T16:12:37Z</time><speed>0.000</speed><sat>37</sat></trkpt>
  <trkpt lat="37.16160612" lon="38.79496541"><ele>540.010</ele><time>2026-09-19T16:12:38Z</time><speed>0.000</speed><sat>36</sat></trkpt>
  <trkpt lat="37.16160603" lon="38.79496553"><ele>540.004</ele><time>2026-09-19T16:12:39Z</time><speed>0.000</speed><sat>36</sat></trkpt>
  <trkpt lat="37.16160595" lon="38.79496562"><ele>540.014</ele><time>2026-09-19T16:12:40Z</time><speed>0.000</speed><sat>36</sat></trkpt>
  <trkpt lat="37.16160588" lon="38.79496567"><ele>540.023</ele><time>2026-09-19T16:12:41Z</time><speed>0.000</speed><sat>36</sat></trkpt>
  <trkpt lat="37.16160579" lon="38.79496569"><ele>540.028</ele><time>2026-09-19T16:12:42Z</time><speed>0.000</speed><sat>35</sat></trkpt>
  <trkpt lat="37.16160469" lon="38.79496544"><ele>540.285</ele><time>2026-09-19T16:12:43Z</time><speed>0.000</speed><sat>36</sat></trkpt>
  <trkpt lat="37.16160211" lon="38.79496748"><ele>539.574</ele><time>2026-09-19T16:12:44Z</time><speed>0.390</speed><sat>36</sat></trkpt>
  <trkpt lat="37.16159730" lon="38.79497341"><ele>539.843</ele><time>2026-09-19T16:12:45Z</time><speed>0.780</speed><sat>36</sat></trkpt>
  <trkpt lat="37.16159222" lon="38.79497766"><ele>539.135</ele><time>2026-09-19T16:12:46Z</time><speed>0.240</speed><sat>36</sat></trkpt>
  <trkpt lat="37.16159196" lon="38.79498064"><ele>539.450</ele><time>2026-09-19T16:12:47Z</time><speed>0.530</speed><sat>36</sat></trkpt>
  <trkpt lat="37.16159601" lon="38.79497925"><ele>539.103</ele><time>2026-09-19T16:12:48Z</time><speed>0.630</speed><sat>36</sat></trkpt>
  <trkpt lat="37.16160057" lon="38.79498004"><ele>538.636</ele><time>2026-09-19T16:12:49Z</time><speed>0.600</speed><sat>36</sat></trkpt>
  <trkpt lat="37.16159912" lon="38.79498267"><ele>538.680</ele><time>2026-09-19T16:12:50Z</time><speed>0.000</speed><sat>35</sat></trkpt>
  <trkpt lat="37.16159703" lon="38.79498390"><ele>538.678</ele><time>2026-09-19T16:12:51Z</time><speed>0.000</speed><sat>35</sat></trkpt>
  <trkpt lat="37.16159402" lon="38.79498639"><ele>538.522</ele><time>2026-09-19T16:12:52Z</time><speed>0.000</speed><sat>35</sat></trkpt>
  <trkpt lat="37.16159232" lon="38.79498670"><ele>538.475</ele><time>2026-09-19T16:12:53Z</time><speed>0.000</speed><sat>35</sat></trkpt>
  <trkpt lat="37.16159137" lon="38.79498626"><ele>538.427</ele><time>2026-09-19T16:12:54Z</time><speed>0.210</speed><sat>35</sat></trkpt>
  <trkpt lat="37.16159009" lon="38.79498358"><ele>537.522</ele><time>2026-09-19T16:12:55Z</time><speed>0.000</speed><sat>35</sat></trkpt>
  <trkpt lat="37.16158881" lon="38.79498024"><ele>538.091</ele><time>2026-09-19T16:12:56Z</time><speed>0.000</speed><sat>35</sat></trkpt>
  <trkpt lat="37.16158406" lon="38.79497792"><ele>538.439</ele><time>2026-09-19T16:12:57Z</time><speed>0.510</speed><sat>35</sat></trkpt>
  <trkpt lat="37.16157974" lon="38.79497636"><ele>538.677</ele><time>2026-09-19T16:12:58Z</time><speed>0.210</speed><sat>35</sat></trkpt>
  <trkpt lat="37.16157575" lon="38.79497483"><ele>539.492</ele><time>2026-09-19T16:12:59Z</time><speed>0.530</speed><sat>35</sat></trkpt>
  <trkpt lat="37.16157124" lon="38.79496884"><ele>539.526</ele><time>2026-09-19T16:13:00Z</time><speed>0.780</speed><sat>34</sat></trkpt>
  <trkpt lat="37.16156987" lon="38.79496536"><ele>539.184</ele><time>2026-09-19T16:13:01Z</time><speed>0.000</speed><sat>34</sat></trkpt>
  <trkpt lat="37.16157016" lon="38.79496327"><ele>539.574</ele><time>2026-09-19T16:13:02Z</time><speed>0.000</speed><sat>34</sat></trkpt>
  <trkpt lat="37.16157023" lon="38.79496430"><ele>539.551</ele><time>2026-09-19T16:13:03Z</time><speed>0.330</speed><sat>34</sat></trkpt>
  <trkpt lat="37.16156551" lon="38.79496465"><ele>539.412</ele><time>2026-09-19T16:13:04Z</time><speed>0.610</speed><sat>34</sat></trkpt>
  <trkpt lat="37.16156319" lon="38.79496225"><ele>539.242</ele><time>2026-09-19T16:13:05Z</time><speed>0.000</speed><sat>34</sat></trkpt>
  <trkpt lat="37.16156347" lon="38.79496079"><ele>539.235</ele><time>2026-09-19T16:13:06Z</time><speed>0.000</speed><sat>34</sat></trkpt>
  <trkpt lat="37.16156303" lon="38.79495706"><ele>538.835</ele><time>2026-09-19T16:13:07Z</time><speed>0.390</speed><sat>34</sat></trkpt>
  <trkpt lat="37.16156239" lon="38.79495234"><ele>537.551</ele><time>2026-09-19T16:13:08Z</time><speed>0.690</speed><sat>34</sat></trkpt>
  <trkpt lat="37.16156357" lon="38.79494244"><ele>537.228</ele><time>2026-09-19T16:13:09Z</time><speed>1.000</speed><sat>34</sat></trkpt>
  <trkpt lat="37.16156386" lon="38.79492727"><ele>537.174</ele><time>2026-09-19T16:13:10Z</time><speed>1.390</speed><sat>34</sat></trkpt>
 </trkseg>
</trk>

</gpx>
 